{
  "seed": 42,
  "intrinsics": {
    "width": 1280,
    "height": 720,
    "fx": 600.0,
    "fy": 600.0,
    "cx": 640.0,
    "cy": 360.0,
    "distortion": []
  },
  "conventions": "world Z-up X-forward (m) / camera OpenCV +Z optical / pose T_world_cam quat xyzw / corners TL->TR->BR->BL from approach side / body==camera — 전문은 README_stream.md",
  "windows": [
    {
      "order_index": 0,
      "color": "red",
      "center": [
        5.5479,
        -0.1834,
        1.8586
      ],
      "normal": [
        -0.969151,
        -0.246469,
        0.0
      ],
      "size_wh": [
        1.0789,
        0.8377
      ],
      "corners_3d": [
        [
          5.4149,
          0.3395,
          2.2774
        ],
        [
          5.6809,
          -0.7062,
          2.2774
        ],
        [
          5.6809,
          -0.7062,
          1.4398
        ],
        [
          5.4149,
          0.3395,
          1.4398
        ]
      ]
    },
    {
      "order_index": 1,
      "color": "green",
      "center": [
        11.0702,
        0.8582,
        1.1281
      ],
      "normal": [
        -0.975138,
        -0.221599,
        0.0
      ],
      "size_wh": [
        0.9802,
        0.9483
      ],
      "corners_3d": [
        [
          10.9616,
          1.3361,
          1.6023
        ],
        [
          11.1788,
          0.3803,
          1.6023
        ],
        [
          11.1788,
          0.3803,
          0.654
        ],
        [
          10.9616,
          1.3361,
          0.654
        ]
      ]
    },
    {
      "order_index": 2,
      "color": "blue",
      "center": [
        16.3579,
        0.9683,
        1.4434
      ],
      "normal": [
        -0.974033,
        0.226405,
        0.0
      ],
      "size_wh": [
        0.8909,
        1.0218
      ],
      "corners_3d": [
        [
          16.4588,
          1.4022,
          1.9543
        ],
        [
          16.2571,
          0.5344,
          1.9543
        ],
        [
          16.2571,
          0.5344,
          0.9325
        ],
        [
          16.4588,
          1.4022,
          0.9325
        ]
      ]
    }
  ]
}