t,x_ref,x_meas,pitch_deg
0,0,0,-0
0.002,0,1.35593028917498e-15,4.50609480099098e-12
0.004,0,3.45936491887329e-13,1.14961619728654e-09
0.006,0,3.94278738964736e-12,1.31026701404572e-08
0.008,0,2.14258611807965e-11,7.12023946777821e-08
0.01,0,8.4681734238023e-11,2.81413863426806e-07
0.012,0,2.28785504703213e-10,7.60297011733968e-07
0.014,0,5.65873776198218e-10,1.88049241746796e-06
0.016,0,1.23212623232037e-09,4.09450712714052e-06
0.018,0,2.32347241914629e-09,7.72105834850666e-06
0.02,0,4.21912534513943e-09,1.40200138672132e-05
0.022,0,7.46381751017827e-09,2.4800404701473e-05
0.024,0,1.19215004064442e-08,3.96091029801502e-05
0.026,0,1.7920527279205e-08,5.95363046283284e-05
0.028,0,2.79451577568345e-08,9.28219156871372e-05
0.03,0,3.92708939507198e-08,0.000130421264914553
0.032,0,5.65853791452513e-08,0.000187869495476448
0.034,0,7.79541847480736e-08,0.000258721856954277
0.036,0,1.06719622245036e-07,0.000354028482590233
0.038,0,1.38356594023316e-07,0.000458791571928324
0.04,0,1.84808969944874e-07,0.00061234437359021
0.042,0,2.31261345866433e-07,0.000765897175252096
0.044,0,2.96496311590437e-07,0.000981018946580404
0.046,0,3.69699436631989e-07,0.00122214117782441
0.048,0,4.57364620859051e-07,0.00151034010027234
0.05,0,5.61958250602982e-07,0.00185331657054782
0.052,0,6.83780191483985e-07,0.00225158074066467
0.054,0,8.21919600306095e-07,0.00270168489272996
0.056,0,9.77370425956431e-07,0.00320594982138543
0.058,0,1.14994180099296e-06,0.00376249303203821
0.06,0,1.34118216917763e-06,0.00437445241919033
0.062,0,1.54386773324653e-06,0.00501951907038557
0.064,0,1.76280189026605e-06,0.00571056425838778
0.066,0,2.00676666458825e-06,0.00646894671050614
0.068,0,2.2558370680574e-06,0.0072403235093946
0.07,0,2.54728846988992e-06,0.00811854552356353
0.072,0,2.83873987172244e-06,0.00899676753773247
0.074,0,3.142476835594e-06,0.00990417363082339
0.076,0,3.50477846891863e-06,0.0109506987914772
0.078,0,3.86708010224325e-06,0.011997223952131
0.08,0,4.25349397976502e-06,0.0130982416757458
0.082,0,4.71104969771871e-06,0.0143600366869161
0.084,0,5.1686054156724e-06,0.0156218316980864
0.086,0,5.6566414517737e-06,0.0169504730196031
0.088,0,6.20576532997123e-06,0.0184130859365403
0.09,0,6.80202991188761e-06,0.019975981100492
0.092,0,7.44819653272614e-06,0.0216426352848204
0.094,0,8.15431259244609e-06,0.0234261524968675
0.096,0,8.90512168914489e-06,0.0252814972195932
0.098,0,9.69529420324435e-06,0.0271718669745597
0.1,0,1.05064826023164e-05,0.029031764117462
0.102,0,1.13189130447575e-05,0.0307892314349235
0.104,0,1.21115755334212e-05,0.0323668109416878
0.106,0,1.286300230195e-05,0.0336865182346148
0.108,0,1.3552849038956e-05,0.0346754407772589
0.11,0,1.41513086060364e-05,0.0352141871385707
0.112,0,1.46625163707205e-05,0.0353416638767798
0.114,0,1.50569114722241e-05,0.0349317915401282
0.116,0,1.53485992428845e-05,0.0340536675703295
0.118,0,1.5550978895661e-05,0.0327659294922799
0.12,0,1.56624858546391e-05,0.0310510621487559
0.122,0,1.5710240988919e-05,0.0290127171975667
0.124,0,1.57253456378378e-05,0.0267619093629122
0.126,0,1.57518330121855e-05,0.0244483284459073
0.128,0,1.58394034401388e-05,0.0222537142044795
0.13,0,1.60396195765639e-05,0.020357485321655
0.132,0,1.64045417348734e-05,0.0189394425068346
0.134,0,1.69825469398457e-05,0.0181653526115562
0.136,0,1.78138766620201e-05,0.0181716835209081
0.138,0,1.89264177240047e-05,0.0190511988591385
0.14,0,2.03568903928782e-05,0.0209167431191278
0.142,0,2.20373530693741e-05,0.0235512672313435
0.144,0,2.39919888557282e-05,0.0270159490170827
0.146,0,2.61832815486712e-05,0.0311655507529263
0.148,0,2.85069342525061e-05,0.0356592883308629
0.15,0,3.09103603264537e-05,0.0402848919095792
0.152,0,3.32897018928021e-05,0.0446998007249924
0.154,0,3.55340554936502e-05,0.0485056344671372
0.156,0,3.75422141210191e-05,0.0513582418074319
0.158,0,3.92068956945828e-05,0.0528900307901776
0.16,0,4.04281684178314e-05,0.0527630672208433
0.162,0,4.11214632094146e-05,0.0506964042740023
0.164,0,4.12373962745111e-05,0.0465356029082665
0.166,0,4.07453187862988e-05,0.040190753614134
0.168,0,3.9615196022374e-05,0.0315752531088705
0.17,0,3.79763969847146e-05,0.0211639976231675
0.172,0,3.59105477140095e-05,0.00925794008651968
0.174,0,3.35920266228749e-05,-0.00351972024835284
0.176,0,3.12168085197942e-05,-0.0164765282794093
0.178,0,2.90349479978033e-05,-0.0287295983619654
0.18,0,2.72662846050435e-05,-0.039512927989506
0.182,0,2.61933623422429e-05,-0.047840266291043
0.184,0,2.59942256569804e-05,-0.0531009102805362
0.186,0,2.6859022323302e-05,-0.0546433382719014
0.188,0,2.90261412658435e-05,-0.0516583590376307
0.19,0,3.24546505268639e-05,-0.0443119388183223
0.192,0,3.72060315423479e-05,-0.032419185146336
0.194,0,4.33661791540923e-05,-0.0157272801138274
0.196,0,5.07640034856606e-05,0.0051304357627891
0.198,0,5.92607593257712e-05,0.0296246016249985
0.2,0,6.86247824953111e-05,0.0569037667333318
0.202,0,7.85592808517799e-05,0.0858871080043331
0.204,0,8.8681358030665e-05,0.115216193096849
0.206,0,9.85826648685232e-05,0.143443802990723
0.208,0,0.000107829264026262,0.169049039917647
0.21,0,0.000115918889188028,0.190268216006472
0.212,0,0.00012256684757088,0.20614893073329
0.214,0,0.000127293376277826,0.215015449724679
0.216,0,0.00012988889824136,0.216181375601748
0.218,0,0.000130211391175639,0.209195284148313
0.22,0,0.000128261901000425,0.194113851344142
0.222,0,0.000123985071314174,0.170791827976038
0.224,0,0.000117582919548493,0.13999618915308
0.226,0,0.000109148716068875,0.102112234234419
0.228,0,9.89950267268484e-05,0.058292388620852
0.23,0,8.73918204436405e-05,0.009536960028543
0.232,0,7.46342255517559e-05,-0.043066717608864
0.234,0,6.10495868411479e-05,-0.0983215115584103
0.236,0,4.69912103312158e-05,-0.154942326158505
0.238,0,3.28182623139119e-05,-0.21166539712661
0.24,0,1.89598868259191e-05,-0.266895691498155
0.242,0,5.65745242952152e-06,-0.319870116088419
0.244,0,-6.60166172396372e-06,-0.368800048858976
0.246,0,-1.74378343944634e-05,-0.412366620988946
0.248,0,-2.65082836564991e-05,-0.449373065879167
0.25,0,-3.35331172789056e-05,-0.478845333932446
0.252,0,-3.82565869103734e-05,-0.499887858509367
0.254,0,-4.05423222206705e-05,-0.512034868982372
0.256,0,-4.00422827494879e-05,-0.51404445700722
0.258,0,-3.69207212197211e-05,-0.506531373275062
0.26,0,-3.11189839430452e-05,-0.489290960684825
0.262,0,-2.27374905341198e-05,-0.462688507603171
0.264,0,-1.19530030247792e-05,-0.427358846489404
0.266,0,9.48343077559134e-07,-0.384327798559574
0.268,0,1.57501455638193e-05,-0.334362660050233
0.27,0,3.20938197362669e-05,-0.278742624060666
0.272,0,4.9574739673287e-05,-0.218915419489555
0.274,0,6.78250884633269e-05,-0.156193235691713
0.276,0,8.64593239665077e-05,-0.0919554841335312
0.278,0,0.00010513682215332,-0.0274241733149314
0.28,0,0.000123505000045607,0.0361350955277778
0.282,0,0.000141250887325779,0.0975888810809952
0.284,0,0.000158087089106674,0.155884651926299
0.286,0,0.000173857680073938,0.210426710090706
0.288,0,0.000188352580894821,0.260425515858634
0.29,0,0.000201330751608467,0.304968089997164
0.292,0,0.000212764422235427,0.343906918278865
0.294,0,0.000222500624887087,0.376644917640451
0.296,0,0.000230213249646414,0.401945724625491
0.298,0,0.000236081774145555,0.420435470271892
0.3,0,0.000239768683629765,0.430841962177498
0.302,0,0.000241162117252043,0.432730391045808
0.304,0,0.000240262687712853,0.426092844899247
0.306,0,0.000237055960715023,0.410869059959802
0.308,0,0.000231509783105234,0.386932761320345
0.31,0,0.000223721268543128,0.354636940951802
0.312,0,0.000213743711621833,0.314164643686637
0.314,0,0.000201972992913031,0.266972394700464
0.316,0,0.00018866216013864,0.213977444982843
0.318,0,0.000174173517817282,0.156501087412351
0.32,0,0.000158905273642458,0.0959973831374632
0.322,0,0.000143273342502114,0.0339883404868059
0.324,0,0.000127679420068749,-0.0280472572023697
0.326,0,0.000112548387911064,-0.0885521063565514
0.328,0,9.82518139821689e-05,-0.146139028524181
0.33,0,8.50794273390332e-05,-0.199712389967315
0.332,0,7.33482882320422e-05,-0.248068490232305
0.334,0,6.33099776865506e-05,-0.290229245793793
0.336,0,5.50737998278863e-05,-0.325730716292403
0.338,0,4.88168942748192e-05,-0.353852751609503
0.34,0,4.46293522539189e-05,-0.37418792836311
0.342,0,4.25010192267859e-05,-0.386701401147255
0.344,0,4.2561677180875e-05,-0.39081181485175
0.346,0,4.4610136639339e-05,-0.387200129498953
0.348,0,4.85502080115767e-05,-0.376138029034209
0.35,0,5.41892360904049e-05,-0.358253559402864
0.352,0,6.11849838438035e-05,-0.334756696378233
0.354,0,6.92556872192989e-05,-0.306580622539482
0.356,0,7.79685848315408e-05,-0.275238106756044
0.358,0,8.68734725866698e-05,-0.242325284415073
0.36,0,9.55489853054249e-05,-0.209336466608934
0.362,0,0.000103553614064719,-0.177796523939065
0.364,0,0.000110493230835762,-0.149115981970899
0.366,0,0.000116036029835591,-0.12448192832208
0.368,0,0.000119981523490761,-0.104657376122861
0.37,0,0.00012204924277028,-0.090633617552583
0.372,0,0.000122247878544821,-0.0824864978870069
0.374,0,0.000120477679922831,-0.0806095314323583
0.376,0,0.000116776725882388,-0.0849450340746337
0.378,0,0.000111053560691679,-0.0958408013225802
0.38,0,0.000103559077302342,-0.112513709369284
0.382,0,9.43204278907057e-05,-0.134886129653279
0.384,0,8.35667322053159e-05,-0.162193200015665
0.386,0,7.16414017819707e-05,-0.193279285942116
0.388,0,5.87884051571457e-05,-0.227294489537588
0.39,0,4.5357782666586e-05,-0.263013220412356
0.392,0,3.17481436527328e-05,-0.299054979348779
0.394,0,1.83482222914723e-05,-0.334051235418005
0.396,0,5.52990326464365e-06,-0.366695538811096
0.398,0,-6.37645457503216e-06,-0.395818968614372
0.4,0,-1.70348333184871e-05,-0.420216594531504
0.402,0,-2.61596254681905e-05,-0.438856925134793
0.404,0,-3.36901865429664e-05,-0.451527916604715
0.406,0,-3.94257712069182e-05,-0.457474626293913
0.408,0,-4.32772920176493e-05,-0.456341512435063
0.41,0,-4.5279826549354e-05,-0.44822256087471
0.412,0,-4.54063120154712e-05,-0.432950959500533
0.414,0,-4.38861254649936e-05,-0.411323495231235
0.416,0,-4.07313477487367e-05,-0.383281596191282
0.418,0,-3.62095938899232e-05,-0.349754882402843
0.42,0,-3.05012776421997e-05,-0.311331716595338
0.422,0,-2.38047373498144e-05,-0.268644379987378
0.424,0,-1.64342323724628e-05,-0.222833020506342
0.426,0,-8.63307232764883e-06,-0.174749667910606
0.428,0,-6.66960810386711e-07,-0.125330904905121
0.43,0,7.19778780766328e-06,-0.0755767997374957
0.432,0,1.470095308157e-05,-0.0264422450364716
0.434,0,2.16116619339198e-05,0.0211798458286877
0.436,0,2.76192630410553e-05,0.0661660257470538
0.438,0,3.25266084659737e-05,0.107728406336754
0.44,0,3.61642707837039e-05,0.145193255811622
0.442,0,3.82489025117316e-05,0.177510048693879
0.444,0,3.87399394545673e-05,0.204426615850724
0.446,0,3.75388598622532e-05,0.225509608876785
0.448,0,3.46612973518242e-05,0.240716112625029
0.45,0,3.00955902393497e-05,0.249898838760363
0.452,0,2.3970333753462e-05,0.253401805344474
0.454,0,1.64234510186631e-05,0.251597250492418
0.456,0,7.65037167450239e-06,0.245064897685828
0.458,0,-2.14855541556264e-06,0.234395878058974
0.46,0,-1.27688804146277e-05,0.220194590402338
0.462,0,-2.39655529040615e-05,0.203272023408639
0.464,0,-3.55621191329136e-05,0.184151133664285
0.466,0,-4.73537581702387e-05,0.163519611796021
0.468,0,-5.91504186127286e-05,0.142018825002928
0.47,0,-7.07543051730589e-05,0.120328826089527
0.472,0,-8.19760581105841e-05,0.0991501848989941
0.474,0,-9.26278944002047e-05,0.0791624388548364
0.476,0,-0.000102446876499244,0.0612603021290562
0.478,0,-0.000111323002287262,0.0459407507105344
0.48,0,-0.000118984885217177,0.0341310998781957
0.482,0,-0.000125335035153039,0.0262608190196925
0.484,0,-0.000130239532196301,0.0228480540927913
0.486,0,-0.000133616487833302,0.0242447745312265
0.488,0,-0.00013551323901208,0.0303769779867017
0.49,0,-0.000135910903990796,0.0413694923269979
0.492,0,-0.000134912917933723,0.056938989577209
0.494,0,-0.000132657174230636,0.0766767944550402
0.496,0,-0.000129303493552438,0.100093348695675
0.498,0,-0.000125065680431633,0.126509096483419
0.5,0,-0.000120220919419113,0.155015859931459
0.502,0,-0.000114974208765844,0.184939957850846
0.504,0,-0.000109611529212645,0.21530476003486
0.506,0,-0.000104391853536366,0.245207455559322
0.508,0,-9.96048913097741e-05,0.273614819368158
0.51,0,-9.54516256101641e-05,0.299791984355653
0.512,0,-9.22152319340497e-05,0.322707602951631
0.514,0,-9.01511723969217e-05,0.341411993684531
0.516,0,-8.93743992723029e-05,0.355451146957188
0.518,0,-9.01258343915814e-05,0.363893952112946
0.52,0,-9.23712850189673e-05,0.36679795853631
0.522,0,-9.62298319978792e-05,0.363644717784634
0.524,0,-0.000101697057175088,0.354359625221794
0.526,0,-0.000108730635045327,0.339004492169036
0.528,0,-0.000117282602380001,0.317655848528255
0.53,0,-0.000127305643038576,0.290361393173482
0.532,0,-0.000138514075839798,0.258139523555675
0.534,0,-0.000150800071625912,0.221282903723926
0.536,0,-0.000163950212103356,0.180484390007422
0.538,0,-0.000177641906686281,0.136888813947106
0.54,0,-0.000191545370909018,0.0916565504872217
0.542,0,-0.000205314111061231,0.0460564967327757
0.544,0,-0.000218575385155009,0.00140964522355099
0.546,0,-0.000230957624027934,-0.0409173827787628
0.548,0,-0.000242160159762126,-0.0797843041960203
0.55,0,-0.000251925050368789,-0.114209210214614
0.552,0,-0.000259888606513697,-0.142863983313437
0.554,0,-0.000266095071813883,-0.165744584616843
0.556,0,-0.000270289969233489,-0.18187909991978
0.558,0,-0.000272504665150049,-0.191235726768448
0.56,0,-0.000272803812638743,-0.193914838271556
0.562,0,-0.000271145498188913,-0.189635727420559
0.564,0,-0.00026766745455227,-0.178743329847936
0.566,0,-0.000262582262021063,-0.161871704318103
0.568,0,-0.000256026320396124,-0.139386175852668
0.57,0,-0.000248197990265273,-0.111884351245684
0.572,0,-0.000239354933782386,-0.0802019325312776
0.574,0,-0.000229806316620539,-0.0453799038130899
0.576,0,-0.000219869820902211,-0.00853616697448829
0.578,0,-0.000209855727742057,0.0292522547902381
0.58,0,-0.000200108814329635,0.0667609868492268
0.582,0,-0.000190921231450189,0.102882713812794
0.584,0,-0.000182662398287705,0.136307160816185
0.586,0,-0.000175589332350911,0.166036119490435
0.588,0,-0.000169942158014242,0.191160977404281
0.59,0,-0.000166098538322891,0.210309616759921
0.592,0,-0.000164081444226302,0.223285708307342
0.594,0,-0.000164023161002549,0.229548666006174
0.596,0,-0.000166013576888729,0.228694809039945
0.598,0,-0.000170124668565493,0.220371454888527
0.6,0,-0.000176117981852605,0.205322420369156
0.602,0,-0.000183919088637375,0.183710943155731
0.604,0,-0.000193338536319115,0.1561090305855
0.606,0,-0.000204179528667375,0.123108953189923
0.608,0,-0.000216189280516961,0.0855191200135241
0.61,0,-0.000229084744928703,0.0442696691242715
0.612,0,-0.00024256571471648,0.000388568968482261
0.614,0,-0.000256343362410387,-0.0451278184892812
0.616,0,-0.000270119297420929,-0.0912143673949622
0.618,0,-0.000283633019562526,-0.136876879061977
0.62,0,-0.000296625995933883,-0.181155169926892
0.622,0,-0.000308821760807803,-0.223000509686652
0.624,0,-0.000320006366432879,-0.261553057477265
0.626,0,-0.00032992345821806,-0.295815678776322
0.628,0,-0.000338306271444858,-0.324746165169615
0.63,0,-0.000345037408130981,-0.347831809847627
0.632,0,-0.0003499177149456,-0.364274255825659
0.634,0,-0.000352787962502408,-0.373405512463192
0.636,0,-0.000353656058581767,-0.375158984749226
0.638,0,-0.000352524224638456,-0.369447601623277
0.64,0,-0.000349446020935846,-0.356364565237651
0.642,0,-0.000344536104998192,-0.336220641638832
0.644,0,-0.00033794862489287,-0.309466942186792
0.646,0,-0.000329902528993539,-0.276794230806275
0.648,0,-0.000320646415154185,-0.238997001550014
0.65,0,-0.000310500964849864,-0.197177556113187
0.652,0,-0.00029974942071265,-0.152296966285923
0.654,0,-0.000288711263434513,-0.105472617644586
0.656,0,-0.000277718177947182,-0.0578780927824364
0.658,0,-0.000267055476297331,-0.0106328408731654
0.66,0,-0.000257004946103533,0.0352233114643355
0.662,0,-0.000247819470286538,0.078700908006943
0.664,0,-0.000239775605033087,0.118736563811749
0.666,0,-0.000233136730277722,0.154283397567952
0.668,0,-0.000228017070120816,0.184789131130414
0.67,0,-0.000224591643402398,0.209514320679112
0.672,0,-0.000223009467900987,0.227789440340756
0.674,0,-0.000223295521991414,0.239364655483898
0.676,0,-0.000225431120379122,0.244151668452097
0.678,0,-0.000229351632019542,0.24223148978509
0.68,0,-0.000234925593338519,0.233941212147009
0.682,0,-0.000242073421016355,0.219406798993987
0.684,0,-0.000250546178563107,0.199417887264417
0.686,0,-0.000260126558201721,0.174639165612538
0.688,0,-0.000270509692875697,0.146064852992236
0.69,0,-0.000281315493277488,0.115074181296404
0.692,0,-0.000292225668271169,0.0827344675972041
0.694,0,-0.000302867079734479,0.0503734015774278
0.696,0,-0.000312881892862999,0.0192982008097894
0.698,0,-0.000321926163150137,-0.00924288636091377
0.7,0,-0.000329652406909757,-0.0339729666456974
0.702,0,-0.000335896660477263,-0.054195907567796
0.704,0,-0.00034041019193799,-0.0689776381129913
0.706,0,-0.000343008412337103,-0.0775630404403622
0.708,0,-0.00034372251172985,-0.079909539518742
0.71,0,-0.000342479888358161,-0.0756374903530529
0.712,0,-0.000339316437045421,-0.0647285929604654
0.714,0,-0.000334398041229937,-0.0476278304212305
0.716,0,-0.000327734458193408,-0.0242329073043649
0.718,0,-0.000319600358533679,0.00459087189689915
0.72,0,-0.000310152148479261,0.0383845441308847
0.722,0,-0.000299644870467328,0.0763022835762264
0.724,0,-0.000288332199173472,0.117504582949164
0.726,0,-0.000276581906130162,0.160684821477431
0.728,0,-0.000264726543993876,0.204663646031003
0.73,0,-0.00025313309203182,0.248106967272974
0.732,0,-0.00024215367030458,0.289713823540159
0.734,0,-0.000232152011231421,0.328134754169219
0.736,0,-0.000223415773380538,0.36227023064523
0.738,0,-0.000216210169438751,0.391096485404819
0.74,0,-0.000210844272794605,0.4134152287761
0.742,0,-0.000207314357151161,0.429124235483783
0.744,0,-0.000205831543957346,0.437335522444637
0.746,0,-0.000206367893189333,0.438009733118954
0.748,0,-0.000208876331084601,0.431164653806698
0.75,0,-0.000213195791170311,0.417237786330774
0.752,0,-0.000219195987253241,0.396546768729224
0.754,0,-0.000226759657066632,0.369302978463851
0.756,0,-0.000235533922031443,0.336729429800365
0.758,0,-0.000245350191661255,0.29925816905755
0.76,0,-0.000255903607146158,0.257890614693526
0.762,0,-0.000266875547553135,0.213763026995323
0.764,0,-0.000277975232414055,0.167882049195151
0.766,0,-0.0002888850758203,0.121354377623765
0.768,0,-0.000299340706700533,0.0752694121186415
0.77,0,-0.000309066767500398,0.0306542322208397
0.772,0,-0.000317746685332717,-0.0113082774458076
0.774,0,-0.000325216991684059,-0.0498455734817252
0.776,0,-0.000331199261053194,-0.0839002867352326
0.778,0,-0.000335460418339338,-0.112521042813305
0.78,0,-0.000337886506191869,-0.135138404308044
0.782,0,-0.00033839747228934,-0.151324601718075
0.784,0,-0.000336930330790157,-0.16070942377862
0.786,0,-0.000333567652460691,-0.163432605449
0.788,0,-0.000328348818822223,-0.159487344573697
0.79,0,-0.000321450178411392,-0.149351681801856
0.792,0,-0.000313078344262289,-0.133620601408855
0.794,0,-0.000303410558215891,-0.112765313927517
0.796,0,-0.000292694820217466,-0.0874989959584704
0.798,0,-0.000281291414634845,-0.0590713804907893
0.8,0,-0.000269405246159578,-0.0280460476559546
0.802,0,-0.000257343366143786,0.0045465158881101
0.804,0,-0.000245378245364626,0.0376670662274858
0.806,0,-0.000233753757091372,0.0704733511134653
0.808,0,-0.000222714673965866,0.102052272095818
0.81,0,-0.000212496436103192,0.13150040861697
0.812,0,-0.000203336166844908,0.157902429370541
0.814,0,-0.00019547950743155,0.180291459759312
0.816,0,-0.000189084017025958,0.197977688173708
0.818,0,-0.000184274549410411,0.210394793049832
0.82,0,-0.000181242716885693,0.216737543430514
0.822,0,-0.000179969728962802,0.216920780494783
0.824,0,-0.000180534481168574,0.210520277478377
0.826,0,-0.000182775079183388,0.197976197994052
0.828,0,-0.00018662449555178,0.179393350669655
0.83,0,-0.000191932998837765,0.155176217518042
0.832,0,-0.000198535820353789,0.125772944413962
0.834,0,-0.000206172682558319,0.0920023861100081
0.836,0,-0.000214557878844201,0.0548011715434309
0.838,0,-0.000223411475693065,0.015096171445032
0.84,0,-0.000232426928733104,-0.0260556645271852
0.842,0,-0.000241271579598123,-0.0674842051343588
0.844,0,-0.000249662633348893,-0.108094355368496
0.846,0,-0.000257307360700625,-0.146808062135565
0.848,0,-0.000263950561229434,-0.182630257178144
0.85,0,-0.000269247548007749,-0.214274632159908
0.852,0,-0.000273130697304837,-0.241335786398996
0.854,0,-0.000275296559693089,-0.262642306895331
0.856,0,-0.000275637714082861,-0.27764344778848
0.858,0,-0.00027421216622505,-0.286371616332825
0.86,0,-0.00027090397232168,-0.288238470936682
0.862,0,-0.00026579446121148,-0.28334894547966
0.864,0,-0.000258983725447999,-0.271887111322849
0.866,0,-0.000250613696481189,-0.254207731071997
0.868,0,-0.000240756176864968,-0.230362984590889
0.87,0,-0.000229743517051505,-0.201497748447999
0.872,0,-0.000217712008274005,-0.167923897550714
0.874,0,-0.000204992131130432,-0.130768481676997
0.876,0,-0.000191920112677404,-0.0912173380941786
0.878,0,-0.000178832861521109,-0.0504657807878513
0.88,0,-0.000166094037517064,-0.00981073316963133
0.882,0,-0.000154046191377952,0.0294614128750892
0.884,0,-0.000143061762498847,0.0659951958503755
0.886,0,-0.000133419706771167,0.0986789608140662
0.888,0,-0.000125330904118992,0.126652858668679
0.89,0,-0.000119086071649507,0.148804342162353
0.892,0,-0.000114757242251279,0.164699532924231
0.894,0,-0.000112381061324144,0.174033354647622
0.896,0,-0.000111968229964068,0.176589047778557
0.898,0,-0.000113453383838521,0.172406702300059
0.9,0,-0.000116755439395324,0.161574629502868
0.902,0,-0.000121697956036149,0.144531049348653
0.904,0,-0.000128103886561913,0.121722437987732
0.906,0,-0.000135732530849128,0.0938708693698801
0.908,0,-0.000144362082093691,0.0616416898012012
0.91,0,-0.000153719127004845,0.0258870462532122
0.912,0,-0.000163460359322524,-0.0121693149991121
0.914,0,-0.000173283162212681,-0.0514790693591654
0.916,0,-0.00018285351665892,-0.0908432750130459
0.918,0,-0.000191841704100681,-0.129025783718642
0.92,0,-0.000199977504846145,-0.164957185815669
0.922,0,-0.000206896415748989,-0.197286197228943
0.924,0,-0.000212356684419105,-0.225025756117876
0.926,0,-0.000216176459465922,-0.247404788996844
0.928,0,-0.000218062250625605,-0.263272549348547
0.93,0,-0.000217984417690311,-0.272364529492143
0.932,0,-0.000215873908055166,-0.274296735602008
0.934,0,-0.000211699778746465,-0.26880821014014
0.936,0,-0.000205548932377565,-0.256051462981032
0.938,0,-0.000197591873636225,-0.236484881616283
0.94,0,-0.00018804077250797,-0.210726506965886
0.942,0,-0.000177031885213267,-0.179062193316419
0.944,0,-0.000164945056851824,-0.14279245772731
0.946,0,-0.000151968983312894,-0.102404426245156
0.948,0,-0.000138439807281711,-0.0590133781037547
0.95,0,-0.000124681894623584,-0.0137881533846968
0.952,0,-0.000110988385833213,0.0323032531645136
0.954,0,-9.76328854589205e-05,0.0781806505547621
0.956,0,-8.48714276441528e-05,0.1228860492643
0.958,0,-7.29966729848278e-05,0.165316843418027
0.96,0,-6.22123517649761e-05,0.204593292151099
0.962,0,-5.28179238489798e-05,0.239540784912062
0.964,0,-4.49090857769412e-05,0.269642396528352
0.966,0,-3.8778723028584e-05,0.293730089365464
0.968,0,-3.45154909064487e-05,0.311311715777784
0.97,0,-3.21932100861868e-05,0.321953481707863
0.972,0,-3.17727099664569e-05,0.325639863924335
0.974,0,-3.33260521094124e-05,0.321930734923487
0.976,0,-3.66808572783633e-05,0.311289682609755
0.978,0,-4.16888564070011e-05,0.294089321153818
0.98,0,-4.81389397042212e-05,0.270947016244105
0.982,0,-5.58572533463382e-05,0.242289639908158
0.984,0,-6.45227620829053e-05,0.209158431351398
0.986,0,-7.38363456119681e-05,0.172543117048358
0.988,0,-8.35025507808888e-05,0.133419626928375
0.99,0,-9.32075189374934e-05,0.0929047726185785
0.992,0,-0.000102645300669393,0.0520743681833278
0.994,0,-0.000111543483692615,0.0119877373730006
0.996,0,-0.000119642430818026,-0.0263528928960267
0.998,0,-0.000126712053710858,-0.0620213361555081
1,0,-0.000132476409908098,-0.0939539767552101
1.002,0,-0.000136737565196884,-0.121295825746326
1.004,0,-0.000139318067419466,-0.143261503848619
1.006,0,-0.000140161267200686,-0.15946692441938
1.008,0,-0.000139151476236759,-0.169332350675381
1.01,0,-0.000136318664525898,-0.172774423619434
1.012,0,-0.000131655478273683,-0.169580553705464
1.014,0,-0.000125300541646824,-0.160074340042287
1.016,0,-0.000117377814727433,-0.144536752921743
1.018,0,-0.00010803679515089,-0.123346077914139
1.02,0,-9.74774418837522e-05,-0.0970700339689377
1.022,0,-8.59599546830056e-05,-0.0665172083994467
1.024,0,-7.38049879800039e-05,-0.0327867151411171
1.026,0,-6.13117758656404e-05,0.00313687517790852
1.028,0,-4.88302415332768e-05,0.0400169127256832
1.03,0,-3.67063202248434e-05,0.0765950284615383
1.032,0,-2.52613552865732e-05,0.111680106422363
1.034,0,-1.47914964648001e-05,0.144146231530081
1.036,0,-5.63136988845363e-06,0.172745812096432
1.038,0,2.0062113656643e-06,0.196592018456317
1.04,0,7.954498806959e-06,0.214964005407179
1.042,0,1.20127483610721e-05,0.227008587205886
1.044,0,1.42362436135121e-05,0.232720417951293
1.046,0,1.46254646321495e-05,0.231929042791632
1.048,0,1.30735220102996e-05,0.224040119769217
1.05,0,9.83863709362969e-06,0.209790122779906
1.052,0,5.0346546058961e-06,0.189412629172796
1.054,0,-1.25729464810081e-06,0.162978455575043
1.056,0,-8.76626579913521e-06,0.131340466089154
1.058,0,-1.72633223204395e-05,0.0952045800402333
1.06,0,-2.64839190883136e-05,0.0554080285310694
1.062,0,-3.60859989754258e-05,0.0131672156482477
1.064,0,-4.57469422975669e-05,-0.030346142667702
1.066,0,-5.51275567725782e-05,-0.0739189264423791
1.068,0,-6.38845137468705e-05,-0.116249051298046
1.07,0,-7.16895552247295e-05,-0.156082434224338
1.072,0,-7.82273914630717e-05,-0.192185029929535
1.074,0,-8.32333496600003e-05,-0.223496891010137
1.076,0,-8.64769578577825e-05,-0.249068582276731
1.078,0,-8.77604701460062e-05,-0.268040670492789
1.08,0,-8.70969608501994e-05,-0.28027350720032
1.082,0,-8.4380691118891e-05,-0.285215081143787
1.084,0,-7.96785025423052e-05,-0.282907466320543
1.086,0,-7.3145515882443e-05,-0.273717347422206
1.088,0,-6.48692902498216e-05,-0.257748697342096
1.09,0,-5.50530274445806e-05,-0.235526022595164
1.092,0,-4.39598853995435e-05,-0.207822762809791
1.094,0,-3.18692587954132e-05,-0.175538427114087
1.096,0,-1.89709081888505e-05,-0.139103922353832
1.098,0,-5.65356029430502e-06,-0.0999768661481091
1.1,0,7.81625568231965e-06,-0.0589710712182862
1.102,0,2.11181013983129e-05,-0.0172626979555713
1.104,0,3.396928878249e-05,0.0240526470760563
1.106,0,4.60778239005924e-05,0.0638865595849495
1.108,0,5.71215612207708e-05,0.101013018218311
1.11,0,6.69031494906503e-05,0.134533734531229
1.112,0,7.51974723720694e-05,0.163527803839568
1.114,0,8.17162040598426e-05,0.186850955453983
1.116,0,8.63348293148348e-05,0.203866236506773
1.118,0,8.90497716939551e-05,0.214373072248777
1.12,0,8.98376492997716e-05,0.21812493552635
1.122,0,8.86093108806452e-05,0.214621872167972
1.124,0,8.55796115104329e-05,0.204454442800538
1.126,0,8.08734443249076e-05,0.187891377906972
1.128,0,7.47064161020291e-05,0.165539772285321
1.13,0,6.72740906111281e-05,0.137908402182779
1.132,0,5.88694228300999e-05,0.10589631320585
1.134,0,4.97905408801413e-05,0.0704464524219456
1.136,0,4.03456286180906e-05,0.0326170318290678
1.138,0,3.08288997813788e-05,-0.00665835004710876
1.14,0,2.15314853778467e-05,-0.0462554513104526
1.142,0,1.27112386273457e-05,-0.0852266399125728
1.144,0,4.6446882572268e-06,-0.122541530584614
1.146,0,-2.44494775048858e-06,-0.157279309186678
1.148,0,-8.29783531699946e-06,-0.188412664667478
1.15,0,-1.27299085123182e-05,-0.215129930478797
1.152,0,-1.55119937852203e-05,-0.236473507722179
1.154,0,-1.65739197816648e-05,-0.252011753557165
1.156,0,-1.57801644534871e-05,-0.26109643374714
1.158,0,-1.30770980939393e-05,-0.263353132272479
1.16,0,-8.5621195434254e-06,-0.258962602700044
1.162,0,-2.21852882965112e-06,-0.247690491281228
1.164,0,5.81052199153514e-06,-0.229889453042909
1.166,0,1.53151875019404e-05,-0.206182059699999
1.168,0,2.61657953661691e-05,-0.176850582528948
1.17,0,3.80759898265885e-05,-0.142800674288167
1.172,0,5.075417975382e-05,-0.104958033508564
1.174,0,6.38742604969454e-05,-0.0644779785412712
1.176,0,7.71461754804759e-05,-0.0222850142728291
1.178,0,9.02253540737858e-05,0.0203799599039338
1.18,0,0.000102820750860768,0.0624025127265838
1.182,0,0.000114642358142627,0.102702995792859
1.184,0,0.000125420761127273,0.140231378724993
1.186,0,0.000134847206464217,0.173807780691011
1.188,0,0.00014285377796887,0.20297990028306
1.19,0,0.000149130857684798,0.226555924194462
1.192,0,0.000153579333446759,0.243979060332794
1.194,0,0.000156181362044569,0.254969768405706
1.196,0,0.000156980808247338,0.259482760099258
1.198,0,0.00015589648276826,0.25700033968549
1.2,0,0.000153135864560811,0.248070844993406
1.202,0,0.00014879377021105,0.23283323620543
1.204,0,0.000143039721342716,0.211718400141266
1.206,0,0.000136059838513718,0.185218632942085
1.208,0,0.000128108944583523,0.154131810918816
1.21,0,0.000119453378695114,0.11926178692918
1.212,0,0.000110456072770186,0.0819639798671418
1.214,0,0.00010142158377011,0.0432575302680187
1.216,0,9.27059608925048e-05,0.00442981880274629
1.218,0,8.46369277599592e-05,-0.0332614994638452
1.22,0,7.75118125267514e-05,-0.0686662036158778
1.222,0,7.16922403962415e-05,-0.100443768955934
1.224,0,6.74308931269051e-05,-0.127563903824099
1.226,0,6.48418658198278e-05,-0.149456155038464
1.228,0,6.42116024751622e-05,-0.164997618456621
1.23,0,6.55520335366e-05,-0.173935229425851
1.232,0,6.87967095387085e-05,-0.17630726176927
1.234,0,7.40087396632536e-05,-0.171690967274837
1.236,0,8.09977564680892e-05,-0.160552423929998
1.238,0,8.95983141202275e-05,-0.14329601897246
1.24,0,9.97113675807113e-05,-0.120055038083582
1.242,0,0.000111105662717843,-0.0914725491451433
1.244,0,0.000123473408126756,-0.0585733168103904
1.246,0,0.00013663684673167,-0.0217923589585533
1.248,0,0.000150229915753128,0.017544831841826
1.25,0,0.000163958746850393,0.058420629519936
1.252,0,0.000177488495602557,0.0996594744336085
1.254,0,0.000190513757696526,0.140054647042622
1.256,0,0.000202714134533283,0.178409089608992
1.258,0,0.000213735799094942,0.213374846811159
1.26,0,0.000223367041630266,0.244036333174524
1.262,0,0.000231361034911433,0.269398395941256
1.264,0,0.000237473962772585,0.288453440152148
1.266,0,0.000241591933772078,0.300617038480909
1.268,0,0.000243730344812066,0.305768961867091
1.27,0,0.000243811079222367,0.30344680564038
1.272,0,0.000241909153684898,0.293715403998875
1.274,0,0.00023824172718697,0.277177969158496
1.276,0,0.000232956423408565,0.254172598575175
1.278,0,0.000226271338808534,0.225295836496822
1.28,0,0.000218461078951278,0.191399580512008
1.282,0,0.000209748801073825,0.153091713868521
1.284,0,0.000200489402717085,0.111581380830685
1.286,0,0.000190987203808118,0.0679247408042347
1.288,0,0.000181554862415071,0.023186548183975
1.29,0,0.000172480208643176,-0.0215041609813795
1.292,0,0.000164032805963938,-0.0651277232190956
1.294,0,0.000156472541637884,-0.106651013815263
1.296,0,0.000150082919685538,-0.144957124164974
1.298,0,0.000145027399471735,-0.179269821381902
1.3,0,0.00014161873346395,-0.208367901062737
1.302,0,0.000139908489741147,-0.231849963649798
1.304,0,0.000140143511250778,-0.248676036801871
1.306,0,0.000142285377462797,-0.258785640181646
1.308,0,0.000146411088799782,-0.261721026941586
1.31,0,0.000152399248692977,-0.25774779881921
1.312,0,0.000160221598598251,-0.246781125740185
1.314,0,0.000169653608098363,-0.229474259331652
1.316,0,0.000180535178687132,-0.206218873156151
1.318,0,0.00019259577513822,-0.177835290881606
1.32,0,0.000205572668915233,-0.145076069253083
1.322,0,0.000219094432300773,-0.109298698590548
1.324,0,0.000232910676576546,-0.0711844378120265
1.326,0,0.000246681686942415,-0.0319835729341426
1.328,0,0.000260117906664446,0.00725154074246869
1.33,0,0.000272939504926875,0.0454945597132893
1.332,0,0.000284880189956198,0.0817174169853804
1.334,0,0.000295715828620531,0.115000770440523
1.336,0,0.000305172262122936,0.144266315735129
1.338,0,0.00031314467314727,0.168953257006152
1.34,0,0.000319404867954838,0.188113004318005
1.342,0,0.000323819334435634,0.201080619652898
1.344,0,0.000326426581403893,0.207776894892066
1.346,0,0.00032724814068732,0.20810018323146
1.348,0,0.000326211072138189,0.201585691753518
1.35,0,0.000323479260993191,0.188634820035051
1.352,0,0.000319207941747997,0.169632286595018
1.354,0,0.000313595724489458,0.145144684916118
1.356,0,0.000306802461149909,0.115555310225732
1.358,0,0.000299131678395462,0.0818486913522476
1.36,0,0.000290882280223973,0.0450358897263279
1.362,0,0.000282355279412901,0.00610964686534413
1.364,0,0.000273882333048368,-0.033711982727327
1.366,0,0.000265797131079687,-0.0732382469544857
1.368,0,0.000258389268761335,-0.111331690018239
1.37,0,0.000251942278538908,-0.146898774652517
1.372,0,0.000246795555841909,-0.178667835239095
1.374,0,0.000243068270469688,-0.206031059116324
1.376,0,0.000241063726256193,-0.227825060711616
1.378,0,0.00024092962098757,-0.243343608228218
1.38,0,0.000242597347193889,-0.252626034221875
1.382,0,0.000246175488802203,-0.255102919057986
1.384,0,0.000251603489333254,-0.250774345485226
1.386,0,0.000258757932466102,-0.239879507881224
1.388,0,0.000267486265453803,-0.222783035694948
1.39,0,0.000277711870177367,-0.199528491774592
1.392,0,0.000289168569315508,-0.170932247633756
1.394,0,0.00030160681400876,-0.13781053858702
1.396,0,0.000314835830728901,-0.100646227952623
1.398,0,0.000328488542294707,-0.0608096993780971
1.4,0,0.00034227139708605,-0.0192608134053385
1.402,0,0.000355829376350683,0.0226880295335596
1.404,0,0.000368840071873217,0.0637911717576417
1.406,0,0.000380982511951709,0.10284103638885
1.408,0,0.000391868094259726,0.138398095793748
1.41,0,0.000401347794267042,0.169735006019896
1.412,0,0.000409101453064933,0.195638444929707
1.414,0,0.000414925528102451,0.215223008567217
1.416,0,0.000418801603520963,0.228223242911332
1.418,0,0.000420632153171917,0.234105411745049
1.42,0,0.000420556802089649,0.233161144681389
1.422,0,0.000418568354815308,0.225146881263977
1.424,0,0.000414865415518043,0.210568566730824
1.426,0,0.000409580525304018,0.189674214234245
1.428,0,0.000403035921736782,0.163488451558846
1.43,0,0.000395385160568626,0.132361858433364
1.432,0,0.000386896226248743,0.0970950086335784
1.434,0,0.000377919840225662,0.058920510558192
1.436,0,0.000368745878146631,0.018852285300104
1.438,0,0.000359691897118282,-0.0220529416717715
1.44,0,0.000351065427831422,-0.0625772385668409
1.442,0,0.000343150667843162,-0.10162636584317
1.444,0,0.00033624816160313,-0.138036872713496
1.446,0,0.000330584596004259,-0.17084396627598
1.448,0,0.000326456295927275,-0.198890279525368
1.45,0,0.00032405629054365,-0.221325094844694
1.452,0,0.000323569470162639,-0.237318146420872
1.454,0,0.000325026052033536,-0.246583693539459
1.456,0,0.000328519801360224,-0.2486163175559
1.458,0,0.00033397777812061,-0.243500731056031
1.46,0,0.000341297673135067,-0.231436534121497
1.462,0,0.000350326464475919,-0.212802887023262
1.464,0,0.000360875032584625,-0.188104721571316
1.466,0,0.000372689359053295,-0.158095177908947
1.468,0,0.000385515538696259,-0.123522660551156
1.47,0,0.000399025193857058,-0.0854667230549747
1.472,0,0.00041291793849767,-0.0448934168675597
1.474,0,0.000426871688074794,-0.00292047706727062
1.476,0,0.000440580413676293,0.0393582867252503
1.478,0,0.000453788920402687,0.0809457513411112
1.48,0,0.000466202467270567,0.120770154859702
1.482,0,0.000477613125474861,0.157936519875725
1.484,0,0.00048771529153181,0.191272946606469
1.486,0,0.000496423621737362,0.220263937624667
1.488,0,0.000503408767223658,0.243636689548019
1.49,0,0.000508572898094726,0.260838562078653
1.492,0,0.000511869280665745,0.27151184492575
1.494,0,0.000513229467283494,0.27523356217373
1.496,0,0.000512714171757189,0.272041311559614
1.498,0,0.000510384583444472,0.26198301875388
1.5,0,0.000506352147895809,0.245285399263554
1.502,0,0.000500767881525618,0.22231213954585
1.504,0,0.000493892983101573,0.193866238488966
1.506,0,0.000485966418320036,0.160650913010717
1.508,0,0.000477289361963998,0.123647710200484
1.51,0,0.000468172109804372,0.0839186811858123
1.512,0,0.00045892299938249,0.0425234172519615
1.514,0,0.000449868614724863,0.000617304590451839
1.516,0,0.000441298595171822,-0.040679084212643
1.518,0,0.000433482911586244,-0.0803211166505678
1.52,0,0.000426679053054637,-0.11729693326198
1.522,0,0.000421183583350924,-0.150469784747236
1.524,0,0.000417183623857684,-0.179009599828108
1.526,0,0.000414846048383926,-0.202166567399627
1.528,0,0.000414292971938755,-0.219337843843791
1.53,0,0.000415595886076076,-0.230078545070092
1.532,0,0.000418780017096811,-0.234097376415109
1.534,0,0.00042372745957269,-0.231624661924681
1.536,0,0.000430387217956926,-0.222657855331879
1.538,0,0.000438693850097706,-0.207228248939771
1.54,0,0.000448424972879465,-0.18598940797648
1.542,0,0.000459410721412183,-0.159386119966015
1.544,0,0.00047140708568227,-0.128177668005015
1.546,0,0.000484127587933447,-0.0933170348835769
1.548,0,0.000497282218775761,-0.0557453449619667
1.55,0,0.000510523118689087,-0.0167564834833892
1.552,0,0.000523500038984724,0.0224552743412703
1.554,0,0.000535906263703157,0.0606648963037983
1.556,0,0.000547417311012282,0.0966757611646417
1.558,0,0.000557730600617549,0.129325007086757
1.56,0,0.00056659666564173,0.157608184197623
1.562,0,0.000573750199313962,0.180478397620691
1.564,0,0.000578992101071101,0.197077876243783
1.566,0,0.000582363490656942,0.207341082681701
1.568,0,0.000583808939707228,0.210896817907632
1.57,0,0.000583353961888053,0.207640871368007
1.572,0,0.000581055361084105,0.197562227109444
1.574,0,0.000577108189523543,0.181171100991128
1.576,0,0.000571637655198434,0.158719252912026
1.578,0,0.000564895511922435,0.130971078710441
1.58,0,0.000557043444915338,0.0983292350918211
1.582,0,0.000548359837741472,0.0616775795598981
1.584,0,0.000539187246159798,0.0222347237072711
1.586,0,0.000529817140747365,-0.0189817174499843
1.588,0,0.00052058163514682,-0.0608029984149629
1.59,0,0.000511807933526466,-0.101966653763667
1.592,0,0.000503779930768747,-0.141357113127911
1.594,0,0.000496871728409832,-0.177588245104351
1.596,0,0.000491303804377034,-0.209712730768713
1.598,0,0.000487368366642208,-0.236583134738287
1.6,0,0.000485293144522118,-0.257245415728584
1.602,0,0.000485147909681256,-0.271273109699586
1.604,0,0.000486983947484238,-0.278321591416093
1.606,0,0.00049085308327437,-0.278035422006924
1.608,0,0.000496665794477082,-0.270552099823042
1.61,0,0.000504312620118988,-0.256077984482456
1.612,0,0.000513577665005652,-0.235219628192687
1.614,0,0.000524288698093476,-0.208387274961454
1.616,0,0.000536104149555952,-0.176726977475658
1.618,0,0.000548850782670569,-0.140650963827896
1.62,0,0.000562180569799696,-0.101339475407843
1.622,0,0.000575788449800628,-0.0598201885748442
1.624,0,0.000589368725763364,-0.0172004739561766
1.626,0,0.000602619778994575,0.0254309267290837
1.628,0,0.000615251611081491,0.0669752676500823
1.63,0,0.000627028764933436,0.106453762720739
1.632,0,0.000637630002701461,0.142653850544742
1.634,0,0.000646826792601421,0.174597851563015
1.636,0,0.000654503349310241,0.201703612994858
1.638,0,0.000660333216913357,0.222694514615028
1.64,0,0.0006642299908913,0.237067229906983
1.642,0,0.000666216528353006,0.244726514743291
1.644,0,0.000666186119856624,0.245120115844393
1.646,0,0.000664292319621111,0.238627282231366
1.648,0,0.000660618935317341,0.225381249699475
1.65,0,0.000655365855666154,0.205949468524874
1.652,0,0.000648655033925516,0.180567444830158
1.654,0,0.00064081777377014,0.150318147879812
1.656,0,0.000632102624032609,0.115939228753727
1.658,0,0.00062282486752507,0.0784867541267421
1.66,0,0.00061329610360186,0.0390220331380302
1.662,0,0.00060382641009997,-0.00135823021571103
1.664,0,0.000594710523673824,-0.0415652039331436
1.666,0,0.000586212658035325,-0.0805804660490098
1.668,0,0.000578586210218264,-0.117415255708883
1.67,0,0.000572122020207604,-0.150956780630344
1.672,0,0.000566943687299747,-0.180585991674873
1.674,0,0.000563373941847471,-0.205071338152998
1.676,0,0.000561463743368681,-0.224039804457111
1.678,0,0.000561406241418597,-0.236652218109476
1.68,0,0.000563178995650261,-0.242803467158903
1.682,0,0.000566807033393806,-0.242232469198239
1.684,0,0.000572270478938203,-0.234837258902437
1.686,0,0.000579426550850673,-0.220976701520611
1.688,0,0.000588140263147453,-0.200987539361086
1.69,0,0.000598229952958409,-0.175390805081957
1.692,0,0.000609523073560885,-0.144645805442093
1.694,0,0.000621711899139278,-0.109772174863569
1.696,0,0.000634504130199421,-0.0717434807725559
1.698,0,0.000647589615664777,-0.0316223013536318
1.7,0,0.000660637045195928,0.00940035285048678
1.702,0,0.000673324614120322,0.0501556655861061
1.704,0,0.000685343806450548,0.0894899144209795
1.706,0,0.00069642539601747,0.126348321560322
1.708,0,0.000706221542408701,0.15944219677228
1.71,0,0.000714653553926774,0.188295748642436
1.712,0,0.000721398935290366,0.211697593972954
1.714,0,0.000726352082234218,0.229098463619385
1.716,0,0.000729443217823277,0.240068917024876
1.718,0,0.000730676455900709,0.244440343920128
1.72,0,0.000730001113035017,0.241831453681879
1.722,0,0.000727620344140936,0.232792078074655
1.724,0,0.000723609432872892,0.217410170433625
1.726,0,0.000718094191426235,0.195951588043013
1.728,0,0.000711350125801981,0.169307146729401
1.73,0,0.000703495013373581,0.137705142442041
1.732,0,0.000694841822745433,0.102181621123741
1.734,0,0.000685732194472236,0.0639902843232736
1.736,0,0.00067645295313501,0.0240874230694453
1.738,0,0.000667344486774171,-0.0162799979026362
1.74,0,0.000658744521406096,-0.0558480274788943
1.742,0,0.000650947263987111,-0.093464316134088
1.744,0,0.000644320063099183,-0.127772496310576
1.746,0,0.000639131371791649,-0.157686194382311
1.748,0,0.000635518310673389,-0.182576835073835
1.75,0,0.000633813309565935,-0.20117626762101
1.752,0,0.000634072517829921,-0.213105004490476
1.754,0,0.000636252219886825,-0.218348706746428
1.756,0,0.000640442109076867,-0.216419983106809
1.758,0,0.000646444013055605,-0.207851311986885
1.76,0,0.000654211303437009,-0.192623267682344
1.762,0,0.000663529014850014,-0.171332300000352
1.764,0,0.000674219997661847,-0.144434192003182
1.766,0,0.000685986420848966,-0.112906935225358
1.768,0,0.000698646287370314,-0.077229185987491
1.77,0,0.000711842654950013,-0.0386780111242326
1.772,0,0.000725306090177406,0.00185103336601878
1.774,0,0.000738709779721431,0.043182678084581
1.776,0,0.000751734490444252,0.0841199688361846
1.778,0,0.000764087439260609,0.123530642827713
1.78,0,0.000775476043221641,0.160280297621589
1.782,0,0.000785620336113575,0.193263733973097
1.784,0,0.000794228877943854,0.221341143294189
1.786,0,0.00080103916755384,0.243450682209033
1.788,0,0.000805946813276319,0.259052450559362
1.79,0,0.000808918397751658,0.26787653412368
1.792,0,0.000809876498670403,0.269497788178809
1.794,0,0.000808860365009041,0.263898768752828
1.796,0,0.000805970888934728,0.251276960934962
1.798,0,0.000801403381923872,0.232191663177306
1.8,0,0.000795251153402431,0.206783275559244
1.802,0,0.000787842855587307,0.176127182131816
1.804,0,0.000779379597372761,0.140785977150651
1.806,0,0.000770190377524793,0.101853918011565
1.808,0,0.000760594591842642,0.060435654893913
1.81,0,0.000750892828956162,0.0175932611898826
1.812,0,0.000741392108224879,-0.0255837732278158
1.814,0,0.000732370074783231,-0.0680240296725098
1.816,0,0.000724112517119517,-0.108647055664297
1.818,0,0.000716853775963407,-0.14649341856281
1.82,0,0.000710859253483272,-0.180509933124172
1.822,0,0.000706328416929246,-0.209851886389181
1.824,0,0.000703466569228367,-0.233648617791057
1.826,0,0.000702448083342422,-0.25112569355056
1.828,0,0.000703269207511643,-0.262131885003545
1.83,0,0.000706039525706274,-0.266125833479533
1.832,0,0.000710713833651756,-0.263115995907536
1.834,0,0.000717240821050345,-0.253137203839578
1.836,0,0.000725466688677439,-0.236604235133503
1.838,0,0.000735206163982496,-0.214056956367133
1.84,0,0.000746276842768602,-0.186004966845886
1.842,0,0.000758417341558651,-0.153257013095159
1.844,0,0.000771295826016937,-0.116936144738335
1.846,0,0.000784617247066896,-0.0780493492249343
1.848,0,0.000798066782515824,-0.0376748665222137
1.85,0,0.000811324968155561,0.00303916887365406
1.852,0,0.000824093518221052,0.042991139559543
1.854,0,0.000836099767069144,0.0811326760049081
1.856,0,0.000847103585277756,0.116513510401415
1.858,0,0.00085678309755236,0.147928806040735
1.86,0,0.000865073715587103,0.17496107052348
1.862,0,0.000871667313543915,0.196436770169043
1.864,0,0.000876497206854849,0.211947235369767
1.866,0,0.000879477645711408,0.221023642897594
1.868,0,0.000880580970747717,0.22340052590449
1.87,0,0.000879886078315429,0.219196830516838
1.872,0,0.000877463960841864,0.208511221516677
1.874,0,0.00087343669392133,0.191632903425546
1.876,0,0.000867924516139494,0.1688332278317
1.878,0,0.000861218160903614,0.141078068865537
1.88,0,0.000853467906764453,0.108751036049354
1.882,0,0.000844992582840889,0.0729447242464761
1.884,0,0.000836092539756477,0.0346833175516155
1.886,0,0.000827095315163898,-0.00483532321367355
1.888,0,0.000818334230464673,-0.0444299548798389
1.89,0,0.000810116462840754,-0.0829170571522931
1.892,0,0.000802742636534609,-0.11915435215808
1.894,0,0.000796526285792856,-0.151955419644662
1.896,0,0.000791673109663981,-0.180468882117389
1.898,0,0.000788483307610151,-0.203553523173405
1.9,0,0.000787135233993387,-0.220437661074836
1.902,0,0.000787582519611442,-0.231125689376276
1.904,0,0.000789998306927892,-0.234862743682039
1.906,0,0.00079429477320201,-0.231790066377689
1.908,0,0.000800346828898995,-0.222196405295706
1.91,0,0.000808064321694263,-0.206244633952646
1.912,0,0.00081731089779907,-0.184262968314481
1.914,0,0.000827837146525977,-0.157042184765347
1.916,0,0.000839509131523711,-0.124908104393072
1.918,0,0.000852050057614928,-0.0887749724695579
1.92,0,0.000865137444086847,-0.0497835785569379
1.922,0,0.000878478187363282,-0.00896709633775955
1.924,0,0.000891738387978092,0.0324957807112002
1.926,0,0.000904590468316517,0.0733423064003877
1.928,0,0.00091674096470176,0.112452197471649
1.93,0,0.000927818036960924,0.148460101819054
1.932,0,0.000937527659877781,0.180211553165191
1.934,0,0.000945671147067066,0.206879399461466
1.936,0,0.000951950537809667,0.227310396387479
1.938,0,0.000956349568081972,0.241288289648267
1.94,0,0.000958757633922875,0.248288509241786
1.942,0,0.000959200610879032,0.24825290839606
1.944,0,0.000957636334307469,0.240861629821174
1.946,0,0.000954320822393666,0.226887097698726
1.948,0,0.000949367084253302,0.206580818939053
1.95,0,0.00094293267222556,0.180334621338834
1.952,0,0.000935341998701175,0.14923925215435
1.954,0,0.000926793137574951,0.11388042988965
1.956,0,0.000917578665579237,0.0752046071704983
1.958,0,0.000908032150193319,0.0344114640589918
1.96,0,0.000898459819215945,-0.0074166069168408
1.962,0,0.000889173551923841,-0.0491288913591042
1.964,0,0.000880457743383816,-0.0896356126718083
1.966,0,0.000872566605268928,-0.127933260571327
1.968,0,0.00086586030492622,-0.162685690947447
1.97,0,0.00086047059581592,-0.193260968693403
1.972,0,0.000856718550277275,-0.218438284448782
1.974,0,0.000854803042293892,-0.237368964608829
1.976,0,0.000854711141599336,-0.249953270101877
1.978,0,0.0008566023410478,-0.255502108866666
1.98,0,0.000860498237861717,-0.253800036496287
1.982,0,0.000866299639816041,-0.245072628720312
1.984,0,0.00087388602586448,-0.229625042528464
1.986,0,0.000883082313731474,-0.207962920301465
1.988,0,0.000893722859854174,-0.180532001569847
1.99,0,0.000905490780007829,-0.148392271882737
1.992,0,0.000918157264839808,-0.112215819016001
1.994,0,0.000931360046149673,-0.0732968774962119
1.996,0,0.00094481677701725,-0.0325584966943029
1.998,0,0.000958206057822693,0.00885287711278202
2,0,0.000971246991808528,0.0498678334958117
2.002,0,0.000983654806147779,0.0894469164844389
2.004,0,0.000995187036261214,0.126628524265223
2.006,0,0.00100553141963458,0.160238562797188
2.008,0,0.00101461446142469,0.189843469438476
2.01,0,0.00102206564174863,0.214073411785448
2.012,0,0.00102781789808361,0.232532608943313
2.014,0,0.00103168660780992,0.244432563069992
2.016,0,0.00103373628933487,0.249863692093999
2.018,0,0.00103385391202081,0.248288065313149
2.02,0,0.00103213522839653,0.239914438810095
2.022,0,0.00102868484115691,0.22499134252754
2.024,0,0.00102368012701904,0.204046512278367
2.026,0,0.00101723093552253,0.177331607511758
2.028,0,0.00100959786475334,0.145679237478795
2.03,0,0.0010010917263992,0.11015738153849
2.032,0,0.000991964543751733,0.0715835146396766
2.034,0,0.00098254200686904,0.0311259856901688
2.036,0,0.000973142823056007,-0.010099887136008
2.038,0,0.00096406296755011,-0.0509462222889797
2.04,0,0.000955590728273071,-0.0903445361718695
2.042,0,0.00094803501216218,-0.12713914218271
2.044,0,0.000941688883544641,-0.160200034023868
2.046,0,0.000936684431893295,-0.188926369009119
2.048,0,0.000933333020504838,-0.212141746681326
2.05,0,0.000931726963658812,-0.229382677733117
2.052,0,0.000931973941453666,-0.24013552381865
2.054,0,0.000934035898633995,-0.244398458844485
2.056,0,0.000938001692525489,-0.241702528603525
2.058,0,0.000943671101703292,-0.232637738530631
2.06,0,0.000950985954824716,-0.217277380722909
2.062,0,0.000959883607303906,-0.195688817659752
2.064,0,0.000970013643635633,-0.169092330011818
2.066,0,0.000981310518144299,-0.137568549644205
2.068,0,0.000993443276435008,-0.102283226142867
2.07,0,0.00100614226755064,-0.0641369390304415
2.072,0,0.00101906754191383,-0.0243638065658453
2.074,0,0.00103188504467415,0.0158318431294204
2.076,0,0.00104425873459557,0.0552012040626487
2.078,0,0.00105588438589668,0.0925900584470109
2.08,0,0.00106637364375849,0.126587964944146
2.082,0,0.00107550271554068,0.156279011951449
2.084,0,0.00108309317245313,0.180940809534737
2.086,0,0.00108879111499181,0.199247638646602
2.088,0,0.00109260388314343,0.211075676734493
2.09,0,0.00109451726556339,0.216252376697231
2.092,0,0.00109446314097928,0.21440282102351
2.094,0,0.00109246262444244,0.20544984076402
2.096,0,0.00108878559569581,0.190239724883272
2.098,0,0.00108347408446807,0.168778856959416
2.1,0,0.00107676260092823,0.141799746987754
2.102,0,0.00106884515939476,0.109893436862375
2.104,0,0.00105997598612112,0.0738943830430543
2.106,0,0.00105047066704222,0.0348964426677006
2.108,0,0.00104063934078444,-0.00599646605851637
2.11,0,0.00103079764605633,-0.047643910021495
2.112,0,0.00102128165265754,-0.0888146219183427
2.114,0,0.00101237596007659,-0.128402174522359
2.116,0,0.00100441830959358,-0.165150912704811
2.118,0,0.000997718498929486,-0.19787026402385
2.12,0,0.000992474626123832,-0.225750874017543
2.122,0,0.000988954068343457,-0.24775890165336
2.124,0,0.000987359876327045,-0.263061293765806
2.126,0,0.00098770174267105,-0.271509535846935
2.128,0,0.000990041553621152,-0.272775793126822
2.13,0,0.00099444298812333,-0.266506051728502
2.132,0,0.00100066767092479,-0.253449830382997
2.134,0,0.00100860084886883,-0.2339052602839
2.136,0,0.00101814260375431,-0.208080619611255
2.138,0,0.00102892143963746,-0.177259085390246
2.14,0,0.00104078997382858,-0.141827341496917
2.142,0,0.00105340828540884,-0.102941132091258
2.144,0,0.0010664512219724,-0.0617695886698987
2.146,0,0.00107963608257883,-0.0192743049658205
2.148,0,0.0010926449371326,0.023389465332094
2.15,0,0.00110521662305079,0.0651974204316086
2.152,0,0.00111706532441069,0.105091155265746
2.154,0,0.00112787018121236,0.141863134153243
2.156,0,0.00113746849415929,0.174793472293773
2.158,0,0.00114562120914916,0.202958231384704
2.16,0,0.00115202012559192,0.225172791604395
2.162,0,0.00115665376623523,0.241264642875965
2.164,0,0.00115931405552886,0.25039134601736
2.166,0,0.00115999864426875,0.252426602829585
2.168,0,0.00115879608974203,0.2475776489506
2.17,0,0.00115575177763659,0.235897552419078
2.172,0,0.00115100002594438,0.217758765358935
2.174,0,0.00114471259672053,0.193671174755221
2.176,0,0.00113711522593476,0.164347709862901
2.178,0,0.00112845566191853,0.130583888076171
2.18,0,0.00111904283226861,0.0934431569068922
2.182,0,0.00110916650412604,0.0539223483470869
2.184,0,0.00109914167816041,0.0131415821103678
2.186,0,0.00108927393616137,-0.0277748851620135
2.188,0,0.00107984932122037,-0.0677619286507356
2.19,0,0.00107113215259198,-0.105806409709512
2.192,0,0.00106337293528482,-0.140944719303533
2.194,0,0.00105685478574857,-0.172103360164226
2.196,0,0.00105182334351684,-0.198318374702292
2.198,0,0.00104836995124134,-0.219151287589421
2.2,0,0.0010466831751352,-0.233839747116223
2.202,0,0.00104685529969608,-0.241940247491774
2.204,0,0.00104886855180603,-0.243402068583135
2.206,0,0.00105272005842711,-0.238123604737593
2.208,0,0.001058312750056,-0.226350123335141
2.21,0,0.00106553714560775,-0.208376177283106
2.212,0,0.00107425285444479,-0.184613828715996
2.214,0,0.00108428744499701,-0.155590776042117
2.216,0,0.00109539089643497,-0.122135073643956
2.218,0,0.00110724837483246,-0.0853605708820481
2.22,0,0.00111959862937784,-0.0461387928589599
2.222,0,0.00113208569333478,-0.00576205605138436
2.224,0,0.00114438618337556,0.0345755626794903
2.226,0,0.00115618777332053,0.0737269910550855
2.228,0,0.00116718448296528,0.11054707566065
2.23,0,0.00117711629594791,0.14403986437078
2.232,0,0.00118561712857272,0.172857155347614
2.234,0,0.00119259005169149,0.196542745808102
2.236,0,0.00119775380475886,0.214022378090857
2.238,0,0.00120114106253156,0.225291857360071
2.24,0,0.00120263071376897,0.229819045586028
2.242,0,0.00120223862117348,0.227543951354532
2.244,0,0.0012000416547507,0.218626500859
2.246,0,0.00119613646944642,0.203303860865461
2.248,0,0.00119058931739794,0.181687699507704
2.25,0,0.00118372856802468,0.154906618463342
2.252,0,0.00117569740364757,0.123395413886191
2.254,0,0.00116669124259623,0.0877540776049629
2.256,0,0.0011571060769661,0.049448156426676
2.258,0,0.00114720047139507,0.00935117223742282
2.26,0,0.0011373266008589,-0.0312481235879142
2.262,0,0.00112781210170982,-0.0711214009748947
2.264,0,0.00111895678184434,-0.109144868253686
2.266,0,0.00111114618856063,-0.143912895093023
2.268,0,0.0011046145467692,-0.174500205493977
2.27,0,0.00109965693630539,-0.199798658386465
2.272,0,0.00109647856703541,-0.218997103979458
2.274,0,0.00109520872665826,-0.231543513183164
2.276,0,0.00109587636175662,-0.23724269715786
2.278,0,0.00109854683938441,-0.235764317102754
2.28,0,0.00110316302842223,-0.227204310398175
2.282,0,0.0011095401148718,-0.21212984165541
2.284,0,0.00111759317389814,-0.190732827332914
2.286,0,0.00112710891789355,-0.163682208697499
2.288,0,0.0011378108160042,-0.131917022910189
2.29,0,0.00114954288431584,-0.0958910590015692
2.292,0,0.0011619391401471,-0.0569206683274752
2.294,0,0.00117474166796054,-0.015887639605284
2.296,0,0.00118762382901134,0.0260207670190484
2.298,0,0.00120027885409009,0.067660825484562
2.3,0,0.00121241724202344,0.107945784129705
2.302,0,0.00122371861249615,0.145682124809606
2.304,0,0.00123393450082913,0.179899534571854
2.306,0,0.00124278897071249,0.209556154705674
2.308,0,0.00124999249846265,0.23355373089012
2.31,0,0.00125533332522616,0.251051465950432
2.312,0,0.00125883126278879,0.26203126200822
2.314,0,0.00126032003267104,0.26581965851547
2.316,0,0.00125981702675972,0.262387033930694
2.318,0,0.00125740682694397,0.251946687473393
2.32,0,0.00125321096647671,0.234844653915872
2.322,0,0.00124730572922639,0.211240509001569
2.324,0,0.0012400980658707,0.182565084501495
2.326,0,0.00123165496660422,0.148941464985319
2.328,0,0.0012223014920868,0.111489170991669
2.33,0,0.00121234869925519,0.0712927984664866
2.332,0,0.00120210334287114,0.0294557267562977
2.334,0,0.00119187117511198,-0.0129374238758888
2.336,0,0.00118193313495022,-0.0548107688514844
2.338,0,0.00117257114571748,-0.0951236181683687
2.34,0,0.00116405968888709,-0.132834639058438
2.342,0,0.0011567017769928,-0.166802646757064
2.344,0,0.00115061095894387,-0.196522251652575
2.346,0,0.00114612543889967,-0.22073752591492
2.348,0,0.00114333595230318,-0.239033201465647
2.35,0,0.00114237780477353,-0.250844067759611
2.352,0,0.00114333054144278,-0.255799344766171
2.354,0,0.00114617472938979,-0.253882972470609
2.356,0,0.00115088781471556,-0.245091911970581
2.358,0,0.00115734542539781,-0.229795104252918
2.36,0,0.00116538443734543,-0.20850970469946
2.362,0,0.00117490725409992,-0.181492059640154
2.364,0,0.00118562328987031,-0.149733410400283
2.366,0,0.00119726760952172,-0.114127097396722
2.368,0,0.00120951896202657,-0.0758217902629253
2.37,0,0.00122210202550862,-0.0357607726319458
2.372,0,0.00123468215350675,0.00483584394995439
2.374,0,0.00124695820345295,0.0448598399713222
2.376,0,0.00125863384567699,0.0832119556633831
2.378,0,0.00126945412853816,0.118919096227765
2.38,0,0.00127908384271619,0.150747570692784
2.382,0,0.00128744518888651,0.178319238108898
2.384,0,0.00129418464453513,0.200338116836942
2.386,0,0.00129918663660918,0.216303792404434
2.388,0,0.0013023649527352,0.225821742580658
2.39,0,0.00130377348205841,0.229002731455448
2.392,0,0.00130327907392413,0.225280869884554
2.394,0,0.0013009990532744,0.214991347340164
2.396,0,0.00129705180140753,0.198480288443817
2.398,0,0.001291604299793,0.176282539424058
2.4,0,0.00128476303381581,0.148697603545525
2.402,0,0.00127678143636404,0.116586636472648
2.404,0,0.0012679503794526,0.0809720548262519
2.406,0,0.00125853963379784,0.0427884672455497
2.408,0,0.00124888444812768,0.00325762587361526
2.41,0,0.00123930604709399,-0.0364586495878044
2.412,0,0.00123013227067513,-0.0751484130873051
2.414,0,0.00122167058504261,-0.111665771363409
2.416,0,0.00121426950730939,-0.144730423233768
2.418,0,0.001208194885816,-0.173334189835129
2.42,0,0.0012035943260562,-0.196890823751361
2.422,0,0.00120087232877439,-0.213918755262959
2.424,0,0.00119990611248454,-0.224766103914506
2.426,0,0.00120089307428891,-0.228663492853933
2.428,0,0.00120381197229467,-0.225603138443672
2.43,0,0.00120854728873824,-0.215918627987495
2.432,0,0.00121501934222003,-0.199815963013943
2.434,0,0.00122306576737814,-0.177808965307011
2.436,0,0.00123259294184347,-0.150148557489911
2.438,0,0.00124327872895284,-0.117975017421556
2.44,0,0.00125500727899158,-0.0816259930519976
2.442,0,0.0012673919708055,-0.0425102061137941
2.444,0,0.00128016440837472,-0.00159327037423942
2.446,0,0.00129301318770181,0.0400088822347255
2.448,0,0.00130559426414351,0.0810238778093785
2.45,0,0.00131760634551056,0.120321807048242
2.452,0,0.00132868862418669,0.156582249814824
2.454,0,0.00133853442874754,0.188657414031771
2.456,0,0.00134693492351519,0.215748585594613
2.458,0,0.00135354860325192,0.236595636109936
2.46,0,0.00135830885657783,0.250890202991459
2.462,0,0.00136113943239545,0.258299670940848
2.464,0,0.00136198103611468,0.258546171316415
2.466,0,0.00136090106781387,0.251804029481359
2.468,0,0.00135790992786489,0.238030498004555
2.47,0,0.00135320976792339,0.217886103577289
2.472,0,0.00134690858146805,0.191676322255909
2.474,0,0.00133933490258414,0.160554213030106
2.476,0,0.00133062687325192,0.124942533143043
2.478,0,0.00132111471459442,0.0860017448624853
2.48,0,0.00131112090198455,0.0449019978792881
2.482,0,0.00130092870729453,0.00264846421866371
2.484,0,0.00129085874069164,-0.0395850476699195
2.486,0,0.0012812017969654,-0.0807088810687983
2.488,0,0.00127222022853963,-0.11973121039083
2.49,0,0.00126424832239838,-0.155422796761019
2.492,0,0.00125754478904695,-0.186798556575856
2.494,0,0.00125224303500226,-0.213323123693082
2.496,0,0.00124868669380883,-0.233726421095893
2.498,0,0.00124695368227748,-0.247667686879274
2.5,0,0.0012471100342315,-0.25485616643381
2.502,0,0.00124927201990686,-0.254815595354637
2.504,0,0.00125337024884937,-0.247734757723226
2.506,0,0.00125929711083748,-0.233941651604149
2.508,0,0.00126690858377002,-0.213896420534123
2.51,0,0.00127608404119681,-0.187962671276297
2.512,0,0.00128655947734044,-0.157042033151488
2.514,0,0.00129810522967766,-0.121893244321832
2.516,0,0.00131033626086874,-0.0839182397674709
2.518,0,0.00132302985322713,-0.0438566352823009
2.52,0,0.00133584828677502,-0.00293747808536752
2.522,0,0.00134849928166322,0.037754163436076
2.524,0,0.00136069255216916,0.0771574157417502
2.526,0,0.00137216346705909,0.114272075578549
2.528,0,0.00138266550507915,0.148167823613859
2.53,0,0.00139189769910904,0.177726486383378
2.532,0,0.00139973879781863,0.202456794375396
2.534,0,0.00140593025469103,0.221392966458414
2.536,0,0.0014103278641853,0.233965151164785
2.538,0,0.00141288615844051,0.239954499808862
2.54,0,0.0014135270159785,0.239024371742205
2.542,0,0.00141235021708293,0.231478457066382
2.544,0,0.00140940733334798,0.217446902891769
2.546,0,0.00140481787814779,0.197306342661551
2.548,0,0.00139872091603393,0.17150426187096
2.55,0,0.0013913336969905,0.140779398592893
2.552,0,0.00138290923077647,0.106009703490635
2.554,0,0.00137373168020583,0.0682029472022579
2.556,0,0.00136409244516148,0.0283993518153374
2.558,0,0.00135431214418529,-0.012240532560231
2.56,0,0.00134470165262525,-0.0525639504571334
2.562,0,0.00133555553805292,-0.0914827136227706
2.564,0,0.00132718216319093,-0.127858917801351
2.566,0,0.00131992569971816,-0.160427078215706
2.568,0,0.0013138996114925,-0.188724571181114
2.57,0,0.00130947892625271,-0.211385593273629
2.572,0,0.00130677712763078,-0.227951834808833
2.574,0,0.00130587155586295,-0.2380956346651
2.576,0,0.00130681464840739,-0.241576101190764
2.578,0,0.00130963575379453,-0.238228246017513
2.58,0,0.00131422129767522,-0.228406966708242
2.582,0,0.0013205290385956,-0.212206677176783
2.584,0,0.00132846364466831,-0.189914487761019
2.586,0,0.00133771766753949,-0.162624053272413
2.588,0,0.00134821948842075,-0.130544211399205
2.59,0,0.00135969735426748,-0.0946357561206656
2.592,0,0.00137181997777206,-0.0561024607999847
2.594,0,0.00138430810515257,-0.0159373673948339
2.596,0,0.0013968079602712,0.0245668333544027
2.598,0,0.00140898749961543,0.0641842828774761
2.6,0,0.00142052427802064,0.101734751723839
2.602,0,0.00143101987221363,0.135775091806776
2.604,0,0.00144026999947639,0.165526267914847
2.606,0,0.00144799907261213,0.189980298116757
2.608,0,0.0014540033176544,0.20837469961935
2.61,0,0.00145809454507198,0.219996598822063
2.612,0,0.00146023996563131,0.224683341639819
2.614,0,0.00146043348227257,0.22236690694223
2.616,0,0.00145867197632361,0.212985790242999
2.618,0,0.00145517602904302,0.197289879861475
2.62,0,0.0014499108991326,0.175098796559024
2.622,0,0.00144319233060467,0.147520231151434
2.624,0,0.0014352157509702,0.115234155179004
2.626,0,0.00142612608065685,0.0787223588169915
2.628,0,0.00141631155691475,0.039391696558964
2.63,0,0.00140603740246643,-0.00181439171133051
2.632,0,0.00139564193422572,-0.0436594724285559
2.634,0,0.00138543862289013,-0.0849880692819073
2.636,0,0.00137573210865614,-0.124679135525556
2.638,0,0.00136688488858002,-0.161406617970461
2.64,0,0.0013591253143967,-0.194313856284427
2.642,0,0.00135272010053499,-0.222422557904859
2.644,0,0.00134797263379954,-0.244621428368813
2.646,0,0.00134503726653794,-0.260327907390896
2.648,0,0.00134397613583886,-0.269292571024957
2.65,0,0.00134499334518577,-0.270749156891104
2.652,0,0.00134796662064374,-0.265103041420376
2.654,0,0.00135284795239426,-0.252487605482672
2.656,0,0.00135948984681765,-0.233394938227935
2.658,0,0.00136781009423845,-0.208068971311693
2.66,0,0.00137752450498131,-0.17750419097486
2.662,0,0.00138841247978248,-0.142461111963615
2.664,0,0.00140018650809436,-0.103953052017628
2.666,0,0.00141252835276328,-0.0631285174023012
2.668,0,0.00142516334335605,-0.0209726358054041
2.67,0,0.00143778034711429,0.0213723543007281
2.672,0,0.00145009980026485,0.0628646247607018
2.674,0,0.00146183082052206,0.102428286880012
2.676,0,0.00147272504672832,0.139130949171347
2.678,0,0.00148245634520875,0.171775123729415
2.68,0,0.00149089082950993,0.199846540674121
2.682,0,0.00149770976186206,0.222183522956989
2.684,0,0.00150271559326616,0.238049919921647
2.686,0,0.00150593465765007,0.247512934687445
2.688,0,0.00150722108816591,0.250021699810008
2.69,0,0.00150656786073799,0.24551722522657
2.692,0,0.00150402386704666,0.234139122240833
2.694,0,0.00149973207644433,0.216366556030486
2.696,0,0.00149385597555213,0.192755309443189
2.698,0,0.00148656115583052,0.163867504483795
2.7,0,0.0014780868510364,0.130538735234941
2.702,0,0.00146871834179262,0.0937861265875879
2.704,0,0.00145871772200119,0.0545408527126602
2.706,0,0.00144841118025685,0.013989606083363
2.708,0,0.00143809941549789,-0.0267614444254888
2.71,0,0.00142806373074471,-0.066677099675119
2.712,0,0.00141860851387629,-0.104637963903413
2.714,0,0.00141000133989301,-0.139651592352803
2.716,0,0.00140250505986747,-0.17074794478223
2.718,0,0.0013963855440741,-0.19695201706955
2.72,0,0.00139184400503012,-0.217517816431092
2.722,0,0.00138899924628425,-0.231995823712184
2.724,0,0.00138794520725442,-0.240022373315957
2.726,0,0.00138880510689302,-0.241122937598577
2.728,0,0.00139144482445472,-0.235753434954717
2.73,0,0.00139585307256278,-0.223925396249567
2.732,0,0.0014019799049617,-0.20578939721891
2.734,0,0.00140972792518658,-0.181668589895515
2.736,0,0.00141876013167267,-0.152778079824064
2.738,0,0.00142901755433556,-0.11930051731407
2.74,0,0.00144015909116771,-0.0824699782188184
2.742,0,0.0014519081762069,-0.0432801940086557
2.744,0,0.00146392559743168,-0.00296686728392478
2.746,0,0.00147587891174329,0.0372596981778616
2.748,0,0.00148744709922381,0.076220968887468
2.75,0,0.00149831022392777,0.112746463678529
2.752,0,0.00150810638237055,0.145519372922302
2.754,0,0.00151667101681506,0.173924530575749
2.756,0,0.00152369953827901,0.196856971102157
2.758,0,0.00152897531834622,0.213521194187153
2.76,0,0.00153243771762454,0.223679132116775
2.762,0,0.00153406684941721,0.227240722287411
2.764,0,0.00153373040664959,0.223707175020702
2.766,0,0.00153156335375732,0.213542477482255
2.768,0,0.00152766254295799,0.19707598037129
2.77,0,0.00152204747026493,0.1743553965583
2.772,0,0.00151497682813302,0.146304296227331
2.774,0,0.0015066956256962,0.113803893382486
2.776,0,0.00149733315831266,0.0773080830056398
2.778,0,0.00148727636830785,0.0382224400872129
2.78,0,0.00147680518006528,-0.00243931138945243
2.782,0,0.00146626397089321,-0.0434217883482521
2.784,0,0.00145598165707982,-0.0835209597343632
2.786,0,0.0014462826041268,-0.121554585521928
2.788,0,0.00143753937125133,-0.156171069643171
2.79,0,0.0014299731601741,-0.186566857627985
2.792,0,0.00142388310707771,-0.211662488328858
2.794,0,0.00141955038248288,-0.23044256350698
2.796,0,0.00141704170700581,-0.242660858346367
2.798,0,0.00141649832314555,-0.247801060598278
2.8,0,0.00141796369578353,-0.245693690439817
2.802,0,0.00142135826077998,-0.236607624719977
2.804,0,0.00142659005556231,-0.220853925470682
2.806,0,0.00143355474029745,-0.198787371604915
2.808,0,0.00144200679071729,-0.171280648738728
2.81,0,0.0014518224988351,-0.138765522882684
2.812,0,0.00146273597560605,-0.1021974919248
2.814,0,0.00147442399507076,-0.0627493094897173
2.816,0,0.0014866195735769,-0.021393203699046
2.818,0,0.0014990252082609,0.0207813452845109
2.82,0,0.0015113313943425,0.0626319076927107
2.822,0,0.00152325085813627,0.103099613440676
2.824,0,0.00153448472881326,0.141088111677099
2.826,0,0.00154468443302618,0.175328583635669
2.828,0,0.00155367886439279,0.205202828473201
2.83,0,0.00156111277071023,0.229430354031143
2.832,0,0.00156678712869842,0.247297284402294
2.834,0,0.00157066785517527,0.258684318829308
2.836,0,0.0015726074324948,0.263058164273205
2.838,0,0.00157249636043958,0.260016388055386
2.84,0,0.00157050094356769,0.250148080243548
2.842,0,0.0015666728334909,0.233624103257596
2.844,0,0.00156116140553067,0.210968728268445
2.846,0,0.00155414010520678,0.18279418957523
2.848,0,0.00154578014833369,0.149705934543048
2.85,0,0.0015364203591568,0.112927705603593
2.852,0,0.00152628515101695,0.0732660286737491
2.854,0,0.0015157080796075,0.0319380446056891
2.856,0,0.00150497731656802,-0.0100026336541132
2.858,0,0.00149439260094666,-0.0514519056085306
2.86,0,0.00148423522429885,-0.0913732894241287
2.862,0,0.00147476503445581,-0.128811753367801
2.864,0,0.00146628656182621,-0.162655877131337
2.866,0,0.00145905851960989,-0.191966904451916
2.868,0,0.00145331662870673,-0.215894082170717
2.87,0,0.00144917351138995,-0.23403406303364
2.872,0,0.00144684330443766,-0.245614146837257
2.874,0,0.00144638608339436,-0.250415884043977
2.876,0,0.00144778165600578,-0.24850757926478
2.878,0,0.00145102724003399,-0.239891899470959
2.88,0,0.00145610248994693,-0.224632440314365
2.882,0,0.00146284795884243,-0.203297155678581
2.884,0,0.00147111208726166,-0.176425899440719
2.886,0,0.00148068046793721,-0.144787811578473
2.888,0,0.0014913046747315,-0.109278114805142
2.89,0,0.0015026660361599,-0.0710537160833917
2.892,0,0.00151449885469793,-0.0310794452694849
2.894,0,0.00152646362946232,0.0094033656937712
2.896,0,0.00153824917993711,0.0492519674871877
2.898,0,0.00154955774029685,0.0873736562142503
2.9,0,0.00156011805737456,0.122774827347819
2.902,0,0.00156957920461876,0.15417740784008
2.904,0,0.00157780928003539,0.18110645206746
2.906,0,0.00158448063351429,0.202379467466921
2.908,0,0.00158948749355382,0.21762217571572
2.91,0,0.00159268939050895,0.226333088818517
2.912,0,0.00159404428793503,0.228365376713746
2.914,0,0.00159348587527595,0.223482141806209
2.916,0,0.00159116812775042,0.212240977854061
2.918,0,0.00158712465764006,0.194764635787767
2.92,0,0.00158143502601405,0.171344147486523
2.922,0,0.00157437712278506,0.142988676097168
2.924,0,0.00156605771804651,0.110092251298355
2.926,0,0.00155676984621701,0.0737218806940694
2.928,0,0.00154685785023396,0.0351281482671968
2.93,0,0.00153658441968147,-0.00472691938587977
2.932,0,0.00152631121289803,-0.0445248693495624
2.934,0,0.00151635843748414,-0.0831036723673782
2.936,0,0.00150703274248454,-0.119351940599432
2.938,0,0.00149871755533381,-0.151884773287646
2.94,0,0.00149163703373772,-0.179906438930695
2.942,0,0.00148607092094344,-0.202418054425984
2.944,0,0.00148227663455715,-0.218503817716988
2.946,0,0.00148029515175596,-0.228030269210827
2.948,0,0.00148020135186667,-0.230737248595552
2.95,0,0.00148203747588019,-0.226479818791727
2.952,0,0.0014857526872788,-0.21544644948141
2.954,0,0.00149125680922259,-0.197967671135367
2.956,0,0.00149847476837311,-0.174324167503897
2.958,0,0.00150710771650961,-0.14560640668116
2.96,0,0.00151700331922383,-0.112379363310115
2.962,0,0.00152800714477297,-0.0752249340372918
2.964,0,0.00153976287886168,-0.0354434667742081
2.966,0,0.00155199307412447,0.00594330353407727
2.968,0,0.00156437731873826,0.0477559561406562
2.97,0,0.00157659278281016,0.0888200527289819
2.972,0,0.00158832793540639,0.127999600583766
2.974,0,0.00159920013910485,0.163905284595347
2.976,0,0.00160897523725166,0.195716483713557
2.978,0,0.00161735847997521,0.222380704885345
2.98,0,0.00162411101984247,0.243056611345396
2.982,0,0.00162901754123066,0.256989071351057
2.984,0,0.00163199772270923,0.263911691078918
2.986,0,0.001632999751855,0.263655859410547
2.988,0,0.001631990227373,0.25611426242227
2.99,0,0.00162914096975056,0.24191798613684
2.992,0,0.00162451354579884,0.221297564865542
2.994,0,0.00161821699970243,0.194658290553462
2.996,0,0.00161057689916374,0.163186282795388
2.998,0,0.00160168800466929,0.127240030308818
3,0,0.00159188210306171,0.088031411621363
3.002,1.8426049382719e-09,0.00158144793876906,0.046620000428313
3.004,3.68520987654338e-09,0.00157070097117,0.00416196076976626
3.006,5.52781481481528e-09,0.00155994576550493,-0.038222763222413
3.008,7.37041975308677e-09,0.00154947559460467,-0.0794592613922638
3.01,9.21302469135866e-09,0.0015395630869847,-0.118555602991706
3.012,2.20374814814809e-08,0.00153055227621805,-0.154260026155853
3.014,3.4861938271606e-08,0.00152262746408211,-0.185927954824625
3.016,4.76863950617282e-08,0.00151612338591871,-0.212359086790169
3.018,6.05108518518533e-08,0.00151126308653467,-0.232775448939219
3.02,7.33353086419755e-08,0.0015081125462248,-0.246968593271227
3.022,1.07921246913585e-07,0.00150684552610919,-0.254332866513793
3.024,1.42507185185186e-07,0.00150759630212027,-0.254404059356248
3.026,1.77093123456795e-07,0.00151022309319618,-0.247708197483641
3.028,2.11679061728397e-07,0.0015147213204473,-0.234270831779725
3.03,2.46265000000006e-07,0.00152096665662013,-0.214547149750942
3.032,3.13172790123456e-07,0.00152887304180323,-0.188855361568661
3.034,3.80080580246921e-07,0.00153814604780003,-0.158264090583106
3.036,4.46988370370371e-07,0.00154859201143256,-0.123483182704391
3.038,5.13896160493835e-07,0.00155991736374911,-0.0855849450581417
3.04,5.80803950617285e-07,0.00157181766232213,-0.0456838568224453
3.042,6.903761851852e-07,0.00158399698677771,-0.00487196169208569
3.044,7.9994841975309e-07,0.00159615110669745,0.0357342576517091
3.046,9.09520654321004e-07,0.00160800293450403,0.0751121223899881
3.048,1.01909288888889e-06,0.00161925937210472,0.112185857643413
3.05,1.12866512345681e-06,0.00162965402567507,0.145990618507643
3.052,1.29102809876543e-06,0.00163889603127442,0.175480843950301
3.054,1.45339107407409e-06,0.00164685022610361,0.200195472579957
3.056,1.61575404938272e-06,0.00165319362469854,0.218983847354052
3.058,1.77811702469138e-06,0.00165781106188655,0.231464595333702
3.06,1.94048000000001e-06,0.00166062688632526,0.237394852628956
3.062,2.1655451975309e-06,0.0016615483079004,0.236464874215696
3.064,2.39061039506174e-06,0.00166064771580852,0.228958921313807
3.066,2.61567559259263e-06,0.00165796464158663,0.215038838731335
3.068,2.84074079012347e-06,0.00165361571923432,0.195143691276502
3.07,3.06580598765436e-06,0.0016476687037732,0.169540818680029
3.072,3.36327155555556e-06,0.00164040553306934,0.139264159725629
3.074,3.66073712345676e-06,0.00163200827776452,0.104993668709087
3.076,3.95820269135803e-06,0.00162275694992749,0.0677591164066477
3.078,4.25566825925924e-06,0.00161296774842556,0.0287162541370844
3.08,4.5531338271605e-06,0.00160294277906916,-0.0110251015948468
3.082,4.93248606172836e-06,0.00159300722073558,-0.0502785631413933
3.084,5.31183829629631e-06,0.0015834702898566,-0.0879229991709526
3.086,5.69119053086417e-06,0.00157462392907677,-0.12290710231606
3.088,6.07054276543211e-06,0.00156683622887174,-0.153902529222535
3.09,6.44989499999997e-06,0.00156029924924792,-0.180245546790752
3.092,6.92040982716052e-06,0.00155529173349885,-0.200950095100707
3.094,7.39092465432096e-06,0.00155204288394075,-0.215218579095271
3.096,7.8614394814815e-06,0.00155056399344264,-0.223045329223969
3.098,8.33195430864194e-06,0.00155094863343661,-0.224121117728534
3.1,8.80246913580249e-06,0.00155327106429735,-0.218208665090206
3.102,9.37321359259255e-06,0.00155739603752654,-0.205824737588498
3.104,9.94395804938274e-06,0.00156328925773507,-0.187124526339055
3.106,1.05147025061728e-05,0.00157087524159106,-0.162420212253112
3.108,1.1085446962963e-05,0.0015798642252872,-0.132781856456442
3.11,1.1656191419753e-05,0.00159019627022963,-0.0984736436785848
3.112,1.23360251358025e-05,0.00160159255801254,-0.0605352202538899
3.114,1.30158588518518e-05,0.00161374116677604,-0.0201153005233613
3.116,1.36956925679013e-05,0.00162633382436565,0.0216535125346728
3.118,1.43755262839506e-05,0.00163904310442018,0.063565897369415
3.12,1.505536e-05,0.00165151706863306,0.10434041548417
3.122,1.58529366790123e-05,0.00166343377684779,0.142821671230348
3.124,1.66505133580247e-05,0.00167441205814601,0.177632712247508
3.126,1.7448090037037e-05,0.00168420949865557,0.207934205116978
3.128,1.82456667160494e-05,0.00169258988159707,0.232898296396438
3.13,1.90432433950617e-05,0.00169924327156984,0.251427255028515
3.132,1.99670122962964e-05,0.0017040512159237,0.263137487075283
3.134,2.08907811975308e-05,0.00170699123953442,0.267989757450462
3.136,2.18145500987655e-05,0.00170798684187577,0.265741809569272
3.138,2.2738319e-05,0.00170703210669366,0.256408082778575
3.14,2.36620879012346e-05,0.00170431422975002,0.240698620662475
3.142,2.47202953209876e-05,0.00169977570873639,0.218441882646545
3.144,2.57785027407408e-05,0.00169376534647173,0.190929284190186
3.146,2.68367101604938e-05,0.00168641112325871,0.158654956249065
3.148,2.7894917580247e-05,0.00167789830017812,0.122325585337793
3.15,2.89531249999999e-05,0.00166858158741231,0.0832408266483988
3.152,3.01538157530865e-05,0.00165874670181653,0.0424536173799081
3.154,3.13545065061728e-05,0.00164870560933912,0.00111459926152124
3.156,3.25551972592593e-05,0.00163878167170295,-0.0396063990305917
3.158,3.37558880123456e-05,0.00162927707336923,-0.0786126476600836
3.16,3.49565787654322e-05,0.00162054696349302,-0.114622779115684
3.162,3.63075976666666e-05,0.00161282519499907,-0.146831492886137
3.164,3.76586165679013e-05,0.00160639885645972,-0.174228399897955
3.166,3.90096354691357e-05,0.0016016117673748,-0.195611886000526
3.168,4.03606543703705e-05,0.00159855641188925,-0.210704481135288
3.17,4.17116732716049e-05,0.00159737767566022,-0.219029588906547
3.172,4.32206666172841e-05,0.00159824690614438,-0.220017100713607
3.174,4.47296599629629e-05,0.00160109619088707,-0.21394897559145
3.176,4.62386533086421e-05,0.00160589709593347,-0.200959477911388
3.178,4.77476466543209e-05,0.00161252588379296,-0.181520519901573
3.18,4.92566400000001e-05,0.00162091842482858,-0.155900712744307
3.182,5.09310570493827e-05,0.00163080566629081,-0.125091460144428
3.184,5.26054740987656e-05,0.00164200382823131,-0.0897941214531815
3.186,5.42798911481481e-05,0.00165419408398058,-0.0511786339163487
3.188,5.5954308197531e-05,0.0016671370263887,-0.0101550192057734
3.19,5.76287252469135e-05,0.00168050987123156,0.0320958245506479
3.192,5.94758197037039e-05,0.00169402999840865,0.0745049554827025
3.194,6.13229141604938e-05,0.00170740752249737,0.1160129948278
3.196,6.31700086172841e-05,0.00172036569261866,0.155607239102793
3.198,6.5017103074074e-05,0.00173264807904228,0.192367464196859
3.2,6.68641975308644e-05,0.00174389337363064,0.224974815921967
3.202,6.88910290246913e-05,0.00175398130527821,0.253069066413819
3.204,7.09178605185187e-05,0.0017625640318627,0.275401236035396
3.206,7.29446920123456e-05,0.00176946936762038,0.291410143632317
3.208,7.4971523506173e-05,0.00177460439193734,0.300816604525809
3.21,7.6998355e-05,0.00177786293143802,0.303279226543516
3.212,7.92117905679015e-05,0.00177925417600955,0.298874409288211
3.214,8.14252261358025e-05,0.00177881091065411,0.287755196003761
3.216,8.36386617037039e-05,0.0017766219503127,0.27027488021384
3.218,8.58520972716049e-05,0.00177282723036604,0.24697046236227
3.22,8.80655328395064e-05,0.00176757144266803,0.218397023530676
3.222,9.04722484074074e-05,0.00176107382592683,0.185379338744418
3.224,9.28789639753089e-05,0.00175362043620385,0.14897832212204
3.226,9.52856795432099e-05,0.00174546421364599,0.110135869330392
3.228,9.76923951111114e-05,0.00173691852536023,0.0700066213286878
3.23,0.000100099110679012,0.00172828665553523,0.0296991176601693
3.232,0.00010270559254321,0.00171987160231069,-0.00967245949550317
3.234,0.000105312074407407,0.00171197074455755,-0.0470364417481294
3.236,0.000107918556271605,0.00170486309243458,-0.0813951360754536
3.238,0.000110525038135802,0.00169885079108631,-0.111675432540124
3.24,0.00011313152,0.00169417118931009,-0.137053608391034
3.242,0.000115944066308642,0.00169108431335403,-0.15663258594566
3.244,0.000118756612617284,0.00168971735864514,-0.170001685345621
3.246,0.000121569158925926,0.00169017872088388,-0.176819053331883
3.248,0.000124381705234568,0.00169251441356209,-0.176966176711811
3.25,0.00012719425154321,0.0016967717787819,-0.17032293600536
3.252,0.000130218973777778,0.00170286679670539,-0.157235710167332
3.254,0.000133243696012346,0.00171068735973732,-0.138149483169326
3.256,0.000136268418246914,0.00172020870061513,-0.113216518159433
3.258,0.000139293140481482,0.00173121375504987,-0.0832584012228136
3.26,0.00014231786271605,0.00174351055096558,-0.0490179315339079
3.262,0.00014556068717284,0.00175680782297074,-0.0115718253133534
3.264,0.00014880351162963,0.00177082013084318,0.0280158187336394
3.266,0.00015204633608642,0.00178522441082644,0.0685503673924816
3.268,0.00015528916054321,0.0017996743458425,0.108775726551118
3.27,0.000158531985,0.00181384290978162,0.147503159786625
3.272,0.000161998654271605,0.00182742574598775,0.183648323935799
3.274,0.00016546532354321,0.00184006305189952,0.215904913476725
3.276,0.000168931992814815,0.0018514614899461,0.243249700096589
3.278,0.00017239866208642,0.00186140948992789,0.264969858356555
3.28,0.000175865331358025,0.00186968876216463,0.280320371747694
3.282,0.000179565091024691,0.00187624381862225,0.289173822414094
3.284,0.000183264850691359,0.00188101295314142,0.291363595834566
3.286,0.000186964610358025,0.00188380757748649,0.286256782091026
3.288,0.000190664370024692,0.00188481523563419,0.274604622674653
3.29,0.000194364129691358,0.00188409941655209,0.256690579837926
3.292,0.000198320637876544,0.0018816738274681,0.232623978492038
3.294,0.000202277146061728,0.00187775750605486,0.203255403002879
3.296,0.000206233654246914,0.00187260522456569,0.169546894004075
3.298,0.000210190162432099,0.001866365073556,0.132092229105424
3.3,0.000214146670617285,0.00185942432598216,0.0923037181800933
3.302,0.000218386686950617,0.00185204350961339,0.0511611889428885
3.304,0.000222626703283951,0.00184457102144842,0.00993552413079814
3.306,0.000226866719617284,0.00183733539847182,-0.0301895104852194
3.308,0.000231106735950618,0.00183067544608203,-0.0679924484930557
3.31,0.000235346752283951,0.0018249416777652,-0.102235202321804
3.312,0.000239896420098766,0.00182037983854674,-0.132079001164989
3.314,0.00024444608791358,0.00181726252348654,-0.156582824487058
3.316,0.000248995755728396,0.00181592315567497,-0.174599090976244
3.318,0.00025354542354321,0.00181638641041141,-0.186106667250185
3.32,0.000258095091358025,0.00181888704187458,-0.190321638963894
3.322,0.000262979942135803,0.00182341876033065,-0.187327091796473
3.324,0.000267864792913581,0.0018299882984473,-0.177156525484106
3.326,0.000272749643691358,0.00183845029371726,-0.160377089126984
3.328,0.000277634494469137,0.00184876030955282,-0.137211707953837
3.33,0.000282519345246914,0.00186072594452276,-0.108408326732597
3.332,0.000287764303061728,0.0018740848290078,-0.0749463242165338
3.334,0.000293009260876543,0.00188872626594394,-0.0373197209938029
3.336,0.000298254218691358,0.0019042548530337,0.00304891026583125
3.338,0.000303499176506173,0.00192046687015525,0.0453419648319931
3.34,0.000308744134320987,0.00193703995917899,0.0883712310484017
3.342,0.000314373520283951,0.00195367595066038,0.131054342948325
3.344,0.000320002906246913,0.00197008378854928,0.172308022944056
3.346,0.000325632292209877,0.001985964452661,0.211063469537678
3.348,0.000331261678172839,0.00200098267363442,0.246122770359993
3.35,0.000336891064135803,0.0020149441156115,0.276865957259038
3.352,0.000342928600839506,0.00202750843098867,0.302076626798748
3.354,0.00034896613754321,0.00203844619102708,0.320999635880533
3.356,0.000355003674246913,0.00204770851236044,0.333547130287144
3.358,0.000361041210950618,0.00205513997392089,0.33920755798458
3.36,0.000367078747654321,0.00206062874400384,0.337630029862513
3.362,0.000373547563617284,0.00206430633679797,0.32935385590173
3.364,0.000380016379580247,0.0020662141727422,0.314572546475247
3.366,0.00038648519554321,0.00206648495172893,0.293811932878088
3.368,0.000392954011506172,0.00206524949770776,0.267591624380211
3.37,0.000399422827469136,0.00206271393076667,0.236701558579158
3.372,0.000406345461580246,0.00205916221224288,0.202205550921331
3.374,0.000413268095691358,0.0020548109198364,0.164924804068771
3.376,0.000420190729802469,0.00204998109579229,0.126043201363695
3.378,0.000427113363913581,0.00204496462447934,0.086638743248564
3.38,0.000434035998024691,0.00204005883407222,0.0477928707513256
3.382,0.000441434403987655,0.00203556612557317,0.0106018927219506
3.384,0.000448832809950617,0.00203174925317232,-0.0240057206164564
3.386,0.000456231215913581,0.00202895279339549,-0.0548075651909546
3.388,0.000463629621876543,0.00202736376088898,-0.0811806813513483
3.39,0.000471028027839506,0.002027282001503,-0.102097709901502
3.392,0.000478923578617283,0.00202890503514015,-0.116916534384861
3.394,0.000486819129395062,0.00203235673605003,-0.125263049593083
3.396,0.000494714680172839,0.00203778176668615,-0.126694348289907
3.398,0.000502610230950618,0.00204511831447584,-0.121490800474982
3.4,0.000510505781728395,0.0020544230365449,-0.109521616457778
3.402,0.000518919273987655,0.00206566786385406,-0.0909599577071983
3.404,0.000527332766246913,0.00207867900512764,-0.0664778634506567
3.406,0.000535746258506173,0.00209335643782216,-0.0365102405162655
3.408,0.000544159750765432,0.0021095104658438,-0.00180604423886698
3.41,0.000552573243024692,0.00212687250449633,0.0366161268360189
3.412,0.000561524901580247,0.00214513591384749,0.0776312008195627
3.414,0.000570476560135803,0.0021640264008653,0.12018934377193
3.416,0.000579428218691358,0.00218322003758783,0.163059084498364
3.418,0.000588379877246915,0.00220238626433006,0.205077929981903
3.42,0.000597331535802469,0.00222122554354441,0.245130975918282
3.422,0.00060684101806173,0.00223944504480904,0.282167169407025
3.424,0.000616350500320988,0.00225672945969053,0.315044131256538
3.426,0.000625859982580248,0.00227283716988379,0.342941371967992
3.428,0.000635369464839506,0.00228754897333068,0.365116868904523
3.43,0.000644878947098766,0.00230068836518688,0.380998109998965
3.432,0.000654965347506173,0.00231212411956026,0.390179972572359
3.434,0.000665051747913581,0.00232177554873379,0.39244210293433
3.436,0.000675138148320987,0.00232969980245031,0.38808000595759
3.438,0.000685224548728396,0.00233589787741533,0.37715633150692
3.44,0.000695310949135802,0.00234046238635465,0.360074131865404
3.442,0.000705992803617285,0.00234342884874231,0.337018579547979
3.444,0.000716674658098765,0.00234509195069537,0.309129465904133
3.446,0.000727356512580248,0.00234558051216413,0.276917958839888
3.448,0.000738038367061728,0.00234516345869614,0.241401449304228
3.45,0.000748720221543211,0.00234419726981394,0.203898633703634
3.452,0.000760015511950617,0.00234295077206566,0.165399187094326
3.454,0.000771310802358026,0.00234177465430584,0.127176661453875
3.456,0.000782606092765432,0.00234100157264974,0.0904236102140418
3.458,0.000793901383172841,0.00234095190803601,0.056273487647153
3.46,0.000805196673580247,0.00234200721284286,0.0260600265378446
3.462,0.000817122832135804,0.00234436448027563,0.00044795316078674
3.464,0.000829048990691358,0.0023483284128122,-0.0195281550198747
3.466,0.000840975149246915,0.00235413786138759,-0.0330859921805781
3.468,0.000852901307802469,0.00236190343049703,-0.0399021133612203
3.47,0.000864827466358025,0.00237168235499336,-0.0398442751014037
3.472,0.000877401380098765,0.00238358174328752,-0.0326273729811152
3.474,0.000889975293839508,0.0023974261846993,-0.0189271263175877
3.476,0.000902549207580247,0.00241316885573995,0.0010067887485371
3.478,0.000915123121320989,0.00243080085727095,0.0270141182866677
3.48,0.000927697035061729,0.00244998750652034,0.0578877579422309
3.482,0.000940935050283953,0.00247069042922475,0.0933390564843105
3.484,0.000954173065506173,0.00249261751324676,0.132261350644873
3.486,0.000967411080728397,0.00251543983855712,0.173480475257092
3.488,0.000980649095950617,0.0025389293613841,0.216064106161784
3.49,0.000993887111172841,0.00256275162049762,0.2588019541858
3.492,0.00100780503787654,0.00258658394453902,0.300510443232775
3.494,0.00102172296458025,0.00261011891416917,0.340120544566465
3.496,0.00103564089128395,0.00263300455048639,0.376337155436403
3.498,0.00104955881798766,0.00265493845427448,0.40814892464054
3.5,0.00106347674469136,0.00267572400696432,0.434947284375292
3.502,0.00107808986102469,0.00269494069047482,0.455178813103982
3.504,0.00109270297735802,0.00271255878581454,0.468912485092524
3.506,0.00110731609369136,0.00272842621437842,0.475661887144031
3.508,0.00112192921002469,0.00274244505268816,0.47514589881016
3.51,0.00113654232635803,0.00275465162042273,0.467586009719933
3.512,0.00115186538306173,0.00276509294708024,0.453222823278265
3.514,0.00116718843976543,0.00277386370652128,0.432469477266429
3.516,0.00118251149646914,0.00278107558163246,0.405798405416827
3.518,0.00119783455317284,0.00278702366404925,0.374361091949408
3.52,0.00121315760987654,0.00279180046635088,0.338534259523653
3.522,0.0012292048347284,0.00279573030717906,0.299551546080461
3.524,0.00124525205958025,0.00279910732682689,0.258517323545003
3.526,0.0012612992844321,0.00280222583185667,0.216524940561881
3.528,0.00127734650928395,0.00280539552553235,0.17471232981357
3.53,0.0012933937341358,0.00280890780692654,0.134136015350181
3.532,0.00131017883639506,0.00281306011898657,0.0958582096246076
3.534,0.00132696393865432,0.00281819880377736,0.0610958941754428
3.536,0.00134374904091358,0.00282448587598154,0.0303936251534187
3.538,0.00136053414317284,0.00283233184436775,0.00515430326245579
3.54,0.0013773192454321,0.00284182125202987,-0.0143795908781492
3.542,0.00139485542028395,0.0028532616668285,-0.0272043759116797
3.544,0.0014123915951358,0.00286664761885717,-0.0334016976158194
3.546,0.00142992776998766,0.00288213618376403,-0.0325054214801322
3.548,0.00144746394483951,0.0028996871673142,-0.0247239760307991
3.55,0.00146500011969136,0.00291929373249726,-0.0101638388823015
3.552,0.00148330005269136,0.00294079687299946,0.0105565157904518
3.554,0.00150159998569136,0.00296411805107893,0.0370643269893399
3.556,0.00151989991869136,0.00298904559040949,0.0685360731134996
3.558,0.00153819985169136,0.00301535494742538,0.104083862799444
3.56,0.00155649978469136,0.00304268485242438,0.142439133634997
3.562,0.00157557749881482,0.00307086101891122,0.182812592508292
3.564,0.00159465521293827,0.00309952104570794,0.223916649306349
3.566,0.00161373292706173,0.00312837391648767,0.264652710767527
3.568,0.00163281064118519,0.0031571251385449,0.303953132341047
3.57,0.00165188835530864,0.00318549942840593,0.340841635711578
3.572,0.0016717646694321,0.00321316233415026,0.374057872505545
3.574,0.00169164098355556,0.00323992178658889,0.403058408773466
3.576,0.00171151729767901,0.00326550726614334,0.426871777062042
3.578,0.00173139361180247,0.00328966026658598,0.444621947164296
3.58,0.00175126992592593,0.00331224522739467,0.455934125305261
3.582,0.00177196680301235,0.00333321911304698,0.460765807347351
3.584,0.00179266368009877,0.00335244181433195,0.458664206603337
3.586,0.00181336055718518,0.00336996475375882,0.449917088337819
3.588,0.00183405743427161,0.00338584133236851,0.43479557224802
3.59,0.00185475431135802,0.0034001929059151,0.413818825930969
3.592,0.00187629300325926,0.00341309849982576,0.387335406290134
3.594,0.00189783169516049,0.00342478525602466,0.356243201138376
3.596,0.00191937038706173,0.00343547248215511,0.321393525656303
3.598,0.00194090907896296,0.00344543518632102,0.283828297247538
3.6,0.0019624477708642,0.0034549909882887,0.244731651019934
3.602,0.00198484882424691,0.00346444479517628,0.205223410707821
3.604,0.00200724987762963,0.00347412132056217,0.166482714786843
3.606,0.00202965093101235,0.00348433690689541,0.129641484885338
3.608,0.00205205198439506,0.00349541491322077,0.0958395111704049
3.61,0.00207445303777778,0.00350763642221726,0.0660504913914445
3.612,0.00209773630004938,0.00352133324047091,0.0414072850334788
3.614,0.00212101956232099,0.00353673700635984,0.0226722828607297
3.616,0.00214430282459259,0.00355399014413391,0.0102798152502143
3.618,0.0021675860868642,0.0035732383216475,0.00466117307768519
3.62,0.0021908693491358,0.00359455979583351,0.00599953865783518
3.622,0.00221505397437037,0.00361790739761287,0.0140442236296242
3.624,0.00223923859960494,0.00364326698383462,0.0286446298042671
3.626,0.0022634232248395,0.00367054055844276,0.0493626019274423
3.628,0.00228760785007408,0.00369968260288345,0.075901034199452
3.63,0.00231179247530864,0.00373044396993296,0.107325019590972
3.632,0.00233689693017284,0.00376273539467762,0.143164386539824
3.634,0.00236200138503704,0.00379626638317665,0.182313207292217
3.636,0.00238710583990124,0.00383069821041754,0.223568899329088
3.638,0.00241221029476543,0.00386577617132083,0.265914417363768
3.64,0.00243731474962963,0.00390114999134949,0.30806605382466
3.642,0.00246335681930864,0.00393648027828531,0.348822582849492
3.644,0.00248939888898766,0.003971449321361,0.38707767437697
3.646,0.00251544095866667,0.00400567191417375,0.421398875326443
3.648,0.00254148302834568,0.00403892032313055,0.451115489960036
3.65,0.00256752509802469,0.00407090083260657,0.475183660014302
3.652,0.00259452189214815,0.00410134401291341,0.492692416620369
3.654,0.0026215186862716,0.00413021037469489,0.50365992299642
3.656,0.00264851548039506,0.00415736055831516,0.507651826102349
3.658,0.00267551227451852,0.00418267861257823,0.504323464665603
3.66,0.00270250906864198,0.00420630718026545,0.494333068618679
3.662,0.00273047702720987,0.00422829996447302,0.477958215333517
3.664,0.00275844498577778,0.00424865778093926,0.455268033999461
3.666,0.00278641294434568,0.00426763044592322,0.427280304858885
3.668,0.00281438090291358,0.00428542891065781,0.394835790523854
3.67,0.00284234886148148,0.00430220861239555,0.358550309450231
3.672,0.00287130376079013,0.00431831584274163,0.319738894493154
3.674,0.00290025866009876,0.00433403360245532,0.279460199745508
3.676,0.00292921355940741,0.00434968132248901,0.23889007581749
3.678,0.00295816845871605,0.00436557040531115,0.19916097180377
3.68,0.00298712335802469,0.00438200788254763,0.161366928707985
3.682,0.00301708031659259,0.0043993256506657,0.126669470498906
3.684,0.0030470372751605,0.00441777313554436,0.0959194431776212
3.686,0.00307699423372839,0.00443769561791495,0.0702817400589016
3.688,0.0031069511922963,0.00445937793633254,0.0506837104837631
3.69,0.0031369081508642,0.00448288377142992,0.0372804203628088
3.692,0.00316788163535803,0.00450842586387516,0.030727126956239
3.694,0.00319885511985185,0.00453616236735252,0.0314730964097266
3.696,0.00322982860434568,0.00456601497347088,0.0391718891150998
3.698,0.00326080208883951,0.00459801509212649,0.0538290299486923
3.7,0.00329177557333334,0.00463203620443762,0.0749186322133533
3.702,0.00332377940449383,0.0046680381745789,0.102158039981336
3.704,0.00335578323565432,0.00470560616748183,0.134105445432118
3.706,0.00338778706681482,0.00474475038227881,0.170576187842769
3.708,0.00341979089797531,0.00478511655387196,0.210280319899937
3.71,0.0034517947291358,0.00482641636392325,0.252131984013907
3.712,0.00348484208770371,0.00486839195640213,0.295090844231755
3.714,0.00351788944627161,0.00491072311740522,0.338008987194887
3.716,0.00355093680483951,0.00495313373895791,0.379861807075979
3.718,0.00358398416340741,0.00499534225968805,0.419629586105884
3.72,0.00361703152197531,0.00503708324076733,0.456395004703466
3.722,0.00365113495461728,0.00507800790490984,0.488844302497063
3.724,0.00368523838725926,0.0051179489870949,0.516571550536103
3.726,0.00371934181990123,0.00515660758449332,0.538494907134123
3.728,0.00375344525254321,0.00519379808753797,0.554063005780089
3.73,0.00378754868518519,0.0052294004512379,0.562952273603468
3.732,0.00382272011041976,0.00526328884305594,0.564780506923729
3.734,0.00385789153565432,0.00529553646775593,0.559947431352223
3.736,0.00389306296088889,0.0053261373788586,0.548493951765213
3.738,0.00392823438612346,0.00535517469464809,0.530801373051896
3.74,0.00396340581135803,0.0053827551205838,0.507328249130038
3.742,0.00399965652548148,0.00540906185203034,0.478819832097186
3.744,0.00403590723960494,0.00543431738453843,0.446154082075136
3.746,0.0040721579537284,0.00545875899819998,0.410244224360194
3.748,0.00410840866785186,0.00548266975270535,0.372158461937068
3.75,0.00414465938197531,0.00550635514915314,0.333034932092035
3.752,0.00418200006498766,0.00553012220307064,0.293992701358276
3.754,0.004219340748,0.00555427208026685,0.256122689659775
3.756,0.00425668143101235,0.00557910391693358,0.220485736706651
3.758,0.00429402211402469,0.00560497012860661,0.188302909312484
3.76,0.00433136279703704,0.00563205754631832,0.160218543862545
3.762,0.0043698035185679,0.00566074818768971,0.137505924105204
3.764,0.00440824424009877,0.00569116805952647,0.120554598893995
3.766,0.00444668496162963,0.0057235241792132,0.109999496858462
3.768,0.0044851256831605,0.00575791007606266,0.106077239779461
3.77,0.00452356640469136,0.00579444331968485,0.109077310750531
3.772,0.00456311662992593,0.00583299977802124,0.118497394387757
3.774,0.00460266685516049,0.00587359134523977,0.134257313947154
3.776,0.00464221708039507,0.00591618536259103,0.156107104975032
3.778,0.00468176730562963,0.00596053913334288,0.183149714217121
3.78,0.0047213175308642,0.00600664301961222,0.21515648290664
3.782,0.00476198612646913,0.00605421384359759,0.25106161810056
3.784,0.00480265472207408,0.00610299264924764,0.289846516844364
3.786,0.00484332331767901,0.00615263194726929,0.330280818611768
3.788,0.00488399191328396,0.00620284426050363,0.371225415863155
3.79,0.00492466050888889,0.006253272873593,0.411438361589731
3.792,0.00496645574893828,0.00630359549090924,0.449739133596314
3.794,0.00500825098898766,0.0063534868262848,0.484979397205547
3.796,0.00505004622903704,0.00640261649938394,0.515988467796577
3.798,0.00509184146908642,0.00645071984631172,0.5418999530211
3.8,0.00513363670913581,0.00649749743965291,0.561655081752609
3.802,0.00517656628103704,0.00654282242241088,0.574969822990997
3.804,0.00521949585293828,0.00658661042709816,0.581673952155011
3.806,0.00526242542483951,0.00662874035318873,0.581412811531651
3.808,0.00530535499674075,0.00666909898738128,0.57385861399645
3.81,0.00534828456864198,0.00670784891489823,0.559781643886434
3.812,0.00539235557906174,0.00674504028848907,0.539460021082117
3.814,0.00543642658948148,0.00678067866482748,0.512989160383013
3.816,0.00548049759990124,0.0068150649918691,0.48160416445205
3.818,0.00552456861032099,0.00684834254473727,0.445890164835608
3.82,0.00556863962074074,0.00688075477559826,0.406796267669915
3.822,0.00561385860153086,0.00691262398667318,0.365549961549706
3.824,0.00565907758232099,0.00694426488775082,0.323329185180803
3.826,0.00570429656311111,0.00697600361251157,0.281324442103378
3.828,0.00574951554390124,0.00700815596795411,0.240679237174767
3.83,0.00579473452469136,0.00704105978956282,0.202584586347986
3.832,0.00584110743881483,0.00707507417753112,0.168283313155752
3.834,0.00588748035293828,0.00711039917115589,0.138450537872736
3.836,0.00593385326706174,0.0071473723168108,0.114208999248713
3.838,0.00598022618118519,0.00718627427013315,0.0964578539595072
3.84,0.00602659909530864,0.00722715881564348,0.0853156293536323
3.842,0.00607413134276544,0.00727022687706245,0.0813768033878079
3.844,0.00612166359022222,0.00731555495506119,0.08479798942683
3.846,0.00616919583767902,0.00736299817038545,0.0950063135246112
3.848,0.0062167280851358,0.00741253555435409,0.111815618716137
3.85,0.0062642603325926,0.00746412728831922,0.134942047045075
3.852,0.00631295675634568,0.0075174479247859,0.163215772544689
3.854,0.00636165318009877,0.0075724742742107,0.196354948127702
3.856,0.00641034960385185,0.00762891382915308,0.233243729413391
3.858,0.00645904602760494,0.00768646100692174,0.272750210869839
3.86,0.00650774245135803,0.00774486578912874,0.313885154005927
3.862,0.00655760734325926,0.00780382883708626,0.355519349738592
3.864,0.00660747223516049,0.00786304749068763,0.396558749222529
3.866,0.00665733712706173,0.00792222949104919,0.435964923695612
3.868,0.00670720201896296,0.00798108284546131,0.472711205057209
3.87,0.0067570669108642,0.00803928463973969,0.50564351135
3.872,0.00680810401758024,0.0080965733662238,0.53393753668766
3.874,0.0068591411242963,0.0081526781481522,0.556681189189589
3.876,0.00691017823101234,0.00820733750240455,0.573021611646285
3.878,0.0069612153377284,0.00826050391406001,0.582976903601555
3.88,0.00701225244444445,0.008312015125679,0.58602313375719
3.882,0.00706446497338272,0.00836180282244407,0.582010695791954
3.884,0.00711667750232099,0.00840992617370803,0.571270926722025
3.886,0.00716889003125926,0.00845645829916617,0.55416312560362
3.888,0.00722110256019753,0.00850152340250348,0.531232233280791
3.89,0.0072733150891358,0.00854525508107233,0.503046247429501
3.892,0.00732670571437036,0.00858784308640378,0.470375237927965
3.894,0.00738009633960494,0.00862955292765218,0.434262857009815
3.896,0.0074334869648395,0.00867062178874281,0.395616493279359
3.898,0.00748687759007408,0.00871135153127465,0.355572327254376
3.9,0.00754026821530864,0.00875204637631967,0.31525791381279
3.902,0.00759483908350618,0.00879299513868694,0.275723305691129
3.904,0.0076494099517037,0.00883449065993755,0.238014453605202
3.906,0.00770398081990124,0.00887685221187093,0.203247443812165
3.908,0.00775855168809876,0.00892036650001259,0.172405148382334
3.91,0.0078131225562963,0.00896529629625521,0.146364045370512
3.912,0.00786887529264197,0.00901190009226229,0.125959020332863
3.914,0.00792462802898766,0.00906037497972718,0.111792792077804
3.916,0.00798038076533333,0.00911083686381444,0.104175724099654
3.918,0.00803613350167902,0.00916336080409364,0.103270021653317
3.92,0.00809188623802469,0.00921806308641216,0.109348605441599
3.922,0.00814882195214816,0.00927485986870002,0.122026482875587
3.924,0.0082057576662716,0.00933365011496938,0.14086014353943
3.926,0.00826269338039507,0.00939445744575652,0.165757293888346
3.928,0.00831962909451852,0.00945705413636582,0.195842175655773
3.93,0.00837656480864198,0.00952124426601551,0.230320744596161
3.932,0.00843468410054321,0.00958681045271557,0.268299908981393
3.934,0.00849280339244445,0.00965345212932422,0.308630588025827
3.936,0.00855092268434568,0.00972082758286146,0.350101866253973
3.938,0.00860904197624692,0.00978864440000038,0.391551345108418
3.94,0.00866716126814815,0.0098565724595441,0.431798003218998
3.942,0.00872646423412346,0.0099243030192938,0.469758323062028
3.944,0.00878576720009876,0.00999148771710105,0.504095929007118
3.946,0.00884507016607408,0.0100579116115559,0.534263586442705
3.948,0.00890437313204938,0.0101232799753137,0.559156250127005
3.95,0.00896367609802469,0.0101873017312411,0.577766111936141
3.952,0.00902416233659259,0.0102498921082569,0.590002108932697
3.954,0.0090846485751605,0.0103109397041613,0.595575082197398
3.956,0.0091451348137284,0.0103702895699131,0.59399575458053
3.958,0.00920562105229631,0.0104280353454859,0.585788388922835
3.96,0.0092661072908642,0.0104841710306437,0.571022824913263
3.962,0.00932777590869137,0.0105387640796471,0.550052597966672
3.964,0.00938944452651852,0.010591991872709,0.523648431633787
3.966,0.00945111314434569,0.0106439530882989,0.492240417920501
3.968,0.00951278176217284,0.0106948849067411,0.456777076542076
3.97,0.00957445038,0.0107451320560572,0.418595334054506
3.972,0.00963729999782716,0.0107949410247103,0.378618819152453
3.974,0.00970014961565433,0.0108446388991761,0.338052171963681
3.976,0.00976299923348148,0.0108945608318489,0.298123762062211
3.978,0.00982584885130865,0.0109450307020088,0.259983746395275
3.98,0.0098886984691358,0.0109964293710285,0.224957377474585
3.982,0.00995272722770371,0.0110489869441834,0.19383763334673
3.984,0.0100167559862716,0.0111030220394132,0.167690702087134
3.986,0.0100807847448395,0.0111588725157701,0.14761859604429
3.988,0.0101448135034074,0.0112166399675988,0.133904393586315
3.99,0.0102088422619753,0.0112764614473757,0.126931357460052
3.992,0.0102740478279506,0.0113385025786951,0.127148247323067
3.994,0.0103392533939259,0.0114026819337945,0.134180408725139
3.996,0.0104044589599012,0.0114689735675048,0.147819416175574
3.998,0.0104696645258766,0.0115373469351149,0.167810089060619
4,0.0105348700918519,0.0116075465952654,0.193202127880764
4.002,0.0106012496637531,0.0116795915785722,0.223833372358398
4.004,0.0106676292356543,0.0117531982569962,0.25863059504397
4.006,0.0107340088075556,0.0118281210313446,0.296618689245218
4.008,0.0108003883794568,0.0119040655804956,0.33672050362972
4.01,0.010866767951358,0.0119807771515344,0.377900105688582
4.012,0.0109343182654815,0.0120579250077814,0.418962357629528
4.014,0.0110018685796049,0.0121351952253863,0.458801582906916
4.016,0.0110694188937284,0.0122122860215717,0.496386409753098
4.018,0.0111369692078518,0.0122888579276766,0.530456345191552
4.02,0.0112045195219753,0.0123645771748256,0.559879883327266
4.022,0.011273236858321,0.0124392086695984,0.583967805911677
4.024,0.0113419541946667,0.0125124763545578,0.601787289441991
4.026,0.0114106715310123,0.0125842503374343,0.613042051799367
4.028,0.011479388867358,0.0126544286171809,0.617487073222382
4.03,0.0115481062037037,0.0127228311425898,0.614529730990418
4.032,0.0116179863919012,0.0127895853226255,0.604820614172482
4.034,0.0116878665800988,0.0128547363474134,0.588625033103636
4.036,0.0117577467682963,0.0129182621147128,0.565932869269974
4.038,0.0118276269564938,0.0129804517605324,0.537956231810077
4.04,0.0118975071446914,0.0130413728989737,0.505004093732753
4.042,0.0119685455699259,0.0131012831075248,0.468112335676805
4.044,0.0120395839951605,0.013160427818648,0.428238760598215
4.046,0.0121106224203951,0.0132191161494748,0.386563521964578
4.048,0.0121816608456296,0.0132776352234596,0.344155932757281
4.05,0.0122526992708642,0.0133362915177662,0.302143458016719
4.052,0.0123248908798025,0.0133953817858741,0.261593564750631
4.054,0.0123970824887407,0.0134551857968489,0.223494084374831
4.056,0.012469274097679,0.0135160388878228,0.189001087736878
4.058,0.0125414657066173,0.0135782256161424,0.159070387892685
4.06,0.0126136573155556,0.0136420097530493,0.134558011173686
4.062,0.0126869966222716,0.0137075797681038,0.116041802435948
4.064,0.0127603359289876,0.0137750757762571,0.10391945023587
4.066,0.0128336752357037,0.0138447249813365,0.0988555947916732
4.068,0.0129070145424198,0.0139165055145649,0.100679327554179
4.07,0.0129803538491358,0.0139904250850532,0.109309870716105
4.072,0.013054834941037,0.0140664379286909,0.124477833248765
4.074,0.0131293160329383,0.0141444477715057,0.14573785724408
4.076,0.0132037971248395,0.01422433314521,0.172539738244321
4.078,0.0132782782167408,0.0143059333502758,0.20418493584214
4.08,0.013352759308642,0.0143889505381763,0.239561549849778
4.082,0.0134283758523951,0.0144731369181259,0.277692932176409
4.084,0.0135039923961482,0.0145582065518534,0.317471113669893
4.086,0.0135796089399013,0.0146438532134717,0.357707976408831
4.088,0.0136552254836543,0.0147297486941723,0.397293179722752
4.09,0.0137308420274074,0.0148156118161495,0.435164271561113
4.092,0.0138075872748642,0.0149011527225697,0.470301408597251
4.094,0.013884332522321,0.0149860707270328,0.501636535568013
4.096,0.0139610777697778,0.015070051265361,0.528067056985075
4.098,0.0140378230172346,0.0151529253820808,0.549181263530842
4.1,0.0141145682646914,0.0152344225850907,0.564047115772761
4.102,0.0141924350588148,0.0153144257202816,0.572410833103154
4.104,0.0142703018529383,0.0153928821715661,0.574229780653458
4.106,0.0143481686470617,0.0154696199109879,0.568944482662103
4.108,0.0144260354411852,0.0155447245455541,0.557029217068797
4.11,0.0145039022353087,0.0156182845047852,0.538929750325349
4.112,0.0145828830160988,0.0156903118039848,0.514773197877325
4.114,0.0146618637968889,0.0157610594553416,0.485617791673508
4.116,0.014740844577679,0.0158306744747216,0.452076563482375
4.118,0.0148198253584691,0.0158993658085196,0.414982672861552
4.12,0.0148988061392593,0.015967469007161,0.375625674674963
4.122,0.014978892949679,0.016035257387157,0.335029855033419
4.124,0.0150589797600988,0.0161030596997182,0.294405646065692
4.126,0.0151390665705185,0.016171199527311,0.25492138040556
4.128,0.0152191533809383,0.0162399760725276,0.217638039785721
4.13,0.015299240191358,0.0163097611407882,0.183845590615448
4.132,0.0153804246832593,0.0163808479420319,0.154536661221685
4.134,0.0154616091751605,0.0164533976606935,0.130231963476227
4.136,0.0155427936670617,0.016527832099391,0.112310984016666
4.138,0.015623978158963,0.0166041494923808,0.100690970328969
4.14,0.0157051626508642,0.0166825680209918,0.0960105288706778
4.142,0.0157874360909136,0.0167631291676084,0.0982923255692437
4.144,0.015869709530963,0.0168457591194255,0.107172721867336
4.146,0.0159519829710123,0.0169304507397451,0.122488529639672
4.148,0.0160342564110617,0.0170171844293735,0.144000972223324
4.15,0.0161165298511111,0.0171056666361773,0.17063767337409
4.152,0.016199883126716,0.0171959036211451,0.202199253488891
4.154,0.016283236402321,0.0172876777750783,0.237775435500171
4.156,0.0163665896779259,0.0173805936242893,0.276029321388585
4.158,0.0164499429535309,0.0174744899369421,0.316167561561118
4.16,0.0165332962291358,0.0175690108202342,0.356915580129585
4.162,0.0166177198543704,0.0176638187785757,0.397101455550198
4.164,0.0167021434796049,0.0177586016112969,0.435580654089456
4.166,0.0167865671048395,0.0178529912349733,0.47096630867104
4.168,0.0168709907300741,0.0179467075924839,0.50247312566715
4.17,0.0169554143553086,0.0180394493529148,0.52901886375338
4.172,0.0170408984768395,0.0181309282487009,0.549635837847063
4.174,0.0171263825983704,0.0182209155736003,0.563623577830334
4.176,0.0172118667199012,0.0183093527902001,0.570966776939938
4.178,0.0172973508414321,0.0183961530168775,0.571474160555986
4.18,0.017382834962963,0.0184811577905988,0.564650662842621
4.182,0.0174693693659753,0.0185645142417803,0.55121879067895
4.184,0.0175559037689877,0.0186462804392762,0.53150575384815
4.186,0.017642438172,0.0187264963094973,0.505762111878979
4.188,0.0177289725750123,0.0188053368180182,0.474748324104553
4.19,0.0178155069780247,0.0188830226150545,0.439371199204292
4.192,0.0179030810921481,0.0189597710220064,0.400502539076183
4.194,0.0179906552062716,0.0190358952859962,0.359344208459402
4.196,0.018078229320395,0.0191116710481764,0.316939415046867
4.198,0.0181658034345185,0.0191874259253665,0.274498808659448
4.2,0.018253377548642,0.0192634650171592,0.233127549788772
4.202,0.0183419804538765,0.0193400770665294,0.193848789978601
4.204,0.0184305833591111,0.0194176266852349,0.157933479638999
4.206,0.0185191862643457,0.0194963462137004,0.126153589567742
4.208,0.0186077891695803,0.0195765497322419,0.099551334827617
4.21,0.0186963920748148,0.0196585466915121,0.079116408994973
4.212,0.0187860125074568,0.0197423690972957,0.0648723225307734
4.214,0.0188756329400988,0.0198282695256299,0.0575839775423045
4.216,0.0189652533727408,0.019916331624233,0.0574253185623879
4.218,0.0190548738053827,0.0200065526921603,0.0642767123081765
4.22,0.0191444942380247,0.0200988896470704,0.0778759897819346
4.222,0.0192351205965926,0.0201932192791059,0.0976933712951799
4.224,0.0193257469551605,0.0202895475108835,0.123559978458219
4.226,0.0194163733137284,0.0203874784424932,0.154087148614363
4.228,0.0195069996722963,0.0204869632179838,0.188881807000419
4.23,0.0195976260308642,0.0205876887474031,0.226766037114661
4.232,0.0196892463820247,0.0206893563659962,0.266611814380177
4.234,0.0197808667331852,0.0207916886514787,0.30733252974235
4.236,0.0198724870843457,0.0208943723007898,0.347822514296328
4.238,0.0199641074355062,0.0209971277559546,0.386991796927638
4.24,0.0200557277866667,0.0210996635777509,0.423866022339725
4.242,0.0201483298711605,0.0212016485579778,0.457195156397899
4.244,0.0202409319556543,0.0213028570403894,0.486379660965709
4.246,0.0203335340401482,0.0214030045802429,0.510405206177977
4.248,0.020426136124642,0.0215018225038869,0.528399073739345
4.25,0.0205187382091358,0.0215991213846312,0.539823412211874
4.252,0.0206123094477037,0.0216948493972056,0.544666231704024
4.254,0.0207058806862716,0.0217888719588282,0.542531204226456
4.256,0.0207994519248395,0.0218811749332353,0.533494495307541
4.258,0.0208930231634074,0.0219718257544119,0.51792761031354
4.26,0.0209865944019753,0.0220609420546868,0.496376369021635
4.262,0.021081121901284,0.0221485734175105,0.469114328336786
4.264,0.0211756494005926,0.0222349661829007,0.437155038278892
4.266,0.0212701768999012,0.0223203088303828,0.401268814054456
4.268,0.0213647043992099,0.0224048509305308,0.36243506047719
4.27,0.0214592318985185,0.0224889082996326,0.321852195061583
4.272,0.0215547024570864,0.0225727655206199,0.280582742387447
4.274,0.0216501730156543,0.022656741291785,0.239791336540848
4.276,0.0217456435742222,0.0227411445526277,0.200583399495483
4.278,0.0218411141327901,0.0228262642727653,0.163972257834906
4.28,0.021936584691358,0.0229124523862518,0.131174731421562
4.282,0.0220329848054815,0.02299997566591,0.10307999187609
4.284,0.0221293849196049,0.023089096328949,0.0805406711100611
4.286,0.0222257850337284,0.0231800359271302,0.06423966508249
4.288,0.0223221851478519,0.0232729210157899,0.0545139647204533
4.29,0.0224185852619753,0.0233678086785893,0.0514556229479031
4.292,0.0225159011316543,0.0234648253504984,0.0553622478579723
4.294,0.0226132170013334,0.0235638590910576,0.0657397956940474
4.296,0.0227105328710124,0.0236649020029357,0.0824198308507344
4.298,0.0228078487406914,0.0237679500749005,0.105208205465202
4.3,0.0229051646103704,0.02387267793003,0.132933185885213
4.302,0.0230033821452346,0.0239790751782554,0.165339394787142
4.304,0.0231015996800988,0.0240868538320563,0.201330483966456
4.306,0.023199817214963,0.0241956978876059,0.239758104021976
4.308,0.0232980347498271,0.0243053493258694,0.279589190519625
4.31,0.0233962522846914,0.0244154725714738,0.319545239153986
4.312,0.0234953571099259,0.0245257107808418,0.358439001516646
4.314,0.0235944619351605,0.0246357556886953,0.395162434337808
4.316,0.023693566760395,0.0247452367091861,0.428313119891171
4.318,0.0237926715856296,0.0248539019274933,0.457187544217202
4.32,0.0238917764108642,0.0249614426415566,0.480679474001335
4.322,0.0239917538731358,0.0250675754724881,0.497851282800709
4.324,0.0240917313354074,0.0251722193666935,0.508628027691106
4.326,0.024191708797679,0.0252751800309388,0.512399192451325
4.328,0.0242916862599506,0.0253764531347114,0.509326844803491
4.33,0.0243916637222222,0.0254759447401023,0.499187127384939
4.332,0.0244924988956049,0.0255737355402272,0.482428161250736
4.334,0.0245933340689877,0.0256698503199975,0.459265496298535
4.336,0.0246941692423704,0.025764537717058,0.430748029408841
4.338,0.0247950044157531,0.0258578523503077,0.397170948495628
4.34,0.0248958395891358,0.0259500185865307,0.359454191852403
4.342,0.0249975172810371,0.0260413430796485,0.318789193653388
4.344,0.0250991949729383,0.0261321117349974,0.276268260913471
4.346,0.0252008726648395,0.0262226449016671,0.233090961432221
4.348,0.0253025503567407,0.0263132664120645,0.190434591042028
4.35,0.025404228048642,0.0264042883506392,0.149420706458714
4.352,0.0255067328057284,0.0264960493696398,0.111240664442568
4.354,0.0256092375628148,0.0265888111604441,0.0767739874369232
4.356,0.0257117423199012,0.0266829272697844,0.0472223226127189
4.358,0.0258142470769876,0.0267786876495815,0.0235236395423955
4.36,0.0259167518340741,0.0268762600396123,0.00616309806032236
4.362,0.0260200679481975,0.0269758051192859,-0.00440141757486597
4.364,0.026123384062321,0.0270774196105018,-0.00794314533081581
4.366,0.0262267001764444,0.027181187724253,-0.00429142009976288
4.368,0.0263300162905679,0.0272870746342637,0.0063153125452316
4.37,0.0264333324046914,0.0273949818552204,0.0234192027148547
4.372,0.0265374439188148,0.0275048900872264,0.0467847895998027
4.374,0.0266415554329383,0.0276164214721064,0.0750554489946553
4.376,0.0267456669470617,0.0277295624149373,0.107980352573758
4.378,0.0268497784611852,0.0278440510602088,0.144510190176973
4.38,0.0269538899753086,0.0279595502561223,0.183422223456583
4.382,0.0270587806894321,0.0280758128111009,0.223729432754582
4.384,0.0271636714035556,0.028192542462719,0.264286952294337
4.386,0.027268562117679,0.0283094247974326,0.304036970453881
4.388,0.0273734528318025,0.028426177356665,0.34193845222377
4.39,0.0274783435459259,0.0285424818258957,0.37684207779441
4.392,0.0275839970230124,0.0286580128461867,0.407650776415597
4.394,0.0276896505000988,0.0287725643722794,0.433796878299076
4.396,0.0277953039771852,0.028885790277524,0.454043658797885
4.398,0.0279009574542716,0.028997482740587,0.467802349891448
4.4,0.028006610931358,0.0291075705107026,0.474988464038769
4.402,0.0281130105032593,0.0292159044823679,0.475165042528225
4.404,0.0282194100751605,0.0293224881394802,0.468486335064203
4.406,0.0283258096470617,0.0294273282997959,0.455091080851781
4.408,0.028432209218963,0.0295304939721719,0.435348008007456
4.41,0.0285386087908642,0.0296320567932202,0.409633997473856
4.412,0.0286457375642469,0.0297323273023322,0.379193484549826
4.414,0.0287528663376296,0.0298313540162334,0.344299162948639
4.416,0.0288599951110124,0.029929444448759,0.306148252382787
4.418,0.0289671238843951,0.0300268461641745,0.265706102247751
4.42,0.0290742526577778,0.0301238634488417,0.224116133066901
4.422,0.0291820935200494,0.0302207992366967,0.182488408747275
4.424,0.029289934382321,0.0303179540574292,0.141918500855485
4.426,0.0293977752445926,0.0304156464368812,0.103535530649711
4.428,0.0295056161068642,0.0305141510760831,0.0682813346392723
4.43,0.0296134569691358,0.0306138000783366,0.0372947197033444
4.432,0.0297219925943704,0.0307148503285117,0.0114147991529846
4.434,0.029830528219605,0.0308175300120017,-0.0086434792157373
4.436,0.0299390638448395,0.0309220479407166,-0.0222511248440814
4.438,0.0300475994700741,0.0310284865553877,-0.0292331913594816
4.44,0.0301561350953087,0.0311369834052646,-0.0292364200962281
4.442,0.0302653479501728,0.0312474818122948,-0.0225731749062778
4.444,0.030374560805037,0.0313599787120023,-0.00938039515588198
4.446,0.0304837736599012,0.0314743828830225,0.00990628368126501
4.448,0.0305929865147654,0.0315906528996101,0.0349859296090824
4.45,0.0307021993696296,0.0317086038211537,0.0650942245951163
4.452,0.0308120717193086,0.0318280298207013,0.0993760540596736
4.454,0.0309219440689876,0.031948621869375,0.136687425546435
4.456,0.0310318164186667,0.0320701145558482,0.175986158006536
4.458,0.0311416887683457,0.0321922002996939,0.216088057005785
4.46,0.0312515611180247,0.0323145284827113,0.255772597023937
4.462,0.0313620750321481,0.0324367937216693,0.293911232899733
4.464,0.0314725889462716,0.0325586855964923,0.329415142142621
4.466,0.0315831028603951,0.0326798695110408,0.361084904698732
4.468,0.0316936167745185,0.0328000502731109,0.387939095074599
4.47,0.031804130688642,0.0329189852766184,0.409218957294699
4.472,0.0319152680472099,0.0330364434896019,0.424203103066409
4.474,0.0320264054057778,0.0331523232298308,0.43269930266672
4.476,0.0321375427643457,0.0332665364835215,0.434526265621368
4.478,0.0322486801229136,0.0333788771112363,0.429041472790064
4.48,0.0323598174814815,0.0334894843890147,0.416931519899729
4.482,0.0324715599807901,0.0335984051460026,0.398491571780646
4.484,0.0325833024800988,0.033705626100152,0.373798852834163
4.486,0.0326950449794074,0.0338114049859104,0.343915436222238
4.488,0.0328067874787161,0.0339158501233494,0.309342916339862
4.49,0.0329185299780247,0.0340192318844541,0.271157292487789
4.492,0.0330308591365926,0.0341218578568331,0.230531148288373
4.494,0.0331431882951605,0.0342240179182677,0.188558322057008
4.496,0.0332555174537284,0.0343260316163474,0.146442528344614
4.498,0.0333678466122963,0.0344282276921022,0.105344783019342
4.5,0.0334801757708642,0.0345309059633296,0.0663291037356506
4.502,0.033593072935358,0.0346344645143909,0.0308077322185045
4.504,0.0337059700998519,0.0347390970302967,-0.000620253564562673
4.506,0.0338188672643457,0.0348452025666047,-0.0265841503434637
4.508,0.0339317644288395,0.0349529950305131,-0.0464345862206346
4.51,0.0340446615933333,0.0350626264132868,-0.0597461236958061
4.512,0.0341581079444939,0.0351741915096988,-0.0662960579121676
4.514,0.0342715542956543,0.0352878764770072,-0.0655594725860212
4.516,0.0343850006468148,0.0354035595632888,-0.0580777917630697
4.518,0.0344984469979753,0.0355212360752017,-0.0439942597767806
4.52,0.0346118933491358,0.0356408702317442,-0.0235840495385194
4.522,0.0347258699077037,0.035762197405661,0.00213309750438623
4.524,0.0348398464662716,0.0358851543500148,0.032773157999519
4.526,0.0349538230248395,0.0360095461706853,0.0675021870583003
4.528,0.0350677995834074,0.0361350581979528,0.105139248530193
4.53,0.0351817761419753,0.0362614103402815,0.144641039054337
4.532,0.0352962637746173,0.0363883527776723,0.184966977880455
4.534,0.0354107514072592,0.0365155341186937,0.22492399955806
4.536,0.0355252390399012,0.0366426606837432,0.263441827659894
4.538,0.0356397266725432,0.0367694253533661,0.299450728135029
4.54,0.0357542143051852,0.0368954660193182,0.331646947691721
4.542,0.0358691937304197,0.0370205467819625,0.359347512850457
4.544,0.0359841731556544,0.0371443236445648,0.381346428480394
4.546,0.0360991525808889,0.0372665644446059,0.396953273146157
4.548,0.0362141320061235,0.0373872152462088,0.406154979812377
4.55,0.036329111431358,0.0375060814408777,0.408344665197772
4.552,0.0364445632254815,0.0376231000876564,0.403435372560021
4.554,0.036560015019605,0.0377383282979249,0.391773295973095
4.556,0.0366754668137284,0.037851791571955,0.373572565548516
4.558,0.0367909186078518,0.0379635262573349,0.349095654895314
4.56,0.0369063704019753,0.0380738545646216,0.319622605868438
4.562,0.0370222750049877,0.0381828206658112,0.285424501106891
4.564,0.037138179608,0.0382906433039396,0.247398024703133
4.566,0.0372540842110123,0.0383976189214538,0.206686725565143
4.568,0.0373699888140247,0.0385040445403106,0.164402605974796
4.57,0.037485893417037,0.0386102041342859,0.121630953860982
4.572,0.0376022311385679,0.0387164115259953,0.0794859305918766
4.574,0.0377185688600987,0.0388229677522792,0.0390592679441205
4.576,0.0378349065816296,0.0389301909537182,0.00147036049230485
4.578,0.0379512443031605,0.039038380801834,-0.0322653985719307
4.58,0.0380675820246914,0.039147784805063,-0.0613368232867145
4.582,0.0381843330499259,0.039258705774938,-0.0847448516763799
4.584,0.0383010840751605,0.0393713094778826,-0.102014275497306
4.586,0.0384178351003951,0.0394857857846496,-0.112587811588482
4.588,0.0385345861256297,0.0396022373150335,-0.116225473427186
4.59,0.0386513371508642,0.039720641520632,-0.113122360060134
4.592,0.0387684815464692,0.0398410245491337,-0.103302127343302
4.594,0.0388856259420741,0.0399633315878883,-0.0870745045540899
4.596,0.039002770337679,0.0400875642760396,-0.0645866843935649
4.598,0.0391199147332839,0.0402133343885646,-0.0372436371661986
4.6,0.0392370591288889,0.0403406723497648,-0.00513873478807482
4.602,0.0393545768489383,0.0404692218814158,0.0304141388472565
4.604,0.0394720945689876,0.0405987327011887,0.0684141235017363
4.606,0.039589612289037,0.0407288724837482,0.1076567778177
4.608,0.0397071300090864,0.040859352272881,0.147010696002012
4.61,0.0398246477291358,0.0409898526156044,0.185364307103173
4.612,0.039942518621037,0.041120075660019,0.221632714377359
4.614,0.0400603895129382,0.0412497070889012,0.254698311615727
4.616,0.0401782604048395,0.0413784298582869,0.283483708509748
4.618,0.0402961312967408,0.0415060512510314,0.307439338479874
4.62,0.040414002188642,0.0416322487160514,0.325450911341182
4.622,0.0405322059990617,0.0417568193955237,0.336940196158806
4.624,0.0406504098094815,0.0418797176513393,0.341912847715656
4.626,0.0407686136199013,0.0420008097652328,0.340008693099713
4.628,0.040886817430321,0.0421200434344531,0.331178352723235
4.63,0.0410050212407408,0.0422374468187029,0.315659554460816
4.632,0.0411235376215309,0.0423531335465291,0.293991185358037
4.634,0.041242054002321,0.0424671611628003,0.266519381086455
4.636,0.0413605703831111,0.0425798378268061,0.23443979884481
4.638,0.0414790867639013,0.0426912213728192,0.198098460332538
4.64,0.0415976031446914,0.0428016242555842,0.158707017183045
4.642,0.0417164116588149,0.0429113700877097,0.117467119779096
4.644,0.0418352201729383,0.0430207371268544,0.0754548101928025
4.646,0.0419540286870617,0.0431300626623588,0.0338766435691002
4.648,0.0420728372011852,0.043239657449171,-0.00614626742229911
4.65,0.0421916457153087,0.0433498223711401,-0.0435696679797119
4.652,0.0423107258427654,0.0434609548215396,-0.076978831607545
4.654,0.0424298059702222,0.0435732365947937,-0.105842932008841
4.656,0.042548886097679,0.0436870431929041,-0.128866744830068
4.658,0.0426679662251358,0.0438025356746494,-0.145602571216503
4.66,0.0427870463525926,0.0439198221303606,-0.155781711642468
4.662,0.0429063774963457,0.0440390675467449,-0.158933317705006
4.664,0.0430257086400987,0.0441603483509233,-0.154921210278875
4.666,0.0431450397838519,0.0442835209543281,-0.144373897829475
4.668,0.0432643709276049,0.0444085519957132,-0.127531590312534
4.67,0.043383702071358,0.0445354362870924,-0.104570430489847
4.672,0.0435032635632593,0.0446639415482082,-0.0764205809550296
4.674,0.0436228250551605,0.0447939097333158,-0.0437638353533195
4.676,0.0437423865470618,0.0449251465955133,-0.00742658406893885
4.678,0.043861948038963,0.0450573381318065,0.031425821551897
4.68,0.0439815095308642,0.0451901992137577,0.0717165724907949
4.682,0.0441012806375803,0.0453234284955575,0.112277838412176
4.684,0.0442210517442963,0.045456683877681,0.151944637994417
4.686,0.0443408228510123,0.0455896512731991,0.189580745518415
4.688,0.0444605939577284,0.0457219874083956,0.223971835289355
4.69,0.0445803650644445,0.0458534190203992,0.254245845792944
4.692,0.0447003249933827,0.0459836037476652,0.27920676527394
4.694,0.044820284922321,0.0461122559158536,0.297934114134566
4.696,0.0449402448512592,0.0462392820710336,0.310267367184433
4.698,0.0450602047801976,0.0463645297153338,0.315776306032057
4.7,0.0451801647091358,0.0464878594453659,0.314087725859244
4.702,0.0453002926143704,0.0466093422583179,0.305607399333269
4.704,0.0454204205196049,0.0467289689931961,0.290427752280894
4.706,0.0455405484248395,0.0468468392343757,0.269033216047044
4.708,0.0456606763300741,0.0469629667464298,0.24162091408403
4.71,0.0457808042353086,0.0470776584048723,0.209381843781692
4.712,0.0459010792235062,0.0471910026342403,0.172770006577504
4.714,0.0460213542117037,0.0473033124793327,0.132982470779141
4.716,0.0461416291999013,0.0474148537509334,0.0910520983479877
4.718,0.0462619041880988,0.0475259495262506,0.0481777633863198
4.72,0.0463821791762963,0.0476369134109957,0.00549634017226119
4.722,0.046502580312642,0.0477480454489427,-0.0359020321327619
4.724,0.0466229814489877,0.0478596534457938,-0.0749319436663804
4.726,0.0467433825853333,0.0479720974383925,-0.110314180804347
4.728,0.046863783721679,0.0480855628894248,-0.141515657119579
4.73,0.0469841848580247,0.0482004110004755,-0.167274920965049
4.732,0.0471046911721481,0.0483168981047464,-0.18679315982791
4.734,0.0472251974862716,0.0484350686365317,-0.200053269437766
4.736,0.047345703800395,0.0485551575851847,-0.206318740911495
4.738,0.0474662101145185,0.0486772677220213,-0.205351420136907
4.74,0.047586716428642,0.0488012785064509,-0.197694003725763
4.742,0.0477073069205432,0.0489271987915176,-0.183424533740188
4.744,0.0478278974124444,0.0490549394955825,-0.162971276951206
4.746,0.0479484879043457,0.0491843428642404,-0.137003785025411
4.748,0.0480690783962469,0.0493152452306473,-0.106214882375829
4.75,0.0481896688881481,0.0494474108835937,-0.0715494748698722
4.752,0.0483103225341234,0.0495805729283645,-0.0340554545516648
4.754,0.0484309761800988,0.0497144064937085,0.00506658201467303
4.756,0.0485516298260741,0.0498486318226868,0.0447437061368572
4.758,0.0486722834720494,0.0499829407543275,0.0838456498608881
4.76,0.0487929371180247,0.050117033952527,0.121303349025693
4.762,0.0489136328765927,0.0502506289385739,0.156140885814922
4.764,0.0490343286351605,0.0503833762787264,0.187104145322405
4.766,0.0491550243937284,0.0505150217923794,0.213403262732589
4.768,0.0492757201522963,0.0506453542763394,0.234387249748711
4.77,0.0493964159108642,0.050774010492035,0.248832427320739
4.772,0.0495171327286914,0.0509009636388943,0.256821938381808
4.774,0.0496378495465185,0.0510261100294645,0.258104482559452
4.776,0.0497585663643457,0.0511492778888458,0.2521907584563
4.778,0.0498792831821729,0.0512705549778076,0.23953065800664
4.78,0.05,0.0513900192240566,0.220525559210771
4.782,0.0501207168178272,0.0515077386422879,0.195547561557843
4.784,0.0502414336356543,0.0516238818112017,0.165321267843854
4.786,0.0503621504534815,0.0517386209593828,0.130580999607503
4.788,0.0504828672713087,0.0518522042263125,0.0923129746747387
4.79,0.0506035840891358,0.0519649040809115,0.0515732032843872
4.792,0.0507242798477037,0.0520770186300584,0.00947764497760373
4.794,0.0508449756062717,0.052188851062487,-0.0328409117679515
4.796,0.0509656713648395,0.0523007193661431,-0.0742274528631446
4.798,0.0510863671234074,0.052412942930238,-0.113553947840237
4.8,0.0512070628819753,0.0525258164122261,-0.149812254274412
4.802,0.0513277165279507,0.0526397069970816,-0.181702884188037
4.804,0.051448370173926,0.0527547941989156,-0.208708010844359
4.806,0.0515690238199012,0.0528713969916636,-0.229739888020445
4.808,0.0516896774658765,0.0529897115615226,-0.244214733661499
4.81,0.0518103311118519,0.0531097919028035,-0.252069742704415
4.812,0.0519309216037531,0.0532317806320077,-0.252906622387073
4.814,0.0520515120956543,0.0533556263049564,-0.247037112834705
4.816,0.0521721025875555,0.0534813527241229,-0.234495278845769
4.818,0.0522926930794568,0.0536088679879961,-0.215732181297902
4.82,0.052413283571358,0.0537380907030772,-0.191174072334998
4.822,0.0525337898854815,0.0538687309070607,-0.161927571386825
4.824,0.0526542961996049,0.0540007638566396,-0.128236843549065
4.826,0.0527748025137284,0.0541338549690204,-0.0913643514532159
4.828,0.0528953088278519,0.0542677147867401,-0.0524015393724672
4.83,0.0530158151419753,0.0544020380365689,-0.0124892624664298
4.832,0.053136216278321,0.0545364944409707,0.0271540392448379
4.834,0.0532566174146667,0.0546707543970311,0.0653584949855243
4.836,0.0533770185510124,0.0548045029107734,0.101022064008992
4.838,0.053497419687358,0.0549373633388897,0.13280730988537
4.84,0.0536178208237037,0.0550691385433518,0.160130947284811
4.842,0.0537380958119013,0.0551995110287729,0.181903719957797
4.844,0.0538583708000988,0.0553281854383115,0.197177060976629
4.846,0.0539786457882963,0.05545515543593,0.20608669711566
4.848,0.0540989207764938,0.0555802081623398,0.207987978546566
4.85,0.0542191957646914,0.0557033288424328,0.202972255195173
4.852,0.0543393236699259,0.0558244877913458,0.19107131256366
4.854,0.0544594515751605,0.0559437667842876,0.172706924489921
4.856,0.054579579480395,0.0560611587475634,0.148010473931972
4.858,0.0546997073856296,0.0561769975613643,0.118248479647266
4.86,0.0548198352908642,0.0562913100811992,0.0836717613062933
4.862,0.0549397952198025,0.0564043491871079,0.0452961900117391
4.864,0.0550597551487407,0.0565164732842509,0.00442350956699375
4.866,0.055179715077679,0.0566279201991537,-0.0379935033360297
4.868,0.0552996750066173,0.0567390227397624,-0.0807129408218178
4.87,0.0554196349355556,0.0568501083933852,-0.122586065235967
4.872,0.0555394060422716,0.0569614853963142,-0.162501758067952
4.874,0.0556591771489877,0.0570734460052413,-0.199459928222337
4.876,0.0557789482557037,0.0571863523087894,-0.23217104565756
4.878,0.0558987193624198,0.0573004240788203,-0.259972852902233
4.88,0.0560184904691358,0.0574160067345512,-0.28168431136136
4.882,0.0561380519610371,0.0575331666692362,-0.297237906564242
4.884,0.0562576134529383,0.057652101569712,-0.306017633679115
4.886,0.0563771749448395,0.0577729907150575,-0.30749260570485
4.888,0.0564967364367408,0.0578957285119633,-0.302175875771391
4.89,0.056616297928642,0.0580203287844315,-0.29011856852223
4.892,0.0567356290723951,0.0581467387951506,-0.271618476758874
4.894,0.0568549602161482,0.0582748340569591,-0.247239755909505
4.896,0.0569742913599012,0.0584043245538203,-0.218101225456696
4.898,0.0570936225036543,0.0585351520474963,-0.184543478095372
4.9,0.0572129536474074,0.0586669884156345,-0.147814887340801
4.902,0.0573320337748642,0.0587995772431593,-0.108919854151526
4.904,0.057451113902321,0.0589326124345119,-0.0690019578088702
4.906,0.0575701940297778,0.059065796859437,-0.0291639982332541
4.908,0.0576892741572346,0.0591988352131927,0.00952860657203573
4.91,0.0578083542846914,0.0593314268787079,0.0460124570798383
4.912,0.0579271627988148,0.0594632801050054,0.0792852469052583
4.914,0.0580459713129383,0.0595940612710517,0.10820228505031
4.916,0.0581647798270618,0.0597235098775243,0.131929035184593
4.918,0.0582835883411852,0.0598513586188078,0.149613627256713
4.92,0.0584023968553087,0.0599774424252292,0.160798452239693
4.922,0.0585209132360988,0.0601016881519341,0.165345868992272
4.924,0.0586394296168889,0.0602238991251164,0.162680695481305
4.926,0.0587579459976791,0.0603441794078236,0.153296397491989
4.928,0.0588764623784692,0.0604625455141033,0.137373008765343
4.93,0.0589949787592593,0.060579118251526,0.115452129300554
4.932,0.0591131825696791,0.0606939513415755,0.0878679435981252
4.934,0.0592313863800988,0.0608072343038784,0.0554109377564158
4.936,0.0593495901905185,0.0609191990852877,0.0190116363848671
4.938,0.0594677940009383,0.0610301028262945,-0.0203349396485694
4.94,0.059585997811358,0.0611402153828304,-0.0615840359304588
4.942,0.0597038687032593,0.0612498423037456,-0.103604392465546
4.944,0.0598217395951605,0.0613592900049551,-0.145276261595738
4.946,0.0599396104870617,0.0614688654678781,-0.18550622585726
4.948,0.060057481378963,0.0615788649426121,-0.22326331559145
4.95,0.0601753522708642,0.0616896393977576,-0.257281368402618
4.952,0.0602928699909136,0.0618014335019669,-0.286793326063186
4.954,0.0604103877109629,0.0619145256127608,-0.310864678359117
4.956,0.0605279054310124,0.0620291724075724,-0.328664425150855
4.958,0.0606454231510617,0.0621454239203529,-0.340166293602292
4.96,0.0607629408711111,0.062263484058577,-0.344721657947541
4.962,0.060880085266716,0.0623833811341088,-0.342358162582601
4.964,0.060997229662321,0.06250508559415,-0.333299504962566
4.966,0.061114374057926,0.062628548508919,-0.317832808435907
4.968,0.0612315184535309,0.0627536534645968,-0.296482562346948
4.97,0.0613486628491358,0.0628803318343057,-0.269608270751176
4.972,0.0614654138743704,0.0630083810817132,-0.238033558501949
4.974,0.061582164899605,0.0631375516210934,-0.202739612773972
4.976,0.0616989159248395,0.0632675872339466,-0.164723257274644
4.978,0.0618156669500741,0.0633981505460128,-0.125226715713021
4.98,0.0619324179753087,0.0635289414646644,-0.0853928133086734
4.982,0.0620487556968395,0.0636596252313528,-0.0464061357867573
4.984,0.0621650934183704,0.0637898885137854,-0.00939582707986985
4.986,0.0622814311399012,0.0639194307675964,0.0245913960870106
4.988,0.0623977688614321,0.0640478906276286,0.0542931335523913
4.99,0.062514106582963,0.0641750560093716,0.0790458439006806
4.992,0.0626300111859753,0.0643005879210999,0.0977174715279411
4.994,0.0627459157889876,0.0644243732162244,0.110040648966901
4.996,0.062861820392,0.0645463281665511,0.11583734081353
4.998,0.0629777249950124,0.0646662749841882,0.114604692848229
5,0.0630936295980247,0.0647842477483611,0.106589532229141
5.002,0.0632090813921481,0.0649001641874815,0.0916474572576962
5.004,0.0633245331862717,0.0650141874668379,0.0704669212571328
5.006,0.0634399849803951,0.0651263618322652,0.0433598574109987
5.008,0.0635554367745185,0.0652369987498553,0.0114790831042789
5.01,0.063670888568642,0.0653461411308333,-0.0248338731707264
5.012,0.0637858679938766,0.0654541079912488,-0.0643569697897191
5.014,0.0639008474191111,0.0655612679494828,-0.105804342098187
5.016,0.0640158268443457,0.0656678479568771,-0.148206661345935
5.018,0.0641308062695802,0.0657742078829751,-0.190300181679883
5.02,0.0642457856948148,0.0658806592085071,-0.230962747192618
5.022,0.0643602733274568,0.0659875041543192,-0.269148270666937
5.024,0.0644747609600988,0.066095116297438,-0.303496158962648
5.026,0.0645892485927407,0.066203712266556,-0.333385819791482
5.028,0.0647037362253828,0.0663135802570976,-0.357826924903388
5.03,0.0648182238580247,0.0664250433792625,-0.375730871977351
5.032,0.0649322004165926,0.0665380872983448,-0.387341325131127
5.034,0.0650461769751605,0.0666529695077397,-0.391794317295855
5.036,0.0651601535337284,0.0667697474704673,-0.389007030812599
5.038,0.0652741300922963,0.0668882932881383,-0.379570199417267
5.04,0.0653881066508642,0.0670085934196194,-0.363626551164755
5.042,0.0655015530020247,0.0671305369437377,-0.341680281121134
5.044,0.0656149993531852,0.0672540106152669,-0.31424827791869
5.046,0.0657284457043457,0.0673787621203083,-0.282330515076604
5.048,0.0658418920555062,0.0675046313072204,-0.246602081572654
5.05,0.0659553384066667,0.0676313223350187,-0.208200680172681
5.052,0.0660682355711605,0.0677585457024084,-0.168218158874732
5.054,0.0661811327356543,0.0678860005809121,-0.127781861966467
5.056,0.0662940299001482,0.0680133757521698,-0.0880141907149087
5.058,0.0664069270646419,0.0681403658351018,-0.0500048591767035
5.06,0.0665198242291358,0.0682666706116411,-0.0147978679722713
5.062,0.0666321533877037,0.0683919215860224,0.0163265941216218
5.064,0.0667444825462716,0.0685158972418326,0.0426671247845438
5.066,0.0668568117048395,0.0686383132305502,0.0632893420741841
5.068,0.0669691408634074,0.0687589017021003,0.0773521863015039
5.07,0.0670814700219753,0.0688776244738014,0.0848347320713335
5.072,0.067193212521284,0.0689942856730992,0.0851653942902524
5.074,0.0673049550205926,0.0691089450744301,0.0786698020105241
5.076,0.0674166975199012,0.0692216019009397,0.0654648036969383
5.078,0.0675284400192099,0.0693323631544267,0.0460357415539001
5.08,0.0676401825185185,0.069441251761043,0.0206129126667225
5.082,0.0677513198770864,0.0695484629591232,-0.0100050823352177
5.084,0.0678624572356543,0.0696541837000218,-0.0450465367834351
5.086,0.0679735945942222,0.069758645281677,-0.083586432034926
5.088,0.0680847319527901,0.0698621534979322,-0.124493137644077
5.09,0.068195869311358,0.0699649699536526,-0.166742024589152
5.092,0.0683063832254815,0.0700674230947098,-0.209153001276046
5.094,0.068416897139605,0.0701698160269205,-0.250631387099144
5.096,0.0685274110537284,0.0702724556515062,-0.290086616418316
5.098,0.0686379249678518,0.0703756709759253,-0.326336321754431
5.1,0.0687484388819753,0.0704796995284625,-0.358658015728011
5.102,0.0688583112316543,0.0705848987462733,-0.385740623285022
5.104,0.0689681835813333,0.0706914509770818,-0.407079832993577
5.106,0.0690780559310123,0.0707995663279885,-0.422011766427285
5.108,0.0691879282806914,0.0709093524339337,-0.430270466124613
5.11,0.0692978006303704,0.0710209283475001,-0.43152581909635
5.112,0.0694070134852346,0.0711342502015272,-0.426060086231081
5.114,0.0695162263400987,0.0712493071190822,-0.414006444609239
5.116,0.069625439194963,0.0713660014411416,-0.395815621702303
5.118,0.0697346520498272,0.0714842707619797,-0.371802304861731
5.12,0.0698438649046913,0.0716039361197951,-0.342704001303023
5.122,0.0699524005299259,0.0717247689926151,-0.309429605304902
5.124,0.0700609361551605,0.0718464764730077,-0.273098659107137
5.126,0.0701694717803951,0.0719687850958574,-0.234750008484998
5.128,0.0702780074056296,0.072091390755189,-0.195524373682491
5.13,0.0703865430308642,0.0722139641776477,-0.156618445480449
5.132,0.0704943838931358,0.0723362044795821,-0.119120937652125
5.134,0.0706022247554074,0.0724578146944912,-0.0840800688379064
5.136,0.070710065617679,0.072578460190322,-0.0526616653701147
5.138,0.0708179064799506,0.0726978220652167,-0.0259414657399445
5.14,0.0709257473422222,0.072815743923758,-0.00439062721232989
5.142,0.071032876115605,0.0729319066195001,0.0109569194857796
5.144,0.0711400048889877,0.0730461683515228,0.0197170086999525
5.146,0.0712471336623704,0.0731584686668576,0.0217881127183236
5.148,0.0713542624357531,0.0732686203342986,0.0166549195956272
5.15,0.0714613912091358,0.0733767734253715,0.00494043745791579
5.152,0.071567790781037,0.0734829236890524,-0.0132408550555848
5.154,0.0716741903529383,0.0735871415707609,-0.0375070873590788
5.156,0.0717805899248395,0.0736896634808325,-0.0669465276008667
5.158,0.0718869894967408,0.0737905556278879,-0.101150522575341
5.16,0.071993389068642,0.0738901104033378,-0.138994239490964
5.162,0.0720990425457284,0.0739886655187569,-0.179263554077076
5.164,0.0722046960228148,0.074086472910879,-0.220969029019295
5.166,0.0723103494999013,0.0741838401718274,-0.262927712876378
5.168,0.0724160029769877,0.0742811035138206,-0.303980944696014
5.17,0.0725216564540741,0.0743785663197319,-0.343049165509755
5.172,0.0726265471681975,0.074476562288634,-0.378924321914914
5.174,0.072731437882321,0.074575359177486,-0.410768445239724
5.176,0.0728363285964445,0.0746752916539943,-0.437379868370241
5.178,0.0729412193105679,0.0747766059389861,-0.457982955526477
5.18,0.0730461100246914,0.0748794731753102,-0.47209028924113
5.182,0.0731502215388149,0.0749839694306799,-0.479560240159998
5.184,0.0732543330529383,0.0750902999186839,-0.479711873979265
5.186,0.0733584445670617,0.075198346980928,-0.473126966438597
5.188,0.0734625560811852,0.0753081122193123,-0.459885516411966
5.19,0.0735666675953087,0.0754194820239137,-0.440504578671876
5.192,0.0736699837094321,0.0755324141830998,-0.415226043021574
5.194,0.0737732998235556,0.0756466821476112,-0.384977521878718
5.196,0.073876615937679,0.0757621167486541,-0.350453810350766
5.198,0.0739799320518025,0.075878459285749,-0.312667314492831
5.2,0.074083248165926,0.0759954110366735,-0.272750409375395
5.202,0.0741857529230124,0.0761126830724575,-0.231784780102154
5.204,0.0742882576800988,0.0762299547691234,-0.19094550608258
5.206,0.0743907624371852,0.0763469137588409,-0.151355879685571
5.208,0.0744932671942716,0.0764632639317294,-0.114059581640994
5.21,0.074595771951358,0.0765786335676666,-0.0803566397569943
5.212,0.0746974496432593,0.0766927123662372,-0.0512938613054082
5.214,0.0747991273351605,0.0768053292373136,-0.0274110111887929
5.216,0.0749008050270617,0.0769161616388969,-0.00976246820356402
5.218,0.075002482718963,0.0770250442367204,0.00117374248134133
5.22,0.0751041604108642,0.0771319595982973,0.00543181931431476
5.222,0.0752049955842469,0.0772367252405946,0.00250142230448002
5.224,0.0753058307576296,0.0773394561893209,-0.00711749034684542
5.226,0.0754066659310123,0.0774401591528799,-0.0232804065527833
5.228,0.075507501104395,0.0775389409570618,-0.0455047600399276
5.23,0.0756083362777778,0.0776358747042161,-0.0733885661464787
5.232,0.0757083137400494,0.077731202864167,-0.106008193228629
5.234,0.075808291202321,0.0778250912546805,-0.142644784200768
5.236,0.0759082686645925,0.0779178319272055,-0.182193963080342
5.238,0.0760082461268642,0.0780097336871057,-0.223525451522591
5.24,0.0761082235891358,0.0781010887686467,-0.265517214534534
5.242,0.0762073284143703,0.0781922266227593,-0.307007679970521
5.244,0.0763064332396049,0.0782834538445684,-0.346895244034288
5.246,0.0764055380648395,0.0783750629186031,-0.384177669594902
5.248,0.0765046428900741,0.0784673840911284,-0.417653314977335
5.25,0.0766037477153086,0.0785606938640495,-0.446419325784372
5.252,0.0767019652501729,0.0786552458946048,-0.469642953750361
5.254,0.0768001827850371,0.0787512682673782,-0.486601012710712
5.256,0.0768984003199013,0.0788488685592939,-0.49703888945481
5.258,0.0769966178547655,0.0789481551182836,-0.500664188333656
5.26,0.0770948353896297,0.0790492069418957,-0.497282314658239
5.262,0.0771921512593087,0.0791519872714911,-0.487129392884563
5.264,0.0772894671289877,0.079256401087325,-0.470645490291545
5.266,0.0773867829986667,0.0793624336081548,-0.4479503135276
5.268,0.0774840988683457,0.0794697474685596,-0.420382553955243
5.27,0.0775814147380247,0.0795783174594775,-0.38807705222657
5.272,0.0776778148521481,0.0796877987487819,-0.352364392169925
5.274,0.0777742149662716,0.0797979450617202,-0.314185341260682
5.276,0.077870615080395,0.0799084340531536,-0.274747832426316
5.278,0.0779670151945185,0.0800189650009205,-0.235164542827229
5.28,0.0780634153086419,0.0801292353758719,-0.196535215448762
5.282,0.0781588858672098,0.0802389438434191,-0.159935353422275
5.284,0.0782543564257777,0.0803477330381024,-0.126615866568078
5.286,0.0783498269843457,0.0804554314652538,-0.0971447971631473
5.288,0.0784452975429136,0.0805616284281698,-0.0729112042146592
5.29,0.0785407681014815,0.0806661027874445,-0.0546100799529484
5.292,0.0786352956007901,0.0807687516785138,-0.0425159374349466
5.294,0.0787298231000988,0.0808693229937013,-0.0373952404449663
5.296,0.0788243505994074,0.0809677595611613,-0.0393380399452426
5.298,0.0789188780987161,0.0810641187381846,-0.0480483937218127
5.3,0.0790134055980247,0.0811583994446954,-0.0634125007372791
5.302,0.0791069768365927,0.0812507063058102,-0.0849596551202699
5.304,0.0792005480751606,0.0813410773645345,-0.112391800187586
5.306,0.0792941193137284,0.0814298213869695,-0.144586552029741
5.308,0.0793876905522963,0.0815170618156909,-0.180950242494183
5.31,0.0794812617908643,0.0816030735578855,-0.220413923623786
5.312,0.0795738638753581,0.0816881909831018,-0.261792038589152
5.314,0.0796664659598519,0.081772670676316,-0.304044878035785
5.316,0.0797590680443457,0.0818568557133845,-0.345983915501584
5.318,0.0798516701288395,0.0819410471686675,-0.386510091992378
5.32,0.0799442722133333,0.0820255483645724,-0.424575999169084
5.322,0.0800358925644938,0.0821107072851691,-0.458903406579648
5.324,0.0801275129156543,0.0821967959845217,-0.488627104339231
5.326,0.0802191332668148,0.0822840721238164,-0.512893602395609
5.328,0.0803107536179753,0.0823727799937997,-0.530900137442259
5.33,0.0804023739691358,0.0824630886328802,-0.542138875258853
5.332,0.0804930003277037,0.08255502781374,-0.546641044351884
5.334,0.0805836266862717,0.0826487486812139,-0.543912233591647
5.336,0.0806742530448396,0.0827441161565912,-0.534588213560894
5.338,0.0807648794034075,0.0828411198689839,-0.518778259367928
5.34,0.0808555057619754,0.0829396886980901,-0.496824670958013
5.342,0.0809451261946174,0.0830396137557648,-0.469594275312373
5.344,0.0810347466272593,0.083140778775384,-0.437571549071009
5.346,0.0811243670599013,0.0832429538461133,-0.401661553767481
5.348,0.0812139874925432,0.08334583732129,-0.363017142999685
5.35,0.0813036079251852,0.0834491394959738,-0.322723541472607
5.352,0.0813922108304198,0.0835525475598686,-0.281934102989322
5.354,0.0814808137356543,0.0836557298260136,-0.241851526226835
5.356,0.0815694166408889,0.0837583674492993,-0.203616154365593
5.358,0.0816580195461235,0.0838601540982575,-0.168304140554726
5.36,0.081746622451358,0.0839607238412868,-0.137174171238404
5.362,0.0818341965654815,0.084059896576021,-0.110823217270261
5.364,0.0819217706796049,0.0841573112932852,-0.0904426711691585
5.366,0.0820093447937284,0.0842528186696588,-0.0764710256947647
5.368,0.0820969189078519,0.0843463709261836,-0.0689971425531413
5.37,0.0821844930219753,0.0844378340486071,-0.0683826126323545
5.372,0.0822710274249877,0.0845271220208173,-0.0748040071360828
5.374,0.0823575618280001,0.0846143037564466,-0.0879234883792113
5.376,0.0824440962310124,0.0846994584433878,-0.10736085373615
5.378,0.0825306306340247,0.0847826387929956,-0.132790397628827
5.38,0.0826171650370371,0.0848641146408333,-0.163217231209811
5.382,0.0827026491585679,0.0849440165865243,-0.198053439798278
5.384,0.0827881332800988,0.0850225923781156,-0.236321897105559
5.386,0.0828736174016297,0.0851001505058609,-0.276866665337925
5.388,0.0829591015231605,0.0851770260643858,-0.318501979350782
5.39,0.0830445856446914,0.0852535174383059,-0.360078186126874
5.392,0.083129009269926,0.0853299468031164,-0.400463301065096
5.394,0.0832134328951605,0.0854066132101921,-0.438622296717998
5.396,0.0832978565203951,0.0854838583828707,-0.47327670849957
5.398,0.0833822801456296,0.0855619165578956,-0.503754778862323
5.4,0.0834667037708642,0.0856411073079681,-0.528885722340352
5.402,0.0835500570464691,0.0857216763218358,-0.547888516587609
5.404,0.0836334103220741,0.0858037033736517,-0.560647411326688
5.406,0.083716763597679,0.0858873909155107,-0.566475540923225
5.408,0.0838001168732839,0.0859728192452665,-0.565182893699723
5.41,0.0838834701488889,0.0860599222962965,-0.557130264544657
5.412,0.0839657435889382,0.0861486714448454,-0.542493686163273
5.414,0.0840480170289876,0.0862389344650626,-0.521842523992577
5.416,0.084130290469037,0.0863306844505527,-0.495315690513115
5.418,0.0842125639090864,0.0864235686034346,-0.464318117585707
5.42,0.0842948373491358,0.0865174750602796,-0.429285392903956
5.422,0.084376021841037,0.0866121147813278,-0.391327383575753
5.424,0.0844572063329383,0.0867071707610813,-0.351647520603444
5.426,0.0845383908248395,0.08680235750113,-0.311299884655921
5.428,0.0846195753167408,0.0868973695772159,-0.271411562365739
5.43,0.084700759808642,0.0869919027110125,-0.233071586812305
5.432,0.0847808466190618,0.0870856417424801,-0.197391195931233
5.434,0.0848609334294815,0.0871782502891035,-0.165530246385324
5.436,0.0849410202399013,0.0872695675728385,-0.138029671337761
5.438,0.085021107050321,0.0873591931686955,-0.11621625301813
5.44,0.0851011938607408,0.0874468946476619,-0.100819214407927
5.442,0.0851801746415309,0.0875326408018941,-0.091880888308307
5.444,0.085259155422321,0.0876163435617597,-0.0896241201706183
5.446,0.0853381362031111,0.0876978446596394,-0.094472784519736
5.448,0.0854171169839013,0.0877772049836872,-0.106119893243248
5.45,0.0854960977646914,0.087854551704712,-0.124038715072753
5.452,0.0855739645588148,0.0879298792974671,-0.148084191647755
5.454,0.0856518313529383,0.0880035602189926,-0.176961066687101
5.456,0.0857296981470618,0.0880755879856828,-0.210485292199261
5.458,0.0858075649411852,0.0881462727362003,-0.247520436967222
5.46,0.0858854317353087,0.0882158567519553,-0.287097199523087
5.462,0.0859621769827654,0.0882846790728598,-0.328040898238315
5.464,0.0860389222302223,0.0883530075311604,-0.369282365437994
5.466,0.086115667477679,0.0884211696129712,-0.40970612933413
5.468,0.0861924127251358,0.0884894784223717,-0.448135377568746
5.47,0.0862691579725926,0.088558239590618,-0.483550559504998
5.472,0.0863447745163457,0.0886278007273392,-0.514691826890531
5.474,0.0864203910600988,0.0886983509482286,-0.54104624207755
5.476,0.0864960076038519,0.0887702441078005,-0.561297702129167
5.478,0.086571624147605,0.0888435487208597,-0.575397507055122
5.48,0.0866472406913581,0.0889184602302417,-0.582678820497812
5.482,0.0867217217832593,0.088995069872194,-0.582904516675628
5.484,0.0867962028751605,0.0890733064043806,-0.576466875162527
5.486,0.0868706839670617,0.0891531721803183,-0.563422446193796
5.488,0.086945165058963,0.0892345874809998,-0.544143903974659
5.49,0.0870196461508642,0.0893174818169048,-0.518951636782812
5.492,0.0870929854575803,0.0894015865594225,-0.488933483018534
5.494,0.0871663247642963,0.0894867970807878,-0.454496982264073
5.496,0.0872396640710124,0.0895727930320483,-0.41688104497999
5.498,0.0873130033777284,0.0896592924924582,-0.377145413900844
5.5,0.0873863426844444,0.0897459963877306,-0.336395036107154
5.502,0.0874585342933827,0.0898325719091716,-0.295849146977956
5.504,0.087530725902321,0.089918704047283,-0.256646669227249
5.506,0.0876029175112593,0.0900040732678152,-0.219922332784515
5.508,0.0876751091201975,0.0900883333130134,-0.186879399559785
5.51,0.0877473007291358,0.0901712545816719,-0.158305547758813
5.512,0.0878183391543704,0.0902525690084002,-0.135089370518616
5.514,0.087889377579605,0.0903319650538137,-0.118233367164761
5.516,0.0879604160048395,0.090409434943882,-0.107709433035541
5.518,0.0880314544300741,0.0904848219587865,-0.103968033904844
5.52,0.0881024928553086,0.0905580400244632,-0.107205509797497
5.522,0.0881723730435062,0.090629072203343,-0.117375349875075
5.524,0.0882422532317037,0.0906980215365154,-0.134037787872766
5.526,0.0883121334199012,0.0907648622250265,-0.157122931073184
5.528,0.0883820136080988,0.0908299660460679,-0.18534171322488
5.53,0.0884518937962963,0.090893352200696,-0.218448620090698
5.532,0.088520611132642,0.0909552857731147,-0.255424133036427
5.534,0.0885893284689876,0.0910160845204778,-0.295096826148454
5.536,0.0886580458053333,0.0910760591040518,-0.336337360660572
5.538,0.088726763141679,0.0911355074434943,-0.378008648159439
5.54,0.0887954804780247,0.091194755976911,-0.418936870692471
5.542,0.0888630307921481,0.091254116612336,-0.458016826526138
5.544,0.0889305811062716,0.0913138841373247,-0.494231514408672
5.546,0.0889981314203951,0.0913744090742235,-0.526289720523915
5.548,0.0890656817345185,0.0914358766983222,-0.553711317075284
5.55,0.089133232048642,0.0914986613680644,-0.575085297403444
5.552,0.0891996116205432,0.0915628334527283,-0.590374827477465
5.554,0.0892659911924444,0.0916286162671597,-0.598801609547573
5.556,0.0893323707643457,0.0916961062668834,-0.600113816754159
5.558,0.0893987503362469,0.0917652683830427,-0.59455541826994
5.56,0.0894651299081481,0.0918360838184921,-0.582262312351024
5.562,0.0895303354741234,0.0919084386364029,-0.563733426937929
5.564,0.0895955410400987,0.0919823062507816,-0.539097051447415
5.566,0.089660746606074,0.0920573696575258,-0.509634720315572
5.568,0.0897259521720493,0.0921335594632785,-0.475605728944054
5.57,0.0897911577380246,0.0922105489416606,-0.438283823625007
5.572,0.0898551864965925,0.0922880667773743,-0.398697149789385
5.574,0.0899192152551604,0.0923658337853059,-0.357880030498394
5.576,0.0899832440137284,0.0924435293380772,-0.31701169503368
5.578,0.0900472727722963,0.0925208605185878,-0.277165800685941
5.58,0.0901113015308642,0.092597516997828,-0.239440638162056
5.582,0.0901741511486914,0.0926731175022205,-0.205156063185684
5.584,0.0902370007665186,0.0927474919619778,-0.174915059497573
5.586,0.0902998503843457,0.0928202944137611,-0.149871605089696
5.588,0.0903627000021729,0.0928911989686669,-0.131088594248406
5.59,0.09042554962,0.0929601798943996,-0.11861205459453
5.592,0.0904872182378272,0.0930271098152571,-0.112807953075274
5.594,0.0905488868556544,0.0930918834005646,-0.113948050526263
5.596,0.0906105554734815,0.0931544708750939,-0.122034365879862
5.598,0.0906722240913087,0.0932149711893589,-0.136643130509504
5.6,0.0907338927091358,0.0932734973438154,-0.157296851528363
5.602,0.0907943789477037,0.0933300835701486,-0.183719679201491
5.604,0.0908548651862716,0.0933850874011974,-0.214687132953491
5.606,0.0909153514248395,0.0934385371740576,-0.249891976388262
5.608,0.0909758376634075,0.0934907342811337,-0.288213896605842
5.61,0.0910363239019754,0.0935420194439132,-0.328461879204561
5.612,0.0910956268679507,0.0935926512013114,-0.369612204699748
5.614,0.091154929833926,0.0936429641525393,-0.410488957195266
5.616,0.0912142327999013,0.0936932699156912,-0.449938826900585
5.618,0.0912735357658766,0.093743875595555,-0.486929720577695
5.62,0.0913328387318519,0.0937951234899473,-0.520187772654669
5.622,0.0913909580237531,0.0938472355987609,-0.549079693657905
5.624,0.0914490773156544,0.093900547347859,-0.572347936388197
5.626,0.0915071966075556,0.093955255073145,-0.589405315063871
5.628,0.0915653158994568,0.0940114275396984,-0.600149202176002
5.63,0.091623435191358,0.0940692553553664,-0.603912441383611
5.632,0.0916803709054815,0.0941287955751759,-0.600573755813803
5.634,0.091737306619605,0.0941899343577047,-0.590673633290066
5.636,0.0917942423337284,0.0942526588053049,-0.574307566711573
5.638,0.0918511780478519,0.094316885068201,-0.551841829106593
5.64,0.0919081137619754,0.0943824193461989,-0.524067390045794
5.642,0.0919638664983211,0.0944491181577249,-0.491543424889611
5.644,0.0920196192346667,0.0945167057776904,-0.455337800501102
5.646,0.0920753719710124,0.0945849214888846,-0.416422835118023
5.648,0.0921311247073581,0.0946534394917321,-0.376022292172452
5.65,0.0921868774437038,0.0947219406887377,-0.335299481744297
5.652,0.0922414483119013,0.0947901139411777,-0.295402017627008
5.654,0.0922960191800988,0.094857649700948,-0.257435034928744
5.656,0.0923505900482963,0.094924268109644,-0.222392681228992
5.658,0.0924051609164939,0.0949895786118323,-0.191608505233952
5.66,0.0924597317846914,0.0950534121392141,-0.165664547843488
5.662,0.092513122409926,0.095115409091529,-0.145738649463056
5.664,0.0925665130351605,0.0951754702504188,-0.132124796972414
5.666,0.0926199036603951,0.0952335202199451,-0.125024854510558
5.668,0.0926732942856296,0.0952893746056474,-0.124972304875397
5.67,0.0927266849108642,0.0953430477416431,-0.131838697860997
5.672,0.0927788974398025,0.0953945788150584,-0.145401791511332
5.674,0.0928311099687408,0.0954440945291691,-0.165151907855097
5.676,0.0928833224976791,0.0954916431362366,-0.190788451407083
5.678,0.0929355350266173,0.0955374379298917,-0.22148811500746
5.68,0.0929877475555556,0.0955817181055295,-0.256340381502619
5.682,0.0930387846622717,0.0956247305455603,-0.294369331207553
5.684,0.0930898217689877,0.0956668237141934,-0.334361259615363
5.686,0.0931408588757037,0.0957082550135949,-0.375272709670307
5.688,0.0931918959824198,0.0957493697762511,-0.415902846529964
5.69,0.0932429330891358,0.0957904693382791,-0.455158710104755
5.692,0.0932927979810371,0.0958318482749413,-0.492028081856
5.694,0.0933426628729383,0.095873844942311,-0.525248715459018
5.696,0.0933925277648395,0.095916720711166,-0.554005583649503
5.698,0.0934423926567408,0.0959607634643359,-0.577285880261814
5.7,0.093492257548642,0.0960062259124945,-0.594255118232572
5.702,0.0935409539723951,0.0960531864906568,-0.604778971668199
5.704,0.0935896503961482,0.0961017622016266,-0.608504593985898
5.706,0.0936383468199013,0.0961521031920852,-0.604918177684543
5.708,0.0936870432436543,0.0962040617953558,-0.59469590744018
5.71,0.0937357396674074,0.096257618193913,-0.577954649926817
5.712,0.0937832719148642,0.0963127083540833,-0.554974671495092
5.714,0.093830804162321,0.0963690583712208,-0.526872216707573
5.716,0.0938783364097778,0.096426626858075,-0.493796146739984
5.718,0.0939258686572346,0.0964851143452222,-0.456918863290009
5.72,0.0939734009046914,0.0965442525623914,-0.417260905489364
5.722,0.0940197738188149,0.0966037611608389,-0.375866444993968
5.724,0.0940661467329383,0.0966633272197754,-0.333891181061007
5.726,0.0941125196470617,0.0967226448651368,-0.29246266930693
5.728,0.0941588925611852,0.0967813882215436,-0.252738088963459
5.73,0.0942052654753086,0.0968392591651814,-0.215782136163446
5.732,0.0942504844560987,0.0968959016559263,-0.182825527862783
5.734,0.0942957034368889,0.0969511561267617,-0.154428248029609
5.736,0.094340922417679,0.0970046402145561,-0.131858558978567
5.738,0.0943861413984692,0.0970561843640666,-0.115656531613702
5.74,0.0944313603792593,0.0971057086799327,-0.106046054950705
5.742,0.094475431389679,0.097153161106999,-0.103144974595541
5.744,0.0945195024000988,0.097198425886547,-0.107254267558428
5.746,0.0945635734105185,0.0972415829026153,-0.118028696238471
5.748,0.0946076444209383,0.097282744983647,-0.135010722680542
5.75,0.094651715431358,0.0973218901970779,-0.158131323934007
5.752,0.0946946450032593,0.097359321534803,-0.186315414642624
5.754,0.0947375745751605,0.0973951693072675,-0.219004689891259
5.756,0.0947805041470618,0.0974296219446508,-0.255410738010753
5.758,0.094823433718963,0.0974630466604839,-0.294255712006167
5.76,0.0948663632908643,0.097495716468118,-0.334511889465529
5.762,0.0949081585309137,0.097527941458616,-0.375010228367403
5.764,0.094949953770963,0.0975600516142634,-0.414592573529255
5.766,0.0949917490110124,0.0975923601975291,-0.45214787130477
5.768,0.0950335442510618,0.0976251529859402,-0.486700639919438
5.77,0.0950753394911112,0.0976587934432485,-0.516887912398946
5.772,0.0951160080867161,0.0976934607459655,-0.542230948369462
5.774,0.095156676682321,0.097729450293822,-0.561663965972072
5.776,0.0951973452779259,0.097766935241422,-0.574658646985985
5.778,0.0952380138735309,0.0978060013261938,-0.581008615501128
5.78,0.0952786824691358,0.0978467617570256,-0.580358284419091
5.782,0.0953182326943704,0.0978891658587371,-0.572993627130401
5.784,0.0953577829196049,0.0979331964002456,-0.559029334121435
5.786,0.0953973331448395,0.0979787501991318,-0.538906906113483
5.788,0.0954368833700741,0.098025744483307,-0.512965074089565
5.79,0.0954764335953086,0.0980739473451499,-0.482122138042534
5.792,0.0955148743168395,0.0981231666658931,-0.447106967561355
5.794,0.0955533150383704,0.0981730956412618,-0.409093395330086
5.796,0.0955917557599013,0.0982234560413437,-0.369112208304727
5.798,0.0956301964814321,0.0982739363707529,-0.328309729701794
5.8,0.095668637202963,0.0983242208876454,-0.287855302098874
5.802,0.0957059778859753,0.0983740073232119,-0.248837584553014
5.804,0.0957433185689877,0.0984230086700923,-0.212284587529398
5.806,0.095780659252,0.098470884167275,-0.179378685900401
5.808,0.0958179999350123,0.0985173134751057,-0.151216032517738
5.81,0.0958553406180247,0.0985620893382319,-0.128493555946957
5.812,0.0958915913321481,0.0986049717687808,-0.111987528214853
5.814,0.0959278420462716,0.0986458713422205,-0.101960009661525
5.816,0.095964092760395,0.0986847145975527,-0.0986067781424154
5.818,0.0960003434745185,0.098721271156302,-0.102605396057283
5.82,0.096036594188642,0.0987557478652631,-0.113208707804456
5.822,0.0960717656138766,0.098788187929936,-0.130184088205619
5.824,0.0961069370391111,0.0988186435110355,-0.153240783011959
5.826,0.0961421084643457,0.0988473689044489,-0.181449271370881
5.828,0.0961772798895803,0.098874466519794,-0.214316647594985
5.83,0.0962124513148148,0.0989002228233872,-0.250768984166146
5.832,0.0962465547474568,0.0989249804745487,-0.289607207198416
5.834,0.0962806581800988,0.0989489854094567,-0.329874176156703
5.836,0.0963147616127408,0.0989725403121948,-0.370406134628702
5.838,0.0963488650453828,0.0989959801585094,-0.410074473692077
5.84,0.0963829684780247,0.0990196048588146,-0.447783476934201
5.842,0.0964160158365926,0.0990437187715189,-0.482469547490012
5.844,0.0964490631951605,0.0990686348864451,-0.513035013232009
5.846,0.0964821105537284,0.0990946302206906,-0.538538330745923
5.848,0.0965151579122962,0.0991219995526115,-0.557954845341886
5.85,0.0965482052708641,0.0991508114059892,-0.571203011649173
5.852,0.0965802091020246,0.0991812426256125,-0.577678182528963
5.854,0.0966122129331851,0.0992134395445094,-0.576892923737743
5.856,0.0966442167643457,0.0992472922741091,-0.569371257469999
5.858,0.0966762205955062,0.0992827961510099,-0.555172716860537
5.86,0.0967082244266667,0.0993198729221061,-0.534637361003423
5.862,0.0967391979111605,0.099358419238118,-0.508190567553129
5.864,0.0967701713956544,0.0993981621465555,-0.476921892050304
5.866,0.0968011448801482,0.0994390113518196,-0.441160359723783
5.868,0.096832118364642,0.0994806363713398,-0.4021810681793
5.87,0.0968630918491358,0.0995227680279795,-0.360985972251531
5.872,0.0968930488077038,0.0995651044189761,-0.318685657349778
5.874,0.0969230057662717,0.0996073221929129,-0.276476416154021
5.876,0.0969529627248396,0.0996491148501158,-0.235466905884681
5.878,0.0969829196834075,0.099690189215614,-0.19671167758584
5.88,0.0970128766419754,0.0997302009525894,-0.16141505242935
5.882,0.097041831541284,0.0997688085814336,-0.130755941217534
5.884,0.0970707864405927,0.0998059124287731,-0.105085156589704
5.886,0.0970997413399013,0.0998411646520346,-0.0855523277714829
5.888,0.09712869623921,0.0998744005241392,-0.072675653941646
5.89,0.0971576511385186,0.0999056353866661,-0.0663633893430155
5.892,0.0971856190970865,0.0999346847052069,-0.067162758852892
5.894,0.0972135870556544,0.0999616667868133,-0.074618099442467
5.896,0.0972415550142223,0.0999865896130389,-0.0886211210858632
5.898,0.0972695229727901,0.100009554580095,-0.108748773669489
5.9,0.097297490931358,0.100030668957157,-0.134535733942997
5.902,0.0973244877254815,0.100050162949247,-0.165131881284366
5.904,0.0973514845196049,0.100068223451417,-0.199789045696071
5.906,0.0973784813137284,0.100085132342223,-0.237446659416231
5.908,0.0974054781078519,0.100101232947762,-0.276889946947255
5.91,0.0974324749019753,0.100116820611777,-0.317002176004792
5.912,0.0974585169716544,0.100132225091566,-0.356613564960467
5.914,0.0974845590413334,0.100147755709029,-0.394614042633338
5.916,0.0975106011110124,0.100163705478175,-0.429983862737322
5.918,0.0975366431806914,0.100180407733021,-0.461500961606276
5.92,0.0975626852503704,0.100198118356551,-0.488326797139749
5.922,0.0975877897052347,0.100217089883004,-0.50960327913163
5.924,0.0976128941600989,0.100237550763863,-0.524568754733956
5.926,0.0976379986149631,0.100259585398499,-0.533026819726728
5.928,0.0976631030698273,0.100283338581896,-0.534500791744085
5.93,0.0976882075246915,0.100308805075865,-0.529094439340288
5.932,0.097712392149926,0.100335961201292,-0.516951362675405
5.934,0.0977365767751606,0.100364693589643,-0.498549609693574
5.936,0.0977607614003951,0.10039497833331,-0.473995895646507
5.938,0.0977849460256296,0.100426567652528,-0.444266817510406
5.94,0.0978091306508642,0.100459304282184,-0.409960985498565
5.942,0.0978324139131358,0.100492884144004,-0.372242273611559
5.944,0.0978556971754074,0.100527062977069,-0.332012633536503
5.946,0.097878980437679,0.100561519562021,-0.290474319998351
5.948,0.0979022636999507,0.100595940969846,-0.24876636656961
5.95,0.0979255469622223,0.100630030773826,-0.207986766395502
5.952,0.097947948015605,0.100663483905063,-0.169224745648154
5.954,0.0979703490689877,0.100695960871526,-0.133675655349867
5.956,0.0979927501223704,0.100727254717584,-0.102074494449953
5.958,0.0980151511757531,0.100756986125003,-0.075709059703604
5.96,0.0980375522291358,0.100784871915298,-0.0555251030825319
5.962,0.0980590909210371,0.100810936081553,-0.0414192336169461
5.964,0.0980806296129383,0.100834921336258,-0.0342139292512206
5.966,0.0981021683048396,0.100856791425558,-0.0339785488558776
5.968,0.0981237069967408,0.100876588215714,-0.0405122042105791
5.97,0.098145245688642,0.100894350832293,-0.0536112336487415
5.972,0.0981659425657285,0.100910178253509,-0.0728616829207127
5.974,0.0981866394428149,0.100924164249946,-0.0978384888209691
5.976,0.0982073363199013,0.100936622302013,-0.127436892555253
5.978,0.0982280331969877,0.100947650194703,-0.161184025360571
5.98,0.0982487300740742,0.100957543658752,-0.197985413668107
5.982,0.0982686063881976,0.100966632366747,-0.236681848376735
5.984,0.098288482702321,0.100975171811137,-0.276263828962997
5.986,0.0983083590164445,0.100983501954508,-0.315563778733685
5.988,0.0983282353305679,0.100991920933156,-0.353483571076892
5.99,0.0983481116446913,0.101000755763933,-0.38884807528513
5.992,0.0983671893588148,0.10101034519689,-0.420472176910016
5.994,0.0983862670729383,0.101020888335687,-0.447762213495616
5.996,0.0984053447870617,0.101032734787205,-0.469426951419681
5.998,0.0984244225011852,0.101046100037373,-0.484776070749851
6,0.0984435002153086,0.101061036772524,-0.493733055464002
6.002,0.0984618001483086,0.101077730823482,-0.495654108912076
6.004,0.0984801000813086,0.101096223625064,-0.490456399107533
6.006,0.0984984000143086,0.101116389609109,-0.478684664039497
6.008,0.0985166999473086,0.101138208005673,-0.460452157397833
6.01,0.0985349998803086,0.101161587001967,-0.436139890714255
6.012,0.0985525360551605,0.101186326513096,-0.406538564439612
6.014,0.0985700722300123,0.101212274718192,-0.372234958768285
6.016,0.0985876084048642,0.101239183943704,-0.334169991858712
6.018,0.098605144579716,0.101266769236101,-0.293408106441667
6.02,0.0986226807545679,0.101294712919715,-0.251133002872252
6.022,0.0986394658568272,0.101322705718495,-0.208477521161205
6.024,0.0986562509590864,0.101350425594682,-0.166617385393823
6.026,0.0986730360613457,0.101377563713975,-0.126668488043413
6.028,0.0986898211636049,0.101403832081379,-0.0896595599160698
6.03,0.0987066062658642,0.101428865115356,-0.056867875058217
6.032,0.0987226534907161,0.101452499390209,-0.0288593006784084
6.034,0.0987387007155679,0.101474392678931,-0.00679269766630457
6.036,0.0987547479404198,0.101494399255416,0.00886696917005813
6.038,0.0987707951652717,0.101512490484633,0.0180592603852219
6.04,0.0987868423901235,0.101528516932542,0.0203260063569343
6.042,0.0988021654468272,0.101542432335628,0.015570727496154
6.044,0.0988174885035309,0.101554301034377,0.00407311182385669
6.046,0.0988328115602346,0.101564226225258,-0.0137519402994151
6.048,0.0988481346169383,0.1015722579139,-0.0376416538091677
6.05,0.098863457673642,0.101578689894556,-0.0665438999228715
6.052,0.0988780707899753,0.101583654430046,-0.0999018665221659
6.054,0.0988926839063087,0.101587448218013,-0.136622129960265
6.056,0.098907297022642,0.101590384325372,-0.175558942762858
6.058,0.0989219101389753,0.101592785572782,-0.215553116416017
6.06,0.0989365232553087,0.101594959343606,-0.255464188869761
6.062,0.0989504411820124,0.101597223233493,-0.294143101532153
6.064,0.0989643591087161,0.101599874754499,-0.330552297162989
6.066,0.0989782770354198,0.101603257249421,-0.363429395506763
6.068,0.0989921949621234,0.101607565646502,-0.39219727697213
6.07,0.0990061128888271,0.101613130963283,-0.415641487842191
6.072,0.0990193509040494,0.101620189075528,-0.432981283245417
6.074,0.0990325889192716,0.101628808469161,-0.444077487344091
6.076,0.0990458269344938,0.101639179845654,-0.448273697719218
6.078,0.0990590649497161,0.101651376210279,-0.445366202155721
6.08,0.0990723029649383,0.101665291213331,-0.435817604957385
6.082,0.099084876878679,0.101680901548375,-0.419748173398179
6.084,0.0990974507924197,0.101698079857362,-0.397666714741515
6.086,0.0991100247061605,0.101716746958011,-0.369889453277688
6.088,0.0991225986199012,0.101736606156589,-0.337553037720362
6.09,0.0991351725336419,0.101757503322179,-0.30123829330173
6.092,0.0991470986921975,0.101779158122863,-0.261993925141489
6.094,0.0991590248507531,0.101801247165848,-0.221026064909677
6.096,0.0991709510093086,0.101823483358884,-0.179389605105262
6.098,0.0991828771678642,0.101845552663998,-0.138231689907001
6.1,0.0991948033264198,0.101867150774621,-0.098654587014632
6.102,0.0992060986168272,0.101887996038956,-0.0616664051627822
6.104,0.0992173939072346,0.101907724745923,-0.0285442351469152
6.106,0.099228689197642,0.101926074934058,-0.000195961737387513
6.108,0.0992399844880494,0.101942856914343,0.022735750736522
6.11,0.0992512797784568,0.101957763382159,0.0392190390740391
6.112,0.0992619616329383,0.101970753670799,0.0491512242249656
6.114,0.0992726434874198,0.101981780834859,0.0524119932380012
6.116,0.0992833253419013,0.101990663546274,0.0484403741336284
6.118,0.0992940071963828,0.101997616275879,0.0380190772675572
6.12,0.0993046890508643,0.102002690398775,0.0213858847010756
6.122,0.0993147754512717,0.102005924236514,-0.00124401335382048
6.124,0.0993248618516791,0.102007579922926,-0.0289161729122714
6.126,0.0993349482520864,0.10200777972986,-0.0611170558566179
6.128,0.0993450346524938,0.102006785074296,-0.0968741290334238
6.13,0.0993551210529012,0.102004882815898,-0.135132974616968
6.132,0.0993646305351605,0.102002367592358,-0.174815940456852
6.134,0.0993741400174197,0.101999549660777,-0.214787755685359
6.136,0.099383649499679,0.1019967502028,-0.253882898885228
6.138,0.0993931589819383,0.101994278923385,-0.291019936073296
6.14,0.0994026684641976,0.101992486688292,-0.32491841999924
6.142,0.0994116201227531,0.101991650374699,-0.354654596474348
6.144,0.0994205717813087,0.101991971522052,-0.379564712032776
6.146,0.0994295234398643,0.101993801112083,-0.39837985514173
6.148,0.0994384750984198,0.101997284802662,-0.410657887131952
6.15,0.0994474267569754,0.102002469860187,-0.416305882496658
6.152,0.0994558402492346,0.102009483903476,-0.414900572944688
6.154,0.0994642537414939,0.102018266119111,-0.406727713671326
6.156,0.0994726672337531,0.102028805341832,-0.39186562306556
6.158,0.0994810807260124,0.102041003527648,-0.37071466279395
6.16,0.0994894942182716,0.102054734561211,-0.343774761932787
6.162,0.0994973897690494,0.102069712562836,-0.312136204169371
6.164,0.0995052853198272,0.10208585043493,-0.276130437932077
6.166,0.099513180870605,0.102102799340255,-0.237062020325405
6.168,0.0995210764213828,0.102120278815771,-0.195966585956243
6.17,0.0995289719721606,0.102137968065744,-0.154023850998171
6.172,0.0995363703781235,0.102155546049218,-0.112410204299085
6.174,0.0995437687840864,0.102172708571712,-0.0722280557467307
6.176,0.0995511671900494,0.102189162355965,-0.0345306592680514
6.178,0.0995585655960123,0.102204560520223,-0.000545034150111899
6.18,0.0995659640019752,0.102218651883446,0.0288547986384376
6.182,0.0995728866360864,0.102231145457983,0.0526708353687059
6.184,0.0995798092701975,0.102241884314288,0.0703896461396605
6.186,0.0995867319043086,0.102250729435221,0.0815671290348008
6.188,0.0995936545384198,0.102257615529829,0.0860187793352288
6.19,0.0996005771725309,0.102262346054253,0.0831214730651744
6.192,0.0996070459884939,0.102265109200941,0.0735686103759863
6.194,0.0996135148044568,0.10226591912554,0.0574656456653963
6.196,0.0996199836204198,0.102264917863223,0.0353568870009554
6.198,0.0996264524363828,0.102262225135217,0.00772930090625031
6.2,0.0996329212523457,0.102258084916816,-0.0245158284886142
6.202,0.0996389587890494,0.102252723570134,-0.0605077841855755
6.204,0.0996449963257531,0.102246520227549,-0.0989116517236874
6.206,0.0996510338624568,0.102239730456593,-0.138763543724849
6.208,0.0996570713991605,0.102232670833323,-0.178881335994168
6.21,0.0996631089358642,0.102225664819924,-0.218134087471926
6.212,0.0996687383218272,0.102219010086838,-0.25544085506475
6.214,0.0996743677077901,0.102212996501849,-0.28977954951803
6.216,0.0996799970937531,0.102207947738732,-0.319996439343226
6.218,0.099685626479716,0.10220408764707,-0.345350556969943
6.22,0.099691255865679,0.102201722531576,-0.364765150233457
6.222,0.0996965008234938,0.102200966840466,-0.377914685996053
6.224,0.0997017457813087,0.102202005413388,-0.384175051086001
6.226,0.0997069907391235,0.102204907378738,-0.383355270581616
6.228,0.0997122356969383,0.102209610952976,-0.375738037379689
6.23,0.0997174806547532,0.102216105078412,-0.361397531254483
6.232,0.0997223655055309,0.102224275559972,-0.34078697483226
6.234,0.0997272503563087,0.102234053357764,-0.314187542343066
6.236,0.0997321352070864,0.102245183879656,-0.282565562674921
6.238,0.0997370200578642,0.102257505668338,-0.246535940140751
6.24,0.0997419049086419,0.102270729336411,-0.207180914118131
6.242,0.0997464545764568,0.102284565295457,-0.165575638015946
6.244,0.0997510042442716,0.102298733786148,-0.122753767786863
6.246,0.0997555539120864,0.102312907874907,-0.0799155209143263
6.248,0.0997601035799013,0.102326785576104,-0.0381607652885598
6.25,0.0997646532477161,0.10234007103651,0.00144338901834684
6.252,0.0997688932640494,0.102352440375048,0.0377408392108345
6.254,0.0997731332803828,0.102363624481191,0.0697860292031606
6.256,0.0997773732967161,0.102373339043224,0.0965898512757525
6.258,0.0997816133130495,0.102381352909777,0.11736424044051
6.26,0.0997858533293828,0.10238754171659,0.131707019447108
6.262,0.099789809837568,0.102391860211899,0.139494720929971
6.264,0.0997937663457532,0.102394138099437,0.140171865539127
6.266,0.0997977228539383,0.10239451677833,0.134272777254349
6.268,0.0998016793621235,0.102393020304502,0.121925294808459
6.27,0.0998056358703087,0.102389771224381,0.103601625293899
6.272,0.0998093356299753,0.102384840122028,0.0796076279485865
6.274,0.099813035389642,0.102378438075693,0.0507300243375921
6.276,0.0998167351493087,0.102370783691013,0.0177885463471073
6.278,0.0998204349089753,0.102362136735065,-0.0182512129463891
6.28,0.099824134668642,0.102352832530605,-0.0561917464053233
6.282,0.0998276013379136,0.10234315248657,-0.0949944235812717
6.284,0.0998310680071852,0.102333428183896,-0.133452524148165
6.286,0.0998345346764568,0.102323982877526,-0.170420882887881
6.288,0.0998380013457284,0.102315110154908,-0.20486655897185
6.29,0.099841468015,0.102307153085051,-0.235560483496328
6.292,0.0998447108394568,0.102300391797056,-0.261536201604459
6.294,0.0998479536639136,0.10229504378824,-0.282062306651838
6.296,0.0998511964883704,0.102291387644388,-0.296174859569894
6.298,0.0998544393128272,0.102289424949614,-0.303942372263063
6.3,0.099857682137284,0.102289309612735,-0.304849810040885
6.302,0.0998607068595185,0.102291090634312,-0.298768215516488
6.304,0.0998637315817531,0.102294691443444,-0.286019964092314
6.306,0.0998667563039877,0.102300065421546,-0.266811630878055
6.308,0.0998697810262222,0.102307142629825,-0.241436057467434
6.31,0.0998728057484568,0.102315573834934,-0.211191073862266
6.312,0.0998756182947654,0.102325326087943,-0.176231338953054
6.314,0.0998784308410741,0.102336091537551,-0.13770100019633
6.316,0.0998812433873827,0.102347540253359,-0.0968114674975869
6.318,0.0998840559336914,0.102359398838349,-0.0545747184802826
6.32,0.09988686848,0.102371337829295,-0.0122056705274115
6.322,0.0998894749618642,0.102383040250202,0.0291501639532778
6.324,0.0998920814437284,0.102394200609785,0.068385519987365
6.326,0.0998946879255926,0.102404522197412,0.104441102061926
6.328,0.0998972944074568,0.102413692303582,0.136211296699839
6.33,0.099899900889321,0.102421453570669,0.162805409624082
6.332,0.0999023076048889,0.102427476324695,0.183078703413991
6.334,0.0999047143204568,0.102431733099436,0.196989815783734
6.336,0.0999071210360247,0.102434110871627,0.204176253075891
6.338,0.0999095277515926,0.102434399217375,0.203932659116776
6.34,0.0999119344671605,0.102432759068835,0.196872061556037
6.342,0.0999141479027284,0.102429196417833,0.183053230190322
6.344,0.0999163613382963,0.102423831179272,0.162938879711335
6.346,0.0999185747738642,0.102416796013145,0.137043053834004
6.348,0.0999207882094321,0.102408329063359,0.106245396585252
6.35,0.099923001645,0.102398624921464,0.0712835688808608
6.352,0.0999250284764938,0.102387991044213,0.0332864232042702
6.354,0.0999270553079877,0.102376726817464,-0.00665034610306284
6.356,0.0999290821394815,0.102365141384698,-0.0473931011171873
6.358,0.0999311089709753,0.102353545604908,-0.0878211022722189
6.36,0.0999331358024692,0.102342234632582,-0.126862829859184
6.362,0.0999349828969259,0.102331518531142,-0.16340631622142
6.364,0.0999368299913827,0.102321737668852,-0.196240775233924
6.366,0.0999386770858395,0.102313082347055,-0.224736940019418
6.368,0.0999405241802963,0.102305874159989,-0.247759341148145
6.37,0.0999423712747531,0.1023003726597,-0.26442066328137
6.372,0.0999440456918025,0.102296561579999,-0.274842464982279
6.374,0.0999457201088519,0.102294653927824,-0.278289882915164
6.376,0.0999473945259013,0.10229471100856,-0.274582376447699
6.378,0.0999490689429506,0.102296583087484,-0.264295559480082
6.38,0.09995074336,0.102300240686468,-0.24756279247743
6.382,0.0999522523533457,0.10230560270901,-0.224706065474659
6.384,0.0999537613466914,0.102312410645322,-0.196684566858981
6.386,0.0999552703400371,0.102320555130305,-0.163924096261476
6.388,0.0999567793333827,0.102329741319518,-0.127511592891981
6.39,0.0999582883267284,0.102339722679232,-0.0883633624836571
6.392,0.0999596393456297,0.102350183052737,-0.0476372945411532
6.394,0.0999609903645309,0.102360810392075,-0.0064816050755247
6.396,0.0999623413834321,0.102371294060335,0.0339828392008523
6.398,0.0999636924023334,0.102381334384037,0.0726683103946073
6.4,0.0999650434212346,0.102390638252781,0.108526121077213
6.402,0.0999662441119877,0.102398865229064,0.140342010762703
6.404,0.0999674448027408,0.102405808021405,0.167405956626774
6.406,0.0999686454934939,0.102411181127096,0.188722156042055
6.408,0.0999698461842469,0.102414825242495,0.203764220179661
6.41,0.099971046875,0.102416638764845,0.212211169136776
6.412,0.0999721050824198,0.102416519014163,0.213736688366211
6.414,0.0999731632898395,0.102414514543008,0.208553600648982
6.416,0.0999742214972593,0.102410635092199,0.196733130219378
6.418,0.099975279704679,0.102404958931523,0.178591048697441
6.42,0.0999763379120988,0.102397573013093,0.154477440881716
6.422,0.099977261681,0.102388720009842,0.125286765477572
6.424,0.0999781854499013,0.102378499476075,0.0914231245381724
6.426,0.0999791092188025,0.10236723603053,0.0540686153146994
6.428,0.0999800329877037,0.102355219844716,0.0142857089365676
6.43,0.099980956756605,0.10234275831299,-0.0268052364756495
6.432,0.099981754333284,0.102330175549121,-0.0680157663337831
6.434,0.099982551909963,0.102317793925302,-0.108187600240355
6.436,0.099983349486642,0.10230592314823,-0.146206433847843
6.438,0.099984147063321,0.102294844110456,-0.181075481331192
6.44,0.09998494464,0.102284909659054,-0.211528563269099
6.442,0.0999856244737161,0.102276299101646,-0.236965541562731
6.444,0.0999863043074321,0.102269289069377,-0.25641660038954
6.446,0.0999869841411482,0.102264024721285,-0.269403341774629
6.448,0.0999876639748642,0.102260567480998,-0.275746335184848
6.45,0.0999883438085803,0.102259011262658,-0.275140481906269
6.452,0.0999889145530371,0.102259339190144,-0.267679289803646
6.454,0.0999894852974938,0.102261490282073,-0.253610215591642
6.456,0.0999900560419506,0.102265341520287,-0.233402455969059
6.458,0.0999906267864074,0.102270797699718,-0.207427504842543
6.46,0.0999911975308642,0.102277539271198,-0.176857295511017
6.462,0.0999916680456914,0.102285472796875,-0.142057660189557
6.464,0.0999921385605185,0.102294258543346,-0.10427134329445
6.466,0.0999926090753457,0.102303610756742,-0.0645497834522894
6.468,0.0999930795901729,0.102313206089358,-0.0240752280626935
6.47,0.099993550105,0.10232272793985,0.0160028716293641
6.472,0.0999939294572346,0.102331873395244,0.0545858464846565
6.474,0.0999943088094692,0.102340342223466,0.0905978460711918
6.476,0.0999946881617037,0.102347780821772,0.122777908830908
6.478,0.0999950675139383,0.102353975195934,0.150390185360887
6.48,0.0999954468661729,0.102358553801867,0.172128806908605
6.482,0.0999957443317408,0.102361447714701,0.187794094365196
6.484,0.0999960417973087,0.102362480538283,0.196792053503155
6.486,0.0999963392628766,0.102361603414367,0.198984586259549
6.488,0.0999966367284445,0.102358696926791,0.193982922040913
6.49,0.0999969341940124,0.102353946036873,0.182474160729733
6.492,0.0999971592592099,0.102347422912872,0.164743780856963
6.494,0.0999973843244074,0.102339187964475,0.141045007005697
6.496,0.0999976093896049,0.1023294796105,0.11225606369108
6.498,0.0999978344548025,0.102318504265983,0.0791454669117907
6.5,0.09999805952,0.102306506248872,0.0426204550648467
6.502,0.0999982218829753,0.102293774956387,0.00374499142031272
6.504,0.0999983842459506,0.102280626525888,-0.0363401916192332
6.506,0.099998546608926,0.10226735773588,-0.0765340060809195
6.508,0.0999987089719013,0.10225427851387,-0.115734254162177
6.51,0.0999988713348766,0.102241694817818,-0.152835305194784
6.512,0.0999989809071112,0.102229959042826,-0.186572182532168
6.514,0.0999990904793457,0.102219282206243,-0.216237313109261
6.516,0.0999992000515803,0.102209996728771,-0.240648944183904
6.518,0.0999993096238148,0.102202381634363,-0.258842484781347
6.52,0.0999994191960494,0.102196456527272,-0.2708049285562
6.522,0.0999994861038395,0.10219246913343,-0.275672091835455
6.524,0.0999995530116296,0.102190434203239,-0.273430972902766
6.526,0.0999996199194197,0.102190281233593,-0.264367340660177
6.528,0.0999996868272099,0.10219197941121,-0.248617013280792
6.53,0.099999753735,0.102195429094454,-0.226564397199585
6.532,0.0999997883209383,0.102200498958205,-0.198711194559963
6.534,0.0999998229068766,0.102206942500641,-0.165969179637746
6.536,0.0999998574928148,0.102214588302396,-0.128985352916318
6.538,0.0999998920787531,0.102223145079573,-0.0888346646807697
6.54,0.0999999266646914,0.102232279186654,-0.0467329750239245
6.542,0.0999999394891482,0.102241712500852,-0.00371225897293345
6.544,0.099999952313605,0.102251113922891,0.0390234996121105
6.546,0.0999999651380618,0.10226018301284,0.0803784610468618
6.548,0.0999999779625186,0.102268637323736,0.119334762410704
6.55,0.0999999907869754,0.102276133319706,0.154651090215805
6.552,0.0999999926295803,0.102282384979046,0.185317826618489
6.554,0.0999999944721852,0.102287249191729,0.210854058085583
6.556,0.0999999963147901,0.10229043412453,0.230233379109653
6.558,0.0999999981573951,0.102291789908206,0.242953969383766
6.56,0.1,0.102291333655733,0.249113615143748
6.562,0.1,0.102288860396655,0.248003503010081
6.564,0.1,0.102284538796864,0.240257440699746
6.566,0.1,0.102278379158753,0.225934592959715
6.568,0.1,0.102270480317732,0.205411384446636
6.57,0.1,0.102261023195991,0.179357424770896
6.572,0.1,0.102250185737448,0.148430551495492
6.574,0.1,0.102238220481902,0.113555113671627
6.576,0.1,0.102225427753717,0.075823449861521
6.578,0.1,0.10221213092048,0.0364076149964572
6.58,0.1,0.102198647482022,-0.00353515250228596
6.582,0.1,0.102185295687098,-0.042858775229906
6.584,0.1,0.102172375792316,-0.0804775677328837
6.586,0.1,0.102160174121039,-0.115367391978691
6.588,0.1,0.102149040696624,-0.14627687139546
6.59,0.1,0.102139142612451,-0.172638133373566
6.592,0.1,0.102130793057738,-0.193349326297247
6.594,0.1,0.102124193756069,-0.207723686701733
6.596,0.1,0.102119343905912,-0.215800167087062
6.598,0.1,0.102116426460059,-0.21695298565073
6.6,0.1,0.102115425548585,-0.211267567305079
6.602,0.1,0.102116284237327,-0.198970942226982
6.604,0.1,0.102118884607029,-0.18050555006139
6.606,0.1,0.102123200818198,-0.155993208836814
6.608,0.1,0.102128878372114,-0.126714471994018
6.61,0.1,0.102135876290788,-0.0928554588338615
6.612,0.1,0.102143843485379,-0.0556893744127166
6.614,0.1,0.102152527349924,-0.0161542538666282
6.616,0.1,0.10216159501529,0.0245457617652653
6.618,0.1,0.102170749033045,0.0653104074963434
6.62,0.1,0.102179680939823,0.10502738619546
6.622,0.1,0.102188076968353,0.14255639521092
6.624,0.1,0.102195578241671,0.176602338200126
6.626,0.1,0.10220199836278,0.206538345908572
6.628,0.1,0.102207015495058,0.231214380855454
6.63,0.1,0.102210311253529,0.249510337028252
6.632,0.1,0.102211907367649,0.261557500829715
6.634,0.1,0.102211630356583,0.266754767730753
6.636,0.1,0.102209451131803,0.265026635998362
6.638,0.1,0.102205382345706,0.256442758737833
6.64,0.1,0.102199488306091,0.241255909817758
6.642,0.1,0.102191898535384,0.219954133114487
6.644,0.1,0.102182752230759,0.193063589966411
6.646,0.1,0.102172334239538,0.161629500522621
6.648,0.1,0.102160744779996,0.126040204385091
6.65,0.1,0.102148305695912,0.0874741844826739
6.652,0.1,0.102135306800657,0.0469909981457644
6.654,0.1,0.102122051320121,0.00570056218267738
6.656,0.1,0.10210885963651,-0.0352379943777776
6.658,0.1,0.102096046049583,-0.0746858890736676
6.66,0.1,0.102083937269477,-0.111471934553434
6.662,0.1,0.102072874401954,-0.144383397459547
6.664,0.1,0.102063043430265,-0.172779451655636
6.666,0.1,0.102054752701679,-0.195571575286969
6.668,0.1,0.102048245677869,-0.211915098034657
6.67,0.1,0.102043587657205,-0.221605019627632
6.672,0.1,0.102040836996077,-0.224456183896615
6.674,0.1,0.102040055421541,-0.220268735788108
6.676,0.1,0.102041144776354,-0.209411357876682
6.678,0.1,0.102044048445022,-0.192104352875958
6.68,0.1,0.102048697077594,-0.168618449155131
6.682,0.1,0.102054722715051,-0.140282344696472
6.684,0.1,0.102062083987669,-0.107273591902253
6.686,0.1,0.102070469641348,-0.0707269985435294
6.688,0.1,0.10207954594009,-0.0318482972115295
6.69,0.1,0.102089057526921,0.00841675744549676
6.692,0.1,0.102098656454241,0.0488009995882298
6.694,0.1,0.102108037504271,0.0882063730387679
6.696,0.1,0.102116900391947,0.125542617259468
6.698,0.1,0.102124905705566,0.159585708141811
6.7,0.1,0.102131843232448,0.189610156393522
6.702,0.1,0.102137399391013,0.214501182138216
6.704,0.1,0.102141313197442,0.233351303313168
6.706,0.1,0.102143498633396,0.245895977285871
6.708,0.1,0.102143798612135,0.251602527208835
6.71,0.1,0.102142150593283,0.250278748252477
6.712,0.1,0.102138598597528,0.242110090503917
6.714,0.1,0.102133167120788,0.227205516004228
6.716,0.1,0.102125979898217,0.206027484121205
6.718,0.1,0.10211713112027,0.178934304699297
6.72,0.1,0.102106877645323,0.146862991819049
6.722,0.1,0.102095449646759,0.11065687067685
6.724,0.1,0.10208312715428,0.0713396905147572
6.726,0.1,0.102070264272754,0.0301898534605181
6.728,0.1,0.102057138053037,-0.0117696199883032
6.73,0.1,0.102044079845655,-0.0533406623721341
6.732,0.1,0.102031380907677,-0.0934606512705123
6.734,0.1,0.102019325188463,-0.131104162258104
6.736,0.1,0.102008265206636,-0.164998380155983
6.738,0.1,0.101998373124706,-0.194551263044741
6.74,0.1,0.101989962479065,-0.218648547332241
6.742,0.1,0.101983244835356,-0.236558464692088
6.744,0.1,0.101978275346659,-0.248114583845893
6.746,0.1,0.1019752254096,-0.252722179169603
6.748,0.1,0.101974143562796,-0.250228181961872
6.75,0.1,0.1019749143834,-0.24106345315659
6.752,0.1,0.101977503622757,-0.225362645574387
6.754,0.1,0.101981811866171,-0.203494874849179
6.756,0.1,0.101987660170748,-0.176117359155322
6.758,0.1,0.101994852404889,-0.143949550064758
6.76,0.1,0.102003111248808,-0.108003296787498
6.762,0.1,0.102012192232892,-0.0691755237684724
6.764,0.1,0.10202178719688,-0.0285916813168413
6.766,0.1,0.102031581598737,0.0125954529927442
6.768,0.1,0.102041263158271,0.0532539764540114
6.77,0.1,0.102050532324937,0.0922933661082059
6.772,0.1,0.102059092477652,0.128644746915515
6.774,0.1,0.102066616616827,0.16113517640683
6.776,0.1,0.102072825101488,0.188775463108841
6.778,0.1,0.102077530587069,0.210916335416631
6.78,0.1,0.102080514381037,0.226793496287659
6.782,0.1,0.102081670293646,0.236049140744919
6.784,0.1,0.102080982836692,0.238647651904792
6.786,0.1,0.102078398999804,0.234414114869958
6.788,0.1,0.102073999803949,0.223653761767794
6.79,0.1,0.102067911111099,0.206831637355697
6.792,0.1,0.102060170707679,0.184100290876968
6.794,0.1,0.102050995030003,0.156254138022576
6.796,0.1,0.102040558376771,0.123938050649519
6.798,0.1,0.102029141179358,0.0881748318364118
6.8,0.1,0.102017011779687,0.0499442032668048
6.802,0.1,0.102004479818909,0.0103692774391286
6.804,0.1,0.101991858376644,-0.0294105604990429
6.806,0.1,0.101979477750214,-0.0682017008222272
6.808,0.1,0.101967640015484,-0.104922233437169
6.81,0.1,0.101956707410506,-0.138271787032008
6.812,0.1,0.10194695054708,-0.16729872736051
6.814,0.1,0.10193854405358,-0.19139801944881
6.816,0.1,0.101931899917959,-0.209106776412933
6.818,0.1,0.101926967063216,-0.2206398936384
6.82,0.1,0.10192393396407,-0.22534076154963
6.822,0.1,0.101922829717038,-0.223125353577009
6.824,0.1,0.101923632979175,-0.214086866308397
6.826,0.1,0.101926278354601,-0.198474337680067
6.828,0.1,0.101930637767577,-0.176761401310918
6.83,0.1,0.10193658716289,-0.149412605127719
6.832,0.1,0.101943814545047,-0.117556191497502
6.834,0.1,0.101952231590248,-0.0815384275295086
6.836,0.1,0.101961448787984,-0.0427649331817605
6.838,0.1,0.101971203825444,-0.00219944757629814
6.84,0.1,0.101981167904918,0.0389582687257404
6.842,0.1,0.101991021283458,0.079547527527022
6.844,0.1,0.102000460898364,0.118466077142743
6.846,0.1,0.102009163600034,0.15454563823488
6.848,0.1,0.102016890240439,0.186943881065442
6.85,0.1,0.10202327682138,0.214354801458266
6.852,0.1,0.102028051711165,0.235827557380157
6.854,0.1,0.10203114499454,0.251150845389628
6.856,0.1,0.102032385294792,0.259733478130697
6.858,0.1,0.102031678715585,0.261263171181366
6.86,0.1,0.102028983679813,0.255611220256794
6.862,0.1,0.102024401145479,0.243156458637533
6.864,0.1,0.102018027397474,0.224255730862414
6.866,0.1,0.102009907225448,0.199080722726584
6.868,0.1,0.10200041446821,0.168984768415657
6.87,0.1,0.101989641127162,0.134310007277493
6.872,0.1,0.101977904720179,0.0962100151261435
6.874,0.1,0.101965530420844,0.0558647369126233
6.876,0.1,0.101952812289754,0.0143456986053592
6.878,0.1,0.101940061550217,-0.0272083904664227
6.88,0.1,0.101927574867446,-0.0677202224417794
6.882,0.1,0.101915646070723,-0.106123092424148
6.884,0.1,0.101904621538031,-0.141166903388201
6.886,0.1,0.10189466877995,-0.172270357557402
6.888,0.1,0.101886127740153,-0.198220453995048
6.89,0.1,0.101879270027918,-0.218064655589373
6.892,0.1,0.101874108005055,-0.231785925626127
6.894,0.1,0.101870849969626,-0.238654070480739
6.896,0.1,0.101869537024682,-0.238538093097405
6.898,0.1,0.101870156425701,-0.231494382146289
6.9,0.1,0.101872626579501,-0.217822380339734
6.902,0.1,0.101876809628205,-0.19802203124595
6.904,0.1,0.101882611180181,-0.172440114247452
6.906,0.1,0.101889816533405,-0.141856801019622
6.908,0.1,0.101898208693072,-0.107064211688405
6.91,0.1,0.101907469944907,-0.0692136707910957
6.912,0.1,0.101917338978099,-0.0292609199969637
6.914,0.1,0.101927511691799,0.0116805261185576
6.916,0.1,0.101937666687638,0.0524439351794468
6.918,0.1,0.101947512387856,0.0919650137011903
6.92,0.1,0.101956750874915,0.129164176428376
6.922,0.1,0.101965026060587,0.162752987494409
6.924,0.1,0.10197217719416,0.192176968743464
6.926,0.1,0.101977867438796,0.216228595980624
6.928,0.1,0.101981948640649,0.234399153300341
6.93,0.1,0.101984226708176,0.24600851489829
6.932,0.1,0.101984711104972,0.251111668556147
6.934,0.1,0.101983250260227,0.24917507497788
6.936,0.1,0.101979997557329,0.240765003712647
6.938,0.1,0.101974972684066,0.225961458960189
6.94,0.1,0.101968298227371,0.205215817703554
6.942,0.1,0.101960056880499,0.178837865658139
6.944,0.1,0.101950467035862,0.147625399568323
6.946,0.1,0.10193977440167,0.112474150687213
6.948,0.1,0.101928228470283,0.0742936403351802
6.95,0.1,0.101916163755243,0.034295991245968
6.952,0.1,0.10190388083712,-0.00642520587847996
6.954,0.1,0.101891710033087,-0.0466708275783215
6.956,0.1,0.101879966474388,-0.0853015449739913
6.958,0.1,0.10186893601279,-0.121289288705596
6.96,0.1,0.101858987166793,-0.153309331289515
6.962,0.1,0.101850320718843,-0.18065536444171
6.964,0.1,0.101843195358353,-0.20241129425332
6.966,0.1,0.101837817204672,-0.217853596693219
6.968,0.1,0.101834237715369,-0.226814374206093
6.97,0.1,0.101832590537507,-0.228826645018725
6.972,0.1,0.101832833602699,-0.224052019359005
6.974,0.1,0.101834919862976,-0.212666604226302
6.976,0.1,0.101838724754745,-0.195123713960872
6.978,0.1,0.101844219517934,-0.171536194480889
6.98,0.1,0.101851080646184,-0.143073000552823
6.982,0.1,0.10185922349086,-0.110051949048203
6.984,0.1,0.101868326615818,-0.0736389100394911
6.986,0.1,0.101878070591156,-0.0349908120289953
6.988,0.1,0.10188818084992,0.00488918391955376
6.99,0.1,0.101898320442775,0.0447718972396654
6.992,0.1,0.101908177493788,0.0835307610013688
6.994,0.1,0.101917462911605,0.120121011436761
6.996,0.1,0.101925824658704,0.153274235643462
6.998,0.1,0.101932945780551,0.181864635826716
7,0.1,0.101938701186598,0.205468744075859
7.002,0.1,0.101942675011085,0.222606595480224
7.004,0.1,0.101944882291171,0.233362081591425
7.006,0.1,0.10194518216549,0.237248335046641
7.008,0.1,0.101943445568749,0.233819056356494
7.01,0.1,0.101939841462072,0.223692133750746
7.012,0.1,0.101934425798226,0.207075269324464
7.014,0.1,0.101927305368123,0.184358302114481
7.016,0.1,0.101918644949386,0.156142076566131
7.018,0.1,0.101908709658185,0.123386434018258
7.02,0.1,0.101897679997713,0.086755268681149
7.022,0.1,0.1018859330235,0.0476106385262611
7.024,0.1,0.101873710384309,0.00683829622060373
7.026,0.1,0.101861323173666,-0.0344267932208284
7.028,0.1,0.101849085186144,-0.0750393112542311
7.03,0.1,0.101837297410734,-0.113908525905344
7.032,0.1,0.101826243694007,-0.150013412264325
7.034,0.1,0.101816281438805,-0.182070306874242
7.036,0.1,0.101807567122274,-0.209541009397181
7.038,0.1,0.101800507351896,-0.230972231197028
7.04,0.1,0.101795116448919,-0.246343049911116
7.042,0.1,0.101791611988475,-0.254886346018294
7.044,0.1,0.101790086768386,-0.256283889083086
7.046,0.1,0.101790487186642,-0.250738429066612
7.048,0.1,0.101792770717134,-0.23840691414096
7.05,0.1,0.101796806012271,-0.219764045108721
7.052,0.1,0.101802561676247,-0.194925399872013
7.054,0.1,0.101809688436344,-0.165152791821935
7.056,0.1,0.101818109792424,-0.130728255880166
7.058,0.1,0.101827510009772,-0.0927973251104976
7.06,0.1,0.101837589335084,-0.0524500672601708
7.062,0.1,0.101848043895663,-0.0107937158961684
7.064,0.1,0.101858567635943,0.0310516488343731
7.066,0.1,0.101868850512647,0.0719538507588276
7.068,0.1,0.101878596051812,0.110834229783922
7.07,0.1,0.101887529999178,0.146701052694874
7.072,0.1,0.10189530949326,0.178317986451808
7.074,0.1,0.101901796511211,0.205204798160055
7.076,0.1,0.101906698634605,0.226318028765532
7.078,0.1,0.101909796799216,0.240885506323921
7.08,0.1,0.101911145912359,0.249123523584775
7.082,0.1,0.101910592984616,0.250491098624676
7.084,0.1,0.101908160038533,0.245076498020146
7.086,0.1,0.101903856083794,0.232917347253636
7.088,0.1,0.101897822521712,0.214526726606222
7.09,0.1,0.101890107894395,0.190083251155907
7.092,0.1,0.101881057844261,0.160834866777926
7.094,0.1,0.101870747836147,0.127057186320504
7.096,0.1,0.101859507278953,0.0899399679460629
7.098,0.1,0.10184764390623,0.0505962533888873
7.1,0.1,0.101835466133005,0.0101447284312088
7.102,0.1,0.101823302667659,-0.03022221536337
7.104,0.1,0.101811455093571,-0.0694092350779298
7.106,0.1,0.10180022388741,-0.10632839828487
7.108,0.1,0.101789975138456,-0.139658359422136
7.11,0.1,0.101780850895517,-0.168900046142438
7.112,0.1,0.101773170588487,-0.192911165573917
7.114,0.1,0.101767176290546,-0.210835592272727
7.116,0.1,0.101762924247545,-0.222486000812244
7.118,0.1,0.101760530481653,-0.227456279015884
7.12,0.1,0.101760052710614,-0.225546982176437
7.122,0.1,0.101761439959362,-0.216945485480907
7.124,0.1,0.101764615458776,-0.201929796246106
7.126,0.1,0.101769439292387,-0.181004598385311
7.128,0.1,0.101775812766836,-0.154529999385834
7.13,0.1,0.101783512025009,-0.123316187581136
7.132,0.1,0.10179228653675,-0.088271854275502
7.134,0.1,0.101801877899587,-0.050337269235691
7.136,0.1,0.101811950679074,-0.0107281316195485
7.138,0.1,0.101822209781719,0.0294766092618166
7.14,0.1,0.101832331864658,0.0691032778165194
7.142,0.1,0.101842009951206,0.107035922841861
7.144,0.1,0.101850908484845,0.142061642489693
7.146,0.1,0.101858704437961,0.173024863242295
7.148,0.1,0.101865212279405,0.199275966262991
7.15,0.1,0.101870054158888,0.219464932281442
7.152,0.1,0.101873159230969,0.233361371923797
7.154,0.1,0.101874415104335,0.240575524233736
7.156,0.1,0.101873740526469,0.24082647455145
7.158,0.1,0.101871128765831,0.2340971397842
7.16,0.1,0.10186669821898,0.220816683131448
7.162,0.1,0.101860533528873,0.201291565692451
7.164,0.1,0.101852750167238,0.175942105085124
7.166,0.1,0.101843633142501,0.145800395464692
7.168,0.1,0.10183332484919,0.111388561572684
7.17,0.1,0.101822083240189,0.0736476696530194
7.172,0.1,0.101810254723938,0.0338328875175191
7.174,0.1,0.101798092530955,-0.00712881149166534
7.176,0.1,0.1017859269049,-0.0480340702427187
7.178,0.1,0.101774074607811,-0.0877336902868765
7.18,0.1,0.101762838601677,-0.12513471825252
7.182,0.1,0.101752587107559,-0.158913594406037
7.184,0.1,0.101743506355398,-0.188417854695981
7.186,0.1,0.101735936208067,-0.21243546527898
7.188,0.1,0.101730116615788,-0.230121859018975
7.19,0.1,0.101726092602607,-0.24133230901345
7.192,0.1,0.101724026887944,-0.24549277118579
7.194,0.1,0.101723973378538,-0.24241666515774
7.196,0.1,0.101725800616403,-0.232578691056073
7.198,0.1,0.101729461316352,-0.216148463941891
7.2,0.1,0.101734808074907,-0.193655895498115
7.202,0.1,0.101741749408614,-0.165432932322637
7.204,0.1,0.101749966099578,-0.132631044065771
7.206,0.1,0.101759289948803,-0.0958623457684549
7.208,0.1,0.101769377932599,-0.0563681815735456
7.21,0.1,0.101779943085052,-0.015192411341383
7.212,0.1,0.101790664093713,0.0264936120858242
7.214,0.1,0.101801226154866,0.0675415207327452
7.216,0.1,0.101811331081371,0.10686537067987
7.218,0.1,0.101820696934719,0.143443842661813
7.22,0.1,0.101828986010549,0.176058044002806
7.222,0.1,0.101835998999057,0.204003382361562
7.224,0.1,0.101841476483813,0.226357118490034
7.226,0.1,0.101845214362478,0.24240205672999
7.228,0.1,0.101847140986708,0.251897790485621
7.23,0.1,0.101847142760823,0.254448281951922
7.232,0.1,0.101845132858365,0.249750253283859
7.234,0.1,0.101841277016838,0.238404908733343
7.236,0.1,0.101835628947797,0.220606473420346
7.238,0.1,0.10182824202016,0.196546527402119
7.24,0.1,0.101819410148117,0.167282885894828
7.242,0.1,0.101809255319479,0.133253679913531
7.244,0.1,0.101798128304961,0.0957223641266486
7.246,0.1,0.101786309058839,0.0556998644256519
7.248,0.1,0.101774126688697,0.0143781001427315
7.25,0.1,0.10176189419155,-0.0271036148166358
7.252,0.1,0.10174992465592,-0.0676043401516163
7.254,0.1,0.101738511533565,-0.106056248522083
7.256,0.1,0.101727913953494,-0.141521146599273
7.258,0.1,0.101718456217761,-0.172829499879624
7.26,0.1,0.101710376676963,-0.199131122499991
7.262,0.1,0.101703853740672,-0.219796168460966
7.264,0.1,0.101699111582543,-0.2340289960549
7.266,0.1,0.101696180728554,-0.241730308950001
7.268,0.1,0.101695167933229,-0.24252109145014
7.27,0.1,0.101696041613194,-0.236516221956379
7.272,0.1,0.10169873905665,-0.22393924052753
7.274,0.1,0.101703129409049,-0.205257969943795
7.276,0.1,0.101709150710619,-0.180692702865826
7.278,0.1,0.101716568210158,-0.151088553930843
7.28,0.1,0.101725181359941,-0.117169951923453
7.282,0.1,0.101734686435641,-0.0800362814123229
7.284,0.1,0.101744804012486,-0.0407022654687466
7.286,0.1,0.101755239128461,-0.000243543695510571
7.288,0.1,0.101765659158887,0.0401285332187144
7.29,0.1,0.101775763870211,0.079319446231579
7.292,0.1,0.10178525857832,0.116260322424198
7.294,0.1,0.101793789358342,0.149672325001141
7.296,0.1,0.101801153230583,0.17883439392417
7.298,0.1,0.101807009566665,0.202527167851836
7.3,0.1,0.101811201900147,0.220201649911009
7.302,0.1,0.101813584583526,0.23134414454978
7.304,0.1,0.101814116475825,0.235813451488985
7.306,0.1,0.101812709470649,0.233294463913629
7.308,0.1,0.101809506884174,0.224302446059297
7.31,0.1,0.101804550554772,0.208985777091975
7.312,0.1,0.101797946732662,0.187726505044843
7.314,0.1,0.101789900463093,0.161266631541715
7.316,0.1,0.10178054021573,0.130073862149813
7.318,0.1,0.101770110232232,0.0950358172614997
7.32,0.1,0.101758895111977,0.0571862805560545
7.322,0.1,0.101747203545284,0.0176452379314108
7.324,0.1,0.101735338465156,-0.0224856367616367
7.326,0.1,0.101723630890289,-0.0620051606429547
7.328,0.1,0.101712394042067,-0.099781731665552
7.33,0.1,0.101701992633922,-0.13450218344706
7.332,0.1,0.101692692437341,-0.165221349296682
7.334,0.1,0.101684701323829,-0.191202997545363
7.336,0.1,0.10167844077604,-0.210942690769197
7.338,0.1,0.101673901696727,-0.224488234305629
7.34,0.1,0.101671265036936,-0.231198596431877
7.342,0.1,0.101670591741094,-0.230861134179561
7.344,0.1,0.101671831332527,-0.223658943208427
7.346,0.1,0.101674924857422,-0.209802817086511
7.348,0.1,0.101679725695485,-0.189818094610705
7.35,0.1,0.101686201983572,-0.163821281320586
7.352,0.1,0.101694000031515,-0.133085571617445
7.354,0.1,0.101703024413627,-0.0979607406568456
7.356,0.1,0.101712936144402,-0.0596729090358642
7.358,0.1,0.101723409171716,-0.0194020231654424
7.36,0.1,0.10173416035663,0.0218195287009737
7.362,0.1,0.101744863023527,0.0628003605836824
7.364,0.1,0.101755205530927,0.102405200861696
7.366,0.1,0.101764883566919,0.139529740085748
7.368,0.1,0.101773561282859,0.172962340377479
7.37,0.1,0.101781053413402,0.202049272003964
7.372,0.1,0.101787014126406,0.225552022080185
7.374,0.1,0.101791230187706,0.242721801687941
7.376,0.1,0.101793658679391,0.253424308946691
7.378,0.1,0.101794146363502,0.257120712984114
7.38,0.1,0.101792667888429,0.253729693292236
7.382,0.1,0.101789231967822,0.243286555259283
7.384,0.1,0.101783934421403,0.226135342534398
7.386,0.1,0.101776918728823,0.202789355871268
7.388,0.1,0.101768367132013,0.17390157780764
7.39,0.1,0.101758477812088,0.140182039732032
7.392,0.1,0.101747546904459,0.102696049239113
7.394,0.1,0.101735881440522,0.0625511841107153
7.396,0.1,0.101723796535355,0.0208892406761925
7.398,0.1,0.10171160648961,-0.0211448255911039
7.4,0.1,0.101699613787307,-0.0624462350078301
7.402,0.1,0.101688107236968,-0.101960434063082
7.404,0.1,0.101677348973971,-0.138735143277133
7.406,0.1,0.101667700628338,-0.171462771287711
7.408,0.1,0.101659281100441,-0.199725523096459
7.41,0.1,0.101652446712095,-0.222246786074115
7.412,0.1,0.101647352995084,-0.238480069632364
7.414,0.1,0.101644067791481,-0.248191246892967
7.416,0.1,0.101642735528273,-0.250865249076911
7.418,0.1,0.101643289860732,-0.246741022154437
7.42,0.1,0.101645714900954,-0.235871230989338
7.422,0.1,0.101649918142907,-0.218582125163272
7.424,0.1,0.101655806708463,-0.19520057755929
7.426,0.1,0.10166309537274,-0.166751287404285
7.428,0.1,0.101671694296402,-0.133553178955101
7.43,0.1,0.101681251824178,-0.0968769401378156
7.432,0.1,0.101691535818125,-0.0575634742380846
7.434,0.1,0.101702212839439,-0.0168254691905787
7.436,0.1,0.101712979773855,0.0242305402516503
7.438,0.1,0.101723526328618,0.0644712485810036
7.44,0.1,0.10173355065742,0.102796823119389
7.442,0.1,0.101742768700233,0.138177215774527
7.444,0.1,0.101750836429344,0.169371005481339
7.446,0.1,0.101757634894023,0.195958689580574
7.448,0.1,0.101762806712138,0.216657918017217
7.45,0.1,0.101766207131745,0.230956673441418
7.452,0.1,0.10176785781223,0.238938771456
7.454,0.1,0.101767578114504,0.239953623196095
7.456,0.1,0.101765494121415,0.234453984382354
7.458,0.1,0.101761624558623,0.222503412149833
7.46,0.1,0.101756055234247,0.204407953550385
7.462,0.1,0.101748843068134,0.180371020994216
7.464,0.1,0.101740330324142,0.151630390730217
7.466,0.1,0.101730577084196,0.11840409919167
7.468,0.1,0.101719915284946,0.081893849053373
7.47,0.1,0.101708598115554,0.0430173681891452
7.472,0.1,0.101696963850244,0.00300106508290254
7.474,0.1,0.101685333641876,-0.0369890418413978
7.476,0.1,0.101674035461731,-0.075764227369148
7.478,0.1,0.101663368923288,-0.11224254484683
7.48,0.1,0.1016537004495,-0.14510535522399
7.482,0.1,0.101645236513447,-0.173617453109338
7.484,0.1,0.101638308120105,-0.196595675525188
7.486,0.1,0.101633110670685,-0.213347049392915
7.488,0.1,0.101629661648764,-0.22381542185509
7.49,0.1,0.101628122437615,-0.227424599239812
7.492,0.1,0.101628568964702,-0.223902058648104
7.494,0.1,0.101630827709039,-0.213868273855151
7.496,0.1,0.101634826579666,-0.197578773514763
7.498,0.1,0.101640524011509,-0.175180746863154
7.5,0.1,0.1016477002343,-0.147464923924637
7.502,0.1,0.101656169718042,-0.115101431547256
7.504,0.1,0.101665676705301,-0.0790157081524112
7.506,0.1,0.101675876289855,-0.0404543258543318
7.508,0.1,0.101686507893132,-0.000364992757594951
7.51,0.1,0.101697242252842,0.0400542883433675
7.512,0.1,0.101707753507279,0.079617451014023
7.514,0.1,0.101717736218678,0.117216418625935
7.516,0.1,0.101726832430051,0.151557648756662
7.518,0.1,0.101734799266872,0.181777150417693
7.52,0.1,0.101741414141528,0.207084502378177
7.522,0.1,0.101746310673512,0.226172900718095
7.524,0.1,0.101749397874554,0.238733083869966
7.526,0.1,0.101750625177397,0.244596022997189
7.528,0.1,0.101749819050541,0.243146252087423
7.53,0.1,0.101747003835759,0.234474168716527
7.532,0.1,0.101742364987212,0.219243765264997
7.534,0.1,0.101735991483421,0.197770127266321
7.536,0.1,0.101728019267842,0.170537792900491
7.538,0.1,0.101718717812039,0.138513695907586
7.54,0.1,0.101708251395492,0.102288238056574
7.542,0.1,0.101697020013275,0.0633051139001145
7.544,0.1,0.101685255989123,0.0224077042564907
7.546,0.1,0.101673283891995,-0.0192216124803116
7.548,0.1,0.101661412794126,-0.0604549287499837
7.55,0.1,0.101649928518611,-0.100247944963255
7.552,0.1,0.101639113472495,-0.137574753656714
7.554,0.1,0.101629319812338,-0.171162511759177
7.556,0.1,0.101620731178069,-0.20036034842629
7.558,0.1,0.101613636879977,-0.22413513979401
7.56,0.1,0.101608297751979,-0.241560687743769
7.562,0.1,0.101604701446808,-0.252694573793393
7.564,0.1,0.101603045672502,-0.256830946546096
7.566,0.1,0.1016033870246,-0.25376727841746
7.568,0.1,0.101605585874325,-0.244002411278316
7.57,0.1,0.101609600891669,-0.227677183842814
7.572,0.1,0.101615363974908,-0.205026815784897
7.574,0.1,0.101622554154704,-0.177203879921144
7.576,0.1,0.101631096185843,-0.144471849487307
7.578,0.1,0.101640662356388,-0.108012784487953
7.58,0.1,0.101651016952843,-0.0686777376052664
7.582,0.1,0.101661820553444,-0.0277002056533739
7.584,0.1,0.101672779144392,0.01384725879415
7.586,0.1,0.101683585331371,0.0548401765110937
7.588,0.1,0.101693949376098,0.0942197144247309
7.59,0.1,0.101703589168688,0.130958472893083
7.592,0.1,0.101712203550697,0.163965656110374
7.594,0.1,0.101719491052941,0.19215592557081
7.596,0.1,0.101725355757748,0.215192306552238
7.598,0.1,0.101729497294425,0.231997544891119
7.6,0.1,0.101731855353761,0.24236069383845
7.602,0.1,0.101732417378141,0.246239155967939
7.604,0.1,0.101731067914702,0.243215069802797
7.606,0.1,0.101727897465402,0.233611326840428
7.608,0.1,0.101722982080503,0.217697376383365
7.61,0.1,0.101716453966097,0.195945821125258
7.612,0.1,0.101708422569838,0.168747609772685
7.614,0.1,0.101699084808554,0.136810081419383
7.616,0.1,0.101688766404984,0.101308931463864
7.618,0.1,0.101677680856911,0.0630130426747261
7.62,0.1,0.101666176275988,0.0231829486421601
7.622,0.1,0.101654571896451,-0.0170231667158197
7.624,0.1,0.101643183794502,-0.0564565015311607
7.626,0.1,0.101632316971303,-0.0940102353325364
7.628,0.1,0.101622271206955,-0.128600262053814
7.63,0.1,0.101613376056274,-0.159040189990278
7.632,0.1,0.1016058333862,-0.184608058542805
7.634,0.1,0.101599884471437,-0.204441761775263
7.636,0.1,0.101595735556451,-0.217804987420593
7.638,0.1,0.101593335412951,-0.224884373764094
7.64,0.1,0.101592875347568,-0.22499185835568
7.642,0.1,0.10159425604203,-0.218480581153472
7.644,0.1,0.101597431852543,-0.205509218974559
7.646,0.1,0.101602261689373,-0.186580229832389
7.648,0.1,0.101608711790882,-0.161811485900089
7.65,0.1,0.10161648473209,-0.13227364956394
7.652,0.1,0.10162541906932,-0.098549571771994
7.654,0.1,0.101635227357066,-0.061678694833399
7.656,0.1,0.101645604064298,-0.0227683136676475
7.658,0.1,0.101656233428964,0.0170345771575571
7.66,0.1,0.101666791261868,0.0565491309305154
7.662,0.1,0.101676957993426,0.0946145441463938
7.664,0.1,0.101686428991113,0.130129415433663
7.666,0.1,0.101694830639437,0.161749177244604
7.668,0.1,0.101701989691749,0.188862319047556
7.67,0.1,0.101707585688759,0.210324971128569
7.672,0.1,0.101711373335365,0.225268151299936
7.674,0.1,0.101713339662084,0.23365672749864
7.676,0.1,0.101713361528045,0.235054630222859
7.678,0.1,0.101711366561962,0.229203753348275
7.68,0.1,0.101707541542513,0.216772433244348
7.682,0.1,0.101701991592842,0.198133897511108
7.684,0.1,0.101694758744254,0.173435011555344
7.686,0.1,0.101686090732025,0.143566428695779
7.688,0.1,0.101676264606805,0.109527632977722
7.69,0.1,0.101665451094197,0.0719390109058567
7.692,0.1,0.1016540139463,0.0321179159954093
7.694,0.1,0.101642211328588,-0.00899411232011941
7.696,0.1,0.101630365324393,-0.0502200195526708
7.698,0.1,0.101618781837159,-0.0904473835960345
7.7,0.1,0.101607745862167,-0.128641413803358
7.702,0.1,0.101597608470904,-0.16353314686453
7.704,0.1,0.101588661935299,-0.194077747522451
7.706,0.1,0.101581106638245,-0.219566665360986
7.708,0.1,0.101575239130112,-0.238942922368245
7.71,0.1,0.101571201093208,-0.251709287901171
7.712,0.1,0.101569066610896,-0.257607493760873
7.714,0.1,0.101568934677254,-0.256283406205315
7.716,0.1,0.101570693762167,-0.248135853320093
7.718,0.1,0.101574358745256,-0.233102959752827
7.72,0.1,0.101579750681973,-0.211821205943812
7.722,0.1,0.101586754290597,-0.184697659724253
7.724,0.1,0.101595035618581,-0.15293474363045
7.726,0.1,0.101604500233495,-0.116866424079296
7.728,0.1,0.101614791292541,-0.077782806436046
7.73,0.1,0.101625612696212,-0.0367572031031983
7.732,0.1,0.101636656674544,0.00508953236227972
7.734,0.1,0.10164761206622,0.0466194798188229
7.736,0.1,0.101658190023615,0.0867763263751997
7.738,0.1,0.101668087544617,0.124455106931203
7.74,0.1,0.101676983667286,0.158492141659352
7.742,0.1,0.101684694255192,0.188227369881139
7.744,0.1,0.101690980248917,0.212804425003951
7.746,0.1,0.10169554286621,0.231155196683727
7.748,0.1,0.101698358913398,0.243206132238815
7.75,0.1,0.101699334733692,0.24862577542323
7.752,0.1,0.101698350158734,0.246983893514929
7.754,0.1,0.101695495954267,0.238606036522488
7.756,0.1,0.101690777887859,0.223508395948044
7.758,0.1,0.101684354363212,0.202255794627105
7.76,0.1,0.101676371715053,0.175369473242261
7.762,0.1,0.101667058060166,0.143666037178894
7.764,0.1,0.101656641743126,0.107963480822981
7.766,0.1,0.101645425329294,0.0693508179692666
7.768,0.1,0.10163372419405,0.0289672449747829
7.77,0.1,0.101621858232795,-0.0120267795239603
7.772,0.1,0.101610142086121,-0.0524849143518124
7.774,0.1,0.101598868373112,-0.0913411050877112
7.776,0.1,0.101588339999792,-0.127494097399142
7.778,0.1,0.101578888782462,-0.159743185343882
7.78,0.1,0.101570643386232,-0.187628413037506
7.782,0.1,0.101563957195019,-0.209879921355898
7.784,0.1,0.101558917294869,-0.226191163849488
7.786,0.1,0.101555714948495,-0.235877101584017
7.788,0.1,0.101554345440121,-0.238955805975428
7.79,0.1,0.101554875169736,-0.235184703619527
7.792,0.1,0.101557244250819,-0.224773463732871
7.794,0.1,0.101561351965081,-0.208077890919888
7.796,0.1,0.101567053308618,-0.185614709644498
7.798,0.1,0.101574217067383,-0.157852615080288
7.8,0.1,0.101582656003977,-0.125464461284032
7.802,0.1,0.101592060732617,-0.0895686624964265
7.804,0.1,0.101602186872265,-0.051050126798287
7.806,0.1,0.1016126991196,-0.0111272382367313
7.808,0.1,0.101623288771432,0.0290752159776376
7.81,0.1,0.101633640520233,0.0684083949433619
7.812,0.1,0.101643441761444,0.105736375449226
7.814,0.1,0.101652327787107,0.139740523956546
7.816,0.1,0.101660123229391,0.169794929917918
7.818,0.1,0.101666447361407,0.194533658142574
7.82,0.1,0.101671038086804,0.213022802864341
7.822,0.1,0.101673877800261,0.225207699531779
7.824,0.1,0.101674890194699,0.23081676264045
7.826,0.1,0.101673930510712,0.229328397274742
7.828,0.1,0.101671139478215,0.221244356987231
7.83,0.1,0.101666566788989,0.206737069057003
7.832,0.1,0.101660348846964,0.186292536893565
7.834,0.1,0.101652591180308,0.160289059765983
7.836,0.1,0.10164354803953,0.129644962767074
7.838,0.1,0.10163336688224,0.094896253882532
7.84,0.1,0.101622404068617,0.0573340725663811
7.842,0.1,0.10161089626221,0.0178198612814923
7.844,0.1,0.10159917357942,-0.0224458262509085
7.846,0.1,0.10158755969076,-0.0622875194723115
7.848,0.1,0.101576368857927,-0.100565904093755
7.85,0.1,0.101565945188293,-0.136040397491917
7.852,0.1,0.101556542580086,-0.167805144488536
7.854,0.1,0.101548505276482,-0.19462941799244
7.856,0.1,0.101542097470552,-0.215575535870903
7.858,0.1,0.101537469942972,-0.230113309218825
7.86,0.1,0.10153469811608,-0.237979674538903
7.862,0.1,0.101533891753923,-0.238784204587981
7.864,0.1,0.101535046530453,-0.232541492689406
7.866,0.1,0.101538097677628,-0.219479272266299
7.868,0.1,0.101542923784757,-0.20002789258677
7.87,0.1,0.10154941198618,-0.174588661246957
7.872,0.1,0.101557250774847,-0.144281274257952
7.874,0.1,0.10156634138387,-0.10946103181912
7.876,0.1,0.10157635204347,-0.0713256551355972
7.878,0.1,0.101586990738162,-0.0309329825447533
7.88,0.1,0.101597938476426,0.0105576810446454
7.882,0.1,0.101608881335291,0.0519997966618418
7.884,0.1,0.101619522039991,0.0923080348330812
7.886,0.1,0.101629554133886,0.130364940169653
7.888,0.1,0.101638647284107,0.164973384612681
7.89,0.1,0.101646585263204,0.195361211395367
7.892,0.1,0.101653116894182,0.220630347344811
7.894,0.1,0.101657927366588,0.239657445666564
7.896,0.1,0.101660997091032,0.252388910365198
7.898,0.1,0.101662181429589,0.258313989201929
7.9,0.1,0.101661389403853,0.257112467922894
7.902,0.1,0.101658625104281,0.248801129174284
7.904,0.1,0.101653975467086,0.233690100737204
7.906,0.1,0.101647563998621,0.212218343142503
7.908,0.1,0.101639547536918,0.184943893619031
7.91,0.1,0.101630148754813,0.152662319411069
7.912,0.1,0.101619619518106,0.116275267864179
7.914,0.1,0.10160825422594,0.0768406738913523
7.916,0.1,0.101596396609376,0.0356015604678038
7.918,0.1,0.101584340796181,-0.00637391948881216
7.92,0.1,0.101572403347831,-0.047930217453646
7.922,0.1,0.101560879578167,-0.087987212704158
7.924,0.1,0.101550032315116,-0.125585526108748
7.926,0.1,0.10154019662862,-0.159508933250528
7.928,0.1,0.101531536542401,-0.18916862638717
7.93,0.1,0.101524354323121,-0.213478742199012
7.932,0.1,0.101518837168016,-0.231772828024975
7.934,0.1,0.101515125659493,-0.243550987972223
7.936,0.1,0.101513241046634,-0.248739788023528
7.938,0.1,0.10151328177308,-0.24698240595674
7.94,0.1,0.101515206281161,-0.238422719329017
7.942,0.1,0.101518917404648,-0.223402727561436
7.944,0.1,0.101524273939336,-0.202423353088166
7.946,0.1,0.101531165052486,-0.175876260240513
7.948,0.1,0.101539394212526,-0.144464940564821
7.95,0.1,0.1015486722697,-0.109232288399271
7.952,0.1,0.101558757872489,-0.0710505328640638
7.954,0.1,0.101569335424664,-0.0310661561445924
7.956,0.1,0.101580091891062,0.00957999676022994
7.958,0.1,0.101590714471347,0.0497451690066945
7.96,0.1,0.101600902101646,0.0883315822631206
7.962,0.1,0.101610366002793,0.124289953577327
7.964,0.1,0.10161876723263,0.156395141412923
7.966,0.1,0.101625830737487,0.183659866177325
7.968,0.1,0.101631437780471,0.205663706131107
7.97,0.1,0.101635265884142,0.221250307364495
7.972,0.1,0.10163730789687,0.23039773060681
7.974,0.1,0.10163756024922,0.233092875633507
7.976,0.1,0.101635879315131,0.228813609143755
7.978,0.1,0.101632408801651,0.218072045652349
7.98,0.1,0.101627273119021,0.201311835823933
7.982,0.1,0.101620499951253,0.178629554388366
7.984,0.1,0.10161235730086,0.150993986806755
7.986,0.1,0.101602953514958,0.118798412215774
7.988,0.1,0.101592563970122,0.0830415491688519
7.99,0.1,0.101581506779727,0.0448765367332811
7.992,0.1,0.101570055318227,0.0052961401295581
7.994,0.1,0.101558542916685,-0.034489687593089
7.996,0.1,0.101547306262435,-0.0732601828852363
7.998,0.1,0.101536655164697,-0.109897349631837
8,0.1,0.101526925574325,-0.143193644466774
8.002,0.1,0.101518453319287,-0.171948002258163
8.004,0.1,0.101511414446551,-0.195537348741003
8.006,0.1,0.101506137086766,-0.21279101316063
8.008,0.1,0.101502652718356,-0.22360335483471
8.01,0.1,0.101501059314338,-0.2276263810401
8.012,0.1,0.101501396137875,-0.224719506720457
8.014,0.1,0.101503643841054,-0.214949091965954
8.016,0.1,0.101507689438376,-0.198716522372228
8.018,0.1,0.101513473775162,-0.176231150808773
8.02,0.1,0.101520691719803,-0.148590518637824
8.022,0.1,0.101529177033947,-0.116394773131117
8.024,0.1,0.101538766486063,-0.0802368754297593
8.026,0.1,0.10154909745612,-0.0414280611723234
8.028,0.1,0.101559877222069,-0.00103149326806592
8.03,0.1,0.101570789284648,0.0397990057333506
8.032,0.1,0.101581518879607,0.0799177652693212
8.034,0.1,0.101591747845675,0.118165614870936
8.036,0.1,0.101601135470568,0.153310095535093
8.038,0.1,0.101609433253122,0.184464873345635
8.04,0.1,0.101616417170335,0.210833146258771
8.042,0.1,0.101621715610871,0.231087290500322
8.044,0.1,0.101625217568959,0.244846945056513
8.046,0.1,0.101626880822938,0.251974665489234
8.048,0.1,0.101626512564613,0.251786507898459
8.05,0.1,0.101624096085572,0.244227165955977
8.052,0.1,0.101619827162859,0.229999355738967
8.054,0.1,0.101613801739144,0.209443411630588
8.056,0.1,0.101606082157839,0.182777083898959
8.058,0.1,0.101596986137305,0.151139837111624
8.06,0.1,0.101586713941711,0.115248996980024
8.062,0.1,0.101575558399386,0.076158801893557
8.064,0.1,0.101563876726282,0.0351619848325848
8.066,0.1,0.101551925496019,-0.00680714718109545
8.068,0.1,0.101540034547646,-0.0485436998058265
8.07,0.1,0.101528487928582,-0.0890076312824314
8.072,0.1,0.101517547394912,-0.127243990140013
8.074,0.1,0.101507549259607,-0.16203152453456
8.076,0.1,0.101498703711346,-0.192617836504688
8.078,0.1,0.101491301179181,-0.217962458522234
8.08,0.1,0.101485570317362,-0.23725367184388
8.082,0.1,0.101481533179642,-0.25042448859129
8.084,0.1,0.101479409013339,-0.256691309536392
8.086,0.1,0.101479278918718,-0.255764242035423
8.088,0.1,0.101480997921783,-0.248162936769087
8.09,0.1,0.10148455149489,-0.233932355897157
8.092,0.1,0.101489804986482,-0.213549312525754
8.094,0.1,0.10149666505695,-0.18734082547669
8.096,0.1,0.101504874258721,-0.156230112438004
8.098,0.1,0.101514219299504,-0.120982533367719
8.1,0.1,0.101524389005178,-0.0827237760745199
8.102,0.1,0.101535124367291,-0.0423933284485493
8.104,0.1,0.101546103797994,-0.00116402148545113
8.106,0.1,0.101557020904488,0.0398430923890681
8.108,0.1,0.101567585059663,0.0795647153797444
8.11,0.1,0.101577497336697,0.116910015028547
8.112,0.1,0.101586425902516,0.150674260198838
8.114,0.1,0.101594242137243,0.18039726447528
8.116,0.1,0.101600557803991,0.204679989920681
8.118,0.1,0.101605282139886,0.22320416032649
8.12,0.1,0.101608189512009,0.235160640996862
8.122,0.1,0.101609355649432,0.240825939815246
8.124,0.1,0.101608680143253,0.239836407278176
8.126,0.1,0.101606152888191,0.232151698404942
8.128,0.1,0.101601866696903,0.218102527182227
8.13,0.1,0.101595948197662,0.1981428396889
8.132,0.1,0.101588534662588,0.172767084145165
8.134,0.1,0.10157977528122,0.142513408709661
8.136,0.1,0.101569915029191,0.108267677900489
8.138,0.1,0.101559240145916,0.0710658614192847
8.14,0.1,0.101548052462066,0.0320013880469393
8.142,0.1,0.101536666959337,-0.00778293364013278
8.144,0.1,0.101525413731222,-0.0470887834157993
8.146,0.1,0.101514606923978,-0.0847776169449016
8.148,0.1,0.101504556276448,-0.119730909690735
8.15,0.1,0.101495630346387,-0.150623246597733
8.152,0.1,0.101487973251482,-0.176942474521374
8.154,0.1,0.101481918642965,-0.197495072705357
8.156,0.1,0.101477667723866,-0.211564858484865
8.158,0.1,0.101475156447454,-0.219386104190077
8.16,0.1,0.101474552189327,-0.220359128368355
8.162,0.1,0.101475842311082,-0.21452800697924
8.164,0.1,0.101478961875267,-0.202123052327272
8.166,0.1,0.101483793506473,-0.183563712348255
8.168,0.1,0.101490237134854,-0.159210768331184
8.17,0.1,0.10149799566727,-0.13013561364818
8.172,0.1,0.101506982172797,-0.0966574973459582
8.174,0.1,0.101516890203015,-0.0598871361396869
8.176,0.1,0.101527400393504,-0.0209816512702422
8.178,0.1,0.101538221176467,0.0189971878535881
8.18,0.1,0.101549011174489,0.0588058229366514
8.182,0.1,0.10155945976797,0.0973187823659556
8.184,0.1,0.101569245592837,0.133372486639006
8.186,0.1,0.101577998307903,0.165634563191967
8.188,0.1,0.101585530972499,0.193447866279073
8.19,0.1,0.101591509847192,0.215621288595362
8.192,0.1,0.101595711340115,0.231367177756356
8.194,0.1,0.101598045979347,0.240379774741706
8.196,0.1,0.101598416585352,0.2423208813366
8.198,0.1,0.101596805021719,0.237131751085995
8.2,0.1,0.101593286715684,0.225084413677808
8.202,0.1,0.101587956674013,0.206517863857157
8.204,0.1,0.101580922714031,0.181817215176134
8.206,0.1,0.101572453477574,0.151949001052199
8.208,0.1,0.101562787860602,0.117775082252507
8.21,0.1,0.101552110515896,0.079965684759639
8.212,0.1,0.101540759658404,0.0397471172636796
8.214,0.1,0.101529039068587,-0.0017750732133274
8.216,0.1,0.101517245496848,-0.0435148009261722
8.218,0.1,0.101505687430206,-0.084344600215924
8.22,0.1,0.101494645156923,-0.123244912761782
8.222,0.1,0.101484462057516,-0.158970704274636
8.224,0.1,0.101475393254565,-0.190611734303834
8.226,0.1,0.101467629397415,-0.217493386695169
8.228,0.1,0.101461584659907,-0.238132594773739
8.23,0.1,0.101457225401017,-0.252671244388332
8.232,0.1,0.101454806985826,-0.260199025803127
8.234,0.1,0.101454367146538,-0.26058747190011
8.236,0.1,0.101455841004145,-0.254070881534026
8.238,0.1,0.101459195050126,-0.240765063830197
8.24,0.1,0.101464308397587,-0.221098500480162
8.242,0.1,0.101471079485526,-0.195429303050622
8.244,0.1,0.101479240798144,-0.164717881980081
8.246,0.1,0.101488606750174,-0.129629286813665
8.248,0.1,0.101498846868724,-0.0913581347664926
8.25,0.1,0.101509689341492,-0.0508896599550577
8.252,0.1,0.101520829893437,-0.00933250971452195
8.254,0.1,0.101531954143398,0.032163412014587
8.256,0.1,0.101542776032359,0.0725504694211407
8.258,0.1,0.101553009851551,0.110784653142172
8.26,0.1,0.101562357948683,0.145783856356662
8.262,0.1,0.101570581891234,0.176688698160654
8.264,0.1,0.101577430265536,0.202597884472515
8.266,0.1,0.101582693460732,0.222765424257966
8.268,0.1,0.101586188458227,0.236542269640245
8.27,0.1,0.101587908781006,0.243913895512374
8.272,0.1,0.101587745568657,0.244492567611178
8.274,0.1,0.101585729348209,0.238390056992001
8.276,0.1,0.101581891564484,0.225718826379002
8.278,0.1,0.101576314313393,0.206772752217092
8.28,0.1,0.101569145154736,0.182081803169425
8.282,0.1,0.101560564099413,0.152293588931721
8.284,0.1,0.101550803477479,0.118244925508452
8.286,0.1,0.10154016323293,0.0810183966388114
8.288,0.1,0.101528913942366,0.0415928672348751
8.29,0.1,0.101517387427058,0.00117223049281557
8.292,0.1,0.101505902959203,-0.0390823902753405
8.294,0.1,0.101494762433448,-0.0780724190265157
8.296,0.1,0.101484264864936,-0.114711767659916
8.298,0.1,0.101474774575592,-0.147681450727223
8.3,0.1,0.10146640205709,-0.176590403799953
8.302,0.1,0.101459574906001,-0.199899081629865
8.304,0.1,0.101454323509985,-0.217509184558056
8.306,0.1,0.101450870901231,-0.228622684295227
8.308,0.1,0.101449226055097,-0.233211862263032
8.31,0.1,0.10144950965273,-0.230842092626099
8.312,0.1,0.101451562420737,-0.222086221805517
8.314,0.1,0.101455360333719,-0.207028071611184
8.316,0.1,0.101460814997745,-0.185984642273776
8.318,0.1,0.101467761172506,-0.159553311378713
8.32,0.1,0.101475992817997,-0.128480479521457
8.322,0.1,0.101485280566072,-0.093598825793964
8.324,0.1,0.10149533722406,-0.0559509872581587
8.326,0.1,0.101505859706243,-0.0166389266189825
8.328,0.1,0.101516525157155,0.0231619890742839
8.33,0.1,0.101527009869546,0.0622746199866028
8.332,0.1,0.101536986081992,0.0995096928856868
8.334,0.1,0.101546084994353,0.133536617227812
8.336,0.1,0.101554095497243,0.163606287106991
8.338,0.1,0.101560713274034,0.188631490868119
8.34,0.1,0.10156560332869,0.207419555423113
8.342,0.1,0.101568688538389,0.21970829516956
8.344,0.1,0.101569924303913,0.225346911501771
8.346,0.1,0.101569279926667,0.224230978980107
8.348,0.1,0.101566652051576,0.215991691269067
8.35,0.1,0.101562247114054,0.201370341133853
8.352,0.1,0.1015561354649,0.18062035585714
8.354,0.1,0.10154855712378,0.154607943845737
8.356,0.1,0.101539587213719,0.123611412163742
8.358,0.1,0.101529500916898,0.0886303701086646
8.36,0.1,0.101518601986597,0.0507676787223239
8.362,0.1,0.101507152092636,0.0109779596139003
8.364,0.1,0.101495462484454,-0.0296017489628526
8.366,0.1,0.101483860090134,-0.0697859571621829
8.368,0.1,0.101472650670298,-0.108463963309096
8.37,0.1,0.101462155234708,-0.144478697977111
8.372,0.1,0.101452655251451,-0.176826478783753
8.374,0.1,0.101444494277047,-0.204280192226977
8.376,0.1,0.101437907778266,-0.226011047583946
8.378,0.1,0.101433105677808,-0.241282019804895
8.38,0.1,0.101430129980712,-0.249958522779638
8.382,0.1,0.101429146048077,-0.251455858656586
8.384,0.1,0.101430158512482,-0.245763153913987
8.386,0.1,0.101433029658115,-0.233376239982494
8.388,0.1,0.101437749658817,-0.214327685319917
8.39,0.1,0.10144414990765,-0.189222801983114
8.392,0.1,0.10145193056797,-0.159141850337836
8.394,0.1,0.101461003410046,-0.124404455201885
8.396,0.1,0.10147103542841,-0.0862153302657999
8.398,0.1,0.101481701273229,-0.0457536887967815
8.4,0.1,0.101492741800086,-0.00396629576302719
8.402,0.1,0.101503820971875,0.0379184495581502
8.404,0.1,0.101514650573931,0.0788472620701049
8.406,0.1,0.101524937134511,0.117746735294079
8.408,0.1,0.101534341396896,0.153383008733189
8.41,0.1,0.101542687582506,0.185132496056546
8.412,0.1,0.101549695709231,0.211990585608844
8.414,0.1,0.101555038370509,0.232789255532898
8.416,0.1,0.101558703707053,0.247508088637416
8.418,0.1,0.101560530468542,0.255579512331687
8.42,0.1,0.101560449233079,0.256765713673186
8.422,0.1,0.101558377137556,0.25077568387562
8.424,0.1,0.101554418528218,0.237988149542005
8.426,0.1,0.101548697243934,0.218848732194394
8.428,0.1,0.101541306293085,0.193690534898681
8.43,0.1,0.101532462984705,0.163294246456292
8.432,0.1,0.101522391771625,0.128466429671428
8.434,0.1,0.101511426673073,0.0904110358354862
8.436,0.1,0.101499829186567,0.0500735393209372
8.438,0.1,0.10148793259019,0.00866376384743458
8.44,0.1,0.101476047830154,-0.0326853165240428
8.442,0.1,0.101464477627781,-0.0728674278137786
8.444,0.1,0.101453517222897,-0.110806137085526
8.446,0.1,0.101443414845334,-0.145601311315749
8.448,0.1,0.101434476075658,-0.176149300836036
8.45,0.1,0.101426949513424,-0.201560509541165
8.452,0.1,0.101420941100667,-0.221465388645111
8.454,0.1,0.101416715423422,-0.234918305781056
8.456,0.1,0.101414286808349,-0.241876814166731
8.458,0.1,0.101413774526527,-0.241914405874646
8.46,0.1,0.101415053488064,-0.235483287239856
8.462,0.1,0.101418135199967,-0.222539969666106
8.464,0.1,0.101422920646331,-0.203439417651737
8.466,0.1,0.101429266983229,-0.178696130944649
8.468,0.1,0.101436979037266,-0.149015746347133
8.47,0.1,0.101445865135656,-0.115093324452263
8.472,0.1,0.101455568031071,-0.0782239176174581
8.474,0.1,0.10146588645218,-0.0391425438503465
8.476,0.1,0.101476469571849,0.000873521222271061
8.478,0.1,0.10148700301349,0.0406780483216109
8.48,0.1,0.10149717810678,0.0791468576123225
8.482,0.1,0.10150667304936,0.115113061535538
8.484,0.1,0.101515134719454,0.147303086372214
8.486,0.1,0.10152238394769,0.175082960614031
8.488,0.1,0.101528129961297,0.197413339676674
8.49,0.1,0.101532125959048,0.213417673599189
8.492,0.1,0.101534348665727,0.223023738010715
8.494,0.1,0.101534696417498,0.22587214281585
8.496,0.1,0.101533194453666,0.222057728983698
8.498,0.1,0.101529871480125,0.211685619640886
8.5,0.1,0.101524829223609,0.195124412885251
8.502,0.1,0.101518114695806,0.17254945253887
8.504,0.1,0.101510068441909,0.145195049697246
8.506,0.1,0.101500737538512,0.11324327753867
8.508,0.1,0.101490379691866,0.0776359399831526
8.51,0.1,0.101479338415335,0.0396178707907217
8.512,0.1,0.101467863689306,0.000103173655221247
8.514,0.1,0.101456295558469,-0.0396726065465406
8.516,0.1,0.101444965489166,-0.0785108857619181
8.518,0.1,0.101434183546728,-0.115295541410341
8.52,0.1,0.101424326465811,-0.148672845490476
8.522,0.1,0.101415691695836,-0.17758842312982
8.524,0.1,0.101408458591791,-0.201414834725499
8.526,0.1,0.101402968444218,-0.218938328513924
8.528,0.1,0.101399357067107,-0.229688597669308
8.53,0.1,0.101397614946044,-0.233713441082122
8.532,0.1,0.101397903567397,-0.230441573807659
8.534,0.1,0.101400058123153,-0.220470035230492
8.536,0.1,0.1014040492865,-0.203907010955037
8.538,0.1,0.101409827529587,-0.180935169744422
8.54,0.1,0.101417061261465,-0.152752034387171
8.542,0.1,0.101425587349176,-0.119952070043049
8.544,0.1,0.101435252318271,-0.0831020287366788
8.546,0.1,0.10144565505551,-0.0436517251443808
8.548,0.1,0.101456537922145,-0.0025438600361389
8.55,0.1,0.101467578336346,0.0390409856698959
8.552,0.1,0.101478463308636,0.0799652770954129
8.554,0.1,0.101488892143825,0.119130139573522
8.556,0.1,0.101498517670901,0.1552753217206
8.558,0.1,0.101507106049859,0.187573246208455
8.56,0.1,0.10151440218581,0.215116002228013
8.562,0.1,0.101520055792523,0.236654961129808
8.564,0.1,0.101523957434671,0.251825401477552
8.566,0.1,0.101525998505894,0.260258250223827
8.568,0.1,0.101526117837739,0.261751285098477
8.57,0.1,0.101524151936964,0.255728378282972
8.572,0.1,0.101520298830813,0.242909556922095
8.574,0.1,0.101514653327661,0.223637976624215
8.576,0.1,0.101507268417865,0.198104850005138
8.578,0.1,0.101498420817156,0.167306350455321
8.58,0.1,0.101488326280445,0.132019743807412
8.582,0.1,0.101477296787743,0.0933709275101608
8.584,0.1,0.101465639577566,0.0524723430544747
8.586,0.1,0.101453665513936,0.0104542514129102
8.588,0.1,0.101441684851531,-0.031549087843145
8.59,0.1,0.101429989635529,-0.0724694014960462
8.592,0.1,0.101418862001276,-0.111276618264746
8.594,0.1,0.101408553953861,-0.147057231817647
8.596,0.1,0.101399376830699,-0.178687849322235
8.598,0.1,0.101391559611558,-0.205354280755156
8.6,0.1,0.10138528167295,-0.226426234540192
8.602,0.1,0.101380767262518,-0.241110614074419
8.604,0.1,0.101378063878966,-0.249251343424277
8.606,0.1,0.101377298547954,-0.250399618918878
8.608,0.1,0.101378397711856,-0.244825247295714
8.61,0.1,0.101381332168715,-0.232634097705481
8.612,0.1,0.101386005900496,-0.214171064736838
8.614,0.1,0.101392279389483,-0.189937921845941
8.616,0.1,0.101400000751254,-0.160482760901206
8.618,0.1,0.101408921788241,-0.126703366327154
8.62,0.1,0.101418757442655,-0.0896332384182998
8.622,0.1,0.101429253135558,-0.0502001665823931
8.624,0.1,0.101440081714137,-0.00959719705546558
8.626,0.1,0.101450932657748,0.0310415732581146
8.628,0.1,0.101461509621048,0.0706327698043753
8.63,0.1,0.1014715127468,0.1080842780256
8.632,0.1,0.101480670668551,0.142413981236902
8.634,0.1,0.101488608736088,0.172268338795211
8.636,0.1,0.101495231146866,0.197318717686584
8.638,0.1,0.101500267297128,0.216597698974161
8.64,0.1,0.101503555107319,0.229533421866214
8.642,0.1,0.101505002028199,0.235802570473968
8.644,0.1,0.101504612432299,0.235428444701618
8.646,0.1,0.101502434326901,0.228589156886618
8.648,0.1,0.101498510661627,0.215443824068618
8.65,0.1,0.10149296033556,0.196427178245389
8.652,0.1,0.101485850752193,0.171791388503839
8.654,0.1,0.101477390140419,0.142297701011837
8.656,0.1,0.101467792588687,0.108729362576254
8.658,0.1,0.101457326470378,0.0720637234371387
8.66,0.1,0.10144628358988,0.033362513326552
8.662,0.1,0.101434990805917,-0.0061872509631
8.664,0.1,0.101423777911014,-0.0453917597968503
8.666,0.1,0.101412965413152,-0.0830917750821406
8.668,0.1,0.101402900516197,-0.118037524247224
8.67,0.1,0.10139393011552,-0.148988907551745
8.672,0.1,0.101386219942896,-0.17536560508737
8.674,0.1,0.101380136194031,-0.195861212665413
8.676,0.1,0.101375845988292,-0.20989195442275
8.678,0.1,0.101373328725108,-0.217545530412507
8.68,0.1,0.101372739952135,-0.218273384259905
8.682,0.1,0.101374124697321,-0.211922862262585
8.684,0.1,0.101377289880028,-0.199193011788114
8.686,0.1,0.101382158439415,-0.18036737995728
8.688,0.1,0.101388666133521,-0.155688709309705
8.69,0.1,0.101396570058318,-0.126041230601263
8.692,0.1,0.101405705004036,-0.0920366528495589
8.694,0.1,0.101415751697648,-0.0548364441538692
8.696,0.1,0.101426387670667,-0.0156074730388342
8.698,0.1,0.101437362171531,0.0247251593746047
8.7,0.1,0.101448324893333,0.0648852915432556
8.702,0.1,0.101458956107089,0.103716592054759
8.704,0.1,0.101468951506325,0.140121357489405
8.706,0.1,0.101477969759117,0.172874451505389
8.708,0.1,0.101485731293244,0.200987300359383
8.71,0.1,0.10149197019556,0.223523643708778
8.712,0.1,0.101496426304446,0.239572210687833
8.714,0.1,0.101499066984393,0.249044484322206
8.716,0.1,0.101499722025311,0.251348501322352
8.718,0.1,0.101498319898914,0.246245240275003
8.72,0.1,0.101495011130103,0.234287496100233
8.722,0.1,0.101489901563876,0.215861805424097
8.724,0.1,0.101483021763813,0.191084611812721
8.726,0.1,0.101474636402544,0.160914264906237
8.728,0.1,0.101465042517881,0.126424704962074
8.73,0.1,0.101454407127315,0.0882297866047554
8.732,0.1,0.10144310312487,0.0476794839303047
8.734,0.1,0.101431400820922,0.00576342657969894
8.736,0.1,0.101419621001257,-0.0363428901620739
8.738,0.1,0.101408053514016,-0.0775841469959407
8.74,0.1,0.101396981634048,-0.116925349545693
8.742,0.1,0.101386725167083,-0.153206467294242
8.744,0.1,0.101377483710614,-0.185723683610196
8.746,0.1,0.101369589514946,-0.21328588209468
8.748,0.1,0.101363304096321,-0.234972890522448
8.75,0.1,0.101358684431782,-0.250607045573848
8.752,0.1,0.101355932528768,-0.259478116239267
8.754,0.1,0.101355152113735,-0.261228806187388
8.756,0.1,0.10135627068726,-0.256130411647087
8.758,0.1,0.101359284297261,-0.24420079215112
8.76,0.1,0.101364099226459,-0.225778342809968
8.762,0.1,0.101370578707709,-0.201355913270503
8.764,0.1,0.1013784899333,-0.171773932249557
8.766,0.1,0.101387659353128,-0.137661246429091
8.768,0.1,0.101397749879044,-0.100238547295419
8.77,0.1,0.101408534357745,-0.0603350592116423
8.772,0.1,0.101419684115232,-0.0191503820334022
8.774,0.1,0.101430889485172,0.0221840495875869
8.776,0.1,0.101441868027959,0.0626325740246612
8.778,0.1,0.10145233048898,0.101138336609434
8.78,0.1,0.101461981947801,0.136628873002525
8.782,0.1,0.101470532565887,0.168059714805313
8.784,0.1,0.101477808279915,0.194816079430052
8.786,0.1,0.101483567107831,0.216037492629743
8.788,0.1,0.101487574329384,0.230893000296134
8.79,0.1,0.101489855338499,0.239493340531272
8.792,0.1,0.101490335687699,0.241581459861041
8.794,0.1,0.101488973292705,0.237015494021745
8.796,0.1,0.101485774258551,0.225825818257409
8.798,0.1,0.101480863710985,0.208471382138179
8.8,0.1,0.101474385644482,0.185478962466027
8.802,0.1,0.101466458320147,0.157284342541768
8.804,0.1,0.101457313214964,0.124730489747836
8.806,0.1,0.101447198439735,0.0887202540669494
8.808,0.1,0.101436400966482,0.0502969474135027
8.81,0.1,0.101425242858575,0.0106308629282617
8.812,0.1,0.101414047130995,-0.0291066690316499
8.814,0.1,0.101403140766374,-0.0677252616216926
8.816,0.1,0.101392830057952,-0.104120391102213
8.818,0.1,0.101383419139911,-0.137197567062372
8.82,0.1,0.101375190589653,-0.16594661874374
8.822,0.1,0.101368395064983,-0.189476902366908
8.824,0.1,0.101363269636687,-0.206949685940946
8.826,0.1,0.101359877798474,-0.218153092343839
8.828,0.1,0.101358311542864,-0.222768534477029
8.83,0.1,0.101358619377605,-0.220632296555304
8.832,0.1,0.101360742664311,-0.211964549102264
8.834,0.1,0.101364639996619,-0.196923091082232
8.836,0.1,0.101370235814445,-0.175791808019071
8.838,0.1,0.101377261737478,-0.149548978549523
8.84,0.1,0.101385562491181,-0.118766941709566
8.842,0.1,0.101394993294751,-0.0839884341936601
8.844,0.1,0.101405192407292,-0.0465261193130768
8.846,0.1,0.10141587147884,-0.0074306302267417
8.848,0.1,0.10142672050261,0.0321636919581592
8.85,0.1,0.10143740193222,0.0710364918226819
8.852,0.1,0.101447593138017,0.108020544616487
8.854,0.1,0.101456904855261,0.141713099737817
8.856,0.1,0.101465113232481,0.171334479360569
8.858,0.1,0.101471912081905,0.195796700334836
8.86,0.1,0.10147701652655,0.214096985488743
8.862,0.1,0.10148032491133,0.225897121852009
8.864,0.1,0.101481735094195,0.230851441127084
8.866,0.1,0.101481192205664,0.228782110379521
8.868,0.1,0.101478629200429,0.219464233774417
8.87,0.1,0.101474313671794,0.203869186828889
8.872,0.1,0.101468201719326,0.181853258538081
8.874,0.1,0.101460576139493,0.154445135988071
8.876,0.1,0.101451671592923,0.122499870358558
8.878,0.1,0.101441601589245,0.0864506083268251
8.88,0.1,0.101430716380702,0.0475708221935489
8.882,0.1,0.101419315815731,0.00695396896861388
8.884,0.1,0.101407689805689,-0.0343348006249194
8.886,0.1,0.101396153837876,-0.0751483027549375
8.888,0.1,0.101385005690975,-0.114405517592557
8.89,0.1,0.1013745701577,-0.150933760885819
8.892,0.1,0.101365107048867,-0.183815463208461
8.894,0.1,0.101356932596496,-0.211924263467203
8.896,0.1,0.101350334113047,-0.234249735128011
8.898,0.1,0.101345453070161,-0.250315076103459
8.9,0.1,0.10134238949631,-0.259786323838516
8.902,0.1,0.101341330846568,-0.262008693946756
8.904,0.1,0.101342248495742,-0.257102473980497
8.906,0.1,0.101345055645219,-0.24538924799805
8.908,0.1,0.101349711126558,-0.22702267168635
8.91,0.1,0.101356108492526,-0.202391594726377
8.912,0.1,0.101363886332153,-0.172802449486658
8.914,0.1,0.10137298353571,-0.138484548451319
8.916,0.1,0.101383063498585,-0.100659147436413
8.918,0.1,0.101393831000447,-0.0604007958814268
8.92,0.1,0.101405003508662,-0.0187448014047167
8.922,0.1,0.101416256303422,0.0231187440647485
8.924,0.1,0.101427303512678,0.0641465398992893
8.926,0.1,0.10143786649702,0.103318155586035
8.928,0.1,0.101447649045488,0.139556133021719
8.93,0.1,0.101456353663985,0.171790313146799
8.932,0.1,0.101463837940541,0.199527950491224
8.934,0.1,0.101469772080262,0.221591525621121
8.936,0.1,0.101473995072115,0.237428594655906
8.938,0.1,0.101476471857007,0.24693844926855
8.94,0.1,0.101476998784896,0.249406737583856
8.942,0.1,0.101475681495147,0.245232146168676
8.944,0.1,0.101472502952728,0.234365645105114
8.946,0.1,0.101467540031544,0.21709414557537
8.948,0.1,0.101460878381399,0.19373541909848
8.95,0.1,0.101452745183958,0.165114863814955
8.952,0.1,0.101443322999587,0.131898689966354
8.954,0.1,0.101432900020506,0.0951316027140432
8.956,0.1,0.101421752481479,0.0558184990801003
8.958,0.1,0.101410205809713,0.0151426754954021
8.96,0.1,0.101398574738186,-0.0257523398374504
8.962,0.1,0.101387169141159,-0.0657318992869366
8.964,0.1,0.101376286141282,-0.10371880553273
8.966,0.1,0.101366188608602,-0.138764047182129
8.968,0.1,0.101357198218414,-0.169705950403197
8.97,0.1,0.101349549807858,-0.195711620080814
8.972,0.1,0.101343411757187,-0.21619227394378
8.974,0.1,0.101338971790534,-0.230487204486659
8.976,0.1,0.101336345846507,-0.238195458109884
8.978,0.1,0.101335549971944,-0.239274014481813
8.98,0.1,0.101336585025501,-0.233730787465646
8.982,0.1,0.101339385833093,-0.221810363475955
8.984,0.1,0.101343864611484,-0.203838779163364
8.986,0.1,0.101349928548293,-0.180162102234104
8.988,0.1,0.101357371826817,-0.151535601666809
8.99,0.1,0.101366009643168,-0.118640106905796
8.992,0.1,0.101375579709491,-0.0824359912131004
8.994,0.1,0.10138577529614,-0.0440422663568317
8.996,0.1,0.101396283336745,-0.00460082561875613
8.998,0.1,0.101406779794497,0.0347086129479585
9,0.1,0.101416962749379,0.0727929003709061
9.002,0.1,0.101426471014874,0.108342732130564
9.004,0.1,0.101434958913682,0.140122581479512
9.006,0.1,0.101442240356368,0.167483225790046
9.008,0.1,0.10144798084553,0.189233733310011
9.01,0.1,0.101451941491009,0.20453767069349
9.012,0.1,0.101454135092311,0.213465708053315
9.014,0.1,0.1014544602662,0.215670926781662
9.016,0.1,0.101452882567408,0.211046828473042
9.018,0.1,0.101449453763317,0.199794983469308
9.02,0.1,0.101444305654424,0.182403524960661
9.022,0.1,0.101437514995346,0.15916911434851
9.024,0.1,0.10142929194239,0.130868140832499
9.026,0.1,0.101419872169592,0.098365034970941
9.028,0.1,0.101409423577257,0.0622931769178116
9.03,0.1,0.101398282765188,0.0238732232780221
9.032,0.1,0.101386718956725,-0.0159050187172666
9.034,0.1,0.101375065255984,-0.0558292961410191
9.036,0.1,0.101363649295044,-0.094718547633371
9.038,0.1,0.101352773993323,-0.13148774106264
9.04,0.1,0.10134282895723,-0.164736786727865
9.042,0.1,0.10133408692587,-0.193512965506488
9.044,0.1,0.10132674345493,-0.217141637766951
9.046,0.1,0.101321145662683,-0.234393992037925
9.048,0.1,0.101317424412173,-0.244833037402287
9.05,0.1,0.101315601668386,-0.248407575982216
9.052,0.1,0.101315821549826,-0.244620197068883
9.054,0.1,0.101317925962384,-0.234056565517247
9.056,0.1,0.101321881625717,-0.216848877904111
9.058,0.1,0.101327648151838,-0.193157664652267
9.06,0.1,0.101334885110267,-0.164220082641374
9.062,0.1,0.101343422413541,-0.13066254612703
9.064,0.1,0.101353102000434,-0.0930785417705127
9.066,0.1,0.101363519087672,-0.0529325389921741
9.068,0.1,0.101374432653341,-0.0111177952268259
9.07,0.1,0.101385512044798,0.0311561322242277
9.072,0.1,0.101396457620534,0.0727956506309344
9.074,0.1,0.101406960983209,0.112668054855453
9.076,0.1,0.101416755622976,0.149816131229415
9.078,0.1,0.101425501506784,0.1830134005917
9.08,0.1,0.101433018833366,0.211640355027867
9.082,0.1,0.101438980341669,0.234533659781287
9.084,0.1,0.101443221175874,0.251136521037737
9.086,0.1,0.101445679336291,0.261259484660598
9.088,0.1,0.101446177847323,0.26429108088804
9.09,0.1,0.101444702355875,0.260204204242412
9.092,0.1,0.101441291157809,0.249153630393201
9.094,0.1,0.101436044656033,0.231512704135639
9.096,0.1,0.101429076863276,0.207701453428132
9.098,0.1,0.101420565678016,0.178369570543015
9.1,0.1,0.101410733351076,0.144325292943382
9.102,0.1,0.101399901468673,0.106733028889923
9.104,0.1,0.10138834735466,0.0666020480359451
9.106,0.1,0.101376387531493,0.0250839140458246
9.108,0.1,0.101364334382086,-0.0166780040372645
9.11,0.1,0.101352487255036,-0.0575921055086631
9.112,0.1,0.101341128606761,-0.0966286024123161
9.114,0.1,0.10133051526221,-0.132858345749858
9.116,0.1,0.10132096145075,-0.165146220748962
9.118,0.1,0.10131269620177,-0.192683502740042
9.12,0.1,0.101305908270066,-0.214811678588782
9.122,0.1,0.101300777890026,-0.230903471949852
9.124,0.1,0.101297468912248,-0.240390737320889
9.126,0.1,0.101296013603185,-0.243177863458547
9.128,0.1,0.1012964143453,-0.239271421661717
9.13,0.1,0.101298628163569,-0.228838102583661
9.132,0.1,0.101302577325132,-0.212168185327017
9.134,0.1,0.101308177688529,-0.189575640532827
9.136,0.1,0.101315242465652,-0.161745295187413
9.138,0.1,0.101323576996764,-0.129392225407881
9.14,0.1,0.10133290069019,-0.09354065897735
9.142,0.1,0.101342945475514,-0.0551701007276826
9.144,0.1,0.101353418154144,-0.0153542264703998
9.146,0.1,0.101363999221488,0.024737317579617
9.148,0.1,0.101374375977988,0.0639683451176303
9.15,0.1,0.101384240223896,0.101218533701372
9.152,0.1,0.101393289770889,0.135397905662182
9.154,0.1,0.10140120516445,0.165360599472635
9.156,0.1,0.101407773554987,0.190358817262595
9.158,0.1,0.101412783499316,0.209650124724351
9.16,0.1,0.101416001227667,0.222411738554949
9.162,0.1,0.101417459062032,0.228786037533876
9.164,0.1,0.101417104455197,0.228601065233803
9.166,0.1,0.101414898402064,0.221733684933946
9.168,0.1,0.101410944678864,0.208575812449548
9.17,0.1,0.101405376960647,0.189627070914311
9.172,0.1,0.101398206088085,0.164953722510199
9.174,0.1,0.101389743413887,0.135694248269902
9.176,0.1,0.101380103386027,0.102287980837192
9.178,0.1,0.101369564782934,0.0657589967054367
9.18,0.1,0.101358445151136,0.0272614221452317
9.182,0.1,0.101347050253185,-0.0120887049063247
9.184,0.1,0.101335720398007,-0.0510634248652722
9.186,0.1,0.101324785233463,-0.0884751628485639
9.188,0.1,0.101314581133563,-0.123121486784433
9.19,0.1,0.101305412545148,-0.15392533518398
9.192,0.1,0.101297613416567,-0.179703420560874
9.194,0.1,0.101291405662756,-0.199685077494185
9.196,0.1,0.101287006694479,-0.213116080828061
9.198,0.1,0.101284440987902,-0.219935989604096
9.2,0.1,0.101283809779637,-0.219804019215756
9.202,0.1,0.101285166602868,-0.212550240023605
9.204,0.1,0.101288321382808,-0.198873992668496
9.206,0.1,0.101293261857173,-0.178840244305354
9.208,0.1,0.101299750679537,-0.153319989079454
9.21,0.1,0.101307643293348,-0.122855774559556
9.212,0.1,0.101316772057656,-0.0880802473211672
9.214,0.1,0.1013268000492,-0.0502217394128825
9.216,0.1,0.10133743297822,-0.0103557136307531
9.218,0.1,0.101348380906946,0.0304507482118355
9.22,0.1,0.101359314339293,0.0709932131143445
9.222,0.1,0.101369934074415,0.110193818025142
9.224,0.1,0.101379912103172,0.146860596610887
9.226,0.1,0.101388913476793,0.179800875803208
9.228,0.1,0.101396719958801,0.208262152774758
9.23,0.1,0.101403004767862,0.231088524827738
9.232,0.1,0.101407573844683,0.247623283549644
9.234,0.1,0.101410294773436,0.257429531547653
9.236,0.1,0.10141105009784,0.260119866091101
9.238,0.1,0.101409779776036,0.255508921124948
9.24,0.1,0.101406573353203,0.243942435471576
9.242,0.1,0.101401529838313,0.225792902104329
9.244,0.1,0.101394664422787,0.201133585405816
9.246,0.1,0.101386337291263,0.171270253275703
9.248,0.1,0.101376665830433,0.136643067310128
9.25,0.1,0.101365947920499,0.0983395071203717
9.252,0.1,0.101354527289195,0.0576069039306418
9.254,0.1,0.101342679751779,0.015456634550276
9.256,0.1,0.101330715463595,-0.0269687878467657
9.258,0.1,0.101318927423156,-0.0686059777982895
9.26,0.1,0.101307592781838,-0.108440100923618
9.262,0.1,0.101297007647827,-0.145396479521613
9.264,0.1,0.101287439641353,-0.178521445710599
9.266,0.1,0.101279113752077,-0.207024676486106
9.268,0.1,0.101272293566181,-0.229979557276598
9.27,0.1,0.101267180412305,-0.246692180016471
9.272,0.1,0.101263830381166,-0.256993817570588
9.274,0.1,0.101262421738073,-0.260265755286123
9.276,0.1,0.10126288013737,-0.256797744388384
9.278,0.1,0.101265238938224,-0.246483925328165
9.28,0.1,0.101269416107475,-0.229631771847884
9.282,0.1,0.101275253113856,-0.206822234817978
9.284,0.1,0.101282594414606,-0.178626753041469
9.286,0.1,0.10129123516334,-0.145796038029865
9.288,0.1,0.101300893435974,-0.109357873254163
9.29,0.1,0.101311329212323,-0.0701957098294461
9.292,0.1,0.101322207948328,-0.0295305152673474
9.294,0.1,0.101333229771114,0.0115388356676521
9.296,0.1,0.101344099914107,0.0519329161499201
9.298,0.1,0.101354524811741,0.09058092888678
9.3,0.1,0.101364237578492,0.12651747701755
9.302,0.1,0.101372883231017,0.158455123459946
9.304,0.1,0.101380332532138,0.185956016857812
9.306,0.1,0.101386247013196,0.207807779868993
9.308,0.1,0.101390571905251,0.22384508324268
9.31,0.1,0.101393083818041,0.233282936185609
9.312,0.1,0.101393815809502,0.236266503829556
9.314,0.1,0.10139270883351,0.232602811767883
9.316,0.1,0.101389830878327,0.222556975550051
9.318,0.1,0.10138525461512,0.206410448941143
9.32,0.1,0.101379084378264,0.184559709137463
9.322,0.1,0.101371464933448,0.157548304181096
9.324,0.1,0.101362547694999,0.12594580788811
9.326,0.1,0.101352652648095,0.0909168942542847
9.328,0.1,0.101342008256771,0.053304535038036
9.33,0.1,0.101330946204196,0.0143148362353379
9.332,0.1,0.101319801593309,-0.0248402078255886
9.334,0.1,0.10130889123423,-0.0630149001685393
9.336,0.1,0.101298538026576,-0.0990478152075216
9.338,0.1,0.101289132919854,-0.131532675122673
9.34,0.1,0.10128085166669,-0.159868056900614
9.342,0.1,0.101274030820602,-0.182854538871116
9.344,0.1,0.101268925143723,-0.199601567051242
9.346,0.1,0.101265521630402,-0.210186929096464
9.348,0.1,0.10126403800737,-0.213849883151016
9.35,0.1,0.101264459756483,-0.21066870502382
9.352,0.1,0.101266696497992,-0.200990456813744
9.354,0.1,0.101270704169221,-0.18499623982876
9.356,0.1,0.101276400408056,-0.163009363271474
9.358,0.1,0.101283527355321,-0.135977900138302
9.36,0.1,0.101292030039893,-0.104137441165408
9.362,0.1,0.101301615182955,-0.0685682712422724
9.364,0.1,0.101311969899297,-0.0304105178322142
9.366,0.1,0.101322814507153,0.00930579010833515
9.368,0.1,0.101333821299235,0.0493823608251337
9.37,0.1,0.101344656639407,0.0886176531862786
9.372,0.1,0.101355009527322,0.125891680366086
9.374,0.1,0.101364480540165,0.159763393405491
9.376,0.1,0.101372853922911,0.189499210942
9.378,0.1,0.101379795558303,0.213914608125935
9.38,0.1,0.10138503992271,0.232089597619483
9.382,0.1,0.10138846350019,0.243621946836183
9.384,0.1,0.101389912216279,0.247993075112531
9.386,0.1,0.101389423079243,0.245370745535364
9.388,0.1,0.101386921892043,0.235515743304356
9.39,0.1,0.10138255139276,0.218964533889902
9.392,0.1,0.101376395047803,0.19604058075456
9.394,0.1,0.101368731736786,0.16776610821934
9.396,0.1,0.101359706393127,0.13468672820515
9.398,0.1,0.101349538645462,0.0976208598101137
9.4,0.1,0.101338582389287,0.0578564607925712
9.402,0.1,0.101327107648415,0.0163875295655386
9.404,0.1,0.101315412182453,-0.0256867344746439
9.406,0.1,0.101303807078621,-0.067237798804987
9.408,0.1,0.101292577425231,-0.107227522172175
9.41,0.1,0.101282049302208,-0.144474538205662
9.412,0.1,0.101272462841284,-0.178141070262366
9.414,0.1,0.101264106891865,-0.207202935980052
9.416,0.1,0.101257273035882,-0.230639827023393
9.418,0.1,0.101252098671347,-0.248000457711309
9.42,0.1,0.101248779632364,-0.258613434550743
9.422,0.1,0.101247436349004,-0.262079443446004
9.424,0.1,0.101248022285084,-0.258593022738827
9.426,0.1,0.101250529835955,-0.248199722474919
9.428,0.1,0.101254873832547,-0.231220541434299
9.43,0.1,0.101260940185972,-0.208079400565027
9.432,0.1,0.101268507608115,-0.179584857556897
9.434,0.1,0.101277428050802,-0.146286959578881
9.436,0.1,0.101287361098753,-0.109422216357297
9.438,0.1,0.101298075855748,-0.0698432877614159
9.44,0.1,0.101309236533567,-0.0287738569794322
9.442,0.1,0.101320548327939,0.01269994192686
9.444,0.1,0.101331713651817,0.0534893765536521
9.446,0.1,0.101342449334321,0.092561356385358
9.448,0.1,0.101352497879577,0.128985035912303
9.45,0.1,0.101361524617277,0.161547333336366
9.452,0.1,0.101369385733867,0.18976167920352
9.454,0.1,0.10137574554497,0.212429758966548
9.456,0.1,0.101380542734084,0.229371197397373
9.458,0.1,0.10138354121488,0.239762822195005
9.46,0.1,0.101384698457104,0.243484639108321
9.462,0.1,0.101384016761552,0.240572668112739
9.464,0.1,0.101381510872108,0.231103705043265
9.466,0.1,0.101377244152381,0.215327526203603
9.468,0.1,0.101371327192157,0.193662393161098
9.47,0.1,0.101363863974672,0.166505207412053
9.472,0.1,0.101355072092573,0.134659110056423
9.474,0.1,0.10134523591986,0.0991612835583351
9.476,0.1,0.101334602202848,0.0609184882173711
9.478,0.1,0.101323484571615,0.0210730923620462
9.48,0.1,0.101312202414645,-0.0192076110967308
9.482,0.1,0.10130107695314,-0.0587594449097737
9.484,0.1,0.101290411110118,-0.0964870597054708
9.486,0.1,0.101280494824707,-0.131346973705982
9.488,0.1,0.10127166340167,-0.162133369528334
9.49,0.1,0.101264125841944,-0.188116864319596
9.492,0.1,0.101258135300714,-0.208405881598888
9.494,0.1,0.101253829613552,-0.222532245153932
9.496,0.1,0.101251310017826,-0.230158262861106
9.498,0.1,0.101250653597234,-0.231031095379351
9.5,0.1,0.101251748945338,-0.225576682123559
9.502,0.1,0.101254689531148,-0.213480555215111
9.504,0.1,0.101259295881766,-0.195412701013115
9.506,0.1,0.101265538038735,-0.1715110049358
9.508,0.1,0.101273084539681,-0.142988018094451
9.51,0.1,0.101281899739648,-0.110009482324011
9.512,0.1,0.10129163199748,-0.0738578994679497
9.514,0.1,0.101302000411343,-0.0355629320629111
9.516,0.1,0.101312708911626,0.0037897058582628
9.518,0.1,0.101323409197811,0.0429337939890722
9.52,0.1,0.101333767312114,0.0806660383700112
9.522,0.1,0.101343463507593,0.115842667784837
9.524,0.1,0.101352106220077,0.147062748328056
9.526,0.1,0.10135951037817,0.173697204917184
9.528,0.1,0.101365363928072,0.194644023284663
9.53,0.1,0.101369398488924,0.208971811446368
9.532,0.1,0.101371630630307,0.216779303933711
9.534,0.1,0.101371931953695,0.217635540737426
9.536,0.1,0.101370232972025,0.211323790614339
9.538,0.1,0.101366720914348,0.198543913982235
9.54,0.1,0.101361476170939,0.179611100960167
9.542,0.1,0.10135457371195,0.154830299234395
9.544,0.1,0.101346259940107,0.125113739357057
9.546,0.1,0.101336733246975,0.0912042289990961
9.548,0.1,0.101326208340616,0.0539130594031592
9.55,0.1,0.101315033598452,0.0145014163740529
9.552,0.1,0.101303476490197,-0.0260417780717389
9.554,0.1,0.101291864242933,-0.0665168351252888
9.556,0.1,0.101280507709704,-0.105816849696143
9.558,0.1,0.101269744612763,-0.142717674070652
9.56,0.1,0.101259863661877,-0.176210243662252
9.562,0.1,0.101251158606635,-0.205260709705982
9.564,0.1,0.101243924166281,-0.22883935547931
9.566,0.1,0.101238418767735,-0.246057544656122
9.568,0.1,0.101234699693891,-0.256757309763833
9.57,0.1,0.101232977666058,-0.260214221708639
9.572,0.1,0.101233247718815,-0.256481712807144
9.574,0.1,0.10123547337411,-0.245716913131598
9.576,0.1,0.101239525295271,-0.228405125431381
9.578,0.1,0.101245358485026,-0.204730594485622
9.58,0.1,0.101252758516848,-0.17548681682397
9.582,0.1,0.101261441729771,-0.141710284040798
9.584,0.1,0.101271242012792,-0.104028592979014
9.586,0.1,0.10128181630545,-0.0636943923944486
9.588,0.1,0.101292867895899,-0.0217958170083246
9.59,0.1,0.10130409841235,0.0205643152132515
9.592,0.1,0.10131520339443,0.0622711337555221
9.594,0.1,0.101325900889303,0.10229658927614
9.596,0.1,0.101335931661249,0.139706240548036
9.598,0.1,0.101344983921205,0.173374985844698
9.6,0.1,0.101352776986982,0.202313181428593
9.602,0.1,0.101359131299926,0.225912746667286
9.604,0.1,0.101363825768543,0.243413567431361
9.606,0.1,0.101366720097738,0.25435255813801
9.608,0.1,0.101367750238081,0.258537100049674
9.61,0.1,0.101366829286067,0.255687221136118
9.612,0.1,0.101364000100105,0.245984934415987
9.614,0.1,0.101359331040266,0.22969898565055
9.616,0.1,0.101352969755427,0.207378867427308
9.618,0.1,0.101344994374915,0.179328540461241
9.62,0.1,0.101335667064048,0.146507578034228
9.622,0.1,0.101325284539002,0.109995289460078
9.624,0.1,0.10131407901567,0.0706493120029614
9.626,0.1,0.101302395299594,0.0297213966360189
9.628,0.1,0.10129053980918,-0.011664086861598
9.63,0.1,0.101278817699173,-0.0523986332413458
9.632,0.1,0.101267515579337,-0.0914397386421059
9.634,0.1,0.1012569107099,-0.1277849861951
9.636,0.1,0.101247307162162,-0.160338268872589
9.638,0.1,0.101238949213753,-0.188239619839414
9.64,0.1,0.101232048763893,-0.210751746761907
9.642,0.1,0.101226757127753,-0.227359252875789
9.644,0.1,0.101223246222026,-0.23747096230837
9.646,0.1,0.101221529603976,-0.241068529154126
9.648,0.1,0.101221695747204,-0.237857709314054
9.65,0.1,0.101223649497762,-0.228205285136932
9.652,0.1,0.101227321757059,-0.212381873044669
9.654,0.1,0.101232628287535,-0.190713759503624
9.656,0.1,0.10123939056255,-0.163866653265316
9.658,0.1,0.10124749645267,-0.132274233724656
9.66,0.1,0.101256614992887,-0.0971465621996259
9.662,0.1,0.101266477524142,-0.0594669777498026
9.664,0.1,0.101276817238412,-0.0202223033218021
9.666,0.1,0.101287293464149,0.0193444385522051
9.668,0.1,0.101297583565366,0.0580676194750926
9.67,0.1,0.101307367756294,0.0947894202946265
9.672,0.1,0.101316290940167,0.12823120806171
9.674,0.1,0.101324129826886,0.1576171678134
9.676,0.1,0.101330551087229,0.181760384389081
9.678,0.1,0.101335314278639,0.199825046550945
9.68,0.1,0.101338328416004,0.211521910463979
9.682,0.1,0.10133956318296,0.216774057243358
9.684,0.1,0.101338910015983,0.215220367589106
9.686,0.1,0.101336410031713,0.207040723376929
9.688,0.1,0.101332158274143,0.192607089041754
9.69,0.1,0.101326235771636,0.172244605214497
9.692,0.1,0.101318786023636,0.146506606540756
9.694,0.1,0.101310005586419,0.116132345452373
9.696,0.1,0.101300078021293,0.0818180051042266
9.698,0.1,0.10128929708155,0.0446427201625171
9.7,0.1,0.101277940180399,0.00562878110489795
9.702,0.1,0.101266341248644,-0.0340097187277141
9.704,0.1,0.101254833360089,-0.0730761797947389
9.706,0.1,0.101243727777846,-0.110456298114869
9.708,0.1,0.101233411905295,-0.144757196188701
9.71,0.1,0.101224158188941,-0.175038074084349
9.712,0.1,0.101216280928254,-0.20019488662275
9.714,0.1,0.101210062042356,-0.219248409664746
9.716,0.1,0.101205638641364,-0.231750843688974
9.718,0.1,0.101203069197776,-0.237531154381847
9.72,0.1,0.101202521515664,-0.236019865375484
9.722,0.1,0.101203928713269,-0.227491234823528
9.724,0.1,0.101207186354325,-0.212347560703567
9.726,0.1,0.101212280370596,-0.190671242120226
9.728,0.1,0.101218920721716,-0.163530650681067
9.73,0.1,0.101226924326359,-0.13161080039525
9.732,0.1,0.10123614636122,-0.0954731971933795
9.734,0.1,0.101246222843361,-0.0564431503412378
9.736,0.1,0.101256907045337,-0.0154434177193596
9.738,0.1,0.101267864942261,0.0263047228965125
9.74,0.1,0.101278787724617,0.0676715070386066
9.742,0.1,0.101289382293362,0.107592049875876
9.744,0.1,0.10129933539096,0.14493277245559
9.746,0.1,0.101308383439526,0.178768850439218
9.748,0.1,0.10131622318675,0.208026157164694
9.75,0.1,0.101322547119892,0.231631233619719
9.752,0.1,0.101327215655831,0.249138005257355
9.754,0.1,0.101330057357327,0.25997501647198
9.756,0.1,0.101330976397057,0.263842141939074
9.758,0.1,0.10132982861935,0.260260229602176
9.76,0.1,0.101326775384177,0.249841748066095
9.762,0.1,0.101321851928857,0.232737868142727
9.764,0.1,0.101315173721428,0.209385941133342
9.766,0.1,0.101306879074851,0.180308108227343
9.768,0.1,0.101297239799135,0.146499176637784
9.77,0.1,0.101286548178198,0.109025917185698
9.772,0.1,0.101275064760841,0.0688493676786923
9.774,0.1,0.101263123731657,0.0271834167377542
9.776,0.1,0.101251021851962,-0.0148747972162828
9.778,0.1,0.101239056119074,-0.0562502958833157
9.78,0.1,0.1012275069654,-0.0959159039764747
9.782,0.1,0.101216659706122,-0.132839002971785
9.784,0.1,0.101206775932146,-0.166087895637576
9.786,0.1,0.101198127171717,-0.194703341897442
9.788,0.1,0.101190935062606,-0.217920188216164
9.79,0.1,0.101185351808599,-0.235228162652948
9.792,0.1,0.10118153010712,-0.246113249348531
9.794,0.1,0.101179555251104,-0.250302332622844
9.796,0.1,0.101179467603864,-0.247680041464074
9.798,0.1,0.101181254604469,-0.238317043743671
9.8,0.1,0.101184817083138,-0.222592367762518
9.802,0.1,0.101190020949175,-0.201007988117104
9.804,0.1,0.101196793478664,-0.173849923648284
9.806,0.1,0.101204899742358,-0.141985492578274
9.808,0.1,0.101214066639281,-0.106416743695142
9.81,0.1,0.101224057236202,-0.0680209181111078
9.812,0.1,0.101234559380369,-0.0279419318220318
9.814,0.1,0.101245260739752,0.0126747011254995
9.816,0.1,0.101255855166797,0.052711241314902
9.818,0.1,0.101266038820868,0.0910625749766512
9.82,0.1,0.101275531679993,0.126720209202426
9.822,0.1,0.10128397649385,0.158390209242759
9.824,0.1,0.101291246691906,0.185655867152017
9.826,0.1,0.101296987192775,0.207243613107956
9.828,0.1,0.101301077379593,0.222757770017288
9.83,0.1,0.101303400359945,0.231810695807941
9.832,0.1,0.101303974913602,0.234504024768902
9.834,0.1,0.101302677435994,0.23042070715769
9.836,0.1,0.101299619307246,0.219994552048947
9.838,0.1,0.101294894467615,0.203594366326817
9.84,0.1,0.101288535144391,0.18137268582022
9.842,0.1,0.10128080175458,0.154294610768784
9.844,0.1,0.101271771357721,0.122677021865197
9.846,0.1,0.101261727063386,0.0875642473920492
9.848,0.1,0.101250968454244,0.0500518890293555
9.85,0.1,0.101239801020025,0.0112501654168301
9.852,0.1,0.101228547590706,-0.0276643963192019
9.854,0.1,0.101217552801443,-0.0654538229885021
9.856,0.1,0.10120715118385,-0.100923206411181
9.858,0.1,0.101197713798419,-0.132752199947115
9.86,0.1,0.101189494567226,-0.160060250328506
9.862,0.1,0.101182705889318,-0.182113444439908
9.864,0.1,0.101177708187219,-0.197643298378995
9.866,0.1,0.101174491676203,-0.206728855765801
9.868,0.1,0.101173192018712,-0.208916849806286
9.87,0.1,0.101173838644745,-0.204137596890449
9.872,0.1,0.101176323645976,-0.19281071801011
9.874,0.1,0.101180560998,-0.175276093794372
9.876,0.1,0.101186523046307,-0.151677512698575
9.878,0.1,0.101193909899503,-0.123117069415265
9.88,0.1,0.101202621059126,-0.090004122090162
9.882,0.1,0.101212377516779,-0.0533750838105476
9.884,0.1,0.101222857661425,-0.0144017023434034
9.886,0.1,0.10123378577428,0.0258947469021951
9.888,0.1,0.101244840643695,0.066341850597726
9.89,0.1,0.101255687180007,0.105718144851714
9.892,0.1,0.101266027116407,0.142968149539556
9.894,0.1,0.101275483664335,0.176734858578008
9.896,0.1,0.101283780767896,0.206066691665121
9.898,0.1,0.101290708659747,0.230253417771215
9.9,0.1,0.101295878566274,0.247924637510948
9.902,0.1,0.10129927299598,0.25908330365283
9.904,0.1,0.101300667212965,0.262962561205153
9.906,0.1,0.101300066913603,0.259630931866154
9.908,0.1,0.101297490106896,0.249190268945241
9.91,0.1,0.101293027857643,0.231998624016814
9.912,0.1,0.101286706826017,0.208185681789348
9.914,0.1,0.1012788798243,0.179042904137667
9.916,0.1,0.10126971265874,0.145192053351699
9.918,0.1,0.101259367599057,0.10725797952726
9.92,0.1,0.101248269562804,0.0667743622570942
9.922,0.1,0.101236646358929,0.0245970800076026
9.924,0.1,0.101224822236243,-0.0180872561759584
9.926,0.1,0.101213099619993,-0.0601682717100852
9.928,0.1,0.101201762700707,-0.100615740136745
9.93,0.1,0.101191073110672,-0.138491697177531
9.932,0.1,0.101181381320416,-0.172532478080116
9.934,0.1,0.101172821291038,-0.20230414887206
9.936,0.1,0.101165748345901,-0.226544004738575
9.938,0.1,0.101160359354374,-0.244592197163821
9.94,0.1,0.101156716370749,-0.256272980946485
9.942,0.1,0.101155031442028,-0.260858928898539
9.944,0.1,0.101155246473053,-0.258594800255004
9.946,0.1,0.101157370152321,-0.249474686049705
9.948,0.1,0.101161330393934,-0.233779714713892
9.95,0.1,0.10116698059401,-0.212055249157783
9.952,0.1,0.10117422073188,-0.184683376783345
9.954,0.1,0.101182818007165,-0.152521469609319
9.956,0.1,0.10119250967176,-0.116536437693305
9.958,0.1,0.101202985277541,-0.0778593617701929
9.96,0.1,0.101213994591153,-0.037420704090479
9.962,0.1,0.101225212031348,0.00358818905417971
9.964,0.1,0.101236341842798,0.0440826921118845
9.966,0.1,0.101247095242941,0.0830107141448279
9.968,0.1,0.101257201197904,0.119392160038261
9.97,0.1,0.101266392193654,0.152266652106474
9.972,0.1,0.101274372859142,0.180581542056119
9.974,0.1,0.10128096678796,0.20373618004778
9.976,0.1,0.10128597661002,0.22105189070711
9.978,0.1,0.10128920459137,0.231852797587015
9.98,0.1,0.101290752235183,0.236547815914679
9.982,0.1,0.101290405167594,0.234394537859431
9.984,0.1,0.101288302718909,0.225929022167117
9.986,0.1,0.101284412287092,0.211066187895665
9.988,0.1,0.101278891207979,0.190401701522639
9.99,0.1,0.101271864796419,0.164417672841545
9.992,0.1,0.101263488439961,0.133705474747096
9.994,0.1,0.101254034294998,0.0992651691835021
9.996,0.1,0.101243747256032,0.0620021301452635
9.998,0.1,0.10123293652791,0.0230448492711863
10,0.1,0.101221919829212,-0.016448546254409
10.002,0.1,0.101211035994011,-0.0552480365116964
10.004,0.1,0.101200602006248,-0.0922176321034899
10.006,0.1,0.101190927779764,-0.126248412306732
10.008,0.1,0.10118230901871,-0.15629186885821
10.01,0.1,0.101175045132826,-0.181289062654302
10.012,0.1,0.10116932719306,-0.20058700611443
10.014,0.1,0.101165375506031,-0.213424966195522
10.016,0.1,0.101163178613974,-0.219884269791021
10.018,0.1,0.101162840125216,-0.219624340028047
10.02,0.1,0.101164353777062,-0.212703013170971
10.022,0.1,0.101167666030046,-0.199347595498755
10.024,0.1,0.101172666067413,-0.179992234349798
10.026,0.1,0.10117925725768,-0.155028118550391
10.028,0.1,0.101187158846013,-0.125489793319776
10.03,0.1,0.101196285110769,-0.0917350816070038
10.032,0.1,0.101206328341191,-0.0548982372985864
10.034,0.1,0.101216990850108,-0.0160725315860905
10.036,0.1,0.101227948144304,0.0235620827798835
10.038,0.1,0.101238865430162,0.0627828781590459
10.04,0.1,0.101249413098486,0.100413985666159
10.042,0.1,0.101259206622201,0.135068107085221
10.044,0.1,0.101267983303644,0.165845878190453
10.046,0.1,0.101275449766625,0.191716369077537
10.048,0.1,0.101281236934555,0.211382379309216
10.05,0.1,0.101285282505797,0.224677963988644
10.052,0.1,0.101287457941997,0.231181915689181
10.054,0.1,0.101287653202012,0.230541803697547
10.056,0.1,0.101285817064033,0.22261645136799
10.058,0.1,0.10128216996537,0.208232481553259
10.06,0.1,0.101276708723734,0.187416650863579
10.062,0.1,0.101269659123464,0.161014158895545
10.064,0.1,0.101261171592871,0.129605244767416
10.066,0.1,0.1012514868273,0.0940890285054082
10.068,0.1,0.101240870486719,0.0554580069099199
10.07,0.1,0.101229648731929,0.0148979946177732
10.072,0.1,0.10121809557414,-0.0265708661732605
10.074,0.1,0.101206531124105,-0.0677829599376004
10.076,0.1,0.101195254878374,-0.107656937120306
10.078,0.1,0.101184562684494,-0.145134771913512
10.08,0.1,0.101174755298369,-0.17915253661677
10.082,0.1,0.101166175465157,-0.208497797769959
10.084,0.1,0.10115899161055,-0.232620625522937
10.086,0.1,0.101153490754741,-0.250527306266894
10.088,0.1,0.10114983814202,-0.261674721662975
10.09,0.1,0.101148088954366,-0.265912321357054
10.092,0.1,0.101148333748871,-0.262952704779788
10.094,0.1,0.101150549860438,-0.252909200247489
10.096,0.1,0.101154620882049,-0.236225622781677
10.098,0.1,0.101160495950997,-0.213111706437612
10.1,0.1,0.101167855011329,-0.184736251247027
10.102,0.1,0.101176623491083,-0.15139819360161
10.104,0.1,0.101186469423483,-0.114311443924601
10.106,0.1,0.101197135161538,-0.0744312435231974
10.108,0.1,0.101208293892351,-0.0329523359137668
10.11,0.1,0.101219654759593,0.00904430703213132
10.112,0.1,0.101230919240956,0.050473970665745
10.114,0.1,0.101241811961315,0.0903263808227519
10.116,0.1,0.101252069223637,0.127648638844382
10.118,0.1,0.101261392504196,0.161364839613609
10.12,0.1,0.101269529978689,0.190592250156004
10.122,0.1,0.101276269390703,0.214602077767788
10.124,0.1,0.101281392483382,0.232648558537645
10.126,0.1,0.101284751514511,0.244246786417718
10.128,0.1,0.101286354497041,0.249470889680497
10.13,0.1,0.101286010673225,0.247670543864064
10.132,0.1,0.101283790056936,0.239134204736092
10.134,0.1,0.101279760457769,0.22413632607742
10.136,0.1,0.101274054362938,0.203179428083621
10.138,0.1,0.101266738505003,0.176534754596758
10.14,0.1,0.101258045974247,0.14506496310061
10.142,0.1,0.101248229973463,0.109702973301774
10.144,0.1,0.101237560808467,0.0714407545243086
10.146,0.1,0.101226340293216,0.0313826849102155
10.148,0.1,0.101214883336452,-0.00931705966543757
10.15,0.1,0.101203506863927,-0.0495090948553673
10.152,0.1,0.101192508734787,-0.0881153308210205
10.154,0.1,0.101182176954389,-0.12409810654872
10.156,0.1,0.101172824439573,-0.156331868518039
10.158,0.1,0.101164698851831,-0.183948970905139
10.16,0.1,0.101158019872742,-0.206186709456882
10.162,0.1,0.101152967563027,-0.222428980645395
10.164,0.1,0.101149674377161,-0.23223427089024
10.166,0.1,0.10114820899769,-0.235390812981894
10.168,0.1,0.101148548094894,-0.23201696634184
10.17,0.1,0.101150664055071,-0.222243068258373
10.172,0.1,0.10115448846018,-0.206346990635955
10.174,0.1,0.101159987176467,-0.184488688239103
10.176,0.1,0.101166867760702,-0.157746765577849
10.178,0.1,0.101175099151287,-0.126278286368487
10.18,0.1,0.10118433662433,-0.0913426325408546
10.182,0.1,0.101194355624685,-0.053781854640353
10.184,0.1,0.101204813438548,-0.0148404015868213
10.186,0.1,0.101215393585379,0.0243242464282799
10.188,0.1,0.101225756815882,0.0624872930585569
10.19,0.1,0.101235580933587,0.0984950109799935
10.192,0.1,0.101244473603433,0.13093713782013
10.194,0.1,0.101252215429152,0.159067312660978
10.196,0.1,0.101258513863243,0.181855097085043
10.198,0.1,0.101263068739007,0.198254587736578
10.2,0.1,0.101265879808008,0.208315376501453
10.202,0.1,0.101266791993317,0.211516907684578
10.204,0.1,0.101265845934523,0.20804591148773
10.206,0.1,0.1012630046174,0.197810510592217
10.208,0.1,0.101258383873035,0.18126597445812
10.21,0.1,0.101252068421863,0.158762899335679
10.212,0.1,0.101244295005522,0.131189339943601
10.214,0.1,0.101235263011881,0.0992936942908789
10.216,0.1,0.101225103465691,0.0636039815902528
10.218,0.1,0.101214150606013,0.0253433240487948
10.22,0.1,0.101202706795203,-0.014386036388818
10.222,0.1,0.10119108054423,-0.0544464215839673
10.224,0.1,0.101179600515367,-0.0936687713412164
10.226,0.1,0.10116858668947,-0.130900704211101
10.228,0.1,0.101158415969202,-0.164796632595379
10.23,0.1,0.101149330675038,-0.194537524903652
10.232,0.1,0.101141621354995,-0.219108830572211
10.234,0.1,0.101135610758301,-0.237388711198451
10.236,0.1,0.101131363415796,-0.249205790575001
10.238,0.1,0.101129093371648,-0.253832824029512
10.24,0.1,0.10112880185164,-0.25131179044158
10.242,0.1,0.101130484258499,-0.241696704412084
10.244,0.1,0.101134015601021,-0.225467279787219
10.246,0.1,0.101139348531088,-0.202827261149814
10.248,0.1,0.101146289082643,-0.174507575234668
10.25,0.1,0.101154560779812,-0.1415272260339
10.252,0.1,0.101164021369646,-0.104442083763337
10.254,0.1,0.101174298629843,-0.0646116391819344
10.256,0.1,0.101185111034394,-0.0230670457009699
10.258,0.1,0.101196183844382,0.0191550290082463
10.26,0.1,0.101207193172756,0.0608809717364033
10.262,0.1,0.101217859564546,0.101091483548583
10.264,0.1,0.101227911095181,0.13880824285838
10.266,0.1,0.101237009916297,0.172813192381715
10.268,0.1,0.101244973107901,0.202495450727384
10.27,0.1,0.101251445699335,0.226597958544259
10.272,0.1,0.101256251413126,0.244546997507924
10.274,0.1,0.101259339057346,0.25621491221042
10.276,0.1,0.101260532676207,0.261011183990639
10.278,0.1,0.101259725481136,0.258597182665543
10.28,0.1,0.101256975035358,0.249217318730338
10.282,0.1,0.101252352575049,0.233158336522857
10.284,0.1,0.101245981428193,0.210890030861622
10.286,0.1,0.1012380221176,0.183015364335493
10.288,0.1,0.101228685471283,0.150316210263636
10.29,0.1,0.101218226157646,0.113731357838859
10.292,0.1,0.101206954783825,0.0743937033271296
10.294,0.1,0.101195164871507,0.0333824198942801
10.296,0.1,0.101183176969042,-0.00813036503206968
10.298,0.1,0.101171288887689,-0.0490616652796166
10.3,0.1,0.101159783085977,-0.0883845401061231
10.302,0.1,0.101148933180305,-0.125111588310323
10.304,0.1,0.101139037787653,-0.158168514638604
10.306,0.1,0.101130340454423,-0.186704268773267
10.308,0.1,0.101123059509939,-0.209965246065297
10.31,0.1,0.101117360518305,-0.227393008432806
10.312,0.1,0.101113406861036,-0.238436877668039
10.314,0.1,0.101111285994322,-0.24282099125157
10.316,0.1,0.101110961323935,-0.240712835011711
10.318,0.1,0.101112504906314,-0.231883673123996
10.32,0.1,0.101115789689349,-0.216820403068637
10.322,0.1,0.101120697148839,-0.195976372110097
10.324,0.1,0.10112717494384,-0.169573984278068
10.326,0.1,0.101134965413302,-0.138565842967031
10.328,0.1,0.101143861555583,-0.103728219397944
10.33,0.1,0.101153556526264,-0.0661811728445961
10.332,0.1,0.101163798363426,-0.0268627399744223
10.334,0.1,0.101174250869727,0.0129982740069735
10.336,0.1,0.101184596900384,0.0522539261318461
10.338,0.1,0.101194524112701,0.0897699501862005
10.34,0.1,0.101203714772221,0.124402901240605
10.342,0.1,0.101211865308544,0.155073775252023
10.344,0.1,0.101218682622717,0.180747637326703
10.346,0.1,0.101224022850181,0.200946401914564
10.348,0.1,0.101227638734218,0.214809220646008
10.35,0.1,0.101229472052554,0.22217032259122
10.352,0.1,0.101229524992821,0.223076097443538
10.354,0.1,0.101227702162349,0.217221172066707
10.356,0.1,0.101224116130006,0.205050621679266
10.358,0.1,0.101218886088382,0.187030820386318
10.36,0.1,0.101212046098181,0.163333303141456
10.362,0.1,0.101203813810554,0.134778466854544
10.364,0.1,0.101194371024377,0.102059641610526
10.366,0.1,0.101183958112104,0.066079759054108
10.368,0.1,0.10117291392499,0.0280600429117051
10.37,0.1,0.10116150125653,-0.0110231300353394
10.372,0.1,0.101150076131149,-0.0498833353464651
10.374,0.1,0.101138975153548,-0.0873196393430336
10.376,0.1,0.101128539882877,-0.122116761536435
10.378,0.1,0.101119122116777,-0.153034565871453
10.38,0.1,0.101110992156384,-0.179139126664191
10.382,0.1,0.101104423692587,-0.199481904149857
10.384,0.1,0.101099644564815,-0.213288293291686
10.386,0.1,0.101096709418457,-0.220410093321657
10.388,0.1,0.10109572392528,-0.220508962150149
10.39,0.1,0.10109675323007,-0.213394073612368
10.392,0.1,0.101099608867444,-0.199777304789042
10.394,0.1,0.101104280946197,-0.179734884927326
10.396,0.1,0.101110546110128,-0.154104416640363
10.398,0.1,0.101118252289846,-0.123471920311898
10.4,0.1,0.101127221208088,-0.0885239535251555
10.402,0.1,0.101137179582731,-0.0502867669530177
10.404,0.1,0.101147756466002,-0.0100896319825523
10.406,0.1,0.101158727044253,0.0312005227252053
10.408,0.1,0.101169745799324,0.0723256668480757
10.41,0.1,0.101180504495265,0.112177251620153
10.412,0.1,0.101190697060122,0.149654104995297
10.414,0.1,0.101200029365263,0.183720518458362
10.416,0.1,0.101208170984366,0.213208176240396
10.418,0.1,0.101214892943043,0.237345753577876
10.42,0.1,0.101219882113285,0.255050809478381
10.422,0.1,0.101223103050772,0.266264587573156
10.424,0.1,0.101224342518548,0.270266202541038
10.426,0.1,0.101223591521276,0.267074560241027
10.428,0.1,0.101220846757428,0.256717780512237
10.43,0.1,0.101216192794414,0.239533840229534
10.432,0.1,0.101209680978025,0.215742451070255
10.434,0.1,0.101201690859263,0.186727514767258
10.436,0.1,0.101192278271984,0.152725587998268
10.438,0.1,0.10118174455734,0.114847467635477
10.44,0.1,0.101170427352283,0.0743245062533281
10.442,0.1,0.101158611957907,0.0322058134690894
10.444,0.1,0.101146601837962,-0.0103846799537158
10.446,0.1,0.101134700767642,-0.0523463489351194
10.448,0.1,0.101123187981422,-0.0926599089628801
10.45,0.1,0.101112318564763,-0.130411324635614
10.452,0.1,0.101102412800731,-0.164445534377588
10.454,0.1,0.101093689290167,-0.194010570628582
10.456,0.1,0.101086428485041,-0.218128080522272
10.458,0.1,0.101080731000261,-0.236487496664437
10.46,0.1,0.101076836836256,-0.248263069111187
10.462,0.1,0.101074814734447,-0.253252206993878
10.464,0.1,0.101074642915218,-0.251570083108267
10.466,0.1,0.10107640392281,-0.242950524565861
10.468,0.1,0.101079980526591,-0.227842394370308
10.47,0.1,0.101085231037596,-0.206778001613086
10.472,0.1,0.1010920833126,-0.180045119431351
10.474,0.1,0.101100299537346,-0.148523112933637
10.476,0.1,0.10110961072237,-0.113200873812766
10.478,0.1,0.101119765590737,-0.0750048998372889
10.48,0.1,0.101130480639683,-0.0349838038307782
10.482,0.1,0.101141433500963,0.00568447725202914
10.484,0.1,0.101152323327404,0.0458974035496866
10.486,0.1,0.101162848955366,0.0845589927986381
10.488,0.1,0.101172733064632,0.120670489962169
10.49,0.1,0.101181638941472,0.153012395652451
10.492,0.1,0.101189432339402,0.181144213891793
10.494,0.1,0.101195741235041,0.203728933645753
10.496,0.1,0.101200505312286,0.220601912132165
10.498,0.1,0.101203467475838,0.230867360047879
10.5,0.1,0.101204754239078,0.2350299493798
10.502,0.1,0.101204171362681,0.232421658510749
10.504,0.1,0.101201794228381,0.223354194468268
10.506,0.1,0.101197699915847,0.208142133960255
10.508,0.1,0.101192023909656,0.187307657636845
10.51,0.1,0.101184824292311,0.161103135322911
10.512,0.1,0.101176321086332,0.130353300669787
10.514,0.1,0.10116676209328,0.0959762478040505
10.516,0.1,0.101156390999835,0.0588775030792361
10.518,0.1,0.101145526470394,0.0202186805031508
10.52,0.1,0.101134499961645,-0.0187939970272322
10.522,0.1,0.101123645593345,-0.0569634933749382
10.524,0.1,0.101113291309715,-0.0931127244102011
10.526,0.1,0.101103791619221,-0.125976276433797
10.528,0.1,0.101095390874255,-0.154710484494975
10.53,0.1,0.10108843774901,-0.17807945029679
10.532,0.1,0.101083163481622,-0.195292183778365
10.534,0.1,0.101079631239381,-0.206167231770716
10.536,0.1,0.101077928457468,-0.210427666092138
10.538,0.1,0.101078181480997,-0.207659666976557
10.54,0.1,0.10108026517914,-0.198352797405871
10.542,0.1,0.101084098951707,-0.182832879777073
10.544,0.1,0.101089671784019,-0.161188428893471
10.546,0.1,0.101096769235619,-0.134232696512022
10.548,0.1,0.101105141047351,-0.102892749246773
10.55,0.1,0.101114706259939,-0.0675277766948276
10.552,0.1,0.101125066479076,-0.02957537738388
10.554,0.1,0.101135972793321,0.010032629355684
10.556,0.1,0.101147093659625,0.0500867412733698
10.558,0.1,0.101158094802397,0.089381159568906
10.56,0.1,0.101168665779216,0.126808502532702
10.562,0.1,0.101178418010785,0.16096847116265
10.564,0.1,0.10118710943968,0.191045189180291
10.566,0.1,0.101194361970399,0.215699233905309
10.568,0.1,0.101200001333797,0.234364848939097
10.57,0.1,0.101203789411502,0.24623327503567
10.572,0.1,0.101205659621549,0.251121062215099
10.574,0.1,0.101205548887609,0.248849416464568
10.576,0.1,0.101203412745463,0.239303771004947
10.578,0.1,0.101199393962042,0.223035537124141
10.58,0.1,0.101193579063729,0.200393370174548
10.582,0.1,0.101186208883418,0.172275074242517
10.584,0.1,0.101177422351428,0.139219519942799
10.586,0.1,0.10116745928803,0.102127812592289
10.588,0.1,0.101156669528405,0.0622771727422401
10.59,0.1,0.101145326467797,0.0206756212651826
10.592,0.1,0.101133715855121,-0.0216090833828138
10.594,0.1,0.101122157206234,-0.0634231057945605
10.596,0.1,0.10111093324697,-0.103738918124142
10.598,0.1,0.101100350359602,-0.141450692531354
10.6,0.1,0.101090657995543,-0.175691505167733
10.602,0.1,0.101082165126676,-0.205367084253121
10.604,0.1,0.101075104229959,-0.229687071100813
10.606,0.1,0.101069737435235,-0.247755971138258
10.608,0.1,0.101066127738308,-0.259403734546177
10.61,0.1,0.101064442446269,-0.264071645266603
10.612,0.1,0.101064729347799,-0.261629509535746
10.614,0.1,0.101066947673221,-0.252256257686266
10.616,0.1,0.101071025328995,-0.236237874992565
10.618,0.1,0.101076810024862,-0.214143827185106
10.62,0.1,0.101084218795916,-0.18630095364451
10.622,0.1,0.101092995856098,-0.153651456511908
10.624,0.1,0.101102843417376,-0.117285108200123
10.626,0.1,0.101113516882807,-0.0781078306254658
10.628,0.1,0.101124715311617,-0.0372283348998962
10.63,0.1,0.101136123849582,0.00419698210945856
10.632,0.1,0.10114745398261,0.045115937805158
10.634,0.1,0.101158417096646,0.0844672395025168
10.636,0.1,0.101168743341783,0.12127801750503
10.638,0.1,0.101178111205808,0.154385253330087
10.64,0.1,0.101186402300578,0.183409804803081
10.642,0.1,0.101193252975614,0.207046853959831
10.644,0.1,0.101198539858584,0.224904408659885
10.646,0.1,0.101202051846313,0.236263195274329
10.648,0.1,0.101203872170449,0.241472401817867
10.65,0.1,0.101203788645941,0.23980283119805
10.652,0.1,0.101201905920532,0.231669995912232
10.654,0.1,0.10119821246971,0.217067864463097
10.656,0.1,0.101192877163806,0.196634093622482
10.658,0.1,0.101185976365223,0.170678252518013
10.66,0.1,0.101177715958711,0.13997115644658
10.662,0.1,0.101168349352087,0.105447463569667
10.664,0.1,0.101158101911944,0.0679481862054981
10.666,0.1,0.101147310758086,0.0286968404061715
10.668,0.1,0.101136277989247,-0.0111995965229154
10.67,0.1,0.101125330087433,-0.0505541908004396
10.672,0.1,0.10111477970949,-0.0882440929363559
10.674,0.1,0.101104915511545,-0.123237329824006
10.676,0.1,0.101096085204297,-0.154284552741324
10.678,0.1,0.101088514571206,-0.180604542248908
10.68,0.1,0.101082468175619,-0.201272030128705
10.682,0.1,0.101078093886051,-0.215793615272713
10.684,0.1,0.101075452130848,-0.223991576008586
10.686,0.1,0.101074694925984,-0.225352624401467
10.688,0.1,0.101075759955956,-0.22014120513186
10.69,0.1,0.101078600544321,-0.208561301082065
10.692,0.1,0.101083101689563,-0.191062189608887
10.694,0.1,0.101089229111932,-0.167811842280174
10.696,0.1,0.101096804193366,-0.139494410922537
10.698,0.1,0.101105603323713,-0.106948233195691
10.7,0.1,0.101115405985998,-0.0710067395205539
10.702,0.1,0.10112588452113,-0.0328626117142506
10.704,0.1,0.101136746841405,0.00641031289844628
10.706,0.1,0.101147647716553,0.0455515593149979
10.708,0.1,0.101158246636408,0.0833482680845118
10.71,0.1,0.101168228589417,0.118677891928221
10.712,0.1,0.101177173019673,0.15003291181155
10.714,0.1,0.101184879685614,0.176745509233418
10.716,0.1,0.101191058883287,0.19780284658888
10.718,0.1,0.101195430170677,0.212238559474373
10.72,0.1,0.101197981691552,0.220063176465013
10.722,0.1,0.101198553846441,0.220746552489068
10.724,0.1,0.101197177180616,0.214444682846296
10.726,0.1,0.101193936427816,0.201503655224611
10.728,0.1,0.101188906374406,0.182233382882726
10.73,0.1,0.101182279210739,0.157362466262488
10.732,0.1,0.101174143359384,0.127260064990478
10.734,0.1,0.101164764351751,0.0929148883571408
10.736,0.1,0.101154381916864,0.0552318470850247
10.738,0.1,0.101143327248706,0.015413504250786
10.74,0.1,0.101131863946081,-0.0255560250408048
10.742,0.1,0.1011203224578,-0.0664689602541486
10.744,0.1,0.101109007160701,-0.106244734500861
10.746,0.1,0.101098240935119,-0.143713427766265
10.748,0.1,0.101088370182646,-0.177648747768786
10.75,0.1,0.101079614455663,-0.207313797769098
10.752,0.1,0.101072282545436,-0.231626419099474
10.754,0.1,0.101066623548117,-0.249741592934792
10.756,0.1,0.101062838254666,-0.260990943535592
10.758,0.1,0.101060932697139,-0.265407670531269
10.76,0.1,0.101061059304222,-0.262484115876076
10.762,0.1,0.101063152375545,-0.252493629906464
10.764,0.1,0.101067118439728,-0.235801512764781
10.766,0.1,0.101072847802343,-0.212830246806961
10.768,0.1,0.10108013078158,-0.184360193017992
10.77,0.1,0.101088802973182,-0.151012530453368
10.772,0.1,0.10109858783229,-0.11380997136906
10.774,0.1,0.10110917715811,-0.0738856706289688
10.776,0.1,0.101120284060234,-0.032300490804074
10.778,0.1,0.101131595505153,0.00979390263467805
10.78,0.1,0.101142819900866,0.0513276457635507
10.782,0.1,0.101153678521007,0.0912830681908808
10.784,0.1,0.101163915587476,0.128741052021787
10.786,0.1,0.10117320358071,0.162516644184881
10.788,0.1,0.101181312668413,0.191820249891224
10.79,0.1,0.101188062036766,0.216041979953518
10.792,0.1,0.101193137927516,0.234088723733192
10.794,0.1,0.101196480837684,0.24580650891205
10.796,0.1,0.101198028823663,0.251017189651933
10.798,0.1,0.101197595937802,0.249094081418121
10.8,0.1,0.101195269922173,0.24039115119802
10.802,0.1,0.101191109947569,0.225152918838453
10.804,0.1,0.101185254071105,0.203902055050482
10.806,0.1,0.101177774823453,0.176931492693429
10.808,0.1,0.101168921173969,0.145159782462279
10.81,0.1,0.101158927272071,0.109454376406
10.812,0.1,0.101148100288708,0.0709344019248114
10.814,0.1,0.101136717018222,0.0306193520225709
10.816,0.1,0.101125093618416,-0.0103352212684158
10.818,0.1,0.101113542336304,-0.0507886577819312
10.82,0.1,0.101102356792874,-0.0896821169913614
10.822,0.1,0.101091817329188,-0.126005154203314
10.824,0.1,0.10108221447258,-0.158715207231802
10.826,0.1,0.101073812540709,-0.186880763962141
10.828,0.1,0.101066821366472,-0.209778523584224
10.83,0.1,0.101061437236016,-0.226734898446476
10.832,0.1,0.101057795084006,-0.2373023641849
10.834,0.1,0.101055957696357,-0.241293407196959
10.836,0.1,0.101055896055511,-0.238848344710865
10.838,0.1,0.101057624441861,-0.22994711894947
10.84,0.1,0.101061131506736,-0.214664625536698
10.842,0.1,0.101066229562032,-0.193707484366012
10.844,0.1,0.101072854969307,-0.167342893053059
10.846,0.1,0.101080776097074,-0.136434212960428
10.848,0.1,0.101089765586671,-0.101829555552204
10.85,0.1,0.101099582044885,-0.064427962684441
10.852,0.1,0.101109886555137,-0.0254608777200453
10.854,0.1,0.101120367297151,0.0139205082533649
10.856,0.1,0.101130687086406,0.0525095906622212
10.858,0.1,0.101140521057588,0.0891310617177453
10.86,0.1,0.101149568169381,0.122714446591844
10.862,0.1,0.101157432583294,0.151842344960713
10.864,0.1,0.101163959049852,0.176000843901315
10.866,0.1,0.101168818515059,0.194029299853219
10.868,0.1,0.101171909254827,0.205609885971682
10.87,0.1,0.101173223711042,0.210757372400749
10.872,0.1,0.101172658643002,0.209138925751143
10.874,0.1,0.101170225256177,0.200837619456512
10.876,0.1,0.101166040894553,0.186314170143392
10.878,0.1,0.101160118209825,0.165664089735445
10.88,0.1,0.10115270306903,0.139809705700003
10.882,0.1,0.101143987058686,0.109472206103772
10.884,0.1,0.101134057236412,0.075029612224862
10.886,0.1,0.101123302745655,0.037885414171969
10.888,0.1,0.101111976473263,-0.00102055224376565
10.89,0.1,0.101100396803145,-0.0405250886437219
10.892,0.1,0.101088905220088,-0.0794031032515712
10.894,0.1,0.101077813922198,-0.116544054621291
10.896,0.1,0.101067492901462,-0.150622434063149
10.898,0.1,0.101058279327767,-0.180462244808175
10.9,0.1,0.101050378546346,-0.205375946106351
10.902,0.1,0.101044161773756,-0.224058215484698
10.904,0.1,0.10103969636764,-0.236328724547871
10.906,0.1,0.101037181246158,-0.241515641635196
10.908,0.1,0.101036632345314,-0.239608980188666
10.91,0.1,0.101038062350278,-0.230603346018065
10.912,0.1,0.101041381714518,-0.214855250553223
10.914,0.1,0.101046500328081,-0.192725047262956
10.916,0.1,0.101053216326071,-0.164973801791114
10.918,0.1,0.101061284483797,-0.132511259689449
10.92,0.1,0.101070579270115,-0.0958403635318857
10.922,0.1,0.101080711769423,-0.0563733369437866
10.924,0.1,0.101091444480413,-0.0150029769116086
10.926,0.1,0.10110246116053,0.0270996159221797
10.928,0.1,0.101113448703705,0.0688005808426966
10.93,0.1,0.101124124735988,0.109068964113065
10.932,0.1,0.101134196781894,0.146850481088855
10.934,0.1,0.101143319672635,0.180907036796728
10.936,0.1,0.101151311206109,0.210638006062242
10.938,0.1,0.101157815869965,0.234785484260221
10.94,0.1,0.10116272185652,0.253013949114493
10.942,0.1,0.101165780381914,0.264473308820977
10.944,0.1,0.101166885430906,0.268837479286807
10.946,0.1,0.101166041265853,0.266168583311087
10.948,0.1,0.101163213022467,0.25637884030954
10.95,0.1,0.101158493764439,0.239834057474232
10.952,0.1,0.101151999581326,0.216979678997435
10.954,0.1,0.101143941127091,0.188596965151009
10.956,0.1,0.101134465376453,0.155244164635312
10.958,0.1,0.101123917140103,0.118175067450507
10.96,0.1,0.101112519408883,0.0782232106209202
10.962,0.1,0.101100627897391,0.0366778958359157
10.964,0.1,0.101088533790338,-0.00538868442321833
10.966,0.1,0.101076541954599,-0.0468600926586295
10.968,0.1,0.101064938779049,-0.0866993974171042
10.97,0.1,0.10105397721768,-0.123999550927164
10.972,0.1,0.101043976665081,-0.157606395907176
10.974,0.1,0.101035137767175,-0.186831240413026
10.976,0.1,0.10102776229709,-0.210611024072079
10.978,0.1,0.101021918977878,-0.228748410485331
10.98,0.1,0.10101785695665,-0.240378886174594
10.982,0.1,0.101015631537361,-0.24534597563363
10.984,0.1,0.101015214673338,-0.243785844693933
10.986,0.1,0.101016658360498,-0.23554124918903
10.988,0.1,0.101019913379041,-0.220818601895143
10.99,0.1,0.101024808454084,-0.200258142268983
10.992,0.1,0.10103128851562,-0.174088752091597
10.994,0.1,0.101039115746762,-0.143190769428844
10.996,0.1,0.101048044483543,-0.108471727311887
10.998,0.1,0.101057830758147,-0.0708345472022647
11,0.1,0.101068163752311,-0.0314162186659303
11.002,0.1,0.101078740267804,0.00866360922631948
11.004,0.1,0.101089237548637,0.048236193887083
11.006,0.1,0.101099342292856,0.0861621901827545
11.008,0.1,0.101108797206377,0.121525691876548
11.01,0.1,0.101117207238442,0.152888233165911
11.012,0.1,0.101124441578834,0.179826011182573
11.014,0.1,0.101130149897944,0.201086425567838
11.016,0.1,0.101134278381347,0.216524462421522
11.018,0.1,0.101136590125867,0.22531788567449
11.02,0.1,0.101137141030232,0.227712392211389
11.022,0.1,0.101135804748472,0.223289121314322
11.024,0.1,0.101132746216754,0.212681042821074
11.026,0.1,0.10112802107609,0.196124404637079
11.028,0.1,0.101121626715245,0.173656934754264
11.03,0.1,0.101113878764977,0.146441912824869
11.032,0.1,0.101104827605924,0.114710006688519
11.034,0.1,0.101094755182593,0.0795055609188489
11.036,0.1,0.101083995476755,0.0420363359431673
11.038,0.1,0.101072800966122,0.00324186672365871
11.04,0.1,0.101061531812122,-0.035572473835055
11.042,0.1,0.101050524043412,-0.0732139441072967
11.044,0.1,0.101040093343206,-0.108556530136335
11.046,0.1,0.101030656571397,-0.14010804357753
11.048,0.1,0.101022400988106,-0.167245696230148
11.05,0.1,0.101015684240745,-0.188705397142281
11.052,0.1,0.101010728207998,-0.203734049236294
11.054,0.1,0.10100757519108,-0.212226224175513
11.056,0.1,0.101006358007792,-0.213744132817837
11.058,0.1,0.101007102198593,-0.208237246842999
11.06,0.1,0.101009695633958,-0.196145064891571
11.062,0.1,0.101014050392159,-0.177818757269171
11.064,0.1,0.10102014043181,-0.153402913242029
11.066,0.1,0.101027635926862,-0.124107838773978
11.068,0.1,0.101036436011525,-0.0903477719337645
11.07,0.1,0.10104627698933,-0.0531090959765712
11.072,0.1,0.101056848178143,-0.0135346245448208
11.074,0.1,0.101067848270039,0.0272733473746408
11.076,0.1,0.101078971066048,0.0681852851791794
11.078,0.1,0.101089884658345,0.107999549363157
11.08,0.1,0.10110028498639,0.145633976411444
11.082,0.1,0.101109808527102,0.179787060275245
11.084,0.1,0.101118182186284,0.209520666378727
11.086,0.1,0.101125194263293,0.234120236174536
11.088,0.1,0.101130449720757,0.252194936206974
11.09,0.1,0.101133931939623,0.263756630497309
11.092,0.1,0.101135425063537,0.268073930232708
11.094,0.1,0.101134910620661,0.265131415810029
11.096,0.1,0.101132426337979,0.255104993594024
11.098,0.1,0.101128054436512,0.238322936314674
11.1,0.1,0.101121809622497,0.214874648293082
11.102,0.1,0.101114051245479,0.186075610712336
11.104,0.1,0.101104932926203,0.152505469641495
11.106,0.1,0.101094634698798,0.114851498996102
11.108,0.1,0.101083562417688,0.0745817273776275
11.11,0.1,0.101071964707036,0.0326209517697515
11.112,0.1,0.101060156252371,-0.00987562763425305
11.114,0.1,0.101048439413511,-0.0518038469948278
11.116,0.1,0.101037097332503,-0.09213605213705
11.118,0.1,0.101026387106483,-0.129952628431979
11.12,0.1,0.101016632912624,-0.164086366746101
11.122,0.1,0.101008058881711,-0.193766887893324
11.124,0.1,0.101000916169185,-0.218124940891684
11.126,0.1,0.100995406290293,-0.236480807032112
11.128,0.1,0.10099166586196,-0.248389671340209
11.13,0.1,0.100989832887936,-0.253397111368932
11.132,0.1,0.100989866077267,-0.251688657194769
11.134,0.1,0.100991792680701,-0.243194855235784
11.136,0.1,0.100995550537843,-0.228164119099887
11.138,0.1,0.10100107466883,-0.206854354478566
11.14,0.1,0.101008152462399,-0.180049743588346
11.142,0.1,0.101016595932182,-0.148449127521989
11.144,0.1,0.101026130063221,-0.113060092120196
11.146,0.1,0.101036496450249,-0.0748328564522694
11.148,0.1,0.101047407777294,-0.034825665172515
11.15,0.1,0.101058549712556,0.00580905977470148
11.152,0.1,0.101069623123498,0.0459766895831478
11.154,0.1,0.101080337367087,0.0846191624138604
11.156,0.1,0.101090411442059,0.120719363624458
11.158,0.1,0.10109958640943,0.153351345351938
11.16,0.1,0.101107597300443,0.181575359022306
11.162,0.1,0.101114208740884,0.20457189688121
11.164,0.1,0.10111924419089,0.221741887632206
11.166,0.1,0.101122560536479,0.232610093287048
11.168,0.1,0.101124105483744,0.237029500459252
11.17,0.1,0.101123845368437,0.234915253308188
11.172,0.1,0.101121814574242,0.226425778159891
11.174,0.1,0.10111806952472,0.211796942075969
11.176,0.1,0.101112659225965,0.19124002552182
11.178,0.1,0.101105757390339,0.165412453907985
11.18,0.1,0.101097535417378,0.134963127457543
11.182,0.1,0.101088207186799,0.100692387219242
11.184,0.1,0.10107807306721,0.0636974282684029
11.186,0.1,0.101067414859846,0.0250122442350708
11.188,0.1,0.101056553044598,-0.0141961180830185
11.19,0.1,0.101045824257246,-0.0527062259252002
11.192,0.1,0.101035550330016,-0.0893684275826667
11.194,0.1,0.101026056575108,-0.123019676022182
11.196,0.1,0.101017614098958,-0.152708361081498
11.198,0.1,0.101010564913726,-0.177219785078403
11.2,0.1,0.101005096921847,-0.195917025386891
11.202,0.1,0.101001399735598,-0.208154243798852
11.204,0.1,0.100999469090244,-0.213986366196724
11.206,0.1,0.100999459007547,-0.212893714136411
11.208,0.1,0.101001275113113,-0.205253357304037
11.21,0.1,0.101004870502449,-0.191269544989505
11.212,0.1,0.101010116199476,-0.171441285948523
11.214,0.1,0.10101697689906,-0.145946800221562
11.216,0.1,0.101025145005382,-0.115917114798929
11.218,0.1,0.101034538142613,-0.0817050068971417
11.22,0.1,0.101044798572712,-0.0446116385776701
11.222,0.1,0.101055664694978,-0.00560989558961472
11.224,0.1,0.10106680683746,0.0341059941802044
11.226,0.1,0.101077885781415,0.0732949219106952
11.228,0.1,0.101088577461499,0.11081090684373
11.23,0.1,0.101098486561504,0.145225306095117
11.232,0.1,0.101107335782705,0.175590202802115
11.234,0.1,0.101114883701276,0.201072265027284
11.236,0.1,0.101120696478901,0.220135036290609
11.238,0.1,0.101124767606302,0.232822180727603
11.24,0.1,0.101126940219083,0.238611047070242
11.242,0.1,0.101127135114352,0.237262609402305
11.244,0.1,0.101125267589883,0.228517287896199
11.246,0.1,0.101121601499725,0.213357215079271
11.248,0.1,0.101116069157303,0.191582219425501
11.25,0.1,0.101108942168611,0.164202032119951
11.252,0.1,0.10110044119284,0.132038808666376
11.254,0.1,0.101090747246585,0.0957821609755607
11.256,0.1,0.101080129825095,0.0564381282192458
11.258,0.1,0.101068922486604,0.0152207288042115
11.26,0.1,0.101057415983236,-0.0267980129267312
11.262,0.1,0.101045924466598,-0.0684680338142754
11.264,0.1,0.101034743848717,-0.108723888651985
11.266,0.1,0.101024177117727,-0.146476421930906
11.268,0.1,0.101014495297811,-0.180775739143205
11.27,0.1,0.101006022554843,-0.210473573132797
11.272,0.1,0.100999010892668,-0.234707957152192
11.274,0.1,0.100993622909566,-0.252947761744971
11.276,0.1,0.100990027942007,-0.264629882739484
11.278,0.1,0.100988392873073,-0.269197614955231
11.28,0.1,0.100988768570429,-0.266509681259347
11.282,0.1,0.100991034351772,-0.257030485724153
11.284,0.1,0.100995191663792,-0.24077909469203
11.286,0.1,0.101001176116707,-0.218012129832782
11.288,0.1,0.101008631975178,-0.19002351387523
11.29,0.1,0.10101747215656,-0.15715123685295
11.292,0.1,0.101027397881504,-0.120489331773044
11.294,0.1,0.101038154099344,-0.0809820306554041
11.296,0.1,0.101049398048284,-0.0398775700381328
11.298,0.1,0.101060843550482,0.00176297181518826
11.3,0.1,0.101072198919399,0.0428789612151956
11.302,0.1,0.101083180945903,0.0824280336438537
11.304,0.1,0.101093521774007,0.119443184862307
11.306,0.1,0.101102902494844,0.152772482266737
11.308,0.1,0.101111200065669,0.182016853453164
11.31,0.1,0.101118052524859,0.20588179869202
11.312,0.1,0.10112333997809,0.223986333861592
11.314,0.1,0.101126856395774,0.235629824962688
11.316,0.1,0.101128647618557,0.241022028296805
11.318,0.1,0.101128511199492,0.239469081671442
11.32,0.1,0.101126526892784,0.231292572909769
11.322,0.1,0.101122761053981,0.216760187357638
11.324,0.1,0.101117346282013,0.196373337264372
11.326,0.1,0.101110330570207,0.17033649071617
11.328,0.1,0.101101969859844,0.13959142051774
11.33,0.1,0.101092467570555,0.104896981259343
11.332,0.1,0.101082134862299,0.0673845306466437
11.334,0.1,0.101071236361169,0.0280297247367533
11.336,0.1,0.101060089700627,-0.0120051161139378
11.338,0.1,0.101049010135539,-0.051583901482261
11.34,0.1,0.101038315826455,-0.0895440892020689
11.342,0.1,0.10102827530266,-0.124933159094656
11.344,0.1,0.101019214297087,-0.156578120289618
11.346,0.1,0.101011397731109,-0.183546691680084
11.348,0.1,0.101005047898577,-0.205068814919845
11.35,0.1,0.101000329130404,-0.220586192307513
11.352,0.1,0.100997350312775,-0.229741444540423
11.354,0.1,0.100996179073706,-0.232324180336426
11.356,0.1,0.100996855414022,-0.228223170840374
11.358,0.1,0.10099929915273,-0.217759429277871
11.36,0.1,0.101003437458185,-0.201227331346775
11.362,0.1,0.101009160954897,-0.179054114928747
11.364,0.1,0.101016346089653,-0.151721821638511
11.366,0.1,0.101024813294444,-0.119912085159405
11.368,0.1,0.101034296211437,-0.0846110253013157
11.37,0.1,0.101044516619643,-0.0468434525115859
11.372,0.1,0.101055166540722,-0.00773319134362139
11.374,0.1,0.101065909837528,0.0314872677311159
11.376,0.1,0.101076407409053,0.0696092014712617
11.378,0.1,0.101086334107512,0.105464238916012
11.38,0.1,0.101095306578105,0.13768065631087
11.382,0.1,0.101103058675399,0.165335389518834
11.384,0.1,0.101109360198346,0.187633147367904
11.386,0.1,0.101113884388491,0.20342912001353
11.388,0.1,0.101116656313804,0.212861767025957
11.39,0.1,0.101117444113288,0.215134282079819
11.392,0.1,0.101116385098715,0.210781186035978
11.394,0.1,0.101113409799601,0.199592499597365
11.396,0.1,0.101108643991381,0.182057472453754
11.398,0.1,0.101102196005057,0.158608899347177
11.4,0.1,0.101094341983377,0.130265155811975
11.402,0.1,0.101085160159585,0.0973578178720222
11.404,0.1,0.101074925726903,0.060910251999153
11.406,0.1,0.101063956486137,0.0220817055976007
11.408,0.1,0.101052534127983,-0.018091111409237
11.41,0.1,0.101040978052243,-0.0584404154466484
11.412,0.1,0.101029608426566,-0.097822602363493
11.414,0.1,0.101018761001006,-0.135022323525566
11.416,0.1,0.101008776762893,-0.168837909275928
11.418,0.1,0.100999920717984,-0.198356953304793
11.42,0.1,0.100992432420635,-0.222755759406978
11.422,0.1,0.100986663456228,-0.240804034373298
11.424,0.1,0.100982698114988,-0.252257950390112
11.426,0.1,0.100980653060059,-0.256742577057685
11.428,0.1,0.100980642778679,-0.25388685834986
11.43,0.1,0.100982569646856,-0.244076130980307
11.432,0.1,0.10098639915612,-0.227461604905454
11.434,0.1,0.10099201786562,-0.204478617677717
11.436,0.1,0.100999204320386,-0.175949077152251
11.438,0.1,0.10100770403194,-0.142807923730449
11.44,0.1,0.101017391540829,-0.10555032325041
11.442,0.1,0.101027819209672,-0.065785456776469
11.444,0.1,0.101038791877121,-0.0242587481019466
11.446,0.1,0.101049982575822,0.0178284788304284
11.448,0.1,0.101061092293486,0.0593874556243898
11.45,0.1,0.101071845075164,0.0994072288591423
11.452,0.1,0.101081955629979,0.136855383902791
11.454,0.1,0.101091105977497,0.170592741181891
11.456,0.1,0.10109914433314,0.200118803989412
11.458,0.1,0.101105699370886,0.224111298963975
11.46,0.1,0.101110584583342,0.241954923011181
11.462,0.1,0.101113725820826,0.253436099264606
11.464,0.1,0.101115005806473,0.258174023848015
11.466,0.1,0.10111430793513,0.255788665578188
11.468,0.1,0.101111689477873,0.246519341177271
11.47,0.1,0.10110721647315,0.230630708995117
11.472,0.1,0.101101034717494,0.20866889833755
11.474,0.1,0.101093228916293,0.180965468539416
11.476,0.1,0.101084036648589,0.148396310070248
11.478,0.1,0.101073762449119,0.112069713428065
11.48,0.1,0.101062628236267,0.0728106199126948
11.482,0.1,0.101050971120394,0.0318441047396677
11.484,0.1,0.101039093059114,-0.00972448741969621
11.486,0.1,0.101027300899092,-0.0507712787330702
11.488,0.1,0.101015884635472,-0.0902485150564843
11.49,0.1,0.101005121110135,-0.127156591715563
11.492,0.1,0.100995282517308,-0.160520285355147
11.494,0.1,0.100986656194543,-0.189317870129375
11.496,0.1,0.100979425148724,-0.212923609349697
11.498,0.1,0.100973797447191,-0.230616932184101
11.5,0.1,0.100969897580885,-0.241984171450893
11.502,0.1,0.100967824759705,-0.246700116210216
11.504,0.1,0.100967560150708,-0.244863699110339
11.506,0.1,0.100969126144534,-0.236420585419418
11.508,0.1,0.100972419078387,-0.221770319315635
11.51,0.1,0.100977337149489,-0.20130426200886
11.512,0.1,0.100983816538047,-0.175281955178027
11.514,0.1,0.10099160307037,-0.144642188257487
11.516,0.1,0.101000498301446,-0.110127005299815
11.518,0.1,0.101010212662277,-0.0727972756631265
11.52,0.1,0.101020455448604,-0.0337201063047962
11.522,0.1,0.101030898433057,0.00590271181497031
11.524,0.1,0.10104121266805,0.0448855803929784
11.526,0.1,0.101051079690155,0.0820739443397826
11.528,0.1,0.101060194967582,0.116377184670961
11.53,0.1,0.101068188448578,0.146469177444066
11.532,0.1,0.101074939120853,0.17195233868657
11.534,0.1,0.101080075588099,0.191503252970053
11.536,0.1,0.10108346774148,0.20469461160543
11.538,0.1,0.101085101618444,0.211513704975459
11.54,0.1,0.101084852415703,0.211544929053836
11.542,0.1,0.101082735752784,0.204881582631775
11.544,0.1,0.101078885784078,0.192038970095328
11.546,0.1,0.101073355829021,0.173244487363899
11.548,0.1,0.101066222637649,0.148819175774946
11.55,0.1,0.101057777374313,0.119831795115384
11.552,0.1,0.101048116996321,0.0866777518972967
11.554,0.1,0.101037532977951,0.0504325732942214
11.556,0.1,0.101026346041197,0.0122582711879861
11.558,0.1,0.101014856026303,-0.026751008562916
11.56,0.1,0.101003403246479,-0.065360808172623
11.562,0.1,0.100992321346244,-0.102383911507063
11.564,0.1,0.100981989075855,-0.136462596529247
11.566,0.1,0.10097267362783,-0.166681397435877
11.568,0.1,0.100964667101057,-0.192016109556086
11.57,0.1,0.100958299587155,-0.21131293344887
11.572,0.1,0.100953703330376,-0.224146867553753
11.574,0.1,0.100951015933414,-0.230064965093656
11.576,0.1,0.100950278317834,-0.228960433057344
11.578,0.1,0.100951519423521,-0.220765815354073
11.58,0.1,0.100954630649915,-0.205901987493045
11.582,0.1,0.100959568815023,-0.184558670081045
11.584,0.1,0.100966085168099,-0.157659456926985
11.586,0.1,0.10097398348249,-0.125939057544727
11.588,0.1,0.100983102283109,-0.090018966594613
11.59,0.1,0.100993157783653,-0.0509569332028829
11.592,0.1,0.101003791555041,-0.0100433858940155
11.594,0.1,0.101014765321352,0.0318194527987733
11.596,0.1,0.101025750244758,0.0734295707109482
11.598,0.1,0.101036437423562,0.113664352756371
11.6,0.1,0.101046548806691,0.15153499039807
11.602,0.1,0.101055735646579,0.185786660862957
11.604,0.1,0.10106372672168,0.21548011720088
11.606,0.1,0.101070332086697,0.239978216157677
11.608,0.1,0.101075192650714,0.258020708535257
11.61,0.1,0.10107828098963,0.269571217875538
11.612,0.1,0.101079403056389,0.273972499253199
11.614,0.1,0.101078496302401,0.271041913058438
11.616,0.1,0.101075652930108,0.261145067378505
11.618,0.1,0.101070917871554,0.244469176149112
11.62,0.1,0.101064460202443,0.221643442027963
11.622,0.1,0.101056355769571,0.192967529713578
11.624,0.1,0.101046896658589,0.159509399095457
11.626,0.1,0.101036349782729,0.122247949433123
11.628,0.1,0.101024993330918,0.0822045459755969
11.63,0.1,0.10101314643971,0.0405418817837376
11.632,0.1,0.101001109697685,-0.00163169540008704
11.634,0.1,0.100989182029744,-0.0432352798644626
11.636,0.1,0.100977640383456,-0.0832565438135589
11.638,0.1,0.100966762544722,-0.1206923793097
11.64,0.1,0.100956842539611,-0.154488294386171
11.642,0.1,0.100948111595618,-0.183838239879342
11.644,0.1,0.100940808272854,-0.207912608613016
11.646,0.1,0.100935113778316,-0.226095562277141
11.648,0.1,0.100931154624548,-0.237969701089022
11.65,0.1,0.100929067667845,-0.243076259985228
11.652,0.1,0.10092879964928,-0.241637347268051
11.654,0.1,0.100930442072417,-0.233349438107459
11.656,0.1,0.100933876009586,-0.218662051731082
11.658,0.1,0.100938960681232,-0.198099347202236
11.66,0.1,0.100945645233372,-0.171868488617158
11.662,0.1,0.100953671111289,-0.140916827562221
11.664,0.1,0.10096279039426,-0.106154423150322
11.666,0.1,0.100972751275578,-0.0685063226467897
11.668,0.1,0.100983261819117,-0.0290442789912179
11.67,0.1,0.100994002122837,0.0110617595584057
11.672,0.1,0.10100466519506,0.0506909986308844
11.674,0.1,0.101014948403772,0.0887439578554489
11.676,0.1,0.101024572989262,0.124215837035084
11.678,0.1,0.101033193639026,0.15585571605573
11.68,0.1,0.101040684126909,0.183247745320187
11.682,0.1,0.10104667032479,0.205046676086797
11.684,0.1,0.101051075928669,0.221022337430936
11.686,0.1,0.101053684429878,0.23042336467483
11.688,0.1,0.101054605031207,0.233683714509716
11.69,0.1,0.101053659182674,0.230186883904421
11.692,0.1,0.101050947679517,0.220329203016814
11.694,0.1,0.101046510907356,0.204287548870946
11.696,0.1,0.101040504927612,0.182653781935462
11.698,0.1,0.101033027750944,0.155816155124459
11.7,0.1,0.101024270190192,0.124491731444354
11.702,0.1,0.10101450593343,0.0896867143588447
11.704,0.1,0.101003981520971,0.052312969970816
11.706,0.1,0.100993013677005,0.0135231700548279
11.708,0.1,0.100981937592988,-0.0254611879548297
11.71,0.1,0.100971085709239,-0.0634535228896388
11.712,0.1,0.100960775121014,-0.0993165710728508
11.714,0.1,0.100951409660822,-0.131602276784104
11.716,0.1,0.100943194698066,-0.159611510313386
11.718,0.1,0.100936460402549,-0.18217674212543
11.72,0.1,0.100931411421938,-0.19859776481173
11.722,0.1,0.100928211384154,-0.208322100093459
11.724,0.1,0.10092686310799,-0.211374700656071
11.726,0.1,0.100927485311848,-0.207362334474731
11.728,0.1,0.100929927524275,-0.19685539701456
11.73,0.1,0.100934114650044,-0.180152180624875
11.732,0.1,0.100940023265673,-0.157377594008712
11.734,0.1,0.100947387774538,-0.129513998758354
11.736,0.1,0.100956065531476,-0.0971145386960253
11.738,0.1,0.100965812022314,-0.0610906972912045
11.74,0.1,0.10097632916048,-0.022539067095806
11.742,0.1,0.100987326090804,0.0174720773762965
11.744,0.1,0.100998476460744,0.0577458355737348
11.746,0.1,0.101009450684322,0.0971026216643029
11.748,0.1,0.101019944475577,0.134450969170866
11.75,0.1,0.101029563794816,0.168371358125181
11.752,0.1,0.101038089066158,0.198126575016662
11.754,0.1,0.10104517378847,0.222491489498428
11.756,0.1,0.101050559875158,0.2405840354976
11.758,0.1,0.101054158238453,0.252136395511793
11.76,0.1,0.101055747540242,0.256393271400254
11.762,0.1,0.101055389198312,0.253620637170754
11.764,0.1,0.101053043822526,0.243710941127715
11.766,0.1,0.101048805081069,0.227030184222734
11.768,0.1,0.101042719187851,0.203775896065096
11.77,0.1,0.101035132944516,0.175214971641687
11.772,0.1,0.101026173959922,0.141833541201505
11.774,0.1,0.101016052415684,0.104419490272752
11.776,0.1,0.101005146663221,0.0643424687521721
11.778,0.1,0.10099370108385,0.0225108959470661
11.78,0.1,0.100982036542742,-0.0198988943641942
11.782,0.1,0.100970458415735,-0.0617783494345325
11.784,0.1,0.100959263037512,-0.102043784858383
11.786,0.1,0.100948718790238,-0.139737122960993
11.788,0.1,0.100939161043869,-0.173653943751227
11.79,0.1,0.100930726123073,-0.203347327499487
11.792,0.1,0.100923784131216,-0.227499109615261
11.794,0.1,0.100918520392584,-0.245490465875255
11.796,0.1,0.100914989708261,-0.257169390202844
11.798,0.1,0.100913425625538,-0.261729457895305
11.8,0.1,0.100913766415608,-0.259427021325813
11.802,0.1,0.100916020999321,-0.250253645866171
11.804,0.1,0.100920119273091,-0.234480886630271
11.806,0.1,0.100925907645713,-0.212675865577756
11.808,0.1,0.100933302374785,-0.185158693992185
11.81,0.1,0.100942058157439,-0.152826938021175
11.812,0.1,0.100951899246426,-0.116688920778219
11.814,0.1,0.10096251509952,-0.0778730226155744
11.816,0.1,0.100973655856672,-0.0373046214784958
11.818,0.1,0.100984994175169,0.00382057314073141
11.82,0.1,0.100996235202209,0.0444205623590342
11.822,0.1,0.101007093563476,0.0834554664511748
11.824,0.1,0.101017294536447,0.119928805692425
11.826,0.1,0.101026588056794,0.152944634947292
11.828,0.1,0.101034702815909,0.181537142042947
11.83,0.1,0.10104138219966,0.204805253810633
11.832,0.1,0.101046553433819,0.222527932093607
11.834,0.1,0.101049906738152,0.233615080362316
11.836,0.1,0.101051577104089,0.238594346613692
11.838,0.1,0.101051345581208,0.236702961165221
11.84,0.1,0.101049354423069,0.228481893306857
11.842,0.1,0.10104557181873,0.213842494069698
11.844,0.1,0.101040168750695,0.193423025675608
11.846,0.1,0.10103323780818,0.167582667770282
11.848,0.1,0.101024982476933,0.137077495909541
11.85,0.1,0.101015647519908,0.102808237986351
11.852,0.1,0.101005494764573,0.0657350357270046
11.854,0.1,0.100994814620627,0.0269205850134275
11.856,0.1,0.100983928529655,-0.0124611842906579
11.858,0.1,0.100973155760715,-0.0512634443520255
11.86,0.1,0.100962824822941,-0.0882913928770014
11.862,0.1,0.100953233632912,-0.122483599645531
11.864,0.1,0.100944740405571,-0.152558315682605
11.866,0.1,0.100937502214291,-0.177983365017313
11.868,0.1,0.100931843237414,-0.197608850548384
11.87,0.1,0.100927920097252,-0.210904632933101
11.872,0.1,0.100925782692966,-0.217723239155038
11.874,0.1,0.100925478693988,-0.217921525513112
11.876,0.1,0.100927029402808,-0.211451228316868
11.878,0.1,0.100930349705501,-0.198646283080921
11.88,0.1,0.100935380502604,-0.17975015049051
11.882,0.1,0.100941994069395,-0.155258480847282
11.884,0.1,0.100949928865415,-0.126134996318679
11.886,0.1,0.100959095221422,-0.092744820764031
11.888,0.1,0.100969195733363,-0.0561835281432187
11.89,0.1,0.100979923822376,-0.0175684584449372
11.892,0.1,0.100990976065907,0.0219901915862442
11.894,0.1,0.101001999763046,0.0612065803921825
11.896,0.1,0.101012663219617,0.0989024892113544
11.898,0.1,0.101022607088275,0.133785441880478
11.9,0.1,0.101031548265611,0.164868800827573
11.902,0.1,0.101039136623925,0.190911553574303
11.904,0.1,0.101045065195021,0.210843917516091
11.906,0.1,0.101049280182516,0.224521367426397
11.908,0.1,0.101051593739902,0.231301699109044
11.91,0.1,0.101051955194571,0.231041467196077
11.912,0.1,0.101050333176844,0.223663605984691
11.914,0.1,0.101046841542451,0.209608232983303
11.916,0.1,0.101041562276747,0.189200244954995
11.918,0.1,0.101034621157137,0.162927646881261
11.92,0.1,0.101026295257604,0.131809638819574
11.922,0.1,0.101016754536707,0.0964900950906812
11.924,0.1,0.101006258446999,0.0579345055315362
11.926,0.1,0.100995140546788,0.0173540224396594
11.928,0.1,0.100983686647533,-0.0241996643763886
11.93,0.1,0.100972219564215,-0.0655422226452782
11.932,0.1,0.100961038821708,-0.10560454056865
11.934,0.1,0.100950477188992,-0.143177406872523
11.936,0.1,0.100940805650957,-0.177315971263631
11.938,0.1,0.100932302297235,-0.207042112556975
11.94,0.1,0.100925238538555,-0.231410837974533
11.942,0.1,0.100919898546094,-0.249439479821248
11.944,0.1,0.100916335645631,-0.260987197990659
11.946,0.1,0.100914721294908,-0.265473227323722
11.948,0.1,0.100915156410274,-0.262569425586929
11.95,0.1,0.100917490103148,-0.252844066311118
11.952,0.1,0.100921693798582,-0.236418320016163
11.954,0.1,0.100927745150012,-0.213392291381124
11.956,0.1,0.100935249981615,-0.185193558828315
11.958,0.1,0.10094414459507,-0.152071736825851
11.96,0.1,0.100954126896542,-0.115130539665243
11.962,0.1,0.100964903424932,-0.0754444294509037
11.964,0.1,0.10097614717508,-0.0342045620012772
11.966,0.1,0.100987573705541,0.00753336535902602
11.968,0.1,0.100998886108296,0.0486915582948056
11.97,0.1,0.101009813294817,0.0882753775175863
11.972,0.1,0.101020084423608,0.125302894050268
11.974,0.1,0.101029370992763,0.158587106454768
11.976,0.1,0.101037535726487,0.187672484593927
11.978,0.1,0.101044226389019,0.211303990912274
11.98,0.1,0.101049349935813,0.229193505700113
11.982,0.1,0.101052694785172,0.240614838122077
11.984,0.1,0.101054141375847,0.245175379272369
11.986,0.1,0.101053727384551,0.243043262586202
11.988,0.1,0.101051444720867,0.234214979081312
11.99,0.1,0.101047355222245,0.218935034893109
11.992,0.1,0.101041567764925,0.19761454669832
11.994,0.1,0.101034192112969,0.170670194165877
11.996,0.1,0.101025454985992,0.138935771816836
11.998,0.1,0.101015640484976,0.103445637611717
12,0.1,0.101004972342618,0.0650266656753449
12.002,0.1,0.100993766746722,0.0248326567575575
12.004,0.1,0.100982344129381,-0.0159686683694819
12.006,0.1,0.100971007604501,-0.0562758031466039
12.008,0.1,0.100960052873496,-0.0950156420344511
12.01,0.1,0.100949768627708,-0.131146445682192
12.012,0.1,0.100940467327516,-0.163543098685127
12.014,0.1,0.100932402089341,-0.191313679579222
12.016,0.1,0.10092579283492,-0.213690032328565
12.018,0.1,0.100920799004158,-0.230125101162096
12.02,0.1,0.100917569383592,-0.240108746963449
12.022,0.1,0.100916179271665,-0.243396110088102
12.024,0.1,0.100916561007541,-0.24025699913754
12.026,0.1,0.100918791509584,-0.230435088265683
12.028,0.1,0.10092272332489,-0.214486176879304
12.03,0.1,0.100928252486784,-0.192808940954799
12.032,0.1,0.100935259461615,-0.165861246075132
12.034,0.1,0.10094356528542,-0.134314070314569
12.036,0.1,0.100952917352237,-0.0991005481808189
12.038,0.1,0.100963047046599,-0.0612097940860343
12.04,0.1,0.100973617545215,-0.0218643107124977
12.042,0.1,0.10098431051629,0.0177675395691303
12.044,0.1,0.100994785319069,0.0564640536798233
12.046,0.1,0.10100472478728,0.0930826726340052
12.048,0.1,0.101013744434923,0.126240881780358
12.05,0.1,0.101021622163154,0.155169414293792
12.052,0.1,0.101028020793643,0.178671124814498
12.054,0.1,0.101032692793426,0.195885640729385
12.056,0.1,0.101035618796035,0.206780331392893
12.058,0.1,0.101036627968957,0.210769784816131
12.06,0.1,0.101035773752934,0.208076562463037
12.062,0.1,0.10103301248647,0.198574696128173
12.064,0.1,0.101028491181676,0.182819109699362
12.066,0.1,0.101022245561649,0.160974881084137
12.068,0.1,0.101014558121221,0.134078646754415
12.07,0.1,0.101005529483214,0.102529448365848
12.072,0.1,0.100995382482571,0.0671620423501259
12.074,0.1,0.100984462448158,0.0292286150068195
12.076,0.1,0.100973047611719,-0.0102529334102988
12.078,0.1,0.100961451804287,-0.0501307055528049
12.08,0.1,0.100950016357892,-0.0891841778825395
12.082,0.1,0.100939046301788,-0.126322977022773
12.084,0.1,0.100928925840057,-0.160166681132172
12.086,0.1,0.100919889789506,-0.189914655647463
12.088,0.1,0.100912304844557,-0.214268205114396
12.09,0.1,0.100906363820509,-0.232580654770964
12.092,0.1,0.100902278487695,-0.244131409341112
12.094,0.1,0.100900075761688,-0.248865457020984
12.096,0.1,0.100899944286061,-0.246137793253987
12.098,0.1,0.100901760719534,-0.236421208323067
12.1,0.1,0.100905424874349,-0.220096425869823
12.102,0.1,0.100910927415001,-0.19722235219056
12.104,0.1,0.100917963294344,-0.168912669280941
12.106,0.1,0.100926404067433,-0.135656208282933
12.108,0.1,0.100935989030431,-0.0984163083099276
12.11,0.1,0.100946372272108,-0.05845124456941
12.112,0.1,0.100957292540325,-0.0167261144366332
12.114,0.1,0.100968453225927,0.0256600591829554
12.116,0.1,0.100979541898526,0.0675721023084048
12.118,0.1,0.100990279067157,0.107988332954788
12.12,0.1,0.101000384013176,0.145894716363126
12.122,0.1,0.101009509905646,0.180040848636342
12.124,0.1,0.101017493892364,0.20988367015995
12.126,0.1,0.10102397923517,0.234154280121288
12.128,0.1,0.101028770968025,0.252198896403646
12.13,0.1,0.101031819944632,0.263886554711102
12.132,0.1,0.101032951070491,0.268620075411244
12.134,0.1,0.101032063062951,0.266068011614878
12.136,0.1,0.101029262055313,0.256638027364316
12.138,0.1,0.10102459278903,0.240510218633093
12.14,0.1,0.101018184207765,0.218164525686912
12.142,0.1,0.101010195659924,0.190190287519528
12.144,0.1,0.101000840623878,0.157370560151526
12.146,0.1,0.100990389590213,0.120692123622455
12.148,0.1,0.100979133085592,0.0812135077816043
12.15,0.1,0.100967367696829,0.0400194639031712
12.152,0.1,0.100955414333453,-0.00172029725339907
12.154,0.1,0.100943566606972,-0.0429362310225641
12.156,0.1,0.100932107503903,-0.0825990038825191
12.158,0.1,0.100921313426919,-0.119708992176097
12.16,0.1,0.100911486253976,-0.153178878899512
12.162,0.1,0.100902868812098,-0.182153230710915
12.164,0.1,0.10089568447284,-0.20585168327647
12.166,0.1,0.100890082290617,-0.223766055820251
12.168,0.1,0.100886237521873,-0.235291540982002
12.17,0.1,0.100884214233764,-0.240224128114646
12.172,0.1,0.100884037263756,-0.238496895039703
12.174,0.1,0.100885689659493,-0.230190241001341
12.176,0.1,0.100889082772507,-0.21564076268339
12.178,0.1,0.100894111568225,-0.195243010954891
12.18,0.1,0.10090070660948,-0.169267678036688
12.182,0.1,0.100908611268701,-0.138654347431753
12.184,0.1,0.100917620072766,-0.104163067656715
12.186,0.1,0.10092742614016,-0.0669102047732938
12.188,0.1,0.100937766282707,-0.0278640851458859
12.19,0.1,0.100948305678104,0.0117542817904391
12.192,0.1,0.10095872664315,0.0507938278927859
12.194,0.1,0.100968717676921,0.0881233866247935
12.196,0.1,0.100977965360484,0.122612863332278
12.198,0.1,0.100986177435056,0.153219407005606
12.2,0.1,0.100993033994534,0.178803287440008
12.202,0.1,0.100998435676292,0.199040308807272
12.204,0.1,0.101002107614547,0.212961267779061
12.206,0.1,0.101004013111804,0.220467164303304
12.208,0.1,0.101004155660729,0.221597481238419
12.21,0.1,0.101002392452457,0.215864724800589
12.212,0.1,0.100998862674563,0.203796978701666
12.214,0.1,0.10099368565109,0.185848584766412
12.216,0.1,0.100986920763857,0.162264783819699
12.218,0.1,0.100978736039458,0.133680151487072
12.22,0.1,0.100969373891578,0.10098930196352
12.222,0.1,0.100959054468442,0.0650137129335608
12.224,0.1,0.100948110420368,0.0269577418201993
12.226,0.1,0.100936835144328,-0.0121090703870443
12.228,0.1,0.100925567193875,-0.0509552994674449
12.23,0.1,0.100914638518779,-0.0883962926121709
12.232,0.1,0.100904420574188,-0.123096810394666
12.234,0.1,0.100895193023551,-0.154082938913652
12.236,0.1,0.100887246292809,-0.180332301144603
12.238,0.1,0.100880877322282,-0.200804365466989
12.24,0.1,0.100876320783236,-0.214690743912222
12.242,0.1,0.100873585929961,-0.221995002363156
12.244,0.1,0.100872820681685,-0.222214604527714
12.246,0.1,0.100874035009793,-0.215342494634969
12.248,0.1,0.10087709167117,-0.201894096462347
12.25,0.1,0.100881909785776,-0.182182979841742
12.252,0.1,0.100888316065773,-0.156855849951748
12.254,0.1,0.100896200458641,-0.126341294738416
12.256,0.1,0.100905280247035,-0.0916784158499827
12.258,0.1,0.100915318620333,-0.0537511763813269
12.26,0.1,0.100925972631334,-0.0137977391152108
12.262,0.1,0.100937002807468,0.0272798160291903
12.264,0.1,0.100948066059212,0.0682292374074373
12.266,0.1,0.100958860200702,0.107968051016365
12.268,0.1,0.100969053957856,0.145291572808634
12.27,0.1,0.100978363324587,0.179203044756686
12.272,0.1,0.100986499515642,0.208684697788635
12.274,0.1,0.10099317680483,0.232738805521874
12.276,0.1,0.100998103192494,0.250353210561385
12.278,0.1,0.101001262078378,0.261519459504776
12.28,0.1,0.10100247143348,0.265616545870586
12.282,0.1,0.101001597022673,0.262196563128182
12.284,0.1,0.100998811904201,0.251909792594101
12.286,0.1,0.100994161646346,0.234939421622662
12.288,0.1,0.100987738410758,0.211635403320927
12.29,0.1,0.100979731113847,0.182695628109544
12.292,0.1,0.100970378552104,0.148993798684627
12.294,0.1,0.100959910387189,0.111376169742171
12.296,0.1,0.100948682051968,0.0711304175696253
12.298,0.1,0.100936962694108,0.0292429763026471
12.3,0.1,0.100925060439249,-0.0131532038981935
12.302,0.1,0.100913280765933,-0.0549504944462134
12.304,0.1,0.100901905170203,-0.095121905778483
12.306,0.1,0.100891192948688,-0.132733665238865
12.308,0.1,0.100881456513759,-0.166659670800412
12.31,0.1,0.10087293631778,-0.19605532168097
12.312,0.1,0.10086588823154,-0.220024967595424
12.314,0.1,0.100860415471327,-0.238233064206601
12.316,0.1,0.100856751355062,-0.249866869051017
12.318,0.1,0.100854961725084,-0.25471987004676
12.32,0.1,0.100855023867769,-0.25289764477416
12.322,0.1,0.10085699058221,-0.244228278937475
12.324,0.1,0.100860788661147,-0.228990505177212
12.326,0.1,0.100866253444293,-0.207788310344131
12.328,0.1,0.100873298401741,-0.18094677576379
12.33,0.1,0.100881691264455,-0.149314195298251
12.332,0.1,0.100891153582545,-0.113904035070545
12.334,0.1,0.100901437160811,-0.0756240233355566
12.336,0.1,0.100912243354644,-0.0355669756887154
12.338,0.1,0.100923255641406,0.00511028087726264
12.34,0.1,0.100934175186951,0.0453172201321868
12.342,0.1,0.100944701677123,0.0839557330761738
12.344,0.1,0.100954555196493,0.120012479475466
12.346,0.1,0.100963421455953,0.152350888369041
12.348,0.1,0.100971142317261,0.180424693565732
12.35,0.1,0.100977375261982,0.203007376258405
12.352,0.1,0.100982051189624,0.219884049971428
12.354,0.1,0.100984964027077,0.230335290475558
12.356,0.1,0.10098610971005,0.23437466937269
12.358,0.1,0.100985375958797,0.231619774112578
12.36,0.1,0.100982912416183,0.222632049528854
12.362,0.1,0.100978738811227,0.207501979921422
12.364,0.1,0.100972940867727,0.186559374325818
12.366,0.1,0.100965670392593,0.160372809502504
12.368,0.1,0.100957116479307,0.129644698730761
12.37,0.1,0.100947536723012,0.0953195448341722
12.372,0.1,0.100937181971444,0.0583191515221858
12.374,0.1,0.10092638468772,0.019847301466193
12.376,0.1,0.100915452498154,-0.0189709901182996
12.378,0.1,0.100904713034977,-0.056960830171244
12.38,0.1,0.100894500478752,-0.0929153203695443
12.382,0.1,0.100885178416786,-0.125533939350534
12.384,0.1,0.100877005530669,-0.153912000489763
12.386,0.1,0.100870194861398,-0.177305485545247
12.388,0.1,0.100865109547582,-0.19442932611914
12.39,0.1,0.100861779772541,-0.205208054205518
12.392,0.1,0.10086031265928,-0.209281694482269
12.394,0.1,0.100860780803738,-0.206414894250067
12.396,0.1,0.100863071575033,-0.197034708544112
12.398,0.1,0.100867095409074,-0.181483378186563
12.4,0.1,0.100872836203182,-0.159848713224178
12.402,0.1,0.100880114572916,-0.132805500018884
12.404,0.1,0.100888663326243,-0.1013346836083
12.406,0.1,0.100898341447494,-0.065980728833849
12.408,0.1,0.100908821205647,-0.0279372055252243
12.41,0.1,0.100919823360009,0.0117702388376945
12.412,0.1,0.100931030006802,0.0519771724152709
12.414,0.1,0.100942096841873,0.0914419309763598
12.416,0.1,0.100952716188742,0.129064305393946
12.418,0.1,0.100962514557232,0.163499494490201
12.42,0.1,0.10097116998931,0.193616550292071
12.422,0.1,0.100978446498493,0.218601890207156
12.424,0.1,0.100984034943247,0.237370822261182
12.426,0.1,0.100987806023099,0.249500658976801
12.428,0.1,0.100989695876221,0.254797799392848
12.43,0.1,0.100989568228272,0.252802584943868
12.432,0.1,0.10098743351789,0.243582220671381
12.434,0.1,0.100983448757532,0.227723978928747
12.436,0.1,0.100977708222199,0.205587239516577
12.438,0.1,0.100970399002288,0.177865477255073
12.44,0.1,0.100961665841609,0.1451033331966
12.442,0.1,0.100951771134414,0.108266578074982
12.444,0.1,0.1009410617824,0.0686161668994297
12.446,0.1,0.100929810805275,0.0271499949558709
12.448,0.1,0.100918304309115,-0.0150730994823216
12.45,0.1,0.100906871372021,-0.0568616777164571
12.452,0.1,0.100895799239885,-0.0971716488461449
12.454,0.1,0.10088538344647,-0.134936659445344
12.456,0.1,0.100875878838382,-0.169254266414039
12.458,0.1,0.10086762423563,-0.198914529645953
12.46,0.1,0.100860803668204,-0.223291105560189
12.462,0.1,0.100855685928834,-0.24144827993748
12.464,0.1,0.100852316050759,-0.253262168562978
12.466,0.1,0.100850860456784,-0.258162430234793
12.468,0.1,0.100851386494612,-0.255932772414484
12.47,0.1,0.100853833483085,-0.24680907239547
12.472,0.1,0.100858125701674,-0.231075749159012
12.474,0.1,0.100864111986166,-0.209284609017653
12.476,0.1,0.100871684962132,-0.181832300610866
12.478,0.1,0.100880602663303,-0.149597591909759
12.48,0.1,0.100890557022476,-0.113696282381319
12.482,0.1,0.100901300767651,-0.0750316800461842
12.484,0.1,0.100912527953658,-0.0347209438619696
12.486,0.1,0.100923925487465,0.00608796635469875
12.488,0.1,0.100935203041237,0.0463385788247914
12.49,0.1,0.100946086420593,0.0850257713108279
12.492,0.1,0.100956303545657,0.12116152537389
12.494,0.1,0.100965554032113,0.153661028661018
12.496,0.1,0.100973670675714,0.181945421750977
12.498,0.1,0.10098031292811,0.204800573114786
12.5,0.1,0.100985418082346,0.222038168480662
12.502,0.1,0.100988709161212,0.232686596030123
12.504,0.1,0.100990280794987,0.237118584438172
12.506,0.1,0.10098995149262,0.234702985467355
12.508,0.1,0.100987822237254,0.225824037493162
12.51,0.1,0.100983895406541,0.210508775044164
12.512,0.1,0.100978347776882,0.189408097395289
12.514,0.1,0.100971271562517,0.162871928133453
12.516,0.1,0.100962881438763,0.131689173840966
12.518,0.1,0.100953420996444,0.0967517578799708
12.52,0.1,0.10094316298297,0.0590551700052068
12.522,0.1,0.100932395220171,0.0196509026892712
12.524,0.1,0.100921431623244,-0.0203134659822275
12.526,0.1,0.1009105857477,-0.0597060572825858
12.528,0.1,0.100900185765923,-0.0973294909200693
12.53,0.1,0.10089049971114,-0.132229187105406
12.532,0.1,0.100881875420543,-0.163151832445339
12.534,0.1,0.100874536616068,-0.189313445143761
12.536,0.1,0.100868746896369,-0.209782777031675
12.538,0.1,0.100864652831335,-0.224057139161301
12.54,0.1,0.100862307060515,-0.231971179402181
12.542,0.1,0.100861852311699,-0.233028604556321
12.544,0.1,0.100863218188725,-0.22750395579393
12.546,0.1,0.100866355226923,-0.215593352410661
12.548,0.1,0.100871142613641,-0.197750835573503
12.55,0.1,0.100877541198635,-0.174141867869353
12.552,0.1,0.100885362843714,-0.145469300416789
12.554,0.1,0.100894384826544,-0.11255742899942
12.556,0.1,0.100904385912978,-0.0762290743627768
12.558,0.1,0.100915025721821,-0.0377189931975851
12.56,0.1,0.100926024532005,0.00194599635497589
12.562,0.1,0.100937025090385,0.0414666597313741
12.564,0.1,0.100947693005841,0.0796452437138798
12.566,0.1,0.100957707884274,0.11533214234607
12.568,0.1,0.10096668081719,0.147135836332575
12.57,0.1,0.100974371155665,0.174218840127716
12.572,0.1,0.100980519359815,0.195670645495733
12.574,0.1,0.10098485441762,0.210544354892857
12.576,0.1,0.10098736876908,0.218844843312294
12.578,0.1,0.100987910770166,0.220053943214387
12.58,0.1,0.100986506698483,0.214292496854704
12.582,0.1,0.100983245793192,0.201903639485204
12.584,0.1,0.100978200598723,0.183170240732836
12.586,0.1,0.100971558949393,0.158788201449143
12.588,0.1,0.100963413093324,0.129118771515545
12.59,0.1,0.100954031657456,0.0951473961644003
12.592,0.1,0.100943658421567,0.0577768122443185
12.594,0.1,0.100932631730078,0.0182312518881775
12.596,0.1,0.100921227205771,-0.0224763096682796
12.598,0.1,0.100909774515367,-0.0631425528535158
12.6,0.1,0.100898587385346,-0.102641854087415
12.602,0.1,0.100887982417109,-0.139832231717776
12.604,0.1,0.100878251999167,-0.173679270720449
12.606,0.1,0.100869690320316,-0.203143449920927
12.608,0.1,0.100862605280112,-0.227143052944906
12.61,0.1,0.100857220394749,-0.244913111933555
12.612,0.1,0.100853628371047,-0.256160446096361
12.614,0.1,0.10085194954858,-0.260483798326221
12.616,0.1,0.100852345040391,-0.257331227542383
12.618,0.1,0.100854651103178,-0.247312354690104
12.62,0.1,0.100858821884182,-0.230605366778418
12.622,0.1,0.100864809399847,-0.207395999698427
12.624,0.1,0.100872268231247,-0.17893474897041
12.626,0.1,0.100881101718833,-0.145583775566344
12.628,0.1,0.100891029141775,-0.108367439650164
12.63,0.1,0.100901727284217,-0.0684622693756954
12.632,0.1,0.100912903529537,-0.0269393006697614
12.634,0.1,0.100924254915185,0.0150893877735635
12.636,0.1,0.100935486565095,0.0565415761069303
12.638,0.1,0.100946319985979,0.0963996904638312
12.64,0.1,0.100956498604203,0.133735503073094
12.642,0.1,0.100965693861375,0.167359834359245
12.644,0.1,0.100973686042521,0.196506530214339
12.646,0.1,0.100980274849762,0.220480202222462
12.648,0.1,0.100985166018496,0.238248255826394
12.65,0.1,0.100988308795622,0.249666368715347
12.652,0.1,0.100989613167227,0.25443783064741
12.654,0.1,0.100988944366808,0.252101828621372
12.656,0.1,0.10098640392328,0.243042571048446
12.658,0.1,0.100982005405134,0.227323634826733
12.66,0.1,0.100975898440245,0.205494932807714
12.662,0.1,0.100968257764224,0.178196317732786
12.664,0.1,0.100959262898604,0.146086419179814
12.666,0.1,0.100949183150814,0.110145137145805
12.668,0.1,0.10093830266801,0.0714060321869496
12.67,0.1,0.100926906093994,0.0309087484223367
12.672,0.1,0.100915309055221,-0.0101936530653098
12.674,0.1,0.100903816725751,-0.050792841413252
12.676,0.1,0.100892716715569,-0.0898431969332092
12.678,0.1,0.100882301748959,-0.126284196478136
12.68,0.1,0.100872864245392,-0.159064128915133
12.682,0.1,0.100864675595154,-0.187217754880968
12.684,0.1,0.100857946337519,-0.210007309712153
12.686,0.1,0.100852811198113,-0.226970100053005
12.688,0.1,0.10084946066342,-0.237438043053382
12.69,0.1,0.100847942731556,-0.241258144404904
12.692,0.1,0.100848232109054,-0.238538113264134
12.694,0.1,0.100850304540516,-0.229379017047361
12.696,0.1,0.100854092541995,-0.214037864898294
12.698,0.1,0.10085953285318,-0.192758208487937
12.7,0.1,0.100866447818959,-0.166197276074854
12.702,0.1,0.100874650065329,-0.135047705955299
12.704,0.1,0.100883906061565,-0.100168113284688
12.706,0.1,0.100893942259634,-0.0625591714740442
12.708,0.1,0.100904433895295,-0.0234023452282491
12.71,0.1,0.100915055554164,0.0161135768665624
12.712,0.1,0.100925477566565,0.0548000718008204
12.714,0.1,0.100935375854117,0.0914841878960366
12.716,0.1,0.100944432852135,0.125026939935098
12.718,0.1,0.100952319188945,0.154252995645201
12.72,0.1,0.100958812842474,0.178384331878258
12.722,0.1,0.100963617467764,0.196373200513192
12.724,0.1,0.100966666906828,0.208011128386774
12.726,0.1,0.100967929037271,0.213205597603421
12.728,0.1,0.100967285730916,0.211553955670298
12.73,0.1,0.10096478914134,0.203265817048465
12.732,0.1,0.100960547056639,0.188747850877824
12.734,0.1,0.100954573962723,0.168078285083577
12.736,0.1,0.100947084892086,0.142053029253105
12.738,0.1,0.100938317628478,0.111543264592135
12.74,0.1,0.100928367981952,0.0769306163448862
12.742,0.1,0.10091762629455,0.0396224033933763
12.744,0.1,0.100906347010778,0.000555965183499556
12.746,0.1,0.100894863678936,-0.0390583595104545
12.748,0.1,0.100883509515799,-0.0780195411912909
12.75,0.1,0.100872587886974,-0.115240701399071
12.752,0.1,0.100862467197193,-0.149397284752098
12.754,0.1,0.100853474987883,-0.179334825525257
12.756,0.1,0.100845828254301,-0.20430597867869
12.758,0.1,0.100839842029928,-0.223202377067315
12.76,0.1,0.100835667524775,-0.235516900143637
12.762,0.1,0.100833367776056,-0.241054542513954
12.764,0.1,0.100833082456617,-0.239339159951008
12.766,0.1,0.100834774026459,-0.23052785029082
12.768,0.1,0.100838297508736,-0.215156483118252
12.77,0.1,0.100843655756629,-0.193232093032185
12.772,0.1,0.100850537772174,-0.165886155516565
12.774,0.1,0.100858764563799,-0.133778408046321
12.776,0.1,0.10086818614755,-0.0974747160284113
12.778,0.1,0.100878421829916,-0.0583552959525132
12.78,0.1,0.100889222923339,-0.0173373288956537
12.782,0.1,0.10090028471808,0.0244591242348671
12.784,0.1,0.100911294180448,0.0658906354545247
12.786,0.1,0.100921953554177,0.105869509199665
12.788,0.1,0.100931997836205,0.143445775581421
12.79,0.1,0.100941068372094,0.177323936864195
12.792,0.1,0.100948929425381,0.206684780841864
12.794,0.1,0.100955336689719,0.230675932176729
12.796,0.1,0.100960027196681,0.248382817097859
12.798,0.1,0.10096294092701,0.259629478161205
12.8,0.1,0.100963929990627,0.263911865053661
12.802,0.1,0.100962991419631,0.261244471223645
12.804,0.1,0.100960069992243,0.251447181687163
12.806,0.1,0.100955293135768,0.234991525321894
12.808,0.1,0.100948789867129,0.212351794092672
12.81,0.1,0.100940729946599,0.184149380023805
12.812,0.1,0.100931339695177,0.151207657118008
12.814,0.1,0.100920889508879,0.114508856168832
12.816,0.1,0.100909643295822,0.0750157939094382
12.818,0.1,0.100897925165013,0.0339048189672212
12.82,0.1,0.100886030942594,-0.00773960065211531
12.822,0.1,0.100874258690492,-0.0488357545235897
12.824,0.1,0.100862904798214,-0.088299606992995
12.826,0.1,0.100852237405851,-0.125163921226037
12.828,0.1,0.10084254130966,-0.158404349006497
12.83,0.1,0.100834072584888,-0.187111919263912
12.832,0.1,0.100827060314607,-0.210482249668347
12.834,0.1,0.10082163066163,-0.228086319821501
12.836,0.1,0.100817995643347,-0.239181573579818
12.838,0.1,0.100816203074326,-0.243617857945892
12.84,0.1,0.100816221994016,-0.241523294904737
12.842,0.1,0.100818061511214,-0.232877648558517
12.844,0.1,0.100821716833383,-0.217710037263265
12.846,0.1,0.100827014983769,-0.196652887250858
12.848,0.1,0.100833824531818,-0.170190561553689
12.85,0.1,0.10084195360159,-0.139025511899073
12.852,0.1,0.100851145096043,-0.104094721300368
12.854,0.1,0.100861143941228,-0.0663301704609083
12.856,0.1,0.100871637849655,-0.0268698892032561
12.858,0.1,0.100882307131918,0.0131201641185229
12.86,0.1,0.100892840353922,0.0525041768979681
12.862,0.1,0.100902929414713,0.0901630463012601
12.864,0.1,0.100912291676759,0.125076231199196
12.866,0.1,0.100920574043386,0.155967495048281
12.868,0.1,0.100927657958861,0.182435151857916
12.87,0.1,0.100933187753074,0.203203827381747
12.872,0.1,0.100937072328201,0.217972655983964
12.874,0.1,0.100939171255146,0.226257369496973
12.876,0.1,0.100939455211764,0.227973750179864
12.878,0.1,0.100937864858632,0.222926919190056
12.88,0.1,0.100934554997996,0.211692059436208
12.882,0.1,0.100929584562041,0.194497537582062
12.884,0.1,0.100922980171554,0.171461296420132
12.886,0.1,0.100915018292836,0.143594494844541
12.888,0.1,0.100905832076019,0.111398442233154
12.89,0.1,0.100895691460624,0.0758621592721751
12.892,0.1,0.100884919330718,0.0381561874673422
12.894,0.1,0.100873790481287,-0.000713913974955686
12.896,0.1,0.10086265500284,-0.0394802384904186
12.898,0.1,0.100851842837341,-0.076955197131863
12.9,0.1,0.10084166217649,-0.112037365977994
12.902,0.1,0.100832498992725,-0.143345961379058
12.904,0.1,0.100824620944197,-0.1699436357582
12.906,0.1,0.100818199462205,-0.191239896017536
12.908,0.1,0.100813602129518,-0.205934865586907
12.91,0.1,0.100810799493777,-0.214163847403335
12.912,0.1,0.100809942646563,-0.215406387978158
12.914,0.1,0.100811025312854,-0.209705691811648
12.916,0.1,0.100813970471021,-0.197354828485387
12.918,0.1,0.100818645889824,-0.17884336952851
12.92,0.1,0.10082497330092,-0.154474682244622
12.922,0.1,0.100832757136817,-0.124973385511328
12.924,0.1,0.100841726014779,-0.0913304867588853
12.926,0.1,0.100851732485721,-0.0541142226426454
12.928,0.1,0.100862382291131,-0.0147413902411903
12.93,0.1,0.100873439643644,0.0259069651117937
12.932,0.1,0.100884567792598,0.0666013630547613
12.934,0.1,0.100895449329996,0.106197745180528
12.936,0.1,0.100905765640057,0.143545195714202
12.938,0.1,0.10091521343395,0.177566588299998
12.94,0.1,0.100923484218466,0.207168496125961
12.942,0.1,0.100930267888927,0.231260065620158
12.944,0.1,0.100935316945769,0.248985447697742
12.946,0.1,0.10093858279181,0.260211389187725
12.948,0.1,0.100939902444029,0.264378991131183
12.95,0.1,0.100939281401981,0.261535356769059
12.952,0.1,0.100936626188502,0.251364305326352
12.954,0.1,0.100932116069936,0.234526771761715
12.956,0.1,0.100925861274638,0.211432238868828
12.958,0.1,0.100918081443598,0.182883338300701
12.96,0.1,0.100908901648482,0.149345206927605
12.962,0.1,0.100898614150542,0.111883724807917
12.964,0.1,0.100887572713759,0.0717794013802322
12.966,0.1,0.100876022081665,0.0299322129157856
12.968,0.1,0.100864287756985,-0.0124692173307419
12.97,0.1,0.100852673531344,-0.0543187928915885
12.972,0.1,0.100841465133,-0.0945753755597086
12.974,0.1,0.100830926543053,-0.13228636989118
12.976,0.1,0.100821369150194,-0.166329721708876
12.978,0.1,0.100813056860923,-0.195770639692333
12.98,0.1,0.100806194147505,-0.219897726592164
12.982,0.1,0.100800977538362,-0.238029198662913
12.984,0.1,0.100797567056144,-0.249615153348461
12.986,0.1,0.100796060448072,-0.254327319600259
12.988,0.1,0.100796422469983,-0.252310474666635
12.99,0.1,0.100798670764132,-0.24351304673568
12.992,0.1,0.100802736778801,-0.228190205624635
12.994,0.1,0.100808542903681,-0.206627911906703
12.996,0.1,0.100815876227458,-0.179597525949617
12.998,0.1,0.100824550725648,-0.147775329202349
13,0.1,0.100834261693836,-0.112263830198854
13.002,0.1,0.100844786227991,-0.0738775087551157
13.004,0.1,0.100855786898578,-0.0338424224100468
13.006,0.1,0.100866960156285,0.00673046890233187
13.008,0.1,0.100878006959718,0.0467487618020846
13.01,0.1,0.100888639056126,0.0851601535007647
13.012,0.1,0.100898588715015,0.120992948413315
13.014,0.1,0.100907566807039,0.153202113528437
13.016,0.1,0.1009153315712,0.180927651611907
13.018,0.1,0.10092164205602,0.203318392006978
13.02,0.1,0.100926354503375,0.219880770516122
13.022,0.1,0.100929274522417,0.229936661500588
13.024,0.1,0.100930474005891,0.233768617867168
13.026,0.1,0.100929772474662,0.230742683532527
13.028,0.1,0.100927263621915,0.221212599124416
13.03,0.1,0.100923034248482,0.205504581983573
13.032,0.1,0.100917216029727,0.184105545982163
13.034,0.1,0.100909897986285,0.157352632664887
13.036,0.1,0.100901283873644,0.125995118510392
13.038,0.1,0.100891682089539,0.0911530623872408
13.04,0.1,0.100881300840319,0.0535942477992419
13.042,0.1,0.100870473973794,0.0145306279427009
13.044,0.1,0.100859520933686,-0.0248742175930642
13.046,0.1,0.100848759262167,-0.0634734387759511
13.048,0.1,0.100838529402088,-0.100033186741612
13.05,0.1,0.100829111338002,-0.133556858464137
13.052,0.1,0.100820887560245,-0.162673507747013
13.054,0.1,0.100813994736704,-0.186917787603244
13.056,0.1,0.100808761540589,-0.205121510237269
13.058,0.1,0.100805329880615,-0.216798264820793
13.06,0.1,0.100803727342765,-0.221869624404248
13.062,0.1,0.100804046855044,-0.220018377897203
13.064,0.1,0.100806186700313,-0.211626132258459
13.066,0.1,0.100810105568236,-0.196856386206827
13.068,0.1,0.100815696585468,-0.176111050417823
13.07,0.1,0.100822806703066,-0.149961960757255
13.072,0.1,0.100831269730401,-0.119030027267549
13.074,0.1,0.100840892451164,-0.0840366815979492
13.076,0.1,0.10085134127537,-0.0461954434435302
13.078,0.1,0.10086236077396,-0.0064500127906903
13.08,0.1,0.100873606529063,0.0339536103313252
13.082,0.1,0.100884751893148,0.0738264423409261
13.084,0.1,0.100895455808344,0.111937511940917
13.086,0.1,0.10090534974113,0.146964795809889
13.088,0.1,0.100914153821225,0.17792728177543
13.09,0.1,0.100921637552583,0.204018034170266
13.092,0.1,0.100927390753896,0.223777052710666
13.094,0.1,0.100931360460822,0.237051726517683
13.096,0.1,0.100933484994832,0.243646536847443
13.098,0.1,0.100933592250272,0.242965324813715
13.1,0.1,0.100931676758655,0.235010917262799
13.102,0.1,0.100927939982764,0.220523774718199
13.104,0.1,0.100922466693825,0.199822862716064
13.106,0.1,0.100915338670114,0.173221338784401
13.108,0.1,0.100906826074904,0.141705145501397
13.11,0.1,0.100897124020593,0.105994785831079
13.112,0.1,0.100886541568054,0.0672165659976458
13.114,0.1,0.10087538263971,0.0264753071258203
13.116,0.1,0.100863939712706,-0.0151553092828845
13.118,0.1,0.100852539877459,-0.0564879817391408
13.12,0.1,0.100841480018519,-0.096444773015209
13.122,0.1,0.100831050647565,-0.133979024145038
13.124,0.1,0.100821549580119,-0.16802566136094
13.126,0.1,0.100813263548024,-0.197568477697962
13.128,0.1,0.100806437803419,-0.221749775041566
13.13,0.1,0.10080129415437,-0.239801960808444
13.132,0.1,0.100797955389255,-0.251314129389671
13.134,0.1,0.100796518427479,-0.255963973129625
13.136,0.1,0.100797069428877,-0.253462560705605
13.138,0.1,0.100799524573415,-0.244124665485705
13.14,0.1,0.100803878495035,-0.227978326375638
13.142,0.1,0.100809946778655,-0.205691405605318
13.144,0.1,0.100817551605722,-0.17790865311308
13.146,0.1,0.100826506118648,-0.14530813777119
13.148,0.1,0.100836492756804,-0.109038071365945
13.15,0.1,0.100847259867162,-0.0700153084192104
13.152,0.1,0.100858489253824,-0.0293979481913495
13.154,0.1,0.100869878812398,0.0117050073811997
13.156,0.1,0.100881138296038,0.0522357641454142
13.158,0.1,0.100891994986264,0.0911941973462414
13.16,0.1,0.100902166985521,0.12755412317405
13.162,0.1,0.100911338998114,0.160176009193454
13.164,0.1,0.100919383037954,0.188624163686482
13.166,0.1,0.100925944356506,0.211629090376521
13.168,0.1,0.100930905500838,0.228799562089908
13.17,0.1,0.100934067163841,0.239443304673056
13.172,0.1,0.10093544150251,0.243629288491294
13.174,0.1,0.10093489660302,0.240900693922692
13.176,0.1,0.100932510881781,0.231554738449804
13.178,0.1,0.100928355233272,0.215857830191652
13.18,0.1,0.100922567835571,0.194316573198298
13.182,0.1,0.100915230086282,0.167235992153882
13.184,0.1,0.100906588725241,0.135514371983673
13.186,0.1,0.100896885903956,0.100034930180643
13.188,0.1,0.100886407803929,0.0618386367662476
13.19,0.1,0.100875438227322,0.0219614047275934
13.192,0.1,0.100864290411872,-0.0184534547213021
13.194,0.1,0.100853280006221,-0.0582570649230752
13.196,0.1,0.100842705872127,-0.0963670837911839
13.198,0.1,0.100832851582631,-0.131760602918302
13.2,0.1,0.100824062974358,-0.163190791659646
13.202,0.1,0.10081655136706,-0.189914462455857
13.204,0.1,0.100810565669184,-0.211050491948307
13.206,0.1,0.100806272650664,-0.226017300198377
13.208,0.1,0.100803755686125,-0.234532984758802
13.21,0.1,0.100803107711384,-0.23627658522454
13.212,0.1,0.100804270089087,-0.231473099221709
13.214,0.1,0.100807208847011,-0.220256083059972
13.216,0.1,0.100811822928867,-0.203001956375241
13.218,0.1,0.100818094631389,-0.179791842727522
13.22,0.1,0.100825728727193,-0.151704626050275
13.222,0.1,0.100834634202664,-0.119089714702277
13.224,0.1,0.100844496642192,-0.0830944472609509
13.226,0.1,0.100855033306566,-0.0447503628193714
13.228,0.1,0.100865953954422,-0.00511924696822029
13.23,0.1,0.10087690602983,0.0345207299411984
13.232,0.1,0.100887556137658,0.0729637204472757
13.234,0.1,0.100897559705756,0.108968640603063
13.236,0.1,0.100906558570769,0.14125535047155
13.238,0.1,0.100914366113623,0.169174623563808
13.24,0.1,0.100920620551343,0.191437041264969
13.242,0.1,0.100925106318635,0.207292232544621
13.244,0.1,0.100927816848952,0.21674156709992
13.246,0.1,0.100928601497715,0.21926393494476
13.248,0.1,0.100927445791914,0.214828197311903
13.25,0.1,0.100924428498053,0.203734885699337
13.252,0.1,0.100919646590339,0.186348316156528
13.254,0.1,0.100913151066981,0.162874913592133
13.256,0.1,0.100905239601679,0.134397442013995
13.258,0.1,0.100896056820987,0.101456804043093
13.26,0.1,0.100885813183075,0.0648356174785463
13.262,0.1,0.100874872051585,0.0258465880326336
13.264,0.1,0.100863519654166,-0.0144658631564569
13.266,0.1,0.100852071143308,-0.054953306472052
13.268,0.1,0.100840857915966,-0.0944139933037604
13.27,0.1,0.100830173447494,-0.131798553140332
13.272,0.1,0.100820380543975,-0.165801719102996
13.274,0.1,0.100811757885922,-0.195444589166524
13.276,0.1,0.100804508317937,-0.220025953743388
13.278,0.1,0.100798967454926,-0.238360197241585
13.28,0.1,0.100795256191189,-0.250048191065708
13.282,0.1,0.100793430304328,-0.254918427377656
13.284,0.1,0.100793655104923,-0.252398284606166
13.286,0.1,0.10079579145247,-0.243004793795482
13.288,0.1,0.100799800680027,-0.226886549980111
13.29,0.1,0.100805625200851,-0.204259552117607
13.292,0.1,0.100812944765049,-0.176282767523708
13.294,0.1,0.100821597387086,-0.143548061422037
13.296,0.1,0.10083141503453,-0.106677351025804
13.298,0.1,0.100841955722965,-0.0672648339594008
13.3,0.1,0.100853024174244,-0.0260368068517056
13.302,0.1,0.100864292964251,0.0158074877206663
13.304,0.1,0.100875462158919,0.0571725317818861
13.306,0.1,0.100886254158214,0.0970411789723892
13.308,0.1,0.100896394904549,0.134419446532281
13.31,0.1,0.100905544551236,0.168079525873227
13.312,0.1,0.100913539631506,0.197459404091879
13.314,0.1,0.10092005555323,0.22140449971323
13.316,0.1,0.100924876802014,0.239170924710691
13.318,0.1,0.100927959971479,0.250634462253522
13.32,0.1,0.100929104709617,0.255097096821198
13.322,0.1,0.100928283301487,0.252480615061474
13.324,0.1,0.100925593532303,0.243150539876547
13.326,0.1,0.10092107090676,0.227244118023681
13.328,0.1,0.100914839033233,0.205213551200677
13.33,0.1,0.100907040720338,0.177580896791986
13.332,0.1,0.100897913778395,0.145209413166722
13.334,0.1,0.100887714139451,0.109028908028897
13.336,0.1,0.100876720815549,0.0700534054950155
13.338,0.1,0.100865231618703,0.0293678999757327
13.34,0.1,0.100853557383783,-0.0118929832100896
13.342,0.1,0.1008419974901,-0.052639499479606
13.344,0.1,0.100830838300727,-0.0918294819506679
13.346,0.1,0.100820369433327,-0.128412979271675
13.348,0.1,0.100810887848941,-0.161320182900279
13.35,0.1,0.100802652581096,-0.189629783615656
13.352,0.1,0.100795877740024,-0.212588142533144
13.354,0.1,0.100790715408859,-0.229666804795327
13.356,0.1,0.10078733762236,-0.240262610804629
13.358,0.1,0.100785810302631,-0.244153966732245
13.36,0.1,0.100786100360246,-0.241472908615221
13.362,0.1,0.100788190408085,-0.232291560240201
13.364,0.1,0.100792012544186,-0.216863822595159
13.366,0.1,0.100797494317533,-0.195460933354061
13.368,0.1,0.100804472122705,-0.168684530608244
13.37,0.1,0.100812749060898,-0.137256947910406
13.372,0.1,0.100822065015587,-0.102127740166518
13.374,0.1,0.100832155198998,-0.0642633162501458
13.376,0.1,0.100842711081844,-0.0247877538433509
13.378,0.1,0.100853405209588,0.0151055382286881
13.38,0.1,0.100863915594752,0.0542483504948888
13.382,0.1,0.100873921555022,0.0914777302984521
13.384,0.1,0.100883096013283,0.125614115270965
13.386,0.1,0.100891121217862,0.155520650041487
13.388,0.1,0.100897843021198,0.180661101544881
13.39,0.1,0.100902921721776,0.199823924568241
13.392,0.1,0.100906228422265,0.212568734053512
13.394,0.1,0.100907767837962,0.218933259989002
13.396,0.1,0.100907410568356,0.218469047378787
13.398,0.1,0.100905203565942,0.211362123876704
13.4,0.1,0.100901213087413,0.197866108327409
13.402,0.1,0.100895569814524,0.178465830965668
13.404,0.1,0.10088831966908,0.153348998261888
13.406,0.1,0.100879751053952,0.123566367176617
13.408,0.1,0.100870021611703,0.0897058747314032
13.41,0.1,0.10085944344074,0.0529018323279163
13.412,0.1,0.100848288645052,0.0141503977049735
13.414,0.1,0.100836895065739,-0.0253274519267334
13.416,0.1,0.100825594792928,-0.0643238230621543
13.418,0.1,0.100814710568924,-0.101681046446088
13.42,0.1,0.100804603729029,-0.136100213747469
13.422,0.1,0.100795529485297,-0.166688488990627
13.424,0.1,0.100787793357403,-0.192363153967607
13.426,0.1,0.100781706487252,-0.212029147920385
13.428,0.1,0.100777354913531,-0.225409278805065
13.43,0.1,0.100774959585264,-0.231733356337938
13.432,0.1,0.100774474135237,-0.231191338610883
13.434,0.1,0.100775959648305,-0.22358065292872
13.436,0.1,0.100779344536395,-0.209171247796123
13.438,0.1,0.100784467513312,-0.188553048491955
13.44,0.1,0.100791231277999,-0.16209230156507
13.442,0.1,0.100799321919689,-0.130927409724728
13.444,0.1,0.100808621128167,-0.0955065572827663
13.446,0.1,0.100818814256648,-0.0569781503102491
13.448,0.1,0.100829617105051,-0.0163842063768427
13.45,0.1,0.10084071275663,0.0251209270165583
13.452,0.1,0.100851802389272,0.0664380146662937
13.454,0.1,0.100862575300572,0.106435274769783
13.456,0.1,0.100872757657739,0.144129989450133
13.458,0.1,0.100881980287772,0.178187931736805
13.46,0.1,0.100890003304471,0.207772721637727
13.462,0.1,0.100896591888042,0.232063642049035
13.464,0.1,0.100901455281661,0.25003978700248
13.466,0.1,0.100904520391625,0.261473967790506
13.468,0.1,0.100905652537915,0.265906707445715
13.47,0.1,0.10090484742047,0.26334447507433
13.472,0.1,0.100902070858977,0.253679048559551
13.474,0.1,0.100897435963155,0.237327790016694
13.476,0.1,0.100891042270848,0.214656969041929
13.478,0.1,0.100883134944208,0.186556771655136
13.48,0.1,0.100873860694593,0.153564129907197
13.482,0.1,0.100863514408935,0.116749042562899
13.484,0.1,0.100852374479541,0.0771240523128698
13.486,0.1,0.100840747670759,0.0358054131565769
13.488,0.1,0.100828942834504,-0.00607742804772244
13.49,0.1,0.100817259889293,-0.0474345292633651
13.492,0.1,0.100805981634762,-0.0872338018911411
13.494,0.1,0.100795387289365,-0.124463992699304
13.496,0.1,0.10078578810963,-0.158003678687662
13.498,0.1,0.100777397899868,-0.18709782659325
13.5,0.1,0.100770461867188,-0.210880163610165
13.502,0.1,0.100765195901738,-0.228594267152792
13.504,0.1,0.100761660950137,-0.240043593883167
13.506,0.1,0.100759990395237,-0.244764665527523
13.508,0.1,0.100760231277795,-0.242602276995923
13.51,0.1,0.100762311878505,-0.233824478577858
13.512,0.1,0.100766164808593,-0.21868110009785
13.514,0.1,0.100771668084381,-0.19761714982769
13.516,0.1,0.10077874091856,-0.17093138901277
13.518,0.1,0.10078711000956,-0.139613615764001
13.52,0.1,0.100796562764783,-0.104439011140316
13.522,0.1,0.100806782523501,-0.0665550985918097
13.524,0.1,0.100817500163199,-0.0269453890884418
13.526,0.1,0.100828386401265,0.0131907162095094
13.528,0.1,0.100839132405827,0.0527253434880215
13.53,0.1,0.100849435314682,0.0905566012047278
13.532,0.1,0.10085901917035,0.125685733216507
13.534,0.1,0.100867536849049,0.15685652648088
13.536,0.1,0.100874865631583,0.183648544856586
13.538,0.1,0.100880654943515,0.204804752174254
13.54,0.1,0.100884797020468,0.219961705393359
13.542,0.1,0.100887155094075,0.228647007713071
13.544,0.1,0.100887726498123,0.230870291707355
13.546,0.1,0.100886423630243,0.226331089875702
13.548,0.1,0.100883338476606,0.215374854350124
13.55,0.1,0.100878553592606,0.198311850253001
13.552,0.1,0.100872191502331,0.175596914390336
13.554,0.1,0.100864397796293,0.147770064090853
13.556,0.1,0.100855371909622,0.11556485566487
13.558,0.1,0.100845380315564,0.0799545008850096
13.56,0.1,0.10083471798571,0.0420132252520279
13.562,0.1,0.100823693994985,0.00286315629327326
13.564,0.1,0.100812625552466,-0.0363404615697562
13.566,0.1,0.100801847845082,-0.0743857059060557
13.568,0.1,0.100791673078244,-0.110152067117393
13.57,0.1,0.100782449496691,-0.142392929861819
13.572,0.1,0.10077449829649,-0.169969457731573
13.574,0.1,0.100767958198619,-0.192407735419653
13.576,0.1,0.100763204220042,-0.208375846614545
13.578,0.1,0.10076023902501,-0.217889880466945
13.58,0.1,0.100759190456552,-0.220508921019626
13.582,0.1,0.100760098532191,-0.216105851009114
13.584,0.1,0.100762838321769,-0.205142253614619
13.586,0.1,0.100767319172798,-0.187955428414124
13.588,0.1,0.100773506311826,-0.164688872161246
13.59,0.1,0.100781146711861,-0.136268053935757
13.592,0.1,0.100790060764787,-0.10335930385424
13.594,0.1,0.100800030370886,-0.0667713469677438
13.596,0.1,0.100810729323107,-0.0276906809922131
13.598,0.1,0.100821881959235,0.0128697247970919
13.6,0.1,0.100833160913209,0.0537151228147773
13.602,0.1,0.100844246617094,0.093690808198388
13.604,0.1,0.100854804337147,0.131580985726291
13.606,0.1,0.100864485577957,0.166140055323509
13.608,0.1,0.100873030303845,0.196456541303795
13.61,0.1,0.100880171178494,0.221588950442949
13.612,0.1,0.100885616281497,0.240510330549475
13.614,0.1,0.10088922497333,0.2527470070795
13.616,0.1,0.100890965866531,0.258214164545983
13.618,0.1,0.100890664978601,0.256306656268482
13.62,0.1,0.10088836630568,0.247202158562169
13.622,0.1,0.100884232495835,0.231498802901114
13.624,0.1,0.100878363540327,0.209567006197423
13.626,0.1,0.100870886769107,0.181877935737447
13.628,0.1,0.100862037832488,0.149291148121575
13.63,0.1,0.100852014266933,0.112532861728208
13.632,0.1,0.100841195846858,0.0729770770380547
13.634,0.1,0.10082982886434,0.0315251392205705
13.636,0.1,0.100818226168696,-0.0106779734712352
13.638,0.1,0.100806705508119,-0.0524797263138701
13.64,0.1,0.100795557808887,-0.0928181701197806
13.642,0.1,0.10078508864612,-0.130586386847925
13.644,0.1,0.100775606889128,-0.16467675218946
13.646,0.1,0.100767254570901,-0.194600122273771
13.648,0.1,0.10076041245305,-0.218994033278307
13.65,0.1,0.100755231071188,-0.237346207784112
13.652,0.1,0.100751856975896,-0.249154046816914
13.654,0.1,0.10075035924646,-0.254190700903451
13.656,0.1,0.10075081255107,-0.252203646277312
13.658,0.1,0.10075317282536,-0.243362000256602
13.66,0.1,0.100757367322784,-0.227933800057827
13.662,0.1,0.100763257339437,-0.206421679091824
13.664,0.1,0.100770717825785,-0.179279882561077
13.666,0.1,0.100779521155076,-0.147331459607767
13.668,0.1,0.100789372817092,-0.111641096759658
13.67,0.1,0.100800009494957,-0.0731649333062999
13.672,0.1,0.100811131693139,-0.0329937732827478
13.674,0.1,0.100822421714051,0.00771009718484656
13.676,0.1,0.100833581476457,0.0478609033011437
13.678,0.1,0.100844330275,0.0864309385407584
13.68,0.1,0.100854389710863,0.122408025381907
13.682,0.1,0.100863464099125,0.154723853348942
13.684,0.1,0.100871367749512,0.182724681258365
13.686,0.1,0.100877770892167,0.205232729336417
13.688,0.1,0.100882570854074,0.221906139064721
13.69,0.1,0.100885570721433,0.232056936529318
13.692,0.1,0.100886823875986,0.235898801824892
13.694,0.1,0.100886178106451,0.232898485927343
13.696,0.1,0.100883680268429,0.223237985939937
13.698,0.1,0.100879432291434,0.207294661100772
13.7,0.1,0.100873576855637,0.185591388084436
13.702,0.1,0.100866223608071,0.158535017737424
13.704,0.1,0.10085757795638,0.126877083885019
13.706,0.1,0.100847917504748,0.0916271710933291
13.708,0.1,0.100837497429527,0.0537170350651658
13.71,0.1,0.100826619681082,0.0142472959577823
13.712,0.1,0.100815608692653,-0.0255997907570721
13.714,0.1,0.100804771888187,-0.0647124204494462
13.716,0.1,0.10079444697482,-0.101861516261875
13.718,0.1,0.100784910010742,-0.136061345909931
13.72,0.1,0.100776532587737,-0.165977076323839
13.722,0.1,0.100769451107919,-0.191141579898188
13.724,0.1,0.100763998561021,-0.210367724716413
13.726,0.1,0.100760327185753,-0.22312896559825
13.728,0.1,0.100758449791166,-0.229398140083347
13.73,0.1,0.100758483043998,-0.228768444813577
13.732,0.1,0.100760354191388,-0.221514585263817
13.734,0.1,0.100764008663905,-0.207844121391558
13.736,0.1,0.10076931466261,-0.188243894166216
13.738,0.1,0.100776234071571,-0.16287084676567
13.74,0.1,0.100784459534462,-0.132845905572341
13.742,0.1,0.100793908937877,-0.0984903653163811
13.744,0.1,0.10080421777353,-0.0611288053585951
13.746,0.1,0.100815126569922,-0.0217124858455909
13.748,0.1,0.100826313567575,0.0185863527848879
13.75,0.1,0.100837441014013,0.0585412500645355
13.752,0.1,0.100848172494252,0.0969359566299391
13.754,0.1,0.100858138089245,0.132439176595066
13.756,0.1,0.100867064883639,0.164089927192671
13.758,0.1,0.100874683497567,0.190934764974839
13.76,0.1,0.100880706612419,0.211958507283137
13.762,0.1,0.100884898107794,0.226336366098501
13.764,0.1,0.100887262608074,0.23411156462787
13.766,0.1,0.100887639088297,0.234725054898201
13.768,0.1,0.100886067827863,0.228340696489766
13.77,0.1,0.10088263315522,0.215276567530483
13.772,0.1,0.10087741909785,0.195848484217183
13.774,0.1,0.100870610440892,0.170734939353695
13.776,0.1,0.100862322501681,0.140368897604945
13.778,0.1,0.100852820624357,0.105718673244218
13.78,0.1,0.100842367495791,0.0677461117807553
13.782,0.1,0.100831286925904,0.027625572090576
13.784,0.1,0.100819875658234,-0.013561323412611
13.786,0.1,0.100808455502036,-0.0546393890774711
13.788,0.1,0.100797338940676,-0.0944772903651673
13.79,0.1,0.100786808441816,-0.132059400349251
13.792,0.1,0.100777227133084,-0.166076653677275
13.794,0.1,0.100768827436573,-0.19571621682452
13.796,0.1,0.100761805024458,-0.220297000918
13.798,0.1,0.100756522458653,-0.238533958136593
13.8,0.1,0.100752998610517,-0.250393915480884
13.802,0.1,0.10075140329118,-0.255288943392039
13.804,0.1,0.100751820779169,-0.25293637454319
13.806,0.1,0.100754143784022,-0.243734880624448
13.808,0.1,0.100758317993259,-0.227886694373519
13.81,0.1,0.100764251873215,-0.205725864100966
13.812,0.1,0.100771680774121,-0.178207940908512
13.814,0.1,0.100780498825921,-0.145720330982275
13.816,0.1,0.100790374254179,-0.109462922124257
13.818,0.1,0.10080104129274,-0.0704033337204911
13.82,0.1,0.100812177611878,-0.0297143249809701
13.822,0.1,0.100823489179486,0.0115251335992983
13.824,0.1,0.100834680450187,0.0522341270380421
13.826,0.1,0.100845474216489,0.0913980522053308
13.828,0.1,0.100855609435892,0.128069335945688
13.83,0.1,0.100864777104377,0.161130810526121
13.832,0.1,0.100872688079757,0.189553135963771
13.834,0.1,0.100879228682051,0.212954952274501
13.836,0.1,0.100884076760953,0.230195180223537
13.838,0.1,0.100887159370968,0.24104099967041
13.84,0.1,0.100888393599423,0.245215761596901
13.842,0.1,0.100887671708333,0.242349644504545
13.844,0.1,0.100885120343988,0.232910804123794
13.846,0.1,0.100880772626937,0.217027420842644
13.848,0.1,0.100874719454739,0.195034812452854
13.85,0.1,0.100867157050176,0.167646915763678
13.852,0.1,0.100858292484976,0.135617752512932
13.854,0.1,0.100848345658715,0.0997506097863547
13.856,0.1,0.100837636758198,0.0612062242554309
13.858,0.1,0.10082643723778,0.0209765532062334
13.86,0.1,0.10081506015505,-0.0197950897540521
13.862,0.1,0.100803816484132,-0.0599764560523222
13.864,0.1,0.100793001794018,-0.0984950685272271
13.866,0.1,0.100782897002658,-0.134336327936513
13.868,0.1,0.100773841296735,-0.166276637155331
13.87,0.1,0.100766054160663,-0.193541577530975
13.872,0.1,0.100759781634892,-0.215260059908971
13.874,0.1,0.100755172890174,-0.230913745124514
13.876,0.1,0.100752386606018,-0.239946347976678
13.878,0.1,0.100751461609104,-0.242232539651925
13.88,0.1,0.100752342314593,-0.237984294117933
13.882,0.1,0.10075501688212,-0.227252947408558
13.884,0.1,0.10075942986036,-0.210248199874655
13.886,0.1,0.100765520976366,-0.187200505636523
13.888,0.1,0.100772949284181,-0.159351344647625
13.89,0.1,0.100781711706062,-0.12673027622233
13.892,0.1,0.100791428876383,-0.09071536943904
13.894,0.1,0.100801878683138,-0.0521233559391384
13.896,0.1,0.100812724972248,-0.0121769001282075
13.898,0.1,0.100823629094656,0.0278897238869415
13.9,0.1,0.100834263294594,0.066892782728334
13.902,0.1,0.100844321845344,0.103728356766739
13.904,0.1,0.100853415828392,0.13699397839247
13.906,0.1,0.100861294649649,0.165805514170503
13.908,0.1,0.100867747160482,0.189419097278218
13.91,0.1,0.10087243103136,0.206618810685422
13.912,0.1,0.100875377819575,0.217543506824619
13.914,0.1,0.100876438152623,0.221673294722689
13.916,0.1,0.10087560810211,0.219011839061808
13.918,0.1,0.100872887826128,0.209575652662476
13.92,0.1,0.100868381610977,0.193753650675301
13.922,0.1,0.100862127854727,0.171702387680664
13.924,0.1,0.100854436365608,0.144548160231289
13.926,0.1,0.100845454079523,0.112835381613999
13.928,0.1,0.100835354073152,0.0772100056444178
13.93,0.1,0.100824506142659,0.0390074058163665
13.932,0.1,0.100813190033386,-0.000750229709643027
13.934,0.1,0.100801734357808,-0.0408676414586313
13.936,0.1,0.100790465197427,-0.080168671229269
13.938,0.1,0.100779681601443,-0.11757540529518
13.94,0.1,0.100769768013496,-0.151701855976868
13.942,0.1,0.100760930917865,-0.181834430131321
13.944,0.1,0.100753513511352,-0.206752297035002
13.946,0.1,0.100747773360215,-0.225556949899953
13.948,0.1,0.100743808079592,-0.23792970962434
13.95,0.1,0.100741710986773,-0.243559774852366
13.952,0.1,0.100741669034522,-0.241796551802065
13.954,0.1,0.100743577062637,-0.233034238393054
13.956,0.1,0.100747356436923,-0.217565086102477
13.958,0.1,0.100752870796566,-0.195887011065103
13.96,0.1,0.100759988357165,-0.168484517466719
13.962,0.1,0.100768459473949,-0.136264834235805
13.964,0.1,0.100778108282175,-0.0998778157970324
13.966,0.1,0.10078855082056,-0.0607126824573949
13.968,0.1,0.100799542181109,-0.0196698608229549
13.97,0.1,0.100810780847418,0.022141909835253
13.972,0.1,0.100821953791312,0.0635815622216759
13.974,0.1,0.100832777964772,0.103614028638846
13.976,0.1,0.100842973668172,0.141226031161564
13.978,0.1,0.100852189411532,0.175147046232694
13.98,0.1,0.100860247108134,0.2047632968447
13.982,0.1,0.100866832027604,0.2289559314694
13.984,0.1,0.100871692830726,0.246848762869948
13.986,0.1,0.100874804747278,0.258385891053089
13.988,0.1,0.100875968570456,0.26287124502626
13.99,0.1,0.100875151363346,0.260206554522176
13.992,0.1,0.100872447070983,0.250743019889432
13.994,0.1,0.100867900606182,0.234650445562494
13.996,0.1,0.100861625387048,0.212343930296117
13.998,0.1,0.100853798988632,0.184469966949075
14,0.1,0.100844635369393,0.151806817989356
14.002,0.1,0.100834390237082,0.115284079777177
14.004,0.1,0.100823342819889,0.075917642249518
14.006,0.1,0.100811811145791,0.0348634522195655
14.008,0.1,0.100800087765492,-0.00680884630382394
14.01,0.1,0.100788481145981,-0.0479743576522457
14.012,0.1,0.100777291359291,-0.08754071935862
14.014,0.1,0.100766779771301,-0.12456475021794
14.016,0.1,0.100757289646606,-0.157805734452682
14.018,0.1,0.100749007372948,-0.186609329001954
14.02,0.1,0.100742210515599,-0.209988416528635
14.022,0.1,0.100737069392328,-0.227349317626204
14.024,0.1,0.100733683398086,-0.23835248167836
14.026,0.1,0.100732197684073,-0.242488801679626
14.028,0.1,0.100732512237938,-0.240130469656475
14.03,0.1,0.100734692090203,-0.231051016080162
14.032,0.1,0.100738646435066,-0.215585043630434
14.034,0.1,0.10074421430337,-0.194319351192524
14.036,0.1,0.100751302467312,-0.167599311977287
14.038,0.1,0.100759713498319,-0.136146397246831
14.04,0.1,0.100769165706022,-0.100985257694269
14.042,0.1,0.100779365951664,-0.0631801699029455
14.044,0.1,0.100790041388345,-0.0237277451837682
14.046,0.1,0.100800858660189,0.0161553789872919
14.048,0.1,0.100811495655009,0.0553024767308637
14.05,0.1,0.100821643819562,0.0925918307719711
14.052,0.1,0.100831008841499,0.126961821716549
14.054,0.1,0.100839266707399,0.157247914569523
14.056,0.1,0.100846180976791,0.182613381246441
14.058,0.1,0.100851544359907,0.202329595432732
14.06,0.1,0.100855180987476,0.215783916279089
14.062,0.1,0.100856995938595,0.222655326045478
14.064,0.1,0.100856921827141,0.222719856868905
14.066,0.1,0.100855032180306,0.21625812193557
14.068,0.1,0.100851350893662,0.203369913877392
14.07,0.1,0.100845990858314,0.184474819591016
14.072,0.1,0.100839001660031,0.159770353861621
14.074,0.1,0.100830681918751,0.130341940670337
14.076,0.1,0.100821174827485,0.0967240179560686
14.078,0.1,0.100810756556752,0.0599274608695687
14.08,0.1,0.100799783132536,0.0212350250618415
14.082,0.1,0.100788518212795,-0.0183839423135432
14.084,0.1,0.100777310491561,-0.057666109678768
14.086,0.1,0.100766483834402,-0.0954431487890001
14.088,0.1,0.100756347089271,-0.13060848778026
14.09,0.1,0.100747277012901,-0.161813429426136
14.092,0.1,0.100739473074764,-0.188367281255007
14.094,0.1,0.100733221258288,-0.209259557751676
14.096,0.1,0.100728730276332,-0.223765198630309
14.098,0.1,0.100726155045738,-0.231351614451612
14.1,0.1,0.100725481356239,-0.232091377885777
14.102,0.1,0.100726772685605,-0.225772033463904
14.104,0.1,0.100729921241364,-0.212792300191702
14.106,0.1,0.100734858627026,-0.193408814402296
14.108,0.1,0.100741442380078,-0.168148262805547
14.11,0.1,0.100749384315792,-0.138058048133557
14.112,0.1,0.100758573299029,-0.103559247884878
14.114,0.1,0.1007687407997,-0.0656403814539312
14.116,0.1,0.100779512425682,-0.0256517473189795
14.118,0.1,0.100790670865304,0.015592268923926
14.12,0.1,0.100801870922437,0.0568332945918066
14.122,0.1,0.100812815042085,0.0969942675293405
14.124,0.1,0.100823171900876,0.134867948008294
14.126,0.1,0.100832613795924,0.169283374611594
14.128,0.1,0.100840899451643,0.199394761388875
14.13,0.1,0.10084776059438,0.224255409827394
14.132,0.1,0.100852872104514,0.242718102204496
14.134,0.1,0.100856214088027,0.254747844772525
14.136,0.1,0.100857628521575,0.259798276983123
14.138,0.1,0.100857097004853,0.257824071733133
14.14,0.1,0.100854605271961,0.248788679780816
14.142,0.1,0.100850254166475,0.233065309144341
14.144,0.1,0.100844154109706,0.211060067023419
14.146,0.1,0.100836529381358,0.183588889181259
14.148,0.1,0.100827523614702,0.15117862355056
14.15,0.1,0.100817394246324,0.114766699150157
14.152,0.1,0.100806453553318,0.0754870240453968
14.154,0.1,0.100794989297334,0.0343881772800576
14.156,0.1,0.100783321928216,-0.00736253132444822
14.158,0.1,0.100771755819976,-0.0486549879490181
14.16,0.1,0.100760584530343,-0.0884216681483375
14.162,0.1,0.100750076349897,-0.12569392464372
14.164,0.1,0.100740570237984,-0.159248167076989
14.166,0.1,0.100732251133296,-0.188437641639028
14.168,0.1,0.100725420070342,-0.212191963160058
14.17,0.1,0.100720251559189,-0.22990681595306
14.172,0.1,0.100716831450041,-0.241296059690001
14.174,0.1,0.100715331904589,-0.245757640885635
14.176,0.1,0.100715709176195,-0.243464111891571
14.178,0.1,0.100717956003814,-0.23445147386585
14.18,0.1,0.10072200320966,-0.218975965710805
14.182,0.1,0.100727724100108,-0.197499200502891
14.184,0.1,0.100735012020945,-0.170412152916805
14.186,0.1,0.100743632695908,-0.138564726837219
14.188,0.1,0.100753310511326,-0.102956332726496
14.19,0.1,0.100763755855181,-0.0646376596176358
14.192,0.1,0.100774686813722,-0.0246375519584194
14.194,0.1,0.100785779195112,0.015860291233945
14.196,0.1,0.100796728956943,0.0557486910385294
14.198,0.1,0.100807243367449,0.093958905390339
14.2,0.1,0.100817021813781,0.129398949259206
14.202,0.1,0.100825747007033,0.160924013089692
14.204,0.1,0.100833286059925,0.188076481162524
14.206,0.1,0.100839290253404,0.209606729484256
14.208,0.1,0.100843636987456,0.22509876468735
14.21,0.1,0.100846191377083,0.234088371440356
14.212,0.1,0.100846936914343,0.236535767487407
14.214,0.1,0.100845789176552,0.232151894415046
14.216,0.1,0.100842833158407,0.221256058695393
14.218,0.1,0.100838151987158,0.204158929522506
14.22,0.1,0.100831872254926,0.181327822328787
14.222,0.1,0.100824141295367,0.153306751232645
14.224,0.1,0.10081516292901,0.120843089762413
14.226,0.1,0.100805211375437,0.0849363723009351
14.228,0.1,0.100794564225733,0.046599708447437
14.23,0.1,0.100783537093727,0.0069805807709945
14.232,0.1,0.100772451873258,-0.032746968552027
14.234,0.1,0.100761629629817,-0.0714213046482563
14.236,0.1,0.100751365211339,-0.107981117881495
14.238,0.1,0.100742014094546,-0.141147165900597
14.24,0.1,0.1007338903412,-0.169803820778667
14.242,0.1,0.100727170871484,-0.193337304968529
14.244,0.1,0.100722187485511,-0.210570735046788
14.246,0.1,0.10071892733325,-0.221575143034812
14.248,0.1,0.100717608201767,-0.225583008883787
14.25,0.1,0.100718221718609,-0.222640547992055
14.252,0.1,0.100720669576769,-0.213112884456496
14.254,0.1,0.100724901975029,-0.197190073441533
14.256,0.1,0.100730821934101,-0.175234867437872
14.258,0.1,0.100738192840554,-0.148112662921454
14.26,0.1,0.100746927293043,-0.116160512874957
14.262,0.1,0.100756745019184,-0.0804055057469491
14.264,0.1,0.10076735087682,-0.0419254498035173
14.266,0.1,0.100778455963038,-0.0017759241122177
14.268,0.1,0.100789745749466,0.0388917432877037
14.27,0.1,0.100800893013312,0.0788948822205505
14.272,0.1,0.100811567273459,0.11703365777168
14.274,0.1,0.100821405564012,0.152003854877164
14.276,0.1,0.100830150750244,0.182904954975201
14.278,0.1,0.10083756378492,0.208895384038994
14.28,0.1,0.100843273181033,0.228654628695962
14.282,0.1,0.100847215340125,0.241987688855881
14.284,0.1,0.100849244689901,0.248394044036016
14.286,0.1,0.100849344947323,0.247837644390753
14.288,0.1,0.100847484812144,0.240223149654369
14.29,0.1,0.100843752645199,0.225881857725212
14.292,0.1,0.100838229407936,0.205117527008858
14.294,0.1,0.100831091832097,0.178580230637413
14.296,0.1,0.100822610012528,0.147252202825046
14.298,0.1,0.100812916801589,0.111628697398405
14.3,0.1,0.100802358642659,0.0729655728495317
14.302,0.1,0.100791195611997,0.0322141896899759
14.304,0.1,0.100779754448884,-0.00943279749355894
14.306,0.1,0.100768357976854,-0.0508055759333332
14.308,0.1,0.100757297856737,-0.090841350040897
14.31,0.1,0.100746857280552,-0.128518008326554
14.312,0.1,0.100737378304079,-0.162602190259905
14.314,0.1,0.100729078380169,-0.192330793384235
14.316,0.1,0.100722209673191,-0.216813930013592
14.318,0.1,0.100717028585113,-0.235152206927452
14.32,0.1,0.100713620742483,-0.247065089613795
14.322,0.1,0.100712074681756,-0.252255716447303
14.324,0.1,0.100712515035262,-0.250292857862968
14.326,0.1,0.100714823421188,-0.241613843474245
14.328,0.1,0.100718966598316,-0.226344801034616
14.33,0.1,0.100724850798478,-0.204827539775147
14.332,0.1,0.100732266103528,-0.177821066910437
14.334,0.1,0.100741023526217,-0.146010315471516
14.336,0.1,0.100750834929524,-0.110438014820651
14.338,0.1,0.100761429683872,-0.0720872967755131
14.34,0.1,0.100772499997484,-0.0320782148602659
14.342,0.1,0.100783739045889,0.00846533372627768
14.344,0.1,0.100794853073874,0.0484725215966261
14.346,0.1,0.100805563586883,0.0869237834652201
14.348,0.1,0.100815577210101,0.122751809837173
14.35,0.1,0.100824581086898,0.154828119754327
14.352,0.1,0.100832445237222,0.182706900778437
14.354,0.1,0.100838809943379,0.20510145161381
14.356,0.1,0.100843546236773,0.221576108909997
14.358,0.1,0.100846498064624,0.231593872530406
14.36,0.1,0.100847600218811,0.234941815985819
14.362,0.1,0.100846773123792,0.231351215242805
14.364,0.1,0.100844157673896,0.221341250528799
14.366,0.1,0.100839780586459,0.205018182004509
14.368,0.1,0.100833772486931,0.182861087498341
14.37,0.1,0.100826256647144,0.155325117462781
14.372,0.1,0.100817460591727,0.123240248144307
14.374,0.1,0.100807660117735,0.0876092824142306
14.376,0.1,0.100797098575974,0.0493236779544971
14.378,0.1,0.100786103521898,0.00957242597776802
14.38,0.1,0.10077497173705,-0.0305593878305592
14.382,0.1,0.100764024670171,-0.0699003949111334
14.384,0.1,0.100753566581745,-0.107351889297121
14.386,0.1,0.100743892291471,-0.141853092990108
14.388,0.1,0.100735315113034,-0.172281991616021
14.39,0.1,0.100728071804177,-0.197802937453503
14.392,0.1,0.100722421781772,-0.217498924192471
14.394,0.1,0.100718558690569,-0.230693192593045
14.396,0.1,0.100716442232679,-0.237552583580802
14.398,0.1,0.100716266353882,-0.237390233344695
14.4,0.1,0.100717931430685,-0.230579051407469
14.402,0.1,0.100721391907964,-0.217293906796358
14.404,0.1,0.100726515171305,-0.198024447508578
14.406,0.1,0.100733277674648,-0.17287269710471
14.408,0.1,0.100741386518439,-0.142909421280704
14.41,0.1,0.100750707120864,-0.108639784902706
14.412,0.1,0.100760955177925,-0.0711051259859719
14.414,0.1,0.100771831508547,-0.0313994282434495
14.416,0.1,0.10078300970769,0.00929106210713167
14.418,0.1,0.100794162075576,0.0497692032627385
14.42,0.1,0.100804963166998,0.0888602441103096
14.422,0.1,0.100815076467204,0.125349295542782
14.424,0.1,0.100824141087985,0.157943455935546
14.426,0.1,0.100831975900817,0.186014295498401
14.428,0.1,0.100838233855539,0.208323907576443
14.43,0.1,0.100842720082054,0.224195327277673
14.432,0.1,0.100845377386356,0.233447589475933
14.434,0.1,0.100846109675571,0.235754881791359
14.436,0.1,0.100844935367849,0.231201535170419
14.438,0.1,0.100841851742373,0.219793245217066
14.44,0.1,0.100836960204365,0.201908900115487
14.442,0.1,0.100830380251297,0.177995210935213
14.444,0.1,0.100822400250203,0.14910036158856
14.446,0.1,0.100813117028607,0.115592217329371
14.448,0.1,0.100802812089792,0.0784995399683523
14.45,0.1,0.100791820289271,0.0390355383476118
14.452,0.1,0.100780436988321,-0.00172324285644487
14.454,0.1,0.100768986739269,-0.0425921717794952
14.456,0.1,0.100757785785546,-0.0824289605883576
14.458,0.1,0.100747120561458,-0.120200887918771
14.46,0.1,0.10073734059311,-0.154647688830509
14.462,0.1,0.100728739789362,-0.184729372463272
14.464,0.1,0.100721480160628,-0.209889871468457
14.466,0.1,0.100715927316122,-0.22883178820232
14.468,0.1,0.100712133190506,-0.241401467014388
14.47,0.1,0.100710262961896,-0.247028781810183
14.472,0.1,0.100710377883091,-0.245514561109983
14.474,0.1,0.100712398651429,-0.237157546040965
14.476,0.1,0.100716282852019,-0.222118442428645
14.478,0.1,0.100721953451087,-0.200680962277747
14.48,0.1,0.10072919350807,-0.173631698753946
14.482,0.1,0.100737760633298,-0.141848508593951
14.484,0.1,0.100747459749599,-0.106044633536715
14.486,0.1,0.100757989631983,-0.0673168432751736
14.488,0.1,0.10076901755372,-0.0268727088703351
14.49,0.1,0.100780271879737,0.0142848107083993
14.492,0.1,0.10079144588055,0.0550390237381361
14.494,0.1,0.100802264450687,0.0943816160476045
14.496,0.1,0.100812424735177,0.131209760811641
14.498,0.1,0.100821612975186,0.164394140369724
14.5,0.1,0.100829683095103,0.193435372855299
14.502,0.1,0.100836252221359,0.216962272956934
14.504,0.1,0.100841130514618,0.234323977160251
14.506,0.1,0.100844253532984,0.245319376996214
14.508,0.1,0.100845553967808,0.249728221060904
14.51,0.1,0.100844860600071,0.246952668919031
14.512,0.1,0.10084226557353,0.237338601091035
14.514,0.1,0.10083786288053,0.221233886152549
14.516,0.1,0.100831794591454,0.199157652574621
14.518,0.1,0.100824177664338,0.171541500836998
14.52,0.1,0.100815238032036,0.139208014133052
14.522,0.1,0.100805245928477,0.103140173889893
14.524,0.1,0.100794450576423,0.0642486123361823
14.526,0.1,0.100783154636653,0.02363749167939
14.528,0.1,0.100771673571666,-0.0175402977924357
14.53,0.1,0.100760308633576,-0.0581916867088771
14.532,0.1,0.10074936619463,-0.0971977594061817
14.534,0.1,0.100739135961663,-0.133513605829536
14.536,0.1,0.10072995030379,-0.165942134097759
14.538,0.1,0.100721973136002,-0.193914228218394
14.54,0.1,0.100715527033118,-0.21627714929268
14.542,0.1,0.100710770171295,-0.232482836787806
14.544,0.1,0.100707815238565,-0.242144153512336
14.546,0.1,0.100706739293773,-0.244998432304597
14.548,0.1,0.100707482629245,-0.241273540480417
14.55,0.1,0.100710040039144,-0.230997263516213
14.552,0.1,0.100714355805241,-0.214379951371664
14.554,0.1,0.100720374462119,-0.191633694296924
14.556,0.1,0.100727746430578,-0.164029299810715
14.558,0.1,0.100736473629935,-0.131576962073292
14.56,0.1,0.100746177850526,-0.0956497245974165
14.562,0.1,0.100756629044291,-0.0570918400532078
14.564,0.1,0.100767495196716,-0.0171104588097349
14.566,0.1,0.10077844593495,0.0230884164836733
14.568,0.1,0.100789158625857,0.0623377102738581
14.57,0.1,0.100799314506162,0.0994820596421544
14.572,0.1,0.100808574870062,0.133301441194012
14.574,0.1,0.100816716942008,0.163008810770706
14.576,0.1,0.100823403257659,0.187398771368096
14.578,0.1,0.100828371639677,0.205547796822801
14.58,0.1,0.100831618583307,0.21747063121791
14.582,0.1,0.100833058201263,0.222877080333263
14.584,0.1,0.100832525053908,0.221191330323768
14.586,0.1,0.100830161435549,0.21294202797087
14.588,0.1,0.100825993265241,0.198237562373754
14.59,0.1,0.100820145479008,0.177541791054369
14.592,0.1,0.100812727784791,0.151268136313403
14.594,0.1,0.100803970934908,0.120260730233082
14.596,0.1,0.100794065361643,0.0852252773832723
14.598,0.1,0.100783378637169,0.047488661617393
14.6,0.1,0.10077216264331,0.0079735581471852
14.602,0.1,0.100760744576605,-0.0321259666523427
14.604,0.1,0.100749456685149,-0.0716129971285858
14.606,0.1,0.100738610018336,-0.109360936049721
14.608,0.1,0.100728556301851,-0.144103584823324
14.61,0.1,0.100719534282805,-0.175005983825528
14.612,0.1,0.100711850922423,-0.200977384847557
14.614,0.1,0.100705806961805,-0.220959480711554
14.616,0.1,0.100701507659229,-0.234606452124382
14.618,0.1,0.100699076519611,-0.24149929082998
14.62,0.1,0.100698654938855,-0.241151329438856
14.622,0.1,0.100700152021094,-0.233906580502379
14.624,0.1,0.100703515733738,-0.219962866040147
14.626,0.1,0.100708679752626,-0.199568836883473
14.628,0.1,0.100715395117591,-0.173629488199013
14.63,0.1,0.100723543902197,-0.142583122672689
14.632,0.1,0.100732872844979,-0.107355474685119
14.634,0.1,0.100743112171264,-0.0689356748121709
14.636,0.1,0.100753950340263,-0.0284582569735656
14.638,0.1,0.10076510492043,0.0130379824253375
14.64,0.1,0.100776262781751,0.054406062979
14.642,0.1,0.100787127071606,0.094563428118438
14.644,0.1,0.100797401696793,0.132436533990243
14.646,0.1,0.100806747851276,0.166803848192524
14.648,0.1,0.100814932803555,0.196851728167894
14.65,0.1,0.100821698138163,0.221668744756728
14.652,0.1,0.100826741475545,0.240190433750816
14.654,0.1,0.100830031011495,0.252337581534833
14.656,0.1,0.10083145121676,0.257716641894571
14.658,0.1,0.100830872347954,0.255879930194263
14.66,0.1,0.100828381692572,0.247156726497182
14.662,0.1,0.100824048999569,0.231807890042815
14.664,0.1,0.100818010646225,0.210332468560313
14.666,0.1,0.100810413747394,0.183269782567261
14.668,0.1,0.100801439347676,0.15128186229933
14.67,0.1,0.100791370711442,0.11539864557681
14.672,0.1,0.100780461801248,0.0765474313392204
14.674,0.1,0.100769040101688,0.0359175641001636
14.676,0.1,0.100757397095276,-0.00542429726659132
14.678,0.1,0.100745843630027,-0.046347318242242
14.68,0.1,0.100734673721598,-0.085782356052727
14.682,0.1,0.100724162934438,-0.122734576949478
14.684,0.1,0.100714632809469,-0.156045533748601
14.686,0.1,0.100706341674368,-0.184798558918702
14.688,0.1,0.100699529363403,-0.20814918607064
14.69,0.1,0.100694350544998,-0.225563005661724
14.692,0.1,0.100690926340244,-0.236624413399185
14.694,0.1,0.100689414746613,-0.240781709773392
14.696,0.1,0.100689773123165,-0.23820345944242
14.698,0.1,0.100691977277551,-0.228987348572339
14.7,0.1,0.100695956729196,-0.213396202145203
14.702,0.1,0.100701602896581,-0.191829774809408
14.704,0.1,0.100708756449499,-0.164871626244763
14.706,0.1,0.100717245566721,-0.133151405180518
14.708,0.1,0.100726796009766,-0.0976673566261294
14.71,0.1,0.100737123015431,-0.0594555878736468
14.712,0.1,0.100747912978504,-0.0196570705043102
14.714,0.1,0.100758850443701,0.0205742412329732
14.716,0.1,0.100769619856968,0.0600938515153131
14.718,0.1,0.100779918467464,0.0977992851047664
14.72,0.1,0.100789442230554,0.132590794033933
14.722,0.1,0.100797881431808,0.16335626605651
14.724,0.1,0.100805019742076,0.189333091841065
14.726,0.1,0.100810617184169,0.209674167051936
14.728,0.1,0.100814491582703,0.223746880861055
14.73,0.1,0.100816560000251,0.231276775973615
14.732,0.1,0.100816746314581,0.232010303907045
14.734,0.1,0.100815081636945,0.226077674385014
14.736,0.1,0.100811603360005,0.213628391319919
14.738,0.1,0.100806426811685,0.195091093039926
14.74,0.1,0.100799605770251,0.170676883225161
14.742,0.1,0.100791395712414,0.14131844957265
14.744,0.1,0.10078198915372,0.107724696223674
14.746,0.1,0.100771651409974,0.070865833295316
14.748,0.1,0.100760691365403,0.0318663984724394
14.75,0.1,0.100749424598508,-0.00812742551066394
14.752,0.1,0.100738169488933,-0.0479550275186118
14.754,0.1,0.100727252273165,-0.0864344837809626
14.756,0.1,0.100716980853673,-0.122460238558042
14.758,0.1,0.100707717971119,-0.154731976092657
14.76,0.1,0.100699664507205,-0.182551739023893
14.762,0.1,0.100693112847359,-0.204883925093107
14.764,0.1,0.100688325065843,-0.22080997585827
14.766,0.1,0.100685363759765,-0.230131378042814
14.768,0.1,0.100684286219122,-0.232662446665843
14.77,0.1,0.100685198588633,-0.22803807644817
14.772,0.1,0.10068796840497,-0.21674711591557
14.774,0.1,0.100692486540142,-0.199192323529482
14.776,0.1,0.100698719982679,-0.175508106976655
14.778,0.1,0.100706402573324,-0.146666979961968
14.78,0.1,0.100715301036419,-0.113521837068584
14.782,0.1,0.100725258098467,-0.0766645116805326
14.784,0.1,0.100735947637774,-0.0372849885085535
14.786,0.1,0.100747054823417,0.00347069803739357
14.788,0.1,0.10075828143679,0.0445041258359572
14.79,0.1,0.100769305919094,0.0846498338561678
14.792,0.1,0.100779838106401,0.122861248721084
14.794,0.1,0.100789528954946,0.157878116279504
14.796,0.1,0.10079804972605,0.188532142658877
14.798,0.1,0.100805234588041,0.214258103445658
14.8,0.1,0.100810711461097,0.233732231100251
14.802,0.1,0.10081442536075,0.246793326346952
14.804,0.1,0.100816235625513,0.252959014667702
14.806,0.1,0.100816050853627,0.251922515245395
14.808,0.1,0.100813981166336,0.244097814448613
14.81,0.1,0.100810050841067,0.229584655587793
14.812,0.1,0.100804384283343,0.208841954264327
14.814,0.1,0.100797074286503,0.182218468647938
14.816,0.1,0.100788454694012,0.15092375240885
14.818,0.1,0.100778621670673,0.115322037511304
14.82,0.1,0.10076791366759,0.0766428849454173
14.822,0.1,0.100756637207578,0.0360007101633675
14.824,0.1,0.100745093563114,-0.00550353485907966
14.826,0.1,0.100733598657727,-0.0467226560651119
14.828,0.1,0.100722446161404,-0.0865874433796365
14.83,0.1,0.100711926728555,-0.124047673904207
14.832,0.1,0.100702384086824,-0.1578647585056
14.834,0.1,0.100693989107454,-0.187445666155851
14.836,0.1,0.100687046038853,-0.211708129522928
14.838,0.1,0.100681799846239,-0.229794284654221
14.84,0.1,0.100678267139959,-0.24167251458806
14.842,0.1,0.10067665135575,-0.246629469279557
14.844,0.1,0.100676954095527,-0.244677615861022
14.846,0.1,0.10067914072315,-0.235953750597972
14.848,0.1,0.100683141710827,-0.220716938620638
14.85,0.1,0.100688807715111,-0.199511034910975
14.852,0.1,0.100696067413463,-0.172602260465208
14.854,0.1,0.100704667678005,-0.140908331102855
14.856,0.1,0.100714329339177,-0.105442204211638
14.858,0.1,0.100724778501105,-0.0671996698007628
14.86,0.1,0.10073572175481,-0.0272511369951147
14.862,0.1,0.100746837041158,0.0132248720396738
14.864,0.1,0.100757819450304,0.0531200766387363
14.866,0.1,0.100768381037172,0.0913817919746576
14.868,0.1,0.100778238763324,0.126983776177713
14.87,0.1,0.100787096241797,0.158858713418496
14.872,0.1,0.100794649756005,0.18592273614034
14.874,0.1,0.100800799680507,0.207845486584351
14.876,0.1,0.100805221878103,0.223477210261635
14.878,0.1,0.100807882981623,0.232727427169615
14.88,0.1,0.100808709486065,0.235352781640045
14.882,0.1,0.100807604259174,0.231022531307576
14.884,0.1,0.100804689381505,0.220190944415465
14.886,0.1,0.100800002325007,0.20300581477126
14.888,0.1,0.100793609915969,0.179722643426542
14.89,0.1,0.100785878304543,0.151666554393249
14.892,0.1,0.10077680480803,0.11885019974938
14.894,0.1,0.10076677671078,0.0826748073182226
14.896,0.1,0.100756025226444,0.0439908747573597
14.898,0.1,0.100744874021408,0.00397471260490069
14.9,0.1,0.100733635764344,-0.0362314086258922
14.902,0.1,0.100722625750359,-0.0754840738389193
14.904,0.1,0.100712156528392,-0.112652795111276
14.906,0.1,0.100702576123745,-0.146485037877626
14.908,0.1,0.100694144804399,-0.176063393856611
14.91,0.1,0.100687058124519,-0.200703835003617
14.912,0.1,0.10068171281799,-0.218991611193672
14.914,0.1,0.100678079813476,-0.23106294625507
14.916,0.1,0.10067632332761,-0.236343662099676
14.918,0.1,0.100676494337315,-0.234667574264393
14.92,0.1,0.100678533743515,-0.226261543532131
14.922,0.1,0.100682394366915,-0.211307633529736
14.924,0.1,0.100688012233868,-0.19005164012944
14.926,0.1,0.100695099000756,-0.163547039680816
14.928,0.1,0.100703515142987,-0.132312934245628
14.93,0.1,0.100713117179072,-0.0968912725938628
14.932,0.1,0.1007235873372,-0.0584441808254257
14.934,0.1,0.100734600701675,-0.0181533161884073
14.936,0.1,0.1007458623468,0.0228971885529495
14.938,0.1,0.100757034983743,0.0634855113371612
14.94,0.1,0.100767800824262,0.10245931474157
14.942,0.1,0.100777826420119,0.138618247081737
14.944,0.1,0.100786831270749,0.170967837422235
14.946,0.1,0.100794476341053,0.198299425151593
14.948,0.1,0.100800492019884,0.21966596307778
14.95,0.1,0.100804771482725,0.234714095653288
14.952,0.1,0.100807203150964,0.24306602571051
14.954,0.1,0.100807740882411,0.244577595262518
14.956,0.1,0.10080624818476,0.238776661721839
14.958,0.1,0.100802936812742,0.226441134732285
14.96,0.1,0.100797883417744,0.207859735946387
14.962,0.1,0.100791133538143,0.183213785068672
14.964,0.1,0.10078292871094,0.15338681071187
14.966,0.1,0.100773492253937,0.119196952933473
14.968,0.1,0.100763063989929,0.081525398725226
14.97,0.1,0.100752006072133,0.0416793676225463
14.972,0.1,0.100740578288512,0.000612335927203789
14.974,0.1,0.100729113089064,-0.0404645414432407
14.976,0.1,0.10071792457744,-0.0804121510931363
14.978,0.1,0.100707300554877,-0.118193424089564
14.98,0.1,0.100697589103902,-0.152552458570008
14.982,0.1,0.100688985377344,-0.182811077893192
14.984,0.1,0.100681802938383,-0.207853263472886
14.986,0.1,0.100676271432629,-0.226880156539961
14.988,0.1,0.100672509074012,-0.239495480071558
14.99,0.1,0.100670616582996,-0.245361740699119
14.992,0.1,0.100670692454997,-0.244145233129183
14.994,0.1,0.100672680843097,-0.236061527306107
14.996,0.1,0.100676518837619,-0.221346525529064
14.998,0.1,0.100682064682736,-0.200516736339135
15,0.1,0.100689193088938,-0.174031352693143
15.002,0.1,0.100697710173931,-0.14259610926674
15.004,0.1,0.100707317352236,-0.107293489193654
15.006,0.1,0.10071776430322,-0.0690379459373619
15.008,0.1,0.100728716560733,-0.0290442539913613
15.01,0.1,0.100739889605033,0.0116429955416491
15.012,0.1,0.100750981773548,0.0519220589599124
15.014,0.1,0.100761694901257,0.0906998824910688
15.016,0.1,0.100771761753202,0.127011361280864
15.018,0.1,0.100780842507764,0.15962680958134
15.02,0.1,0.100788752981834,0.187907806720177
15.022,0.1,0.100795250499382,0.210997582214002
15.024,0.1,0.10080003679152,0.227846204973231
15.026,0.1,0.100803083186682,0.238383725633277
15.028,0.1,0.100804268814747,0.242197858739134
15.03,0.1,0.100803484918787,0.238917857335559
15.032,0.1,0.100800879242023,0.229090727197132
15.034,0.1,0.100796484517345,0.212846058045413
15.036,0.1,0.100790400072767,0.190553015445765
15.038,0.1,0.100782818954188,0.162918197185181
15.04,0.1,0.100773920864855,0.130602887060485
15.042,0.1,0.100764000984897,0.0946807392275952
15.044,0.1,0.100753292241144,0.0560081720457999
15.046,0.1,0.100742125184409,0.0157858697410246
15.048,0.1,0.100730792513999,-0.0249140762906263
15.05,0.1,0.100719612792918,-0.0649298298430133
15.052,0.1,0.100708891087875,-0.103158262550645
15.054,0.1,0.100698911916707,-0.138576708953476
15.056,0.1,0.100690019712324,-0.169947517797389
15.058,0.1,0.100682404380682,-0.196609617755875
15.06,0.1,0.100676368200432,-0.217489346713668
15.062,0.1,0.100672092924021,-0.231956310476335
15.064,0.1,0.100669593425785,-0.239980137716701
15.066,0.1,0.100669013346324,-0.241058707996553
15.068,0.1,0.100670296131419,-0.235411087687069
15.07,0.1,0.100673396435529,-0.223212706781081
15.072,0.1,0.100678184368627,-0.204943629776187
15.074,0.1,0.100684640993537,-0.180688964443444
15.076,0.1,0.100692498348357,-0.151429879617436
15.078,0.1,0.100701590560242,-0.117782036957886
15.08,0.1,0.100711654475719,-0.0807106609603361
15.082,0.1,0.100722391354005,-0.0413075929697555
15.084,0.1,0.100733480617455,-0.00073957497801291
15.086,0.1,0.100744599848827,0.0398161577030269
15.088,0.1,0.100755418567675,0.0791611000130772
15.09,0.1,0.100765614900752,0.116133944605173
15.092,0.1,0.100774840540107,0.149483393855557
15.094,0.1,0.100782840404101,0.178310007874204
15.096,0.1,0.100789376964252,0.201776390724307
15.098,0.1,0.100794164556607,0.218874560398135
15.1,0.1,0.100797198302082,0.229616737028981
15.102,0.1,0.100798367763732,0.233626401950905
15.104,0.1,0.100797568855031,0.230550542907437
15.106,0.1,0.100794909849274,0.220797388683934
15.108,0.1,0.100790473301623,0.204679362179337
15.11,0.1,0.10078426053561,0.182221732818501
15.112,0.1,0.100776577295075,0.154538369615649
15.114,0.1,0.100767611130779,0.122318057896518
15.116,0.1,0.100757537980831,0.0862149940053838
15.118,0.1,0.100746681987268,0.0474086161770045
15.12,0.1,0.100735374687564,0.00709964047716657
15.122,0.1,0.100723921147079,-0.033598109470764
15.124,0.1,0.100712647254532,-0.0735011100626079
15.126,0.1,0.100701857398942,-0.111511107020822
15.128,0.1,0.100691905536463,-0.146351140818385
15.13,0.1,0.100683023463465,-0.177211748539204
15.132,0.1,0.100675455577812,-0.203230781817387
15.134,0.1,0.100669555224279,-0.223156440571818
15.136,0.1,0.100665357242604,-0.236899905635665
15.138,0.1,0.100663073175046,-0.243724154626977
15.14,0.1,0.100662770011144,-0.243412868676013
15.142,0.1,0.100664383032352,-0.236216195403785
15.144,0.1,0.100667869978188,-0.222297632326281
15.146,0.1,0.100673105363416,-0.202117602998534
15.148,0.1,0.100679962968753,-0.176141534361385
15.15,0.1,0.100688204138225,-0.145238015854071
15.152,0.1,0.100697638082029,-0.110108662521681
15.154,0.1,0.100707954528273,-0.0718840088659948
15.156,0.1,0.100718861127479,-0.0316334852281876
15.158,0.1,0.100730053008098,0.00952674936323473
15.16,0.1,0.100741227084757,0.0504863988271527
15.162,0.1,0.100752094256971,0.090189915740541
15.164,0.1,0.10076238227232,0.127652475802657
15.166,0.1,0.100771757514714,0.161667520079028
15.168,0.1,0.100779917456357,0.191161465345062
15.17,0.1,0.100786725449352,0.215674572076359
15.172,0.1,0.100791857215825,0.234059149480358
15.174,0.1,0.100795161306731,0.245802416225938
15.176,0.1,0.100796654000314,0.250991107299264
15.178,0.1,0.10079611710905,0.248858949621745
15.18,0.1,0.100793734262479,0.240083643908082
15.182,0.1,0.100789528786976,0.224760446246052
15.184,0.1,0.100783648486457,0.20343126035042
15.186,0.1,0.100776173708521,0.176399225721102
15.188,0.1,0.100767357630435,0.144587317826294
15.19,0.1,0.100757461285589,0.108947695657373
15.192,0.1,0.100746728852374,0.0703749767987979
15.194,0.1,0.100735472901664,0.0300073936139337
15.196,0.1,0.100723996183275,-0.0110459562342083
15.198,0.1,0.100712607165682,-0.0516679318645868
15.2,0.1,0.100701605181389,-0.0907675226210053
15.202,0.1,0.100691297232358,-0.127236396436114
15.204,0.1,0.100682012935101,-0.159891385475892
15.206,0.1,0.100673915978018,-0.188167344517578
15.208,0.1,0.100667344804845,-0.21085653033188
15.21,0.1,0.100662470617796,-0.227367926890172
15.212,0.1,0.100659342368541,-0.237549360156884
15.214,0.1,0.100658138671949,-0.240774503270841
15.216,0.1,0.100658800626336,-0.237272278798975
15.218,0.1,0.100661299836303,-0.227157301496282
15.22,0.1,0.100665559225172,-0.210718892594236
15.222,0.1,0.100671462042784,-0.188389841192175
15.224,0.1,0.100678855875153,-0.16073340456819
15.226,0.1,0.100687563559975,-0.128403023832823
15.228,0.1,0.100697293030338,-0.0924628856287621
15.23,0.1,0.100707788853677,-0.0538494442685022
15.232,0.1,0.100718707464045,-0.0138091574393057
15.234,0.1,0.100729737576184,0.0265170039522675
15.236,0.1,0.100740558366919,0.0659690213418292
15.238,0.1,0.10075085934128,0.103418981839222
15.24,0.1,0.100760294363699,0.137616100709825
15.242,0.1,0.100768668445245,0.167878325338101
15.244,0.1,0.100775622286967,0.192917601869261
15.246,0.1,0.100780940205113,0.211982306191927
15.248,0.1,0.100784588746464,0.224982485824804
15.25,0.1,0.10078634330756,0.23113086412001
15.252,0.1,0.100786179073093,0.230363193492233
15.254,0.1,0.100784168540718,0.222960786509056
15.256,0.1,0.100780333992247,0.209021020805621
15.258,0.1,0.100774791938765,0.188979239876727
15.26,0.1,0.100767608293058,0.163094002084704
15.262,0.1,0.100759097880684,0.132508810912188
15.264,0.1,0.100749397451686,0.0977378254616152
15.266,0.1,0.100738825112354,0.0599390255664314
15.268,0.1,0.10072768914871,0.0202343112424513
15.27,0.1,0.100716305528266,-0.0202244489828629
15.272,0.1,0.100704995640795,-0.0602717531039043
15.274,0.1,0.100694068370674,-0.0987874129936106
15.276,0.1,0.100683850541842,-0.134593934668062
15.278,0.1,0.10067459926745,-0.166783631969473
15.28,0.1,0.100666654086694,-0.19414491038136
15.282,0.1,0.100660267495845,-0.215795601644997
15.284,0.1,0.100655628133264,-0.231087593468339
15.286,0.1,0.100652813668544,-0.239769655602344
15.288,0.1,0.100651925211286,-0.241500721883166
15.29,0.1,0.100653021602091,-0.236088034732255
15.292,0.1,0.100655965000404,-0.224040767260984
15.294,0.1,0.100660702276294,-0.205561458369144
15.296,0.1,0.100667128234785,-0.181043485524672
15.298,0.1,0.100674926740887,-0.151634805021193
15.3,0.1,0.100684023729403,-0.117624084299195
15.302,0.1,0.100694085238559,-0.0802280203031604
15.304,0.1,0.100704853912663,-0.0403953201512111
15.306,0.1,0.100716007863695,0.000701760529938493
15.308,0.1,0.100727247715461,0.0419583244228956
15.31,0.1,0.100738271956699,0.0822837663660162
15.312,0.1,0.10074877640627,0.120570491506215
15.314,0.1,0.100758399756701,0.155512908493356
15.316,0.1,0.100766937559621,0.186405337246735
15.318,0.1,0.100774102612614,0.212228149861834
15.32,0.1,0.100779562112225,0.231806449112197
15.322,0.1,0.100783283764015,0.24506220610051
15.324,0.1,0.100785153930593,0.251610425219123
15.326,0.1,0.100785036656405,0.250983628854986
15.328,0.1,0.100783008648647,0.24347648610746
15.33,0.1,0.100779128067536,0.229311681780165
15.332,0.1,0.100773519473578,0.20894945673357
15.334,0.1,0.1007662654688,0.182703476698839
15.336,0.1,0.100757706072457,0.151805928030898
15.338,0.1,0.100747934243342,0.116611260433826
15.34,0.1,0.100737262696931,0.0782593584918394
15.342,0.1,0.100726020724925,0.0379446439897984
15.344,0.1,0.10071448697386,-0.00331050427387176
15.346,0.1,0.10070298152681,-0.0443444502831047
15.348,0.1,0.100691815612899,-0.0840222085783717
15.35,0.1,0.100681270109167,-0.121334649016589
15.352,0.1,0.100671692581945,-0.155027908963656
15.354,0.1,0.100663245635935,-0.184541796961786
15.356,0.1,0.100656285082854,-0.208604296373554
15.358,0.1,0.100650985455384,-0.226615370916493
15.36,0.1,0.100647433923033,-0.23828716323472
15.362,0.1,0.100645731290928,-0.243277294220446
15.364,0.1,0.100645959609037,-0.241308291713691
15.366,0.1,0.100648071446726,-0.232565241323074
15.368,0.1,0.100651981859515,-0.217365439236499
15.37,0.1,0.100657554206623,-0.196210714094658
15.372,0.1,0.100664689365002,-0.169471138788747
15.374,0.1,0.10067317850275,-0.137909996761748
15.376,0.1,0.100682745023817,-0.102534738952225
15.378,0.1,0.100693098579925,-0.0644011963973938
15.38,0.1,0.100703949532574,-0.0245670492630462
15.382,0.1,0.100714972980248,0.0157785543344125
15.384,0.1,0.100725852110145,0.0554871451805919
15.386,0.1,0.100736288804289,0.0934720742385501
15.388,0.1,0.100746008953905,0.128744932874528
15.39,0.1,0.100754676135787,0.16009233219077
15.392,0.1,0.100762029041792,0.186591136233616
15.394,0.1,0.100767913724111,0.207713022408037
15.396,0.1,0.100772043982992,0.222449733456999
15.398,0.1,0.100774395756604,0.230745925627134
15.4,0.1,0.100774886667047,0.232328360683512
15.402,0.1,0.100773460293368,0.227015468676994
15.404,0.1,0.100770193338579,0.215100802120088
15.406,0.1,0.100765215003307,0.197063425864061
15.408,0.1,0.10075855570089,0.173031742542368
15.41,0.1,0.100750480490639,0.143972874710051
15.412,0.1,0.100741163382892,0.110530577051276
15.414,0.1,0.100730877616467,0.0737050819338365
15.416,0.1,0.100719960523621,0.0347177009906313
15.418,0.1,0.100708676910456,-0.00545659269465879
15.42,0.1,0.100697365563775,-0.0455863508770954
15.422,0.1,0.10068633776587,-0.0845435195467727
15.424,0.1,0.1006758832642,-0.121286388059386
15.426,0.1,0.100666359393591,-0.154527301687238
15.428,0.1,0.100658060735604,-0.183226077057621
15.43,0.1,0.100651142456981,-0.206852735011238
15.432,0.1,0.100645972274702,-0.224101291387087
15.434,0.1,0.100642562268454,-0.234961157085878
15.436,0.1,0.100641054410324,-0.238942855857257
15.438,0.1,0.100641491403806,-0.235912744965151
15.44,0.1,0.100643796207594,-0.226163690912627
15.442,0.1,0.100647903090139,-0.209945435146316
15.444,0.1,0.100653763703746,-0.187448840315462
15.446,0.1,0.100661032573966,-0.159930407907615
15.448,0.1,0.100669665098492,-0.127573614967981
15.45,0.1,0.100679423335343,-0.0912598444504807
15.452,0.1,0.100689918969235,-0.0523924607883344
15.454,0.1,0.100700951825498,-0.0117227884508848
15.456,0.1,0.100712177633343,0.0294941783417478
15.458,0.1,0.100723279414756,0.0701083802547536
15.46,0.1,0.100733949390685,0.10900174164004
15.462,0.1,0.100743812663682,0.144816885565844
15.464,0.1,0.100752652391719,0.17680311840344
15.466,0.1,0.100760160398748,0.203861911760736
15.468,0.1,0.100766057094051,0.225009889305658
15.47,0.1,0.100770162538145,0.239630702754021
15.472,0.1,0.100772440962998,0.24762498550406
15.474,0.1,0.100772840431825,0.248828233927581
15.476,0.1,0.100771214473322,0.242732830609886
15.478,0.1,0.100767772384524,0.230109088678142
15.48,0.1,0.100762599768516,0.2112788585151
15.482,0.1,0.10075575688047,0.186476367727788
15.484,0.1,0.100747455255712,0.156479283176336
15.486,0.1,0.100737930714571,0.122151283849358
15.488,0.1,0.100727449568638,0.0844658435392238
15.49,0.1,0.100716304520751,0.0444912176775645
15.492,0.1,0.100704819172996,0.00340188570030205
15.494,0.1,0.100693304907009,-0.0376650527800464
15.496,0.1,0.100682069614268,-0.0775931768260326
15.498,0.1,0.100671397753291,-0.115357366449061
15.5,0.1,0.100661607129577,-0.149813123609413
15.502,0.1,0.100652990148646,-0.17992154338978
15.504,0.1,0.100645774725875,-0.204884609932472
15.506,0.1,0.100640189249408,-0.223905506040457
15.508,0.1,0.100636351047697,-0.236590160036745
15.51,0.1,0.100634374534322,-0.242550679974479
15.512,0.1,0.100634342168444,-0.241511300069969
15.514,0.1,0.100636200860275,-0.233678837712865
15.516,0.1,0.100639892165912,-0.219275166337534
15.518,0.1,0.100645284346388,-0.198783387760243
15.52,0.1,0.100652254472922,-0.172657067230949
15.522,0.1,0.100660610030386,-0.141599482568572
15.524,0.1,0.100670060767928,-0.106664736006111
15.526,0.1,0.100680360614375,-0.068753503819469
15.528,0.1,0.100691173419744,-0.0290864115743205
15.53,0.1,0.100702208265345,0.0112687212368925
15.532,0.1,0.100713155955543,0.0511858916284351
15.534,0.1,0.100723725450335,0.0896014145360534
15.536,0.1,0.100733619498989,0.125437742059401
15.538,0.1,0.100742511867909,0.157519954628253
15.54,0.1,0.100750216340585,0.185203109459757
15.542,0.1,0.100756481218317,0.207598528342535
15.544,0.1,0.100761028162169,0.223730204343059
15.546,0.1,0.100763808217005,0.233456015578475
15.548,0.1,0.100764737868809,0.236500530450375
15.55,0.1,0.100763713380501,0.232513157987616
15.552,0.1,0.10076085595973,0.221947591494512
15.554,0.1,0.100756203987643,0.204957049178175
15.556,0.1,0.100749819268389,0.181781289696852
15.558,0.1,0.100742061052987,0.153721487308394
15.56,0.1,0.100732966889954,0.120935906425194
15.562,0.1,0.100722874268079,0.0846498748341276
15.564,0.1,0.100712032980956,0.0457819947557339
15.566,0.1,0.100700761388052,0.00549014133685318
15.568,0.1,0.100689368285502,-0.0350915977479413
15.57,0.1,0.100678163909704,-0.0748441442441477
15.572,0.1,0.100667451288642,-0.112667139772532
15.574,0.1,0.100657593938527,-0.147246848330262
15.576,0.1,0.100648785056655,-0.177916835329237
15.578,0.1,0.100641361842935,-0.203471078498116
15.58,0.1,0.100635588841507,-0.222982137758453
15.582,0.1,0.100631516607564,-0.236299501097302
15.584,0.1,0.10062933478682,-0.242759883789194
15.586,0.1,0.100629103554874,-0.242167824816911
15.588,0.1,0.100630718573835,-0.234916449206163
15.59,0.1,0.100634159544993,-0.221092473562286
15.592,0.1,0.100639309843868,-0.201130512785261
15.594,0.1,0.100646102561677,-0.175291975116107
15.596,0.1,0.100654243365603,-0.144652116159509
15.598,0.1,0.100663606475622,-0.109688476905089
15.6,0.1,0.100673874868821,-0.0715586771383759
15.602,0.1,0.100684769601417,-0.0312875734497488
15.604,0.1,0.100695963622909,0.00993426594298085
15.606,0.1,0.100707136527138,0.0509367269246333
15.608,0.1,0.100717957848113,0.090518829591596
15.61,0.1,0.100728122653496,0.127585410593452
15.612,0.1,0.100737262347744,0.16081086757459
15.614,0.1,0.100745200257372,0.189586512746492
15.616,0.1,0.100751588667292,0.212671562406775
15.618,0.1,0.100756220810642,0.229350125945927
15.62,0.1,0.100759080361422,0.239595027575279
15.622,0.1,0.100760035045527,0.242952240686826
15.624,0.1,0.100759077818777,0.239418466085733
15.626,0.1,0.100756225244906,0.229072505589814
15.628,0.1,0.100751607481409,0.212398636667488
15.63,0.1,0.100745217011463,0.189390294528085
15.632,0.1,0.100737405643818,0.161325568324362
15.634,0.1,0.100728248770107,0.128496532030427
15.636,0.1,0.100718027689632,0.0919316881181749
15.638,0.1,0.100707086648637,0.05287666753895
15.64,0.1,0.10069568922908,0.0122981163460724
15.642,0.1,0.100684177754415,-0.0285567879445937
15.644,0.1,0.100672864503584,-0.0685617111932892
15.646,0.1,0.100662052505503,-0.106617687625891
15.648,0.1,0.100652035886246,-0.14166990855806
15.65,0.1,0.100643107262068,-0.172676831669421
15.652,0.1,0.100635536875155,-0.198684856740978
15.654,0.1,0.100629614820888,-0.218675208589749
15.656,0.1,0.100625342950977,-0.232676718889329
15.658,0.1,0.10062297735222,-0.239790448524408
15.66,0.1,0.100622559782819,-0.23989143969563
15.662,0.1,0.100624028903656,-0.233217974428423
15.664,0.1,0.100627355001412,-0.219889430923594
15.666,0.1,0.100632410516742,-0.200374243203136
15.668,0.1,0.100639095464919,-0.175044228701973
15.67,0.1,0.1006471867596,-0.144712531044162
15.672,0.1,0.1006564380614,-0.110278375275682
15.674,0.1,0.100666567955603,-0.0727676988184397
15.676,0.1,0.100677281713609,-0.0332561861600859
15.678,0.1,0.100688290042021,0.0071907743729777
15.68,0.1,0.100699276825082,0.0474238839840663
15.682,0.1,0.100709959236505,0.086407860288736
15.684,0.1,0.100720047327245,0.123091369317696
15.686,0.1,0.10072922159664,0.156322681770147
15.688,0.1,0.100737263950037,0.185339821720114
15.69,0.1,0.100743863993867,0.209041168414782
15.692,0.1,0.10074884369859,0.226819096815814
15.694,0.1,0.100752026830735,0.238070089982844
15.696,0.1,0.100753342647005,0.242567999220884
15.698,0.1,0.100752687032814,0.239961375145682
15.7,0.1,0.100750203165407,0.230783394035487
15.702,0.1,0.10074591592065,0.215137488805903
15.704,0.1,0.100739954988123,0.193503360067685
15.706,0.1,0.100732436788854,0.166316535324362
15.708,0.1,0.100723596426449,0.134437696452025
15.71,0.1,0.100713687652239,0.0987957154924917
15.712,0.1,0.10070296581743,0.0603271486858985
15.714,0.1,0.100691736100729,0.0201456820497773
15.716,0.1,0.10068030357016,-0.0206297927936948
15.718,0.1,0.100668979738852,-0.0608721700388533
15.72,0.1,0.100658061965906,-0.0995004042491495
15.722,0.1,0.100647859209547,-0.135400699427712
15.724,0.1,0.100638718431858,-0.167329107294529
15.726,0.1,0.100630803513463,-0.194723563503261
15.728,0.1,0.100624437949574,-0.216433507303402
15.73,0.1,0.100619822005653,-0.231764877873494
15.732,0.1,0.100616966956321,-0.240704488495812
15.734,0.1,0.100616056255353,-0.242610177590709
15.736,0.1,0.100617027836205,-0.237724781419254
15.738,0.1,0.100619843107843,-0.226202013379875
15.74,0.1,0.100624380880551,-0.208492204106781
15.742,0.1,0.10063062364823,-0.184677026853658
15.744,0.1,0.100638268591099,-0.155861407479535
15.746,0.1,0.100647237394972,-0.122350360769031
15.748,0.1,0.100657182995304,-0.0854066199194833
15.75,0.1,0.10066785379004,-0.0459565627821614
15.752,0.1,0.100678911163673,-0.00522885195756036
15.754,0.1,0.100690039996196,0.0356196079689377
15.756,0.1,0.100700919400831,0.0754299510171949
15.758,0.1,0.100711234898267,0.113061638960382
15.76,0.1,0.100720624404627,0.147207344517149
15.762,0.1,0.100728895412538,0.177199493316058
15.764,0.1,0.100735731543179,0.201908712644001
15.766,0.1,0.100740881595159,0.220454457519752
15.768,0.1,0.100744285250682,0.232652769325927
15.77,0.1,0.100745800025704,0.238015305775419
15.772,0.1,0.100745392857688,0.236448254440258
15.774,0.1,0.100743117773627,0.228167530810637
15.776,0.1,0.100739010602703,0.213320390969399
15.778,0.1,0.100733146521335,0.192196426816659
15.78,0.1,0.100725790105075,0.165761703857824
15.782,0.1,0.100716993345287,0.134226260393025
15.784,0.1,0.100707061307268,0.0987024829969775
15.786,0.1,0.100696310110072,0.0603388629713423
15.788,0.1,0.100685018705972,0.0201553878178401
15.79,0.1,0.100673519582733,-0.0206368550801918
15.792,0.1,0.100662132393107,-0.0608813876209143
15.794,0.1,0.100651160459345,-0.0994766894907307
15.796,0.1,0.100640936512419,-0.135222397804943
15.798,0.1,0.100631692828376,-0.16730354110066
15.8,0.1,0.100623755197774,-0.194557782275584
15.802,0.1,0.100617371801193,-0.216118757628659
15.804,0.1,0.100612742081186,-0.231300392712549
15.806,0.1,0.100609937080686,-0.239877145773557
15.808,0.1,0.100609047381497,-0.241547371728386
15.81,0.1,0.100610108549494,-0.236203057925151
15.812,0.1,0.100613069298851,-0.224043173676012
15.814,0.1,0.100617797012159,-0.205556122627517
15.816,0.1,0.100624237081894,-0.180953640089051
15.818,0.1,0.100632021607342,-0.151567414047065
15.82,0.1,0.100641069397686,-0.117709581272934
15.822,0.1,0.100651112000173,-0.0803658713154742
15.824,0.1,0.100661810882574,-0.0407666877926612
15.826,0.1,0.100672893677358,8.51866594870792e-05
15.828,0.1,0.100684049300705,0.0410509977979611
15.83,0.1,0.100694972807819,0.0810162606618566
15.832,0.1,0.100705375171622,0.118936196030525
15.834,0.1,0.100714906074442,0.153543228220736
15.836,0.1,0.100723340416388,0.184053886365237
15.838,0.1,0.100730436077708,0.209615368107202
15.84,0.1,0.100735828050482,0.228934393641728
15.842,0.1,0.10073948921286,0.241953779247744
15.844,0.1,0.100741312836273,0.248314467333226
15.846,0.1,0.100741176178957,0.247597238693036
15.848,0.1,0.100739131742044,0.240010374464189
15.85,0.1,0.100735251462018,0.225827315251361
15.852,0.1,0.100729660838967,0.205512941963229
15.854,0.1,0.100722477627517,0.179507770380576
15.856,0.1,0.100713933940518,0.148661254970285
15.858,0.1,0.100704218614022,0.113671826600721
15.86,0.1,0.100693610131897,0.0755592318210211
15.862,0.1,0.100682429859799,0.0354911510584005
15.864,0.1,0.100670959252753,-0.00549852571105909
15.866,0.1,0.100659517689862,-0.0462526888671414
15.868,0.1,0.100648421016401,-0.0856186456502946
15.87,0.1,0.100637953984886,-0.122576394237964
15.872,0.1,0.100628467947891,-0.155860385399239
15.874,0.1,0.10062016038503,-0.184785256792225
15.876,0.1,0.100613318268027,-0.208332849283994
15.878,0.1,0.100608175296403,-0.225687023044166
15.88,0.1,0.10060476880795,-0.236742017942607
15.882,0.1,0.100603267995346,-0.240908656971411
15.884,0.1,0.100603724737043,-0.238020411196262
15.886,0.1,0.100605995759034,-0.228608542485057
15.888,0.1,0.100610061320683,-0.212757777248585
15.89,0.1,0.100615849931128,-0.190740925204306
15.892,0.1,0.100623104384759,-0.163496520819771
15.894,0.1,0.100631719974233,-0.131420350009573
15.896,0.1,0.100641389277053,-0.0956313329725539
15.898,0.1,0.100651859489346,-0.0570574208500946
15.9,0.1,0.100662797689313,-0.0169097221501391
15.902,0.1,0.100673881113927,0.0236313244067434
15.904,0.1,0.100684791254657,0.0634109512787433
15.906,0.1,0.100695221806589,0.101315770525816
15.908,0.1,0.1007048960343,0.136351329460289
15.91,0.1,0.100713427096296,0.167122113591407
15.912,0.1,0.100720679632818,0.193172374290897
15.914,0.1,0.10072632844616,0.213346025926732
15.916,0.1,0.100730221473875,0.227129492570428
15.918,0.1,0.10073233867214,0.234481367208144
15.92,0.1,0.100732561803698,0.235000715273762
15.922,0.1,0.100730835338366,0.228512298564875
15.924,0.1,0.100727252476159,0.215371298153079
15.926,0.1,0.100721913963962,0.19595772571439
15.928,0.1,0.100714914490515,0.170633590981019
15.93,0.1,0.100706579815204,0.140579594392343
15.932,0.1,0.100696975607725,0.106058937081892
15.934,0.1,0.100686451627891,0.0683420786056499
15.936,0.1,0.100675308585085,0.0285255858517113
15.938,0.1,0.100663862162184,-0.0122419142397498
15.94,0.1,0.100652430914611,-0.0527959376534108
15.942,0.1,0.100641326301432,-0.0920086247811199
15.944,0.1,0.100630842204847,-0.128822390559208
15.946,0.1,0.10062134373691,-0.16192330569068
15.948,0.1,0.100613023274984,-0.190648506268031
15.95,0.1,0.100606162474134,-0.214001666095766
15.952,0.1,0.100601064499024,-0.230917673929355
15.954,0.1,0.100597704753655,-0.241520661918835
15.956,0.1,0.100596285618272,-0.24510426970003
15.958,0.1,0.100596863962409,-0.241486005996063
15.96,0.1,0.100599293218197,-0.231209650031558
15.962,0.1,0.100603488792177,-0.214591901562314
15.964,0.1,0.10060942858098,-0.191728517194448
15.966,0.1,0.100616890549286,-0.163435967939241
15.968,0.1,0.100625594880571,-0.130734389998288
15.97,0.1,0.100635419674095,-0.0940902416589345
15.972,0.1,0.100645992600919,-0.0548550731233169
15.974,0.1,0.100657064471137,-0.0139510447836445
15.976,0.1,0.100668309782352,0.0274330683874808
15.978,0.1,0.10067941156305,0.0681384442276427
15.98,0.1,0.10069006399045,0.107058211405668
15.982,0.1,0.100699982679965,0.143172379549799
15.984,0.1,0.100708792312488,0.175131523515292
15.986,0.1,0.100716318474967,0.202340028447578
15.988,0.1,0.100722227181694,0.223612115670376
15.99,0.1,0.100726377766509,0.238476181935598
15.992,0.1,0.100728737546096,0.246843376193101
15.994,0.1,0.100729172754186,0.248253490195711
15.996,0.1,0.10072768108585,0.242718654889149
15.998,0.1,0.100724338557427,0.230528564021219
16,0.1,0.10071927579762,0.212167479261647
16.002,0.1,0.100712547524476,0.187850362823408
16.004,0.1,0.100704418935244,0.158545764743575
16.006,0.1,0.100695038199798,0.124806128369976
16.008,0.1,0.100684705003118,0.0877241615838648
16.01,0.1,0.10067369558086,0.0483104901617276
16.012,0.1,0.100662332399034,0.00773802770704149
16.014,0.1,0.100650927733344,-0.0328593987637557
16.016,0.1,0.100639781332151,-0.0723927871132925
16.018,0.1,0.100629196365033,-0.109768096421136
16.02,0.1,0.100619528433512,-0.143704104316673
16.022,0.1,0.100610940981442,-0.173640706457435
16.024,0.1,0.100603785411403,-0.198322306304424
16.026,0.1,0.10059830412233,-0.216904693096277
16.028,0.1,0.100594503269466,-0.22939719191386
16.03,0.1,0.100592557221809,-0.235193947715013
16.032,0.1,0.100592579965573,-0.233907085062538
16.034,0.1,0.10059444508406,-0.226008347827913
16.036,0.1,0.100598123235171,-0.211617202672581
16.038,0.1,0.100603493924895,-0.191179451179142
16.04,0.1,0.100610455059815,-0.165078554328618
16.042,0.1,0.100618729838974,-0.134319568395445
16.044,0.1,0.100628164047467,-0.0994776203550895
16.046,0.1,0.100638411562814,-0.0618066159192575
16.048,0.1,0.100649191248541,-0.0223358405451454
16.05,0.1,0.100660186552939,0.0177794652770002
16.052,0.1,0.100671082950847,0.0573913923730447
16.054,0.1,0.100681574682105,0.0953871146378301
16.056,0.1,0.100691375386907,0.130734420401951
16.058,0.1,0.100700145531222,0.162211905815976
16.06,0.1,0.100707747547772,0.189354439640978
16.062,0.1,0.100713815188373,0.210853765095746
16.064,0.1,0.100718144595071,0.226011082741286
16.066,0.1,0.100720705733912,0.234753959583857
16.068,0.1,0.100721440000702,0.236898054810076
16.07,0.1,0.100720191520838,0.231907338558159
16.072,0.1,0.100717066019186,0.220183146200895
16.074,0.1,0.100712188529243,0.202191663656006
16.076,0.1,0.100705593513997,0.17807746268555
16.078,0.1,0.100697629047493,0.149103224562048
16.08,0.1,0.100688359121023,0.115523339407467
16.082,0.1,0.100678094686133,0.0784735763105503
16.084,0.1,0.100667175393248,0.0391832921325096
16.086,0.1,0.100655846351402,-0.00143910889098539
16.088,0.1,0.100644450802134,-0.0421418720697932
16.09,0.1,0.100633290942547,-0.0818345371364402
16.092,0.1,0.100622671150012,-0.119412618004746
16.094,0.1,0.100612943634645,-0.153606655613904
16.096,0.1,0.100604307171814,-0.183730832192026
16.098,0.1,0.100597092291354,-0.208606537891889
16.1,0.1,0.100591565360847,-0.227302552911398
16.102,0.1,0.100587739933965,-0.239805443046726
16.104,0.1,0.100585854657141,-0.245276480012916
16.106,0.1,0.100585910975026,-0.243734682586313
16.108,0.1,0.100587831439348,-0.235476506295704
16.11,0.1,0.100591578492486,-0.220651370921526
16.112,0.1,0.100597087592851,-0.199507959416209
16.114,0.1,0.10060407376961,-0.173087059132514
16.116,0.1,0.100612492725,-0.141570968834158
16.118,0.1,0.100622055636867,-0.106018304741914
16.12,0.1,0.100632510119849,-0.0673608492539604
16.122,0.1,0.10064351631653,-0.0268326632497074
16.124,0.1,0.100654797983133,0.0145449864721532
16.126,0.1,0.100666022602219,0.055565449243706
16.128,0.1,0.100676882460058,0.0951098455352023
16.13,0.1,0.100687082548029,0.132117230257154
16.132,0.1,0.100696278574436,0.165349581060777
16.134,0.1,0.100704180025844,0.193779993626139
16.136,0.1,0.100710546096331,0.216566405474241
16.138,0.1,0.100715219859597,0.233173895546863
16.14,0.1,0.100718086711233,0.243217463619838
16.142,0.1,0.100719098050169,0.246546738144301
16.144,0.1,0.100718101781717,0.242635841581151
16.146,0.1,0.100715289837647,0.232195331221209
16.148,0.1,0.100710714980619,0.215431124958552
16.15,0.1,0.10070440988757,0.192480406890723
16.152,0.1,0.100696651322354,0.164354420160688
16.154,0.1,0.100687577544912,0.131569985311599
16.156,0.1,0.100677440819845,0.095052625630869
16.158,0.1,0.100666582703721,0.0560391080574995
16.16,0.1,0.100655269544306,0.0155053412442781
16.162,0.1,0.100643834347725,-0.0253331328444358
16.164,0.1,0.100632592049783,-0.0653412033541524
16.166,0.1,0.100621844907587,-0.103422676241636
16.168,0.1,0.100611895765056,-0.138489743812035
16.17,0.1,0.100603020022085,-0.169564278496019
16.172,0.1,0.100595487442276,-0.195692668466523
16.174,0.1,0.100589539594409,-0.216030800328951
16.176,0.1,0.100585315002366,-0.230110458444987
16.178,0.1,0.100582958132788,-0.237437750485803
16.18,0.1,0.100582522458786,-0.237844403921899
16.182,0.1,0.100583950917731,-0.23155389997675
16.184,0.1,0.100587223834914,-0.218650894040977
16.186,0.1,0.100592252613198,-0.199466488235873
16.188,0.1,0.100598896942392,-0.174519017774828
16.19,0.1,0.100606905290573,-0.144723220302532
16.192,0.1,0.100616118250246,-0.110670451489648
16.194,0.1,0.100626218755925,-0.0735140623442538
16.196,0.1,0.100636916804169,-0.0343141985299954
16.198,0.1,0.100647901035393,0.00579045359856183
16.2,0.1,0.100658864645828,0.0456816963483528
16.202,0.1,0.100669516953203,0.084298147555806
16.204,0.1,0.100679563347126,0.12057303777476
16.206,0.1,0.100688666814205,0.153291208347623
16.208,0.1,0.100696624483032,0.181749472853497
16.21,0.1,0.100703145597798,0.204918360792828
16.212,0.1,0.100707980957003,0.221931530410323
16.214,0.1,0.100711051931745,0.232541954444209
16.216,0.1,0.100712226873979,0.236303725528933
16.218,0.1,0.100711501420152,0.233226421435791
16.22,0.1,0.100708881354045,0.22335096822422
16.222,0.1,0.100704454759654,0.207010636341028
16.224,0.1,0.100698318301555,0.184570012943906
16.226,0.1,0.100690698363258,0.156859258166869
16.228,0.1,0.100681749819373,0.12445538680248
16.23,0.1,0.100671749793724,0.0883719596016331
16.232,0.1,0.100660973951193,0.0496187614025756
16.234,0.1,0.100649717433651,0.00927506736048181
16.236,0.1,0.100638294681076,-0.0315063491448056
16.238,0.1,0.100627016585352,-0.0716025309215037
16.24,0.1,0.100616184869048,-0.109917624250472
16.242,0.1,0.10060613185892,-0.145253873539661
16.244,0.1,0.10059709381985,-0.176783699803877
16.246,0.1,0.100589404906417,-0.203314491776875
16.248,0.1,0.100583308309172,-0.223998229742877
16.25,0.1,0.100578989334745,-0.238198256576017
16.252,0.1,0.100576451037045,-0.245933013115977
16.254,0.1,0.100575896528026,-0.246490743289182
16.256,0.1,0.100577225185144,-0.240255102501737
16.258,0.1,0.10058040801187,-0.227346223890989
16.26,0.1,0.100585311156525,-0.208261247068688
16.262,0.1,0.100591916928304,-0.183084781499976
16.264,0.1,0.10059991132424,-0.152963239891927
16.266,0.1,0.100609168365188,-0.118373037226482
16.268,0.1,0.100619410898869,-0.0803333384815788
16.27,0.1,0.100630298971808,-0.040079139817751
16.272,0.1,0.100641555156921,0.0013684927033904
16.274,0.1,0.100652840416735,0.0427730169451161
16.276,0.1,0.100663837263445,0.0829820796088147
16.278,0.1,0.100674252071767,0.120937251830407
16.28,0.1,0.100683719399287,0.155316817719539
16.282,0.1,0.100691979766153,0.185207687738201
16.284,0.1,0.100698827896106,0.209892841367222
16.286,0.1,0.100703949469057,0.228260017897361
16.288,0.1,0.100707338579641,0.240323965031313
16.29,0.1,0.100708865993231,0.245642993893551
16.292,0.1,0.100708470375901,0.244020788623922
16.294,0.1,0.100706150521758,0.235474791614729
16.296,0.1,0.100702001732268,0.220366712089831
16.298,0.1,0.100696138741236,0.19912680181953
16.3,0.1,0.100688673249917,0.172177675144981
16.302,0.1,0.10067991363934,0.14063938077411
16.304,0.1,0.100669979125641,0.104963585622603
16.306,0.1,0.100659217416042,0.0664123549876179
16.308,0.1,0.100647933656635,0.0260961049132842
16.31,0.1,0.100636447119275,-0.0148212909550738
16.312,0.1,0.100625075266487,-0.0551895403340048
16.314,0.1,0.100614119451885,-0.0939146940237883
16.316,0.1,0.100603888181547,-0.12988527926182
16.318,0.1,0.100594713014979,-0.161915043172796
16.32,0.1,0.100586738826401,-0.189511299562112
16.322,0.1,0.100580346441235,-0.21131652965866
16.324,0.1,0.100575694959389,-0.226792626184159
16.326,0.1,0.100572781388403,-0.23598052572644
16.328,0.1,0.10057185214271,-0.238015942853012
16.33,0.1,0.100572816154727,-0.233247662338776
16.332,0.1,0.100575646945359,-0.221785374600519
16.334,0.1,0.100580213321285,-0.204112131391151
16.336,0.1,0.100586488646637,-0.180339456428294
16.338,0.1,0.100594144200932,-0.151658757314749
16.34,0.1,0.100603090507376,-0.118412442273073
16.342,0.1,0.100612978647739,-0.0818671486123655
16.344,0.1,0.100623562214879,-0.0429316626848272
16.346,0.1,0.100634516722912,-0.00278593362839539
16.348,0.1,0.100645548082139,0.0374859251868428
16.35,0.1,0.100656358006841,0.0768023410247649
16.352,0.1,0.100666645639846,0.114068705053718
16.354,0.1,0.100676058111079,0.148009902984234
16.356,0.1,0.100684421845207,0.178034105911228
16.358,0.1,0.100691419763841,0.203010574101834
16.36,0.1,0.100696732810966,0.221817346113255
16.362,0.1,0.10070035124915,0.234460320940246
16.364,0.1,0.100702074538831,0.240242597548537
16.366,0.1,0.10070187367625,0.239086005013027
16.368,0.1,0.100699793831298,0.231173347405359
16.37,0.1,0.100695891140326,0.216722680955276
16.372,0.1,0.100690269007812,0.196121920185225
16.374,0.1,0.100683074019997,0.169916974200647
16.376,0.1,0.10067453619608,0.138951569305398
16.378,0.1,0.100664854532845,0.10396247263271
16.38,0.1,0.100654296664014,0.0659329296334826
16.382,0.1,0.100643186602249,0.0260392901527282
16.384,0.1,0.10063180123551,-0.0146976845959239
16.386,0.1,0.100620463365939,-0.0551111328330846
16.388,0.1,0.100609488021759,-0.0940527004282104
16.39,0.1,0.100599177619649,-0.13043855327492
16.392,0.1,0.100589882527838,-0.163013308378901
16.394,0.1,0.100581765449007,-0.191221560035024
16.396,0.1,0.100575181770734,-0.213795561560987
16.398,0.1,0.100570324177906,-0.230072921461254
16.4,0.1,0.100567260145052,-0.23983972759376
16.402,0.1,0.100566063522011,-0.242853109429437
16.404,0.1,0.100566798897805,-0.238900657767496
16.406,0.1,0.1005694238614,-0.228152285279342
16.408,0.1,0.100573812475405,-0.21107645421208
16.41,0.1,0.100579941246356,-0.187777050460887
16.412,0.1,0.100587457887054,-0.159534342661383
16.414,0.1,0.100596314699567,-0.126542528774195
16.416,0.1,0.100606225097671,-0.089851430142899
16.418,0.1,0.100616871649991,-0.05061782777662
16.42,0.1,0.100627948390143,-0.00995765295583887
16.422,0.1,0.100639135137179,0.0309557447655379
16.424,0.1,0.100650108139903,0.0709485247787641
16.426,0.1,0.100660559930143,0.108906066168895
16.428,0.1,0.100670213108776,0.143833669634174
16.43,0.1,0.100678697370379,0.174398937331791
16.432,0.1,0.100685848301472,0.200040136524723
16.434,0.1,0.100691333662294,0.219578385372401
16.436,0.1,0.1006950874045,0.232814309575631
16.438,0.1,0.100697041868168,0.2395332611415
16.44,0.1,0.100697027865675,0.239152450917754
16.442,0.1,0.100695120703202,0.231968142520275
16.444,0.1,0.100691354528329,0.218123285029496
16.446,0.1,0.100685867126403,0.198130284366299
16.448,0.1,0.100678674949664,0.172072953537473
16.45,0.1,0.100670152789839,0.141306936881121
16.452,0.1,0.100660400111124,0.106214211626399
16.454,0.1,0.100649739201708,0.0679690857688931
16.456,0.1,0.100638505555295,0.0277861672114545
16.458,0.1,0.100626989617898,-0.0132668132400646
16.46,0.1,0.100615521905129,-0.0539932314147487
16.462,0.1,0.100604401857275,-0.0933035786451285
16.464,0.1,0.100593911616797,-0.130183052797134
16.466,0.1,0.100584391303392,-0.163406442895194
16.468,0.1,0.100576103309747,-0.19205019083318
16.47,0.1,0.100569267796904,-0.215347613224469
16.472,0.1,0.10056413473913,-0.232425907589667
16.474,0.1,0.100560818676988,-0.242904090321511
16.476,0.1,0.100559363566989,-0.246650478816167
16.478,0.1,0.100559907098964,-0.243190139740718
16.48,0.1,0.100562287852135,-0.233120452878811
16.482,0.1,0.100566470647018,-0.216580667507059
16.484,0.1,0.100572374831842,-0.193875343230662
16.486,0.1,0.100579697589983,-0.166106180379906
16.488,0.1,0.100588378551289,-0.1335109082862
16.49,0.1,0.100598103704884,-0.0972362983542721
16.492,0.1,0.100608608763114,-0.0582541020456844
16.494,0.1,0.100619574714027,-0.0177282414135602
16.496,0.1,0.100630707921251,0.0232600131473886
16.498,0.1,0.100641698583104,0.0635836956595798
16.5,0.1,0.100652268530908,0.102235679762651
16.502,0.1,0.100662031523998,0.137808713962556
16.504,0.1,0.100670807968102,0.169689431203724
16.506,0.1,0.100678271704498,0.196711298354224
16.508,0.1,0.100684134387096,0.217861054359156
16.51,0.1,0.100688263821519,0.232697748918829
16.512,0.1,0.100690569730214,0.240924159176899
16.514,0.1,0.100690968329823,0.242261894669286
16.516,0.1,0.100689443756621,0.236674147360849
16.518,0.1,0.100686103531688,0.224563851507146
16.52,0.1,0.100681027887318,0.206234811279222
16.522,0.1,0.100674279937624,0.181933910068069
16.524,0.1,0.100666203771811,0.152911259204854
16.526,0.1,0.100656855651962,0.119394760805942
16.528,0.1,0.100646551160916,0.0825354127795861
16.53,0.1,0.100635592431721,0.0434333457179507
16.532,0.1,0.10062425946111,0.00311610208062859
16.534,0.1,0.100612884951614,-0.0372112456815733
16.536,0.1,0.100601773569035,-0.076443692713209
16.538,0.1,0.100591219656177,-0.113523059449361
16.54,0.1,0.100581601498986,-0.147084538040867
16.542,0.1,0.100573085211159,-0.176562163425653
16.544,0.1,0.100566020974526,-0.200706044094217
16.546,0.1,0.100560649463615,-0.218679044926842
16.548,0.1,0.100556995636771,-0.230423269159823
16.55,0.1,0.100555203883809,-0.2354418185346
16.552,0.1,0.100555376727487,-0.233388413925029
16.554,0.1,0.100557409827633,-0.22465690773326
16.556,0.1,0.10056125599283,-0.209432915754635
16.558,0.1,0.100566767731993,-0.188261037150556
16.56,0.1,0.100573921179405,-0.161250611311808
16.562,0.1,0.100582330925896,-0.129794610157858
16.564,0.1,0.100591895276993,-0.0942845322174113
16.566,0.1,0.1006022916397,-0.0558962170379972
16.568,0.1,0.100613181001054,-0.0158594920625395
16.57,0.1,0.100624267151421,0.0247378046767261
16.572,0.1,0.100635229196769,0.0647309463740215
16.574,0.1,0.100645754185859,0.10297886216602
16.576,0.1,0.100655539455591,0.138391711124942
16.578,0.1,0.100664260313676,0.169806891376714
16.58,0.1,0.100671744715738,0.196633424085318
16.582,0.1,0.10067762540009,0.217562022475326
16.584,0.1,0.1006818111038,0.2323053423137
16.586,0.1,0.100684187063973,0.240481074746716
16.588,0.1,0.100684645448755,0.241729689046619
16.59,0.1,0.100683150607788,0.23594951295453
16.592,0.1,0.100679795707834,0.223496267705587
16.594,0.1,0.100674641481337,0.204606550993784
16.596,0.1,0.100667800178893,0.179704172675586
16.598,0.1,0.100659565099829,0.14985575677921
16.6,0.1,0.100650064903027,0.11554579712423
16.602,0.1,0.100639589499719,0.077834676072543
16.604,0.1,0.100628474101505,0.0379391054613332
16.606,0.1,0.100617002356865,-0.00310162859368823
16.608,0.1,0.100605497359487,-0.0441069222706524
16.61,0.1,0.100594259691717,-0.0839875329119438
16.612,0.1,0.100583598287985,-0.121623006954924
16.614,0.1,0.100573858109315,-0.155771636598841
16.616,0.1,0.100565218478645,-0.185819297363025
16.618,0.1,0.100558010325711,-0.210585709746202
16.62,0.1,0.100552460895423,-0.229283308554247
16.622,0.1,0.1005487196148,-0.241405477427136
16.624,0.1,0.100546842119433,-0.246779727682433
16.626,0.1,0.100546896735871,-0.245181778335778
16.628,0.1,0.100548877695443,-0.236649783545238
16.63,0.1,0.10055268707604,-0.221550091043796
16.632,0.1,0.1005582063052,-0.200323017446433
16.634,0.1,0.100565288203709,-0.173515334409372
16.636,0.1,0.100573718177015,-0.141915361812824
16.638,0.1,0.100583290331043,-0.106285024595853
16.64,0.1,0.100593727013345,-0.067643276422611
16.642,0.1,0.100604711841387,-0.0271442549063683
16.644,0.1,0.100615953792729,0.0141404323993063
16.646,0.1,0.100627135064503,0.0550570578398597
16.648,0.1,0.100637947503291,0.0944804798114941
16.65,0.1,0.100648077883294,0.131281068452007
16.652,0.1,0.10065719029866,0.164255869029203
16.654,0.1,0.100665126183947,0.192863118318396
16.656,0.1,0.100671490990283,0.215690509083986
16.658,0.1,0.100676128944786,0.232212446271225
16.66,0.1,0.100679031897068,0.242430488783897
16.662,0.1,0.100680042666578,0.245799809761968
16.664,0.1,0.100679128331062,0.242224206093813
16.666,0.1,0.100676349642766,0.231940848183582
16.668,0.1,0.100671804380835,0.215318218400403
16.67,0.1,0.100665534010244,0.192525723095161
16.672,0.1,0.100657881714353,0.164811222777768
16.674,0.1,0.100648891185044,0.132355110908648
16.676,0.1,0.100638847567367,0.0961996084495108
16.678,0.1,0.100628035874191,0.0573872194091291
16.68,0.1,0.100616784339528,0.0171063290930583
16.682,0.1,0.100605391980991,-0.0235472451242975
16.684,0.1,0.100594173896855,-0.0634365564792339
16.686,0.1,0.100583456907042,-0.101374528880184
16.688,0.1,0.100573530377344,-0.136327764788551
16.69,0.1,0.100564729822531,-0.167097119365205
16.692,0.1,0.100557197349992,-0.193199153858656
16.694,0.1,0.100551279710031,-0.213401204614617
16.696,0.1,0.100547122957727,-0.227208587218403
16.698,0.1,0.100544771117393,-0.234489732563005
16.7,0.1,0.100544357666812,-0.234786388746492
16.702,0.1,0.1005457985218,-0.228419961198041
16.704,0.1,0.100549102415393,-0.215374512790497
16.706,0.1,0.10055414462125,-0.196112512668375
16.708,0.1,0.100560808366058,-0.171071160697894
16.71,0.1,0.100568786310062,-0.141364427829634
16.712,0.1,0.100577994724034,-0.10731737189539
16.714,0.1,0.100588084802506,-0.0701957966678328
16.716,0.1,0.100598772148126,-0.0310410042652304
16.718,0.1,0.100609739301574,0.00898746378615154
16.72,0.1,0.100620671303195,0.0487432623590721
16.722,0.1,0.100631269920439,0.0871399263665342
16.724,0.1,0.100641248103197,0.123142097271133
16.726,0.1,0.100650276730525,0.155565483018654
16.728,0.1,0.100658050543346,0.183328516856861
16.73,0.1,0.10066441064162,0.205892676420112
16.732,0.1,0.100669068661492,0.222246061017111
16.734,0.1,0.100671918536141,0.232042804780534
16.736,0.1,0.100672855023879,0.23493488220464
16.738,0.1,0.100671855684992,0.230868106298352
16.74,0.1,0.100668974684509,0.220058486598369
16.742,0.1,0.100664283065299,0.202779200700452
16.744,0.1,0.100657903630187,0.179489330605799
16.746,0.1,0.100650063030569,0.151019452452878
16.748,0.1,0.10064088085236,0.117823153909433
16.75,0.1,0.100630667147311,0.08103298494984
16.752,0.1,0.100619742859376,0.0418147315584428
16.754,0.1,0.100608376762301,0.00115521951643487
16.756,0.1,0.10059688355958,-0.0397896803381121
16.758,0.1,0.100585577747467,-0.0798832854879461
16.76,0.1,0.100574762794243,-0.118025433622863
16.762,0.1,0.100564722295853,-0.153202326414616
16.764,0.1,0.100555809063906,-0.184150324520019
16.766,0.1,0.100548234222006,-0.210139624221752
16.768,0.1,0.100542328710578,-0.230000571848394
16.77,0.1,0.100538100769515,-0.243743438036484
16.772,0.1,0.10053578989099,-0.250527589475127
16.774,0.1,0.100535442049524,-0.250213620916022
16.776,0.1,0.100536988394948,-0.2430695578298
16.778,0.1,0.100540395463629,-0.229231271228591
16.78,0.1,0.100545525741785,-0.209208538397585
16.782,0.1,0.100552328278238,-0.183204446781821
16.784,0.1,0.100560542497887,-0.152174301024361
16.786,0.1,0.100569974978923,-0.116835373490732
16.788,0.1,0.100580354066754,-0.0781860928031311
16.79,0.1,0.100591364641383,-0.037376536775466
16.792,0.1,0.100602707000978,0.00449256422817755
16.794,0.1,0.10061405476973,0.0462322762449361
16.796,0.1,0.100625101363004,0.0867260539865815
16.798,0.1,0.100635554584989,0.12491932738466
16.8,0.1,0.100645075272824,0.159587756229732
16.802,0.1,0.100653341012432,0.189582895440464
16.804,0.1,0.100660237190016,0.214524801250425
16.806,0.1,0.100665447614955,0.233290688274902
16.808,0.1,0.100668827991425,0.245391073892793
16.81,0.1,0.10067040844246,0.25096363441784
16.812,0.1,0.100669982330409,0.249284620784605
16.814,0.1,0.100667724766833,0.241006425451084
16.816,0.1,0.10066364886696,0.226193051015365
16.818,0.1,0.100657847897872,0.205197608610451
16.82,0.1,0.100650499643325,0.178677427391536
16.822,0.1,0.10064177658223,0.147269788397025
16.824,0.1,0.100631923265654,0.111869950279034
16.826,0.1,0.10062121159683,0.0734718794854566
16.828,0.1,0.100609972128911,0.0332753177104144
16.83,0.1,0.100598518433528,-0.00757600909714736
16.832,0.1,0.100587170264657,-0.0479234274150456
16.834,0.1,0.100576231817322,-0.0866643818020882
16.836,0.1,0.100565987654897,-0.122776326114738
16.838,0.1,0.100556779222037,-0.155032675938247
16.84,0.1,0.100548827962773,-0.182658380895264
16.842,0.1,0.100542388296889,-0.204759176937737
16.844,0.1,0.100537649065647,-0.22068308394614
16.846,0.1,0.100534748162894,-0.22996113696458
16.848,0.1,0.100533694314993,-0.232585853022789
16.85,0.1,0.10053455518505,-0.228332920724596
16.852,0.1,0.100537287607016,-0.217372815739177
16.854,0.1,0.100541762629097,-0.200181387313693
16.856,0.1,0.100547942098005,-0.176912328662554
16.858,0.1,0.100555451243429,-0.148919663780639
16.86,0.1,0.100564280678387,-0.116262056900033
16.862,0.1,0.100574057328027,-0.0802907366214444
16.864,0.1,0.100584533210178,-0.0419192360741725
16.866,0.1,0.100595381319247,-0.0023345603267594
16.868,0.1,0.100606303756849,0.0373655916405813
16.87,0.1,0.10061699709471,0.0760842940646219
16.872,0.1,0.100627161986032,0.112734598271318
16.874,0.1,0.100636442719184,0.146032027677977
16.876,0.1,0.100644656781531,0.175351939775005
16.878,0.1,0.100651468105577,0.199496597203469
16.88,0.1,0.100656569639778,0.217390368214116
16.882,0.1,0.100659983474667,0.229155167568482
16.884,0.1,0.100661509287913,0.234095292710365
16.886,0.1,0.1006611150513,0.232122563116054
16.888,0.1,0.100658820762287,0.223330623368053
16.89,0.1,0.100654703428683,0.208014056955226
16.892,0.1,0.100648846363325,0.186491031390542
16.894,0.1,0.100641432677659,0.159440206629921
16.896,0.1,0.100632745953933,0.127894094718654
16.898,0.1,0.100622904369788,0.0923066541792431
16.9,0.1,0.100612229809778,0.0538527601981615
16.902,0.1,0.100601021715879,0.0136256462253597
16.904,0.1,0.100589580866734,-0.0272715677554929
16.906,0.1,0.100578223537489,-0.0676933267774598
16.908,0.1,0.100567253293711,-0.106537564929246
16.91,0.1,0.100556980626142,-0.14268888290904
16.912,0.1,0.100547765413222,-0.174858421345021
16.914,0.1,0.100539777615325,-0.202468616644943
16.916,0.1,0.100533356931608,-0.224312149151204
16.918,0.1,0.100528707823286,-0.239685012458149
16.92,0.1,0.100525818105298,-0.248663810419617
16.922,0.1,0.100524922107516,-0.250425014429183
16.924,0.1,0.100525947310597,-0.245253019927254
16.926,0.1,0.100528851129259,-0.233317666752766
16.928,0.1,0.100533511873326,-0.215072134289136
16.93,0.1,0.100539907710711,-0.190614522065908
16.932,0.1,0.100547700739625,-0.161175493750564
16.934,0.1,0.100556819892829,-0.127034109243007
16.936,0.1,0.100566949694075,-0.0893434167508267
16.938,0.1,0.100577770886697,-0.049265709933351
16.94,0.1,0.100589002840443,-0.00783203317280843
16.942,0.1,0.100600307257472,0.033719056239324
16.944,0.1,0.100611371540219,0.074258081032058
16.946,0.1,0.100621889697094,0.112672542731261
16.948,0.1,0.100631552579667,0.14784964765551
16.95,0.1,0.100640103815999,0.17888119527225
16.952,0.1,0.100647238483079,0.204683051549537
16.954,0.1,0.100652685400724,0.224303824707927
16.956,0.1,0.100656427363039,0.237720603369053
16.958,0.1,0.100658348391913,0.244541448336964
16.96,0.1,0.100658271379981,0.244154337355034
16.962,0.1,0.100656337331007,0.237090759310534
16.964,0.1,0.100652547122118,0.223372348521563
16.966,0.1,0.100647031796006,0.203486671221872
16.968,0.1,0.100639867620403,0.177727136705248
16.97,0.1,0.100631270476023,0.146885832195826
16.972,0.1,0.100621501601607,0.111915992225575
16.974,0.1,0.100610825028685,0.0737832308308085
16.976,0.1,0.100599581952653,0.0337218691082858
16.978,0.1,0.100588062937621,-0.00720482620076937
16.98,0.1,0.100576590429591,-0.0478257189110302
16.982,0.1,0.100565477926295,-0.0869994540778832
16.984,0.1,0.100555004876149,-0.123722938301984
16.986,0.1,0.100545513439673,-0.156762758878998
16.988,0.1,0.10053717798112,-0.18551853762248
16.99,0.1,0.100530341489776,-0.208767296656557
16.992,0.1,0.100525158183995,-0.225987038241844
16.994,0.1,0.100521787375906,-0.236631932217787
16.996,0.1,0.100520264690679,-0.240600117664045
16.998,0.1,0.100520659278397,-0.237662884174479
17,0.1,0.100522924622363,-0.22800327501064
17.002,0.1,0.100527015691201,-0.211796861438163
17.004,0.1,0.10053274167746,-0.189741668489554
17.006,0.1,0.100539959160009,-0.162368529544517
17.008,0.1,0.100548476988052,-0.130380659283382
17.01,0.1,0.100558043331527,-0.0947015760208891
17.012,0.1,0.100568389705955,-0.0563169539148044
17.014,0.1,0.100579194777549,-0.0163976437007046
17.016,0.1,0.100590166709991,0.0239827355378387
17.018,0.1,0.100600995750312,0.0636968502654596
17.02,0.1,0.100611380953649,0.101651774090191
17.022,0.1,0.100621041046174,0.136837609987266
17.024,0.1,0.100629592489092,0.16787417607415
17.026,0.1,0.100636920082838,0.194383628100462
17.028,0.1,0.100642644685869,0.21501355059312
17.03,0.1,0.100646616876517,0.229261468619305
17.032,0.1,0.100648753416365,0.236857492181399
17.034,0.1,0.100648962392622,0.237494599898445
17.036,0.1,0.100647305658534,0.231415882655533
17.038,0.1,0.100643822131768,0.218777567571777
17.04,0.1,0.100638640243207,0.200056894823277
17.042,0.1,0.100631829700163,0.175524901881103
17.044,0.1,0.100623617198092,0.146015435851163
17.046,0.1,0.100614202904549,0.112269479678053
17.048,0.1,0.100603849606833,0.0752523720789638
17.05,0.1,0.100592859987266,0.0360677475265532
17.052,0.1,0.100581521786967,-0.00423001062758622
17.054,0.1,0.100570160299832,-0.0444609875808493
17.056,0.1,0.100559084695616,-0.0835051548655484
17.058,0.1,0.100548593100309,-0.120292701936088
17.06,0.1,0.100539050336828,-0.153512360726331
17.062,0.1,0.100530707124163,-0.182286754078288
17.064,0.1,0.100523792477372,-0.20581583063306
17.066,0.1,0.100518583107473,-0.223127774677537
17.068,0.1,0.10051519111345,-0.233849593202553
17.07,0.1,0.100513659826619,-0.237850952002352
17.072,0.1,0.100514130844736,-0.234644274048371
17.074,0.1,0.100516435612561,-0.224853828200784
17.076,0.1,0.100520551614358,-0.208576498156976
17.078,0.1,0.100526363604031,-0.186243309222492
17.08,0.1,0.100533714819835,-0.158437177537844
17.082,0.1,0.100542373087774,-0.126008626197227
17.084,0.1,0.100552129060814,-0.0897316825198596
17.086,0.1,0.100562677259785,-0.0507230526801601
17.088,0.1,0.100573686596758,-0.0101844198264066
17.09,0.1,0.100584851639918,0.0307654592036612
17.092,0.1,0.100595844721742,0.0709309971838703
17.094,0.1,0.100606358576358,0.109200690919602
17.096,0.1,0.100616106658028,0.144544871326185
17.098,0.1,0.100624742017843,0.175717810234898
17.1,0.1,0.100632088090561,0.202113677739842
17.102,0.1,0.10063781560995,0.222564382215186
17.104,0.1,0.100641794350928,0.236639910659011
17.106,0.1,0.100643979559538,0.244212392816725
17.108,0.1,0.100644214685564,0.244745767261404
17.11,0.1,0.100642504920011,0.238285316373606
17.112,0.1,0.100638905202855,0.225049194656812
17.114,0.1,0.10063354444671,0.205517516854072
17.116,0.1,0.100626480953749,0.179920054304866
17.118,0.1,0.100617989942663,0.149259889358772
17.12,0.1,0.100608259782784,0.114231761306106
17.122,0.1,0.100597588070909,0.0759210210835974
17.124,0.1,0.10058629066696,0.0354759936579671
17.126,0.1,0.100574674255979,-0.0059831073184828
17.128,0.1,0.100563058983826,-0.0472879024320995
17.13,0.1,0.100551746404614,-0.0873419318569339
17.132,0.1,0.100541015927002,-0.125136998085624
17.134,0.1,0.100531214753341,-0.159417111224001
17.136,0.1,0.100522533461874,-0.189523517542802
17.138,0.1,0.10051530034327,-0.214285529185378
17.14,0.1,0.100509764425512,-0.232836280209954
17.142,0.1,0.100505924488724,-0.245216067718698
17.144,0.1,0.100503971439233,-0.250758877153826
17.146,0.1,0.100504023157708,-0.249062133696906
17.148,0.1,0.100505920811263,-0.240714894996932
17.15,0.1,0.100509642053768,-0.225809569904816
17.152,0.1,0.100515056269446,-0.204827876635235
17.154,0.1,0.100522068689845,-0.178126889986449
17.156,0.1,0.100530378252336,-0.146801650829359
17.158,0.1,0.100539853639674,-0.1113462886596
17.16,0.1,0.100550189201375,-0.0728788979774561
17.162,0.1,0.100561062180653,-0.0325757723285481
17.164,0.1,0.100572190789164,0.00852770121443863
17.166,0.1,0.100583259443516,0.0492762971388544
17.168,0.1,0.100593959693652,0.0885497342261117
17.17,0.1,0.10060400501543,0.125316290548621
17.172,0.1,0.100613036736801,0.158282607983205
17.174,0.1,0.100620838258698,0.186694976857312
17.176,0.1,0.100627204312626,0.209835643306664
17.178,0.1,0.100631782350281,0.226454940550349
17.18,0.1,0.100634606127987,0.236708434738965
17.182,0.1,0.100635597434117,0.240335081603129
17.184,0.1,0.100634660387787,0.237008538266262
17.186,0.1,0.100631872419409,0.227024392088584
17.188,0.1,0.100627342815433,0.210790935304604
17.19,0.1,0.10062111034942,0.18846694183397
17.192,0.1,0.100613491939884,0.16120707573412
17.194,0.1,0.100604566365636,0.129316091169749
17.196,0.1,0.100594602234621,0.0937775820601959
17.198,0.1,0.100583869577335,0.0555803380297903
17.2,0.1,0.100572684778905,0.0158736042167012
17.202,0.1,0.100561359601135,-0.024206389072967
17.204,0.1,0.100550216107439,-0.063493818463814
17.206,0.1,0.100539577443061,-0.100822763513436
17.208,0.1,0.100529729418983,-0.135174440007251
17.21,0.1,0.100521034772631,-0.165251372240353
17.212,0.1,0.100513634594107,-0.190575478141224
17.214,0.1,0.100507906754202,-0.209803290946802
17.216,0.1,0.100503872429832,-0.222892011222825
17.218,0.1,0.100501721298565,-0.22918188410375
17.22,0.1,0.100501512198995,-0.228484984484829
17.222,0.1,0.100503145540536,-0.221177709220083
17.224,0.1,0.100506603572533,-0.207339418893133
17.226,0.1,0.100511771925816,-0.187396114638808
17.228,0.1,0.100518570061329,-0.161657829165667
17.23,0.1,0.100526683553412,-0.131265431548765
17.232,0.1,0.10053598512428,-0.0967002809432164
17.234,0.1,0.100546160385149,-0.0591094289943421
17.236,0.1,0.100556880351976,-0.0196856252001213
17.238,0.1,0.100567855639891,0.0205051571488512
17.24,0.1,0.100578755241394,0.0602631159041241
17.242,0.1,0.100589277145483,0.0984899470379889
17.244,0.1,0.100599131040034,0.134140888956781
17.246,0.1,0.100607969827959,0.165968113480339
17.248,0.1,0.10061557010496,0.193194462703644
17.25,0.1,0.10062164499633,0.214809189193647
17.252,0.1,0.100626004168068,0.23016264732604
17.254,0.1,0.100628544792797,0.23892025131115
17.256,0.1,0.100629160091159,0.2407280178486
17.258,0.1,0.10062784913846,0.235609110146381
17.26,0.1,0.100624612604459,0.223587582066496
17.262,0.1,0.100619571471294,0.20511570217122
17.264,0.1,0.100612782777896,0.180418585365133
17.266,0.1,0.100604607140686,0.15080268279669
17.268,0.1,0.100595132866708,0.116607469980635
17.27,0.1,0.100584653834993,0.0789071732784337
17.272,0.1,0.100573491708423,0.0388726772006191
17.274,0.1,0.100561944966367,-0.00240690776611263
17.276,0.1,0.10055032922198,-0.0437711832504401
17.278,0.1,0.100538944931054,-0.084135796526424
17.28,0.1,0.100528089119072,-0.122420407210939
17.282,0.1,0.100518077339819,-0.157489361349022
17.284,0.1,0.100509146284871,-0.188512075537199
17.286,0.1,0.100501617480165,-0.214344292668274
17.288,0.1,0.100495740206277,-0.234118601158914
17.29,0.1,0.100491550552885,-0.247741565293603
17.292,0.1,0.100489295929459,-0.254343856296821
17.294,0.1,0.100488991653801,-0.253895745999545
17.296,0.1,0.100490571900205,-0.246651968536306
17.298,0.1,0.100494007351961,-0.232730809516473
17.3,0.1,0.10049919302005,-0.212522500133866
17.302,0.1,0.100506007524515,-0.186479243687553
17.304,0.1,0.100514214316845,-0.155466637948002
17.306,0.1,0.1005236285512,-0.120169583960947
17.308,0.1,0.100533934076956,-0.081740189209748
17.31,0.1,0.100544870215482,-0.0411378587459009
17.312,0.1,0.100556122256456,0.000484612110112647
17.314,0.1,0.100567372818394,0.041971486372895
17.316,0.1,0.100578324771741,0.0822378633076408
17.318,0.1,0.100588675103663,0.120186168727364
17.32,0.1,0.100598084726265,0.154592682966836
17.322,0.1,0.100606354437246,0.184763360199956
17.324,0.1,0.100613157650456,0.209532239490562
17.326,0.1,0.100618337557884,0.22836355860385
17.328,0.1,0.100621727284264,0.240681583402389
17.33,0.1,0.100623267885604,0.246298463560504
17.332,0.1,0.100622867715375,0.244904484054893
17.334,0.1,0.100620661674773,0.237003683208083
17.336,0.1,0.100616664154911,0.222662838646603
17.338,0.1,0.100610985189184,0.202293482133163
17.34,0.1,0.100603722816498,0.176267154673875
17.342,0.1,0.100595100728278,0.145404663575388
17.344,0.1,0.100585372071493,0.110631303108255
17.346,0.1,0.100574778375647,0.0728320444699525
17.348,0.1,0.100563642541286,0.0331793046141847
17.35,0.1,0.100552276363278,-0.00718888601447634
17.352,0.1,0.100541002315845,-0.0471081461502802
17.354,0.1,0.10053012342422,-0.0854798877164948
17.356,0.1,0.100519950608878,-0.121184262325034
17.358,0.1,0.100510828627818,-0.152985880082209
17.36,0.1,0.100502919024093,-0.180328089848788
17.362,0.1,0.100496548531703,-0.202049939081111
17.364,0.1,0.100491880267409,-0.217591955750644
17.366,0.1,0.100489031721351,-0.226556739971401
17.368,0.1,0.100488074148843,-0.22870992856901
17.37,0.1,0.100488984353995,-0.224153065171521
17.372,0.1,0.100491729961478,-0.21301700173654
17.374,0.1,0.100496196086374,-0.195727280058698
17.376,0.1,0.100502335173543,-0.17247200837374
17.378,0.1,0.100509898934073,-0.14415704609836
17.38,0.1,0.100518709279756,-0.111441083565085
17.382,0.1,0.100528473910239,-0.0753898881422826
17.384,0.1,0.100538901087826,-0.037066780331566
17.386,0.1,0.100549705110006,0.00248054396383227
17.388,0.1,0.10056055872927,0.0420592339906453
17.39,0.1,0.100571155630498,0.080557730293743
17.392,0.1,0.100581182400785,0.116840841676662
17.394,0.1,0.100590290675002,0.149656136003699
17.396,0.1,0.100598265941878,0.178260527654021
17.398,0.1,0.100604832709798,0.201680915175222
17.4,0.1,0.100609659902829,0.218752547915722
17.402,0.1,0.100612751119037,0.229529011529106
17.404,0.1,0.10061393374185,0.233415804626751
17.406,0.1,0.100613196380207,0.230398259252994
17.408,0.1,0.100610536671922,0.2204890269629
17.41,0.1,0.100606049941275,0.204047792663745
17.412,0.1,0.100599784935001,0.181269689727314
17.414,0.1,0.100592110431472,0.153490759477109
17.416,0.1,0.100583082132596,0.12093493843933
17.418,0.1,0.100572947973956,0.0845170475303496
17.42,0.1,0.100562078939189,0.0455785451992059
17.422,0.1,0.100550717980029,0.00501608879151016
17.424,0.1,0.100539177794324,-0.0360286794740318
17.426,0.1,0.100527778404482,-0.076387151470235
17.428,0.1,0.100516823684009,-0.114963759463205
17.43,0.1,0.100506612602813,-0.150686020469902
17.432,0.1,0.100497496845384,-0.182296484708554
17.434,0.1,0.10048966592599,-0.209144980622059
17.436,0.1,0.100483486951829,-0.229927042053044
17.438,0.1,0.100478982863095,-0.244600957824841
17.44,0.1,0.100476374158573,-0.252395751775296
17.442,0.1,0.100475747851426,-0.253024025992883
17.444,0.1,0.100477046549046,-0.246712936177423
17.446,0.1,0.100480230986123,-0.233618638405207
17.448,0.1,0.100485169030576,-0.214229957269483
17.45,0.1,0.100491834144296,-0.188660194052723
17.452,0.1,0.100499885736003,-0.15814761761799
17.454,0.1,0.10050922793978,-0.123058469107771
17.456,0.1,0.10051955647381,-0.0845059672059941
17.458,0.1,0.100530541503224,-0.0436899886331166
17.46,0.1,0.100541898680862,-0.00165415184215683
17.462,0.1,0.100553303109762,0.0404152444246438
17.464,0.1,0.100564438348834,0.0813618366249552
17.466,0.1,0.100575014139435,0.120137461775184
17.468,0.1,0.100584678288425,0.155465479814354
17.47,0.1,0.100593214022362,0.186587313972784
17.472,0.1,0.100600397293649,0.212711603878602
17.474,0.1,0.100605878199129,0.232593930081686
17.476,0.1,0.100609643700744,0.246224118421974
17.478,0.1,0.100611593683471,0.25326489946659
17.48,0.1,0.100611613222646,0.253324380762526
17.482,0.1,0.100609712128193,0.246458348568325
17.484,0.1,0.100605970496927,0.232971828174679
17.486,0.1,0.100600519769871,0.213352014423807
17.488,0.1,0.100593417447494,0.187822577539213
17.49,0.1,0.100584903993849,0.157261876935309
17.492,0.1,0.100575202842836,0.122487766160413
17.494,0.1,0.100564598733727,0.0845359157306528
17.496,0.1,0.100553401851058,0.0445333200613995
17.498,0.1,0.100541920494461,0.00360535995280652
17.5,0.1,0.100530469684369,-0.0371096032625648
17.502,0.1,0.100519369089898,-0.076442913821443
17.504,0.1,0.1005089059369,-0.113361811707374
17.506,0.1,0.100499427335301,-0.146614961121092
17.508,0.1,0.100491072735931,-0.175725397459375
17.51,0.1,0.100484216243912,-0.199354485119551
17.512,0.1,0.100479023564045,-0.216934061789392
17.514,0.1,0.100475579723123,-0.228183670682548
17.516,0.1,0.100473973983653,-0.232802575938459
17.518,0.1,0.100474275309996,-0.230560133835474
17.52,0.1,0.100476449766843,-0.221592111073447
17.522,0.1,0.100480389811861,-0.206296236622605
17.524,0.1,0.100485955784804,-0.185184954173063
17.526,0.1,0.100493023442473,-0.158719194284778
17.528,0.1,0.10050139923865,-0.127609072486021
17.53,0.1,0.100510821185478,-0.0928124562758842
17.532,0.1,0.100521019136944,-0.0553181748286538
17.534,0.1,0.100531673624366,-0.0162877174019152
17.536,0.1,0.100542493186115,0.0232063234932589
17.538,0.1,0.100553162310139,0.0620210000219253
17.54,0.1,0.100563377634809,0.0990553153110239
17.542,0.1,0.100572857709739,0.133300578475182
17.544,0.1,0.100581209695362,0.163344957671709
17.546,0.1,0.100588281484669,0.188674912687075
17.548,0.1,0.100593764419607,0.208198985106946
17.55,0.1,0.100597461314957,0.221239867478078
17.552,0.1,0.100599360911987,0.227786693822599
17.554,0.1,0.100599310944877,0.227314594766125
17.556,0.1,0.100597382367485,0.220099115070214
17.558,0.1,0.100593632652501,0.206362984736781
17.56,0.1,0.100588206908426,0.186642214580489
17.562,0.1,0.100581163549561,0.16116861947503
17.564,0.1,0.100572767970148,0.130912351329769
17.566,0.1,0.100563208142042,0.096571262849843
17.568,0.1,0.100552749090539,0.0591199158361072
17.57,0.1,0.100541697585577,0.0196759865925528
17.572,0.1,0.100530351287238,-0.0206714238972542
17.574,0.1,0.100519029476883,-0.0607634303578897
17.576,0.1,0.100508042207857,-0.0994771968907218
17.578,0.1,0.100497684241566,-0.135757554153449
17.58,0.1,0.100488350860814,-0.168182351101306
17.582,0.1,0.100480206727306,-0.196195229273148
17.584,0.1,0.100473607377332,-0.218530355426879
17.586,0.1,0.10046872113203,-0.234615484830128
17.588,0.1,0.100465678184047,-0.244010449475146
17.59,0.1,0.100464557812616,-0.24645508991125
17.592,0.1,0.100465444435421,-0.241667223996223
17.594,0.1,0.100468175611013,-0.230248278244235
17.596,0.1,0.100472682996833,-0.212457824371979
17.598,0.1,0.100478920379454,-0.188479557904074
17.6,0.1,0.100486696725546,-0.159018952631879
17.602,0.1,0.100495716236233,-0.125152879224518
17.604,0.1,0.100505798900637,-0.0875516958685861
17.606,0.1,0.100516620916498,-0.0473954391497912
17.608,0.1,0.100527857393671,-0.00586559520631971
17.61,0.1,0.100539199166782,0.035900760444649
17.612,0.1,0.100550326697321,0.076743967706968
17.614,0.1,0.100560937729519,0.115565940950815
17.616,0.1,0.100570754358442,0.151367890651816
17.618,0.1,0.100579434954997,0.182921520889168
17.62,0.1,0.100586779674086,0.209532691757671
17.622,0.1,0.100592501392648,0.230187054730669
17.624,0.1,0.100596492013807,0.244530814556272
17.626,0.1,0.100598631602032,0.252160383703343
17.628,0.1,0.100598803161844,0.25268087609907
17.63,0.1,0.100597084017975,0.246393764474966
17.632,0.1,0.100593480462566,0.233338412139999
17.634,0.1,0.100588110988802,0.213955074323443
17.636,0.1,0.100581059127876,0.188559387546096
17.638,0.1,0.100572549427509,0.157970926474848
17.64,0.1,0.100562829454258,0.123091643403763
17.642,0.1,0.100552175296801,0.0849263046816622
17.644,0.1,0.10054089810808,0.0446056249696665
17.646,0.1,0.100529314146253,0.00328274904291227
17.648,0.1,0.100517740747955,-0.0378906628335096
17.65,0.1,0.100506468839307,-0.0778533188840757
17.652,0.1,0.10049580111073,-0.115507206325874
17.654,0.1,0.100486075558774,-0.149632469350408
17.656,0.1,0.100477450477385,-0.179684208326934
17.658,0.1,0.100470254931085,-0.204486226234418
17.66,0.1,0.100464656455903,-0.223463288547133
17.662,0.1,0.100460855743222,-0.235917305440433
17.664,0.1,0.100458883460289,-0.24176252254873
17.666,0.1,0.100458846695992,-0.240631518107011
17.668,0.1,0.100460645260322,-0.232898572937995
17.67,0.1,0.100464282677379,-0.218561625814584
17.672,0.1,0.100469617286801,-0.198139970471241
17.674,0.1,0.100476482330118,-0.172245195909194
17.676,0.1,0.100484707820214,-0.141501905517551
17.678,0.1,0.100494041115581,-0.106833595318349
17.68,0.1,0.100504239486893,-0.0691317266531162
17.682,0.1,0.100514987334474,-0.0295474520541746
17.684,0.1,0.100525986053541,0.0108271441406309
17.686,0.1,0.100536927175034,0.0508625432216534
17.688,0.1,0.100547502829462,0.0894407403452422
17.69,0.1,0.100557424393876,0.125521790000296
17.692,0.1,0.100566328466663,0.157795040693797
17.694,0.1,0.10057401409768,0.185563737587911
17.696,0.1,0.100580245317017,0.207996546891243
17.698,0.1,0.100584705249715,0.223973757912462
17.7,0.1,0.100587399130218,0.233545138561391
17.702,0.1,0.100588253088052,0.236464295453018
17.704,0.1,0.10058717800329,0.232427746025404
17.706,0.1,0.100584286105102,0.221854602409513
17.708,0.1,0.100579642011032,0.204991536619807
17.71,0.1,0.10057332110992,0.182128084720716
17.712,0.1,0.10056565116281,0.154457480515676
17.714,0.1,0.100556671025027,0.122143451150356
17.716,0.1,0.100546681827404,0.0862863595583401
17.718,0.1,0.100535957893472,0.0478907249359975
17.72,0.1,0.100524809708394,0.0080847880306495
17.722,0.1,0.100513550185381,-0.0319887105643354
17.724,0.1,0.100502498192506,-0.0711813301602918
17.726,0.1,0.100491980236569,-0.108313356716088
17.728,0.1,0.100482363235225,-0.142068400659209
17.73,0.1,0.100473867899406,-0.171679468742852
17.732,0.1,0.100466734769086,-0.196298507517621
17.734,0.1,0.100461323148992,-0.214652008545414
17.736,0.1,0.100457669023261,-0.226641995927573
17.738,0.1,0.100455920140362,-0.231759032171334
17.74,0.1,0.10045612972242,-0.229832959562306
17.742,0.1,0.100458205918794,-0.221210369093475
17.744,0.1,0.10046211257362,-0.206035333839511
17.746,0.1,0.100467792913175,-0.184528474217852
17.748,0.1,0.100474947533488,-0.157778271151433
17.75,0.1,0.100483487943661,-0.126122651461495
17.752,0.1,0.100493186395684,-0.090402259389299
17.754,0.1,0.100503642814529,-0.0520585033960344
17.756,0.1,0.100514634776308,-0.0119155195076135
17.758,0.1,0.100525824161486,0.0287917320673236
17.76,0.1,0.100536882701435,0.0688745482033792
17.762,0.1,0.100547507619355,0.107232427430807
17.764,0.1,0.100557391155803,0.142756368695147
17.766,0.1,0.100566249297448,0.174435774240944
17.768,0.1,0.100573788562818,0.201230616432536
17.77,0.1,0.100579746038219,0.22222111425744
17.772,0.1,0.10058398457554,0.236950056521424
17.774,0.1,0.100586405795254,0.245094377062285
17.776,0.1,0.100586882949869,0.246226571266488
17.778,0.1,0.100585317023829,0.240016508821802
17.78,0.1,0.100581882562553,0.227110335965994
17.782,0.1,0.100576645108411,0.207758183864474
17.784,0.1,0.100569677890403,0.18224009719214
17.786,0.1,0.10056128287501,0.151651500332453
17.788,0.1,0.100551619114882,0.116580038079826
17.79,0.1,0.10054097815842,0.0780898574055269
17.792,0.1,0.100529716782809,0.0374692101210079
17.794,0.1,0.100518104465143,-0.00429248561299199
17.796,0.1,0.10050646140826,-0.0460254872819054
17.798,0.1,0.100495094882701,-0.0866089147548461
17.8,0.1,0.100484286221042,-0.125026001631458
17.802,0.1,0.100474379273405,-0.160030846897135
17.804,0.1,0.10046553968927,-0.191054961314904
17.806,0.1,0.100458109016698,-0.21687460016876
17.808,0.1,0.10045232788675,-0.236651087134046
17.81,0.1,0.100448256461216,-0.250200203215087
17.812,0.1,0.100446041045183,-0.257016866298986
17.814,0.1,0.100445796981052,-0.256704999397125
17.816,0.1,0.100447436807683,-0.249594727211813
17.818,0.1,0.100450914840707,-0.235860112454164
17.82,0.1,0.100456090729044,-0.216014743700674
17.822,0.1,0.100462896660227,-0.190312966438597
17.824,0.1,0.100471085707152,-0.159655099685847
17.826,0.1,0.100480480137739,-0.124696911918175
17.828,0.1,0.100490726636658,-0.086721052562733
17.83,0.1,0.100501600669625,-0.0465561327529951
17.832,0.1,0.100512784018805,-0.00536472944384044
17.834,0.1,0.100523971013308,0.0357353980854839
17.836,0.1,0.100534849994323,0.0756049941868004
17.838,0.1,0.100545135303012,0.113212607366049
17.84,0.1,0.100554465786949,0.147250986713424
17.842,0.1,0.100562673377523,0.177138753339565
17.844,0.1,0.100569458405851,0.201805960255204
17.846,0.1,0.100574580888496,0.220410161194892
17.848,0.1,0.100577924533323,0.232557400674755
17.85,0.1,0.100579483214551,0.238246207637271
17.852,0.1,0.10057914377994,0.23708405766537
17.854,0.1,0.100576966366868,0.229301705505683
17.856,0.1,0.100573030723622,0.215198638569259
17.858,0.1,0.100567472601865,0.19527590680267
17.86,0.1,0.100560346417859,0.169746872031245
17.862,0.1,0.100551912157745,0.139561199685078
17.864,0.1,0.100542364376763,0.105435528352841
17.866,0.1,0.100531962811294,0.0683198871997273
17.868,0.1,0.100521037308634,0.0294095106198423
17.87,0.1,0.100509884613653,-0.0102139930427536
17.872,0.1,0.10049883291751,-0.0493611464790884
17.874,0.1,0.100488197253653,-0.0868958648488456
17.876,0.1,0.100478287597762,-0.121705402024297
17.878,0.1,0.100469402074237,-0.15272758078847
17.88,0.1,0.100461832569009,-0.178927498609387
17.882,0.1,0.100455800517487,-0.199530705715213
17.884,0.1,0.100451546155646,-0.213696719041314
17.886,0.1,0.100449040693953,-0.221553577281419
17.888,0.1,0.100448453800699,-0.222509889751851
17.89,0.1,0.100449763232404,-0.216662997576783
17.892,0.1,0.100452900284908,-0.204273474640464
17.894,0.1,0.100457736913579,-0.185813718269697
17.896,0.1,0.100464240644183,-0.161419166151646
17.898,0.1,0.100472079819319,-0.13229207916954
17.9,0.1,0.100481168886371,-0.0987635122670067
17.902,0.1,0.100491177598516,-0.062034546486483
17.904,0.1,0.100501793350756,-0.0232403141568672
17.906,0.1,0.100512738919754,0.016600547379191
17.908,0.1,0.100523673460074,0.0562449507956707
17.91,0.1,0.100534293075338,0.0945970718558681
17.912,0.1,0.100544288007273,0.130535445868275
17.914,0.1,0.100553299144418,0.162769881578641
17.916,0.1,0.100561153786735,0.19071020516993
17.918,0.1,0.100567482580106,0.213039698872392
17.92,0.1,0.100572072483352,0.229026740702735
17.922,0.1,0.100574886592186,0.238574005619822
17.924,0.1,0.10057575912042,0.241111840475551
17.926,0.1,0.10057461841876,0.236408926696799
17.928,0.1,0.100571580247259,0.224900940383198
17.93,0.1,0.100566738364781,0.206939298005883
17.932,0.1,0.100560119836361,0.182639126704867
17.934,0.1,0.100552031644354,0.153116522223574
17.936,0.1,0.100542700335247,0.11919796732122
17.938,0.1,0.100532296263754,0.0815197761635948
17.94,0.1,0.100521190704912,0.0414262142132485
17.942,0.1,0.100509656627096,-7.99093757014996e-05
17.944,0.1,0.100498020958997,-0.0418029725526463
17.946,0.1,0.100486585008549,-0.0826502799673127
17.948,0.1,0.100475633771994,-0.121587446805104
17.95,0.1,0.100465509632814,-0.157374944273806
17.952,0.1,0.100456435918092,-0.18923288292202
17.954,0.1,0.100448729055503,-0.216033789371724
17.956,0.1,0.100442670396762,-0.236790709077963
17.958,0.1,0.10043828890484,-0.251435648496779
17.96,0.1,0.100435827685272,-0.259113660346641
17.962,0.1,0.10043533810865,-0.259663110037554
17.964,0.1,0.100436758578564,-0.253322119610115
17.966,0.1,0.100440060389532,-0.240204446717244
17.968,0.1,0.100445117937196,-0.220771123434375
17.97,0.1,0.100451843438505,-0.19534888365463
17.972,0.1,0.100460037193433,-0.164668274061448
17.974,0.1,0.100469445070293,-0.129656984689365
17.976,0.1,0.100479803615204,-0.0912774905880711
17.978,0.1,0.100490812779892,-0.0506242347545454
17.98,0.1,0.100502182389516,-0.00876343974439321
17.982,0.1,0.100513582396328,0.0331042245740646
17.984,0.1,0.100524721163351,0.0739121411610748
17.986,0.1,0.10053530115478,0.112579349941977
17.988,0.1,0.100544999535216,0.147937935900328
17.99,0.1,0.10055360029225,0.179225144962754
17.992,0.1,0.10056079774246,0.205349145426908
17.994,0.1,0.100566402318425,0.22565016596872
17.996,0.1,0.10057022810233,0.239481535595359
17.998,0.1,0.100572278248987,0.246878234018584
18,0.1,0.100572446164934,0.247472633605738
18.002,0.1,0.100570717726804,0.241229507968415
18.004,0.1,0.100567176512631,0.228462768865533
18.006,0.1,0.10056193316851,0.209582579173149
18.008,0.1,0.100555088165161,0.184963405741704
18.01,0.1,0.100546817053173,0.155250702651629
18.012,0.1,0.100537370147559,0.121357021738489
18.014,0.1,0.100527014904281,0.0842551736319884
18.016,0.1,0.100516042828438,0.0450052666041408
18.018,0.1,0.100504764640539,0.00473758651326585
18.02,0.1,0.100493506157517,-0.0353634084559629
18.022,0.1,0.100482576113813,-0.0741801221093567
18.024,0.1,0.100472274271733,-0.110630336391996
18.026,0.1,0.100462923605292,-0.143552594539305
18.028,0.1,0.100454734276912,-0.172206775948713
18.03,0.1,0.100448033584416,-0.195426722061413
18.032,0.1,0.100442973518371,-0.212689642237637
18.034,0.1,0.100439708032235,-0.223462365860401
18.036,0.1,0.100438243952164,-0.227739243814761
18.038,0.1,0.100438701045702,-0.225104094602328
18.04,0.1,0.100440958449753,-0.216003339739834
18.042,0.1,0.100445003078853,-0.200494720436333
18.044,0.1,0.100450745522426,-0.17891244805151
18.046,0.1,0.100457870469309,-0.152399797642136
18.048,0.1,0.100466320565937,-0.121180640422005
18.05,0.1,0.100475810611732,-0.0862953574849661
18.052,0.1,0.100486049235543,-0.0488060432341067
18.054,0.1,0.100496743937448,-0.00978130659310509
18.056,0.1,0.100507568297964,0.0295880342728423
18.058,0.1,0.100518207494318,0.0681610140690334
18.06,0.1,0.100528350761627,0.104812294319157
18.062,0.1,0.100537713572995,0.13852404193208
18.064,0.1,0.100545908514232,0.167907158728548
18.066,0.1,0.100552753665053,0.19233740254345
18.068,0.1,0.10055790255089,0.210588556259108
18.07,0.1,0.10056129150369,0.222466719893083
18.072,0.1,0.100562847188493,0.227733099839023
18.074,0.1,0.100562454771116,0.225996757583068
18.076,0.1,0.100560067042133,0.217108182319576
18.078,0.1,0.100555904551887,0.201873077707563
18.08,0.1,0.100550058727171,0.180633277588387
18.082,0.1,0.100542610419566,0.153699289054181
18.084,0.1,0.100533857665495,0.122154649228928
18.086,0.1,0.100523933734016,0.0865050540843866
18.088,0.1,0.100513218890909,0.0481263710899373
18.09,0.1,0.100501968098237,0.00795286010821823
18.092,0.1,0.100490479161749,-0.0329203165403288
18.094,0.1,0.100479081589898,-0.0733012780155919
18.096,0.1,0.100468082158307,-0.112078103125278
18.098,0.1,0.100457773912038,-0.148201685828903
18.1,0.1,0.100448523406473,-0.180357450555855
18.102,0.1,0.100440554904685,-0.207767231393824
18.104,0.1,0.100434145579008,-0.229455344279428
18.106,0.1,0.100429503664736,-0.244701764059598
18.108,0.1,0.10042670005416,-0.253280296912303
18.11,0.1,0.100425860253209,-0.25476124048904
18.112,0.1,0.100426989923557,-0.249142952402356
18.114,0.1,0.100430049890199,-0.236579749070013
18.116,0.1,0.100434913617254,-0.217537786817395
18.118,0.1,0.100441493867765,-0.192344604494976
18.12,0.1,0.100449480209071,-0.162126910214307
18.122,0.1,0.100458795480123,-0.127180211830942
18.124,0.1,0.100469104035795,-0.0887257133527783
18.126,0.1,0.100480089426796,-0.0479140095630609
18.128,0.1,0.100491474152033,-0.0057632810882277
18.13,0.1,0.100502923870986,0.0365043102933596
18.132,0.1,0.100514138646634,0.077798626296503
18.134,0.1,0.10052481029765,0.11699493631924
18.136,0.1,0.100534598751846,0.152861606780483
18.138,0.1,0.1005433194273,0.184755293850376
18.14,0.1,0.100550695100285,0.211685487215956
18.142,0.1,0.10055642249103,0.232577770029996
18.144,0.1,0.100560430645544,0.247208786003758
18.146,0.1,0.100562634529164,0.255295865348129
18.148,0.1,0.100562880266497,0.256304878037667
18.15,0.1,0.100561229677032,0.250477201818777
18.152,0.1,0.100557712604454,0.237933336219641
18.154,0.1,0.100552455811459,0.219139989401147
18.156,0.1,0.100545485561908,0.194203503757932
18.158,0.1,0.100537128075207,0.16430485584452
18.16,0.1,0.100527520496204,0.129948509385856
18.162,0.1,0.100516964921893,0.0922297296684875
18.164,0.1,0.100505776508367,0.0522914485599327
18.166,0.1,0.100494260990889,0.0112466403359679
18.168,0.1,0.100482741098411,-0.0297298470469958
18.17,0.1,0.100471521660911,-0.0695291628525833
18.172,0.1,0.100460893432629,-0.107098312843967
18.174,0.1,0.100451132787326,-0.14144232861539
18.176,0.1,0.100442530228436,-0.171521356249084
18.178,0.1,0.100435349099852,-0.196402242124673
18.18,0.1,0.100429711214315,-0.215669858250952
18.182,0.1,0.100425846729525,-0.228513542090327
18.184,0.1,0.100423811922386,-0.23475028033617
18.186,0.1,0.100423691353081,-0.23409013820867
18.188,0.1,0.10042536213249,-0.226985639136437
18.19,0.1,0.100428824787391,-0.213442588616534
18.192,0.1,0.100433993087423,-0.193779064709498
18.194,0.1,0.100440670095382,-0.168712862130685
18.196,0.1,0.100448695027266,-0.138833386852103
18.198,0.1,0.100457834154325,-0.104994915868092
18.2,0.1,0.100467814438513,-0.0681935229627117
18.202,0.1,0.100478344395651,-0.0294925073830941
18.204,0.1,0.100489121138259,0.00999866117275125
18.206,0.1,0.100499825533826,0.0491223560076228
18.208,0.1,0.100510156312989,0.0867823910423463
18.21,0.1,0.100519809799827,0.121884097572914
18.212,0.1,0.100528451497582,0.153227972499027
18.214,0.1,0.100535800282219,0.179819647076401
18.216,0.1,0.100541684821177,0.201067432316393
18.218,0.1,0.100545816750613,0.215954094913136
18.22,0.1,0.100548104841499,0.224177088393427
18.222,0.1,0.10054858140887,0.225872479280485
18.224,0.1,0.100547065373329,0.22040504781878
18.226,0.1,0.100543777716265,0.208582271281083
18.228,0.1,0.100538805086773,0.190727280907369
18.23,0.1,0.100532195025882,0.167028211342215
18.232,0.1,0.100524169497433,0.13830011403218
18.234,0.1,0.100514935881641,0.105306660639884
18.236,0.1,0.100504731298013,0.0689213182482119
18.238,0.1,0.100493865194869,0.030270390283606
18.24,0.1,0.100482624644455,-0.00959871924857961
18.242,0.1,0.100471337746364,-0.0494902048300977
18.244,0.1,0.100460320699579,-0.0882665302757389
18.246,0.1,0.100449897477245,-0.124759970509565
18.248,0.1,0.100440435928777,-0.157653969129952
18.25,0.1,0.100432126853872,-0.186290839794864
18.252,0.1,0.100425322965164,-0.209414701666385
18.254,0.1,0.100420259553089,-0.226206820617094
18.256,0.1,0.100416995157065,-0.236484919769293
18.258,0.1,0.100415634104793,-0.239895061615512
18.26,0.1,0.100416226774505,-0.236274486338132
18.262,0.1,0.100418768134024,-0.225656022229893
18.264,0.1,0.100423096830064,-0.208630730230478
18.266,0.1,0.100429176947138,-0.185341757807491
18.268,0.1,0.100436767162774,-0.156670242736986
18.27,0.1,0.100445611378094,-0.12354740336197
18.272,0.1,0.100455564865,-0.0865154446596361
18.274,0.1,0.10046627537723,-0.0468536572021015
18.276,0.1,0.100477421977492,-0.00572794052132601
18.278,0.1,0.100488702238834,0.0357531739163344
18.28,0.1,0.100499790324011,0.076400500300607
18.282,0.1,0.100510401059862,0.115183162406908
18.284,0.1,0.1005201976563,0.150879308752832
18.286,0.1,0.100528904309412,0.182509521360724
18.288,0.1,0.100536315380683,0.209354359132169
18.29,0.1,0.100542110246714,0.230275989612546
18.292,0.1,0.100546146799896,0.244797232280181
18.294,0.1,0.100548347910252,0.252670075028154
18.296,0.1,0.100548656130325,0.253712287586706
18.298,0.1,0.100546937054229,0.247461164524139
18.3,0.1,0.100543322553741,0.234406642918496
18.302,0.1,0.100537910712864,0.21491242671939
18.304,0.1,0.100530777391309,0.189263386338865
18.306,0.1,0.100522209702346,0.158498591882791
18.308,0.1,0.100512387503625,0.123275354759652
18.31,0.1,0.100501616238926,0.0847007626471449
18.312,0.1,0.100490202317204,0.043887946035127
18.314,0.1,0.100478463512845,0.00199418648161633
18.316,0.1,0.10046671411885,-0.0398364556072336
18.318,0.1,0.100455243777315,-0.0805458540140549
18.32,0.1,0.100444340345947,-0.119087508671434
18.322,0.1,0.100434335032987,-0.154260580202026
18.324,0.1,0.100425396261874,-0.185477772536492
18.326,0.1,0.100417866804009,-0.211509606253833
18.328,0.1,0.100411898576938,-0.231834830553425
18.33,0.1,0.100407686588209,-0.245772126695016
18.332,0.1,0.100405315954701,-0.253035926979707
18.334,0.1,0.100404899814536,-0.25323382153633
18.336,0.1,0.100406312981904,-0.246828401720908
18.338,0.1,0.100409546706955,-0.233857418137655
18.34,0.1,0.100414490783501,-0.214723215632089
18.342,0.1,0.100421055663679,-0.189755409726278
18.344,0.1,0.100429006950317,-0.159806083656994
18.346,0.1,0.100438137554979,-0.125632271969394
18.348,0.1,0.100448168676476,-0.088250257231061
18.35,0.1,0.100458829585885,-0.0486504554904589
18.352,0.1,0.100469806090389,-0.00798210466314428
18.354,0.1,0.100480786551366,0.0326184663721541
18.356,0.1,0.100491475145337,0.0720711243699757
18.358,0.1,0.10050156819866,0.109274410681733
18.36,0.1,0.100510778859371,0.143196198086066
18.362,0.1,0.100518768194209,0.17262113510957
18.364,0.1,0.100525351523071,0.196904648625253
18.366,0.1,0.10053033006789,0.215349404180123
18.368,0.1,0.100533472694189,0.22714071286879
18.37,0.1,0.10053481263022,0.232416807352747
18.372,0.1,0.100534289329858,0.230971387130509
18.374,0.1,0.100531952820522,0.2229946821621
18.376,0.1,0.100527871368473,0.208741656051686
18.378,0.1,0.100522155249617,0.18862012966527
18.38,0.1,0.100514934320135,0.163112362095113
18.382,0.1,0.100506401454089,0.132927397703879
18.384,0.1,0.100496787801371,0.0989122663359349
18.386,0.1,0.100486348594974,0.0620008728393151
18.388,0.1,0.100475409558967,0.0233737253189701
18.39,0.1,0.10046427273466,-0.0158699816435945
18.392,0.1,0.10045327071975,-0.0545269985093176
18.394,0.1,0.100442726518203,-0.0914347299941526
18.396,0.1,0.100432950358811,-0.125483498477194
18.398,0.1,0.100424282238752,-0.155461078470418
18.4,0.1,0.100416947168833,-0.180579141640116
18.402,0.1,0.100411265410263,-0.199704536948656
18.404,0.1,0.100407290001977,-0.212672232520898
18.406,0.1,0.10040521986274,-0.218786704094587
18.408,0.1,0.100405050658784,-0.218082041140638
18.41,0.1,0.100406793841465,-0.210531851565731
18.412,0.1,0.10041036748448,-0.19644198293074
18.414,0.1,0.100415660385839,-0.176223499574638
18.416,0.1,0.100422565442386,-0.150278336008157
18.418,0.1,0.100430766885722,-0.119748634653812
18.42,0.1,0.100440170533138,-0.0849975908108362
18.422,0.1,0.100450428534782,-0.047286542070024
18.424,0.1,0.100461245331441,-0.00769169402156493
18.426,0.1,0.100472313659069,0.0326654520597994
18.428,0.1,0.100483303165837,0.0725786070028423
18.43,0.1,0.100493902712946,0.1109223986913
18.432,0.1,0.100503827633906,0.146674305996631
18.434,0.1,0.100512700523808,0.178474374905907
18.436,0.1,0.100520334658603,0.205681080783244
18.438,0.1,0.10052645587712,0.22732686312444
18.44,0.1,0.100530776987177,0.242405620286848
18.442,0.1,0.10053326850044,0.250847274786052
18.444,0.1,0.100533804167636,0.252223730380818
18.446,0.1,0.100532352477541,0.246444274401716
18.448,0.1,0.100528977326547,0.233755427520774
18.45,0.1,0.100523813096001,0.214651420542549
18.452,0.1,0.100516886622476,0.189241504884859
18.454,0.1,0.100508503017784,0.158631510266384
18.456,0.1,0.100498839221235,0.123469738099027
18.458,0.1,0.100488186103755,0.0848154972265464
18.46,0.1,0.100476894387034,0.0439375732300051
18.462,0.1,0.100465234579584,0.00182614737853004
18.464,0.1,0.100453520581397,-0.0403678380226707
18.466,0.1,0.100442047931469,-0.0815697546445105
18.468,0.1,0.100431113207034,-0.120697640008835
18.47,0.1,0.100421049860563,-0.156544152922517
18.472,0.1,0.100412023059858,-0.188537833121755
18.474,0.1,0.100404364503357,-0.21548919657896
18.476,0.1,0.100398365817272,-0.236370194684986
18.478,0.1,0.100394030913907,-0.251199077274053
18.48,0.1,0.10039157812778,-0.259206974694301
18.482,0.1,0.100391051759462,-0.260252634187968
18.484,0.1,0.10039247451573,-0.254265658457397
18.486,0.1,0.100395760503428,-0.241562122086603
18.488,0.1,0.10040078173502,-0.22260722100617
18.49,0.1,0.100407445914294,-0.197738102016815
18.492,0.1,0.100415553916057,-0.167678605323116
18.494,0.1,0.100424886462995,-0.133227444400507
18.496,0.1,0.100435124512539,-0.0955426826404186
18.498,0.1,0.100446041399508,-0.0554561987882755
18.5,0.1,0.10045730470665,-0.0141793201836108
18.502,0.1,0.100468610277832,0.0271725134869318
18.504,0.1,0.100479655649233,0.0674963393007168
18.506,0.1,0.100490145391351,0.105717701062338
18.508,0.1,0.100499803859,0.140841501225358
18.51,0.1,0.100508290849577,0.171643165160094
18.512,0.1,0.100515482704174,0.197697991869115
18.514,0.1,0.100521089768403,0.21797428458454
18.516,0.1,0.100524919799568,0.23179860661858
18.518,0.1,0.100526986223963,0.239238463971913
18.52,0.1,0.100527131814267,0.239739255033708
18.522,0.1,0.10052549708422,0.233818871572002
18.524,0.1,0.100522088345672,0.221508452009182
18.526,0.1,0.100516997895824,0.203149766285374
18.528,0.1,0.100510332634632,0.179138675587381
18.53,0.1,0.100502277157126,0.150152183079212
18.532,0.1,0.100493063473542,0.117036876090352
18.534,0.1,0.100482934186518,0.0806772595018731
18.536,0.1,0.100472186460597,0.0421536069319901
18.538,0.1,0.100461137720589,0.00261875498666799
18.54,0.1,0.100450111844355,-0.0367533888332963
18.542,0.1,0.100439431535556,-0.0747928810758166
18.544,0.1,0.100429381697226,-0.110477156938654
18.546,0.1,0.100420314920972,-0.142537855334371
18.548,0.1,0.100412485068402,-0.170076458324116
18.55,0.1,0.100406135908922,-0.192231866960669
18.552,0.1,0.100401508686186,-0.208155076362203
18.554,0.1,0.100398582477733,-0.217941381794794
18.556,0.1,0.10039756147641,-0.220870499005407
18.558,0.1,0.100398476028324,-0.216847153400081
18.56,0.1,0.100401169970357,-0.206442197417175
18.562,0.1,0.100405566200945,-0.189941399386432
18.564,0.1,0.100411621670309,-0.167512373044488
18.566,0.1,0.100419166788914,-0.139779769109711
18.568,0.1,0.100427888221357,-0.107878933387562
18.57,0.1,0.100437674637048,-0.0722360334955553
18.572,0.1,0.100448091309489,-0.0344135581684524
18.574,0.1,0.100458930207301,0.00481606132865925
18.576,0.1,0.100469847028277,0.0442027801384722
18.578,0.1,0.100480509897454,0.0825400525826221
18.58,0.1,0.10049061518397,0.118736237321608
18.582,0.1,0.100499812477411,0.1515321400472
18.584,0.1,0.100507807071391,0.179886414392573
18.586,0.1,0.10051441236446,0.203153423862404
18.588,0.1,0.100519271173725,0.22006834105095
18.59,0.1,0.100522322682068,0.230445366162598
18.592,0.1,0.100523440045252,0.233853230349117
18.594,0.1,0.100522641170356,0.230377488166989
18.596,0.1,0.100519799690076,0.219582007427403
18.598,0.1,0.100515223684744,0.20258303405382
18.6,0.1,0.100508876616092,0.179263944697216
18.602,0.1,0.100500980067822,0.150434154579518
18.604,0.1,0.100491854549236,0.117252933300242
18.606,0.1,0.100481621309509,0.0801792658580044
18.608,0.1,0.100470651505627,0.0405566296284765
18.61,0.1,0.100459215856801,-0.000621861968909685
18.612,0.1,0.100447636257847,-0.0421803159479684
18.614,0.1,0.100436217283279,-0.0830137393020133
18.616,0.1,0.100425254776485,-0.122045766719371
18.618,0.1,0.100415091738808,-0.15803629825117
18.62,0.1,0.100405955061655,-0.19019191761276
18.622,0.1,0.100398131330687,-0.217493469333508
18.624,0.1,0.100391950451375,-0.23877306432653
18.626,0.1,0.100387487615696,-0.253794432292076
18.628,0.1,0.100384860646339,-0.262156294517195
18.63,0.1,0.100384241864412,-0.263256982566359
18.632,0.1,0.100385588308909,-0.257266704464899
18.634,0.1,0.100388828878645,-0.244449938617582
18.636,0.1,0.100393825807891,-0.225308404063531
18.638,0.1,0.10040054577714,-0.199968679703468
18.64,0.1,0.100408702720193,-0.169467774227596
18.642,0.1,0.1004181308149,-0.13441241824387
18.644,0.1,0.100428499908921,-0.0960004955385092
18.646,0.1,0.100439550303601,-0.0551807600193073
18.648,0.1,0.100450966070464,-0.0131055022203222
18.65,0.1,0.100462436046215,0.0290870178964909
18.652,0.1,0.100473652800303,0.0702715277467819
18.654,0.1,0.10048432266199,0.109379740123023
18.656,0.1,0.100494177804964,0.145443838138485
18.658,0.1,0.10050288319883,0.177255841288208
18.66,0.1,0.1005103073133,0.204362271403229
18.662,0.1,0.100516151544328,0.225698525315491
18.664,0.1,0.100520225030655,0.240598438825025
18.666,0.1,0.100522547246843,0.249154253714432
18.668,0.1,0.100522953716052,0.250787347276659
18.67,0.1,0.100521516463062,0.245770643416265
18.672,0.1,0.100518251696637,0.234171554076404
18.674,0.1,0.100513237770513,0.216280170072793
18.676,0.1,0.100506581959553,0.192490449374048
18.678,0.1,0.100498486352284,0.163537832165945
18.68,0.1,0.100489172814479,0.130228527814336
18.682,0.1,0.100478914873255,0.0935539101244716
18.684,0.1,0.100467980930313,0.0544900161360087
18.686,0.1,0.100456700603956,0.0142327634181215
18.688,0.1,0.100445388009355,-0.0260738677878955
18.69,0.1,0.100434348781241,-0.0653208853827885
18.692,0.1,0.100423875861799,-0.102446865630721
18.694,0.1,0.100414307583743,-0.136228895629341
18.696,0.1,0.100405821130532,-0.166042547807601
18.698,0.1,0.100398777292407,-0.190594472800484
18.7,0.1,0.100393285755099,-0.209510444133748
18.702,0.1,0.10038953511417,-0.222126737536944
18.704,0.1,0.100387607473541,-0.228162367975382
18.706,0.1,0.100387580775437,-0.227347712680731
18.708,0.1,0.10038932772079,-0.220148755021621
18.71,0.1,0.100392823286532,-0.206661286886236
18.712,0.1,0.100397960998479,-0.187274758742812
18.714,0.1,0.10040464074691,-0.162359176461413
18.716,0.1,0.10041262515819,-0.132778210736923
18.718,0.1,0.100421722388795,-0.0992361353556157
18.72,0.1,0.100431620758702,-0.062864876047788
18.722,0.1,0.100442048443867,-0.0246570948561738
18.724,0.1,0.100452692819518,0.0142460952527728
18.726,0.1,0.100463228210376,0.0526646684558518
18.728,0.1,0.100473344852067,0.08947502799643
18.73,0.1,0.10048273150137,0.123558016170914
18.732,0.1,0.100491019870631,0.153594908397313
18.734,0.1,0.100498035469625,0.178981983747249
18.736,0.1,0.100503406696498,0.198398073490393
18.738,0.1,0.1005070375072,0.211526398479828
18.74,0.1,0.10050883710823,0.218061654137905
18.742,0.1,0.100508695080761,0.217625726698318
18.744,0.1,0.100506691286345,0.210519959674772
18.746,0.1,0.100502829904563,0.196771707520961
18.748,0.1,0.100497230645776,0.176822460708234
18.75,0.1,0.100490050680661,0.151251814361845
18.752,0.1,0.100481570995723,0.121079732073043
18.754,0.1,0.100471900251949,0.0867194062681874
18.756,0.1,0.100461338789133,0.0492675753801859
18.758,0.1,0.100450189500703,0.00982607554892808
18.76,0.1,0.100438753462229,-0.0305071121763842
18.762,0.1,0.100427350654263,-0.0705672937638103
18.764,0.1,0.100416302792273,-0.109190314431063
18.766,0.1,0.100405918415975,-0.145270822880869
18.768,0.1,0.100396568359732,-0.177480957273432
18.77,0.1,0.100388460793384,-0.205100015908008
18.772,0.1,0.100381886961145,-0.227098089465712
18.774,0.1,0.100377068726676,-0.242703487509045
18.776,0.1,0.100374160977412,-0.251384905862445
18.778,0.1,0.100373152239419,-0.2532070505842
18.78,0.1,0.100374183929339,-0.247676859981471
18.782,0.1,0.100377120620975,-0.235293681590953
18.784,0.1,0.100381845713553,-0.21648523458155
18.786,0.1,0.100388305416306,-0.191455216483394
18.788,0.1,0.100396310419508,-0.160896506395013
18.79,0.1,0.100405540808713,-0.125968633465779
18.792,0.1,0.100415820407786,-0.0873221124810344
18.794,0.1,0.100426785115265,-0.0462760073185065
18.796,0.1,0.10043815031199,-0.00387123875367033
18.798,0.1,0.100449591133635,0.038700562795719
18.8,0.1,0.100460802670696,0.0803323221822232
18.802,0.1,0.100471493388923,0.1199596911365
18.804,0.1,0.100481326506984,0.156359262973142
18.806,0.1,0.100490113812851,0.188870486561804
18.808,0.1,0.100497550992527,0.216402508056827
18.81,0.1,0.100503338214684,0.237893064421577
18.812,0.1,0.100507431389376,0.253215087318487
18.814,0.1,0.100509694566834,0.261899686681252
18.816,0.1,0.100510013842192,0.263555900446986
18.818,0.1,0.100508378434552,0.258160887945605
18.82,0.1,0.100504844988069,0.245928973301925
18.822,0.1,0.100499526885878,0.227275224066606
18.824,0.1,0.100492460140626,0.202335496175485
18.826,0.1,0.100484018390347,0.172458315611603
18.828,0.1,0.100474275371339,0.13791496437609
18.83,0.1,0.100463582209475,0.0999736598270381
18.832,0.1,0.100452224191404,0.0596691663266159
18.834,0.1,0.100440523689351,0.0181728004185014
18.836,0.1,0.100428795700564,-0.0233693429301906
18.838,0.1,0.100417345864362,-0.0638406026127528
18.84,0.1,0.100406460394582,-0.10220210905775
18.842,0.1,0.100396391328466,-0.137543920086926
18.844,0.1,0.100387466127676,-0.168686195813059
18.846,0.1,0.100379903572148,-0.194854642821161
18.848,0.1,0.100373887784677,-0.215403400462971
18.85,0.1,0.100369624235739,-0.22960862697603
18.852,0.1,0.100367131239771,-0.237420226624007
18.854,0.1,0.100366548542701,-0.2383448226763
18.856,0.1,0.100367769750113,-0.232772372539335
18.858,0.1,0.100370839364439,-0.220546590496975
18.86,0.1,0.100375563719282,-0.202367809056575
18.862,0.1,0.100381881644546,-0.178461167480535
18.864,0.1,0.100389565571811,-0.149652292285305
18.866,0.1,0.100398449988441,-0.116547370472562
18.868,0.1,0.100408180474353,-0.0804297807773088
18.87,0.1,0.100418563951028,-0.0420108303600839
18.872,0.1,0.10042926245849,-0.00252249564001382
18.874,0.1,0.100439957994959,0.0368789750295508
18.876,0.1,0.100450351496288,0.0751038330831255
18.878,0.1,0.100460133305222,0.111031355710647
18.88,0.1,0.10046896302551,0.143435424764079
18.882,0.1,0.100476642682813,0.171620391382017
18.884,0.1,0.100482816063816,0.194313508363153
18.886,0.1,0.100487323604705,0.210962690076968
18.888,0.1,0.100490042589165,0.221145212393897
18.89,0.1,0.100490951297077,0.224797836222702
18.892,0.1,0.100489912817745,0.221438940244838
18.894,0.1,0.100487108651647,0.211730708211709
18.896,0.1,0.10048258141133,0.195834848850199
18.898,0.1,0.100476432630805,0.174127962513328
18.9,0.1,0.100468881391499,0.147411180132677
18.902,0.1,0.100460008579016,0.11599478503149
18.904,0.1,0.100450121531328,0.0809991769419885
18.906,0.1,0.100439505747937,0.043464221042023
18.908,0.1,0.100428446926432,0.00442969438937818
18.91,0.1,0.100417261634676,-0.0349527779757106
18.912,0.1,0.100406289009954,-0.0734572654973176
18.914,0.1,0.100395844070689,-0.109953803612167
18.916,0.1,0.100386302652709,-0.143093809773998
18.918,0.1,0.100377934145789,-0.171930129705328
18.92,0.1,0.100370938300163,-0.195764475380639
18.922,0.1,0.100365685479472,-0.213282043944937
18.924,0.1,0.100362241615369,-0.224271802429681
18.926,0.1,0.100360712964737,-0.228371097613531
18.928,0.1,0.100361175816311,-0.225322701486018
18.93,0.1,0.100363513221073,-0.215558216273177
18.932,0.1,0.100367681534775,-0.199243937640196
18.934,0.1,0.100373625137551,-0.176591633743588
18.936,0.1,0.10038103999697,-0.148702645761008
18.938,0.1,0.100389795126832,-0.116062083519831
18.94,0.1,0.100399661095374,-0.0795111114208418
18.942,0.1,0.100410306468189,-0.0402529710364719
18.944,0.1,0.100421433013441,0.000624880188400122
18.946,0.1,0.100432715012303,0.0419325860304283
18.948,0.1,0.100443840651746,0.0825392572070327
18.95,0.1,0.100454509294819,0.1213489901061
18.952,0.1,0.100464365704913,0.1570732368826
18.954,0.1,0.100473184697569,0.188923299605099
18.956,0.1,0.100480698190585,0.215946313633455
18.958,0.1,0.100486608347172,0.237089551304811
18.96,0.1,0.100490784047089,0.251913305550091
18.962,0.1,0.100493105685521,0.260013897346448
18.964,0.1,0.100493467659271,0.261035633302376
18.966,0.1,0.100491756245503,0.254588932061536
18.968,0.1,0.100488165914682,0.24138659796189
18.97,0.1,0.100482774031082,0.221714492967544
18.972,0.1,0.100475632437575,0.195766965381367
18.974,0.1,0.100467048400316,0.164653926683344
18.976,0.1,0.1004571954889,0.129006484637931
18.978,0.1,0.100446398029356,0.0899975919899904
18.98,0.1,0.100434956871891,0.0487193921955571
18.982,0.1,0.100423194771324,0.00634484517035285
18.984,0.1,0.100411419933581,-0.0359990960540736
18.986,0.1,0.100399925595753,-0.0772415181869325
18.988,0.1,0.10038899683561,-0.116343938341836
18.99,0.1,0.100378887791421,-0.152388551140893
18.992,0.1,0.100369915159696,-0.184234585866292
18.994,0.1,0.100362302902383,-0.211090459500424
18.996,0.1,0.10035624040874,-0.232293615031983
18.998,0.1,0.100351918566008,-0.247175312521652
19,0.1,0.100349441357264,-0.255378992099873
19.002,0.1,0.10034891288637,-0.256542222826525
19.004,0.1,0.1003502242272,-0.251065668790747
19.006,0.1,0.10035336902523,-0.238975208532193
19.008,0.1,0.100358250741713,-0.22062014864482
19.01,0.1,0.100364743589561,-0.196455219880533
19.012,0.1,0.100372671744909,-0.167117557365287
19.014,0.1,0.100381809035904,-0.133428194453362
19.016,0.1,0.100391859657905,-0.0964610191427594
19.018,0.1,0.100402590441873,-0.0570689300996356
19.02,0.1,0.100413673434141,-0.0164487647763922
19.022,0.1,0.100424802394528,0.0242809313297697
19.024,0.1,0.100435684440273,0.06404962267983
19.026,0.1,0.100446020792728,0.10177030355693
19.028,0.1,0.100455533664387,0.136439304277475
19.03,0.1,0.100463907618499,0.166921596217772
19.032,0.1,0.100470895662844,0.192339675550454
19.034,0.1,0.100476336653752,0.212130081614362
19.036,0.1,0.100479984439438,0.225419093228373
19.038,0.1,0.10048187871299,0.232365126640766
19.04,0.1,0.100481971171397,0.232802278746581
19.042,0.1,0.100480246965777,0.226683342446876
19.044,0.1,0.100476730504562,0.214102058850513
19.046,0.1,0.100471599116273,0.195704511912587
19.048,0.1,0.10046493504093,0.171796785658488
19.05,0.1,0.100456921909753,0.143052136282128
19.052,0.1,0.100447773411379,0.110252249428589
19.054,0.1,0.10043775181285,0.0743522917539824
19.056,0.1,0.100427148111854,0.0364102672292166
19.058,0.1,0.100416279055376,-0.00242394033950477
19.06,0.1,0.100405471813412,-0.0409676880582328
19.062,0.1,0.100395041678586,-0.0780818734633781
19.064,0.1,0.100385332653846,-0.112529371938678
19.066,0.1,0.100376685787344,-0.143093220112059
19.068,0.1,0.100369286673109,-0.169123866791545
19.07,0.1,0.100363438522463,-0.189545113533384
19.072,0.1,0.100359368950068,-0.203558260486289
19.074,0.1,0.100357073541624,-0.211196581419502
19.076,0.1,0.100356713447444,-0.211895652238963
19.078,0.1,0.100358295648287,-0.205642950012867
19.08,0.1,0.100361651187939,-0.193052585950011
19.082,0.1,0.100366702789999,-0.174410800768033
19.084,0.1,0.100373388282484,-0.149955261577808
19.086,0.1,0.100381470982604,-0.120548434132056
19.088,0.1,0.100390747272038,-0.0869376912440493
19.09,0.1,0.100400939197887,-0.0501374902864595
19.092,0.1,0.100411737234755,-0.0112720176198045
19.094,0.1,0.100422839590097,0.0285606089848582
19.096,0.1,0.100433919187633,0.0681629788955189
19.098,0.1,0.100444665165526,0.106416975956629
19.1,0.1,0.100454721414945,0.142029685978317
19.102,0.1,0.10046382251981,0.174065890379552
19.104,0.1,0.100471685171225,0.201519995099939
19.106,0.1,0.100478019421795,0.223368906514573
19.108,0.1,0.100482557010244,0.23867496808066
19.11,0.1,0.100485291907691,0.247449529510408
19.112,0.1,0.100486060753872,0.249127839123849
19.114,0.1,0.100484747741738,0.243315136324944
19.116,0.1,0.100481544265923,0.230714307647546
19.118,0.1,0.100476534016833,0.211635223284832
19.12,0.1,0.100469751424417,0.186212213055003
19.122,0.1,0.100461476495519,0.155460481364804
19.124,0.1,0.100451976577018,0.120348723223492
19.126,0.1,0.100441451593685,0.081610522529491
19.128,0.1,0.100430251941262,0.0405157548798646
19.13,0.1,0.100418680372272,-0.00183262808266244
19.132,0.1,0.100407047629053,-0.0442928452619759
19.134,0.1,0.10039565018041,-0.0857889811010981
19.136,0.1,0.100384775806118,-0.125271040559128
19.138,0.1,0.100374738855528,-0.161601303738659
19.14,0.1,0.100365760701825,-0.193997470459497
19.142,0.1,0.10035815317948,-0.221345194086708
19.144,0.1,0.100352180008303,-0.242716691417675
19.146,0.1,0.100347881337895,-0.257996588861944
19.148,0.1,0.100345516306606,-0.266267909932528
19.15,0.1,0.100345108795026,-0.267462883337796
19.152,0.1,0.100346609792377,-0.261768260926172
19.154,0.1,0.100350001577078,-0.249251965784476
19.156,0.1,0.10035520345958,-0.230206306101601
19.158,0.1,0.100362074842523,-0.205139206489742
19.16,0.1,0.100370374259113,-0.174923784229462
19.162,0.1,0.10037994543664,-0.140127812986342
19.164,0.1,0.100390418292831,-0.102091343396382
19.166,0.1,0.100401595004296,-0.0615385189815598
19.168,0.1,0.100413128952021,-0.019732994973959
19.17,0.1,0.100424711359048,0.0221968606149349
19.172,0.1,0.100436052916031,0.0631920734678749
19.174,0.1,0.100446862669872,0.102191517748407
19.176,0.1,0.100456871742509,0.138220832442976
19.178,0.1,0.100465776236896,0.17018368350774
19.18,0.1,0.100473319975311,0.19716665278955
19.182,0.1,0.100479344371176,0.218615183886793
19.184,0.1,0.100483617088807,0.233705762995363
19.186,0.1,0.100486135762037,0.242446197774497
19.188,0.1,0.100486836746109,0.244616712757004
19.19,0.1,0.100485698604469,0.240147482629293
19.192,0.1,0.100482735318002,0.2290945934586
19.194,0.1,0.100478057284969,0.211861467840389
19.196,0.1,0.100471816134672,0.189000378524446
19.198,0.1,0.100464144946897,0.160998168928084
19.2,0.1,0.100455258317806,0.128635494987493
19.202,0.1,0.100445414852345,0.0928513661695618
19.204,0.1,0.100434890906727,0.0546499682310434
19.206,0.1,0.100424010250081,0.015206576092796
19.208,0.1,0.100413087981792,-0.0243358288881148
19.21,0.1,0.100402434300957,-0.0628502535421304
19.212,0.1,0.100392376751267,-0.0991518532081709
19.214,0.1,0.100383174873192,-0.132310514223894
19.216,0.1,0.100375177426617,-0.161074827694266
19.218,0.1,0.100368581914186,-0.184748592850344
19.22,0.1,0.100363618865078,-0.202516655756675
19.222,0.1,0.100360401295284,-0.213987212403809
19.224,0.1,0.100359024987011,-0.218827349710393
19.226,0.1,0.100359527903723,-0.216909397805697
19.228,0.1,0.100361822957255,-0.208552632688052
19.23,0.1,0.100365853167538,-0.193967531613151
19.232,0.1,0.100371518418355,-0.173521499735639
19.234,0.1,0.100378635078015,-0.147884848047912
19.236,0.1,0.100387063640689,-0.117572056828198
19.238,0.1,0.10039656100181,-0.0834716860171627
19.24,0.1,0.100406814134284,-0.0467208427072985
19.242,0.1,0.100417527572405,-0.00839349000504254
19.244,0.1,0.10042839349495,0.0303879905022212
19.246,0.1,0.100439081667875,0.0684283998753885
19.248,0.1,0.100449267395205,0.104554185602401
19.25,0.1,0.100458574527969,0.137413005590301
19.252,0.1,0.100466777585288,0.166216900337722
19.254,0.1,0.100473576881262,0.189902768596858
19.256,0.1,0.100478732952798,0.207632422645527
19.258,0.1,0.100482042745454,0.218700872045728
19.26,0.1,0.100483437815152,0.222885519290533
19.262,0.1,0.100482875073344,0.220050631766024
19.264,0.1,0.100480364509528,0.210246608145436
19.266,0.1,0.100476054487071,0.194015640530502
19.268,0.1,0.100469944560176,0.171369917644821
19.27,0.1,0.10046236957949,0.143519894880147
19.272,0.1,0.100453496776344,0.111078805725676
19.274,0.1,0.100443486166787,0.0746437134310374
19.276,0.1,0.100432711854205,0.0355662835362062
19.278,0.1,0.100421426292456,-0.00522333111064176
19.28,0.1,0.100409961051362,-0.0465198123333101
19.282,0.1,0.100398622025843,-0.0872117794245622
19.284,0.1,0.100387709912428,-0.126207165891329
19.286,0.1,0.100377586591478,-0.162196087799264
19.288,0.1,0.100368488227519,-0.194353816309087
19.29,0.1,0.100360666436715,-0.221789793220622
19.292,0.1,0.100354485708156,-0.243206852796331
19.294,0.1,0.100350049525683,-0.258265357033467
19.296,0.1,0.100347457070645,-0.266632051844617
19.298,0.1,0.100346877469155,-0.267715738252905
19.3,0.1,0.100348288224866,-0.261612039289022
19.302,0.1,0.100351605443822,-0.248630383606682
19.304,0.1,0.100356699059893,-0.229243162737848
19.306,0.1,0.100363503224624,-0.20369128594929
19.308,0.1,0.100371793043914,-0.172789766311848
19.31,0.1,0.10038132815766,-0.137410404982537
19.312,0.1,0.10039182173897,-0.0985941538129306
19.314,0.1,0.100402981404936,-0.0574046897162208
19.316,0.1,0.100414496793221,-0.0149730659704963
19.318,0.1,0.100426054677471,0.0275527594268522
19.32,0.1,0.100437355540432,0.069078356277005
19.322,0.1,0.100448113175073,0.108559456134644
19.324,0.1,0.100458073303227,0.145075395669479
19.326,0.1,0.100466874530092,0.177319138697046
19.328,0.1,0.100474391338023,0.204857501378174
19.33,0.1,0.100480341644027,0.226685688741637
19.332,0.1,0.100484536918288,0.242144544363758
19.334,0.1,0.100486980640626,0.251266561212325
19.336,0.1,0.100487526759198,0.25353872918949
19.338,0.1,0.100486158325255,0.248911080723794
19.34,0.1,0.10048294673964,0.237647645475868
19.342,0.1,0.100477977300772,0.220059906420167
19.344,0.1,0.100471402285675,0.196699160307422
19.346,0.1,0.100463323460101,0.16793566478057
19.348,0.1,0.100454014754468,0.134758733153476
19.35,0.1,0.100443741303496,0.0981270015088145
19.352,0.1,0.100432777423603,0.0590351240672321
19.354,0.1,0.100421445114448,0.0186516126323163
19.356,0.1,0.100410057788468,-0.0218818121666253
19.358,0.1,0.100398918428602,-0.0614632276781373
19.36,0.1,0.10038831381652,-0.0990509908080586
19.362,0.1,0.100378527461544,-0.133619446050347
19.364,0.1,0.100369854014531,-0.164108691509704
19.366,0.1,0.100362551678344,-0.189598532168334
19.368,0.1,0.100356768568711,-0.20957111467353
19.37,0.1,0.100352699326569,-0.223337717756236
19.372,0.1,0.100350411258455,-0.230668119569034
19.374,0.1,0.100349993295524,-0.231249538425635
19.376,0.1,0.100351361057318,-0.225391033828896
19.378,0.1,0.100354474103376,-0.21324117795667
19.38,0.1,0.100359238026311,-0.195143288220663
19.382,0.1,0.10036556756695,-0.171409679041432
19.384,0.1,0.100373243893183,-0.142836459045309
19.386,0.1,0.100382061491742,-0.110173537358734
19.388,0.1,0.100391746164641,-0.0744184649728429
19.39,0.1,0.100402025530921,-0.0365641806377588
19.392,0.1,0.100412588506479,0.00225431504676426
19.394,0.1,0.100423107441266,0.0408482471826015
19.396,0.1,0.100433273904766,0.078097285735643
19.398,0.1,0.10044277470775,0.11287193654826
19.4,0.1,0.100451262553397,0.143926088695541
19.402,0.1,0.100458463271481,0.170287843434584
19.404,0.1,0.100464133309348,0.191098661886631
19.406,0.1,0.10046806634375,0.205636092506297
19.408,0.1,0.100470202015991,0.213701399548053
19.41,0.1,0.100470509736447,0.21519823570872
19.412,0.1,0.100468825708476,0.209550428491536
19.414,0.1,0.100465371058701,0.197560252757745
19.416,0.1,0.100460237280765,0.179564268540331
19.418,0.1,0.100453472718666,0.155750235434424
19.42,0.1,0.100445320010651,0.127003038844449
19.422,0.1,0.100435975021577,0.0940429634081707
19.424,0.1,0.100425698277991,0.0578221965511468
19.426,0.1,0.100414766677746,0.0193516426798788
19.428,0.1,0.100403488025247,-0.020249409191221
19.43,0.1,0.100392189550951,-0.0597913725652431
19.432,0.1,0.100381200398891,-0.0980865829068965
19.434,0.1,0.100370834958045,-0.134007547284211
19.436,0.1,0.100361473838067,-0.166191623524665
19.438,0.1,0.100353327704631,-0.193907376337385
19.44,0.1,0.100346697861093,-0.216087706405947
19.442,0.1,0.100341847773865,-0.231808893480908
19.444,0.1,0.100338827678417,-0.240916243152384
19.446,0.1,0.10033778069361,-0.242914445907207
19.448,0.1,0.100338735754294,-0.237715629056575
19.45,0.1,0.100341585441696,-0.225716038616159
19.452,0.1,0.100346293466378,-0.207053661905571
19.454,0.1,0.100352738745277,-0.182172815748022
19.456,0.1,0.100360639297566,-0.152094721500592
19.458,0.1,0.100369808627175,-0.117500098086438
19.46,0.1,0.100380045955856,-0.0791278447143874
19.462,0.1,0.100390934168118,-0.0384806679985868
19.464,0.1,0.100402248534978,0.0036102309199541
19.466,0.1,0.10041364158816,0.0458777877362729
19.468,0.1,0.100424807950377,0.0872098269293989
19.47,0.1,0.100435451692998,0.12652597474118
19.472,0.1,0.100445252137048,0.162664333784404
19.474,0.1,0.100453957411083,0.194729432668242
19.476,0.1,0.1004613542349,0.221968432436922
19.478,0.1,0.100467124242218,0.243248684778054
19.48,0.1,0.100471144939996,0.258159111107175
19.482,0.1,0.100473314708736,0.266357828379765
19.484,0.1,0.100473575870968,0.267657028595984
19.486,0.1,0.100471841901576,0.261759658513514
19.488,0.1,0.100468190934403,0.24895663196202
19.49,0.1,0.100462707773847,0.22955835707265
19.492,0.1,0.100455501601681,0.203961437881943
19.494,0.1,0.100446913885031,0.17339689978111
19.496,0.1,0.100437031540297,0.138180590987979
19.498,0.1,0.100426201844061,0.0995658984483041
19.5,0.1,0.100414733613843,0.0586706072533043
19.502,0.1,0.100402926322295,0.0165852508281663
19.504,0.1,0.100391102522384,-0.0255167620114257
19.506,0.1,0.100379542689469,-0.0666100223000836
19.508,0.1,0.100368562588209,-0.105541342023662
19.51,0.1,0.100358402113474,-0.141444223612447
19.512,0.1,0.100349349251315,-0.173280601402422
19.514,0.1,0.10034166134586,-0.200132084879173
19.516,0.1,0.100335473198342,-0.221529612008767
19.518,0.1,0.10033100302759,-0.23669963739986
19.52,0.1,0.100328346271983,-0.245311497554505
19.522,0.1,0.100327586834468,-0.247070959455293
19.524,0.1,0.100328617044584,-0.24237067268338
19.526,0.1,0.100331455334447,-0.231144943796032
19.528,0.1,0.100336037924628,-0.213623415437716
19.53,0.1,0.100342171147321,-0.19050488746538
19.532,0.1,0.100349712473528,-0.162305508967788
19.534,0.1,0.100358454975983,-0.129776079827591
19.536,0.1,0.100368129040701,-0.0938964143241122
19.538,0.1,0.100378448080349,-0.0557090063080467
19.54,0.1,0.100389137550434,-0.0162185254872569
19.542,0.1,0.100399867661827,0.0233741776026923
19.544,0.1,0.100410343170857,0.0619920060570782
19.546,0.1,0.100420258263848,0.0985248212323504
19.548,0.1,0.100429295961874,0.131827892453668
19.55,0.1,0.10043715166956,0.160810604410231
19.552,0.1,0.100443674121111,0.184943255558245
19.554,0.1,0.100448557679562,0.203136824045657
19.556,0.1,0.100451666320729,0.214917345101062
19.558,0.1,0.100452982845262,0.220235036393676
19.56,0.1,0.100452469551216,0.2189619504445
19.562,0.1,0.100450142727372,0.211162488658459
19.564,0.1,0.100446097463347,0.197184449956249
19.566,0.1,0.10044046962484,0.177523985444792
19.568,0.1,0.100433306192931,0.152363999966328
19.57,0.1,0.100424924116302,0.122854407248841
19.572,0.1,0.100415430150187,0.0893969513565437
19.574,0.1,0.100405127109518,0.0530939143389892
19.576,0.1,0.100394339380595,0.0151189378257402
19.578,0.1,0.100383357506521,-0.0234714600184571
19.58,0.1,0.10037252609118,-0.0614295308341245
19.582,0.1,0.100362165901964,-0.0976048032813311
19.584,0.1,0.100352643713663,-0.130681742202598
19.586,0.1,0.100344258027016,-0.159604183459434
19.588,0.1,0.100337237728047,-0.183567633734906
19.59,0.1,0.100331839415357,-0.201667514932767
19.592,0.1,0.100328308165997,-0.213043499427309
19.594,0.1,0.100326629415885,-0.217766788921886
19.596,0.1,0.100326883276547,-0.215564332871893
19.598,0.1,0.100329087508041,-0.206384485517992
19.6,0.1,0.100333097940912,-0.190752461155261
19.602,0.1,0.100338866531777,-0.168852108197096
19.604,0.1,0.100346160641976,-0.141529631247171
19.606,0.1,0.100354748257804,-0.109628799863391
19.608,0.1,0.10036449047151,-0.0736696666733486
19.61,0.1,0.1003750373454,-0.0349209676495729
19.612,0.1,0.10038608603024,0.00551599718537046
19.614,0.1,0.10039733008992,0.0465194800192279
19.616,0.1,0.100408438745165,0.0868860629140348
19.618,0.1,0.100419124398015,0.125576683231358
19.62,0.1,0.10042904308532,0.161343743363781
19.622,0.1,0.100437902844719,0.193149204733572
19.624,0.1,0.100445456709628,0.220123836473133
19.626,0.1,0.100451387830075,0.241145052495422
19.628,0.1,0.100455606085071,0.255922188910399
19.63,0.1,0.100457897771593,0.263709717141991
19.632,0.1,0.100458228902385,0.264410943881532
19.634,0.1,0.10045653350495,0.257806184146079
19.636,0.1,0.100452907211505,0.244250983978246
19.638,0.1,0.100447421257987,0.224007981911076
19.64,0.1,0.100440216731225,0.197590287550023
19.642,0.1,0.100431616582902,0.166162848318282
19.644,0.1,0.100421721023134,0.130092472936602
19.646,0.1,0.100410879438986,0.0906426164879087
19.648,0.1,0.100399444413732,0.049087910024026
19.65,0.1,0.100387674238287,0.00637389977289673
19.652,0.1,0.100375901613982,-0.0362853135929268
19.654,0.1,0.100364416315871,-0.077830191210981
19.656,0.1,0.100353500280395,-0.117232689245174
19.658,0.1,0.100343403557366,-0.153589009671519
19.66,0.1,0.10033445484421,-0.185713911209296
19.662,0.1,0.100326845983869,-0.212932567329605
19.664,0.1,0.100320827798401,-0.234357860947438
19.666,0.1,0.100316550604286,-0.249468932678879
19.668,0.1,0.100314096392678,-0.257987594395681
19.67,0.1,0.100313616823592,-0.259379130194099
19.672,0.1,0.100314988546156,-0.254095058694677
19.674,0.1,0.100318214526225,-0.242126511049432
19.676,0.1,0.100323204941157,-0.223796722274463
19.678,0.1,0.100329850620466,-0.19949811285868
19.68,0.1,0.100337936128879,-0.170007858758009
19.682,0.1,0.100347245381166,-0.136107703835263
19.684,0.1,0.100357473034208,-0.0989037650021861
19.686,0.1,0.100368399288324,-0.0591987015819903
19.688,0.1,0.100379690268525,-0.0182099795538329
19.69,0.1,0.100391040956332,0.0229478315428211
19.692,0.1,0.100402162004958,0.0632157639081529
19.694,0.1,0.100412759665658,0.101522519424102
19.696,0.1,0.100422555753085,0.136859144960978
19.698,0.1,0.100431242015153,0.16811290027059
19.7,0.1,0.100438606489837,0.194530499651535
19.702,0.1,0.100444410312002,0.215262318007479
19.704,0.1,0.100448545752224,0.229934525963128
19.706,0.1,0.100450882442095,0.238087384088392
19.708,0.1,0.100451376489092,0.239570037170721
19.71,0.1,0.100450089169669,0.234608729780286
19.712,0.1,0.100447063464393,0.22336199535038
19.714,0.1,0.100442376380286,0.206111990792072
19.716,0.1,0.100436113741428,0.183174663827806
19.718,0.1,0.100428467978965,0.155252967104126
19.72,0.1,0.100419655429514,0.123135855028338
19.722,0.1,0.100409931093103,0.0877507064679813
19.724,0.1,0.100399562620155,0.0500708961789688
19.726,0.1,0.100388874160099,0.0112727299012367
19.728,0.1,0.100378197004095,-0.0274436785491769
19.73,0.1,0.100367847265767,-0.0649352693168364
19.732,0.1,0.100358129009777,-0.100107820621054
19.734,0.1,0.100349433394689,-0.131556823046148
19.736,0.1,0.100341925371272,-0.158703857995623
19.738,0.1,0.100335958594651,-0.180288730691261
19.74,0.1,0.100331720065048,-0.19565606098815
19.742,0.1,0.100329224623044,-0.204765992046973
19.744,0.1,0.100328635934889,-0.207041904303248
19.746,0.1,0.100329967423578,-0.202444712444034
19.748,0.1,0.100333078860172,-0.191483209212956
19.75,0.1,0.100337876406638,-0.174500447725496
19.752,0.1,0.100344328945765,-0.15162053063348
19.754,0.1,0.100352228623902,-0.123603330991975
19.756,0.1,0.100361295490332,-0.0914640024595242
19.758,0.1,0.100371354694494,-0.0558512059612611
19.76,0.1,0.10038206032675,-0.0180145872487751
19.762,0.1,0.10039313932377,0.021045467854797
19.764,0.1,0.100404245978441,0.0600724263073691
19.766,0.1,0.100415058366084,0.0979081482403201
19.768,0.1,0.100425237190413,0.133325464521704
19.77,0.1,0.100434429872254,0.165065737861238
19.772,0.1,0.10044242363905,0.192388842354268
19.774,0.1,0.100448899930559,0.214165205623718
19.776,0.1,0.100453575729629,0.229402989243917
19.778,0.1,0.1004564459188,0.238114257521987
19.78,0.1,0.100457351306081,0.239748577658493
19.782,0.1,0.100456171283489,0.233893340470317
19.784,0.1,0.100453102618577,0.221268856860553
19.786,0.1,0.10044822760405,0.202179381174464
19.788,0.1,0.100441599830018,0.176828524978847
19.79,0.1,0.10043348236115,0.146169982142283
19.792,0.1,0.100424108925404,0.111053923708676
19.794,0.1,0.100413717609263,0.072351192095434
19.796,0.1,0.100402664304923,0.0313490665632126
19.798,0.1,0.100391221830298,-0.0109527268009511
19.8,0.1,0.100379708348902,-0.0533915882017859
19.802,0.1,0.100368431064442,-0.0948460254581163
19.804,0.1,0.100357665140344,-0.134319135745719
19.806,0.1,0.10034774122852,-0.170611852942619
19.808,0.1,0.100338937838319,-0.202733565639377
19.81,0.1,0.100331430659573,-0.230073105379794
19.812,0.1,0.100325584185556,-0.251329386753837
19.814,0.1,0.100321484597715,-0.266222361337482
19.816,0.1,0.100319262127393,-0.274303160814121
19.818,0.1,0.100319042814879,-0.275133268522529
19.82,0.1,0.100320737042195,-0.269046502585905
19.822,0.1,0.10032432692102,-0.256110348646183
19.824,0.1,0.100329747322627,-0.236559374401445
19.826,0.1,0.100336822971019,-0.211025434089037
19.828,0.1,0.100345331648463,-0.180310146013783
19.83,0.1,0.100355096907293,-0.145051069923003
19.832,0.1,0.100365758830037,-0.106551391310383
19.834,0.1,0.100377075020697,-0.0656927168815233
19.836,0.1,0.100388733694352,-0.0236126942568033
19.838,0.1,0.100400416235945,0.01852468869656
19.84,0.1,0.100411840487022,0.0596859324380382
19.842,0.1,0.100422722191096,0.0988330394113544
19.844,0.1,0.100432760812038,0.134873509699513
19.846,0.1,0.100441675793632,0.166797257984016
19.848,0.1,0.100449314979156,0.194067688067704
19.85,0.1,0.100455388817243,0.215651586390596
19.852,0.1,0.100459741526969,0.231003582390903
19.854,0.1,0.100462333115256,0.239993812988659
19.856,0.1,0.10046315152345,0.242588067207552
19.858,0.1,0.100462045208436,0.238246833337524
19.86,0.1,0.100459151228736,0.227468325719605
19.862,0.1,0.100454552630631,0.210554819099954
19.864,0.1,0.100448396609098,0.18803938218502
19.866,0.1,0.100440767532648,0.160230537225423
19.868,0.1,0.100431931758632,0.128091924481234
19.87,0.1,0.100422139793375,0.0925310525682012
19.872,0.1,0.100411663949225,0.0545360745484151
19.874,0.1,0.100400814390547,0.0152337250284529
19.876,0.1,0.100389907784852,-0.0242272612476326
19.878,0.1,0.100379261468124,-0.0626907837270487
19.88,0.1,0.10036917171217,-0.099086268971934
19.882,0.1,0.100359938082435,-0.132333190983886
19.884,0.1,0.100351823235586,-0.161491557604732
19.886,0.1,0.100345110153868,-0.18555142211812
19.888,0.1,0.100339954065493,-0.203968676863735
19.89,0.1,0.10033655397751,-0.216038637376099
19.892,0.1,0.100334945744933,-0.221643052932536
19.894,0.1,0.100335199445445,-0.22053624380524
19.896,0.1,0.100337216444158,-0.21307789727593
19.898,0.1,0.10034095082445,-0.199437006681203
19.9,0.1,0.100346298730627,-0.179992726193981
19.902,0.1,0.100353165757663,-0.155094392463163
19.904,0.1,0.100361315417664,-0.125603337571149
19.906,0.1,0.100370546361522,-0.0922570811469323
19.908,0.1,0.100380594046229,-0.0560211555069191
19.91,0.1,0.100391128458755,-0.0180915431770156
19.912,0.1,0.100401858235959,0.0204661103839279
19.914,0.1,0.100412443989017,0.0584259138462921
19.916,0.1,0.100422565599919,0.0946297879242955
19.918,0.1,0.100431862982207,0.127783253004739
19.92,0.1,0.100440099011285,0.157050616721332
19.922,0.1,0.100446923007171,0.181182693395431
19.924,0.1,0.100452050509788,0.199178073604008
19.926,0.1,0.100455447709006,0.210938851631072
19.928,0.1,0.100456943111972,0.215866521528972
19.93,0.1,0.100456502177124,0.213853676516794
19.932,0.1,0.100454128195611,0.204924988800909
19.934,0.1,0.100449948511593,0.189546346227746
19.936,0.1,0.100443986588309,0.167814506765086
19.938,0.1,0.100436560064982,0.140878498597406
19.94,0.1,0.100427831030339,0.109333415876569
19.942,0.1,0.10041794730506,0.0737333018708383
19.944,0.1,0.100407283747051,0.0354320858769961
19.946,0.1,0.100396090199088,-0.00465062499672287
19.948,0.1,0.100384692340386,-0.0453340212082082
19.95,0.1,0.100373409299381,-0.0854542964834272
19.952,0.1,0.100362551581557,-0.123890985874505
19.954,0.1,0.100352460783981,-0.159414231865977
19.956,0.1,0.100343433637969,-0.190973452476276
19.958,0.1,0.100335705862113,-0.217741613449636
19.96,0.1,0.100329602989386,-0.238564398003383
19.962,0.1,0.100325233878573,-0.253080705425527
19.964,0.1,0.10032282260135,-0.260505613883983
19.966,0.1,0.100322336208931,-0.260979698979811
19.968,0.1,0.100323854551679,-0.254228306453724
19.97,0.1,0.100327336765502,-0.240405993508779
19.972,0.1,0.100332598518039,-0.220180119146992
19.974,0.1,0.100339575485527,-0.193786835545402
19.976,0.1,0.10034794109118,-0.162405502702066
19.978,0.1,0.100357585041275,-0.126440349348124
19.98,0.1,0.100368159102074,-0.0871528656941378
19.982,0.1,0.100379355715885,-0.0456593380937922
19.984,0.1,0.100390879247843,-0.00303949370659255
19.986,0.1,0.100402410724736,0.0395395362421253
19.988,0.1,0.100413659436239,0.0810144463879951
19.99,0.1,0.100424333570779,0.12031903644937
19.992,0.1,0.100434109177575,0.156276454431894
19.994,0.1,0.100442805745102,0.188249509177761
19.996,0.1,0.100450173171248,0.215344359555893
19.998,0.1,0.10045594053621,0.236600351486288
20,0.1,0.100459969466791,0.251542065397964
