t,x_ref,x_meas,pitch_deg
0,0,0,-0
0.002,0,1.35593028917498e-15,4.50609480099098e-12
0.004,0,3.45936491887329e-13,1.14961619728654e-09
0.006,0,3.94278738964736e-12,1.31026701404572e-08
0.008,0,2.14258611807965e-11,7.12023946777821e-08
0.01,0,8.4681734238023e-11,2.81413863426806e-07
0.012,0,2.28785504703213e-10,7.60297011733968e-07
0.014,0,5.65873776198218e-10,1.88049241746796e-06
0.016,0,1.23212623232037e-09,4.09450712714052e-06
0.018,0,2.32347241914629e-09,7.72105834850666e-06
0.02,0,4.21912534513943e-09,1.40200138672132e-05
0.022,0,7.46381751017827e-09,2.4800404701473e-05
0.024,0,1.19215004064442e-08,3.96091029801502e-05
0.026,0,1.7920527279205e-08,5.95363046283284e-05
0.028,0,2.79451577568345e-08,9.28219156871372e-05
0.03,0,3.92708939507198e-08,0.000130421264914553
0.032,0,5.65853791452513e-08,0.000187869495476448
0.034,0,7.79541847480736e-08,0.000258721856954277
0.036,0,1.06719622245036e-07,0.000354028482590233
0.038,0,1.38356594023316e-07,0.000458791571928324
0.04,0,1.84808969944874e-07,0.00061234437359021
0.042,0,2.31261345866433e-07,0.000765897175252096
0.044,0,2.96723164500432e-07,0.000981757705758537
0.046,0,3.69692294618993e-07,0.00122211414838747
0.048,0,4.57315522185068e-07,0.00151017768352115
0.05,0,5.62063479079961e-07,0.00185365840154205
0.052,0,6.84377858002715e-07,0.00225356137220669
0.054,0,8.24174048662508e-07,0.00270916042698991
0.056,0,9.83688621660649e-07,0.003226889007081
0.058,0,1.16391018480571e-06,0.00380882381498002
0.06,0,1.36868535770481e-06,0.0044655816496175
0.062,0,1.58896039864467e-06,0.00516883153707182
0.064,0,1.83217208838196e-06,0.00593998776690871
0.066,0,2.11196217184956e-06,0.00681609438652282
0.068,0,2.39846702054211e-06,0.00771077707884716
0.07,0,2.74943467841778e-06,0.00878221393649565
0.072,0,3.10040233629344e-06,0.00985365079414415
0.074,0,3.46783106102691e-06,0.0109680063968457
0.076,0,3.92355767394655e-06,0.0123125800397582
0.078,0,4.37928428686618e-06,0.0136571536826707
0.08,0,4.86742718627206e-06,0.0150816982948458
0.082,0,5.4601159254311e-06,0.0167641574630569
0.084,0,6.05280466459014e-06,0.0184466166312679
0.086,0,6.68694327653093e-06,0.020227202034828
0.088,0,7.41070770531333e-06,0.0222199628542948
0.09,0,8.19368093142203e-06,0.0243473157426488
0.092,0,9.04682702677655e-06,0.0266308998473028
0.094,0,9.98400741001581e-06,0.0290913741431446
0.096,0,1.09892473278362e-05,0.0316796413728632
0.098,0,1.20557620112176e-05,0.0343635008814158
0.1,0,1.31804532037312e-05,0.0371032183595194
0.102,0,1.43430129104388e-05,0.0398319678505691
0.104,0,1.55284693484239e-05,0.0424884604190191
0.106,0,1.67213771533006e-05,0.0450105371071332
0.108,0,1.79067769433676e-05,0.0473386852103865
0.11,0,1.90709334694558e-05,0.0494187696738479
0.112,0,2.01918380841643e-05,0.051128161371531
0.114,0,2.12697959746665e-05,0.0525175024582156
0.116,0,2.2304616438779e-05,0.0535981574883071
0.118,0,2.32770991979237e-05,0.0542525225097047
0.12,0,2.41906566411325e-05,0.0545128898355346
0.122,0,2.50468168195564e-05,0.0543860537203968
0.124,0,2.58507668861123e-05,0.0538923085278914
0.126,0,2.6611642506558e-05,0.0530661796036678
0.128,0,2.73421934067104e-05,0.051941126143965
0.13,0,2.80635883676194e-05,0.0506179005870673
0.132,0,2.87933033084817e-05,0.0491541132164543
0.134,0,2.95520204703486e-05,0.0476239646679263
0.136,0,3.03616632952694e-05,0.0461056761865431
0.138,0,3.12588803403427e-05,0.0447056862432784
0.14,0,3.22646276798477e-05,0.043511367342477
0.142,0,3.33913876761864e-05,0.042576517708312
0.144,0,3.46530527101297e-05,0.0419496099844638
0.146,0,3.60600640791973e-05,0.0416666689727185
0.148,0,3.76192659659457e-05,0.0417507291402101
0.15,0,3.93351467007694e-05,0.0422146018631133
0.152,0,4.12509829031698e-05,0.0431561633904065
0.154,0,4.3286246048498e-05,0.0443705232167166
0.156,0,4.54290370069207e-05,0.0458293968961064
0.158,0,4.77594662773743e-05,0.0476738963631706
0.16,0,5.01668324803686e-05,0.0496407145357308
0.162,0,5.2647395535405e-05,0.0517239052213679
0.164,0,5.5225104145111e-05,0.0538519802369727
0.166,0,5.78211123459853e-05,0.0558967680856053
0.168,0,6.04363620533448e-05,0.0578539138172867
0.17,0,6.30299891642847e-05,0.0594356556014887
0.172,0,6.55890354272431e-05,0.060745048356587
0.174,0,6.81084822782424e-05,0.0617487669767611
0.176,0,7.05245784442548e-05,0.0620948743795109
0.178,0,7.28814797321548e-05,0.0620823732950769
0.18,0,7.51691770875147e-05,0.0616527865082195
0.182,0,7.73504776027378e-05,0.0605666900716324
0.184,0,7.94845509568605e-05,0.0591528647242505
0.186,0,8.15635950426907e-05,0.0573475995181754
0.188,0,8.36204997598389e-05,0.0552824453340962
0.19,0,8.56575314629577e-05,0.0529840063901769
0.192,0,8.76958922249639e-05,0.0504899302811438
0.194,0,8.97719128241852e-05,0.0479106454140301
0.196,0,9.19038256101473e-05,0.045367438789574
0.198,0,9.41177048212373e-05,0.0429424111283638
0.2,0,9.64485609925226e-05,0.0407461889590503
0.202,0,9.89085433851159e-05,0.0388445298459748
0.204,0,0.000101511987035642,0.0372945209598989
0.206,0,0.000104291082562083,0.0361970179025175
0.208,0,0.00010723669952692,0.0355410297673721
0.21,0,0.000110347850285141,0.0353292980341575
0.212,0,0.000113634368851158,0.0355891667550585
0.214,0,0.000117073969445461,0.0362561907304115
0.216,0,0.000120648162464213,0.0372719361030879
0.218,0,0.000124336523466226,0.0385693214576521
0.22,0,0.000128115141587972,0.0400687059328137
0.222,0,0.000131955799943176,0.0416797891465039
0.224,0,0.000135832899425438,0.0433196775930612
0.226,0,0.000139724185642857,0.0449171199743193
0.228,0,0.000143608440456874,0.0463982436322181
0.23,0,0.000147467091686754,0.0477064342009041
0.232,0,0.00015128245745961,0.0487799012047207
0.234,0,0.000155044772698209,0.0495926493421452
0.236,0,0.000158740430492031,0.0500944379629853
0.238,0,0.000162367209328228,0.0502837747975755
0.24,0,0.00016592006422738,0.050141416923365
0.242,0,0.000169406527523238,0.0497008178221809
0.244,0,0.000172826645298865,0.0489596103276951
0.246,0,0.000176178814204194,0.0479039805719238
0.248,0,0.000179481398234518,0.0466122198636369
0.25,0,0.000182729396330928,0.0450505322631349
0.252,0,0.000185938255602547,0.0432832487988966
0.254,0,0.000189117063770283,0.0413426222564563
0.256,0,0.00019227456931528,0.0392494723022882
0.258,0,0.000195429621076221,0.0370699021556969
0.26,0,0.000198595124432045,0.0348629448071587
0.262,0,0.000201796348203456,0.0326914249256305
0.264,0,0.00020504669933851,0.0306178836324155
0.266,0,0.00020836006791032,0.0286909554137264
0.268,0,0.000211749121933002,0.0269548089374405
0.27,0,0.000215224859884394,0.0254480451726217
0.272,0,0.000218804970155251,0.0242268266129108
0.274,0,0.00022249318098976,0.0233074223013223
0.276,0,0.000226296464471048,0.0227120750023803
0.278,0,0.000230208284249512,0.0224224159264065
0.28,0,0.000234222291515286,0.0224182473520035
0.282,0,0.00023833033941026,0.022672380252472
0.284,0,0.000242524178915421,0.0231547243037792
0.286,0,0.000246779509384251,0.0237940217840108
0.288,0,0.000251102716611373,0.0245927769937209
0.29,0,0.000255466797262091,0.0254681555017831
0.292,0,0.000259855585643385,0.0263687157468727
0.294,0,0.000264256657032893,0.0272520944693791
0.296,0,0.000268658518357326,0.0280804965175052
0.298,0,0.000273045099696918,0.0287882255880466
0.3,0,0.000277404587151914,0.0293422244694928
0.302,0,0.000281727536586279,0.0297108168731901
0.304,0,0.000286001648309618,0.029846084026717
0.306,0,0.000290235322323233,0.0297923606765747
0.308,0,0.000294415018848246,0.029487673831895
0.31,0,0.000298567256121317,0.0290546038526392
0.312,0,0.000302657782790617,0.0283252785770333
0.314,0,0.000306728557771289,0.0274893603957698
0.316,0,0.000310774036773815,0.0265169287313884
0.318,0,0.000314805588593908,0.0254341429994439
0.32,0,0.000318837913531055,0.024304981670465
0.322,0,0.000322880309952437,0.0231636501552685
0.324,0,0.000326946168052836,0.022050428473017
0.326,0,0.000331056810236695,0.0210324989906807
0.328,0,0.000335212733735766,0.0201254291521283
0.33,0,0.000339419958752437,0.0193502327831588
0.332,0,0.000343684179600575,0.0187267804977167
0.334,0,0.000348040116986295,0.0183559431158279
0.336,0,0.000352464634874667,0.0181769050882984
0.338,0,0.000356963694476149,0.0182063451700688
0.34,0,0.000361530635436992,0.0184256398323374
0.342,0,0.000366184434044781,0.0188836889669252
0.344,0,0.00037087616841235,0.0194454837794465
0.346,0,0.000375668152902315,0.020269793342188
0.348,0,0.000380486565341361,0.0211568248937939
0.35,0,0.00038535415125137,0.0221594480362875
0.352,0,0.000390263132514539,0.0232365583539144
0.354,0,0.000395188503413143,0.0243167207341889
0.356,0,0.000400120537746984,0.0253690002359588
0.358,0,0.000405051634760376,0.0263666068207172
0.36,0,0.000409966909536299,0.0272412673757885
0.362,0,0.000414855931220243,0.0279643402814442
0.364,0,0.000419716921409735,0.0285371936117111
0.366,0,0.000424546666748713,0.0289484456202876
0.368,0,0.000429334577725434,0.029149126702998
0.37,0,0.000434072856787341,0.0290983687639144
0.372,0,0.000438801251326843,0.0289972856771539
0.374,0,0.000443472563072748,0.0285909980112431
0.376,0,0.000448136912873696,0.0281406747366497
0.378,0,0.00045277040872981,0.0274951944693945
0.38,0,0.000457399956348966,0.026798422235844
0.382,0,0.000462022263305356,0.026007585782095
0.384,0,0.000466654247137785,0.0251956996856097
0.386,0,0.00047129510493886,0.0243645104722025
0.388,0,0.000475969296295524,0.0235779686080844
0.39,0,0.000480658434869639,0.0228114472196288
0.392,0,0.000485411964854651,0.0221813812592008
0.394,0,0.00049017871603129,0.0215801409610792
0.396,0,0.000495038235248311,0.0212035875690127
0.398,0,0.000499916532488279,0.0208747171609471
0.4,0,0.000504871507256168,0.0207405537967112
0.402,0,0.00050989109518029,0.0207720224015076
0.404,0,0.000514956812546047,0.0209203812705976
0.406,0,0.000520078947759465,0.0212102483869244
0.408,0,0.000525261444189959,0.0216427409810074
0.41,0,0.000530479836380488,0.0221492360459996
0.412,0,0.000535735289142236,0.0227278001967696
0.414,0,0.000541003613171146,0.0233163645178586
0.416,0,0.000546301517538508,0.0239279109135863
0.418,0,0.000551600397225577,0.0245203506317935
0.42,0,0.000556903292241056,0.0250341293893818
0.422,0,0.000562204328332183,0.0255324297613062
0.424,0,0.00056748601735737,0.0258696362470787
0.426,0,0.000572752188009618,0.0261128526072311
0.428,0,0.000577998911471346,0.0262382831732745
0.43,0,0.000583211417035172,0.0261728992123879
0.432,0,0.000588408429962756,0.0260218124052205
0.434,0,0.000593567950875269,0.0256653884188558
0.436,0,0.000598707019763011,0.0251931128451948
0.438,0,0.000603826618239346,0.0246105460855934
0.44,0,0.00060892058656504,0.0238647547779412
0.442,0,0.000614007769988943,0.023063442481739
0.444,0,0.000619084933176643,0.0221558152189347
0.446,0,0.000624164780579175,0.021237384886512
0.448,0,0.00062925503774939,0.0202770587104146
0.45,0,0.000634353643662368,0.0193282513266093
0.452,0,0.000639488936354264,0.018430060831872
0.454,0,0.000644636418289062,0.0175592081090069
0.456,0,0.000649845243586094,0.0168259349598826
0.458,0,0.000655067672808314,0.016127220990575
0.46,0,0.000660369578943658,0.0156304088175545
0.462,0,0.000665684181993312,0.0151671364195129
0.464,0,0.000671086429685116,0.0149353833894014
0.466,0,0.000676498830684024,0.014730284986287
0.468,0,0.000681996038168716,0.0147478219493938
0.47,0,0.000687500146565409,0.0147824965123149
0.472,0,0.000693076395605074,0.0149963238407274
0.474,0,0.000698656430095515,0.0152181120300697
0.476,0,0.000704288600314396,0.015549542454418
0.478,0,0.000709922171010063,0.0158822062497296
0.48,0,0.000715583470593304,0.016239290303274
0.482,0,0.000721244827526703,0.0165944498761217
0.484,0,0.000726908142007988,0.0168839206485332
0.486,0,0.00073257126076675,0.0171720607222368
0.488,0,0.00073821245540775,0.0173111408164978
0.49,0,0.000743853650048749,0.0174502209107587
0.492,0,0.000749455412722232,0.0173809742914601
0.494,0,0.000755056746230876,0.0173094603112818
0.496,0,0.000760611528341274,0.0170080930696313
0.498,0,0.000766164851846454,0.0166995237850972
0.5,0,0.000771684792919318,0.0162269968562145
0.502,0,0.00077717564785705,0.0155978606612699
0.504,0,0.000782666502794782,0.0149687244663253
0.506,0,0.000788144416578347,0.0142431180141267
0.508,0,0.000793617047886358,0.0134781331750368
0.51,0,0.000799095828288894,0.012705574628385
0.512,0,0.000804583091209929,0.011922568346016
0.514,0,0.000810076517076721,0.0111525088476666
0.516,0,0.000815611044999379,0.0104687943312534
0.518,0,0.000821145572922036,0.0097850798148402
0.52,0,0.000826741449507933,0.00926319943230722
0.522,0,0.000832348966217506,0.00877202500544064
0.524,0,0.000838004894663379,0.00841727383233347
0.526,0,0.000843700328459096,0.0081738479034444
0.528,0,0.000849419359289258,0.0079979883681918
0.53,0,0.00085520527853749,0.0080136532889394
0.532,0,0.000860991197785722,0.008029318209687
0.534,0,0.000866855275190162,0.00826421612477389
0.536,0,0.00087272169408207,0.00850568189322111
0.538,0,0.000878628272509413,0.00885040496289923
0.54,0,0.000884553659051556,0.00924348703759087
0.542,0,0.000890490337531919,0.00965506069214606
0.544,0,0.000896444590869225,0.0100954147796448
0.546,0,0.000902398419726023,0.0105289391500855
0.548,0,0.000908348482913997,0.0109018754553112
0.55,0,0.000914298546101971,0.0112748117605369
0.552,0,0.000920222007415762,0.011512618041212
0.554,0,0.000926139286856519,0.0117190221489018
0.556,0,0.000932030363237242,0.0118071371845202
0.558,0,0.000937897403404286,0.0117867449920359
0.56,0,0.000943752105760463,0.011711546259929
0.562,0,0.000949565895863945,0.0114546087232352
0.564,0,0.000955379685967427,0.0111976711865415
0.566,0,0.000961153359558605,0.0107540258928539
0.568,0,0.00096692455526959,0.0102988482044963
0.57,0,0.000972681548050086,0.00976284877806287
0.572,0,0.000978430958674552,0.00918370311296325
0.574,0,0.000984182099711015,0.00859399278832073
0.576,0,0.000989936289330335,0.00798566999447594
0.578,0,0.000995692842068121,0.00738243993255961
0.58,0,0.00100147975394844,0.00684463654166685
0.582,0,0.00100726666582877,0.00630683315077409
0.584,0,0.00101309860393823,0.00589347584807969
0.586,0,0.00101894306851271,0.00551473991163161
0.588,0,0.00102482418902905,0.00524405288186652
0.59,0,0.00103074308518626,0.00508471524019641
0.592,0,0.00103667797355899,0.00497322148385918
0.594,0,0.00104267580122201,0.00505002310074498
0.596,0,0.00104867362888503,0.00512682471763078
0.598,0,0.00105473436232245,0.00538802962818248
0.6,0,0.00106080110975317,0.00566686408358587
0.602,0,0.00106689665936015,0.00602268276132617
0.604,0,0.00107300964788846,0.00642511325702073
0.606,0,0.0010791281196059,0.00683427355432278
0.608,0,0.00108525757416327,0.00725691365908555
0.61,0,0.001091386450048,0.00767594131808416
0.612,0,0.00109750248782908,0.00801482529910259
0.614,0,0.00110361852561015,0.00835370928012101
0.616,0,0.00110970627610663,0.00856628218588635
0.618,0,0.00111578476078741,0.00873748048956125
0.62,0,0.00112183900713458,0.00880740457999762
0.622,0,0.00112786518542084,0.00876005283658864
0.624,0,0.001133881669497,0.00867283183083029
0.626,0,0.00113985198040697,0.00839571499465029
0.628,0,0.00114582229131694,0.00811859815847028
0.63,0,0.00115175054112372,0.00766554951626297
0.632,0,0.00115767325287725,0.00718933648615063
0.634,0,0.00116357924599539,0.00663648052458973
0.636,0,0.00116947380159884,0.00603119177563819
0.638,0,0.00117536824032655,0.00541679884391866
0.64,0,0.00118126241136048,0.00478155356790511
0.642,0,0.00118715700484843,0.00414740975737544
0.644,0,0.00119308125749123,0.00359059634218106
0.646,0,0.00119900551013403,0.00303378292698667
0.648,0,0.00120497021572279,0.00260034020012706
0.65,0,0.00121095032917245,0.0022138873366526
0.652,0,0.00121696106690291,0.00192446446653368
0.654,0,0.00122301169374258,0.0017614262787001
0.656,0,0.00122907258418451,0.00163118978221911
0.658,0,0.00123519427142093,0.00169525521210072
0.66,0,0.00124131595865735,0.00175932064198234
0.662,0,0.00124748761871204,0.0019811578771703
0.664,0,0.00125366778341674,0.00222984558893568
0.666,0,0.00125986843217563,0.00253958079341637
0.668,0,0.00126608487137454,0.00289637537214914
0.67,0,0.00127230372896311,0.00325670700290694
0.672,0,0.00127852896786671,0.00362637172156227
0.674,0,0.00128475420677031,0.0039960364402176
0.676,0,0.00129096026034086,0.00428182132243466
0.678,0,0.00129716602089208,0.00456632510033746
0.68,0,0.00130334133102957,0.00473329383563476
0.682,0,0.00130950328352645,0.00484870363739753
0.684,0,0.00131564126845413,0.0048744618168893
0.686,0,0.00132174407353873,0.00476862842880546
0.688,0,0.00132783981079006,0.00463660968907819
0.69,0,0.0013338813418667,0.00430376451643252
0.692,0,0.00133992287294334,0.00397091934378686
0.694,0,0.00134592409559205,0.00348796984326025
0.696,0,0.0013519167962852,0.0029732854803872
0.698,0,0.001357896263761,0.00240726998350145
0.7,0,0.00136386425758628,0.00179674864378435
0.702,0,0.00136983342905245,0.00118846153673833
0.704,0,0.00137580621511439,0.000587032078841232
0.706,0,0.00138177900117633,-1.43973790558984e-05
0.708,0,0.00138778293952719,-0.000512340281441852
0.71,0,0.0013937883161061,-0.00100550545251702
0.712,0,0.00139982915076612,-0.00137714959938903
0.714,0,0.00140588776769293,-0.00168785081863089
0.716,0,0.00141197032542992,-0.00191558554895184
0.718,0,0.00141809259261332,-0.00200570783765628
0.72,0,0.00142422025235276,-0.00207703890124924
0.722,0,0.00143040503391303,-0.00194931983280955
0.724,0,0.00143658981547329,-0.00182160076436986
0.726,0,0.00144281421759113,-0.00155529565134621
0.728,0,0.00144904874925285,-0.00125355909799467
0.73,0,0.00145529685135064,-0.000904017277403905
0.732,0,0.00146155817442105,-0.000507901262331023
0.734,0,0.00146781894172926,-0.00011342197642602
0.736,0,0.00147407769957414,0.000275139405538671
0.738,0,0.00148033645741903,0.000663700787503362
0.74,0,0.00148656554277915,0.000950593215361401
0.742,0,0.00149279228396977,0.00122945364781271
0.744,0,0.00149898439913245,0.00138920449044664
0.746,0,0.00150515677494743,0.00148105422667262
0.748,0,0.00151130683140513,0.0014962003078195
0.75,0,0.0015174148944025,0.00136702987228151
0.752,0,0.00152351950374298,0.00122605189984871
0.754,0,0.00152956716079785,0.00089036257169909
0.756,0,0.00153561481785272,0.000554673243549474
0.758,0,0.00154162810626252,0.000103276869968385
0.76,0,0.00154763097191811,-0.000383209222568012
0.762,0,0.0015536235751377,-0.000902092095528589
0.764,0,0.00155960494585481,-0.00145643408530612
0.766,0,0.00156558726877627,-0.00200576417509575
0.768,0,0.00157157371614472,-0.00253338535758932
0.77,0,0.00157756016351317,-0.00306100654008289
0.772,0,0.00158357402464547,-0.00348333821589437
0.774,0,0.00158959100993269,-0.00389367078301865
0.776,0,0.00159563856299894,-0.00419000668862011
0.778,0,0.0016017058386045,-0.00441279117136854
0.78,0,0.00160779211260588,-0.00456515003862119
0.782,0,0.00161391913971987,-0.00456644020150333
0.784,0,0.00162004773222027,-0.00456188350206707
0.786,0,0.00162623049243266,-0.00435500541170278
0.788,0,0.00163241325264506,-0.0041481273213385
0.79,0,0.00163862432560254,-0.00383190363681046
0.792,0,0.00164484543865805,-0.00347690446509429
0.794,0,0.00165107182772025,-0.00309687075113009
0.796,0,0.00165730470843354,-0.00268603428736789
0.798,0,0.00166353484278222,-0.00228239531376309
0.8,0,0.00166975039392445,-0.00191697503998066
0.802,0,0.00167596594506669,-0.00155155476619823
0.804,0,0.00168214464882893,-0.00130152761509856
0.806,0,0.0016883177788333,-0.00106895552662359
0.808,0,0.00169445673560078,-0.000946722108190723
0.81,0,0.00170057081789284,-0.000904803485343937
0.812,0,0.00170666612333026,-0.000923789814366087
0.814,0,0.00171271520452878,-0.00109270993695968
0.816,0,0.0017187642857273,-0.00126163005955328
0.818,0,0.00172475379699431,-0.00162137315710172
0.82,0,0.00173074324864761,-0.00198130721789607
0.822,0,0.0017367018538031,-0.0024357648135212
0.824,0,0.00174264780642636,-0.00292899381457935
0.826,0,0.00174858583938975,-0.00344147572411304
0.828,0,0.00175451290244979,-0.0039806257670168
0.83,0,0.00176044119719767,-0.00451271486778791
0.832,0,0.00176637777933027,-0.00499729457417314
0.834,0,0.00177231436146287,-0.00548187428055835
0.836,0,0.00177828037666685,-0.0058448050838751
0.838,0,0.00178425201811973,-0.00618448221452691
0.84,0,0.00179025179677182,-0.00641294186841689
0.842,0,0.00179627462911591,-0.00655027754669087
0.844,0,0.00180231153058164,-0.00663208064034523
0.846,0,0.00180838852015392,-0.00655565095828502
0.848,0,0.0018144655097262,-0.00647922127622482
0.85,0,0.00182058534238191,-0.00622844738038699
0.852,0,0.00182670650402796,-0.00597226533556933
0.854,0,0.00183284430688788,-0.00564030600247944
0.856,0,0.00183898993933197,-0.00527269394223761
0.858,0,0.0018451353656319,-0.00489562016963162
0.86,0,0.00185128046973725,-0.00450375814091971
0.862,0,0.00185742292551246,-0.00411852648464394
0.864,0,0.00186354162675329,-0.00379276679840106
0.866,0,0.00186966032799412,-0.00346700711215817
0.868,0,0.00187573943400285,-0.00325821521224972
0.87,0,0.00188180927848442,-0.00307678267537899
0.872,0,0.00188784603132576,-0.00299695771893179
0.874,0,0.00189385230717207,-0.00301071209855219
0.876,0,0.00189984317799718,-0.00307190237054033
0.878,0,0.0019057826775519,-0.00329127756299758
0.88,0,0.00191172217710662,-0.00351065275545483
0.882,0,0.00191760818909722,-0.00389007747618699
0.884,0,0.00192349083696946,-0.00427956856592584
0.886,0,0.0019293501848076,-0.00473136777788701
0.888,0,0.00193519703916406,-0.00521657661407624
0.89,0,0.00194104063157583,-0.00570225717209969
0.892,0,0.00194687845225861,-0.00618877240110819
0.894,0,0.00195271746353164,-0.00666889466027987
0.896,0,0.00195857200182648,-0.00706564333047974
0.898,0,0.00196442654012133,-0.00746239200067961
0.9,0,0.00197031308446556,-0.00771900045939287
0.902,0,0.00197620858535683,-0.00793639219431759
0.904,0,0.0019821040862481,-0.0081537839292423
0.906,0,0.00198805414873594,-0.00813984228561624
0.908,0,0.00199400474244144,-0.00812364835493815
0.91,0,0.00199996514158376,-0.00806484784434091
0.912,0,0.00200596491804417,-0.00783494502763138
0.914,0,0.00201196469450458,-0.00760504221092184
0.916,0,0.00201797516207363,-0.00732060474945817
0.918,0,0.00202400111804233,-0.00695716197614047
0.92,0,0.00203002707401103,-0.00659371920282278
0.922,0,0.00203604765016906,-0.00622304780210752
0.924,0,0.00204206489229341,-0.00584789659927363
0.926,0,0.00204808213441776,-0.00547274539643973
0.928,0,0.00205406178967474,-0.00519388072785187
0.93,0,0.00206003354893339,-0.00493524329196848
0.932,0,0.00206600277404679,-0.00468394713928937
0.934,0,0.00207190295902371,-0.00463265656733924
0.936,0,0.00207780314400063,-0.00458136599538911
0.938,0,0.00208368425505395,-0.00458619165082763
0.94,0,0.00208950640107598,-0.00476449472889323
0.942,0,0.00209532854709801,-0.00494279780695883
0.944,0,0.00210112159660765,-0.00520296010320313
0.946,0,0.00210687957212543,-0.00556179847143947
0.948,0,0.00211263754764322,-0.00592063683967582
0.95,0,0.00211837151332648,-0.00633366828845356
0.952,0,0.00212409324400835,-0.00677431560504735
0.954,0,0.00212981497469021,-0.00721496292164115
0.956,0,0.00213553410254457,-0.00762425990111672
0.958,0,0.00214125284642889,-0.00802893206782667
0.96,0,0.00214697377443423,-0.00842211792080859
0.962,0,0.00215271966582111,-0.00868402110679562
0.964,0,0.00215846555720799,-0.00894592429278264
0.966,0,0.0021642248109257,-0.00914696775646985
0.968,0,0.00217001686472309,-0.00919862083562428
0.97,0,0.00217580891852049,-0.00925027391477872
0.972,0,0.00218162461080349,-0.00919461136799037
0.974,0,0.00218746408639229,-0.00903097573049941
0.976,0,0.00219330356198109,-0.00886734009300846
0.978,0,0.00219916362494779,-0.00859633377138314
0.98,0,0.00220503220001671,-0.0082809337322882
0.982,0,0.00221090077508562,-0.00796553369319326
0.984,0,0.0022167666759102,-0.007613220569439
0.986,0,0.00222263233306654,-0.0072575440484452
0.988,0,0.00222849332249014,-0.00691182841651264
0.99,0,0.00223432178711594,-0.00663552033661215
0.992,0,0.00224015025174173,-0.00635921225671166
0.994,0,0.00224595770223026,-0.0061394332133724
0.996,0,0.00225172334648176,-0.00603211495166783
0.998,0,0.00225748899073327,-0.00592479668996327
1,0,0.00226323084763989,-0.00588420526447382
1.002,0,0.00226890931436719,-0.0060215835415743
1.004,0,0.00227458778109449,-0.00615896181867479
1.006,0,0.00228024823142421,-0.00634510757905243
1.008,0,0.002285862899465,-0.00665517861361715
1.01,0,0.00229147756750579,-0.00696524964818186
1.012,0,0.00229706842546858,-0.007329470915246
1.014,0,0.00230264093603325,-0.00773541887782963
1.016,0,0.00230821344659792,-0.00814136684041326
1.018,0,0.00231377577519215,-0.00853830055843166
1.02,0,0.00231933626714365,-0.00893360827027295
1.022,0,0.00232489909389946,-0.00931380395240482
1.024,0,0.00233047760438026,-0.00959248666550297
1.026,0,0.00233605611486106,-0.00987116937860113
1.028,0,0.0023416502499484,-0.0100727598428606
1.03,0,0.00234726668676728,-0.0101643129353678
1.032,0,0.00235288312358616,-0.010255866027875
1.034,0,0.00235852814463817,-0.0102090005440769
1.036,0,0.00236418574734691,-0.0101012086395878
1.038,0,0.00236984335005566,-0.00999341673509857
1.04,0,0.00237552818799449,-0.00973563468188329
1.042,0,0.00238121367389879,-0.00947428414633297
1.044,0,0.00238690006980624,-0.00919517517754096
1.046,0,0.00239258906712224,-0.00886530051603551
1.048,0,0.00239827806443824,-0.00853542585453007
1.05,0,0.00240395361464457,-0.00822221668515745
1.052,0,0.00240961778119822,-0.00792311569061729
1.054,0,0.00241528194775186,-0.00762401469607713
1.056,0,0.00242090460308333,-0.00742403257127919
1.058,0,0.00242651838857161,-0.00724522951049817
1.06,0,0.00243212506731543,-0.00708532122655617
1.062,0,0.00243767202202731,-0.00708420185979802
1.064,0,0.00244321897673918,-0.00708308249303987
1.066,0,0.00244873914328699,-0.00715370330622154
1.068,0,0.00245421718668208,-0.0073371322442728
1.07,0,0.00245969523007716,-0.00752056118232406
1.072,0,0.00246513640891204,-0.00779471482027686
1.074,0,0.00247055952308431,-0.00811332609135819
1.076,0,0.00247598263725659,-0.00843193736243951
1.078,0,0.00248137796823909,-0.00879297128205006
1.08,0,0.00248677194499822,-0.00915607298951759
1.082,0,0.00249216581254089,-0.00950585316202428
1.084,0,0.00249755932635629,-0.00981248791426697
1.086,0,0.0025029528401717,-0.0101191226665097
1.088,0,0.00250835779466262,-0.0103551898110851
1.09,0,0.00251377338143569,-0.0105256756257968
1.092,0,0.00251918896820876,-0.0106961614405084
1.094,0,0.0025246309784374,-0.0107264224201685
1.096,0,0.00253007956539322,-0.0107217818146631
1.098,0,0.00253553070043947,-0.0107032402873741
1.1,0,0.00254100995003004,-0.0105313219109728
1.102,0,0.00254648919962062,-0.0103594035345714
1.104,0,0.00255197426437428,-0.0101452486893
1.106,0,0.00255746942432744,-0.00985777077940436
1.108,0,0.0025629645842806,-0.00957029286950874
1.11,0,0.00256845446844356,-0.00926263445836443
1.112,0,0.00257394148536051,-0.00894400850312986
1.114,0,0.00257942850227747,-0.00862538254789529
1.116,0,0.00258488264134353,-0.00836645619691629
1.118,0,0.00259033431653669,-0.00811200374656337
1.12,0,0.00259577383055094,-0.00788746917500565
1.122,0,0.00260116832477786,-0.00777368838399408
1.124,0,0.00260656281900479,-0.00765990759298252
1.126,0,0.00261192446221127,-0.00763172506007833
1.128,0,0.00261725260056422,-0.00769084444535449
1.13,0,0.00262258073891718,-0.00774996383063064
1.132,0,0.00262786176738983,-0.00792788611496659
1.134,0,0.00263312931174542,-0.0081398129900366
1.136,0,0.00263839427749605,-0.0083572030580871
1.138,0,0.00264361874621912,-0.00866039265006807
1.14,0,0.00264884321494218,-0.00896358224204904
1.142,0,0.00265406095447563,-0.00926974853989949
1.144,0,0.00265926576196628,-0.00958163542073508
1.146,0,0.00266447056945694,-0.00989352230157068
1.148,0,0.00266967768027746,-0.0101593255650942
1.15,0,0.00267488617515347,-0.0103974374914079
1.152,0,0.00268009467002949,-0.0106355494177215
1.154,0,0.00268532266960878,-0.0107496788883328
1.156,0,0.0026905526680347,-0.0108511026074132
1.158,0,0.00269578812438053,-0.0109217362456511
1.16,0,0.00270104693358217,-0.0108606280611835
1.162,0,0.0027063057427838,-0.010799519876716
1.164,0,0.00271157519196114,-0.0106719953270136
1.166,0,0.00271685655138063,-0.0104701252133486
1.168,0,0.00272213791080013,-0.0102682550996837
1.17,0,0.00272742231493154,-0.0100089870865446
1.172,0,0.00273270771120333,-0.00973101557189667
1.174,0,0.00273799235588709,-0.00945340377994492
1.176,0,0.00274325723025532,-0.00918525439411137
1.178,0,0.00274852210462354,-0.00891710500827783
1.18,0,0.00275377326095343,-0.00867724656088441
1.182,0,0.00275899513451872,-0.00849777844558126
1.184,0,0.002764217008084,-0.0083183103302781
1.186,0,0.00276940445483767,-0.00822230926995688
1.188,0,0.00277456908516098,-0.00818162614809894
1.19,0,0.00277973371548429,-0.00814094302624101
1.192,0,0.00278484485253357,-0.00823308772741665
1.194,0,0.00278994895690082,-0.00834269510704895
1.196,0,0.00279504430209465,-0.00847266733547469
1.198,0,0.00280009570438115,-0.00870480567254455
1.2,0,0.00280514710666765,-0.0089369440096144
1.202,0,0.00281018260974547,-0.00919667529671132
1.204,0,0.00281519856988966,-0.00949032318943759
1.206,0,0.00282021453003386,-0.00978397108216386
1.208,0,0.00282522119061257,-0.0100640286635296
1.21,0,0.00283022442889011,-0.0103390849210781
1.212,0,0.00283522778616449,-0.0106128736390389
1.214,0,0.00284023991466612,-0.0107932323324113
1.216,0,0.00284525204316775,-0.0109735910257837
1.218,0,0.0028502707419235,-0.0111120148614754
1.22,0,0.00285530508376768,-0.0111505961834933
1.222,0,0.00286033942561186,-0.0111891775055112
1.224,0,0.00286538710302262,-0.0111438026703863
1.226,0,0.00287044450983327,-0.0110371748678023
1.228,0,0.00287550191664392,-0.0109305470652183
1.23,0,0.00288056980589641,-0.0107315130128063
1.232,0,0.00288563939353934,-0.0105175070776734
1.234,0,0.00289070809667279,-0.0102973540929625
1.236,0,0.00289577149733819,-0.0100403507009378
1.238,0,0.00290083489800359,-0.0097833473089131
1.24,0,0.00290588686695256,-0.00953900411978297
1.242,0,0.00291092339207422,-0.00931176439785279
1.244,0,0.00291595991719589,-0.0090845246759226
1.246,0,0.00292096455351777,-0.00892360792281417
1.248,0,0.00292595602218424,-0.0087900775249683
1.25,0,0.00293094749085071,-0.00865654712712244
1.252,0,0.00293588331289601,-0.00865449639543501
1.254,0,0.00294081858117463,-0.00865375408206471
1.256,0,0.00294573841699138,-0.00868957818037694
1.258,0,0.00295061706091427,-0.00882300431789669
1.26,0,0.00295549570483716,-0.00895643045541645
1.262,0,0.00296034913009388,-0.00914252582015717
1.264,0,0.00296518232970132,-0.00937086248785053
1.266,0,0.00297001552930876,-0.0095991991555439
1.268,0,0.00297482684750858,-0.00985028345567453
1.27,0,0.00297963391475893,-0.0101057869886967
1.272,0,0.0029844403492723,-0.0103557716435076
1.274,0,0.00298924213158246,-0.010565178706785
1.276,0,0.00299404391389262,-0.0107745857700624
1.278,0,0.00299885001984266,-0.0109427139932817
1.28,0,0.00300366255429248,-0.0110494677677056
1.282,0,0.00300847508874231,-0.0111562215421295
1.284,0,0.00301330013071811,-0.011174471163394
1.286,0,0.00301813093730686,-0.0111519299690483
1.288,0,0.00302296174389561,-0.0111293887747026
1.29,0,0.00302780819551498,-0.0109889204623528
1.292,0,0.00303265518257859,-0.0108444161467151
1.294,0,0.00303750343648858,-0.010679271582118
1.296,0,0.00304235550511542,-0.0104519752787632
1.298,0,0.00304720757374226,-0.0102246789754084
1.3,0,0.00305205287469541,-0.00998672584740922
1.302,0,0.00305689221488124,-0.00973938650268387
1.304,0,0.00306173155506708,-0.00949204715795851
1.306,0,0.0030665443249301,-0.00928538958431565
1.308,0,0.00307135102710946,-0.00908802222966442
1.31,0,0.00307615306222243,-0.00890081618742131
1.312,0,0.00308091139398458,-0.00880876272373107
1.314,0,0.00308566972574673,-0.00871670926004083
1.316,0,0.00309040732918264,-0.00867307680599647
1.318,0,0.00309511095153467,-0.00870882357299906
1.32,0,0.0030998145738867,-0.00874457034000165
1.322,0,0.0031044850054414,-0.00885452577814186
1.324,0,0.00310913843566454,-0.0090024931449856
1.326,0,0.00311379186588768,-0.00915046051182935
1.328,0,0.00311841018751674,-0.00936140756563715
1.33,0,0.00312302641340464,-0.00957611407279636
1.332,0,0.00312763813378548,-0.00979217054483177
1.334,0,0.00313223442943899,-0.0100128486587428
1.336,0,0.0031368307250925,-0.0102335267726539
1.338,0,0.00314142568110169,-0.0104262661510317
1.34,0,0.00314601934203763,-0.010591996338949
1.342,0,0.00315061300297358,-0.0107577265268664
1.344,0,0.00315521507847038,-0.0108430851132048
1.346,0,0.00315981937926205,-0.0109071888157355
1.348,0,0.00316442486053551,-0.0109624447965285
1.35,0,0.00316904527769155,-0.0109057562005129
1.352,0,0.00317366569484759,-0.0108490676044973
1.354,0,0.00317829019860225,-0.010755211167399
1.356,0,0.00318292210652676,-0.0105940133948082
1.358,0,0.00318755401445127,-0.0104328156222173
1.36,0,0.00319218451771633,-0.0102355798681455
1.362,0,0.0031968142241058,-0.0100178994519717
1.364,0,0.00320144393049527,-0.00980021903579789
1.366,0,0.00320605492613307,-0.00958911976092438
1.368,0,0.00321066430426948,-0.00937858941055756
1.37,0,0.00321526618691248,-0.00918138166374533
1.372,0,0.00321983860964374,-0.00903653641030762
1.374,0,0.003224411032375,-0.00889169115686991
1.376,0,0.00322896034732955,-0.00879701096325413
1.378,0,0.0032334851467482,-0.00875555195744042
1.38,0,0.00323800994616686,-0.0087140929516267
1.382,0,0.00324249614850483,-0.00875925538736866
1.384,0,0.00324697066605861,-0.00883064138286751
1.386,0,0.00325144295040696,-0.00890667839672083
1.388,0,0.00325587281174201,-0.00907106832788571
1.39,0,0.00326030267307707,-0.00923545825905058
1.392,0,0.00326472195510834,-0.009415730188243
1.394,0,0.00326911998973467,-0.00962789941902542
1.396,0,0.003273518024361,-0.00984006864980785
1.398,0,0.00327790700697448,-0.0100446319473448
1.4,0,0.00328229031804027,-0.0102444297398098
1.402,0,0.00328667362910606,-0.0104442275322747
1.404,0,0.00329105965527833,-0.0105704218581037
1.406,0,0.00329544599256991,-0.0106881820916432
1.408,0,0.00329983232986148,-0.0108059423251826
1.41,0,0.00330422677295014,-0.0108511152097688
1.412,0,0.00330862759649878,-0.0108391511255309
1.414,0,0.00331302842004742,-0.010827187041293
1.416,0,0.00331743186878099,-0.0107884581097094
1.418,0,0.00332184452231796,-0.0106558823965805
1.42,0,0.00332625717585493,-0.0105233066834516
1.422,0,0.00333066982939189,-0.0103907309703227
1.424,0,0.00333507873631387,-0.0102013970263097
1.426,0,0.00333948715288244,-0.0100046346189387
1.428,0,0.003343895569451,-0.0098078722115677
1.43,0,0.00334828951051066,-0.00961888811495622
1.432,0,0.00335267144553824,-0.00943635537346525
1.434,0,0.00335705338056582,-0.00925382263197429
1.436,0,0.00336142551411363,-0.00908931087310955
1.438,0,0.00336576054872017,-0.00899300915914192
1.44,0,0.00337009558332672,-0.0088967074451743
1.442,0,0.00337443061793327,-0.00880040573120668
1.444,0,0.0033787153520358,-0.00881247320605745
1.446,0,0.00338299265911154,-0.00884054173066023
1.448,0,0.00338726996618729,-0.008868610255263
1.45,0,0.00339151868289409,-0.00895532988168767
1.452,0,0.00339574242005197,-0.00909329327033009
1.454,0,0.00339996615720985,-0.00923125665897251
1.456,0,0.00340418288654217,-0.00937853828992383
1.458,0,0.00340837088051301,-0.00956402907139699
1.46,0,0.00341255887448384,-0.00974951985287015
1.462,0,0.00341674686845467,-0.00993501063434331
1.464,0,0.00342092388152179,-0.0100922280316357
1.466,0,0.00342509908348308,-0.0102447822343377
1.468,0,0.00342927428544436,-0.0103973364370397
1.47,0,0.0034334522119449,-0.010499752850377
1.472,0,0.00343763264558245,-0.0105560321756404
1.474,0,0.00344181307922,-0.0106123115009038
1.476,0,0.0034459957262001,-0.0106465616829121
1.478,0,0.00345018824562305,-0.0105825525789794
1.48,0,0.003454380765046,-0.0105185434750467
1.482,0,0.00345857328446895,-0.010454534371114
1.484,0,0.00346277073293067,-0.010307681697627
1.486,0,0.00346696908212375,-0.0101456902100098
1.488,0,0.00347116743131683,-0.00998369872239265
1.49,0,0.00347535981096026,-0.00980351654157346
1.492,0,0.00347954640567112,-0.00960570624140053
1.494,0,0.00348373300038198,-0.00940789594122759
1.496,0,0.00348791528007001,-0.0092144455881308
1.498,0,0.00349207652384343,-0.00904225015719515
1.5,0,0.00349623776761686,-0.0088700547262595
1.502,0,0.00350035531194455,-0.00878470836142464
1.504,0,0.00350447285627223,-0.00869936199658978
1.506,0,0.00350859040059992,-0.00861401563175493
1.508,0,0.00351268636515634,-0.00857444390011076
1.51,0,0.00351674419749162,-0.00861575756870027
1.512,0,0.00352080202982691,-0.00865707123728977
1.514,0,0.00352485986216219,-0.00869838490587927
1.516,0,0.00352888038091384,-0.00881104325196876
1.518,0,0.00353288658924451,-0.0089510635469899
1.52,0,0.00353689279757517,-0.00909108384201105
1.522,0,0.00354089637682107,-0.00923339609924636
1.524,0,0.00354487135820657,-0.00940063916756876
1.526,0,0.00354884633959207,-0.00956788223589116
1.528,0,0.00355282132097757,-0.00973512530421356
1.53,0,0.00355679285477563,-0.00987775178904214
1.532,0,0.00356076009903938,-0.00998974999216313
1.534,0,0.00356472734330314,-0.0101017481952841
1.536,0,0.0035686945875669,-0.0102137463984051
1.538,0,0.00357266883480439,-0.0102347953792331
1.54,0,0.00357664475698325,-0.0102340915131531
1.542,0,0.00358062067916212,-0.010233387647073
1.544,0,0.00358459819501018,-0.0102132796063166
1.546,0,0.00358858358158926,-0.0100973392313081
1.548,0,0.00359256896816834,-0.00998139885629964
1.55,0,0.00359655435474742,-0.00986545848129116
1.552,0,0.00360053638414616,-0.00971792925808663
1.554,0,0.00360451543383128,-0.00954236289911523
1.556,0,0.0036084944835164,-0.00936679654014384
1.558,0,0.00361247353320153,-0.00919123018117245
1.56,0,0.00361642597302491,-0.00903634760084956
1.562,0,0.00362037516360662,-0.008883990647919
1.564,0,0.00362432435418833,-0.00873163369498845
1.566,0,0.0036282611400794,-0.00860232277479014
1.568,0,0.00363216121843768,-0.00854120887998161
1.57,0,0.00363606129679595,-0.00848009498517309
1.572,0,0.00363996137515423,-0.00841898109036456
1.574,0,0.00364382701442943,-0.00842911969062616
1.576,0,0.00364767100089123,-0.00848405672457606
1.578,0,0.00365151498735304,-0.00853899375852596
1.58,0,0.00365535897381484,-0.00859393079247586
1.582,0,0.0036591561508752,-0.00873436374077754
1.584,0,0.00366295214608845,-0.00887695529604574
1.586,0,0.00366674814130169,-0.00901954685131393
1.588,0,0.00367053482837749,-0.00916761112163024
1.59,0,0.00367430318424814,-0.00932645321542999
1.592,0,0.00367807154011879,-0.00948529530922974
1.594,0,0.00368183989598944,-0.00964413740302949
1.596,0,0.00368560494594379,-0.00975827405776996
1.598,0,0.00368936856669054,-0.00985308374012212
1.6,0,0.00369313218743729,-0.00994789342247429
1.602,0,0.00369689631950106,-0.0100361050846071
1.604,0,0.0037006685242143,-0.0100201475087337
1.606,0,0.00370444072892753,-0.0100041899328603
1.608,0,0.00370821293364077,-0.00998823235698692
1.61,0,0.00371198778203658,-0.00992906059235987
1.612,0,0.00371576626681594,-0.00981044774088331
1.614,0,0.00371954475159531,-0.00969183488940675
1.616,0,0.00372332323637467,-0.00957322203793019
1.618,0,0.00372709460301393,-0.00941677178976607
1.62,0,0.00373086398952103,-0.00924979589235708
1.622,0,0.00373463337602813,-0.00908281999494809
1.624,0,0.00373839840012799,-0.00891968334045103
1.626,0,0.00374213744142744,-0.00877941348332498
1.628,0,0.0037458764827269,-0.00863914362619892
1.63,0,0.00374961552402635,-0.00849887376907286
1.632,0,0.0037533301664128,-0.00840411534726322
1.634,0,0.00375702090804471,-0.00835393914282868
1.636,0,0.00376071164967662,-0.00830376293839413
1.638,0,0.00376440239130853,-0.00825358673395959
1.64,0,0.00376804646529017,-0.00829862711545631
1.642,0,0.00377168335266731,-0.00835833041527351
1.644,0,0.00377532024004446,-0.00841803371509072
1.646,0,0.0037789472022075,-0.00849461645312827
1.648,0,0.0037825405488104,-0.00862836790963944
1.65,0,0.00378613389541329,-0.0087621193661506
1.652,0,0.00378972724201619,-0.00889587082266176
1.654,0,0.00379330690162363,-0.00903140593294133
1.656,0,0.00379687702433489,-0.00916818386680795
1.658,0,0.00380044714704616,-0.00930496180067456
1.66,0,0.00380401726975742,-0.00944173973454118
1.662,0,0.00380758407579841,-0.00951563157402087
1.664,0,0.00381115071002228,-0.00958626565618396
1.666,0,0.00381471734424615,-0.00965689973834704
1.668,0,0.00381828621642786,-0.00969526464213717
1.67,0,0.00382186002026152,-0.00966251991480779
1.672,0,0.00382543382409517,-0.00962977518747841
1.674,0,0.00382900762792882,-0.00959703046014903
1.676,0,0.00383258437561749,-0.00950155432539823
1.678,0,0.00383616255015461,-0.00937567308863255
1.68,0,0.00383974072469173,-0.00924979185186686
1.682,0,0.0038433185023517,-0.0091226012086996
1.684,0,0.0038468853181398,-0.00895924434799476
1.686,0,0.00385045213392789,-0.00879588748728992
1.688,0,0.00385401894971599,-0.00863253062658507
1.69,0,0.00385757282199539,-0.00848409776235753
1.692,0,0.00386110698001557,-0.00835839563845245
1.694,0,0.00386464113803575,-0.00823269351454736
1.696,0,0.00386817529605593,-0.00810699139064228
1.698,0,0.00387167298120393,-0.00805133094960486
1.7,0,0.00387515900517816,-0.00801806436424574
1.702,0,0.00387864502915239,-0.00798479777888663
1.704,0,0.00388212506218232,-0.0079635042771643
1.706,0,0.00388556079830875,-0.00803073947892139
1.708,0,0.00388899653443518,-0.00809797468067849
1.71,0,0.00389243227056161,-0.00816520988243559
1.712,0,0.00389584910369864,-0.00826240543259573
1.714,0,0.0038992455020859,-0.00839198909923384
1.716,0,0.00390264190047316,-0.00852157276587194
1.718,0,0.00390603829886041,-0.00865115643251004
1.72,0,0.00390941734868217,-0.00877794799771205
1.722,0,0.00391279314131674,-0.00890421534683151
1.724,0,0.00391616893395131,-0.00903048269595099
1.726,0,0.00391954430130245,-0.0091428950707832
1.728,0,0.00392291800230244,-0.00920102070030739
1.73,0,0.00392629170330242,-0.00925914632983158
1.732,0,0.0039296654043024,-0.00931727195935578
1.734,0,0.00393304311515036,-0.00931882863944304
1.736,0,0.00393642391670157,-0.00927678320866776
1.738,0,0.00393980471825278,-0.00923473777789248
1.74,0,0.00394318551980399,-0.0091926923471172
1.742,0,0.00394656798017621,-0.00907528343272618
1.744,0,0.00394995057287659,-0.00895186259131806
1.746,0,0.00395333316557696,-0.00882844174990994
1.748,0,0.00395671153042525,-0.0086983324032652
1.75,0,0.00396007941850926,-0.0085516487084275
1.752,0,0.00396344730659328,-0.00840496501358979
1.754,0,0.0039668151946773,-0.00825828131875209
1.756,0,0.0039701613953351,-0.00813940344854675
1.758,0,0.00397349586242766,-0.00803556938550174
1.76,0,0.00397683032952021,-0.00793173532245673
1.762,0,0.0039801643222984,-0.00782880248715413
1.764,0,0.0039834528015638,-0.00781234824709009
1.766,0,0.0039867412808292,-0.00779589400702604
1.768,0,0.0039900297600946,-0.00777943976696199
1.77,0,0.00399330071492582,-0.00779705670098027
1.772,0,0.0039965420489368,-0.00787226271962564
1.774,0,0.00399978338294779,-0.00794746873827101
1.776,0,0.00400302471695877,-0.00802267475691639
1.778,0,0.00400623989240201,-0.0081356954962772
1.78,0,0.00400944554472969,-0.00826248281331494
1.782,0,0.00401265119705738,-0.00838927013035267
1.784,0,0.00401585527126668,-0.00851465637085562
1.786,0,0.00401904422511939,-0.00862661853811142
1.788,0,0.0040222331789721,-0.00873858070536721
1.79,0,0.00402542213282481,-0.00885054287262301
1.792,0,0.00402861097961693,-0.00892946980550435
1.794,0,0.00403179969863837,-0.00896897108337959
1.796,0,0.00403498841765982,-0.00900847236125482
1.798,0,0.00403817713668127,-0.00904797363913006
1.8,0,0.00404137043157484,-0.00901158218406566
1.802,0,0.00404456474934973,-0.00895822581915674
1.804,0,0.00404775906712461,-0.00890486945424783
1.806,0,0.00405095323682918,-0.00883899721776825
1.808,0,0.00405414672600484,-0.00871560222854014
1.81,0,0.00405734021518049,-0.00859220723931204
1.812,0,0.00406053370435615,-0.00846881225008394
1.814,0,0.00406371850389872,-0.00833677279666896
1.816,0,0.00406689590405644,-0.00819737242056234
1.818,0,0.00407007330421416,-0.00805797204445572
1.82,0,0.00407325070437188,-0.0079185716683491
1.822,0,0.00407639774088297,-0.00782080178521071
1.824,0,0.00407954145959595,-0.0077275808145433
1.826,0,0.00408268517830893,-0.00763435984387589
1.828,0,0.00408581704801035,-0.00756388270881921
1.83,0,0.00408891569500557,-0.00755717559915754
1.832,0,0.00409201434200079,-0.00755046848949587
1.834,0,0.00409511298899602,-0.00754376137983419
1.836,0,0.00409818420845661,-0.00758883121057809
1.838,0,0.00410123892148728,-0.0076650614226608
1.84,0,0.00410429363451794,-0.00774129163474352
1.842,0,0.00410734834754861,-0.00781752184682623
1.844,0,0.00411037229243319,-0.00793188781214282
1.846,0,0.00411339579055775,-0.00804680751670389
1.848,0,0.0041164192886823,-0.00816172722126496
1.85,0,0.0041194379270335,-0.00826917669210367
1.852,0,0.004122447423486,-0.00836257363107726
1.854,0,0.00412545691993849,-0.00845597057005086
1.856,0,0.00412846641639099,-0.00854936750902445
1.858,0,0.00413147580582059,-0.00859318222830855
1.86,0,0.00413448515121381,-0.00861659550920149
1.862,0,0.00413749449660704,-0.00864000879009443
1.864,0,0.00414050415833532,-0.00865740611727905
1.866,0,0.00414351803053307,-0.00859473015248895
1.868,0,0.00414653190273083,-0.00853205418769886
1.87,0,0.00414954577492858,-0.00846937822290876
1.872,0,0.00415255851844145,-0.0083805524654537
1.874,0,0.00415556977356906,-0.00825724324281209
1.876,0,0.00415858102869666,-0.00813393402017048
1.878,0,0.00416159228382427,-0.00801062479752887
1.88,0,0.00416458882359603,-0.00788387449755648
1.882,0,0.00416758151456584,-0.00775622418365975
1.884,0,0.00417057420553564,-0.00762857386976302
1.886,0,0.00417356153729993,-0.00750908389627723
1.888,0,0.0041765194447805,-0.00743439761067401
1.89,0,0.00417947735226107,-0.00735971132507078
1.892,0,0.00418243525974165,-0.00728502503946755
1.894,0,0.00418537100692381,-0.00725273429856153
1.896,0,0.00418828592400506,-0.0072602942608399
1.898,0,0.0041912008410863,-0.00726785422311827
1.9,0,0.00419411575816755,-0.00727541418539665
1.902,0,0.00419699547881055,-0.00734662786202071
1.904,0,0.00419987025710334,-0.00742677991321398
1.906,0,0.00420274503539613,-0.00750693196440724
1.908,0,0.00420561313164394,-0.00759430135731781
1.91,0,0.00420845986547121,-0.00770474450823194
1.912,0,0.00421130659929848,-0.00781518765914606
1.914,0,0.00421415333312575,-0.00792563081006019
1.916,0,0.00421699299831204,-0.00802010530550576
1.918,0,0.00421982794446389,-0.00810391910457079
1.92,0,0.00422266289061573,-0.00818773290363581
1.922,0,0.00422549783676758,-0.00827154670270084
1.924,0,0.00422833370052523,-0.00828698157839582
1.926,0,0.00423116960146091,-0.00829964598952674
1.928,0,0.0042340055023966,-0.00831231040065766
1.93,0,0.00423684248526048,-0.00829936335672042
1.932,0,0.00423968174143977,-0.00823260228367046
1.934,0,0.00424252099761906,-0.00816584121062051
1.936,0,0.00424536025379835,-0.00809908013757055
1.938,0,0.00424819578664396,-0.00799922871201858
1.94,0,0.00425102959821087,-0.00788407978041667
1.942,0,0.00425386340977777,-0.00776893084881476
1.944,0,0.00425669630848743,-0.00765394643040509
1.946,0,0.00425950994825356,-0.00754243281786658
1.948,0,0.00426232358801969,-0.00743091920532807
1.95,0,0.00426513722778583,-0.00731940559278956
1.952,0,0.0042679370976762,-0.00722908397323767
1.954,0,0.00427071687584889,-0.00716968373217931
1.956,0,0.00427349665402159,-0.00711028349112094
1.958,0,0.00427627643219428,-0.00705088325006257
1.96,0,0.00427902494654256,-0.00705019559628981
1.962,0,0.00428176401922592,-0.00706723912500596
1.964,0,0.00428450309190928,-0.00708428265372212
1.966,0,0.00428723735603097,-0.00710963390270738
1.968,0,0.00428993928174762,-0.00719085600072209
1.97,0,0.00429264120746426,-0.0072720780987368
1.972,0,0.0042953431331809,-0.00735330019675151
1.974,0,0.00429803310314926,-0.00744412147024092
1.976,0,0.0043007106713621,-0.00754490001487229
1.978,0,0.00430338823957494,-0.00764567855950367
1.98,0,0.00430606580778778,-0.00774645710413504
1.982,0,0.0043087356499587,-0.00781835126605403
1.984,0,0.00431140415262399,-0.0078852375864964
1.986,0,0.00431407265528928,-0.00795212390693877
1.988,0,0.00431674134624557,-0.00800433608032908
1.99,0,0.0043194107302589,-0.00800253600211701
1.992,0,0.00432208011427223,-0.00800073592390495
1.994,0,0.00432474949828556,-0.00799893584569288
1.996,0,0.00432742013608949,-0.00796059729162947
1.998,0,0.00433009170046644,-0.00789525616962651
2,0,0.00433276326484339,-0.00782991504762356
2.002,0,0.00433542875364858,-0.007723845589266
2.004,0,0.00433809424245377,-0.00761777613090846
2.006,0,0.00434075973125896,-0.0075117066725509
2.008,0,0.00434342522006415,-0.00740563721419336
2.01,0,0.00434607593467035,-0.00730241362602289
2.012,0,0.00434871803036585,-0.00720085024975711
2.014,0,0.00435136012606134,-0.00709928687349132
2.016,0,0.00435400222175683,-0.00699772349722555
2.018,0,0.0043566336507398,-0.00691332158849884
2.02,0,0.0043592352077042,-0.00687698019287739
2.022,0,0.00436183676466861,-0.00684063879725592
2.024,0,0.00436443832163301,-0.00680429740163447
2.026,0,0.00436703987859741,-0.00676795600601301
2.028,0,0.0043696012885479,-0.00680409181149784
2.03,0,0.00437215797276942,-0.00684875895158114
2.032,0,0.00437471465699094,-0.00689342609166444
2.034,0,0.00437727134121246,-0.00693809323174775
2.036,0,0.00437981020081994,-0.0070053383526638
2.038,0,0.0043823330139104,-0.00709290918456453
2.04,0,0.00438485582700087,-0.00718048001646523
2.042,0,0.00438737864009133,-0.00726805084836595
2.044,0,0.00438989898483404,-0.00735234071241409
2.046,0,0.00439240615665785,-0.00741912091909085
2.048,0,0.00439491332848165,-0.00748590112576761
2.05,0,0.00439742050030546,-0.00755268133244436
2.052,0,0.00439992767212927,-0.00761946153912114
2.054,0,0.00440243365814969,-0.00763088635845955
2.056,0,0.00440493932776231,-0.00762754070530294
2.058,0,0.00440744499737492,-0.00762419505214633
2.06,0,0.00440995066698754,-0.00762084939898972
2.062,0,0.00441245614114691,-0.00758661858381341
2.064,0,0.00441496134642719,-0.00750989998965525
2.066,0,0.00441746655170747,-0.0074331813954971
2.068,0,0.00441997175698775,-0.00735646280133893
2.07,0,0.00442247624690548,-0.00727833773465816
2.072,0,0.00442496782518012,-0.00717482711834899
2.074,0,0.00442745940345476,-0.00707131650203984
2.076,0,0.00442995098172939,-0.00696780588573066
2.078,0,0.00443244256000403,-0.00686429526942151
2.08,0,0.00443491260081552,-0.00678565660074894
2.082,0,0.00443737269423785,-0.00671850540116216
2.084,0,0.00443983278766019,-0.00665135420157537
2.086,0,0.00444229288108252,-0.0065842030019886
2.088,0,0.00444473975617114,-0.00654021916616305
2.09,0,0.00444715796905168,-0.00654647069391628
2.092,0,0.00444957618193222,-0.00655272222166951
2.094,0,0.00445199439481276,-0.00655897374942274
2.096,0,0.0044544126076933,-0.00656522527717597
2.098,0,0.00445679398973765,-0.00663140037578947
2.1,0,0.0044591733179697,-0.00670091701588682
2.102,0,0.00446155264620175,-0.00677043365598415
2.104,0,0.0044639319744338,-0.0068399502960815
2.106,0,0.00446629721784753,-0.00691666876690758
2.108,0,0.00446865220920468,-0.00699862930578302
2.11,0,0.00447100720056184,-0.00708058984465844
2.112,0,0.004473362191919,-0.00716255038353387
2.114,0,0.00447571562916336,-0.00723467198215413
2.116,0,0.00447806323074823,-0.00726984857557554
2.118,0,0.00448041083233309,-0.00730502516899695
2.12,0,0.00448275843391796,-0.00734020176241837
2.122,0,0.00448510603550282,-0.00737537835583978
2.124,0,0.00448745383238897,-0.00734881699418269
2.126,0,0.0044898016659595,-0.00731065909558104
2.128,0,0.00449214949953002,-0.00727250119697939
2.13,0,0.00449449733310055,-0.00723434329837774
2.132,0,0.00449684230238892,-0.00717202807337324
2.134,0,0.00449918408589337,-0.00708284397943099
2.136,0,0.00450152586939782,-0.00699365988548874
2.138,0,0.00450386765290227,-0.0069044757915465
2.14,0,0.00450620721567221,-0.00681554957256411
2.142,0,0.00450852784769047,-0.00672882162032598
2.144,0,0.00451084847970874,-0.00664209366808784
2.146,0,0.00451316911172701,-0.00655536571584972
2.148,0,0.00451548974374528,-0.00646863776361157
2.15,0,0.00451778416190012,-0.00642141718784184
2.152,0,0.00452006920403961,-0.00638832737039301
2.154,0,0.00452235424617909,-0.00635523755294419
2.156,0,0.00452463928831858,-0.00632214773549536
2.158,0,0.00452690959639075,-0.00631468790710747
2.16,0,0.00452915461290718,-0.00635122287551176
2.162,0,0.0045313996294236,-0.00638775784391605
2.164,0,0.00453364464594003,-0.00642429281232034
2.166,0,0.00453588966245645,-0.00646082778072463
2.168,0,0.00453810367741987,-0.0065357584086463
2.17,0,0.00454031768239351,-0.00661070140896669
2.172,0,0.00454253168736716,-0.0066856444092871
2.174,0,0.00454474569234081,-0.00676058740960749
2.176,0,0.00454695019624725,-0.0068246213318384
2.178,0,0.00454914914978362,-0.00688228234675928
2.18,0,0.00455134810331998,-0.00693994336168016
2.182,0,0.00455354705685634,-0.00699760437660104
2.184,0,0.00455574524237454,-0.00703959664435948
2.186,0,0.00455794127348801,-0.00703763575471927
2.188,0,0.00456013730460147,-0.00703567486507907
2.19,0,0.00456233333571493,-0.00703371397543886
2.192,0,0.00456452936682839,-0.00703175308579865
2.194,0,0.00456672385031032,-0.00697305382399049
2.196,0,0.00456891815099659,-0.00690765301307163
2.198,0,0.00457111245168285,-0.00684225220215278
2.2,0,0.00457330675236911,-0.00677685139123392
2.202,0,0.00457549460025129,-0.00669779046345373
2.204,0,0.00457767663151936,-0.00660641618675331
2.206,0,0.00457985866278744,-0.0065150419100529
2.208,0,0.00458204069405551,-0.00642366763335248
2.21,0,0.0045842183406702,-0.0063368828508659
2.212,0,0.0045863725307188,-0.00627465047080417
2.214,0,0.0045885267207674,-0.00621241809074245
2.216,0,0.004590680910816,-0.00615018571068072
2.218,0,0.0045928351008646,-0.006087953330619
2.22,0,0.00459495972098656,-0.00607580607198258
2.222,0,0.00459707643567481,-0.00607704892457419
2.224,0,0.00459919315036306,-0.0060782917771658
2.226,0,0.00460130986505132,-0.00607953462975741
2.228,0,0.00460341186217088,-0.00610401176605652
2.23,0,0.00460549358600073,-0.00616049387376319
2.232,0,0.00460757530983057,-0.00621697598146987
2.234,0,0.00460965703366042,-0.00627345808917654
2.236,0,0.00461173756991622,-0.00633059772743922
2.238,0,0.00461379653186726,-0.00639968252792813
2.24,0,0.0046158554938183,-0.00646876732841706
2.242,0,0.00461791445576934,-0.00653785212890597
2.244,0,0.00461997341772038,-0.00660693692939491
2.246,0,0.00462202664241602,-0.00665031027926678
2.248,0,0.00462407721332576,-0.00668179071513362
2.25,0,0.0046261277842355,-0.00671327115100045
2.252,0,0.00462817835514524,-0.00674475158686729
2.254,0,0.00463022857714355,-0.00675640246825939
2.256,0,0.00463227804144414,-0.00672499139513397
2.258,0,0.00463432750574473,-0.00669358032200856
2.26,0,0.00463637697004533,-0.00666216924888314
2.262,0,0.00463842643434592,-0.00663075817575773
2.264,0,0.00464047017275182,-0.00655646599648365
2.266,0,0.00464251358980579,-0.006479767219283
2.268,0,0.00464455700685977,-0.00640306844208233
2.27,0,0.00464660042391374,-0.00632636966488168
2.272,0,0.00464863269216959,-0.00625053614065353
2.274,0,0.00465065683471079,-0.0061753332493131
2.276,0,0.00465268097725199,-0.00610013035797265
2.278,0,0.00465470511979319,-0.00602492746663222
2.28,0,0.0046567226214888,-0.00595924181440691
2.282,0,0.00465871513851308,-0.00592936261000076
2.284,0,0.00466070765553737,-0.00589948340559461
2.286,0,0.00466270017256165,-0.00586960420118846
2.288,0,0.00466469268958594,-0.00583972499678231
2.29,0,0.00466665523620084,-0.00586009023401187
2.292,0,0.00466861213970256,-0.00588991597166338
2.294,0,0.00467056904320427,-0.00591974170931488
2.296,0,0.00467252594670599,-0.00594956744696639
2.298,0,0.00467446934934394,-0.0059960220886908
2.3,0,0.00467639771629494,-0.00606099606370309
2.302,0,0.00467832608324595,-0.00612597003871536
2.304,0,0.00468025445019695,-0.00619094401372765
2.306,0,0.00468218127540524,-0.00625455368856301
2.308,0,0.00468409491276559,-0.00630649333367735
2.31,0,0.00468600855012594,-0.0063584329787917
2.312,0,0.00468792218748629,-0.00641037262390603
2.314,0,0.00468983582484664,-0.00646231226902038
2.316,0,0.00469174667190478,-0.00647654084357635
2.318,0,0.00469365651928703,-0.00647725874985818
2.32,0,0.00469556636666929,-0.00647797665614001
2.322,0,0.00469747621405155,-0.00647869456242184
2.324,0,0.00469938507820968,-0.00645921619104621
2.326,0,0.00470129225228895,-0.00640502213135553
2.328,0,0.0047031994263682,-0.00635082807166487
2.33,0,0.00470510660044747,-0.00629663401197419
2.332,0,0.00470701377452673,-0.00624243995228352
2.334,0,0.00470890961398479,-0.00616418326346141
2.336,0,0.00471080544613568,-0.00608591106203138
2.338,0,0.00471270127828658,-0.00600763886060133
2.34,0,0.00471459711043748,-0.0059293666591713
2.342,0,0.00471647756674846,-0.00586504686553948
2.344,0,0.00471834902830534,-0.00580888912862343
2.346,0,0.00472022048986222,-0.00575273139170737
2.348,0,0.00472209195141909,-0.00569657365479132
2.35,0,0.00472395467903416,-0.00565453480183457
2.352,0,0.0047257928658617,-0.00565216744414023
2.354,0,0.00472763105268924,-0.00564980008644589
2.356,0,0.00472946923951679,-0.00564743272875155
2.358,0,0.00473130742634433,-0.00564506537105721
2.36,0,0.00473311726651906,-0.00568626054112198
2.362,0,0.00473492374716083,-0.00573261856935023
2.364,0,0.00473673022780259,-0.00577897659757847
2.366,0,0.00473853670844436,-0.00582533462580672
2.368,0,0.0047403320833657,-0.00587797765530966
2.37,0,0.00474211743455159,-0.00593629336408128
2.372,0,0.00474390278573749,-0.00599460907285288
2.374,0,0.00474568813692338,-0.0060529247816245
2.376,0,0.00474747209840059,-0.00610637804066405
2.378,0,0.0047492486072714,-0.00613375538573207
2.38,0,0.00475102511614221,-0.00616113273080009
2.382,0,0.00475280162501301,-0.00618851007586811
2.384,0,0.00475457813388382,-0.00621588742093613
2.386,0,0.00475635281522541,-0.00620102278828919
2.388,0,0.00475812700703645,-0.00617484302127151
2.39,0,0.00475990119884749,-0.00614866325425382
2.392,0,0.00476167539065852,-0.00612248348723613
2.394,0,0.00476344713300955,-0.00607912156221
2.396,0,0.00476521549679276,-0.00601206009292808
2.398,0,0.00476698386057596,-0.00594499862364614
2.4,0,0.00476875222435917,-0.00587793715436422
2.402,0,0.0047705196950229,-0.00581084808044296
2.404,0,0.00477227083430335,-0.00574325423425091
2.406,0,0.0047740219735838,-0.00567566038805884
2.408,0,0.00477577311286425,-0.00560806654186679
2.41,0,0.0047775242521447,-0.00554047269567472
2.412,0,0.00477925601271626,-0.00549950525526238
2.414,0,0.0047809787962445,-0.00547087230006379
2.416,0,0.00478270157977274,-0.00544223934486521
2.418,0,0.00478442436330098,-0.00541360638966662
2.42,0,0.00478613709712255,-0.00540130639668672
2.422,0,0.00478782797435576,-0.00542452812030511
2.424,0,0.00478951885158898,-0.0054477498439235
2.426,0,0.00479120972882219,-0.00547097156754189
2.428,0,0.0047929006060554,-0.00549419329116028
2.43,0,0.00479456675620826,-0.00554755265531832
2.432,0,0.00479623150972627,-0.00560261425357025
2.434,0,0.00479789626324427,-0.00565767585182218
2.436,0,0.00479956101676228,-0.0057127374500741
2.438,0,0.00480121737728933,-0.00576278167638857
2.44,0,0.00480286761256494,-0.00580916419676788
2.442,0,0.00480451784784054,-0.00585554671714719
2.444,0,0.00480616808311614,-0.00590192923752649
2.446,0,0.00480781736133406,-0.00593921492719899
2.448,0,0.00480946303183738,-0.00594220929948353
2.45,0,0.00481110870234069,-0.00594520367176807
2.452,0,0.00481275437284401,-0.00594819804405261
2.454,0,0.00481440004334733,-0.00595119241633715
2.456,0,0.00481604307451963,-0.00591363865898613
2.458,0,0.00481768560753265,-0.0058684316641535
2.46,0,0.00481932814054568,-0.00582322466932088
2.462,0,0.0048209706735587,-0.00577801767448825
2.464,0,0.00482260816981865,-0.00572262409487275
2.466,0,0.00482424004947697,-0.0056558712153767
2.468,0,0.00482587192913529,-0.00558911833588067
2.47,0,0.00482750380879362,-0.00552236545638462
2.472,0,0.00482913342353112,-0.00545745482475265
2.474,0,0.00483074359765729,-0.00540835685395092
2.476,0,0.00483235377178345,-0.00535925888314921
2.478,0,0.00483396394590962,-0.00531016091234748
2.48,0,0.00483557412003578,-0.00526106294154577
2.482,0,0.00483716261992171,-0.00524524692625537
2.484,0,0.00483874334173528,-0.00524137455722097
2.486,0,0.00484032406354885,-0.00523750218818657
2.488,0,0.00484190478536242,-0.00523362981915217
2.49,0,0.00484347494976885,-0.00524556248630852
2.492,0,0.00484502694172493,-0.00528470034045986
2.494,0,0.00484657893368102,-0.00532383819461121
2.496,0,0.0048481309256371,-0.00536297604876255
2.498,0,0.00484968291759318,-0.0054021139029139
2.5,0,0.00485121991361428,-0.00545851989818767
2.502,0,0.00485274888287909,-0.00550373210351078
2.504,0,0.0048542778521439,-0.00554894430883388
2.506,0,0.00485580682140871,-0.00559415651415698
2.508,0,0.00485733579067352,-0.00563936871948008
2.51,0,0.00485886472465485,-0.00568438872514887
2.512,0,0.0048603863918121,-0.00568982416274849
2.514,0,0.00486190805896935,-0.00569525960034811
2.516,0,0.0048634297261266,-0.00570069503794773
2.518,0,0.00486495139328385,-0.00570613047554735
2.52,0,0.00486647301668475,-0.00571109079592055
2.522,0,0.00486799015603335,-0.00566736218162868
2.524,0,0.00486950729538195,-0.00562363356733681
2.526,0,0.00487102443473055,-0.00557990495304493
2.528,0,0.00487254157407915,-0.00553617633875307
2.53,0,0.0048740585250728,-0.0054921727146446
2.532,0,0.00487556267072653,-0.00542947250605748
2.534,0,0.00487706681638026,-0.00536677229747035
2.536,0,0.00487857096203399,-0.00530407208888323
2.538,0,0.00488007510768772,-0.0052413718802961
2.54,0,0.00488157875272874,-0.0051791902384846
2.542,0,0.00488305699724945,-0.00514332008619545
2.544,0,0.00488453524177015,-0.00510744993390631
2.546,0,0.00488601348629086,-0.00507157978161716
2.548,0,0.00488749173081156,-0.00503570962932801
2.55,0,0.00488896919641442,-0.00500103788388091
2.552,0,0.00489041520067472,-0.00501477109926024
2.554,0,0.00489186120493503,-0.00502850431463958
2.556,0,0.00489330720919534,-0.00504223753001892
2.558,0,0.00489475321345565,-0.00505597074539826
2.56,0,0.00489619843555842,-0.00507061976883976
2.562,0,0.00489761746119013,-0.00511594156389819
2.564,0,0.00489903648682183,-0.00516126335895664
2.566,0,0.00490045551245353,-0.00520658515401507
2.568,0,0.00490187453808523,-0.00525190694907352
2.57,0,0.00490329306370613,-0.00529685970634149
2.572,0,0.00490469730648562,-0.00533127087491411
2.574,0,0.00490610154926511,-0.00536568204348673
2.576,0,0.00490750579204459,-0.00540009321205935
2.578,0,0.00490891003482408,-0.00543450438063196
2.58,0,0.00491031407440914,-0.00546721288094956
2.582,0,0.00491171306066411,-0.00545757698819216
2.584,0,0.00491311204691908,-0.00544794109543477
2.586,0,0.00491451103317404,-0.00543830520267737
2.588,0,0.00491591001942901,-0.00542866930991997
2.59,0,0.00491730873485624,-0.00541727999067535
2.592,0,0.00491870149341353,-0.00536732396637391
2.594,0,0.00492009425197082,-0.00531736794207248
2.596,0,0.00492148701052812,-0.00526741191777104
2.598,0,0.00492287976908541,-0.00521745589346962
2.6,0,0.00492427172417229,-0.00516733353226925
2.602,0,0.00492564785447092,-0.00511393507503737
2.604,0,0.00492702398476956,-0.00506053661780547
2.606,0,0.00492840011506819,-0.00500713816057358
2.608,0,0.00492977624536682,-0.00495373970334168
2.61,0,0.00493115091892341,-0.00490219430923621
2.612,0,0.00493249964188404,-0.00488365962748769
2.614,0,0.00493384836484467,-0.00486512494573916
2.616,0,0.00493519708780531,-0.00484659026399064
2.618,0,0.00493654581076594,-0.00482805558224211
2.62,0,0.00493789279053521,-0.00481210697078646
2.622,0,0.00493921144991517,-0.00483817240279393
2.624,0,0.00494053010929512,-0.0048642378348014
2.626,0,0.00494184876867508,-0.00489030326680887
2.628,0,0.00494316742805503,-0.00491636869881634
2.63,0,0.00494448467998264,-0.00494356777585875
2.632,0,0.00494578093321293,-0.00498768044085203
2.634,0,0.00494707718644321,-0.00503179310584529
2.636,0,0.00494837343967349,-0.00507590577083857
2.638,0,0.00494966969290377,-0.00512001843583184
2.64,0,0.00495096522988964,-0.00516256536915916
2.642,0,0.00495225089521349,-0.00518353255444072
2.644,0,0.00495353656053734,-0.0052044997397223
2.646,0,0.00495482222586119,-0.00522546692500386
2.648,0,0.00495610789118504,-0.00524643411028543
2.65,0,0.00495739322988916,-0.00526419461610259
2.652,0,0.00495867438883068,-0.00524091914663925
2.654,0,0.0049599555477722,-0.00521764367717591
2.656,0,0.00496123670671372,-0.00519436820771257
2.658,0,0.00496251786565524,-0.00517109273824924
2.66,0,0.00496379835841169,-0.00514553909769863
2.662,0,0.00496507090043846,-0.00509279613176161
2.664,0,0.00496634344246523,-0.00504005316582457
2.666,0,0.004967615984492,-0.00498731019988754
2.668,0,0.00496888852651877,-0.00493456723395051
2.67,0,0.00497015948200784,-0.00488252552420154
2.672,0,0.0049714127097617,-0.00483831954629039
2.674,0,0.00497266593751556,-0.00479411356837924
2.676,0,0.00497391916526943,-0.00474990759046809
2.678,0,0.00497517239302329,-0.00470570161255694
2.68,0,0.00497642318698382,-0.00466492351064042
2.682,0,0.00497764843213683,-0.00466012962443282
2.684,0,0.00497887367728984,-0.00465533573822523
2.686,0,0.00498009892244285,-0.00465054185201764
2.688,0,0.00498132416759586,-0.00464574796581004
2.69,0,0.00498254691430045,-0.0046443655687657
2.692,0,0.00498374494537243,-0.004676730961845
2.694,0,0.0049849429764444,-0.00470909635492429
2.696,0,0.00498614100751638,-0.00474146174800359
2.698,0,0.00498733903858835,-0.00477382714108288
2.7,0,0.00498853534117299,-0.00480665460294996
2.702,0,0.00498971548625045,-0.00484380137893798
2.704,0,0.0049908956313279,-0.00488094815492601
2.706,0,0.00499207577640536,-0.00491809493091403
2.708,0,0.00499325592148282,-0.00495524170690206
2.71,0,0.00499443527667966,-0.00498930411754311
2.712,0,0.00499560763746635,-0.00499605440558703
2.714,0,0.00499677999825304,-0.00500280469363094
2.716,0,0.00499795235903973,-0.00500955498167485
2.718,0,0.00499912471982643,-0.00501630526971877
2.72,0,0.00500029657283451,-0.00501873684083798
2.722,0,0.00500146415691414,-0.00498486067231591
2.724,0,0.00500263174099376,-0.00495098450379384
2.726,0,0.00500379932507339,-0.00491710833527177
2.728,0,0.00500496690915302,-0.00488323216674969
2.73,0,0.00500613323032014,-0.00484745058088745
2.732,0,0.00500728945063299,-0.00479642934624939
2.734,0,0.00500844567094584,-0.00474540811161133
2.736,0,0.00500960189125869,-0.00469438687697327
2.738,0,0.00501075811157154,-0.00464336564233522
2.74,0,0.00501191179756311,-0.00459467334709527
2.742,0,0.00501304616405823,-0.00456373489256826
2.744,0,0.00501418053055336,-0.00453279643804124
2.746,0,0.00501531489704848,-0.00450185798351422
2.748,0,0.00501644926354361,-0.0044709195289872
2.75,0,0.00501758032614276,-0.00444479167895564
2.752,0,0.00501868734226557,-0.00445367645893058
2.754,0,0.00501979435838837,-0.00446256123890551
2.756,0,0.00502090137451118,-0.00447144601888045
2.758,0,0.00502200839063398,-0.00448033079885538
2.76,0,0.00502311242625834,-0.00449266322781823
2.762,0,0.00502419571813401,-0.00452899069162273
2.764,0,0.00502527901000968,-0.00456531815542723
2.766,0,0.00502636230188536,-0.00460164561923173
2.768,0,0.00502744559376103,-0.00463797308303623
2.77,0,0.00502852707834,-0.00467339569559169
2.772,0,0.00502959651725565,-0.00470278745918202
2.774,0,0.00503066595617131,-0.00473217922277235
2.776,0,0.00503173539508697,-0.00476157098636268
2.778,0,0.00503280483400263,-0.00479096274995301
2.78,0,0.00503387349796071,-0.00481559177563068
2.782,0,0.00503493720895846,-0.00480978087450948
2.784,0,0.00503600091995622,-0.00480396997338828
2.786,0,0.00503706463095397,-0.00479815907226707
2.788,0,0.00503812834195173,-0.00479234817114587
2.79,0,0.00503919120380541,-0.00478180257788507
2.792,0,0.00504024885497549,-0.00474220304276114
2.794,0,0.00504130650614557,-0.00470260350763722
2.796,0,0.00504236415731565,-0.0046630039725133
2.798,0,0.00504342180848573,-0.00462340443738938
2.8,0,0.00504447742518033,-0.00458301631968661
2.802,0,0.00504552104149011,-0.0045379767355711
2.804,0,0.0050465646577999,-0.00449293715145558
2.806,0,0.00504760827410968,-0.00444789756734008
2.808,0,0.00504865189041947,-0.00440285798322456
2.81,0,0.00504969205562352,-0.00436180069973601
2.812,0,0.00505071263241165,-0.0043433468851385
2.814,0,0.00505173320919977,-0.00432489307054098
2.816,0,0.0050527537859879,-0.00430643925594347
2.818,0,0.00505377436277603,-0.00428798544134596
2.82,0,0.00505479094456954,-0.00427521933078663
2.822,0,0.00505578568429689,-0.00429354993497686
2.824,0,0.00505678042402423,-0.0043118805391671
2.826,0,0.00505777516375158,-0.00433021114335733
2.828,0,0.00505876990347892,-0.00434854174754757
2.83,0,0.00505976146629541,-0.0043694844993374
2.832,0,0.00506073628241534,-0.00440419686734764
2.834,0,0.00506171109853526,-0.00443890923535788
2.836,0,0.00506268591465519,-0.00447362160336813
2.838,0,0.00506366073077512,-0.00450833397137837
2.84,0,0.00506463384070552,-0.0045402839743183
2.842,0,0.00506559827137735,-0.00455818203257269
2.844,0,0.00506656270204918,-0.00457608009082707
2.846,0,0.00506752713272101,-0.00459397814908146
2.848,0,0.00506849156339283,-0.00461187620733585
2.85,0,0.00506945515289147,-0.00462376249483972
2.852,0,0.00507041460969519,-0.00460611287376608
2.854,0,0.0050713740664989,-0.00458846325269243
2.856,0,0.00507233352330262,-0.00457081363161879
2.858,0,0.00507329298010633,-0.00455316401054515
2.86,0,0.00507425109179496,-0.00453107524996213
2.862,0,0.00507520281585114,-0.00448790606900613
2.864,0,0.00507615453990733,-0.00444473688805013
2.866,0,0.00507710626396351,-0.00440156770709412
2.868,0,0.00507805798801969,-0.00435839852613812
2.87,0,0.00507900676850028,-0.00431621405008914
2.872,0,0.00507994202798784,-0.00427855270849109
2.874,0,0.0050808772874754,-0.00424089136689304
2.876,0,0.00508181254696296,-0.00420323002529499
2.878,0,0.00508274780645052,-0.00416556868369693
2.88,0,0.00508367870397843,-0.00413369260395613
2.882,0,0.0050845902073775,-0.00412753893405425
2.884,0,0.00508550171077657,-0.00412138526415237
2.886,0,0.00508641321417564,-0.00411523159425049
2.888,0,0.00508732471757471,-0.00410907792434861
2.89,0,0.00508823178817279,-0.00410878273856492
2.892,0,0.00508911976869074,-0.00413371740894748
2.894,0,0.00509000774920868,-0.00415865207933004
2.896,0,0.00509089572972662,-0.00418358674971259
2.898,0,0.00509178371024456,-0.00420852142009515
2.9,0,0.00509266854194173,-0.0042346154899416
2.902,0,0.00509354023081846,-0.00426554876153633
2.904,0,0.00509441191969518,-0.00429648203313106
2.906,0,0.00509528360857191,-0.00432741530472579
2.908,0,0.00509615529744863,-0.00435834857632051
2.91,0,0.0050970254387468,-0.00438462255902131
2.912,0,0.00509788931592034,-0.00439203716542711
2.914,0,0.00509875319309388,-0.00439945177183291
2.916,0,0.00509961707026743,-0.00440686637823871
2.918,0,0.00510048094744097,-0.00441428098464452
2.92,0,0.0051013438207075,-0.00441493324473797
2.922,0,0.00510220275111831,-0.00438902631574924
2.924,0,0.00510306168152911,-0.00436311938676052
2.926,0,0.00510392061193991,-0.00433721245777179
2.928,0,0.00510477954235071,-0.00431130552878307
2.93,0,0.00510563639806093,-0.00428220669750444
2.932,0,0.00510648534310868,-0.00424093740562652
2.934,0,0.00510733428815643,-0.00419966811374859
2.936,0,0.00510818323320417,-0.00415839882187067
2.938,0,0.00510903217825192,-0.00411712952999274
2.94,0,0.00510987722590062,-0.00407889949334109
2.942,0,0.0051107078394027,-0.00405192543921499
2.944,0,0.00511153845290477,-0.00402495138508889
2.946,0,0.00511236906640685,-0.00399797733096279
2.948,0,0.00511319967990892,-0.0039710032768367
2.95,0,0.00511402524597371,-0.00395094406092794
2.952,0,0.0051148326462602,-0.00395577141833065
2.954,0,0.00511564004654668,-0.00396059877573335
2.956,0,0.00511644744683317,-0.00396542613313606
2.958,0,0.00511725484711965,-0.00397025349053877
2.96,0,0.00511805763702259,-0.00398028990944678
2.962,0,0.00511884429504726,-0.00400855299980619
2.964,0,0.00511963095307192,-0.00403681609016558
2.966,0,0.00512041761109659,-0.00406507918052498
2.968,0,0.00512120426912126,-0.00409334227088438
2.97,0,0.00512198802369579,-0.00412064708439842
2.972,0,0.00512276189693627,-0.00414469058700024
2.974,0,0.00512353577017675,-0.00416873408960206
2.976,0,0.00512430964341724,-0.00419277759220389
2.978,0,0.00512508351665772,-0.00421682109480571
2.98,0,0.00512585599002233,-0.00423444452403822
2.982,0,0.00512662382759709,-0.00423080741763044
2.984,0,0.00512739166517185,-0.00422717031122267
2.986,0,0.00512815950274661,-0.00422353320481489
2.988,0,0.00512892734032137,-0.00421989609840712
2.99,0,0.00512969380392589,-0.00420957259286793
2.992,0,0.00513045583842632,-0.00417769493946297
2.994,0,0.00513121787292676,-0.00414581728605801
2.996,0,0.00513197990742719,-0.00411393963265306
2.998,0,0.00513274194192762,-0.0040820619792481
3,0,0.00513350298489091,-0.00404753007923668
3.002,1.8426049382719e-09,0.00513425903922392,-0.00400426074981497
3.004,3.68520987654338e-09,0.00513500639823981,-0.0039679014654252
3.006,5.52781481481528e-09,0.00513575147378408,-0.00393335682351231
3.008,7.37041975308677e-09,0.00513649654932834,-0.00389881218159941
3.01,9.21302469135866e-09,0.0051372416248726,-0.00386426753968652
3.012,2.20374814814809e-08,0.00513798670041687,-0.00382972289777363
3.014,3.4861938271606e-08,0.00513871558868848,-0.00381426027826018
3.016,4.76863950617282e-08,0.00513944022603084,-0.00380380877636326
3.018,6.05108518518533e-08,0.0051401648633732,-0.00379335727446635
3.02,7.33353086419755e-08,0.00514088950071556,-0.00378290577256944
3.022,1.07921246913585e-07,0.00514161413805792,-0.00377245427067252
3.024,1.42507185185186e-07,0.00514232414133032,-0.00377646127754453
3.026,1.77093123456795e-07,0.00514303030155903,-0.00378426522409536
3.028,2.11679061728397e-07,0.00514373646178775,-0.00379206917064619
3.03,2.46265000000006e-07,0.00514444262201646,-0.00379987311719703
3.032,3.13172790123456e-07,0.00514514878224518,-0.00380767706374786
3.034,3.80080580246921e-07,0.00514584914870636,-0.00380062805742283
3.036,4.46988370370371e-07,0.00514654799366998,-0.00378967852670601
3.038,5.13896160493835e-07,0.00514724683863361,-0.0037787289959892
3.04,5.80803950617285e-07,0.00514794568359723,-0.00376777946527238
3.042,6.903761851852e-07,0.00514864452856085,-0.00375682993455556
3.044,7.9994841975309e-07,0.00514934953954497,-0.00369232637362019
3.046,9.09520654321004e-07,0.00515005616978376,-0.00361375902328941
3.048,1.01909288888889e-06,0.00515076280002255,-0.00353519167295864
3.05,1.12866512345681e-06,0.00515146943026134,-0.00345662432262785
3.052,1.29102809876543e-06,0.00515217606050013,-0.00337805697229708
3.054,1.45339107407409e-06,0.00515289721744677,-0.00322202955073758
3.056,1.61575404938272e-06,0.00515362218924279,-0.00304566038974475
3.058,1.77811702469138e-06,0.00515434716103882,-0.00286929122875188
3.06,1.94048000000001e-06,0.00515507213283485,-0.00269292206775904
3.062,2.1655451975309e-06,0.00515579710463088,-0.00251655290676617
3.064,2.39061039506174e-06,0.0051565368364226,-0.00226979152154286
3.066,2.61567559259263e-06,0.00515728044432729,-0.00200454447963576
3.068,2.84074079012347e-06,0.00515802405223198,-0.00173929743772873
3.07,3.06580598765436e-06,0.00515876766013667,-0.00147405039582163
3.072,3.36327155555556e-06,0.00515951126804136,-0.0012088033539146
3.074,3.66073712345676e-06,0.00516026495684428,-0.000900276408366645
3.076,3.95820269135803e-06,0.00516102129298539,-0.000580383755188883
3.078,4.25566825925924e-06,0.0051617776291265,-0.000260491102011192
3.08,4.5531338271605e-06,0.00516253396526762,5.94015511665708e-05
3.082,4.93248606172836e-06,0.00516329030140873,0.000379294204344262
3.084,5.31183829629631e-06,0.0051640552070281,0.000723304837327464
3.086,5.69119053086417e-06,0.00516482236307263,0.00107364907745913
3.088,6.07054276543211e-06,0.00516558951911716,0.00142399331759088
3.09,6.44989499999997e-06,0.0051663566751617,0.00177433755772255
3.092,6.92040982716052e-06,0.00516712383120623,0.0021246817978543
3.094,7.39092465432096e-06,0.00516790506714862,0.00250163658907638
3.096,7.8614394814815e-06,0.00516869000060393,0.00288557955998741
3.098,8.33195430864194e-06,0.00516947493405923,0.00326952253089835
3.1,8.80246913580249e-06,0.00517025986751454,0.00365346550180938
3.102,9.37321359259255e-06,0.00517104480096984,0.00403740847272032
3.104,9.94395804938274e-06,0.00517185329956522,0.00446198675551705
3.106,1.05147025061728e-05,0.00517266798658687,0.00489723625140527
3.108,1.1085446962963e-05,0.00517348267360851,0.00533248574729358
3.11,1.1656191419753e-05,0.00517429736063016,0.0057677352431818
3.112,1.23360251358025e-05,0.0051751120476518,0.00620298473907011
3.114,1.30158588518518e-05,0.00517595856969435,0.00668663489474025
3.116,1.36956925679013e-05,0.00517681345191125,0.00718299551651343
3.118,1.43755262839506e-05,0.00517766833412815,0.0076793561382865
3.12,1.505536e-05,0.00517852321634505,0.00817571676005968
3.122,1.58529366790123e-05,0.00517937809856195,0.00867207738183275
3.124,1.66505133580247e-05,0.00518026973103129,0.00921089945031242
3.126,1.7448090037037e-05,0.00518117101446077,0.00976087229197308
3.128,1.82456667160494e-05,0.00518207229789025,0.0103108451336339
3.13,1.90432433950617e-05,0.00518297358131973,0.0108608179752945
3.132,1.99670122962964e-05,0.00518387486474921,0.0114107908169553
3.134,2.08907811975308e-05,0.00518481519053806,0.0119863092416704
3.136,2.18145500987655e-05,0.00518576576921576,0.0125685361755043
3.138,2.2738319e-05,0.00518671634789347,0.0131507631093381
3.14,2.36620879012346e-05,0.00518766692657117,0.013732990043172
3.142,2.47202953209876e-05,0.00518861750524888,0.0143152169770057
3.144,2.57785027407408e-05,0.00518960749899354,0.0148983497806814
3.146,2.68367101604938e-05,0.00519060784350355,0.0154817204742529
3.148,2.7894917580247e-05,0.00519160818801356,0.0160650911678244
3.15,2.89531249999999e-05,0.00519260853252357,0.0166484618613959
3.152,3.01538157530865e-05,0.00519360887703358,0.0172318325549675
3.154,3.13545065061728e-05,0.00519464928482416,0.017792319498158
3.156,3.25551972592593e-05,0.00519570021360706,0.0183467969543947
3.158,3.37558880123456e-05,0.00519675114238997,0.0189012744106313
3.16,3.49565787654322e-05,0.00519780207117287,0.019455751866868
3.162,3.63075976666666e-05,0.00519885299995577,0.0200102293231046
3.164,3.76586165679013e-05,0.00519994959631211,0.0205355556522903
3.166,3.90096354691357e-05,0.0052010581854005,0.0210532266227699
3.168,4.03606543703705e-05,0.00520216677448889,0.0215708975932496
3.17,4.17116732716049e-05,0.00520327536357728,0.0220885685637292
3.172,4.32206666172841e-05,0.00520438395266567,0.0226062395342089
3.174,4.47296599629629e-05,0.00520555034453172,0.0231115278837782
3.176,4.62386533086421e-05,0.005206731915948,0.023613564441243
3.178,4.77476466543209e-05,0.00520791348736429,0.0241156009987076
3.18,4.92566400000001e-05,0.00520909505878057,0.0246176375561723
3.182,5.09310570493827e-05,0.00521027663019685,0.0251196741136369
3.184,5.26054740987656e-05,0.00521152948863912,0.0256312134492224
3.186,5.42798911481481e-05,0.00521280106772139,0.0261452483032518
3.188,5.5954308197531e-05,0.00521407264680366,0.0266592831572812
3.19,5.76287252469135e-05,0.00521534422588593,0.0271733180113105
3.192,5.94758197037039e-05,0.0052166158049682,0.02768735286534
3.194,6.13229141604938e-05,0.00521796614471542,0.0282125491202461
3.196,6.31700086172841e-05,0.00521933716775015,0.0287406764634504
3.198,6.5017103074074e-05,0.00522070819078488,0.0292688038066546
3.2,6.68641975308644e-05,0.00522207921381962,0.0297969311498589
3.202,6.88910290246913e-05,0.00522345023685435,0.0303250584930631
3.204,7.09178605185187e-05,0.00522489996399708,0.0308407053229853
3.206,7.29446920123456e-05,0.00522637035957493,0.0313530746533499
3.208,7.4971523506173e-05,0.00522784075515279,0.0318654439837146
3.21,7.6998355e-05,0.00522931115073065,0.0323778133140791
3.212,7.92117905679015e-05,0.0052307815463085,0.0328901826444438
3.214,8.14252261358025e-05,0.00523232992771386,0.0333649591289496
3.216,8.36386617037039e-05,0.00523389878892717,0.0338298633804084
3.218,8.58520972716049e-05,0.00523546765014048,0.0342947676318671
3.22,8.80655328395064e-05,0.00523703651135379,0.0347596718833259
3.222,9.04722484074074e-05,0.00523860537256709,0.0352245761347846
3.224,9.28789639753089e-05,0.00524025817886937,0.0356507615218025
3.226,9.52856795432099e-05,0.00524193302993741,0.0360667789727585
3.228,9.76923951111114e-05,0.00524360788100545,0.0364827964237146
3.23,0.000100099110679012,0.00524528273207349,0.0368988138746706
3.232,0.00010270559254321,0.00524695758314153,0.0373148313256267
3.234,0.000105312074407407,0.00524872884808572,0.0377145050037982
3.236,0.000107918556271605,0.00525052543221585,0.0381098866543217
3.238,0.000110525038135802,0.00525232201634598,0.038505268304845
3.24,0.00011313152,0.00525411860047612,0.0389006499553685
3.242,0.000115944066308642,0.00525591518460625,0.0392960316058919
3.244,0.000118756612617284,0.00525782115605255,0.0397000168022158
3.246,0.000121569158925926,0.00525975585363153,0.0401062613701628
3.248,0.000124381705234568,0.0052616905512105,0.04051250593811
3.25,0.00012719425154321,0.00526362524878947,0.0409187505060571
3.252,0.000130218973777778,0.00526555994636845,0.0413249950740042
3.254,0.000133243696012346,0.00526761210714955,0.0417482628026021
3.256,0.000136268418246914,0.00526969511486654,0.0421760009724583
3.258,0.000139293140481482,0.00527177812258353,0.0426037391423143
3.26,0.00014231786271605,0.00527386113030052,0.0430314773121705
3.262,0.00014556068717284,0.00527594413801751,0.0434592154820266
3.264,0.00014880351162963,0.00527814767576113,0.0438950296770249
3.266,0.00015204633608642,0.00528038286581745,0.044332964711786
3.268,0.00015528916054321,0.00528261805587377,0.0447708997465472
3.27,0.000158531985,0.00528485324593009,0.0452088347813083
3.272,0.000161998654271605,0.0052870884359864,0.0456467698160695
3.274,0.00016546532354321,0.0052894460241745,0.0460794511611409
3.276,0.000168931992814815,0.00529183575525718,0.0465107528381455
3.278,0.00017239866208642,0.00529422548633986,0.0469420545151501
3.28,0.000175865331358025,0.00529661521742254,0.0473733561921548
3.282,0.000179565091024691,0.00529900494850523,0.0478046578691594
3.284,0.000183264850691359,0.00530152071261388,0.0482234570033117
3.286,0.000186964610358025,0.00530406957417433,0.0486389728527353
3.288,0.000190664370024692,0.00530661843573478,0.0490544887021589
3.29,0.000194364129691358,0.00530916729729524,0.0494700045515824
3.292,0.000198320637876544,0.00531171615885569,0.049885520401006
3.294,0.000202277146061728,0.00531439804007382,0.0502929670599884
3.296,0.000206233654246914,0.0053171148534986,0.0506982946740644
3.298,0.000210190162432099,0.00531983166692338,0.0511036222881402
3.3,0.000214146670617285,0.00532254848034816,0.0515089499022162
3.302,0.000218386686950617,0.00532526529377295,0.0519142775162921
3.304,0.000222626703283951,0.00532812725440739,0.0523332678438263
3.306,0.000226866719617284,0.0053310273320571,0.0527558461277449
3.308,0.000231106735950618,0.00533392740970682,0.0531784244116637
3.31,0.000235346752283951,0.00533682748735653,0.0536010026955823
3.312,0.000239896420098766,0.00533972756500625,0.054023580979501
3.314,0.00024444608791358,0.00534279054870843,0.0544992423636808
3.316,0.000248995755728396,0.00534589631306417,0.054988843866643
3.318,0.00025354542354321,0.0053490020774199,0.055478445369605
3.32,0.000258095091358025,0.00535210784177564,0.0559680468725672
3.322,0.000262979942135803,0.00535521360613138,0.0564576483755292
3.324,0.000267864792913581,0.00535850251298559,0.0570448968345823
3.326,0.000272749643691358,0.00536183951477342,0.0576577882979048
3.328,0.000277634494469137,0.00536517651656124,0.0582706797612273
3.33,0.000282519345246914,0.00536851351834907,0.0588835712245498
3.332,0.000287764303061728,0.0053718505201369,0.0594964626878722
3.334,0.000293009260876543,0.00537538659187208,0.0602319691237183
3.336,0.000298254218691358,0.00537897494123798,0.0609996753985535
3.338,0.000303499176506173,0.00538256329060387,0.0617673816733889
3.34,0.000308744134320987,0.00538615163996976,0.062535087948224
3.342,0.000314373520283951,0.00538973998933566,0.0633027942230594
3.344,0.000320002906246913,0.00539353407656617,0.0641808641740845
3.346,0.000325632292209877,0.00539738219248485,0.0650879166590567
3.348,0.000331261678172839,0.00540123030840353,0.0659949691440288
3.35,0.000336891064135803,0.00540507842432221,0.0669020216290011
3.352,0.000342928600839506,0.00540892654024089,0.0678090741139731
3.354,0.00034896613754321,0.00541298288896309,0.068794373907959
3.356,0.000355003674246913,0.00541709392156775,0.0698002221773854
3.358,0.000361041210950618,0.00542120495417241,0.070806070446812
3.36,0.000367078747654321,0.00542531598677707,0.0718119187162384
3.362,0.000373547563617284,0.00542942701938174,0.0728177669856651
3.364,0.000380016379580247,0.00543375591263832,0.0738887297742598
3.366,0.00038648519554321,0.00543814201814044,0.0749767922448098
3.368,0.000392954011506172,0.00544252812364256,0.0760648547153596
3.37,0.000399422827469136,0.00544691422914468,0.0771529171859097
3.372,0.000406345461580246,0.0054513003346468,0.0782409796564595
3.374,0.000413268095691358,0.00545592386989892,0.0794099476586217
3.376,0.000420190729802469,0.00546060975642481,0.0806001622103497
3.378,0.000427113363913581,0.00546529564295071,0.0817903767620779
3.38,0.000434035998024691,0.00546998152947661,0.0829805913138059
3.382,0.000441434403987655,0.0054746674160025,0.0841708058655341
3.384,0.000448832809950617,0.00547961063432538,0.0854542726605941
3.386,0.000456231215913581,0.00548462143038579,0.0867622283672357
3.388,0.000463629621876543,0.0054896322264462,0.0880701840738769
3.39,0.000471028027839506,0.00549464302250661,0.0893781397805185
3.392,0.000478923578617283,0.00549965381856702,0.0906860954871598
3.394,0.000486819129395062,0.00550493329201799,0.092066385510265
3.396,0.000494714680172839,0.00551028332266551,0.0934656712016443
3.398,0.000502610230950618,0.00551563335331303,0.0948649568930238
3.4,0.000510505781728395,0.00552098338396055,0.096264242584403
3.402,0.000518919273987655,0.00552633341460807,0.0976635282757826
3.404,0.000527332766246913,0.00553195878530928,0.0990948298543774
3.406,0.000535746258506173,0.00553765646288472,0.100534539104501
3.408,0.000544159750765432,0.00554335414046015,0.101974248354624
3.41,0.000552573243024692,0.00554905181803558,0.103413957604748
3.412,0.000561524901580247,0.00555474949561101,0.104853666854871
3.414,0.000570476560135803,0.00556073397478121,0.1062990006195
3.416,0.000579428218691358,0.00556679377073356,0.107745811434262
3.418,0.000588379877246915,0.00557285356668591,0.109192622249024
3.42,0.000597331535802469,0.00557891336263826,0.110639433063786
3.422,0.00060684101806173,0.00558497315859061,0.112086243878548
3.424,0.000616350500320988,0.005591336607313,0.113529629154893
3.426,0.000625859982580248,0.00559777979809382,0.114972114852799
3.428,0.000635369464839506,0.00560422298887465,0.116414600550706
3.43,0.000644878947098766,0.00561066617965548,0.117857086248612
3.432,0.000654965347506173,0.0056171093704363,0.119299571946518
3.434,0.000665051747913581,0.00562387206732475,0.120726503025849
3.436,0.000675138148320987,0.00563071866950641,0.12214934931681
3.438,0.000685224548728396,0.00563756527168807,0.123572195607771
3.44,0.000695310949135802,0.00564441187386972,0.124995041898732
3.442,0.000705992803617285,0.00565125847605138,0.126417888189693
3.444,0.000716674658098765,0.00565843845951661,0.127807443493753
3.446,0.000727356512580248,0.00566570599202608,0.129188256273179
3.448,0.000738038367061728,0.00567297352453555,0.130569069052604
3.45,0.000748720221543211,0.00568024105704502,0.131949881832029
3.452,0.000760015511950617,0.00568750858955449,0.133330694611454
3.454,0.000771310802358026,0.00569512680669177,0.134673584041565
3.456,0.000782606092765432,0.00570283711689338,0.136006514445329
3.458,0.000793901383172841,0.00571054742709498,0.137339444849094
3.46,0.000805196673580247,0.00571825773729658,0.138672375252858
3.462,0.000817122832135804,0.00572596804749819,0.140005305656622
3.464,0.000829048990691358,0.00573405075767063,0.141312265755958
3.466,0.000840975149246915,0.00574223126355964,0.142612405810369
3.468,0.000852901307802469,0.00575041176944864,0.143912545864779
3.47,0.000864827466358025,0.00575859227533765,0.14521268591919
3.472,0.000877401380098765,0.00576677278122666,0.1465128259736
3.474,0.000889975293839508,0.0057753447844141,0.147791824807384
3.476,0.000902549207580247,0.00578401959845502,0.149065271758831
3.478,0.000915123121320989,0.00579269441249594,0.150338718710278
3.48,0.000927697035061729,0.00580136922653686,0.151612165661724
3.482,0.000940935050283953,0.00581004404057777,0.152885612613171
3.484,0.000954173065506173,0.00581912193741131,0.154119315557005
3.486,0.000967411080728397,0.00582830568755749,0.155342581352589
3.488,0.000980649095950617,0.00583748943770367,0.156565847148172
3.49,0.000993887111172841,0.00584667318784985,0.157789112943756
3.492,0.00100780503787654,0.00585585693799603,0.15901237873934
3.494,0.00102172296458025,0.00586540200446293,0.160181066442787
3.496,0.00103564089128395,0.00587504195597617,0.161335421428598
3.498,0.00104955881798766,0.00588468190748941,0.162489776414409
3.5,0.00106347674469136,0.00589432185900265,0.163644131400219
3.502,0.00107808986102469,0.00590443612098685,0.164731993043591
3.504,0.00109270297735802,0.00591455038297104,0.165819854686963
3.506,0.00110731609369136,0.00592466464495524,0.166907716330335
3.508,0.00112192921002469,0.00593477890693944,0.167995577973707
3.51,0.00113654232635803,0.00594489316892364,0.169083439617079
3.512,0.00115186538306173,0.00595557447055297,0.170132791643979
3.514,0.00116718843976543,0.0059662557721823,0.17118214367088
3.516,0.00118251149646914,0.00597693707381164,0.17223149569778
3.518,0.00119783455317284,0.00598761837544097,0.17328084772468
3.52,0.00121315760987654,0.0059982996770703,0.174330199751581
3.522,0.0012292048347284,0.00600957823470238,0.175381205395075
3.524,0.00124525205958025,0.00602085679233445,0.17643221103857
3.526,0.0012612992844321,0.00603213534996653,0.177483216682064
3.528,0.00127734650928395,0.0060434139075986,0.178534222325558
3.53,0.0012933937341358,0.00605469246523068,0.179585227969053
3.532,0.00131017883639506,0.00606658778664099,0.180642869054113
3.534,0.00132696393865432,0.00607848310805131,0.181700510139173
3.536,0.00134374904091358,0.00609037842946163,0.182758151224234
3.538,0.00136053414317284,0.00610227375087195,0.183815792309294
3.54,0.0013773192454321,0.00611416907228227,0.184873433394354
3.542,0.00139485542028395,0.00612669176210689,0.185913144989491
3.544,0.0014123915951358,0.00613921445193151,0.186952856584628
3.546,0.00142992776998766,0.00615173714175614,0.187992568179766
3.548,0.00144746394483951,0.00616425983158076,0.189032279774903
3.55,0.00146500011969136,0.00617678252140538,0.19007199137004
3.552,0.00148330005269136,0.00618994573795719,0.191078579627732
3.554,0.00150159998569136,0.00620310895450899,0.192085167885424
3.556,0.00151989991869136,0.0062162721710608,0.193091756143115
3.558,0.00153819985169136,0.00622943538761261,0.194098344400807
3.56,0.00155649978469136,0.00624259860416441,0.195104932658499
3.562,0.00157557749881482,0.00625642361513065,0.196091631700869
3.564,0.00159465521293827,0.00627024862609689,0.197078330743239
3.566,0.00161373292706173,0.00628407363706313,0.19806502978561
3.568,0.00163281064118519,0.00629789864802936,0.19905172882798
3.57,0.00165188835530864,0.0063117236589956,0.20003842787035
3.572,0.0016717646694321,0.0063262344232195,0.201028405351468
3.574,0.00169164098355556,0.0063407451874434,0.202018382832587
3.576,0.00171151729767901,0.0063552559516673,0.203008360313705
3.578,0.00173139361180247,0.0063697667158912,0.203998337794823
3.58,0.00175126992592593,0.0063842774801151,0.204988315275941
3.582,0.00177196680301235,0.00639949464495487,0.205993706608319
3.584,0.00179266368009877,0.00641471180979463,0.206999097940697
3.586,0.00181336055718518,0.00642992897463439,0.208004489273075
3.588,0.00183405743427161,0.00644514613947415,0.209009880605453
3.59,0.00185475431135802,0.00646036330431392,0.210015271937831
3.592,0.00187629300325926,0.00647630600603009,0.211042400675193
3.594,0.00189783169516049,0.00649224870774625,0.212069529412556
3.596,0.00191937038706173,0.00650819140946242,0.213096658149918
3.598,0.00194090907896296,0.00652413411117858,0.21412378688728
3.6,0.0019624477708642,0.00654007681289475,0.215150915624643
3.602,0.00198484882424691,0.0065567677569989,0.216216584194591
3.604,0.00200724987762963,0.00657345870110305,0.21728225276454
3.606,0.00202965093101235,0.00659014964520721,0.218347921334488
3.608,0.00205205198439506,0.00660684058931136,0.219413589904436
3.61,0.00207445303777778,0.00662353153341551,0.220479258474384
3.612,0.00209773630004938,0.00664099551228043,0.221604943656311
3.614,0.00212101956232099,0.00665845949114536,0.222730628838237
3.616,0.00214430282459259,0.00667592347001028,0.223856314020163
3.618,0.0021675860868642,0.00669338744887521,0.224981999202089
3.62,0.0021908693491358,0.00671085142774014,0.226107684384015
3.622,0.00221505397437037,0.00672910784653868,0.227293838674954
3.624,0.00223923859960494,0.00674736426533723,0.228479992965893
3.626,0.0022634232248395,0.00676562068413578,0.229666147256832
3.628,0.00228760785007408,0.00678387710293433,0.230852301547771
3.63,0.00231179247530864,0.00680213352173287,0.232038455838709
3.632,0.00233689693017284,0.00682119484972666,0.233259409890577
3.634,0.00236200138503704,0.00684025617772044,0.234480363942445
3.636,0.00238710583990124,0.00685931750571422,0.235701317994313
3.638,0.00241221029476543,0.006878378833708,0.236922272046181
3.64,0.00243731474962963,0.00689744016170179,0.238143226098049
3.642,0.00246335681930864,0.00691732105213591,0.23937851793412
3.644,0.00248939888898766,0.00693720194257004,0.240613809770192
3.646,0.00251544095866667,0.00695708283300417,0.241849101606263
3.648,0.00254148302834568,0.0069769637234383,0.243084393442334
3.65,0.00256752509802469,0.00699684461387243,0.244319685278405
3.652,0.00259452189214815,0.00701756892478183,0.245578216003149
3.654,0.0026215186862716,0.00703829323569122,0.246836746727893
3.656,0.00264851548039506,0.00705901754660063,0.248095277452637
3.658,0.00267551227451852,0.00707974185751002,0.249353808177381
3.66,0.00270250906864198,0.00710046616841943,0.250612338902126
3.662,0.00273047702720987,0.007122060727865,0.25191144129197
3.664,0.00275844498577778,0.00714365528731059,0.253210543681815
3.666,0.00278641294434568,0.00716524984675616,0.254509646071659
3.668,0.00281438090291358,0.00718684440620175,0.255808748461504
3.67,0.00284234886148148,0.00720843896564732,0.257107850851349
3.672,0.00287130376079013,0.00723092217421505,0.258434966427131
3.674,0.00290025866009876,0.00725340538278278,0.259762082002914
3.676,0.00292921355940741,0.00727588859135051,0.261089197578697
3.678,0.00295816845871605,0.00729837179991823,0.262416313154479
3.68,0.00298712335802469,0.00732085500848597,0.263743428730262
3.682,0.00301708031659259,0.00734423674671741,0.265056507790636
3.684,0.0030470372751605,0.00736761848494887,0.266369586851011
3.686,0.00307699423372839,0.00739100022318031,0.267682665911385
3.688,0.0031069511922963,0.00741438196141177,0.26899574497176
3.69,0.0031369081508642,0.00743776369964321,0.270308824032134
3.692,0.00316788163535803,0.00746205719401374,0.271577567456645
3.694,0.00319885511985185,0.00748635068838426,0.272846310881155
3.696,0.00322982860434568,0.00751064418275478,0.274115054305666
3.698,0.00326080208883951,0.0075349376771253,0.275383797730177
3.7,0.00329177557333334,0.00755923117149583,0.276652541154687
3.702,0.00332377940449383,0.0075844591751129,0.277880353234097
3.704,0.00335578323565432,0.00760968717872997,0.279108165313507
3.706,0.00338778706681482,0.00763491518234704,0.280335977392917
3.708,0.00341979089797531,0.00766014318596412,0.281563789472327
3.71,0.0034517947291358,0.00768537118958119,0.282791601551737
3.712,0.00348484208770371,0.007711558805206,0.283991881908448
3.714,0.00351788944627161,0.00773774642083081,0.285192162265159
3.716,0.00355093680483951,0.00776393403645562,0.28639244262187
3.718,0.00358398416340741,0.00779012165208042,0.287592722978581
3.72,0.00361703152197531,0.00781630926770524,0.288793003335292
3.722,0.00365113495461728,0.00784347533292182,0.289960167597574
3.724,0.00368523838725926,0.0078706413981384,0.291127331859856
3.726,0.00371934181990123,0.00789780746335498,0.292294496122138
3.728,0.00375344525254321,0.00792497352857156,0.29346166038442
3.73,0.00378754868518519,0.00795213959378814,0.294628824646702
3.732,0.00382272011041976,0.00798029820986937,0.29574362850599
3.734,0.00385789153565432,0.0080084568259506,0.296858432365278
3.736,0.00389306296088889,0.00803661544203183,0.297973236224566
3.738,0.00392823438612346,0.00806477405811306,0.299088040083854
3.74,0.00396340581135803,0.0080929326741943,0.300202843943142
3.742,0.00399965652548148,0.00812210056439896,0.30125757286729
3.744,0.00403590723960494,0.00815126845460363,0.302312301791438
3.746,0.0040721579537284,0.0081804363448083,0.303367030715586
3.748,0.00410840866785186,0.00820960423501297,0.304421759639734
3.75,0.00414465938197531,0.00823877212521764,0.305476488563882
3.752,0.00418200006498766,0.00826896977094609,0.306479110104971
3.754,0.004219340748,0.00829916741667454,0.30748173164606
3.756,0.00425668143101235,0.008329365062403,0.308484353187149
3.758,0.00429402211402469,0.00835956270813145,0.309486974728238
3.76,0.00433136279703704,0.0083897603538599,0.310489596269327
3.762,0.0043698035185679,0.00842100641821325,0.31144503882951
3.764,0.00440824424009877,0.00845225248256659,0.312400481389693
3.766,0.00444668496162963,0.00848349854691993,0.313355923949876
3.768,0.0044851256831605,0.00851474461127328,0.314311366510059
3.77,0.00452356640469136,0.00854599067562662,0.315266809070242
3.772,0.00456311662992593,0.00857829965997085,0.316169009154119
3.774,0.00460266685516049,0.00861060864431507,0.317071209237996
3.776,0.00464221708039507,0.0086429176286593,0.317973409321873
3.778,0.00468176730562963,0.00867522661300352,0.318875609405749
3.78,0.0047213175308642,0.00870753559734776,0.319777809489626
3.782,0.00476198612646913,0.00874092235383289,0.320624842385564
3.784,0.00480265472207408,0.00877430911031802,0.321471875281503
3.786,0.00484332331767901,0.00880769586680315,0.322318908177442
3.788,0.00488399191328396,0.00884108262328829,0.323165941073381
3.79,0.00492466050888889,0.00887446937977343,0.324012973969319
3.792,0.00496645574893828,0.00890895277808107,0.324819177847172
3.794,0.00500825098898766,0.00894343617638871,0.325625381725025
3.796,0.00505004622903704,0.00897791957469635,0.326431585602879
3.798,0.00509184146908642,0.00901240297300399,0.327237789480732
3.8,0.00513363670913581,0.00904688637131163,0.328043993358585
3.802,0.00517656628103704,0.00908248584413796,0.32882784212444
3.804,0.00521949585293828,0.00911808531696429,0.329611690890295
3.806,0.00526242542483951,0.00915368478979061,0.330395539656149
3.808,0.00530535499674075,0.00918928426261694,0.331179388422004
3.81,0.00534828456864198,0.00922488373544327,0.331963237187859
3.812,0.00539235557906174,0.00926161326348734,0.332726590568529
3.814,0.00543642658948148,0.00929834279153141,0.333489943949199
3.816,0.00548049759990124,0.00933507231957548,0.33425329732987
3.818,0.00552456861032099,0.00937180184761954,0.33501665071054
3.82,0.00556863962074074,0.00940853137566362,0.335780004091211
3.822,0.00561385860153086,0.00944639960380351,0.336508383894352
3.824,0.00565907758232099,0.0094842678319434,0.337236763697494
3.826,0.00570429656311111,0.00952213606008329,0.337965143500635
3.828,0.00574951554390124,0.00956000428822318,0.338693523303777
3.83,0.00579473452469136,0.00959787251636307,0.339421903106918
3.832,0.00584110743881483,0.00963688932331275,0.340106835819604
3.834,0.00588748035293828,0.00967590613026242,0.340791768532291
3.836,0.00593385326706174,0.0097149229372121,0.341476701244977
3.838,0.00598022618118519,0.00975393974416177,0.342161633957663
3.84,0.00602659909530864,0.00979295655111144,0.34284656667035
3.842,0.00607413134276544,0.00983313697574919,0.34349892710419
3.844,0.00612166359022222,0.00987331740038692,0.34415128753803
3.846,0.00616919583767902,0.00991349782502466,0.34480364797187
3.848,0.0062167280851358,0.0099536782496624,0.34545600840571
3.85,0.0062642603325926,0.00999385867430015,0.34610836883955
3.852,0.00631295675634568,0.0100352191705961,0.346745498328405
3.854,0.00636165318009877,0.0100765796668921,0.347382627817259
3.856,0.00641034960385185,0.0101179401631881,0.348019757306114
3.858,0.00645904602760494,0.0101593006594841,0.348656886794968
3.86,0.00650774245135803,0.0102006611557801,0.349294016283823
3.862,0.00655760734325926,0.0102432136916614,0.349919411613529
3.864,0.00660747223516049,0.0102857662275427,0.350544806943235
3.866,0.00665733712706173,0.0103283187634241,0.351170202272941
3.868,0.00670720201896296,0.0103708712993054,0.351795597602647
3.87,0.0067570669108642,0.0104134238351868,0.352420992932353
3.872,0.00680810401758024,0.0104571754018852,0.353022501407482
3.874,0.0068591411242963,0.0105009269685837,0.35362400988261
3.876,0.00691017823101234,0.0105446785352821,0.354225518357739
3.878,0.0069612153377284,0.0105884301019805,0.354827026832868
3.88,0.00701225244444445,0.010632181668679,0.355428535307997
3.882,0.00706446497338272,0.01067713899901,0.355994496804855
3.884,0.00711667750232099,0.0107220963293409,0.356560458301713
3.886,0.00716889003125926,0.0107670536596719,0.357126419798571
3.888,0.00722110256019753,0.0108120109900029,0.357692381295429
3.89,0.0072733150891358,0.0108569683203339,0.358258342792287
3.892,0.00732670571437036,0.0109031407397599,0.358787585396838
3.894,0.00738009633960494,0.0109493131591859,0.359316828001388
3.896,0.0074334869648395,0.0109954855786119,0.359846070605938
3.898,0.00748687759007408,0.0110416579980379,0.360375313210489
3.9,0.00754026821530864,0.0110878304174639,0.360904555815039
3.902,0.00759483908350618,0.0111352278639721,0.361399973345166
3.904,0.0076494099517037,0.0111826253104803,0.361895390875293
3.906,0.00770398081990124,0.0112300227569885,0.36239080840542
3.908,0.00775855168809876,0.0112774202034967,0.362886225935547
3.91,0.0078131225562963,0.0113248176500049,0.363381643465674
3.912,0.00786887529264197,0.0113734482821048,0.363842197254135
3.914,0.00792462802898766,0.0114220789142046,0.364302751042596
3.916,0.00798038076533333,0.0114707095463045,0.364763304831057
3.918,0.00803613350167902,0.0115193401784044,0.365223858619518
3.92,0.00809188623802469,0.0115679708105042,0.365684412407979
3.922,0.00814882195214816,0.0116178416501634,0.366107298437261
3.924,0.0082057576662716,0.0116677124898227,0.366530184466543
3.926,0.00826269338039507,0.0117175833294819,0.366953070495826
3.928,0.00831962909451852,0.0117674541691411,0.367375956525108
3.93,0.00837656480864198,0.0118173250088003,0.36779884255439
3.932,0.00843468410054321,0.0118684434002472,0.368184428307514
3.934,0.00849280339244445,0.011919561791694,0.368570014060637
3.936,0.00855092268434568,0.0119706801831409,0.36895559981376
3.938,0.00860904197624692,0.0120217985745877,0.369341185566884
3.94,0.00866716126814815,0.0120729169660346,0.369726771320007
3.942,0.00872646423412346,0.0121252897373945,0.370075824869323
3.944,0.00878576720009876,0.0121776625087544,0.370424878418638
3.946,0.00884507016607408,0.0122300352801143,0.370773931967954
3.948,0.00890437313204938,0.0122824080514742,0.371122985517269
3.95,0.00896367609802469,0.0123347808228341,0.371472039066585
3.952,0.00902416233659259,0.0123884124927426,0.37177980707281
3.954,0.0090846485751605,0.0124420441626511,0.372087575079036
3.956,0.0091451348137284,0.0124956758325596,0.372395343085261
3.958,0.00920562105229631,0.0125493075024681,0.372703111091486
3.96,0.0092661072908642,0.0126029391723766,0.373010879097711
3.962,0.00932777590869137,0.0126578326653676,0.373269698555658
3.964,0.00938944452651852,0.0127127261583585,0.373528518013605
3.966,0.00945111314434569,0.0127676196513495,0.373787337471552
3.968,0.00951278176217284,0.0128225131443405,0.374046156929499
3.97,0.00957445038,0.0128774066373315,0.374304976387446
3.972,0.00963729999782716,0.0129335659383889,0.374513405637299
3.974,0.00970014961565433,0.0129897252394464,0.374721834887152
3.976,0.00976299923348148,0.0130458845405038,0.374930264137004
3.978,0.00982584885130865,0.0131020438415613,0.375138693386857
3.98,0.0098886984691358,0.0131582031426187,0.37534712263671
3.982,0.00995272722770371,0.0132156339229279,0.375512074461613
3.984,0.0100167559862716,0.0132730647032371,0.375677026286517
3.986,0.0100807847448395,0.0133304954835463,0.37584197811142
3.988,0.0101448135034074,0.0133879262638555,0.376006929936323
3.99,0.0102088422619753,0.0134453570441648,0.376171881761226
3.992,0.0102740478279506,0.0135040645405743,0.376301286863038
3.994,0.0103392533939259,0.0135627720369838,0.37643069196485
3.996,0.0104044589599012,0.0136214795333932,0.376560097066662
3.998,0.0104696645258766,0.0136801870298028,0.376689502168474
4,0.0105348700918519,0.0137388945262122,0.376818907270285
4.002,0.0106012496637531,0.0137988815841726,0.376914854811377
4.004,0.0106676292356543,0.013858868642133,0.377010802352468
4.006,0.0107340088075556,0.0139188557000934,0.377106749893559
4.008,0.0108003883794568,0.0139788427580537,0.377202697434651
4.01,0.010866767951358,0.0140388298160141,0.377298644975742
4.012,0.0109343182654815,0.014100097006924,0.377357647994406
4.014,0.0110018685796049,0.0141613641978339,0.37741665101307
4.016,0.0110694188937284,0.0142226313887438,0.377475654031735
4.018,0.0111369692078518,0.0142838985796538,0.377534657050399
4.02,0.0112045195219753,0.0143451657705637,0.377593660069063
4.022,0.011273236858321,0.0144077128754452,0.377611711959802
4.024,0.0113419541946667,0.0144702599803267,0.37762976385054
4.026,0.0114106715310123,0.0145328070852082,0.377647815741279
4.028,0.011479388867358,0.0145953541900898,0.377665867632018
4.03,0.0115481062037037,0.0146579012949713,0.377683919522756
4.032,0.0116179863919012,0.0147217283368693,0.377660102591676
4.034,0.0116878665800988,0.0147855553787672,0.377636285660595
4.036,0.0117577467682963,0.0148493824206652,0.377612468729515
4.038,0.0118276269564938,0.0149132094625631,0.377588651798435
4.04,0.0118975071446914,0.014977036504461,0.377564834867354
4.042,0.0119685455699259,0.015042144020433,0.377502265283212
4.044,0.0120395839951605,0.0151072515364049,0.377439695699069
4.046,0.0121106224203951,0.0151723590523768,0.377377126114927
4.048,0.0121816608456296,0.0152374665683487,0.377314556530784
4.05,0.0122526992708642,0.0153025740843206,0.377251986946642
4.052,0.0123248908798025,0.0153689630582834,0.377157421584432
4.054,0.0123970824887407,0.0154353520322461,0.377062856222222
4.056,0.012469274097679,0.0155017410062087,0.376968290860012
4.058,0.0125414657066173,0.0155681299801714,0.376873725497803
4.06,0.0126136573155556,0.0156345189541342,0.376779160135593
4.062,0.0126869966222716,0.015702189737434,0.376659079872188
4.064,0.0127603359289876,0.0157698605207337,0.376538999608784
4.066,0.0128336752357037,0.0158375313040335,0.376418919345379
4.068,0.0129070145424198,0.0159052020873334,0.376298839081974
4.07,0.0129803538491358,0.0159728728706331,0.376178758818569
4.072,0.013054834941037,0.0160418235214047,0.376033561277763
4.074,0.0131293160329383,0.0161107741721762,0.375888363736956
4.076,0.0132037971248395,0.0161797248229477,0.37574316619615
4.078,0.0132782782167408,0.0162486754737192,0.375597968655343
4.08,0.013352759308642,0.0163176261244907,0.375452771114536
4.082,0.0134283758523951,0.0163878521905577,0.375276035282471
4.084,0.0135039923961482,0.0164580782566247,0.375099299450406
4.086,0.0135796089399013,0.0165283043226916,0.374922563618341
4.088,0.0136552254836543,0.0165985303887586,0.374745827786276
4.09,0.0137308420274074,0.0166687564548255,0.37456909195421
4.092,0.0138075872748642,0.0167402529247484,0.374354331659451
4.094,0.013884332522321,0.0168117493946712,0.374139571364692
4.096,0.0139610777697778,0.0168832458645941,0.373924811069934
4.098,0.0140378230172346,0.0169547423345169,0.373710050775175
4.1,0.0141145682646914,0.0170262388044397,0.373495290480416
4.102,0.0141924350588148,0.0170990023465056,0.373243656573039
4.104,0.0142703018529383,0.0171717658885714,0.372992022665662
4.106,0.0143481686470617,0.0172445294306373,0.372740388758285
4.108,0.0144260354411852,0.0173172929727031,0.372488754850908
4.11,0.0145039022353087,0.017390056514769,0.372237120943531
4.112,0.0145828830160988,0.0174640850677601,0.37195599709222
4.114,0.0146618637968889,0.0175381136207513,0.37167487324091
4.116,0.014740844577679,0.0176121421737424,0.3713937493896
4.118,0.0148198253584691,0.0176861707267335,0.37111262553829
4.12,0.0148988061392593,0.0177601992797247,0.37083150168698
4.122,0.014978892949679,0.0178354893317352,0.370525173821604
4.124,0.0150589797600988,0.0179107793837457,0.370218845956228
4.126,0.0151390665705185,0.0179860694357563,0.369912518090852
4.128,0.0152191533809383,0.0180613594877669,0.369606190225477
4.13,0.015299240191358,0.0181366495397774,0.369299862360101
4.132,0.0153804246832593,0.0182131949306682,0.368965353896537
4.134,0.0154616091751605,0.0182897403215591,0.368630845432972
4.136,0.0155427936670617,0.0183662857124499,0.368296336969408
4.138,0.015623978158963,0.0184428311033407,0.367961828505843
4.14,0.0157051626508642,0.0185193764942315,0.367627320042278
4.142,0.0157874360909136,0.0185971701063809,0.367260097926429
4.144,0.015869709530963,0.0186749637185303,0.366892875810579
4.146,0.0159519829710123,0.0187527573306797,0.36652565369473
4.148,0.0160342564110617,0.0188305509428291,0.36615843157888
4.15,0.0161165298511111,0.0189083445549785,0.36579120946303
4.152,0.016199883126716,0.0189873800682422,0.365391187462712
4.154,0.016283236402321,0.019066415581506,0.364991165462394
4.156,0.0163665896779259,0.0191454510947697,0.364591143462076
4.158,0.0164499429535309,0.0192244866080335,0.364191121461758
4.16,0.0165332962291358,0.0193035221212972,0.36379109946144
4.162,0.0166177198543704,0.0193837932296268,0.36336007516058
4.164,0.0167021434796049,0.0194640643379564,0.362929050859721
4.166,0.0167865671048395,0.0195443354462861,0.362498026558861
4.168,0.0168709907300741,0.0196246065546157,0.362067002258002
4.17,0.0169554143553086,0.0197048776629453,0.361635977957142
4.172,0.0170408984768395,0.0197863763847608,0.361171996605579
4.174,0.0171263825983704,0.0198678751065763,0.360708015254015
4.176,0.0172118667199012,0.0199493738283918,0.360244033902452
4.178,0.0172973508414321,0.0200308725502073,0.359780052550889
4.18,0.017382834962963,0.0201123712720227,0.359316071199325
4.182,0.0174693693659753,0.0201950887527226,0.358816167979244
4.184,0.0175559037689877,0.0202778062334223,0.358316264759162
4.186,0.017642438172,0.0203605237141221,0.357816361539081
4.188,0.0177289725750123,0.0204432411948219,0.357316458319
4.19,0.0178155069780247,0.0205259586755218,0.356816555098918
4.192,0.0179030810921481,0.0206098875518656,0.356284670277515
4.194,0.0179906552062716,0.0206938164282095,0.355752785456112
4.196,0.018078229320395,0.0207777453045534,0.355220900634709
4.198,0.0181658034345185,0.0208616741808973,0.354689015813306
4.2,0.018253377548642,0.0209456030572411,0.354157130991903
4.202,0.0183419804538765,0.0210307369875712,0.353602347177387
4.204,0.0184305833591111,0.0211158709179012,0.35304756336287
4.206,0.0185191862643457,0.0212010048482313,0.352492779548353
4.208,0.0186077891695803,0.0212861387785614,0.351937995733836
4.21,0.0186963920748148,0.0213712727088914,0.351383211919319
4.212,0.0187860125074568,0.0214576027977447,0.350807525574496
4.214,0.0188756329400988,0.021543932886598,0.350231839229673
4.216,0.0189652533727408,0.0216302629754513,0.34965615288485
4.218,0.0190548738053827,0.0217165930643046,0.349080466540027
4.22,0.0191444942380247,0.0218029231531579,0.348504780195204
4.222,0.0192351205965926,0.0218904365551618,0.347898414472988
4.224,0.0193257469551605,0.0219779499571658,0.347292048750773
4.226,0.0194163733137284,0.0220654633591697,0.346685683028557
4.228,0.0195069996722963,0.0221529767611736,0.346079317306342
4.23,0.0195976260308642,0.0222404901631775,0.345472951584126
4.232,0.0196892463820247,0.022329173656629,0.344826617096641
4.234,0.0197808667331852,0.0224178571500804,0.344180282609155
4.236,0.0198724870843457,0.0225065406435318,0.34353394812167
4.238,0.0199641074355062,0.0225952241369833,0.342887613634185
4.24,0.0200557277866667,0.0226839076304347,0.342241279146699
4.242,0.0201483298711605,0.0227737517670963,0.341560295126214
4.244,0.0202409319556543,0.0228635959037579,0.340879311105729
4.246,0.0203335340401482,0.0229534400404196,0.340198327085244
4.248,0.020426136124642,0.0230432841770812,0.339517343064759
4.25,0.0205187382091358,0.0231331283137428,0.338836359044274
4.252,0.0206123094477037,0.0232241260130619,0.338135747922381
4.254,0.0207058806862716,0.0233151237123811,0.337435136800489
4.256,0.0207994519248395,0.0234061214117002,0.336734525678597
4.258,0.0208930231634074,0.0234971191110193,0.336033914556705
4.26,0.0209865944019753,0.0235881168103385,0.335333303434813
4.262,0.021081121901284,0.0236802578859718,0.334619011341315
4.264,0.0211756494005926,0.0237723989616052,0.333904719247818
4.266,0.0212701768999012,0.0238645400372385,0.333190427154321
4.268,0.0213647043992099,0.0239566811128718,0.332476135060824
4.27,0.0214592318985185,0.0240488221885052,0.331761842967326
4.272,0.0215547024570864,0.0241420915731165,0.331024589159467
4.274,0.0216501730156543,0.0242353609577279,0.330287335351608
4.276,0.0217456435742222,0.0243286303423392,0.329550081543749
4.278,0.0218411141327901,0.0244218997269506,0.328812827735889
4.28,0.021936584691358,0.0245151691115619,0.32807557392803
4.282,0.0220329848054815,0.0246095511677951,0.327305497843969
4.284,0.0221293849196049,0.0247039332240283,0.326535421759908
4.286,0.0222257850337284,0.0247983152802615,0.325765345675846
4.288,0.0223221851478519,0.0248926973364947,0.324995269591785
4.29,0.0224185852619753,0.0249870793927279,0.324225193507724
4.292,0.0225159011316543,0.0250825620169913,0.323425854259867
4.294,0.0226132170013334,0.0251780446412546,0.32262651501201
4.296,0.0227105328710124,0.0252735272655179,0.321827175764153
4.298,0.0228078487406914,0.0253690098897813,0.321027836516296
4.3,0.0229051646103704,0.0254644925140446,0.320228497268439
4.302,0.0230033821452346,0.0255610651909807,0.319410297739849
4.304,0.0231015996800988,0.0256576378679168,0.31859209821126
4.306,0.023199817214963,0.0257542105448529,0.31777389868267
4.308,0.0232980347498271,0.025850783221789,0.31695569915408
4.31,0.0233962522846914,0.0259473558987252,0.31613749962549
4.312,0.0234953571099259,0.0260450050347176,0.315301812839053
4.314,0.0235944619351605,0.02614265417071,0.314466126052617
4.316,0.023693566760395,0.0262403033067024,0.31363043926618
4.318,0.0237926715856296,0.0263379524426949,0.312794752479743
4.32,0.0238917764108642,0.0264356015786873,0.311959065693306
4.322,0.0239917538731358,0.026534310522938,0.311098229787704
4.324,0.0240917313354074,0.0266330194671886,0.310237393882102
4.326,0.024191708797679,0.0267317284114394,0.3093765579765
4.328,0.0242916862599506,0.0268304373556901,0.308515722070899
4.33,0.0243916637222222,0.0269291462999407,0.307654886165297
4.332,0.0244924988956049,0.0270288998029616,0.3067672445301
4.334,0.0245933340689877,0.0271286533059826,0.305879602894902
4.336,0.0246941692423704,0.0272284068090034,0.304991961259705
4.338,0.0247950044157531,0.0273281603120243,0.304104319624508
4.34,0.0248958395891358,0.0274279138150452,0.30321667798931
4.342,0.0249975172810371,0.0275286995272723,0.302311579785272
4.344,0.0250991949729383,0.0276294852394993,0.301406481581235
4.346,0.0252008726648395,0.0277302709517263,0.300501383377197
4.348,0.0253025503567407,0.0278310566639533,0.29959628517316
4.35,0.025404228048642,0.0279318423761803,0.298691186969122
4.352,0.0255067328057284,0.028033646609173,0.297774569764588
4.354,0.0256092375628148,0.0281354508421657,0.296857952560055
4.356,0.0257117423199012,0.0282372550751584,0.295941335355522
4.358,0.0258142470769876,0.0283390593081511,0.295024718150988
4.36,0.0259167518340741,0.0284408635411439,0.294108100946454
4.362,0.0260200679481975,0.0285436679137266,0.293171168411169
4.364,0.026123384062321,0.0286464722863093,0.292234235875883
4.366,0.0262267001764444,0.0287492766588921,0.291297303340598
4.368,0.0263300162905679,0.0288520810314748,0.290360370805312
4.37,0.0264333324046914,0.0289548854040576,0.289423438270026
4.372,0.0265374439188148,0.0290586701714857,0.288454066290845
4.374,0.0266415554329383,0.0291624549389138,0.287484694311663
4.376,0.0267456669470617,0.029266239706342,0.286515322332481
4.378,0.0268497784611852,0.0293700244737702,0.285545950353299
4.38,0.0269538899753086,0.0294738092411983,0.284576578374117
4.382,0.0270587806894321,0.0295785589960386,0.283578677597522
4.384,0.0271636714035556,0.0296833087508789,0.282580776820926
4.386,0.027268562117679,0.0297880585057191,0.281582876044331
4.388,0.0273734528318025,0.0298928082605594,0.280584975267735
4.39,0.0274783435459259,0.0299975580153996,0.27958707449114
4.392,0.0275839970230124,0.030103260941314,0.278577923598817
4.394,0.0276896505000988,0.0302089638672283,0.277568772706494
4.396,0.0277953039771852,0.0303146667931426,0.276559621814172
4.398,0.0279009574542716,0.0304203697190568,0.27555047092185
4.4,0.028006610931358,0.0305260726449712,0.274541320029527
4.402,0.0281130105032593,0.0306327136852945,0.273528208855996
4.404,0.0282194100751605,0.0307393547256178,0.272515097682466
4.406,0.0283258096470617,0.0308459957659411,0.271501986508936
4.408,0.028432209218963,0.0309526368062645,0.270488875335405
4.41,0.0285386087908642,0.0310592778465878,0.269475764161875
4.412,0.0286457375642469,0.0311668357645664,0.268445952298946
4.414,0.0287528663376296,0.031274393682545,0.267416140436016
4.416,0.0288599951110124,0.0313819516005236,0.266386328573087
4.418,0.0289671238843951,0.0314895095185022,0.265356516710157
4.42,0.0290742526577778,0.0315970674364809,0.264326704847228
4.422,0.0291820935200494,0.0317055200720517,0.263265363384933
4.424,0.029289934382321,0.0318139727076226,0.262204021922638
4.426,0.0293977752445926,0.0319224253431935,0.261142680460343
4.428,0.0295056161068642,0.0320308779787643,0.260081338998048
4.43,0.0296134569691358,0.0321393306143352,0.259019997535753
4.432,0.0297219925943704,0.0322486609869289,0.257931038249848
4.434,0.029830528219605,0.0323579913595224,0.256842078963943
4.436,0.0299390638448395,0.032467321732116,0.255753119678038
4.438,0.0300475994700741,0.0325766521047096,0.254664160392133
4.44,0.0301561350953087,0.0326859824773033,0.253575201106228
4.442,0.0302653479501728,0.0327961770164232,0.252475257275213
4.444,0.030374560805037,0.0329063715555431,0.251375313444198
4.446,0.0304837736599012,0.0330165660946631,0.250275369613183
4.448,0.0305929865147654,0.0331267606337831,0.249175425782167
4.45,0.0307021993696296,0.033236955172903,0.248075481951152
4.452,0.0308120717193086,0.0333479967851556,0.24697025768368
4.454,0.0309219440689876,0.0334590383974082,0.245865033416208
4.456,0.0310318164186667,0.0335700800096609,0.244759809148735
4.458,0.0311416887683457,0.0336811216219135,0.243654584881262
4.46,0.0312515611180247,0.0337921632341662,0.24254936061379
4.462,0.0313620750321481,0.0339040296882393,0.241428021539746
4.464,0.0314725889462716,0.0340158961423126,0.240306682465702
4.466,0.0315831028603951,0.0341277625963858,0.239185343391658
4.468,0.0316936167745185,0.034239629050459,0.238064004317614
4.47,0.031804130688642,0.0343514955045321,0.23694266524357
4.472,0.0319152680472099,0.0344641650628643,0.235796900884837
4.474,0.0320264054057778,0.0345768346211963,0.234651136526104
4.476,0.0321375427643457,0.0346895041795284,0.233505372167372
4.478,0.0322486801229136,0.0348021737378605,0.23235960780864
4.48,0.0323598174814815,0.0349148432961926,0.231213843449907
4.482,0.0324715599807901,0.0350282986893958,0.230051353679782
4.484,0.0325833024800988,0.0351417540825991,0.228888863909658
4.486,0.0326950449794074,0.0352552094758023,0.227726374139534
4.488,0.0328067874787161,0.0353686648690056,0.226563884369409
4.49,0.0329185299780247,0.0354821202622088,0.225401394599284
4.492,0.0330308591365926,0.0355963449570373,0.224233225674162
4.494,0.0331431882951605,0.0357105696518659,0.223065056749041
4.496,0.0332555174537284,0.0358247943466944,0.221896887823918
4.498,0.0333678466122963,0.035939019041523,0.220728718898796
4.5,0.0334801757708642,0.0360532437363515,0.219560549973674
4.502,0.033593072935358,0.0361682165576488,0.21838285351435
4.504,0.0337059700998519,0.0362831893789462,0.217205157055026
4.506,0.0338188672643457,0.0363981622002436,0.216027460595702
4.508,0.0339317644288395,0.0365131350215409,0.214849764136379
4.51,0.0340446615933333,0.0366281078428382,0.213672067677055
4.512,0.0341581079444939,0.0367438047086344,0.212472006178976
4.514,0.0342715542956543,0.0368595015744305,0.211271944680897
4.516,0.0343850006468148,0.0369751984402266,0.210071883182818
4.518,0.0344984469979753,0.0370908953060227,0.20887182168474
4.52,0.0346118933491358,0.0372065921718189,0.207671760186661
4.522,0.0347258699077037,0.0373229925379416,0.206449345904878
4.524,0.0348398464662716,0.0374393929040644,0.205226931623096
4.526,0.0349538230248395,0.0375557932701871,0.204004517341314
4.528,0.0350677995834074,0.0376721936363099,0.202782103059532
4.53,0.0351817761419753,0.0377885940024326,0.20155968877775
4.532,0.0352962637746173,0.0379056818831196,0.20033112419747
4.534,0.0354107514072592,0.0380227697638065,0.199102559617191
4.536,0.0355252390399012,0.0381398576444934,0.197873995036911
4.538,0.0356397266725432,0.0382569455251804,0.196645430456632
4.54,0.0357542143051852,0.0383740334058673,0.195416865876353
4.542,0.0358691937304197,0.0384917907364879,0.194191883216865
4.544,0.0359841731556544,0.0386095480671087,0.192966900557376
4.546,0.0360991525808889,0.0387273053977293,0.191741917897887
4.548,0.0362141320061235,0.03884506272835,0.190516935238399
4.55,0.036329111431358,0.0389628200589707,0.189291952578911
4.552,0.0364445632254815,0.0390812223405178,0.188058996980211
4.554,0.036560015019605,0.0391996246220649,0.186826041381512
4.556,0.0366754668137284,0.0393180269036121,0.185593085782813
4.558,0.0367909186078518,0.0394364291851592,0.184360130184114
4.56,0.0369063704019753,0.0395548314667063,0.183127174585414
4.562,0.0370222750049877,0.0396738524453408,0.181869388823888
4.564,0.037138179608,0.0397928734239753,0.180611603062362
4.566,0.0372540842110123,0.0399118944026098,0.179353817300835
4.568,0.0373699888140247,0.0400309153812443,0.178096031539309
4.57,0.037485893417037,0.0401499363598788,0.176838245777782
4.572,0.0376022311385679,0.0402695552164694,0.175557974410609
4.574,0.0377185688600987,0.0403891740730601,0.174277703043435
4.576,0.0378349065816296,0.0405087929296507,0.172997431676261
4.578,0.0379512443031605,0.0406284117862414,0.171717160309088
4.58,0.0380675820246914,0.040748030642832,0.170436888941915
4.582,0.0381843330499259,0.0408682312400388,0.169153077228619
4.584,0.0383010840751605,0.0409884318372457,0.167869265515323
4.586,0.0384178351003951,0.0411086324344524,0.166585453802027
4.588,0.0385345861256297,0.0412288330316592,0.165301642088731
4.59,0.0386513371508642,0.041349033628866,0.164017830375435
4.592,0.0387684815464692,0.0414697966924129,0.162739340930112
4.594,0.0388856259420741,0.0415905597559597,0.161460851484789
4.596,0.039002770337679,0.0417113228195065,0.160182362039466
4.598,0.0391199147332839,0.0418320858830533,0.158903872594143
4.6,0.0392370591288889,0.0419528489466001,0.157625383148819
4.602,0.0393545768489383,0.0420741488450253,0.156339949377062
4.604,0.0394720945689876,0.0421954487434505,0.155054515605304
4.606,0.039589612289037,0.0423167486418757,0.153769081833546
4.608,0.0397071300090864,0.0424380485403009,0.152483648061788
4.61,0.0398246477291358,0.0425593484387261,0.15119821429003
4.612,0.039942518621037,0.0426811589736816,0.149892103126099
4.614,0.0400603895129382,0.0428029695086372,0.148585991962168
4.616,0.0401782604048395,0.0429247800435927,0.147279880798237
4.618,0.0402961312967408,0.0430465905785483,0.145973769634305
4.62,0.040414002188642,0.0431684011135039,0.144667658470374
4.622,0.0405322059990617,0.0432907014207566,0.143345774268774
4.624,0.0406504098094815,0.0434130017280093,0.142023890067174
4.626,0.0407686136199013,0.0435353020352621,0.140702005865574
4.628,0.040886817430321,0.0436576023425148,0.139380121663974
4.63,0.0410050212407408,0.0437799026497675,0.138058237462374
4.632,0.0411235376215309,0.0439026746445285,0.136735473061396
4.634,0.041242054002321,0.0440254466392894,0.135412708660417
4.636,0.0413605703831111,0.0441482186340504,0.134089944259438
4.638,0.0414790867639013,0.0442709906288113,0.13276717985846
4.64,0.0415976031446914,0.0443937626235723,0.131444415457481
4.642,0.0417164116588149,0.0445169842210594,0.130122603579243
4.644,0.0418352201729383,0.0446402058185465,0.128800791701006
4.646,0.0419540286870617,0.0447634274160336,0.127478979822768
4.648,0.0420728372011852,0.0448866490135207,0.126157167944531
4.65,0.0421916457153087,0.0450098706110078,0.124835356066293
4.652,0.0423107258427654,0.0451335153168325,0.123501828267121
4.654,0.0424298059702222,0.0452571600226571,0.122168300467949
4.656,0.042548886097679,0.0453808047284817,0.120834772668777
4.658,0.0426679662251358,0.0455044494343064,0.119501244869604
4.66,0.0427870463525926,0.045628094140131,0.118167717070432
4.662,0.0429063774963457,0.0457521374805351,0.116817085534751
4.664,0.0430257086400987,0.0458761808209391,0.11546645399907
4.666,0.0431450397838519,0.0460002241613433,0.114115822463388
4.668,0.0432643709276049,0.0461242675017473,0.112765190927706
4.67,0.043383702071358,0.0462483108421514,0.111414559392025
4.672,0.0435032635632593,0.0463727334508651,0.110059130513699
4.674,0.0436228250551605,0.0464971560595789,0.108703701635372
4.676,0.0437423865470618,0.0466215786682926,0.107348272757045
4.678,0.043861948038963,0.0467460012770063,0.105992843878719
4.68,0.0439815095308642,0.04687042388572,0.104637415000392
4.682,0.0441012806375803,0.046995206205701,0.103289135221879
4.684,0.0442210517442963,0.0471199885256819,0.101940855443366
4.686,0.0443408228510123,0.0472447708456628,0.100592575664853
4.688,0.0444605939577284,0.0473695531656437,0.0992442958863407
4.69,0.0445803650644445,0.0474943354856246,0.0978960161078273
4.692,0.0447003249933827,0.0476194522060069,0.0965475748124749
4.694,0.044820284922321,0.0477445689263891,0.0951991335171225
4.696,0.0449402448512592,0.0478696856467713,0.0938506922217701
4.698,0.0450602047801976,0.0479948023671536,0.0925022509264171
4.7,0.0451801647091358,0.0481199190875358,0.0911538096310647
4.702,0.0453002926143704,0.0482453421090342,0.0897887694151144
4.704,0.0454204205196049,0.0483707651305326,0.0884237291991641
4.706,0.0455405484248395,0.048496188152031,0.0870586889832132
4.708,0.0456606763300741,0.0486216111735294,0.0856936487672629
4.71,0.0457808042353086,0.0487470341950278,0.0843286085513126
4.712,0.0459010792235062,0.0488727400171154,0.0829465331033619
4.714,0.0460213542117037,0.048998445839203,0.0815644576554105
4.716,0.0461416291999013,0.0491241516612906,0.0801823822074598
4.718,0.0462619041880988,0.0492498574833782,0.0788003067595091
4.72,0.0463821791762963,0.0493755633054658,0.0774182313115584
4.722,0.046502580312642,0.0495015337738466,0.0760371562277527
4.724,0.0466229814489877,0.0496275042422272,0.0746560811439475
4.726,0.0467433825853333,0.0497534747106079,0.0732750060601424
4.728,0.046863783721679,0.0498794451789886,0.0718939309763373
4.73,0.0469841848580247,0.0500054156473694,0.0705128558925316
4.732,0.0471046911721481,0.0501316306243309,0.0691442587432607
4.734,0.0472251974862716,0.0502578456012924,0.0677756615939899
4.736,0.047345703800395,0.0503840605782539,0.066407064444719
4.738,0.0474662101145185,0.0505102755552155,0.0650384672954475
4.74,0.047586716428642,0.050636490532177,0.0636698701461766
4.742,0.0477073069205432,0.0507629233116391,0.062303005482645
4.744,0.0478278974124444,0.0508893560911011,0.0609361408191134
4.746,0.0479484879043457,0.0510157888705633,0.0595692761555812
4.748,0.0480690783962469,0.0511422216500254,0.0582024114920497
4.75,0.0481896688881481,0.0512686544294874,0.056835546828518
4.752,0.0483103225341234,0.051395276579807,0.0554539191847672
4.754,0.0484309761800988,0.0515218987301266,0.0540722915410157
4.756,0.0485516298260741,0.0516485208804461,0.0526906638972648
4.758,0.0486722834720494,0.0517751430307656,0.0513090362535139
4.76,0.0487929371180247,0.0519017651810852,0.049927408609763
4.762,0.0489136328765927,0.0520285536077516,0.0485328382751204
4.764,0.0490343286351605,0.052155342034418,0.0471382679404783
4.766,0.0491550243937284,0.0522821304610844,0.0457436976058363
4.768,0.0492757201522963,0.0524089188877508,0.0443491272711943
4.77,0.0493964159108642,0.0525357073144173,0.0429545569365516
4.772,0.0495171327286914,0.0526626432190673,0.0415636640333307
4.774,0.0496378495465185,0.0527895791237174,0.0401727711301098
4.776,0.0497585663643457,0.0529165150283674,0.0387818782268889
4.778,0.0498792831821729,0.0530434509330175,0.0373909853236673
4.78,0.05,0.0531703868376675,0.0360000924204464
4.782,0.0501207168178272,0.0532974484459091,0.0346195366575196
4.784,0.0502414336356543,0.0534245100541506,0.0332389808945928
4.786,0.0503621504534815,0.0535515716623922,0.0318584251316653
4.788,0.0504828672713087,0.0536786332706337,0.0304778693687385
4.79,0.0506035840891358,0.0538056948788752,0.0290973136058116
4.792,0.0507242798477037,0.0539328550937793,0.0277157356062812
4.794,0.0508449756062717,0.0540600153086834,0.0263341576067501
4.796,0.0509656713648395,0.0541871755235875,0.0249525796072196
4.798,0.0510863671234074,0.0543143357384916,0.0235710016076891
4.8,0.0512070628819753,0.0544414959533956,0.0221894236081586
4.802,0.0513277165279507,0.0545687280486815,0.0207967379447427
4.804,0.051448370173926,0.0546959601439672,0.0194040522813274
4.806,0.0515690238199012,0.054823192239253,0.0180113666179121
4.808,0.0516896774658765,0.0549504243345388,0.0166186809544969
4.81,0.0518103311118519,0.0550776564298246,0.015225995291081
4.812,0.0519309216037531,0.0552049388061498,0.0138295377899882
4.814,0.0520515120956543,0.0553322211824749,0.0124330802888954
4.816,0.0521721025875555,0.0554595035588001,0.0110366227878026
4.818,0.0522926930794568,0.0555867859351253,0.00964016528670921
4.82,0.052413283571358,0.0557140683114505,0.00824370778561646
4.822,0.0525337898854815,0.0558413810825914,0.00685663529087464
4.824,0.0526542961996049,0.0559686938537324,0.00546956279613281
4.826,0.0527748025137284,0.0560960066248734,0.00408249030139037
4.828,0.0528953088278519,0.0562233193960143,0.00269541780664855
4.83,0.0530158151419753,0.0563506321671553,0.00130834531190675
4.832,0.053136216278321,0.0564779510083467,-7.12576864619863e-05
4.834,0.0532566174146667,0.0566052698495382,-0.00145086068483134
4.836,0.0533770185510124,0.0567325886907297,-0.00283046368320007
4.838,0.053497419687358,0.0568599075319212,-0.00421006668156881
4.84,0.0536178208237037,0.0569872263731126,-0.00558966967993757
4.842,0.0537380958119013,0.0571145233421515,-0.00697598962483967
4.844,0.0538583708000988,0.0572418203111904,-0.00836230956974114
4.846,0.0539786457882963,0.0573691172802293,-0.00974862951464262
4.848,0.0540989207764938,0.0574964142492681,-0.0111349494595441
4.85,0.0542191957646914,0.057623711218307,-0.0125212694044462
4.852,0.0543393236699259,0.0577509614205831,-0.0139181285768994
4.854,0.0544594515751605,0.0578782116228591,-0.0153149877493525
4.856,0.054579579480395,0.0580054618251351,-0.0167118469218056
4.858,0.0546997073856296,0.0581327120274112,-0.0181087060942594
4.86,0.0548198352908642,0.0582599622296872,-0.0195055652667125
4.862,0.0549397952198025,0.0583871461076732,-0.0208987085590083
4.864,0.0550597551487407,0.0585143299856592,-0.0222918518513041
4.866,0.055179715077679,0.0586415138636453,-0.0236849951435999
4.868,0.0552996750066173,0.0587686977416314,-0.0250781384358963
4.87,0.0554196349355556,0.0588958816196174,-0.026471281728192
4.872,0.0555394060422716,0.0590229790963878,-0.0278483674501276
4.874,0.0556591771489877,0.0591500765731582,-0.0292254531720632
4.876,0.0557789482557037,0.0592771740499287,-0.0306025388939994
4.878,0.0558987193624198,0.0594042715266991,-0.031979624615935
4.88,0.0560184904691358,0.0595313690034695,-0.0333567103378706
4.882,0.0561380519610371,0.0596583542121105,-0.0347252702040747
4.884,0.0562576134529383,0.0597853394207514,-0.0360938300702793
4.886,0.0563771749448395,0.0599123246293924,-0.0374623899364833
4.888,0.0564967364367408,0.0600393098380333,-0.0388309498026874
4.89,0.056616297928642,0.0601662950466742,-0.0401995096688914
4.892,0.0567356290723951,0.0602931395925856,-0.0415758346701561
4.894,0.0568549602161482,0.0604199841384969,-0.0429521596714202
4.896,0.0569742913599012,0.0605468286844082,-0.0443284846726843
4.898,0.0570936225036543,0.0606736732303195,-0.0457048096739483
4.9,0.0572129536474074,0.0608005177762309,-0.0470811346752131
4.902,0.0573320337748642,0.0609271977888585,-0.0484662564829155
4.904,0.057451113902321,0.061053877801486,-0.0498513782906179
4.906,0.0575701940297778,0.0611805578141136,-0.0512365000983203
4.908,0.0576892741572346,0.0613072378267413,-0.0526216219060233
4.91,0.0578083542846914,0.0614339178393688,-0.0540067437137257
4.912,0.0579271627988148,0.061560414457859,-0.0553847882749105
4.914,0.0580459713129383,0.0616869110763492,-0.0567628328360954
4.916,0.0581647798270618,0.0618134076948395,-0.0581408773972808
4.918,0.0582835883411852,0.0619399043133297,-0.0595189219584656
4.92,0.0584023968553087,0.0620664009318199,-0.0608969665196504
4.922,0.0585209132360988,0.0621926935769865,-0.0622580896308057
4.924,0.0586394296168889,0.0623189862221532,-0.0636192127419617
4.926,0.0587579459976791,0.0624452788673199,-0.064980335853117
4.928,0.0588764623784692,0.0625715715124865,-0.0663414589642723
4.93,0.0589949787592593,0.0626978641576532,-0.0677025820754276
4.932,0.0591131825696791,0.0628239267877633,-0.0690557868962844
4.934,0.0592313863800988,0.0629499894178734,-0.0704089917171407
4.936,0.0593495901905185,0.0630760520479835,-0.071762196537997
4.938,0.0594677940009383,0.0632021146780936,-0.0731154013588533
4.94,0.059585997811358,0.0633281773082038,-0.0744686061797102
4.942,0.0597038687032593,0.0634539829225204,-0.0758264804985352
4.944,0.0598217395951605,0.0635797885368371,-0.0771843548173602
4.946,0.0599396104870617,0.0637055941511537,-0.0785422291361851
4.948,0.060057481378963,0.0638313997654704,-0.0799001034550108
4.95,0.0601753522708642,0.0639572053797871,-0.0812579777738357
4.952,0.0602928699909136,0.0640827316306882,-0.0826176016418795
4.954,0.0604103877109629,0.0642082578815894,-0.0839772255099234
4.956,0.0605279054310124,0.0643337841324906,-0.0853368493779678
4.958,0.0606454231510617,0.0644593103833918,-0.0866964732460116
4.96,0.0607629408711111,0.0645848366342929,-0.0880560971140553
4.962,0.060880085266716,0.0647100642706075,-0.0894043098539724
4.964,0.060997229662321,0.0648352919069221,-0.0907525225938901
4.966,0.061114374057926,0.0649605195432367,-0.0921007353338072
4.968,0.0612315184535309,0.0650857471795512,-0.0934489480737243
4.97,0.0613486628491358,0.0652109748158658,-0.0947971608136414
4.972,0.0614654138743704,0.0653358816623943,-0.096131024910115
4.974,0.061582164899605,0.0654607885089228,-0.0974648890065879
4.976,0.0616989159248395,0.0655856953554513,-0.0987987531030609
4.978,0.0618156669500741,0.0657106022019798,-0.100132617199534
4.98,0.0619324179753087,0.0658355090485084,-0.101466481296007
4.982,0.0620487556968395,0.0659600689375519,-0.102796944925912
4.984,0.0621650934183704,0.0660846288265955,-0.104127408555817
4.986,0.0622814311399012,0.0662091887156391,-0.105457872185721
4.988,0.0623977688614321,0.0663337486046828,-0.106788335815626
4.99,0.062514106582963,0.0664583084937264,-0.108118799445531
4.992,0.0626300111859753,0.0665824966435258,-0.109452458900342
4.994,0.0627459157889876,0.0667066847933253,-0.110786118355154
4.996,0.062861820392,0.0668308729431247,-0.112119777809966
4.998,0.0629777249950124,0.0669550610929242,-0.113453437264778
5,0.0630936295980247,0.0670792492427236,-0.114787096719589
5.002,0.0632090813921481,0.0672030456435884,-0.116114733844301
5.004,0.0633245331862717,0.0673268420444533,-0.117442370969013
5.006,0.0634399849803951,0.0674506384453181,-0.118770008093724
5.008,0.0635554367745185,0.0675744348461829,-0.120097645218435
5.01,0.063670888568642,0.0676982312470477,-0.121425282343146
5.012,0.0637858679938766,0.0678216167914452,-0.122735063462541
5.014,0.0639008474191111,0.0679450023358427,-0.124044844581936
5.016,0.0640158268443457,0.0680683878802402,-0.12535462570133
5.018,0.0641308062695802,0.0681917734246377,-0.126664406820725
5.02,0.0642457856948148,0.0683151589690353,-0.12797418794012
5.022,0.0643602733274568,0.0684381101998622,-0.129269533920118
5.024,0.0644747609600988,0.0685610614306892,-0.130564879900116
5.026,0.0645892485927407,0.0686840126615161,-0.131860225880113
5.028,0.0647037362253828,0.0688069638923431,-0.133155571860112
5.03,0.0648182238580247,0.0689299151231701,-0.13445091784011
5.032,0.0649322004165926,0.0690524056711395,-0.135745600034997
5.034,0.0650461769751605,0.0691748962191089,-0.137040282229884
5.036,0.0651601535337284,0.0692973867670783,-0.138334964424771
5.038,0.0652741300922963,0.0694198773150477,-0.139629646619658
5.04,0.0653881066508642,0.0695423678630172,-0.140924328814545
5.042,0.0655015530020247,0.0696643745603424,-0.142221665287854
5.044,0.0656149993531852,0.0697863812576676,-0.143519001761164
5.046,0.0657284457043457,0.0699083879549928,-0.144816338234474
5.048,0.0658418920555062,0.070030394652318,-0.146113674707783
5.05,0.0659553384066667,0.0701524013496432,-0.147411011181093
5.052,0.0660682355711605,0.0702739058976849,-0.148698218923072
5.054,0.0661811327356543,0.0703954104457265,-0.149985426665051
5.056,0.0662940299001482,0.0705169149937681,-0.151272634407029
5.058,0.0664069270646419,0.0706384195418097,-0.152559842149008
5.06,0.0665198242291358,0.0707599240898514,-0.153847049890987
5.062,0.0666321533877037,0.0708809077676794,-0.155113299935245
5.064,0.0667444825462716,0.0710018914455075,-0.156379549979504
5.066,0.0668568117048395,0.0711228751233355,-0.157645800023762
5.068,0.0669691408634074,0.0712438588011636,-0.158912050068021
5.07,0.0670814700219753,0.0713648424789917,-0.160178300112279
5.072,0.067193212521284,0.0714852818362553,-0.161429435063664
5.074,0.0673049550205926,0.0716057211935189,-0.162680570015049
5.076,0.0674166975199012,0.0717261605507826,-0.163931704966435
5.078,0.0675284400192099,0.0718465999080463,-0.16518283991782
5.08,0.0676401825185185,0.0719670392653099,-0.166433974869205
5.082,0.0677513198770864,0.0720869090033036,-0.167682739820693
5.084,0.0678624572356543,0.0722067787412973,-0.168931504772181
5.086,0.0679735945942222,0.072326648479291,-0.170180269723669
5.088,0.0680847319527901,0.0724465182172847,-0.171429034675156
5.09,0.068195869311358,0.0725663879552784,-0.172677799626644
5.092,0.0683063832254815,0.0726856664789584,-0.173924937616959
5.094,0.068416897139605,0.0728049450026383,-0.175172075607274
5.096,0.0685274110537284,0.0729242235263183,-0.176419213597589
5.098,0.0686379249678518,0.0730435020499982,-0.177666351587903
5.1,0.0687484388819753,0.0731627805736782,-0.178913489578218
5.102,0.0688583112316543,0.0732814500993888,-0.180147349096701
5.104,0.0689681835813333,0.0734001196250995,-0.181381208615184
5.106,0.0690780559310123,0.0735187891508102,-0.182615068133667
5.108,0.0691879282806914,0.0736374586765209,-0.183848927652151
5.11,0.0692978006303704,0.0737561282022316,-0.185082787170634
5.112,0.0694070134852346,0.0738741695795622,-0.186296941405394
5.114,0.0695162263400987,0.0739922109568927,-0.187511095640154
5.116,0.069625439194963,0.0741102523342234,-0.188725249874915
5.118,0.0697346520498272,0.074228293711554,-0.189939404109675
5.12,0.0698438649046913,0.0743463350888846,-0.191153558344435
5.122,0.0699524005299259,0.0744637253401215,-0.192355225290822
5.124,0.0700609361551605,0.0745811155913584,-0.19355689223721
5.126,0.0701694717803951,0.0746985058425953,-0.194758559183598
5.128,0.0702780074056296,0.0748158960938322,-0.195960226129985
5.13,0.0703865430308642,0.0749332863450692,-0.197161893076373
5.132,0.0704943838931358,0.0750500024499763,-0.198359129069332
5.134,0.0706022247554074,0.0751667185548836,-0.199556365062292
5.136,0.070710065617679,0.0752834346597907,-0.200753601055251
5.138,0.0708179064799506,0.0754001507646979,-0.201950837048211
5.14,0.0709257473422222,0.0755168668696051,-0.20314807304117
5.142,0.071032876115605,0.075632889678676,-0.204336500961525
5.144,0.0711400048889877,0.0757489124877468,-0.205524928881879
5.146,0.0712471336623704,0.0758649352968176,-0.206713356802234
5.148,0.0713542624357531,0.0759809581058885,-0.207901784722588
5.15,0.0714613912091358,0.0760969809149593,-0.209090212642943
5.152,0.071567790781037,0.0762122931945366,-0.210259674158849
5.154,0.0716741903529383,0.0763276054741138,-0.211429135674756
5.156,0.0717805899248395,0.0764429177536911,-0.212598597190662
5.158,0.0718869894967408,0.0765582300332684,-0.213768058706569
5.16,0.071993389068642,0.0766735423128456,-0.214937520222475
5.162,0.0720990425457284,0.0767881241198505,-0.216087799245309
5.164,0.0722046960228148,0.0769027059268554,-0.217238078268144
5.166,0.0723103494999013,0.0770172877338603,-0.218388357290978
5.168,0.0724160029769877,0.0771318695408652,-0.219538636313812
5.17,0.0725216564540741,0.07724645134787,-0.220688915336646
5.172,0.0726265471681975,0.0773602799521067,-0.221830002804909
5.174,0.072731437882321,0.0774741085563435,-0.222971090273172
5.176,0.0728363285964445,0.0775879371605802,-0.224112177741435
5.178,0.0729412193105679,0.0777017657648169,-0.225253265209698
5.18,0.0730461100246914,0.0778155943690536,-0.226394352677961
5.182,0.0731502215388149,0.0779286488789667,-0.227530729991399
5.184,0.0732543330529383,0.0780417033888797,-0.228667107304837
5.186,0.0733584445670617,0.0781547578987927,-0.229803484618275
5.188,0.0734625560811852,0.0782678124087057,-0.230939861931713
5.19,0.0735666675953087,0.0783808669186187,-0.232076239245151
5.192,0.0736699837094321,0.0784931305648736,-0.233199146556016
5.194,0.0737732998235556,0.0786053942111284,-0.234322053866881
5.196,0.073876615937679,0.0787176578573832,-0.235444961177746
5.198,0.0739799320518025,0.0788299215036381,-0.236567868488612
5.2,0.074083248165926,0.078942185149893,-0.237690775799477
5.202,0.0741857529230124,0.0790536417365319,-0.238790331668588
5.204,0.0742882576800988,0.0791650983231708,-0.239889887537699
5.206,0.0743907624371852,0.0792765549098098,-0.240989443406811
5.208,0.0744932671942716,0.0793880114964487,-0.242088999275922
5.21,0.074595771951358,0.0794994680830877,-0.243188555145033
5.212,0.0746974496432593,0.0796100979389576,-0.244267574319145
5.214,0.0747991273351605,0.0797207277948275,-0.245346593493258
5.216,0.0749008050270617,0.0798313576506974,-0.24642561266737
5.218,0.075002482718963,0.0799419875065673,-0.247504631841482
5.22,0.0751041604108642,0.0800526173624371,-0.248583651015594
5.222,0.0752049955842469,0.080162398751008,-0.249652866096812
5.224,0.0753058307576296,0.0802721801395788,-0.250722081178029
5.226,0.0754066659310123,0.0803819615281496,-0.251791296259246
5.228,0.075507501104395,0.0804917429167205,-0.252860511340463
5.23,0.0756083362777778,0.0806015243052913,-0.253929726421681
5.232,0.0757083137400494,0.0807104380848011,-0.254991918005826
5.234,0.075808291202321,0.0808193518643108,-0.256054109589971
5.236,0.0759082686645925,0.0809282656438206,-0.257116301174115
5.238,0.0760082461268642,0.0810371794233304,-0.258178492758261
5.24,0.0761082235891358,0.0811460932028402,-0.259240684342406
5.242,0.0762073284143703,0.0812541239374352,-0.260286886001705
5.244,0.0763064332396049,0.0813621546720301,-0.261333087661004
5.246,0.0764055380648395,0.0814701854066252,-0.262379289320304
5.248,0.0765046428900741,0.0815782161412202,-0.263425490979603
5.25,0.0766037477153086,0.0816862468758151,-0.264471692638902
5.252,0.0767019652501729,0.0817933789838627,-0.265494313572699
5.254,0.0768001827850371,0.0819005110919102,-0.266516934506497
5.256,0.0768984003199013,0.0820076431999577,-0.267539555440294
5.258,0.0769966178547655,0.0821147753080052,-0.268562176374091
5.26,0.0770948353896297,0.0822219074160528,-0.269584797307888
5.262,0.0771921512593087,0.0823281222565828,-0.270587592617398
5.264,0.0772894671289877,0.0824343370971127,-0.271590387926907
5.266,0.0773867829986667,0.0825405519376427,-0.272593183236417
5.268,0.0774840988683457,0.0826467667781727,-0.273595978545926
5.27,0.0775814147380247,0.0827529816187027,-0.274598773855436
5.272,0.0776778148521481,0.0828582596845114,-0.275589447623187
5.274,0.0777742149662716,0.0829635377503201,-0.276580121390937
5.276,0.077870615080395,0.0830688158161288,-0.277570795158687
5.278,0.0779670151945185,0.0831740938819376,-0.278561468926438
5.28,0.0780634153086419,0.0832793719477463,-0.279552142694189
5.282,0.0781588858672098,0.083383696474022,-0.280530093564217
5.284,0.0782543564257777,0.0834880210002977,-0.281508044434245
5.286,0.0783498269843457,0.0835923455265735,-0.282485995304274
5.288,0.0784452975429136,0.0836966700528492,-0.283463946174302
5.29,0.0785407681014815,0.0838009945791249,-0.284441897044331
5.292,0.0786352956007901,0.083904351136369,-0.285399586865262
5.294,0.0787298231000988,0.0840077076936132,-0.286357276686194
5.296,0.0788243505994074,0.0841110642508573,-0.287314966507125
5.298,0.0789188780987161,0.0842144208081015,-0.288272656328056
5.3,0.0790134055980247,0.0843177773653456,-0.289230346148987
5.302,0.0791069768365927,0.0844201503920802,-0.290165082622907
5.304,0.0792005480751606,0.0845225234188146,-0.291099819096826
5.306,0.0792941193137284,0.0846248964455491,-0.292034555570746
5.308,0.0793876905522963,0.0847272694722836,-0.292969292044665
5.31,0.0794812617908643,0.0848296424990181,-0.293904028518585
5.312,0.0795738638753581,0.0849310142489589,-0.294821564457227
5.314,0.0796664659598519,0.0850323859988996,-0.29573910039587
5.316,0.0797590680443457,0.0851337577488404,-0.296656636334513
5.318,0.0798516701288395,0.0852351294987812,-0.297574172273156
5.32,0.0799442722133333,0.085336501248722,-0.298491708211798
5.322,0.0800358925644938,0.0854368546975151,-0.29939639505166
5.324,0.0801275129156543,0.0855372081463082,-0.300301081891521
5.326,0.0802191332668148,0.0856375615951014,-0.301205768731383
5.328,0.0803107536179753,0.0857379150438945,-0.302110455571244
5.33,0.0804023739691358,0.0858382684926876,-0.303015142411106
5.332,0.0804930003277037,0.0859375895979382,-0.303902282388413
5.334,0.0805836266862717,0.0860369107031888,-0.304789422365721
5.336,0.0806742530448396,0.0861362318084393,-0.305676562343029
5.338,0.0807648794034075,0.0862355529136898,-0.306563702320337
5.34,0.0808555057619754,0.0863348740189404,-0.307450842297644
5.342,0.0809451261946174,0.086433149852744,-0.308313070950188
5.344,0.0810347466272593,0.0865314256865476,-0.309175299602732
5.346,0.0811243670599013,0.0866297015203512,-0.310037528255276
5.348,0.0812139874925432,0.0867279773541548,-0.31089975690782
5.35,0.0813036079251852,0.0868262531879585,-0.311761985560364
5.352,0.0813922108304198,0.0869234688351005,-0.312599846765704
5.354,0.0814808137356543,0.0870206844822426,-0.313437707971044
5.356,0.0815694166408889,0.0871179001293847,-0.314275569176384
5.358,0.0816580195461235,0.0872151157765268,-0.315113430381725
5.36,0.081746622451358,0.0873123314236689,-0.315951291587065
5.362,0.0818341965654815,0.0874084703043732,-0.316772148846283
5.364,0.0819217706796049,0.0875046091850776,-0.317593006105501
5.366,0.0820093447937284,0.087600748065782,-0.318413863364719
5.368,0.0820969189078519,0.0876968869464864,-0.319234720623937
5.37,0.0821844930219753,0.0877930258271907,-0.320055577883154
5.372,0.0822710274249877,0.0878880729478103,-0.320862551134633
5.374,0.0823575618280001,0.0879831200684298,-0.321669524386112
5.376,0.0824440962310124,0.0880781671890493,-0.32247649763759
5.378,0.0825306306340247,0.0881732143096689,-0.323283470889069
5.38,0.0826171650370371,0.0882682614302884,-0.324090444140548
5.382,0.0827026491585679,0.0883622047868856,-0.324877637022931
5.384,0.0827881332800988,0.0884561481434829,-0.325664829905314
5.386,0.0828736174016297,0.0885500915000802,-0.326452022787698
5.388,0.0829591015231605,0.0886440348566774,-0.327239215670081
5.39,0.0830445856446914,0.0887379782132747,-0.328026408552464
5.392,0.083129009269926,0.0888308063855333,-0.328787122366165
5.394,0.0832134328951605,0.088923634557792,-0.329547836179866
5.396,0.0832978565203951,0.0890164627300506,-0.330308549993568
5.398,0.0833822801456296,0.0891092909023092,-0.331069263807269
5.4,0.0834667037708642,0.0892021190745679,-0.33182997762097
5.402,0.0835500570464691,0.0892938187070885,-0.33256533847961
5.404,0.0836334103220741,0.0893855183396091,-0.33330069933825
5.406,0.083716763597679,0.0894772179721297,-0.334036060196889
5.408,0.0838001168732839,0.0895689176046503,-0.334771421055529
5.41,0.0838834701488889,0.0896606172371709,-0.335506781914169
5.412,0.0839657435889382,0.0897511739628818,-0.336222651644588
5.414,0.0840480170289876,0.0898417306885927,-0.336938521375007
5.416,0.084130290469037,0.0899322874143037,-0.337654391105426
5.418,0.0842125639090864,0.0900228441400146,-0.338370260835845
5.42,0.0842948373491358,0.0901134008657255,-0.339086130566263
5.422,0.084376021841037,0.0902028019700236,-0.339784049602431
5.424,0.0844572063329383,0.0902922030743216,-0.3404819686386
5.426,0.0845383908248395,0.0903816041786197,-0.341179887674768
5.428,0.0846195753167408,0.0904710052829178,-0.341877806710935
5.43,0.084700759808642,0.0905604063872158,-0.342575725747103
5.432,0.0847808466190618,0.0906486413025977,-0.343251206880098
5.434,0.0848609334294815,0.0907368762179795,-0.343926688013091
5.436,0.0849410202399013,0.0908251111333614,-0.344602169146085
5.438,0.085021107050321,0.0909133460487432,-0.345277650279079
5.44,0.0851011938607408,0.0910015809641251,-0.345953131412073
5.442,0.0851801746415309,0.0910886391971811,-0.346602703252254
5.444,0.085259155422321,0.0911756974302372,-0.347252275092435
5.446,0.0853381362031111,0.0912627556632932,-0.347901846932616
5.448,0.0854171169839013,0.0913498138963493,-0.348551418772797
5.45,0.0854960977646914,0.0914368721294053,-0.349200990612977
5.452,0.0855739645588148,0.0915227419796798,-0.349826589089976
5.454,0.0856518313529383,0.0916086118299543,-0.350452187566975
5.456,0.0857296981470618,0.0916944816802287,-0.351077786043974
5.458,0.0858075649411852,0.0917803515305032,-0.351703384520972
5.46,0.0858854317353087,0.0918662213807777,-0.352328982997971
5.462,0.0859621769827654,0.0919508912685893,-0.352933492239895
5.464,0.0860389222302223,0.0920355611564011,-0.353538001481819
5.466,0.086115667477679,0.0921202310442127,-0.354142510723743
5.468,0.0861924127251358,0.0922049009320244,-0.354747019965668
5.47,0.0862691579725926,0.0922895708198361,-0.355351529207591
5.472,0.0863447745163457,0.0923730308919364,-0.355933359513508
5.474,0.0864203910600988,0.0924564909640366,-0.356515189819424
5.476,0.0864960076038519,0.0925399510361368,-0.357097020125341
5.478,0.086571624147605,0.092623411108237,-0.357678850431257
5.48,0.0866472406913581,0.0927068711803373,-0.358260680737174
5.482,0.0867217217832593,0.092789112696265,-0.358815868409354
5.484,0.0867962028751605,0.0928713542121927,-0.359371056081533
5.486,0.0868706839670617,0.0929535957281204,-0.359926243753713
5.488,0.086945165058963,0.0930358372440481,-0.360481431425893
5.49,0.0870196461508642,0.0931180787599758,-0.361036619098073
5.492,0.0870929854575803,0.0931990923543595,-0.361564741724214
5.494,0.0871663247642963,0.0932801059487432,-0.362092864350356
5.496,0.0872396640710124,0.093361119543127,-0.362620986976497
5.498,0.0873130033777284,0.0934421331375107,-0.363149109602639
5.5,0.0873863426844444,0.0935231467318944,-0.36367723222878
5.502,0.0874585342933827,0.093602922282029,-0.364181865984885
5.504,0.087530725902321,0.0936826978321637,-0.364686499740991
5.506,0.0876029175112593,0.0937624733822983,-0.365191133497096
5.508,0.0876751091201975,0.0938422489324329,-0.365695767253201
5.51,0.0877473007291358,0.0939220244825675,-0.366200401009306
5.512,0.0878183391543704,0.0940005527985741,-0.366683382672438
5.514,0.087889377579605,0.0940790811145806,-0.367166364335571
5.516,0.0879604160048395,0.0941576094305871,-0.367649345998703
5.518,0.0880314544300741,0.0942361377465936,-0.368132327661835
5.52,0.0881024928553086,0.0943146660626001,-0.368615309324967
5.522,0.0881723730435062,0.0943919398515644,-0.369073474808451
5.524,0.0882422532317037,0.0944692136405286,-0.369531640291934
5.526,0.0883121334199012,0.0945464874294928,-0.369989805775418
5.528,0.0883820136080988,0.0946237612184571,-0.370447971258902
5.53,0.0884518937962963,0.0947010350074213,-0.370906136742385
5.532,0.088520611132642,0.0947770477178015,-0.371335284630514
5.534,0.0885893284689876,0.0948530604281818,-0.371764432518643
5.536,0.0886580458053333,0.094929073138562,-0.372193580406772
5.538,0.088726763141679,0.0950050858489422,-0.372622728294901
5.54,0.0887954804780247,0.0950810985593225,-0.373051876183029
5.542,0.0888630307921481,0.095155842884425,-0.373451906053495
5.544,0.0889305811062716,0.0952305872095275,-0.37385193592396
5.546,0.0889981314203951,0.09530533153463,-0.374251965794425
5.548,0.0890656817345185,0.0953800758597325,-0.37465199566489
5.55,0.089133232048642,0.0954548201848349,-0.375052025535355
5.552,0.0891996116205432,0.0955282883133216,-0.375426122667634
5.554,0.0892659911924444,0.0956017564418082,-0.375800219799912
5.556,0.0893323707643457,0.0956752245702948,-0.37617431693219
5.558,0.0893987503362469,0.0957486926987814,-0.376548414064468
5.56,0.0894651299081481,0.095822160827268,-0.376922511196746
5.562,0.0895303354741234,0.0958943458691382,-0.377272296120423
5.564,0.0895955410400987,0.0959665309110084,-0.377622081044101
5.566,0.089660746606074,0.0960387159528786,-0.377971865967778
5.568,0.0897259521720493,0.0961109009947488,-0.378321650891455
5.57,0.0897911577380246,0.0961830860366189,-0.378671435815133
5.572,0.0898551864965925,0.0962539825867903,-0.378995027207115
5.574,0.0899192152551604,0.0963248791369616,-0.379318618599097
5.576,0.0899832440137284,0.096395775687133,-0.379642209991079
5.578,0.0900472727722963,0.0964666722373044,-0.379965801383061
5.58,0.0901113015308642,0.0965375687874757,-0.380289392775043
5.582,0.0901741511486914,0.0966071721114819,-0.380584180855195
5.584,0.0902370007665186,0.096676775435488,-0.380878968935346
5.586,0.0902998503843457,0.0967463787594941,-0.381173757015497
5.588,0.0903627000021729,0.0968159820835002,-0.381468545095648
5.59,0.09042554962,0.0968855854075063,-0.381763333175799
5.592,0.0904872182378272,0.0969538906386083,-0.382028756423943
5.594,0.0905488868556544,0.0970221958697102,-0.382294179672087
5.596,0.0906105554734815,0.0970905011008121,-0.382559602920231
5.598,0.0906722240913087,0.097158806331914,-0.382825026168376
5.6,0.0907338927091358,0.0972271115630159,-0.38309044941652
5.602,0.0907943789477037,0.0972941139386052,-0.383327251479861
5.604,0.0908548651862716,0.0973611163141946,-0.383564053543203
5.606,0.0909153514248395,0.0974281186897839,-0.383800855606544
5.608,0.0909758376634075,0.0974951210653733,-0.384037657669885
5.61,0.0910363239019754,0.0975621234409626,-0.384274459733227
5.612,0.0910956268679507,0.0976278188933013,-0.384482712280298
5.614,0.091154929833926,0.09769351434564,-0.384690964827369
5.616,0.0912142327999013,0.0977592097979788,-0.38489921737444
5.618,0.0912735357658766,0.0978249052503175,-0.385107469921511
5.62,0.0913328387318519,0.0978906007026563,-0.385315722468582
5.622,0.0913909580237531,0.0979549858579235,-0.385494824233897
5.624,0.0914490773156544,0.0980193710131907,-0.385673925999211
5.626,0.0915071966075556,0.0980837561684579,-0.385853027764526
5.628,0.0915653158994568,0.0981481413237251,-0.38603212952984
5.63,0.091623435191358,0.0982125264789923,-0.386211231295155
5.632,0.0916803709054815,0.0982755983265932,-0.38636102521372
5.634,0.091737306619605,0.0983386701741941,-0.386510819132285
5.636,0.0917942423337284,0.0984017420217951,-0.38666061305085
5.638,0.0918511780478519,0.098464813869396,-0.386810406969415
5.64,0.0919081137619754,0.0985278857169969,-0.38696020088798
5.642,0.0919638664983211,0.0985896416401725,-0.387080882706406
5.644,0.0920196192346667,0.0986513975633481,-0.387201564524832
5.646,0.0920753719710124,0.0987131534865238,-0.387322246343258
5.648,0.0921311247073581,0.0987749094096994,-0.387442928161684
5.65,0.0921868774437038,0.0988366653328751,-0.38756360998011
5.652,0.0922414483119013,0.0988971034383451,-0.387654637362587
5.654,0.0922960191800988,0.0989575415438152,-0.387745664745065
5.656,0.0923505900482963,0.0990179796492852,-0.387836692127542
5.658,0.0924051609164939,0.0990784177547553,-0.387927719510019
5.66,0.0924597317846914,0.0991388558602253,-0.388018746892497
5.662,0.092513122409926,0.099197974996755,-0.388078808953605
5.664,0.0925665130351605,0.0992570941332846,-0.388138871014714
5.666,0.0926199036603951,0.0993162132698142,-0.388198933075822
5.668,0.0926732942856296,0.0993753324063438,-0.38825899513693
5.67,0.0927266849108642,0.0994344515428734,-0.388319057198039
5.672,0.0927788974398025,0.099492250942095,-0.388347324656317
5.674,0.0928311099687408,0.0995500503413166,-0.388375592114594
5.676,0.0928833224976791,0.0996078497405383,-0.388403859572872
5.678,0.0929355350266173,0.0996656491397599,-0.38843212703115
5.68,0.0929877475555556,0.0997234485389815,-0.388460394489427
5.682,0.0930387846622717,0.0997799276771816,-0.388457018961231
5.684,0.0930898217689877,0.0998364068153818,-0.388453643433034
5.686,0.0931408588757037,0.0998928859535819,-0.388450267904837
5.688,0.0931918959824198,0.0999493650917821,-0.388446892376641
5.69,0.0932429330891358,0.100005844229982,-0.388443516848444
5.692,0.0932927979810371,0.100061003068584,-0.388408834489879
5.694,0.0933426628729383,0.100116161907186,-0.388374152131314
5.696,0.0933925277648395,0.100171320745787,-0.38833946977275
5.698,0.0934423926567408,0.100226479584389,-0.388304787414185
5.7,0.093492257548642,0.100281638422991,-0.38827010505562
5.702,0.0935409539723951,0.10033547757063,-0.388204086681993
5.704,0.0935896503961482,0.100389316718269,-0.388138068308365
5.706,0.0936383468199013,0.100443155865908,-0.388072049934737
5.708,0.0936870432436543,0.100496995013547,-0.388006031561109
5.71,0.0937357396674074,0.100550834161185,-0.387940013187481
5.712,0.0937832719148642,0.100603354815505,-0.387842456605632
5.714,0.093830804162321,0.100655875469824,-0.387744900023783
5.716,0.0938783364097778,0.100708396124144,-0.387647343441934
5.718,0.0939258686572346,0.100760916778463,-0.387549786860086
5.72,0.0939734009046914,0.100813437432782,-0.387452230278237
5.722,0.0940197738188149,0.100864641412355,-0.38732266715737
5.724,0.0940661467329383,0.100915845391927,-0.387193104036503
5.726,0.0941125196470617,0.100967049371499,-0.387063540915637
5.728,0.0941588925611852,0.101018253351072,-0.38693397779477
5.73,0.0942052654753086,0.101069457330644,-0.386804414673903
5.732,0.0942504844560987,0.101119347245754,-0.386641577354113
5.734,0.0942957034368889,0.101169237160864,-0.386478740034323
5.736,0.094340922417679,0.101219127075974,-0.386315902714533
5.738,0.0943861413984692,0.101269016991084,-0.386153065394743
5.74,0.0944313603792593,0.101318906906194,-0.385990228074953
5.742,0.094475431389679,0.101367486024531,-0.385792560531049
5.744,0.0945195024000988,0.101416065142867,-0.385594892987144
5.746,0.0945635734105185,0.101464644261203,-0.385397225443239
5.748,0.0946076444209383,0.101513223379539,-0.385199557899334
5.75,0.094651715431358,0.101561802497876,-0.385001890355429
5.752,0.0946946450032593,0.101609074217314,-0.384769362509917
5.754,0.0947375745751605,0.101656345936751,-0.384536834664404
5.756,0.0947805041470618,0.101703617656189,-0.384304306818891
5.758,0.094823433718963,0.101750889375627,-0.384071778973379
5.76,0.0948663632908643,0.101798161095065,-0.383839251127866
5.762,0.0949081585309137,0.101844128831825,-0.383573727008127
5.764,0.094949953770963,0.101890096568584,-0.383308202888387
5.766,0.0949917490110124,0.101936064305344,-0.383042678768648
5.768,0.0950335442510618,0.101982032042104,-0.382777154648909
5.77,0.0950753394911112,0.102027999778863,-0.382511630529169
5.772,0.0951160080867161,0.102072667731212,-0.382214261970115
5.774,0.095156676682321,0.10211733568356,-0.381916893411061
5.776,0.0951973452779259,0.102162003635908,-0.381619524852007
5.778,0.0952380138735309,0.102206671588256,-0.381322156292953
5.78,0.0952786824691358,0.102251339540604,-0.381024787733899
5.782,0.0953182326943704,0.102294713381882,-0.380693679319561
5.784,0.0953577829196049,0.102338087223161,-0.380362570905223
5.786,0.0953973331448395,0.102381461064439,-0.380031462490885
5.788,0.0954368833700741,0.102424834905717,-0.379700354076547
5.79,0.0954764335953086,0.102468208746995,-0.379369245662209
5.792,0.0955148743168395,0.102510295136681,-0.379001162593744
5.794,0.0955533150383704,0.102552381526366,-0.378633079525278
5.796,0.0955917557599013,0.102594467916051,-0.378264996456812
5.798,0.0956301964814321,0.102636554305737,-0.377896913388346
5.8,0.095668637202963,0.102678640695422,-0.37752883031988
5.802,0.0957059778859753,0.102719446139013,-0.377123114945307
5.804,0.0957433185689877,0.102760251582604,-0.376717399570733
5.806,0.095780659252,0.102801057026195,-0.376311684196159
5.808,0.0958179999350123,0.102841862469786,-0.375905968821586
5.81,0.0958553406180247,0.102882667913377,-0.375500253447012
5.812,0.0958915913321481,0.102922198618306,-0.375059334513301
5.814,0.0959278420462716,0.102961729323236,-0.37461841557959
5.816,0.095964092760395,0.103001260028165,-0.374177496645878
5.818,0.0960003434745185,0.103040790733095,-0.373736577712167
5.82,0.096036594188642,0.103080321438024,-0.373295658778456
5.822,0.0960717656138766,0.10311858448674,-0.372821072220082
5.824,0.0961069370391111,0.103156847535455,-0.372346485661709
5.826,0.0961421084643457,0.103195110584171,-0.371871899103335
5.828,0.0961772798895803,0.103233373632886,-0.371397312544962
5.83,0.0962124513148148,0.103271636681602,-0.370922725986589
5.832,0.0962465547474568,0.103308640820563,-0.370412443502047
5.834,0.0962806581800988,0.103345644959524,-0.369902161017505
5.836,0.0963147616127408,0.103382649098486,-0.369391878532963
5.838,0.0963488650453828,0.103419653237447,-0.368881596048421
5.84,0.0963829684780247,0.103456657376408,-0.368371313563879
5.842,0.0964160158365926,0.103492412195481,-0.367822544327962
5.844,0.0964490631951605,0.103528167014554,-0.367273775092045
5.846,0.0964821105537284,0.103563921833627,-0.366725005856128
5.848,0.0965151579122962,0.1035996766527,-0.366176236620212
5.85,0.0965482052708641,0.103635431471773,-0.365627467384295
5.852,0.0965802091020246,0.103669946254244,-0.365040582434343
5.854,0.0966122129331851,0.103704461036714,-0.364453697484391
5.856,0.0966442167643457,0.103738975819185,-0.36386681253444
5.858,0.0966762205955062,0.103773490601656,-0.363279927584488
5.86,0.0967082244266667,0.103808005384127,-0.362693042634536
5.862,0.0967391979111605,0.103841289467655,-0.362070372331435
5.864,0.0967701713956544,0.103874573551184,-0.361447702028333
5.866,0.0968011448801482,0.103907857634713,-0.360825031725232
5.868,0.096832118364642,0.103941141718241,-0.36020236142213
5.87,0.0968630918491358,0.10397442580177,-0.359579691119029
5.872,0.0968930488077038,0.104006489945147,-0.358920916746872
5.874,0.0969230057662717,0.104038554088524,-0.358262142374715
5.876,0.0969529627248396,0.104070618231901,-0.357603368002559
5.878,0.0969829196834075,0.104102682375278,-0.356944593630402
5.88,0.0970128766419754,0.104134746518655,-0.356285819258245
5.882,0.097041831541284,0.104165603083512,-0.355587394581224
5.884,0.0970707864405927,0.104196459648369,-0.354888969904202
5.886,0.0970997413399013,0.104227316213226,-0.354190545227181
5.888,0.09712869623921,0.104258172778083,-0.353492120550159
5.89,0.0971576511385186,0.10428902934294,-0.352793695873138
5.892,0.0971856190970865,0.104318690811851,-0.352053900229235
5.894,0.0972135870556544,0.104348352280762,-0.351314104585332
5.896,0.0972415550142223,0.104378013749673,-0.350574308941429
5.898,0.0972695229727901,0.104407675218584,-0.349834513297526
5.9,0.097297490931358,0.104437336687495,-0.349094717653623
5.902,0.0973244877254815,0.10446581481282,-0.348316542410897
5.904,0.0973514845196049,0.104494292938144,-0.347538367168171
5.906,0.0973784813137284,0.104522771063469,-0.346760191925445
5.908,0.0974054781078519,0.104551249188794,-0.345982016682719
5.91,0.0974324749019753,0.104579727314119,-0.345203841439993
5.912,0.0974585169716544,0.104607034446592,-0.344390470171725
5.914,0.0974845590413334,0.104634341579065,-0.343577098903456
5.916,0.0975106011110124,0.104661648711538,-0.342763727635187
5.918,0.0975366431806914,0.104688955844011,-0.341950356366919
5.92,0.0975626852503704,0.104716262976484,-0.34113698509865
5.922,0.0975877897052347,0.10474241374019,-0.340286126590931
5.924,0.0976128941600989,0.104768564503895,-0.339435268083211
5.926,0.0976379986149631,0.104794715267601,-0.338584409575492
5.928,0.0976631030698273,0.104820866031306,-0.337733551067772
5.93,0.0976882075246915,0.104847016795012,-0.336882692560053
5.932,0.097712392149926,0.104872027467438,-0.33598873997286
5.934,0.0977365767751606,0.104897038139865,-0.335094787385667
5.936,0.0977607614003951,0.104922048812291,-0.334200834798474
5.938,0.0977849460256296,0.104947059484718,-0.333306882211281
5.94,0.0978091306508642,0.104972070157144,-0.332412929624087
5.942,0.0978324139131358,0.104995956445401,-0.331474560385604
5.944,0.0978556971754074,0.105019842733658,-0.330536191147121
5.946,0.097878980437679,0.105043729021915,-0.329597821908638
5.948,0.0979022636999507,0.105067615310172,-0.328659452670154
5.95,0.0979255469622223,0.10509150159843,-0.327721083431671
5.952,0.097947948015605,0.105114278118141,-0.326743041361967
5.954,0.0979703490689877,0.105137054637852,-0.325764999292263
5.956,0.0979927501223704,0.105159831157563,-0.324786957222559
5.958,0.0980151511757531,0.105182607677274,-0.323808915152855
5.96,0.0980375522291358,0.105205384196985,-0.322830873083151
5.962,0.0980590909210371,0.105227066589834,-0.321816765279865
5.964,0.0980806296129383,0.105248748982684,-0.320802657476579
5.966,0.0981021683048396,0.105270431375534,-0.319788549673293
5.968,0.0981237069967408,0.105292113768384,-0.318774441870007
5.97,0.098145245688642,0.105313796161234,-0.317760334066721
5.972,0.0981659425657285,0.105334402800021,-0.316706841879955
5.974,0.0981866394428149,0.105355009438808,-0.315653349693189
5.976,0.0982073363199013,0.105375616077595,-0.314599857506423
5.978,0.0982280331969877,0.105396222716382,-0.313546365319657
5.98,0.0982487300740742,0.105416829355169,-0.31249287313289
5.982,0.0982686063881976,0.105436380043294,-0.311394198206683
5.984,0.098288482702321,0.10545593073142,-0.310295523280476
5.986,0.0983083590164445,0.105475481419546,-0.30919684835427
5.988,0.0983282353305679,0.105495032107672,-0.308098173428062
5.99,0.0983481116446913,0.105514582795797,-0.306999498501855
5.992,0.0983671893588148,0.105533096384051,-0.305855496261654
5.994,0.0983862670729383,0.105551609972305,-0.304711494021453
5.996,0.0984053447870617,0.105570123560559,-0.303567491781251
5.998,0.0984244225011852,0.105588637148813,-0.30242348954105
6,0.0984435002153086,0.105607150737067,-0.301279487300849
6.002,0.0984618001483086,0.105624645233225,-0.300095317185625
6.004,0.0984801000813086,0.105642139729384,-0.298911147070401
6.006,0.0984984000143086,0.105659634225543,-0.297726976955177
6.008,0.0985166999473086,0.105677128721701,-0.296542806839953
6.01,0.0985349998803086,0.10569462321786,-0.29535863672473
6.012,0.0985525360551605,0.105711117920301,-0.294137482837084
6.014,0.0985700722300123,0.105727612622742,-0.29291632894944
6.016,0.0985876084048642,0.105744107325183,-0.291695175061795
6.018,0.098605144579716,0.105760602027624,-0.29047402117415
6.02,0.0986226807545679,0.105777096730065,-0.289252867286505
6.022,0.0986394658568272,0.105792612218852,-0.287995787793006
6.024,0.0986562509590864,0.10580812770764,-0.286738708299507
6.026,0.0986730360613457,0.105823643196427,-0.285481628806008
6.028,0.0986898211636049,0.105839158685215,-0.284224549312508
6.03,0.0987066062658642,0.105854674174002,-0.282967469819009
6.032,0.0987226534907161,0.105869228895039,-0.281684528015395
6.034,0.0987387007155679,0.105883783616076,-0.280401586211782
6.036,0.0987547479404198,0.105898338337113,-0.279118644408167
6.038,0.0987707951652717,0.10591289305815,-0.277835702604554
6.04,0.0987868423901235,0.105927447779186,-0.27655276080094
6.042,0.0988021654468272,0.105941056031237,-0.27526905702907
6.044,0.0988174885035309,0.105954664283288,-0.2739853532572
6.046,0.0988328115602346,0.105968272535338,-0.27270164948533
6.048,0.0988481346169383,0.105981880787389,-0.27141794571346
6.05,0.098863457673642,0.10599548903944,-0.27013424194159
6.052,0.0988780707899753,0.106008164218794,-0.268877877451988
6.054,0.0988926839063087,0.106020839398148,-0.267621512962386
6.056,0.098907297022642,0.106033514577502,-0.266365148472785
6.058,0.0989219101389753,0.106046189756856,-0.265108783983183
6.06,0.0989365232553087,0.10605886493621,-0.263852419493582
6.062,0.0989504411820124,0.106070624519041,-0.262636596891373
6.064,0.0989643591087161,0.106082384101872,-0.261420774289166
6.066,0.0989782770354198,0.106094143684703,-0.260204951686958
6.068,0.0989921949621234,0.106105903267534,-0.258989129084749
6.07,0.0990061128888271,0.106117662850365,-0.257773306482541
6.072,0.0990193509040494,0.106128529155585,-0.256593088209277
6.074,0.0990325889192716,0.106139395460804,-0.255412869936013
6.076,0.0990458269344938,0.106150261766024,-0.254232651662748
6.078,0.0990590649497161,0.106161128071243,-0.253052433389484
6.08,0.0990723029649383,0.106171994376463,-0.25187221511622
6.082,0.099084876878679,0.106181990820773,-0.250717069103894
6.084,0.0990974507924197,0.106191987265084,-0.249561923091567
6.086,0.0991100247061605,0.106201983709394,-0.248406777079241
6.088,0.0991225986199012,0.106211980153704,-0.247251631066915
6.09,0.0991351725336419,0.106221976598015,-0.246096485054589
6.092,0.0991470986921975,0.10623112439404,-0.244961694073771
6.094,0.0991590248507531,0.106240272190066,-0.243826903092954
6.096,0.0991709510093086,0.106249419986091,-0.242692112112137
6.098,0.0991828771678642,0.106258567782117,-0.24155732113132
6.1,0.0991948033264198,0.106267715578143,-0.240422530150502
6.102,0.0992060986168272,0.106276033982021,-0.239308645634038
6.104,0.0992173939072346,0.106284352385899,-0.238194761117574
6.106,0.099228689197642,0.106292670789777,-0.23708087660111
6.108,0.0992399844880494,0.106300989193655,-0.235966992084645
6.11,0.0992512797784568,0.106309307597532,-0.234853107568181
6.112,0.0992619616329383,0.106316816066323,-0.233758849249466
6.114,0.0992726434874198,0.106324324535114,-0.23266459093075
6.116,0.0992833253419013,0.106331833003905,-0.231570332612035
6.118,0.0992940071963828,0.106339341472696,-0.230476074293319
6.12,0.0993046890508643,0.106346849941487,-0.229381815974604
6.122,0.0993147754512717,0.106353569208818,-0.228300618193173
6.124,0.0993248618516791,0.106360288476149,-0.227219420411742
6.126,0.0993349482520864,0.10636700774348,-0.226138222630311
6.128,0.0993450346524938,0.106373727010811,-0.22505702484888
6.13,0.0993551210529012,0.106380446278142,-0.22397582706745
6.132,0.0993646305351605,0.106386397945347,-0.222897547082367
6.134,0.0993741400174197,0.106392349612551,-0.221819267097285
6.136,0.099383649499679,0.106398301279755,-0.220740987112203
6.138,0.0993931589819383,0.106404252946959,-0.21966270712712
6.14,0.0994026684641976,0.106410204614163,-0.218584427142038
6.142,0.0994116201227531,0.106415410858338,-0.217496872522493
6.144,0.0994205717813087,0.106420617102513,-0.216409317902948
6.146,0.0994295234398643,0.106425823346688,-0.215321763283403
6.148,0.0994384750984198,0.106431029590863,-0.214234208663858
6.15,0.0994474267569754,0.106436235835038,-0.213146654044312
6.152,0.0994558402492346,0.106440719519611,-0.212035905265252
6.154,0.0994642537414939,0.106445203204184,-0.210925156486192
6.156,0.0994726672337531,0.106449686888757,-0.209814407707132
6.158,0.0994810807260124,0.10645417057333,-0.208703658928072
6.16,0.0994894942182716,0.106458654257903,-0.207592910149012
6.162,0.0994973897690494,0.106462438323818,-0.206446094670136
6.164,0.0995052853198272,0.106466222389732,-0.20529927919126
6.166,0.099513180870605,0.106470006455647,-0.204152463712384
6.168,0.0995210764213828,0.106473790521561,-0.203005648233509
6.17,0.0995289719721606,0.106477574587476,-0.201858832754633
6.172,0.0995363703781235,0.106480680490096,-0.200669966396043
6.174,0.0995437687840864,0.106483786392717,-0.199481100037452
6.176,0.0995511671900494,0.106486892295337,-0.198292233678861
6.178,0.0995585655960123,0.106489998197958,-0.197103367320271
6.18,0.0995659640019752,0.106493104100578,-0.19591450096168
6.182,0.0995728866360864,0.106495551224204,-0.194686741937356
6.184,0.0995798092701975,0.106497998347829,-0.193458982913032
6.186,0.0995867319043086,0.106500445471455,-0.192231223888709
6.188,0.0995936545384198,0.10650289259508,-0.191003464864385
6.19,0.0996005771725309,0.106505339718706,-0.189775705840061
6.192,0.0996070459884939,0.106507147483546,-0.188514276199668
6.194,0.0996135148044568,0.106508955248386,-0.187252846559275
6.196,0.0996199836204198,0.106510763013227,-0.185991416918882
6.198,0.0996264524363828,0.106512570778067,-0.184729987278488
6.2,0.0996329212523457,0.106514378542908,-0.183468557638095
6.202,0.0996389587890494,0.106515569285889,-0.182171012301342
6.204,0.0996449963257531,0.106516760028869,-0.18087346696459
6.206,0.0996510338624568,0.10651795077185,-0.179575921627837
6.208,0.0996570713991605,0.106519141514831,-0.178278376291084
6.21,0.0996631089358642,0.106520332257812,-0.176980830954332
6.212,0.0996687383218272,0.10652093118434,-0.175637351248963
6.214,0.0996743677077901,0.106521530110869,-0.174293871543593
6.216,0.0996799970937531,0.106522129037397,-0.172950391838224
6.218,0.099685626479716,0.106522727963925,-0.171606912132855
6.22,0.099691255865679,0.106523326890454,-0.170263432427486
6.222,0.0996965008234938,0.106523358791626,-0.168868131578292
6.224,0.0997017457813087,0.106523390692798,-0.167472830729098
6.226,0.0997069907391235,0.10652342259397,-0.166077529879905
6.228,0.0997122356969383,0.106523454495142,-0.164682229030711
6.23,0.0997174806547532,0.106523486396314,-0.163286928181517
6.232,0.0997223655055309,0.106522973242285,-0.161846068426034
6.234,0.0997272503563087,0.106522460088256,-0.160405208670551
6.236,0.0997321352070864,0.106521946934226,-0.158964348915069
6.238,0.0997370200578642,0.106521433780197,-0.157523489159585
6.24,0.0997419049086419,0.106520920626168,-0.156082629404102
6.242,0.0997464545764568,0.10651988314025,-0.154609115600798
6.244,0.0997510042442716,0.106518845654331,-0.153135601797493
6.246,0.0997555539120864,0.106517808168413,-0.151662087994188
6.248,0.0997601035799013,0.106516770682495,-0.150188574190884
6.25,0.0997646532477161,0.106515733196577,-0.14871506038758
6.252,0.0997688932640494,0.106514194312324,-0.147216388144691
6.254,0.0997731332803828,0.106512655428072,-0.145717715901801
6.256,0.0997773732967161,0.106511116543819,-0.144219043658912
6.258,0.0997816133130495,0.106509577659567,-0.142720371416023
6.26,0.0997858533293828,0.106508038775314,-0.141221699173134
6.262,0.099789809837568,0.106506024488323,-0.139696740068532
6.264,0.0997937663457532,0.106504010201332,-0.138171780963931
6.266,0.0997977228539383,0.106501995914341,-0.13664682185933
6.268,0.0998016793621235,0.10649998162735,-0.135121862754729
6.27,0.0998056358703087,0.106497967340359,-0.133596903650127
6.272,0.0998093356299753,0.106495504425078,-0.132043448565818
6.274,0.099813035389642,0.106493041509796,-0.130489993481509
6.276,0.0998167351493087,0.106490578594515,-0.1289365383972
6.278,0.0998204349089753,0.106488115679233,-0.12738308331289
6.28,0.099824134668642,0.106485652763952,-0.125829628228581
6.282,0.0998276013379136,0.106482767066785,-0.124250107647273
6.284,0.0998310680071852,0.106479881369618,-0.122670587065966
6.286,0.0998345346764568,0.10647699567245,-0.121091066484657
6.288,0.0998380013457284,0.106474109975283,-0.11951154590335
6.29,0.099841468015,0.106471224278116,-0.117932025322042
6.292,0.0998447108394568,0.106467940926315,-0.116332691208799
6.294,0.0998479536639136,0.106464657574514,-0.114733357095556
6.296,0.0998511964883704,0.106461374222712,-0.113134022982313
6.298,0.0998544393128272,0.106458090870911,-0.11153468886907
6.3,0.099857682137284,0.106454807519109,-0.109935354755827
6.302,0.0998607068595185,0.106451150256569,-0.10832810408969
6.304,0.0998637315817531,0.106447492994029,-0.106720853423554
6.306,0.0998667563039877,0.106443835731488,-0.105113602757418
6.308,0.0998697810262222,0.106440178468948,-0.103506352091282
6.31,0.0998728057484568,0.106436521206407,-0.101899101425145
6.312,0.0998756182947654,0.106432509206903,-0.10031124732006
6.314,0.0998784308410741,0.106428497207399,-0.0987233932149754
6.316,0.0998812433873827,0.106424485207894,-0.0971355391098904
6.318,0.0998840559336914,0.10642047320839,-0.0955476850048046
6.32,0.09988686848,0.106416461208886,-0.0939598308997198
6.322,0.0998894749618642,0.106412107423979,-0.092437984180366
6.324,0.0998920814437284,0.106407753639071,-0.0909161374610122
6.326,0.0998946879255926,0.106403399854164,-0.0893942907416577
6.328,0.0998972944074568,0.106399046069257,-0.0878724440223039
6.33,0.099899900889321,0.10639469228435,-0.0863505973029505
6.332,0.0999023076048889,0.106390007875841,-0.0849435326227628
6.334,0.0999047143204568,0.106385323467333,-0.0835364679425746
6.336,0.0999071210360247,0.106380639058825,-0.082129403262387
6.338,0.0999095277515926,0.106375954650316,-0.0807223385821994
6.34,0.0999119344671605,0.106371270241808,-0.0793152739020123
6.342,0.0999141479027284,0.106366271540193,-0.0780483955728872
6.344,0.0999163613382963,0.106361272838579,-0.0767815172437626
6.346,0.0999185747738642,0.106356274136964,-0.075514638914638
6.348,0.0999207882094321,0.10635127543535,-0.0742477605855135
6.35,0.099923001645,0.106346276733736,-0.0729808822563889
6.352,0.0999250284764938,0.106340987210842,-0.0718483337224318
6.354,0.0999270553079877,0.106335697687949,-0.0707157851884746
6.356,0.0999290821394815,0.106330408165056,-0.0695832366545175
6.358,0.0999311089709753,0.106325118642163,-0.0684506881205599
6.36,0.0999331358024692,0.10631982911927,-0.0673181395866032
6.362,0.0999349828969259,0.106314274862382,-0.0662979600480809
6.364,0.0999368299913827,0.106308720605493,-0.0652777805095586
6.366,0.0999386770858395,0.106303166348605,-0.0642576009710357
6.368,0.0999405241802963,0.106297612091716,-0.0632374214325134
6.37,0.0999423712747531,0.106292057834828,-0.0622172418939914
6.372,0.0999440456918025,0.106286261605131,-0.0612920669296066
6.374,0.0999457201088519,0.106280465375434,-0.0603668919652213
6.376,0.0999473945259013,0.106274669145737,-0.0594417170008365
6.378,0.0999490689429506,0.106268872916041,-0.0585165420364516
6.38,0.09995074336,0.106263076686344,-0.0575913670720671
6.382,0.0999522523533457,0.106257055646938,-0.0567568477218654
6.384,0.0999537613466914,0.106251034607532,-0.0559223283716641
6.386,0.0999552703400371,0.106245013568127,-0.0550878090214628
6.388,0.0999567793333827,0.106238992528721,-0.0542532896712615
6.39,0.0999582883267284,0.106232971489315,-0.0534187703210602
6.392,0.0999596393456297,0.106226739493755,-0.0526763173759335
6.394,0.0999609903645309,0.106220507498194,-0.0519338644308068
6.396,0.0999623413834321,0.106214275502634,-0.0511914114856801
6.398,0.0999636924023334,0.106208043507073,-0.0504489585405531
6.4,0.0999650434212346,0.106201811511513,-0.0497065055954267
6.402,0.0999662441119877,0.106195383183425,-0.0490498414481882
6.404,0.0999674448027408,0.106188954855338,-0.0483931773009496
6.406,0.0999686454934939,0.10618252652725,-0.047736513153711
6.408,0.0999698461842469,0.106176098199163,-0.0470798490064721
6.41,0.099971046875,0.106169669871075,-0.0464231848592338
6.412,0.0999721050824198,0.106163063117903,-0.0458304590486497
6.414,0.0999731632898395,0.106156456364732,-0.0452377332380657
6.416,0.0999742214972593,0.10614984961156,-0.0446450074274814
6.418,0.099975279704679,0.106143242858389,-0.0440522816168973
6.42,0.0999763379120988,0.106136636105217,-0.0434595558063134
6.422,0.099977261681,0.106129871409146,-0.0428968958063976
6.424,0.0999781854499013,0.106123106713074,-0.0423342358064815
6.426,0.0999791092188025,0.106116342017003,-0.0417715758065657
6.428,0.0999800329877037,0.106109577320932,-0.0412089158066499
6.43,0.099980956756605,0.106102812624861,-0.0406462558067341
6.432,0.099981754333284,0.106095909623441,-0.0400808723880261
6.434,0.099982551909963,0.106089006622021,-0.0395154889693183
6.436,0.099983349486642,0.106082103620601,-0.0389501055506105
6.438,0.099984147063321,0.106075200619181,-0.0383847221319027
6.44,0.09998494464,0.106068297617762,-0.0378193387131945
6.442,0.0999856244737161,0.106061271813743,-0.0372321450978093
6.444,0.0999863043074321,0.106054246009725,-0.0366449514824241
6.446,0.0999869841411482,0.106047220205706,-0.0360577578670389
6.448,0.0999876639748642,0.106040194401688,-0.0354705642516535
6.45,0.0999883438085803,0.10603316859767,-0.0348833706362682
6.452,0.0999889145530371,0.106026030862104,-0.0342716791096026
6.454,0.0999894852974938,0.106018893126539,-0.033659987582937
6.456,0.0999900560419506,0.106011755390974,-0.0330482960562711
6.458,0.0999906267864074,0.106004617655409,-0.0324366045296055
6.46,0.0999911975308642,0.105997479919844,-0.0318249130029398
6.462,0.0999916680456914,0.105990238757367,-0.0311951618726858
6.464,0.0999921385605185,0.105982997594891,-0.0305654107424315
6.466,0.0999926090753457,0.105975756432414,-0.0299356596121775
6.468,0.0999930795901729,0.105968515269937,-0.0293059084819235
6.47,0.099993550105,0.10596127410746,-0.0286761573516695
6.472,0.0999939294572346,0.105953939077719,-0.0280323397920718
6.474,0.0999943088094692,0.105946604047978,-0.0273885222324744
6.476,0.0999946881617037,0.105939269018237,-0.026744704672877
6.478,0.0999950675139383,0.105931933988496,-0.0261008871132796
6.48,0.0999954468661729,0.105924598958754,-0.0254570695536819
6.482,0.0999957443317408,0.105917182881958,-0.0247932842083181
6.484,0.0999960417973087,0.105909766805161,-0.0241294988629543
6.486,0.0999963392628766,0.105902350728364,-0.0234657135175906
6.488,0.0999966367284445,0.105894934651568,-0.0228019281722265
6.49,0.0999969341940124,0.105887518574771,-0.0221381428268626
6.492,0.0999971592592099,0.105880036565281,-0.0214420916254205
6.494,0.0999973843244074,0.105872554555792,-0.0207460404239784
6.496,0.0999976093896049,0.105865072546302,-0.020049989222536
6.498,0.0999978344548025,0.105857590536813,-0.0193539380210939
6.5,0.09999805952,0.105850108527323,-0.0186578868196519
6.502,0.0999982218829753,0.105842574594591,-0.0179227017371579
6.504,0.0999983842459506,0.105835040661858,-0.0171875166546636
6.506,0.099998546608926,0.105827506729125,-0.0164523315721697
6.508,0.0999987089719013,0.105819972796393,-0.0157171464896757
6.51,0.0999988713348766,0.10581243886366,-0.0149819614071818
6.512,0.0999989809071112,0.105804863143166,-0.0142156630867144
6.514,0.0999990904793457,0.105797287422671,-0.0134493647662473
6.516,0.0999992000515803,0.105789711702176,-0.0126830664457802
6.518,0.0999993096238148,0.105782135981681,-0.0119167681253132
6.52,0.0999994191960494,0.105774560261187,-0.0111504698048458
6.522,0.0999994861038395,0.105766949666218,-0.0103733827890678
6.524,0.0999995530116296,0.10575933907125,-0.0095962957732898
6.526,0.0999996199194197,0.105751728476282,-0.00881920875751181
6.528,0.0999996868272099,0.105744117881313,-0.00804212174173348
6.53,0.099999753735,0.105736507286345,-0.0072650347259555
6.532,0.0999997883209383,0.105728869164271,-0.00649666649331833
6.534,0.0999998229068766,0.105721231042198,-0.00572829826068116
6.536,0.0999998574928148,0.105713592920124,-0.00495993002804364
6.538,0.0999998920787531,0.10570595479805,-0.00419156179540647
6.54,0.0999999266646914,0.105698316675977,-0.00342319356276931
6.542,0.0999999394891482,0.105690661773172,-0.00267142339843385
6.544,0.099999952313605,0.105683006870367,-0.00191965323409806
6.546,0.0999999651380618,0.105675351967563,-0.0011678830697626
6.548,0.0999999779625186,0.105667697064758,-0.000416112905427145
6.55,0.0999999907869754,0.105660042161953,0.000335657258908306
6.552,0.0999999926295803,0.105652384296574,0.00107394829234097
6.554,0.0999999944721852,0.105644726431195,0.0018122393257733
6.556,0.0999999963147901,0.105637068565816,0.00255053035920563
6.558,0.0999999981573951,0.105629410700437,0.00328882139263796
6.56,0.1,0.105621752835058,0.00402711242607061
6.562,0.1,0.105614106403218,0.00475769263096664
6.564,0.1,0.105606459971378,0.00548827283586266
6.566,0.1,0.105598813539538,0.00621885304075869
6.568,0.1,0.105591167107698,0.00694943324565504
6.57,0.1,0.105583520675858,0.00768001345055105
6.572,0.1,0.105575898065691,0.00840250118937583
6.574,0.1,0.105568275455524,0.00912498892820061
6.576,0.1,0.105560652845356,0.0098474766670257
6.578,0.1,0.105553030235189,0.0105699644058505
6.58,0.1,0.105545407625022,0.0112924521446752
6.582,0.1,0.105537817605367,0.0119950581511821
6.584,0.1,0.105530227585711,0.0126976641576892
6.586,0.1,0.105522637566056,0.013400270164196
6.588,0.1,0.105515047546401,0.0141028761707028
6.59,0.1,0.105507457526746,0.0148054821772096
6.592,0.1,0.105499905127485,0.0154652817512257
6.594,0.1,0.105492352728224,0.0161250813252414
6.596,0.1,0.105484800328963,0.0167848808992572
6.598,0.1,0.105477247929702,0.0174446804732729
6.6,0.1,0.105469695530441,0.0181044800472889
6.602,0.1,0.105462183713706,0.0186941764209655
6.604,0.1,0.105454671896972,0.0192838727946422
6.606,0.1,0.105447160080237,0.0198735691683189
6.608,0.1,0.105439648263502,0.0204632655419958
6.61,0.1,0.105432136446768,0.0210529619156723
6.612,0.1,0.105424669345949,0.0215530290692435
6.614,0.1,0.10541720224513,0.0220530962228146
6.616,0.1,0.105409735144312,0.0225531633763859
6.618,0.1,0.105402268043493,0.023053230529957
6.62,0.1,0.105394800942674,0.023553297683528
6.622,0.1,0.105387386347811,0.0239612174497599
6.624,0.1,0.105379971752949,0.0243691372159921
6.626,0.1,0.105372557158086,0.024777056982224
6.628,0.1,0.105365142563223,0.0251849767484559
6.63,0.1,0.10535772796836,0.0255928965146878
6.632,0.1,0.105350376558612,0.0259207842122733
6.634,0.1,0.105343025148864,0.0262486719098586
6.636,0.1,0.105335673739115,0.026576559607444
6.638,0.1,0.105328322329367,0.0269044473050293
6.64,0.1,0.105320970919619,0.0272323350026147
6.642,0.1,0.105313693030487,0.0274956672872942
6.644,0.1,0.105306415141354,0.0277589995719738
6.646,0.1,0.105299137252222,0.0280223318566533
6.648,0.1,0.10529185936309,0.028285664141333
6.65,0.1,0.105284581473958,0.0285489964260124
6.652,0.1,0.105277384179836,0.0287561841608252
6.654,0.1,0.105270186885714,0.0289633718956379
6.656,0.1,0.105262989591592,0.0291705596304508
6.658,0.1,0.10525579229747,0.0293777473652635
6.66,0.1,0.105248595003348,0.0295849351000762
6.662,0.1,0.105241481714856,0.0297355330839076
6.664,0.1,0.105234368426364,0.0298861310677389
6.666,0.1,0.105227255137871,0.0300367290515704
6.668,0.1,0.105220141849379,0.0301873270354018
6.67,0.1,0.105213028560887,0.0303379250192331
6.672,0.1,0.105206001321223,0.0304301823480073
6.674,0.1,0.105198974081559,0.0305224396767815
6.676,0.1,0.105191946841896,0.0306146970055557
6.678,0.1,0.105184919602232,0.0307069543343299
6.68,0.1,0.105177892362568,0.030799211663104
6.682,0.1,0.105170954718236,0.0308395764441663
6.684,0.1,0.105164017073904,0.0308799412252285
6.686,0.1,0.105157079429571,0.0309203060062908
6.688,0.1,0.105150141785239,0.030960670787353
6.69,0.1,0.105143204140907,0.0310010355684152
6.692,0.1,0.105136362235097,0.0310073746977042
6.694,0.1,0.105129520329286,0.0310137138269932
6.696,0.1,0.105122678423476,0.0310200529562821
6.698,0.1,0.105115836517665,0.0310263920855711
6.7,0.1,0.105108994611855,0.0310327312148601
6.702,0.1,0.105102255668658,0.0310283602981313
6.704,0.1,0.10509551672546,0.0310239893814024
6.706,0.1,0.105088777782263,0.0310196184646736
6.708,0.1,0.105082038839065,0.0310152475479448
6.71,0.1,0.105075299895868,0.031010876631216
6.712,0.1,0.105068669137875,0.0310131522309571
6.714,0.1,0.105062038379882,0.0310154278306983
6.716,0.1,0.10505540762189,0.0310177034304394
6.718,0.1,0.105048776863897,0.0310199790301806
6.72,0.1,0.105042146105905,0.0310222546299218
6.722,0.1,0.105035624829174,0.0310352941357767
6.724,0.1,0.105029103552443,0.0310483336416317
6.726,0.1,0.105022582275712,0.0310613731474866
6.728,0.1,0.105016060998981,0.0310744126533415
6.73,0.1,0.10500953972225,0.0310874521591965
6.732,0.1,0.105003126292306,0.0311051678191792
6.734,0.1,0.104996712862361,0.0311228834791619
6.736,0.1,0.104990299432416,0.0311405991391446
6.738,0.1,0.104983886002472,0.0311583147991274
6.74,0.1,0.104977472572527,0.0311760304591101
6.742,0.1,0.104971165167583,0.0311914601145704
6.744,0.1,0.10496485776264,0.0312068897700307
6.746,0.1,0.104958550357696,0.031222319425491
6.748,0.1,0.104952242952752,0.0312377490809513
6.75,0.1,0.104945935547808,0.0312531787364116
6.752,0.1,0.104939734430793,0.0312663202926534
6.754,0.1,0.104933533313777,0.0312794618488952
6.756,0.1,0.104927332196761,0.031292603405137
6.758,0.1,0.104921131079746,0.0313057449613788
6.76,0.1,0.10491492996273,0.0313188865176206
6.762,0.1,0.104908837669607,0.0313373137775763
6.764,0.1,0.104902745376484,0.0313557410375319
6.766,0.1,0.104896653083361,0.0313741682974875
6.768,0.1,0.104890560790239,0.0313925955574431
6.77,0.1,0.104884468497116,0.0314110228173988
6.772,0.1,0.104878487885204,0.0314430647432768
6.774,0.1,0.104872507273293,0.0314751066691547
6.776,0.1,0.104866526661381,0.0315071485950326
6.778,0.1,0.10486054604947,0.0315391905209105
6.78,0.1,0.104854565437558,0.0315712324467885
6.782,0.1,0.104848697351892,0.031617859743994
6.784,0.1,0.104842829266225,0.0316644870411995
6.786,0.1,0.104836961180559,0.0317111143384051
6.788,0.1,0.104831093094893,0.0317577416356106
6.79,0.1,0.104825225009226,0.0318043689328161
6.792,0.1,0.104819467381989,0.0318561900008686
6.794,0.1,0.104813709754752,0.031908011068921
6.796,0.1,0.104807952127515,0.0319598321369735
6.798,0.1,0.104802194500278,0.0320116532050259
6.8,0.1,0.104796436873041,0.0320634742730783
6.802,0.1,0.104790786048975,0.0321056059014536
6.804,0.1,0.10478513522491,0.0321477375298289
6.806,0.1,0.104779484400845,0.0321898691582042
6.808,0.1,0.10477383357678,0.0322320007865794
6.81,0.1,0.104768182752714,0.0322741324149546
6.812,0.1,0.104762636131959,0.0322956943370816
6.814,0.1,0.104757089511203,0.0323172562592086
6.816,0.1,0.104751542890448,0.0323388181813356
6.818,0.1,0.104745996269692,0.0323603801034625
6.82,0.1,0.104740449648937,0.0323819420255894
6.822,0.1,0.10473500730278,0.0323819605978393
6.824,0.1,0.104729564956624,0.0323819791700891
6.826,0.1,0.104724122610467,0.032381997742339
6.828,0.1,0.10471868026431,0.0323820163145888
6.83,0.1,0.104713237918154,0.0323820348868386
6.832,0.1,0.104707901910002,0.0323672713735091
6.834,0.1,0.10470256590185,0.0323525078601795
6.836,0.1,0.104697229893697,0.0323377443468499
6.838,0.1,0.104691893885545,0.0323229808335204
6.84,0.1,0.104686557877393,0.0323082173201908
6.842,0.1,0.104681330074783,0.0322856186924581
6.844,0.1,0.104676102272172,0.0322630200647255
6.846,0.1,0.104670874469562,0.0322404214369928
6.848,0.1,0.104665646666951,0.0322178228092601
6.85,0.1,0.104660418864341,0.0321952241815274
6.852,0.1,0.104655298963283,0.032165060560926
6.854,0.1,0.104650179062225,0.0321348969403245
6.856,0.1,0.104645059161167,0.032104733319723
6.858,0.1,0.104639939260109,0.0320745696991216
6.86,0.1,0.104634819359051,0.0320444060785201
6.862,0.1,0.104629804722816,0.0319997286522734
6.864,0.1,0.104624790086581,0.0319550512260266
6.866,0.1,0.104619775450345,0.0319103737997799
6.868,0.1,0.10461476081411,0.0318656963735332
6.87,0.1,0.104609746177875,0.0318210189472864
6.872,0.1,0.104604833556033,0.0317536832652776
6.874,0.1,0.104599920934192,0.0316863475832687
6.876,0.1,0.10459500831235,0.0316190119012598
6.878,0.1,0.104590095690508,0.031551676219251
6.88,0.1,0.104585183068666,0.031484340537242
6.882,0.1,0.104580370683563,0.0313922996575749
6.884,0.1,0.10457555829846,0.0313002587779078
6.886,0.1,0.104570745913357,0.0312082178982407
6.888,0.1,0.104565933528254,0.0311161770185736
6.89,0.1,0.104561121143152,0.0310241361389064
6.892,0.1,0.104556409540954,0.0309143429424976
6.894,0.1,0.104551697938756,0.0308045497460889
6.896,0.1,0.104546986336558,0.0306947565496801
6.898,0.1,0.10454227473436,0.0305849633532713
6.9,0.1,0.104537563132162,0.0304751701568625
6.902,0.1,0.104532954059966,0.0303595072127186
6.904,0.1,0.10452834498777,0.0302438442685746
6.906,0.1,0.104523735915574,0.0301281813244306
6.908,0.1,0.104519126843378,0.0300125183802866
6.91,0.1,0.104514517771183,0.0298968554361427
6.912,0.1,0.104510011964423,0.0297842184456081
6.914,0.1,0.104505506157664,0.0296715814550736
6.916,0.1,0.104501000350905,0.029558944464539
6.918,0.1,0.104496494544145,0.0294463074740044
6.92,0.1,0.104491988737386,0.0293336704834699
6.922,0.1,0.104487584574228,0.0292250608305182
6.924,0.1,0.104483180411069,0.0291164511775664
6.926,0.1,0.104478776247911,0.0290078415246147
6.928,0.1,0.104474372084753,0.028899231871663
6.93,0.1,0.104469967921595,0.0287906222187112
6.932,0.1,0.104465661910192,0.0286806884980577
6.934,0.1,0.104461355898789,0.0285707547774042
6.936,0.1,0.104457049887387,0.0284608210567508
6.938,0.1,0.104452743875984,0.0283508873360973
6.94,0.1,0.104448437864581,0.0282409536154437
6.942,0.1,0.104444226438497,0.0281241755833936
6.944,0.1,0.104440015012413,0.0280073975513434
6.946,0.1,0.104435803586329,0.0278906195192933
6.948,0.1,0.104431592160245,0.0277738414872431
6.95,0.1,0.104427380734161,0.0276570634551929
6.952,0.1,0.104423262015121,0.0275338373566553
6.954,0.1,0.104419143296081,0.0274106112581176
6.956,0.1,0.104415024577041,0.0272873851595798
6.958,0.1,0.104410905858001,0.0271641590610422
6.96,0.1,0.104406787138962,0.0270409329625045
6.962,0.1,0.104402761180253,0.0269183455728133
6.964,0.1,0.104398735221544,0.026795758183122
6.966,0.1,0.104394709262835,0.0266731707934307
6.968,0.1,0.104390683304126,0.0265505834037395
6.97,0.1,0.104386657345417,0.0264279960140483
6.972,0.1,0.104382724730602,0.0263148344130434
6.974,0.1,0.104378792115788,0.0262016728120385
6.976,0.1,0.104374859500974,0.0260885112110336
6.978,0.1,0.10437092688616,0.0259753496100287
6.98,0.1,0.104366994271345,0.0258621880090238
6.982,0.1,0.104363154266696,0.0257623930421016
6.984,0.1,0.104359314262046,0.0256625980751794
6.986,0.1,0.104355474257396,0.0255628031082572
6.988,0.1,0.104351634252747,0.0254630081413349
6.99,0.1,0.104347794248097,0.0253632131744127
6.992,0.1,0.104344043895605,0.025272687892163
6.994,0.1,0.104340293543112,0.0251821626099133
6.996,0.1,0.104336543190619,0.0250916373276635
6.998,0.1,0.104332792838126,0.0250011120454138
7,0.1,0.104329042485634,0.024910586763164
7.002,0.1,0.104325377546029,0.0248205173160479
7.004,0.1,0.104321712606424,0.0247304478689316
7.006,0.1,0.104318047666819,0.0246403784218154
7.008,0.1,0.104314382727215,0.0245503089746993
7.01,0.1,0.10431071778761,0.0244602395275831
7.012,0.1,0.104307134731416,0.0243641135605882
7.014,0.1,0.104303551675222,0.0242679875935933
7.016,0.1,0.104299968619029,0.0241718616265984
7.018,0.1,0.104296385562835,0.0240757356596036
7.02,0.1,0.104292802506641,0.0239796096926086
7.022,0.1,0.104289299768676,0.0238776911373403
7.024,0.1,0.104285797030711,0.0237757725820719
7.026,0.1,0.104282294292746,0.0236738540268036
7.028,0.1,0.104278791554781,0.0235719354715352
7.03,0.1,0.104275288816816,0.0234700169162668
7.032,0.1,0.104271866459517,0.0233682268875576
7.034,0.1,0.104268444102217,0.0232664368588485
7.036,0.1,0.104265021744918,0.0231646468301392
7.038,0.1,0.104261599387618,0.0230628568014301
7.04,0.1,0.104258177030318,0.0229610667727209
7.042,0.1,0.104254835128097,0.0228653573236655
7.044,0.1,0.104251493225877,0.0227696478746101
7.046,0.1,0.104248151323656,0.0226739384255547
7.048,0.1,0.104244809421435,0.0225782289764993
7.05,0.1,0.104241467519214,0.022482519527444
7.052,0.1,0.104238204593144,0.0223934113286697
7.054,0.1,0.104234941667074,0.0223043031298954
7.056,0.1,0.104231678741004,0.0222151949311211
7.058,0.1,0.104228415814934,0.0221260867323468
7.06,0.1,0.104225152888863,0.0220369785335725
7.062,0.1,0.104221965704746,0.021948870887939
7.064,0.1,0.104218778520629,0.0218607632423054
7.066,0.1,0.104215591336511,0.0217726555966719
7.068,0.1,0.104212404152394,0.0216845479510383
7.07,0.1,0.104209216968277,0.0215964403054047
7.072,0.1,0.104206101696294,0.0215017257045561
7.074,0.1,0.104202986424312,0.0214070111037076
7.076,0.1,0.104199871152329,0.021312296502859
7.078,0.1,0.104196755880346,0.0212175819020104
7.08,0.1,0.104193640608364,0.0211228673011619
7.082,0.1,0.104190594468214,0.021017748578423
7.084,0.1,0.104187548328064,0.020912629855684
7.086,0.1,0.104184502187914,0.0208075111329451
7.088,0.1,0.104181456047764,0.0207023924102062
7.09,0.1,0.104178409907614,0.0205972736874673
7.092,0.1,0.104175432062591,0.0204849058598466
7.094,0.1,0.104172454217569,0.020372538032226
7.096,0.1,0.104169476372547,0.0202601702046054
7.098,0.1,0.104166498527524,0.0201478023769848
7.1,0.1,0.104163520682502,0.0200354345493641
7.102,0.1,0.104160611511292,0.0199233608212059
7.104,0.1,0.104157702340082,0.0198112870930477
7.106,0.1,0.104154793168872,0.0196992133648895
7.108,0.1,0.104151883997661,0.0195871396367312
7.11,0.1,0.104148974826451,0.019475065908573
7.112,0.1,0.104146134235323,0.0193692637889898
7.114,0.1,0.104143293644194,0.0192634616694066
7.116,0.1,0.104140453053065,0.0191576595498234
7.118,0.1,0.104137612461936,0.0190518574302401
7.12,0.1,0.104134771870807,0.018946055310657
7.122,0.1,0.104131998052631,0.0188465357482167
7.124,0.1,0.104129224234454,0.0187470161857764
7.126,0.1,0.104126450416277,0.0186474966233361
7.128,0.1,0.1041236765981,0.0185479770608958
7.13,0.1,0.104120902779923,0.0184484574984555
7.132,0.1,0.104118192339293,0.0183496755088542
7.134,0.1,0.104115481898662,0.0182508935192529
7.136,0.1,0.104112771458031,0.0181521115296516
7.138,0.1,0.1041100610174,0.0180533295400504
7.14,0.1,0.104107350576769,0.017954547550449
7.142,0.1,0.104104700030536,0.0178506305676332
7.144,0.1,0.104102049484302,0.0177467135848175
7.146,0.1,0.104099398938068,0.0176427966020017
7.148,0.1,0.104096748391835,0.0175388796191859
7.15,0.1,0.104094097845601,0.0174349626363701
7.152,0.1,0.10409150518677,0.0173251636945251
7.154,0.1,0.10408891252794,0.01721536475268
7.156,0.1,0.104086319869109,0.017105565810835
7.158,0.1,0.104083727210278,0.0169957668689899
7.16,0.1,0.104081134551448,0.0168859679271449
7.162,0.1,0.104078599496677,0.016775517282801
7.164,0.1,0.104076064441906,0.016665066638457
7.166,0.1,0.104073529387135,0.0165546159941131
7.168,0.1,0.104070994332364,0.0164441653497692
7.17,0.1,0.104068459277593,0.0163337147054253
7.172,0.1,0.104065982149047,0.0162298620121803
7.174,0.1,0.104063505020502,0.0161260093189351
7.176,0.1,0.104061027891957,0.0160221566256901
7.178,0.1,0.104058550763411,0.015918303932445
7.18,0.1,0.104056073634866,0.0158144512391999
7.182,0.1,0.104053653765708,0.0157208347260719
7.184,0.1,0.104051233896551,0.0156272182129439
7.186,0.1,0.104048814027393,0.0155336016998159
7.188,0.1,0.104046394158236,0.0154399851866879
7.19,0.1,0.104043974289078,0.0153463686735599
7.192,0.1,0.104041609280312,0.0152603769892114
7.194,0.1,0.104039244271546,0.0151743853048629
7.196,0.1,0.10403687926278,0.0150883936205143
7.198,0.1,0.104034514254014,0.0150024019361658
7.2,0.1,0.104032149245248,0.0149164102518172
7.202,0.1,0.104029835716481,0.0148317895620445
7.204,0.1,0.104027522187714,0.0147471688722717
7.206,0.1,0.104025208658946,0.0146625481824988
7.208,0.1,0.104022895130179,0.014577927492726
7.21,0.1,0.104020581601412,0.0144933068029532
7.212,0.1,0.10401831663786,0.0144052528441785
7.214,0.1,0.104016051674307,0.0143171988854037
7.216,0.1,0.104013786710755,0.014229144926629
7.218,0.1,0.104011521747202,0.0141410909678542
7.22,0.1,0.10400925678365,0.0140530370090795
7.222,0.1,0.10400703896648,0.0139618400141368
7.224,0.1,0.104004821149311,0.0138706430191941
7.226,0.1,0.104002603332141,0.0137794460242513
7.228,0.1,0.104000385514972,0.0136882490293086
7.23,0.1,0.103998167697802,0.0135970520343659
7.232,0.1,0.103995996992164,0.0135077128729358
7.234,0.1,0.103993826286525,0.0134183737115057
7.236,0.1,0.103991655580886,0.0133290345500756
7.238,0.1,0.103989484875247,0.0132396953886455
7.24,0.1,0.103987314169608,0.0131503562272154
7.242,0.1,0.103985190707935,0.0130683189099917
7.244,0.1,0.103983067246261,0.0129862815927681
7.246,0.1,0.103980943784588,0.0129042442755443
7.248,0.1,0.103978820322915,0.0128222069583207
7.25,0.1,0.103976696861241,0.012740169641097
7.252,0.1,0.103974619653647,0.0126667905845744
7.254,0.1,0.103972542446052,0.0125934115280517
7.256,0.1,0.103970465238458,0.0125200324715291
7.258,0.1,0.103968388030863,0.0124466534150065
7.26,0.1,0.103966310823269,0.0123732743584839
7.262,0.1,0.103964277384686,0.0123045253445563
7.264,0.1,0.103962243946103,0.0122357763306288
7.266,0.1,0.10396021050752,0.0121670273167013
7.268,0.1,0.103958177068937,0.0120982783027737
7.27,0.1,0.103956143630355,0.0120295292888462
7.272,0.1,0.103954150808836,0.0119589381675105
7.274,0.1,0.103952157987317,0.0118883470461749
7.276,0.1,0.103950165165798,0.0118177559248392
7.278,0.1,0.103948172344279,0.0117471648035035
7.28,0.1,0.10394617952276,0.0116765736821679
7.282,0.1,0.103944224988339,0.0116004658152811
7.284,0.1,0.103942270453917,0.0115243579483943
7.286,0.1,0.103940315919496,0.0114482500815075
7.288,0.1,0.103938361385074,0.0113721422146207
7.29,0.1,0.103936406850652,0.0112960343477339
7.292,0.1,0.103934489923355,0.0112164510376408
7.294,0.1,0.103932572996057,0.0111368677275476
7.296,0.1,0.103930656068759,0.0110572844174545
7.298,0.1,0.103928739141462,0.0109777011073614
7.3,0.1,0.103926822214164,0.0108981177972683
7.302,0.1,0.10392494329205,0.0108208267945101
7.304,0.1,0.103923064369937,0.010743535791752
7.306,0.1,0.103921185447823,0.010666244788994
7.308,0.1,0.10391930652571,0.0105889537862359
7.31,0.1,0.103917427603596,0.0105116627834778
7.312,0.1,0.103915586775289,0.0104412883944434
7.314,0.1,0.103913745946982,0.0103709140054091
7.316,0.1,0.103911905118674,0.0103005396163748
7.318,0.1,0.103910064290367,0.0102301652273404
7.32,0.1,0.10390822346206,0.0101597908383061
7.322,0.1,0.103906419414813,0.0100959774374704
7.324,0.1,0.103904615367566,0.0100321640366348
7.326,0.1,0.103902811320319,0.00996835063579906
7.328,0.1,0.103901007273072,0.00990453723496339
7.33,0.1,0.103899203225826,0.00984072383412773
7.332,0.1,0.103897433385505,0.00977861532350721
7.334,0.1,0.103895663545184,0.00971650681288667
7.336,0.1,0.103893893704864,0.00965439830226616
7.338,0.1,0.103892123864543,0.00959228979164565
7.34,0.1,0.103890354024222,0.00953018128102512
7.342,0.1,0.103888615775246,0.0094646909830129
7.344,0.1,0.10388687752627,0.0093992006850007
7.346,0.1,0.103885139277294,0.00933371038698851
7.348,0.1,0.103883401028318,0.00926822008897631
7.35,0.1,0.103881662779342,0.00920272979096407
7.352,0.1,0.103879954627156,0.00913263429002925
7.354,0.1,0.103878246474971,0.00906253878909443
7.356,0.1,0.103876538322785,0.0089924432881596
7.358,0.1,0.103874830170599,0.00892234778722475
7.36,0.1,0.103873122018413,0.00885225228628993
7.362,0.1,0.103871443844212,0.00878109395553847
7.364,0.1,0.103869765670011,0.00870993562478701
7.366,0.1,0.10386808749581,0.00863877729403551
7.368,0.1,0.103866409321608,0.00856761896328405
7.37,0.1,0.103864731147407,0.00849646063253261
7.372,0.1,0.103863083407118,0.00842972394478943
7.374,0.1,0.103861435666828,0.00836298725704623
7.376,0.1,0.103859787926538,0.00829625056930305
7.378,0.1,0.103858140186249,0.00822951388155988
7.38,0.1,0.103856492445959,0.00816277719381673
7.382,0.1,0.103854874943426,0.00810356149899677
7.384,0.1,0.103853257440894,0.00804434580417683
7.386,0.1,0.103851639938361,0.00798513010935688
7.388,0.1,0.103850022435828,0.00792591441453694
7.39,0.1,0.103848404933296,0.007866698719717
7.392,0.1,0.10384681618626,0.00781346744753431
7.394,0.1,0.103845227439225,0.00776023617535162
7.396,0.1,0.103843638692189,0.00770700490316892
7.398,0.1,0.103842049945154,0.00765377363098621
7.4,0.1,0.103840461198119,0.00760054235880352
7.402,0.1,0.103838898827036,0.00754848373436087
7.404,0.1,0.103837336455952,0.00749642510991822
7.406,0.1,0.103835774084869,0.00744436648547555
7.408,0.1,0.103834211713786,0.0073923078610329
7.41,0.1,0.103832649342703,0.00734024923659024
7.412,0.1,0.103831111166397,0.00728513636494481
7.414,0.1,0.10382957299009,0.00723002349329936
7.416,0.1,0.103828034813784,0.00717491062165393
7.418,0.1,0.103826496637478,0.00711979775000851
7.42,0.1,0.103824958461172,0.00706468487836307
7.422,0.1,0.103823443502932,0.00700640904606725
7.424,0.1,0.103821928544692,0.00694813321377146
7.426,0.1,0.103820413586452,0.00688985738147568
7.428,0.1,0.103818898628212,0.00683158154917989
7.43,0.1,0.103817383669972,0.0067733057168841
7.432,0.1,0.103815892188724,0.00671598399921666
7.434,0.1,0.103814400707477,0.00665866228154924
7.436,0.1,0.10381290922623,0.00660134056388182
7.438,0.1,0.103811417744982,0.00654401884621439
7.44,0.1,0.103809926263735,0.00648669712854698
7.442,0.1,0.103808458771973,0.00643522322871103
7.444,0.1,0.103806991280211,0.00638374932887509
7.446,0.1,0.10380552378845,0.00633227542903914
7.448,0.1,0.103804056296688,0.00628080152920318
7.45,0.1,0.103802588804927,0.00622932762936727
7.452,0.1,0.103801144913958,0.00618531393694921
7.454,0.1,0.10379970102299,0.00614130024453115
7.456,0.1,0.103798257132021,0.00609728655211308
7.458,0.1,0.103796813241053,0.00605327285969502
7.46,0.1,0.103795369350085,0.00600925916727698
7.462,0.1,0.103793947356824,0.00596959308548333
7.464,0.1,0.103792525363563,0.00592992700368965
7.466,0.1,0.103791103370303,0.00589026092189599
7.468,0.1,0.103789681377042,0.00585059484010233
7.47,0.1,0.103788259383781,0.00581092875830867
7.472,0.1,0.103786857010497,0.00577037165991104
7.474,0.1,0.103785454637213,0.00572981456151343
7.476,0.1,0.103784052263929,0.00568925746311583
7.478,0.1,0.103782649890644,0.00564870036471822
7.48,0.1,0.10378124751736,0.00560814326632057
7.482,0.1,0.103779863152235,0.00556368900439288
7.484,0.1,0.103778478787111,0.00551923474246518
7.486,0.1,0.103777094421986,0.00547478048053748
7.488,0.1,0.103775710056861,0.00543032621860977
7.49,0.1,0.103774325691737,0.00538587195668206
7.492,0.1,0.103772959014582,0.00533896509069162
7.494,0.1,0.103771592337428,0.00529205822470117
7.496,0.1,0.103770225660273,0.00524515135871071
7.498,0.1,0.103768858983119,0.00519824449272027
7.5,0.1,0.103767492305964,0.00515133762672982
7.502,0.1,0.103766143877477,0.0051064460606444
7.504,0.1,0.103764795448991,0.00506155449455895
7.506,0.1,0.103763447020504,0.00501666292847353
7.508,0.1,0.103762098592017,0.00497177136238811
7.51,0.1,0.103760750163531,0.00492687979630268
7.512,0.1,0.103759420346018,0.00488770780502204
7.514,0.1,0.103758090528505,0.00484853581374142
7.516,0.1,0.103756760710993,0.0048093638224608
7.518,0.1,0.10375543089348,0.00477019183118018
7.52,0.1,0.103754101075967,0.00473101983989954
7.522,0.1,0.103752789171717,0.00469747752868885
7.524,0.1,0.103751477267467,0.00466393521747816
7.526,0.1,0.103750165363217,0.00463039290626747
7.528,0.1,0.103748853458967,0.00459685059505676
7.53,0.1,0.103747541554716,0.00456330828384607
7.532,0.1,0.103746245863787,0.00453170643844075
7.534,0.1,0.103744950172858,0.00450010459303544
7.536,0.1,0.103743654481928,0.0044685027476301
7.538,0.1,0.103742358790999,0.00443690090222479
7.54,0.1,0.103741063100069,0.00440529905681947
7.542,0.1,0.103739781759567,0.00437130621535147
7.544,0.1,0.103738500419064,0.00433731337388346
7.546,0.1,0.103737219078561,0.00430332053241546
7.548,0.1,0.103735937738058,0.00426932769094747
7.55,0.1,0.103734656397556,0.00423533484947947
7.552,0.1,0.103733388343427,0.00419737143623924
7.554,0.1,0.103732120289299,0.00415940802299902
7.556,0.1,0.103730852235171,0.00412144460975881
7.558,0.1,0.103729584181042,0.0040834811965186
7.56,0.1,0.103728316126914,0.00404551778327837
7.562,0.1,0.103727061457123,0.00400603425183447
7.564,0.1,0.103725806787333,0.00396655072039057
7.566,0.1,0.103724552117542,0.00392706718894667
7.568,0.1,0.103723297447751,0.00388758365750275
7.57,0.1,0.103722042777961,0.00384810012605886
7.572,0.1,0.10372080218334,0.00381157435697686
7.574,0.1,0.103719561588719,0.00377504858789486
7.576,0.1,0.103718320994099,0.00373852281881284
7.578,0.1,0.103717080399478,0.00370199704973085
7.58,0.1,0.103715839804858,0.00366547128064885
7.582,0.1,0.103714613536627,0.00363477440677649
7.584,0.1,0.103713387268395,0.00360407753290412
7.586,0.1,0.103712161000164,0.00357338065903176
7.588,0.1,0.103710934731933,0.0035426837851594
7.59,0.1,0.103709708463702,0.00351198691128704
7.592,0.1,0.103708495679707,0.0034860805431731
7.594,0.1,0.103707282895712,0.00346017417505917
7.596,0.1,0.103706070111717,0.00343426780694524
7.598,0.1,0.103704857327723,0.00340836143883131
7.6,0.1,0.103703644543728,0.00338245507071737
7.602,0.1,0.103702443543074,0.00335721875172909
7.604,0.1,0.10370124254242,0.00333198243274081
7.606,0.1,0.103700041541766,0.00330674611375252
7.608,0.1,0.103698840541112,0.00328150979476423
7.61,0.1,0.103697639540459,0.00325627347577595
7.612,0.1,0.10369644875259,0.00322797673170564
7.614,0.1,0.103695257964722,0.00319967998763534
7.616,0.1,0.103694067176854,0.00317138324356502
7.618,0.1,0.103692876388985,0.00314308649949471
7.62,0.1,0.103691685601117,0.0031147897554244
7.622,0.1,0.103690504483922,0.00308324375073551
7.624,0.1,0.103689323366727,0.0030516977460466
7.626,0.1,0.103688142249532,0.0030201517413577
7.628,0.1,0.103686961132337,0.00298860573666881
7.63,0.1,0.103685780015142,0.00295705973197991
7.632,0.1,0.103684609068588,0.00292567207967444
7.634,0.1,0.103683438122034,0.00289428442736898
7.636,0.1,0.103682267175479,0.00286289677506352
7.638,0.1,0.103681096228925,0.00283150912275807
7.64,0.1,0.103679925282371,0.0028001214704526
7.642,0.1,0.103678765228917,0.00277301946412428
7.644,0.1,0.103677605175462,0.00274591745779596
7.646,0.1,0.103676445122008,0.00271881545146764
7.648,0.1,0.103675285068554,0.0026917134451393
7.65,0.1,0.1036741250151,0.00266461143881099
7.652,0.1,0.103672975826221,0.00264322106661864
7.654,0.1,0.103671826637343,0.00262183069442629
7.656,0.1,0.103670677448465,0.00260044032223392
7.658,0.1,0.103669528259586,0.00257904995004157
7.66,0.1,0.103668379070708,0.00255765957784922
7.662,0.1,0.103667239645463,0.00253957273660399
7.664,0.1,0.103666100220218,0.00252148589535874
7.666,0.1,0.103664960794973,0.00250339905411351
7.668,0.1,0.103663821369728,0.00248531221286827
7.67,0.1,0.103662681944483,0.00246722537162304
7.672,0.1,0.103661550708656,0.00244829836240822
7.674,0.1,0.103660419472829,0.00242937135319342
7.676,0.1,0.103659288237001,0.00241044434397861
7.678,0.1,0.103658157001174,0.0023915173347638
7.68,0.1,0.103657025765346,0.00237259032554899
7.682,0.1,0.103655901620089,0.00235028446971898
7.684,0.1,0.103654777474831,0.00232797861388898
7.686,0.1,0.103653653329573,0.00230567275805898
7.688,0.1,0.103652529184316,0.00228336690222898
7.69,0.1,0.103651405039058,0.00226106104639897
7.692,0.1,0.103650287899541,0.0022363496958455
7.694,0.1,0.103649170760024,0.00221163834529202
7.696,0.1,0.103648053620506,0.00218692699473855
7.698,0.1,0.103646936480989,0.00216221564418507
7.7,0.1,0.103645819341472,0.0021375042936316
7.702,0.1,0.103644709884512,0.00211399105025409
7.704,0.1,0.103643600427552,0.00209047780687657
7.706,0.1,0.103642490970592,0.00206696456349904
7.708,0.1,0.103641381513632,0.00204345132012153
7.71,0.1,0.103640272056672,0.00201993807674402
7.712,0.1,0.103639170866284,0.0020008549491283
7.714,0.1,0.103638069675897,0.00198177182151257
7.716,0.1,0.10363696848551,0.00196268869389684
7.718,0.1,0.103635867295122,0.00194360556628112
7.72,0.1,0.103634766104735,0.0019245224386654
7.722,0.1,0.103633672925308,0.00191010172222267
7.724,0.1,0.10363257974588,0.00189568100577994
7.726,0.1,0.103631486566453,0.00188126028933721
7.728,0.1,0.103630393387026,0.00186683957289448
7.73,0.1,0.103629300207598,0.00185241885645175
7.732,0.1,0.103628213890849,0.00183970661338933
7.734,0.1,0.1036271275741,0.00182699437032692
7.736,0.1,0.103626041257351,0.0018142821272645
7.738,0.1,0.103624954940601,0.00180156988420208
7.74,0.1,0.103623868623852,0.00178885764113965
7.742,0.1,0.103622787794048,0.00177405916262797
7.744,0.1,0.103621706964243,0.00175926068411628
7.746,0.1,0.103620626134439,0.00174446220560458
7.748,0.1,0.103619545304634,0.00172966372709289
7.75,0.1,0.10361846447483,0.0017148652485812
7.752,0.1,0.103617388414127,0.0016964587010921
7.754,0.1,0.103616312353425,0.001678052153603
7.756,0.1,0.103615236292722,0.00165964560611391
7.758,0.1,0.103614160232019,0.00164123905862481
7.76,0.1,0.103613084171317,0.00162283251113572
7.762,0.1,0.103612013173626,0.00160281347729826
7.764,0.1,0.103610942175935,0.0015827944434608
7.766,0.1,0.103609871178244,0.00156277540962335
7.768,0.1,0.103608800180553,0.0015427563757859
7.77,0.1,0.103607729182862,0.00152273734194844
7.772,0.1,0.103606664064713,0.00150490395641334
7.774,0.1,0.103605598946564,0.00148707057087823
7.776,0.1,0.103604533828414,0.00146923718534313
7.778,0.1,0.103603468710265,0.00145140379980801
7.78,0.1,0.103602403592116,0.00143357041427292
7.782,0.1,0.103601344792385,0.00142036054797525
7.784,0.1,0.103600285992653,0.00140715068167757
7.786,0.1,0.103599227192921,0.00139394081537989
7.788,0.1,0.10359816839319,0.00138073094908222
7.79,0.1,0.103597109593458,0.00136752108278455
7.792,0.1,0.103596056598731,0.00135799301737306
7.794,0.1,0.103595003604004,0.00134846495196156
7.796,0.1,0.103593950609277,0.00133893688655006
7.798,0.1,0.10359289761455,0.00132940882113857
7.8,0.1,0.103591844619823,0.00131988075572707
7.802,0.1,0.103590796203233,0.00131054879833794
7.804,0.1,0.103589747786643,0.00130121684094881
7.806,0.1,0.103588699370053,0.00129188488355969
7.808,0.1,0.103587650953463,0.00128255292617056
7.81,0.1,0.103586602536873,0.00127322096878142
7.812,0.1,0.103585557603022,0.00126101947356076
7.814,0.1,0.10358451266917,0.00124881797834011
7.816,0.1,0.103583467735319,0.00123661648311945
7.818,0.1,0.103582422801468,0.00122441498789879
7.82,0.1,0.103581377867617,0.00121221349267812
7.822,0.1,0.103580336152283,0.00119696127711537
7.824,0.1,0.103579294436949,0.00118170906155262
7.826,0.1,0.103578252721616,0.00116645684598987
7.828,0.1,0.103577211006282,0.00115120463042711
7.83,0.1,0.103576169290948,0.00113595241486436
7.832,0.1,0.103575131370098,0.00112039220518035
7.834,0.1,0.103574093449248,0.00110483199549633
7.836,0.1,0.103573055528398,0.00108927178581231
7.838,0.1,0.103572017607548,0.0010737115761283
7.84,0.1,0.103570979686698,0.00105815136644429
7.842,0.1,0.103569946320545,0.00104564663253991
7.844,0.1,0.103568912954392,0.00103314189863554
7.846,0.1,0.103567879588238,0.00102063716473117
7.848,0.1,0.103566846222085,0.0010081324308268
7.85,0.1,0.103565812855932,0.000995627696922434
7.852,0.1,0.103564784202559,0.000987397456316467
7.854,0.1,0.103563755549186,0.000979167215710499
7.856,0.1,0.103562726895813,0.000970936975104532
7.858,0.1,0.10356169824244,0.00096270673449856
7.86,0.1,0.103560669589067,0.000954476493892603
7.862,0.1,0.103559644944952,0.000948676941999877
7.864,0.1,0.103558620300837,0.00094287739010715
7.866,0.1,0.103557595656721,0.000937077838214422
7.868,0.1,0.103556571012606,0.000931278286321696
7.87,0.1,0.103555546368491,0.000925478734428966
7.872,0.1,0.103554524608608,0.000918748861172844
7.874,0.1,0.103553502848725,0.000912018987916718
7.876,0.1,0.103552481088842,0.000905289114660596
7.878,0.1,0.103551459328959,0.000898559241404474
7.88,0.1,0.103550437569076,0.000891829368148339
7.882,0.1,0.103549417913112,0.000881989997108484
7.884,0.1,0.103548398257147,0.000872150626068634
7.886,0.1,0.103547378601183,0.000862311255028784
7.888,0.1,0.103546358945219,0.000852471883988933
7.89,0.1,0.103545339289255,0.000842632512949068
7.892,0.1,0.103544321801423,0.000830446056084983
7.894,0.1,0.103543304313592,0.000818259599220898
7.896,0.1,0.10354228682576,0.000806073142356812
7.898,0.1,0.103541269337929,0.000793886685492722
7.9,0.1,0.103540251850097,0.000781700228628639
7.902,0.1,0.103539237248635,0.000770203562044911
7.904,0.1,0.103538222647173,0.000758706895461184
7.906,0.1,0.103537208045711,0.00074721022887745
7.908,0.1,0.103536193444248,0.000735713562293722
7.91,0.1,0.103535178842786,0.00072421689571001
7.912,0.1,0.103534167777509,0.000716183833141399
7.914,0.1,0.103533156712232,0.000708150770572785
7.916,0.1,0.103532145646954,0.000700117708004174
7.918,0.1,0.103531134581677,0.000692084645435563
7.92,0.1,0.1035301235164,0.000684051582866969
7.922,0.1,0.103529115924033,0.000679725095337103
7.924,0.1,0.103528108331667,0.000675398607807238
7.926,0.1,0.1035271007393,0.000671072120277373
7.928,0.1,0.103526093146933,0.000666745632747509
7.93,0.1,0.103525085554566,0.000662419145217648
7.932,0.1,0.103524080603073,0.000659315496351907
7.934,0.1,0.103523075651579,0.000656211847486165
7.936,0.1,0.103522070700086,0.000653108198620424
7.938,0.1,0.103521065748593,0.000650004549754682
7.94,0.1,0.103520060797099,0.00064690090088893
7.942,0.1,0.103519057475994,0.000641883233259982
7.944,0.1,0.103518054154888,0.000636865565631035
7.946,0.1,0.103517050833783,0.000631847898002087
7.948,0.1,0.103516047512677,0.000626830230373137
7.95,0.1,0.103515044191571,0.000621812562744174
7.952,0.1,0.103514042054928,0.000613701330313399
7.954,0.1,0.103513039918284,0.000605590097882624
7.956,0.1,0.10351203778164,0.000597478865451846
7.958,0.1,0.103511035644996,0.00058936763302107
7.96,0.1,0.103510033508353,0.000581256400590289
7.962,0.1,0.103509032925145,0.000571715628369249
7.964,0.1,0.103508032341937,0.000562174856148204
7.966,0.1,0.10350703175873,0.000552634083927164
7.968,0.1,0.103506031175522,0.000543093311706124
7.97,0.1,0.103505030592314,0.000533552539485092
7.972,0.1,0.10350403233113,0.000525635633057332
7.974,0.1,0.103503034069947,0.000517718726629574
7.976,0.1,0.103502035808763,0.000509801820201817
7.978,0.1,0.103501037547579,0.00050188491377406
7.98,0.1,0.103500039286395,0.000493968007346318
7.982,0.1,0.103499043795373,0.000489587196459369
7.984,0.1,0.10349804830435,0.00048520638557242
7.986,0.1,0.103497052813328,0.000480825574685471
7.988,0.1,0.103496057322305,0.00047644476379852
7.99,0.1,0.103495061831283,0.000472063952911586
7.992,0.1,0.103494068795393,0.000470432560643435
7.994,0.1,0.103493075759504,0.000468801168375284
7.996,0.1,0.103492082723614,0.000467169776107131
7.998,0.1,0.103491089687725,0.00046553838383898
8,0.1,0.103490096651835,0.000463906991570829
8.002,0.1,0.10348910519822,0.000462256460364981
8.004,0.1,0.103488113744605,0.000460605929159134
8.006,0.1,0.103487122290991,0.000458955397953286
8.008,0.1,0.103486130837376,0.000457304866747438
8.01,0.1,0.103485139383761,0.000455654335541592
8.012,0.1,0.103484148731724,0.000451519287229792
8.014,0.1,0.103483158079687,0.000447384238917996
8.016,0.1,0.10348216742765,0.000443249190606196
8.018,0.1,0.103481176775613,0.000439114142294396
8.02,0.1,0.103480186123577,0.0004349790939826
8.022,0.1,0.103479196137205,0.000428146226392335
8.024,0.1,0.103478206150833,0.000421313358802069
8.026,0.1,0.103477216164461,0.00041448049121181
8.028,0.1,0.103476226178089,0.000407647623621545
8.03,0.1,0.103475236191717,0.000400814756031286
8.032,0.1,0.103474247413806,0.000393445859800645
8.034,0.1,0.103473258635895,0.000386076963570004
8.036,0.1,0.103472269857984,0.00037870806733937
8.038,0.1,0.103471281080073,0.000371339171108729
8.04,0.1,0.103470292302163,0.00036397027487809
8.042,0.1,0.10346930543779,0.000358788838698992
8.044,0.1,0.103468318573418,0.000353607402519889
8.046,0.1,0.103467331709046,0.000348425966340791
8.048,0.1,0.103466344844674,0.000343244530161688
8.05,0.1,0.103465357980302,0.000338063093982588
8.052,0.1,0.1034643732616,0.000336120188476791
8.054,0.1,0.103463388542898,0.000334177282970991
8.056,0.1,0.103462403824196,0.000332234377465192
8.058,0.1,0.103461419105494,0.000330291471959394
8.06,0.1,0.103460434386792,0.000328348566453596
8.062,0.1,0.103459451344654,0.000328215975206544
8.064,0.1,0.103458468302516,0.000328083383959492
8.066,0.1,0.103457485260377,0.00032795079271244
8.068,0.1,0.103456502218239,0.000327818201465387
8.07,0.1,0.103455519176101,0.000327685610218334
8.072,0.1,0.103454536979855,0.000326648996361261
8.074,0.1,0.10345355478361,0.000325612382504188
8.076,0.1,0.103452572587364,0.000324575768647115
8.078,0.1,0.103451590391119,0.000323539154790042
8.08,0.1,0.103450608194873,0.000322502540932967
8.082,0.1,0.103449626286884,0.000318792965469666
8.084,0.1,0.103448644378896,0.000315083390006368
8.086,0.1,0.103447662470907,0.000311373814543067
8.088,0.1,0.103446680562918,0.000307664239079765
8.09,0.1,0.103445698654929,0.000303954663616466
8.092,0.1,0.10344471716114,0.000298192913643136
8.094,0.1,0.103443735667351,0.000292431163669812
8.096,0.1,0.103442754173562,0.000286669413696483
8.098,0.1,0.103441772679773,0.000280907663723153
8.1,0.1,0.103440791185984,0.000275145913749829
8.102,0.1,0.103439810752786,0.000269773107648557
8.104,0.1,0.103438830319589,0.000264400301547284
8.106,0.1,0.103437849886391,0.000259027495446016
8.108,0.1,0.103436869453193,0.000253654689344743
8.11,0.1,0.103435889019996,0.000248281883243477
8.112,0.1,0.10343491023617,0.000245528480724251
8.114,0.1,0.103433931452344,0.000242775078205024
8.116,0.1,0.103432952668518,0.000240021675685799
8.118,0.1,0.103431973884692,0.000237268273166572
8.12,0.1,0.103430995100867,0.00023451487064735
8.122,0.1,0.103430017983277,0.000234590461229604
8.124,0.1,0.103429040865687,0.000234666051811857
8.126,0.1,0.103428063748097,0.000234741642394111
8.128,0.1,0.103427086630507,0.000234817232976364
8.13,0.1,0.103426109512918,0.000234892823558619
8.132,0.1,0.103425133468149,0.000235848738792984
8.134,0.1,0.103424157423379,0.000236804654027349
8.136,0.1,0.10342318137861,0.000237760569261715
8.138,0.1,0.103422205333841,0.000238716484496079
8.14,0.1,0.103421229289072,0.000239672399730442
8.142,0.1,0.103420253584546,0.000239054696444854
8.144,0.1,0.10341927788002,0.000238436993159264
8.146,0.1,0.103418302175493,0.000237819289873675
8.148,0.1,0.103417326470967,0.000237201586588087
8.15,0.1,0.103416350766441,0.000236583883302493
8.152,0.1,0.103415375096611,0.000233426112072018
8.154,0.1,0.103414399426781,0.000230268340841545
8.156,0.1,0.10341342375695,0.00022711056961107
8.158,0.1,0.10341244808712,0.000223952798380597
8.16,0.1,0.10341147241729,0.00022079502715012
8.162,0.1,0.103410497103206,0.000216326269021181
8.164,0.1,0.103409521789121,0.000211857510892246
8.166,0.1,0.103408546475037,0.000207388752763306
8.168,0.1,0.103407571160953,0.000202919994634367
8.17,0.1,0.103406595846868,0.000198451236505434
8.172,0.1,0.103405621536667,0.00019504578319806
8.174,0.1,0.103404647226466,0.000191640329890688
8.176,0.1,0.103403672916265,0.000188234876583314
8.178,0.1,0.103402698606064,0.00018482942327594
8.18,0.1,0.103401724295863,0.000181423969968573
8.182,0.1,0.103400751406196,0.000180637963792798
8.184,0.1,0.10339977851653,0.000179851957617023
8.186,0.1,0.103398805626863,0.000179065951441249
8.188,0.1,0.103397832737197,0.000178279945265474
8.19,0.1,0.10339685984753,0.000177493939089704
8.192,0.1,0.103395888207042,0.000178809957897902
8.194,0.1,0.103394916566554,0.0001801259767061
8.196,0.1,0.103393944926066,0.000181441995514296
8.198,0.1,0.103392973285578,0.000182758014322494
8.2,0.1,0.10339200164509,0.000184074033130691
8.202,0.1,0.103391030628656,0.000185369986006404
8.204,0.1,0.103390059612223,0.000186665938882117
8.206,0.1,0.103389088595789,0.000187961891757829
8.208,0.1,0.103388117579356,0.000189257844633542
8.21,0.1,0.103387146562922,0.000190553797509249
8.212,0.1,0.103386175584285,0.00018983609711826
8.214,0.1,0.103385204605647,0.000189118396727271
8.216,0.1,0.103384233627009,0.000188400696336282
8.218,0.1,0.103383262648372,0.000187682995945292
8.22,0.1,0.103382291669734,0.000186965295554297
8.222,0.1,0.10338132063859,0.000183978337173964
8.224,0.1,0.103380349607446,0.000180991378793628
8.226,0.1,0.103379378576301,0.000178004420413292
8.228,0.1,0.103378407545157,0.000175017462032959
8.23,0.1,0.103377436514012,0.000172030503652622
8.232,0.1,0.103376465886115,0.000168435134625654
8.234,0.1,0.103375495258218,0.000164839765598682
8.236,0.1,0.103374524630321,0.00016124439657171
8.238,0.1,0.103373554002424,0.000157649027544742
8.24,0.1,0.103372583374527,0.000154053658517774
8.242,0.1,0.103371613752332,0.00015202549564659
8.244,0.1,0.103370644130138,0.000149997332775407
8.246,0.1,0.103369674507943,0.000147969169904222
8.248,0.1,0.103368704885749,0.00014594100703304
8.25,0.1,0.103367735263554,0.000143912844161862
8.252,0.1,0.103366766893235,0.000144372216072585
8.254,0.1,0.103365798522916,0.000144831587983307
8.256,0.1,0.103364830152597,0.00014529095989403
8.258,0.1,0.103363861782278,0.000145750331804753
8.26,0.1,0.103362893411959,0.000146209703715479
8.262,0.1,0.103361925981467,0.000148108391654189
8.264,0.1,0.103360958550976,0.000150007079592897
8.266,0.1,0.103359991120484,0.000151905767531607
8.268,0.1,0.103359023689993,0.000153804455470316
8.27,0.1,0.103358056259501,0.000155703143409023
8.272,0.1,0.10335708915194,0.00015691335210183
8.274,0.1,0.103356122044378,0.000158123560794638
8.276,0.1,0.103355154936817,0.000159333769487444
8.278,0.1,0.103354187829255,0.000160543978180252
8.28,0.1,0.103353220721694,0.000161754186873053
8.282,0.1,0.103352253516719,0.000160830757517128
8.284,0.1,0.103351286311745,0.000159907328161203
8.286,0.1,0.10335031910677,0.000158983898805279
8.288,0.1,0.103349351901796,0.000158060469449354
8.29,0.1,0.103348384696821,0.000157137040093423
8.292,0.1,0.10334741749642,0.000154465920899953
8.294,0.1,0.103346450296018,0.000151794801706481
8.296,0.1,0.103345483095617,0.000149123682513011
8.298,0.1,0.103344515895216,0.000146452563319538
8.3,0.1,0.103343548694814,0.000143781444126066
8.302,0.1,0.103342582018576,0.000141214913053171
8.304,0.1,0.103341615342339,0.000138648381980273
8.306,0.1,0.103340648666101,0.000136081850907375
8.308,0.1,0.103339681989863,0.00013351531983448
8.31,0.1,0.103338715313625,0.000130948788761589
8.312,0.1,0.103337749664487,0.000130278693458843
8.314,0.1,0.103336784015349,0.000129608598156096
8.316,0.1,0.103335818366211,0.000128938502853349
8.318,0.1,0.103334852717072,0.000128268407550603
8.32,0.1,0.103333887067934,0.000127598312247864
8.322,0.1,0.103332922516684,0.000129094185935214
8.324,0.1,0.103331957965435,0.000130590059622564
8.326,0.1,0.103330993414185,0.000132085933309914
8.328,0.1,0.103330028862935,0.000133581806997264
8.33,0.1,0.103329064311686,0.000135077680684617
8.332,0.1,0.103328100444286,0.000137299007674361
8.334,0.1,0.103327136576886,0.000139520334664104
8.336,0.1,0.103326172709486,0.000141741661653849
8.338,0.1,0.103325208842086,0.000143962988643594
8.34,0.1,0.103324244974685,0.000146184315633332
8.342,0.1,0.103323281234601,0.00014718297933484
8.344,0.1,0.103322317494517,0.000148181643036348
8.346,0.1,0.103321353754432,0.000149180306737856
8.348,0.1,0.103320390014348,0.000150178970439364
8.35,0.1,0.103319426274264,0.000151177634140864
8.352,0.1,0.103318462407865,0.000150066570688986
8.354,0.1,0.103317498541466,0.000148955507237108
8.356,0.1,0.103316534675067,0.00014784444378523
8.358,0.1,0.103315570808668,0.000146733380333352
8.36,0.1,0.103314606942269,0.00014562231688147
8.362,0.1,0.103313643197399,0.000143275901196429
8.364,0.1,0.103312679452528,0.000140929485511388
8.366,0.1,0.103311715707658,0.000138583069826348
8.368,0.1,0.103310751962788,0.000136236654141307
8.37,0.1,0.103309788217917,0.000133890238456268
8.372,0.1,0.103308825132172,0.000132201535487226
8.374,0.1,0.103307862046427,0.000130512832518182
8.376,0.1,0.103306898960682,0.00012882412954914
8.378,0.1,0.103305935874937,0.000127135426580097
8.38,0.1,0.103304972789192,0.000125446723611062
8.382,0.1,0.103304010742972,0.000125756874977254
8.384,0.1,0.103303048696751,0.000126067026343447
8.386,0.1,0.10330208665053,0.00012637717770964
8.388,0.1,0.10330112460431,0.000126687329075832
8.39,0.1,0.103300162558089,0.000126997480442033
8.392,0.1,0.103299201469941,0.000129022244606456
8.394,0.1,0.103298240381793,0.000131047008770881
8.396,0.1,0.103297279293645,0.000133071772935306
8.398,0.1,0.103296318205497,0.000135096537099729
8.4,0.1,0.103295357117349,0.000137121301264155
8.402,0.1,0.103294396518877,0.000139212397734333
8.404,0.1,0.103293435920405,0.000141303494204509
8.406,0.1,0.103292475321933,0.000143394590674687
8.408,0.1,0.103291514723461,0.000145485687144863
8.41,0.1,0.103290554124989,0.000147576783615034
8.412,0.1,0.103289593549142,0.000148086583310348
8.414,0.1,0.103288632973294,0.000148596383005662
8.416,0.1,0.103287672397447,0.000149106182700976
8.418,0.1,0.1032867118216,0.00014961598239629
8.42,0.1,0.103285751245752,0.000150125782091595
8.422,0.1,0.10328479060993,0.000148755006654378
8.424,0.1,0.103283829974109,0.000147384231217163
8.426,0.1,0.103282869338287,0.000146013455779946
8.428,0.1,0.103281908702465,0.00014464268034273
8.43,0.1,0.103280948066643,0.000143271904905512
8.432,0.1,0.10327998773044,0.000141275634370238
8.434,0.1,0.103279027394236,0.000139279363834965
8.436,0.1,0.103278067058033,0.000137283093299694
8.438,0.1,0.10327710672183,0.000135286822764421
8.44,0.1,0.103276146385626,0.000133290552229154
8.442,0.1,0.103275186851801,0.00013242808181311
8.444,0.1,0.103274227317976,0.000131565611397066
8.446,0.1,0.10327326778415,0.000130703140981022
8.448,0.1,0.103272308250325,0.000129840670564978
8.45,0.1,0.1032713487165,0.000128978200148943
8.452,0.1,0.103270390225778,0.000130086701343284
8.454,0.1,0.103269431735057,0.000131195202537624
8.456,0.1,0.103268473244335,0.000132303703731964
8.458,0.1,0.103267514753614,0.000133412204926304
8.46,0.1,0.103266556262893,0.000134520706120651
8.462,0.1,0.103265598605119,0.00013684946628133
8.464,0.1,0.103264640947345,0.00013917822644201
8.466,0.1,0.103263683289572,0.000141506986602689
8.468,0.1,0.103262725631798,0.000143835746763369
8.47,0.1,0.103261767974025,0.000146164506924047
8.472,0.1,0.103260810671,0.000148016073861911
8.474,0.1,0.103259853367974,0.000149867640799777
8.476,0.1,0.103258896064949,0.000151719207737642
8.478,0.1,0.103257938761924,0.000153570774675506
8.48,0.1,0.103256981458898,0.000155422341613363
8.482,0.1,0.103256024160354,0.000155545158739979
8.484,0.1,0.10325506686181,0.000155667975866595
8.486,0.1,0.103254109563266,0.000155790792993212
8.488,0.1,0.103253152264722,0.000155913610119828
8.49,0.1,0.103252194966178,0.000156036427246436
8.492,0.1,0.103251237732227,0.000154620504590955
8.494,0.1,0.103250280498276,0.000153204581935475
8.496,0.1,0.103249323264324,0.000151788659279994
8.498,0.1,0.103248366030373,0.000150372736624514
8.5,0.1,0.103247408796422,0.000148956813969033
8.502,0.1,0.103246452045772,0.000147453458695661
8.504,0.1,0.103245495295123,0.00014595010342229
8.506,0.1,0.103244538544473,0.000144446748148918
8.508,0.1,0.103243581793823,0.000142943392875546
8.51,0.1,0.103242625043173,0.000141440037602175
8.512,0.1,0.103241669208695,0.000141351915020289
8.514,0.1,0.103240713374217,0.000141263792438402
8.516,0.1,0.103239757539739,0.000141175669856515
8.518,0.1,0.103238801705261,0.000141087547274629
8.52,0.1,0.103237845870782,0.000140999424692742
8.522,0.1,0.103236891049349,0.000142648955025234
8.524,0.1,0.103235936227917,0.000144298485357725
8.526,0.1,0.103234981406484,0.000145948015690216
8.528,0.1,0.103234026585051,0.000147597546022708
8.53,0.1,0.103233071763618,0.000149247076355198
8.532,0.1,0.103232117649854,0.000151541213405797
8.534,0.1,0.10323116353609,0.000153835350456397
8.536,0.1,0.103230209422326,0.000156129487506994
8.538,0.1,0.103229255308562,0.000158423624557594
8.54,0.1,0.103228301194797,0.000160717761608192
8.542,0.1,0.103227347340702,0.000162059929714404
8.544,0.1,0.103226393486606,0.000163402097820618
8.546,0.1,0.103225439632511,0.00016474426592683
8.548,0.1,0.103224485778415,0.000166086434033043
8.55,0.1,0.10322353192432,0.000167428602139255
8.552,0.1,0.103222578110557,0.000167024802119491
8.554,0.1,0.103221624296794,0.000166621002099726
8.556,0.1,0.103220670483031,0.000166217202079961
8.558,0.1,0.103219716669268,0.000165813402060196
8.56,0.1,0.103218762855506,0.00016540960204043
8.562,0.1,0.10321780927081,0.000163900826748752
8.564,0.1,0.103216855686114,0.000162392051457073
8.566,0.1,0.103215902101419,0.000160883276165393
8.568,0.1,0.103214948516723,0.000159374500873715
8.57,0.1,0.103213994932028,0.000157865725582036
8.572,0.1,0.103213042015495,0.00015677530901439
8.574,0.1,0.103212089098962,0.000155684892446745
8.576,0.1,0.10321113618243,0.000154594475879098
8.578,0.1,0.103210183265897,0.000153504059311453
8.58,0.1,0.103209230349364,0.000152413642743808
8.582,0.1,0.103208278435657,0.0001528993294054
8.584,0.1,0.10320732652195,0.000153385016066993
8.586,0.1,0.103206374608242,0.000153870702728585
8.588,0.1,0.103205422694535,0.000154356389390178
8.59,0.1,0.103204470780828,0.000154842076051772
8.592,0.1,0.103203519837392,0.000156770026498935
8.594,0.1,0.103202568893956,0.000158697976946096
8.596,0.1,0.10320161795052,0.00016062592739326
8.598,0.1,0.103200667007084,0.000162553877840423
8.6,0.1,0.103199716063648,0.000164481828287584
8.602,0.1,0.103198765729247,0.000166560333198335
8.604,0.1,0.103197815394847,0.000168638838109086
8.606,0.1,0.103196865060446,0.000170717343019836
8.608,0.1,0.103195914726046,0.000172795847930587
8.61,0.1,0.103194964391645,0.000174874352841335
8.612,0.1,0.103194014282176,0.000175728270875615
8.614,0.1,0.103193064172707,0.000176582188909896
8.616,0.1,0.103192114063237,0.000177436106944176
8.618,0.1,0.103191163953768,0.000178290024978457
8.62,0.1,0.103190213844299,0.000179143943012735
8.622,0.1,0.103189263869815,0.000178430604000218
8.624,0.1,0.103188313895331,0.000177717264987701
8.626,0.1,0.103187363920847,0.000177003925975184
8.628,0.1,0.103186413946363,0.000176290586962666
8.63,0.1,0.103185463971879,0.000175577247950148
8.632,0.1,0.103184514409072,0.000174243207656735
8.634,0.1,0.103183564846264,0.000172909167363321
8.636,0.1,0.103182615283457,0.000171575127069906
8.638,0.1,0.10318166572065,0.000170241086776493
8.64,0.1,0.103180716157843,0.00016890704648308
8.642,0.1,0.103179767425391,0.000168398955416304
8.644,0.1,0.103178818692939,0.000167890864349527
8.646,0.1,0.103177869960487,0.00016738277328275
8.648,0.1,0.103176921228035,0.000166874682215973
8.65,0.1,0.103175972495583,0.000166366591149199
8.652,0.1,0.103175024815604,0.000167440800562474
8.654,0.1,0.103174077135626,0.000168515009975747
8.656,0.1,0.103173129455647,0.000169589219389021
8.658,0.1,0.103172181775669,0.000170663428802295
8.66,0.1,0.103171234095691,0.000171737638215571
8.662,0.1,0.10317028732006,0.000173848639739336
8.664,0.1,0.103169340544429,0.000175959641263098
8.666,0.1,0.103168393768799,0.000178070642786863
8.668,0.1,0.103167446993168,0.000180181644310628
8.67,0.1,0.103166500217538,0.00018229264583439
8.672,0.1,0.103165553959847,0.000184055969368351
8.674,0.1,0.103164607702157,0.00018581929290231
8.676,0.1,0.103163661444466,0.00018758261643627
8.678,0.1,0.103162715186775,0.000189345939970231
8.68,0.1,0.103161768929085,0.000191109263504188
8.682,0.1,0.103160822888547,0.000191440401632789
8.684,0.1,0.10315987684801,0.00019177153976139
8.686,0.1,0.103158930807472,0.00019210267788999
8.688,0.1,0.103157984766935,0.000192433816018591
8.69,0.1,0.103157038726397,0.00019276495414719
8.692,0.1,0.103156092937211,0.000191757300749858
8.694,0.1,0.103155147148025,0.000190749647352527
8.696,0.1,0.103154201358839,0.000189741993955197
8.698,0.1,0.103153255569653,0.000188734340557866
8.7,0.1,0.103152309780467,0.000187726687160534
8.702,0.1,0.103151364582835,0.000186551409040541
8.704,0.1,0.103150419385203,0.000185376130920548
8.706,0.1,0.10314947418757,0.000184200852800555
8.708,0.1,0.103148528989938,0.000183025574680561
8.71,0.1,0.103147583792305,0.00018185029656057
8.712,0.1,0.103146639554353,0.00018177954011789
8.714,0.1,0.1031456953164,0.00018170878367521
8.716,0.1,0.103144751078448,0.000181638027232529
8.718,0.1,0.103143806840495,0.000181567270789849
8.72,0.1,0.103142862602542,0.000181496514347173
8.722,0.1,0.103141919426365,0.000182868859388947
8.724,0.1,0.103140976250187,0.000184241204430722
8.726,0.1,0.10314003307401,0.000185613549472498
8.728,0.1,0.103139089897832,0.000186985894514272
8.73,0.1,0.103138146721655,0.000188358239556049
8.732,0.1,0.103137204371538,0.000190324451213914
8.734,0.1,0.103136262021422,0.00019229066287178
8.736,0.1,0.103135319671305,0.000194256874529647
8.738,0.1,0.103134377321188,0.000196223086187512
8.74,0.1,0.103133434971072,0.000198189297845376
8.742,0.1,0.103132493078219,0.000199430703108687
8.744,0.1,0.103131551185366,0.000200672108371997
8.746,0.1,0.103130609292514,0.000201913513635307
8.748,0.1,0.103129667399661,0.000203154918898617
8.75,0.1,0.103128725506808,0.000204396324161924
8.752,0.1,0.103127783877842,0.000204209608855845
8.754,0.1,0.103126842248877,0.000204022893549767
8.756,0.1,0.103125900619911,0.000203836178243689
8.758,0.1,0.103124958990945,0.000203649462937611
8.76,0.1,0.10312401736198,0.000203462747631531
8.762,0.1,0.103123076138037,0.000202320744496785
8.764,0.1,0.103122134914094,0.000201178741362041
8.766,0.1,0.103121193690151,0.000200036738227296
8.768,0.1,0.103120252466208,0.00019889473509255
8.77,0.1,0.103119311242265,0.000197752731957807
8.772,0.1,0.103118370783965,0.0001969010683013
8.774,0.1,0.103117430325665,0.000196049404644793
8.776,0.1,0.103116489867364,0.000195197740988287
8.778,0.1,0.103115549409064,0.000194346077331781
8.78,0.1,0.103114608950764,0.000193494413675278
8.782,0.1,0.103113669546392,0.000193925507187283
8.784,0.1,0.103112730142021,0.000194356600699287
8.786,0.1,0.10311179073765,0.000194787694211291
8.788,0.1,0.103110851333279,0.000195218787723296
8.79,0.1,0.103109911928908,0.000195649881235305
8.792,0.1,0.103108973566132,0.000197299231690382
8.794,0.1,0.103108035203357,0.000198948582145461
8.796,0.1,0.103107096840581,0.000200597932600538
8.798,0.1,0.103106158477805,0.000202247283055617
8.8,0.1,0.103105220115029,0.000203896633510697
8.802,0.1,0.103104282501141,0.000205712705468525
8.804,0.1,0.103103344887252,0.000207528777426355
8.806,0.1,0.103102407273363,0.000209344849384184
8.808,0.1,0.103101469659474,0.000211160921342012
8.81,0.1,0.103100532045586,0.000212976993299838
8.812,0.1,0.103099594855063,0.000213791306723274
8.814,0.1,0.10309865766454,0.00021460562014671
8.816,0.1,0.103097720474017,0.000215419933570146
8.818,0.1,0.103096783283495,0.000216234246993581
8.82,0.1,0.103095846092972,0.000217048560417012
8.822,0.1,0.10309490923832,0.000216528675020636
8.824,0.1,0.103093972383668,0.000216008789624261
8.826,0.1,0.103093035529017,0.000215488904227886
8.828,0.1,0.103092098674365,0.000214969018831511
8.83,0.1,0.103091161819713,0.000214449133435133
8.832,0.1,0.103090225523122,0.000213352160454968
8.834,0.1,0.103089289226531,0.000212255187474804
8.836,0.1,0.10308835292994,0.000211158214494639
8.838,0.1,0.103087416633348,0.000210061241514474
8.84,0.1,0.103086480336757,0.000208964268534312
8.842,0.1,0.103085544946837,0.000208493984313361
8.844,0.1,0.103084609556916,0.000208023700092409
8.846,0.1,0.103083674166996,0.000207553415871458
8.848,0.1,0.103082738777075,0.000207083131650507
8.85,0.1,0.103081803387155,0.00020661284742956
8.852,0.1,0.103080869096638,0.000207427207318018
8.854,0.1,0.103079934806121,0.000208241567206476
8.856,0.1,0.103079000515604,0.000209055927094933
8.858,0.1,0.103078066225087,0.00020987028698339
8.86,0.1,0.103077131934571,0.00021068464687185
8.862,0.1,0.103076198630511,0.000212367982979309
8.864,0.1,0.103075265326451,0.000214051319086768
8.866,0.1,0.103074332022391,0.000215734655194226
8.868,0.1,0.103073398718331,0.000217417991301685
8.87,0.1,0.103072465414271,0.000219101327409142
8.872,0.1,0.103071532781312,0.000220525967556169
8.874,0.1,0.103070600148353,0.000221950607703196
8.876,0.1,0.103069667515395,0.000223375247850223
8.878,0.1,0.103068734882436,0.000224799887997251
8.88,0.1,0.103067802249478,0.000226224528144273
8.882,0.1,0.10306687003658,0.000226487964328363
8.884,0.1,0.103065937823682,0.000226751400512454
8.886,0.1,0.103065005610784,0.000227014836696544
8.888,0.1,0.103064073397887,0.000227278272880634
8.89,0.1,0.103063141184989,0.00022754170906472
8.892,0.1,0.103062209412598,0.000226696071758591
8.894,0.1,0.103061277640207,0.000225850434452461
8.896,0.1,0.103060345867816,0.000225004797146331
8.898,0.1,0.103059414095425,0.000224159159840202
8.9,0.1,0.103058482323034,0.000223313522534071
8.902,0.1,0.103057551265504,0.000222305136513394
8.904,0.1,0.103056620207975,0.000221296750492718
8.906,0.1,0.103055689150446,0.000220288364472041
8.908,0.1,0.103054758092916,0.000219279978451365
8.91,0.1,0.103053827035387,0.000218271592430692
8.912,0.1,0.103052896997676,0.000218156258584096
8.914,0.1,0.103051966959965,0.000218040924737501
8.916,0.1,0.103051036922255,0.000217925590890905
8.918,0.1,0.103050106884544,0.00021781025704431
8.92,0.1,0.103049176846833,0.00021769492319772
8.922,0.1,0.103048247920403,0.000218778875834448
8.924,0.1,0.103047318993973,0.000219862828471175
8.926,0.1,0.103046390067543,0.000220946781107903
8.928,0.1,0.103045461141113,0.000222030733744631
8.93,0.1,0.103044532214683,0.00022311468638136
8.932,0.1,0.10304360421293,0.000224725783017306
8.934,0.1,0.103042676211177,0.000226336879653252
8.936,0.1,0.103041748209425,0.000227947976289197
8.938,0.1,0.103040820207672,0.000229559072925142
8.94,0.1,0.103039892205919,0.000231170169561084
8.942,0.1,0.103038964825606,0.000232224469442411
8.944,0.1,0.103038037445293,0.000233278769323737
8.946,0.1,0.10303711006498,0.000234333069205063
8.948,0.1,0.103036182684666,0.000235387369086389
8.95,0.1,0.103035255304353,0.00023644166896771
8.952,0.1,0.103034328377975,0.000236331132237406
8.954,0.1,0.103033401451597,0.000236220595507102
8.956,0.1,0.103032474525219,0.000236110058776798
8.958,0.1,0.103031547598841,0.000235999522046493
8.96,0.1,0.103030620672463,0.000235888985316185
8.962,0.1,0.103029694306527,0.000234968708573318
8.964,0.1,0.10302876794059,0.000234048431830451
8.966,0.1,0.103027841574654,0.000233128155087584
8.968,0.1,0.103026915208718,0.000232207878344716
8.97,0.1,0.103025988842782,0.00023128760160185
8.972,0.1,0.103025063328938,0.000230564789204363
8.974,0.1,0.103024137815094,0.000229841976806875
8.976,0.1,0.10302321230125,0.000229119164409387
8.978,0.1,0.103022286787407,0.0002283963520119
8.98,0.1,0.103021361273563,0.000227673539614418
8.982,0.1,0.103020436850619,0.000227971250577363
8.984,0.1,0.103019512427674,0.000228268961540308
8.986,0.1,0.10301858800473,0.000228566672503253
8.988,0.1,0.103017663581785,0.000228864383466197
8.99,0.1,0.103016739158841,0.000229162094429148
8.992,0.1,0.103015815822726,0.00023045039694709
8.994,0.1,0.103014892486611,0.000231738699465032
8.996,0.1,0.103013969150497,0.000233027001982975
8.998,0.1,0.103013045814382,0.000234315304500916
9,0.1,0.103012122478267,0.000235603607018859
9.002,0.1,0.103011199992801,0.000237036439661754
9.004,0.1,0.103010277507334,0.000238469272304648
9.006,0.1,0.103009355021867,0.000239902104947543
9.008,0.1,0.103008432536401,0.000241334937590438
9.01,0.1,0.103007510050934,0.000242767770233331
9.012,0.1,0.103006588149141,0.000243389992703042
9.014,0.1,0.103005666247349,0.000244012215172751
9.016,0.1,0.103004744345556,0.000244634437642462
9.018,0.1,0.103003822443764,0.000245256660112172
9.02,0.1,0.103002900541971,0.000245878882581882
9.022,0.1,0.103001979147748,0.000245406143603049
9.024,0.1,0.103001057753524,0.000244933404624217
9.026,0.1,0.103000136359301,0.000244460665645384
9.028,0.1,0.102999214965077,0.000243987926666552
9.03,0.1,0.102998293570854,0.000243515187687719
9.032,0.1,0.102997372859292,0.000242547622926856
9.034,0.1,0.102996452147731,0.000241580058165993
9.036,0.1,0.10299553143617,0.000240612493405131
9.038,0.1,0.102994610724609,0.000239644928644268
9.04,0.1,0.102993690013048,0.000238677363883405
9.042,0.1,0.10299277026655,0.000238194544798393
9.044,0.1,0.102991850520051,0.000237711725713381
9.046,0.1,0.102990930773553,0.000237228906628369
9.048,0.1,0.102990011027054,0.000236746087543357
9.05,0.1,0.102989091280556,0.000236263268458345
9.052,0.1,0.102988172660138,0.000236819927185425
9.054,0.1,0.102987254039719,0.000237376585912506
9.056,0.1,0.102986335419301,0.000237933244639586
9.058,0.1,0.102985416798883,0.000238489903366666
9.06,0.1,0.102984498178464,0.000239046562093747
9.062,0.1,0.102983580599018,0.000240332694535417
9.064,0.1,0.102982663019571,0.000241618826977088
9.066,0.1,0.102981745440125,0.000242904959418759
9.068,0.1,0.102980827860679,0.000244191091860429
9.07,0.1,0.102979910281232,0.0002454772243021
9.072,0.1,0.102978993491058,0.0002465960129408
9.074,0.1,0.102978076700884,0.000247714801579498
9.076,0.1,0.10297715991071,0.000248833590218198
9.078,0.1,0.102976243120536,0.000249952378856896
9.08,0.1,0.102975326330362,0.000251071167495595
9.082,0.1,0.102974410122128,0.000251280480137204
9.084,0.1,0.102973493913894,0.000251489792778813
9.086,0.1,0.10297257770566,0.000251699105420422
9.088,0.1,0.102971661497426,0.000251908418062031
9.09,0.1,0.102970745289193,0.000252117730703639
9.092,0.1,0.102969829670301,0.000251430001559844
9.094,0.1,0.102968914051409,0.000250742272416049
9.096,0.1,0.102967998432518,0.000250054543272254
9.098,0.1,0.102967082813626,0.000249366814128459
9.1,0.1,0.102966167194735,0.000248679084984664
9.102,0.1,0.102965252380701,0.000247838989878065
9.104,0.1,0.102964337566667,0.000246998894771466
9.106,0.1,0.102963422752633,0.000246158799664868
9.108,0.1,0.102962507938599,0.000245318704558269
9.11,0.1,0.102961593124565,0.000244478609451671
9.112,0.1,0.102960679361736,0.000244340464885987
9.114,0.1,0.102959765598907,0.000244202320320302
9.116,0.1,0.102958851836079,0.000244064175754617
9.118,0.1,0.10295793807325,0.000243926031188933
9.12,0.1,0.102957024310421,0.00024378788662325
9.122,0.1,0.102956111678272,0.000244619920882391
9.124,0.1,0.102955199046123,0.000245451955141533
9.126,0.1,0.102954286413974,0.000246283989400674
9.128,0.1,0.102953373781825,0.000247116023659816
9.13,0.1,0.102952461149676,0.000247948057918959
9.132,0.1,0.102951549502466,0.000249226145819924
9.134,0.1,0.102950637855257,0.00025050423372089
9.136,0.1,0.102949726208047,0.000251782321621856
9.138,0.1,0.102948814560837,0.000253060409522821
9.14,0.1,0.102947902913628,0.000254338497423786
9.142,0.1,0.102946992004729,0.000255182864927467
9.144,0.1,0.102946081095831,0.000256027232431149
9.146,0.1,0.102945170186932,0.00025687159993483
9.148,0.1,0.102944259278034,0.000257715967438511
9.15,0.1,0.102943348369135,0.000258560334942192
9.152,0.1,0.102942438056819,0.000258459178821659
9.154,0.1,0.102941527744502,0.000258358022701127
9.156,0.1,0.102940617432186,0.000258256866580594
9.158,0.1,0.10293970711987,0.000258155710460062
9.16,0.1,0.102938796807553,0.000258054554339528
9.162,0.1,0.102937887170373,0.000257270860780087
9.164,0.1,0.102936977533193,0.000256487167220647
9.166,0.1,0.102936067896012,0.000255703473661206
9.168,0.1,0.102935158258832,0.000254919780101765
9.17,0.1,0.102934248621651,0.000254136086542325
9.172,0.1,0.102933339891108,0.000253472313434905
9.174,0.1,0.102932431160565,0.000252808540327486
9.176,0.1,0.102931522430022,0.000252144767220067
9.178,0.1,0.102930613699479,0.000251480994112648
9.18,0.1,0.102929704968936,0.00025081722100523
9.182,0.1,0.102928797340923,0.000250952496896354
9.184,0.1,0.10292788971291,0.000251087772787478
9.186,0.1,0.102926982084897,0.000251223048678601
9.188,0.1,0.102926074456883,0.000251358324569725
9.19,0.1,0.10292516682887,0.00025149360046085
9.192,0.1,0.102924260306975,0.000252432172196595
9.194,0.1,0.102923353785079,0.000253370743932341
9.196,0.1,0.102922447263184,0.000254309315668086
9.198,0.1,0.102921540741288,0.000255247887403831
9.2,0.1,0.102920634219393,0.000256186459139577
9.202,0.1,0.102919728618619,0.000257269580872807
9.204,0.1,0.102918823017845,0.000258352702606038
9.206,0.1,0.102917917417071,0.000259435824339268
9.208,0.1,0.102917011816297,0.000260518946072499
9.21,0.1,0.102916106215523,0.000261602067805728
9.212,0.1,0.102915201320572,0.00026206353564174
9.214,0.1,0.102914296425622,0.000262525003477753
9.216,0.1,0.102913391530672,0.000262986471313766
9.218,0.1,0.102912486635722,0.000263447939149778
9.22,0.1,0.102911581740772,0.000263909406985788
9.222,0.1,0.102910677483094,0.000263498653277785
9.224,0.1,0.102909773225415,0.000263087899569781
9.226,0.1,0.102908868967737,0.000262677145861778
9.228,0.1,0.102907964710059,0.000262266392153775
9.23,0.1,0.10290706045238,0.000261855638445771
9.232,0.1,0.102906156965065,0.000261031721966235
9.234,0.1,0.10290525347775,0.000260207805486699
9.236,0.1,0.102904349990435,0.000259383889007162
9.238,0.1,0.10290344650312,0.000258559972527627
9.24,0.1,0.102902543015805,0.000257736056048092
9.242,0.1,0.102901640524277,0.000257283802951737
9.244,0.1,0.10290073803275,0.000256831549855383
9.246,0.1,0.102899835541222,0.000256379296759028
9.248,0.1,0.102898933049695,0.000255927043662674
9.25,0.1,0.102898030558167,0.000255474790566321
9.252,0.1,0.102897129196745,0.000255859728435314
9.254,0.1,0.102896227835324,0.000256244666304307
9.256,0.1,0.102895326473902,0.0002566296041733
9.258,0.1,0.102894425112481,0.000257014542042293
9.26,0.1,0.102893523751059,0.000257399479911287
9.262,0.1,0.102892623459037,0.000258401182255906
9.264,0.1,0.102891723167015,0.000259402884600524
9.266,0.1,0.102890822874993,0.000260404586945143
9.268,0.1,0.10288992258297,0.000261406289289762
9.27,0.1,0.102889022290948,0.00026240799163438
9.272,0.1,0.102888122868154,0.000263314428657519
9.274,0.1,0.102887223445359,0.000264220865680659
9.276,0.1,0.102886324022564,0.000265127302703798
9.278,0.1,0.10288542459977,0.000266033739726937
9.28,0.1,0.102884525176975,0.000266940176750074
9.282,0.1,0.102883626449883,0.000267131905112836
9.284,0.1,0.102882727722791,0.000267323633475599
9.286,0.1,0.102881828995698,0.000267515361838361
9.288,0.1,0.102880930268606,0.000267707090201123
9.29,0.1,0.102880031541514,0.000267898818563883
9.292,0.1,0.102879133506261,0.000267352355374307
9.294,0.1,0.102878235471007,0.00026680589218473
9.296,0.1,0.102877337435754,0.000266259428995154
9.298,0.1,0.102876439400501,0.000265712965805577
9.3,0.1,0.102875541365247,0.000265166502616
9.302,0.1,0.102874644188505,0.000264458563856134
9.304,0.1,0.102873747011763,0.000263750625096267
9.306,0.1,0.10287284983502,0.000263042686336401
9.308,0.1,0.102871952658278,0.000262334747576535
9.31,0.1,0.102871055481535,0.00026162680881667
9.312,0.1,0.102870159362358,0.000261449332830359
9.314,0.1,0.10286926324318,0.000261271856844048
9.316,0.1,0.102868367124002,0.000261094380857738
9.318,0.1,0.102867471004825,0.000260916904871427
9.32,0.1,0.102866574885647,0.000260739428885119
9.322,0.1,0.10286567989534,0.000261336073708101
9.324,0.1,0.102864784905033,0.000261932718531082
9.326,0.1,0.102863889914725,0.000262529363354064
9.328,0.1,0.102862994924418,0.000263126008177045
9.33,0.1,0.102862099934111,0.000263722653000029
9.332,0.1,0.102861205961406,0.000264695438960328
9.334,0.1,0.102860311988701,0.000265668224920627
9.336,0.1,0.102859418015996,0.000266641010880926
9.338,0.1,0.102858524043291,0.000267613796841225
9.34,0.1,0.102857630070586,0.000268586582801523
9.342,0.1,0.10285673691744,0.000269232053517311
9.344,0.1,0.102855843764295,0.000269877524233099
9.346,0.1,0.102854950611149,0.000270522994948888
9.348,0.1,0.102854057458003,0.000271168465664677
9.35,0.1,0.102853164304857,0.000271813936380462
9.352,0.1,0.102852271851778,0.000271704309900396
9.354,0.1,0.102851379398698,0.000271594683420329
9.356,0.1,0.102850486945618,0.000271485056940263
9.358,0.1,0.102849594492538,0.000271375430460197
9.36,0.1,0.102848702039458,0.000271265803980129
9.362,0.1,0.102847810341275,0.000270586821273591
9.364,0.1,0.102846918643092,0.000269907838567053
9.366,0.1,0.10284602694491,0.000269228855860515
9.368,0.1,0.102845135246727,0.000268549873153977
9.37,0.1,0.102844243548544,0.00026787089044744
9.372,0.1,0.102843352788176,0.000267259949921346
9.374,0.1,0.102842462027808,0.000266649009395252
9.376,0.1,0.10284157126744,0.000266038068869158
9.378,0.1,0.102840680507072,0.000265427128343064
9.38,0.1,0.102839789746704,0.000264816187816973
9.382,0.1,0.102838900086075,0.000264838147491203
9.384,0.1,0.102838010425445,0.000264860107165434
9.386,0.1,0.102837120764816,0.000264882066839665
9.388,0.1,0.102836231104187,0.000264904026513896
9.39,0.1,0.102835341443558,0.00026492598618813
9.392,0.1,0.102834452893484,0.000265615122843732
9.394,0.1,0.10283356434341,0.000266304259499335
9.396,0.1,0.102832675793336,0.000266993396154939
9.398,0.1,0.102831787243262,0.000267682532810541
9.4,0.1,0.102830898693189,0.000268371669466145
9.402,0.1,0.102830011110751,0.000269221092793349
9.404,0.1,0.102829123528314,0.000270070516120552
9.406,0.1,0.102828235945877,0.000270919939447755
9.408,0.1,0.102827348363439,0.000271769362774958
9.41,0.1,0.102826460781002,0.000272618786102159
9.412,0.1,0.102825573990279,0.000273004422119259
9.414,0.1,0.102824687199557,0.000273390058136359
9.416,0.1,0.102823800408834,0.000273775694153459
9.418,0.1,0.102822913618111,0.000274161330170558
9.42,0.1,0.102822026827389,0.000274546966187655
9.422,0.1,0.102821140763479,0.000274234470859416
9.424,0.1,0.102820254699569,0.000273921975531177
9.426,0.1,0.102819368635659,0.000273609480202938
9.428,0.1,0.102818482571749,0.000273296984874699
9.43,0.1,0.102817596507839,0.000272984489546459
9.432,0.1,0.102816711269723,0.000272315653730305
9.434,0.1,0.102815826031607,0.00027164681791415
9.436,0.1,0.102814940793491,0.000270977982097996
9.438,0.1,0.102814055555374,0.000270309146281841
9.44,0.1,0.102813170317258,0.000269640310465688
9.442,0.1,0.102812286084721,0.0002692417218486
9.444,0.1,0.102811401852184,0.000268843133231512
9.446,0.1,0.102810517619646,0.000268444544614425
9.448,0.1,0.102809633387109,0.000268045955997337
9.45,0.1,0.102808749154572,0.000267647367380253
9.452,0.1,0.102807866041405,0.000267914274883461
9.454,0.1,0.102806982928238,0.00026818118238667
9.456,0.1,0.102806099815072,0.000268448089889878
9.458,0.1,0.102805216701905,0.000268714997393087
9.46,0.1,0.102804333588738,0.000268981904896299
9.462,0.1,0.102803451553556,0.00026976379959668
9.464,0.1,0.102802569518374,0.000270545694297062
9.466,0.1,0.102801687483192,0.000271327588997444
9.468,0.1,0.10280080544801,0.000272109483697825
9.47,0.1,0.102799923412828,0.000272891378398207
9.472,0.1,0.102799042295448,0.000273619582412105
9.474,0.1,0.102798161178068,0.000274347786426003
9.476,0.1,0.102797280060688,0.000275075990439902
9.478,0.1,0.102796398943308,0.0002758041944538
9.48,0.1,0.102795517825928,0.000276532398467695
9.482,0.1,0.102794637481039,0.000276689916836915
9.484,0.1,0.10279375713615,0.000276847435206135
9.486,0.1,0.102792876791261,0.000277004953575355
9.488,0.1,0.102791996446372,0.000277162471944575
9.49,0.1,0.102791116101483,0.000277319990313792
9.492,0.1,0.102790236518307,0.000276862600339863
9.494,0.1,0.102789356935131,0.000276405210365934
9.496,0.1,0.102788477351955,0.000275947820392005
9.498,0.1,0.102787597768778,0.000275490430418076
9.5,0.1,0.102786718185602,0.000275033040444146
9.502,0.1,0.102785839493657,0.000274410720139304
9.504,0.1,0.102784960801712,0.000273788399834463
9.506,0.1,0.102784082109767,0.000273166079529621
9.508,0.1,0.102783203417822,0.000272543759224779
9.51,0.1,0.102782324725876,0.000271921438919937
9.512,0.1,0.102781447088081,0.000271702916762399
9.514,0.1,0.102780569450285,0.00027148439460486
9.516,0.1,0.10277969181249,0.000271265872447321
9.518,0.1,0.102778814174694,0.000271047350289783
9.52,0.1,0.102777936536899,0.000270828828132244
9.522,0.1,0.102777060017597,0.0002712372544057
9.524,0.1,0.102776183498295,0.000271645680679156
9.526,0.1,0.102775306978993,0.000272054106952611
9.528,0.1,0.102774430459692,0.000272462533226067
9.53,0.1,0.10277355394039,0.000272870959499522
9.532,0.1,0.102772678455648,0.000273608481407153
9.534,0.1,0.102771802970907,0.000274346003314784
9.536,0.1,0.102770927486165,0.000275083525222414
9.538,0.1,0.102770052001423,0.000275821047130045
9.54,0.1,0.102769176516682,0.000276558569037675
9.542,0.1,0.102768301907899,0.000277064162153705
9.544,0.1,0.102767427299117,0.000277569755269736
9.546,0.1,0.102766552690334,0.000278075348385766
9.548,0.1,0.102765678081552,0.000278580941501797
9.55,0.1,0.10276480347277,0.000279086534617827
9.552,0.1,0.102763929637575,0.000278996374303121
9.554,0.1,0.102763055802381,0.000278906213988416
9.556,0.1,0.102762181967187,0.00027881605367371
9.558,0.1,0.102761308131993,0.000278725893359004
9.56,0.1,0.102760434296799,0.000278635733044298
9.562,0.1,0.102759561271609,0.000278074140492097
9.564,0.1,0.102758688246419,0.000277512547939895
9.566,0.1,0.102757815221229,0.000276950955387694
9.568,0.1,0.102756942196039,0.000276389362835493
9.57,0.1,0.102756069170848,0.000275827770283291
9.572,0.1,0.102755197100767,0.000275301667240627
9.574,0.1,0.102754325030686,0.000274775564197963
9.576,0.1,0.102753452960605,0.000274249461155298
9.578,0.1,0.102752580890524,0.000273723358112634
9.58,0.1,0.102751708820442,0.00027319725506997
9.582,0.1,0.102750837839403,0.000273175017659023
9.584,0.1,0.102749966858363,0.000273152780248075
9.586,0.1,0.102749095877323,0.000273130542837128
9.588,0.1,0.102748224896284,0.000273108305426181
9.59,0.1,0.102747353915244,0.000273086068015234
9.592,0.1,0.102746484038593,0.000273619286364517
9.594,0.1,0.102745614161943,0.0002741525047138
9.596,0.1,0.102744744285292,0.000274685723063083
9.598,0.1,0.102743874408641,0.000275218941412366
9.6,0.1,0.102743004531991,0.000275752159761649
9.602,0.1,0.102742135648103,0.000276445215799023
9.604,0.1,0.102741266764215,0.000277138271836396
9.606,0.1,0.102740397880328,0.000277831327873769
9.608,0.1,0.10273952899644,0.000278524383911143
9.61,0.1,0.102738660112552,0.000279217439948515
9.612,0.1,0.102737792075361,0.000279552855482468
9.614,0.1,0.102736924038169,0.00027988827101642
9.616,0.1,0.102736056000978,0.000280223686550372
9.618,0.1,0.102735187963786,0.000280559102084325
9.62,0.1,0.102734319926595,0.000280894517618276
9.622,0.1,0.102733452676125,0.000280656922882647
9.624,0.1,0.102732585425655,0.000280419328147017
9.626,0.1,0.102731718175186,0.000280181733411388
9.628,0.1,0.102730850924716,0.000279944138675759
9.63,0.1,0.102729983674247,0.000279706543940129
9.632,0.1,0.102729117284566,0.000279151904291577
9.634,0.1,0.102728250894885,0.000278597264643024
9.636,0.1,0.102727384505204,0.000278042624994471
9.638,0.1,0.102726518115522,0.000277487985345919
9.64,0.1,0.102725651725841,0.000276933345697367
9.642,0.1,0.102724786341468,0.000276566289158984
9.644,0.1,0.102723920957094,0.000276199232620602
9.646,0.1,0.10272305557272,0.000275832176082219
9.648,0.1,0.102722190188346,0.000275465119543836
9.65,0.1,0.102721324803973,0.000275098063005454
9.652,0.1,0.102720460522471,0.00027525889327916
9.654,0.1,0.102719596240969,0.000275419723552866
9.656,0.1,0.102718731959467,0.000275580553826572
9.658,0.1,0.102717867677966,0.000275741384100277
9.66,0.1,0.102717003396464,0.000275902214373984
9.662,0.1,0.102716140190221,0.000276491487192298
9.664,0.1,0.102715276983978,0.000277080760010611
9.666,0.1,0.102714413777736,0.000277670032828925
9.668,0.1,0.102713550571493,0.000278259305647239
9.67,0.1,0.10271268736525,0.000278848578465552
9.672,0.1,0.102711825106246,0.000279413794799652
9.674,0.1,0.102710962847241,0.000279979011133751
9.676,0.1,0.102710100588236,0.00028054422746785
9.678,0.1,0.102709238329231,0.00028110944380195
9.68,0.1,0.102708376070226,0.000281674660136049
9.682,0.1,0.102707514638105,0.000281789746555288
9.684,0.1,0.102706653205983,0.000281904832974528
9.686,0.1,0.102705791773862,0.000282019919393767
9.688,0.1,0.10270493034174,0.000282135005813007
9.69,0.1,0.102704068909619,0.000282250092232245
9.692,0.1,0.102703208289194,0.000281858785007957
9.694,0.1,0.102702347668769,0.000281467477783669
9.696,0.1,0.102701487048344,0.000281076170559382
9.698,0.1,0.10270062642792,0.000280684863335094
9.7,0.1,0.102699765807495,0.000280293556110806
9.702,0.1,0.102698906099475,0.000279747748152466
9.704,0.1,0.102698046391455,0.000279201940194126
9.706,0.1,0.102697186683436,0.000278656132235787
9.708,0.1,0.102696326975416,0.000278110324277447
9.71,0.1,0.102695467267396,0.000277564516319107
9.712,0.1,0.102694608606064,0.000277334816293833
9.714,0.1,0.102693749944732,0.000277105116268557
9.716,0.1,0.1026928912834,0.000276875416243282
9.718,0.1,0.102692032622068,0.000276645716218007
9.72,0.1,0.102691173960736,0.000276416016192733
9.722,0.1,0.102690316403828,0.000276704531290946
9.724,0.1,0.102689458846921,0.000276993046389158
9.726,0.1,0.102688601290013,0.00027728156148737
9.728,0.1,0.102687743733106,0.000277570076585582
9.73,0.1,0.102686886176199,0.000277858591683796
9.732,0.1,0.10268602966089,0.00027844332974694
9.734,0.1,0.102685173145582,0.000279028067810085
9.736,0.1,0.102684316630274,0.00027961280587323
9.738,0.1,0.102683460114965,0.000280197543936375
9.74,0.1,0.102682603599657,0.00028078228199952
9.742,0.1,0.102681747997381,0.000281209196666798
9.744,0.1,0.102680892395105,0.000281636111334076
9.746,0.1,0.102680036792829,0.000282063026001355
9.748,0.1,0.102679181190552,0.000282489940668633
9.75,0.1,0.102678325588276,0.00028291685533591
9.752,0.1,0.102677470809806,0.000282869613891944
9.754,0.1,0.102676616031335,0.000282822372447978
9.756,0.1,0.102675761252865,0.000282775131004011
9.758,0.1,0.102674906474395,0.000282727889560045
9.76,0.1,0.102674051695924,0.000282680648116077
9.762,0.1,0.10267319776455,0.000282238170092969
9.764,0.1,0.102672343833176,0.000281795692069862
9.766,0.1,0.102671489901802,0.000281353214046754
9.768,0.1,0.102670635970428,0.000280910736023647
9.77,0.1,0.102669782039054,0.00028046825800054
9.772,0.1,0.102668929069838,0.000280032346478404
9.774,0.1,0.102668076100621,0.000279596434956269
9.776,0.1,0.102667223131404,0.000279160523434134
9.778,0.1,0.102666370162187,0.000278724611911998
9.78,0.1,0.10266551719297,0.000278288700389864
9.782,0.1,0.102664665296745,0.000278246986658039
9.784,0.1,0.102663813400521,0.000278205272926213
9.786,0.1,0.102662961504297,0.000278163559194388
9.788,0.1,0.102662109608072,0.000278121845462562
9.79,0.1,0.102661257711848,0.000278080131730738
9.792,0.1,0.102660406906665,0.000278494137711933
9.794,0.1,0.102659556101482,0.000278908143693129
9.796,0.1,0.102658705296299,0.000279322149674324
9.798,0.1,0.102657854491116,0.00027973615565552
9.8,0.1,0.102657003685933,0.000280150161636716
9.802,0.1,0.102656153883674,0.000280707977626005
9.804,0.1,0.102655304081415,0.000281265793615295
9.806,0.1,0.102654454279157,0.000281823609604585
9.808,0.1,0.102653604476898,0.000282381425593875
9.81,0.1,0.102652754674639,0.000282939241583164
9.812,0.1,0.102651905754563,0.000283213956106989
9.814,0.1,0.102651056834487,0.000283488670630815
9.816,0.1,0.102650207914411,0.000283763385154641
9.818,0.1,0.102649358994335,0.000284038099678466
9.82,0.1,0.102648510074259,0.00028431281420229
9.822,0.1,0.102647661983341,0.00028411524476542
9.824,0.1,0.102646813892423,0.000283917675328551
9.826,0.1,0.102645965801505,0.000283720105891681
9.828,0.1,0.102645117710587,0.000283522536454811
9.83,0.1,0.102644269619669,0.000283324967017941
9.832,0.1,0.102643422413499,0.000282848299816626
9.834,0.1,0.102642575207328,0.000282371632615311
9.836,0.1,0.102641728001157,0.000281894965413996
9.838,0.1,0.102640880794986,0.000281418298212681
9.84,0.1,0.102640033588815,0.000280941631011367
9.842,0.1,0.102639187384759,0.000280597156537524
9.844,0.1,0.102638341180702,0.000280252682063682
9.846,0.1,0.102637494976646,0.000279908207589839
9.848,0.1,0.102636648772589,0.000279563733115997
9.85,0.1,0.102635802568532,0.000279219258642156
9.852,0.1,0.102634957450286,0.000279300563772316
9.854,0.1,0.102634112332039,0.000279381868902477
9.856,0.1,0.102633267213793,0.000279463174032638
9.858,0.1,0.102632422095547,0.000279544479162799
9.86,0.1,0.1026315769773,0.000279625784292961
9.862,0.1,0.102630732926788,0.000280069122428142
9.864,0.1,0.102629888876276,0.000280512460563322
9.866,0.1,0.102629044825764,0.000280955798698502
9.868,0.1,0.102628200775252,0.000281399136833683
9.87,0.1,0.10262735672474,0.000281842474968863
9.872,0.1,0.102626513640345,0.000282290040558227
9.874,0.1,0.102625670555949,0.00028273760614759
9.876,0.1,0.102624827471553,0.000283185171736954
9.878,0.1,0.102623984387157,0.000283632737326317
9.88,0.1,0.102623141302761,0.000284080302915679
9.882,0.1,0.102622299084421,0.000284179120520921
9.884,0.1,0.10262145686608,0.000284277938126163
9.886,0.1,0.10262061464774,0.000284376755731405
9.888,0.1,0.102619772429399,0.000284475573336646
9.89,0.1,0.102618930211059,0.000284574390941886
9.892,0.1,0.102618088840989,0.000284260609080976
9.894,0.1,0.102617247470919,0.000283946827220065
9.896,0.1,0.10261640610085,0.000283633045359154
9.898,0.1,0.10261556473078,0.000283319263498243
9.9,0.1,0.10261472336071,0.000283005481637332
9.902,0.1,0.102613882917846,0.000282555308863793
9.904,0.1,0.102613042474982,0.000282105136090254
9.906,0.1,0.102612202032117,0.000281654963316716
9.908,0.1,0.102611361589253,0.000281204790543177
9.91,0.1,0.102610521146389,0.00028075461776964
9.912,0.1,0.102609681740225,0.000280552076130573
9.914,0.1,0.10260884233406,0.000280349534491507
9.916,0.1,0.102608002927896,0.00028014699285244
9.918,0.1,0.102607163521731,0.000279944451213374
9.92,0.1,0.102606324115567,0.000279741909574309
9.922,0.1,0.102605485796247,0.000279962695337231
9.924,0.1,0.102604647476927,0.000280183481100153
9.926,0.1,0.102603809157608,0.000280404266863074
9.928,0.1,0.102602970838288,0.000280625052625996
9.93,0.1,0.102602132518968,0.000280845838388919
9.932,0.1,0.102601295239211,0.000281322680894694
9.934,0.1,0.102600457959454,0.000281799523400469
9.936,0.1,0.102599620679697,0.000282276365906244
9.938,0.1,0.102598783399941,0.000282753208412019
9.94,0.1,0.102597946120184,0.000283230050917794
9.942,0.1,0.102597109774775,0.000283591468432781
9.944,0.1,0.102596273429366,0.000283952885947768
9.946,0.1,0.102595437083957,0.000284314303462755
9.948,0.1,0.102594600738548,0.000284675720977742
9.95,0.1,0.102593764393139,0.000285037138492727
9.952,0.1,0.102592928905697,0.000285012571208419
9.954,0.1,0.102592093418256,0.00028498800392411
9.956,0.1,0.102591257930815,0.000284963436639801
9.958,0.1,0.102590422443373,0.000284938869355492
9.96,0.1,0.102589586955932,0.000284914302071181
9.962,0.1,0.102588752341474,0.000284554295415629
9.964,0.1,0.102587917727016,0.000284194288760077
9.966,0.1,0.102587083112558,0.000283834282104525
9.968,0.1,0.1025862484981,0.000283474275448973
9.97,0.1,0.102585413883642,0.00028311426879342
9.972,0.1,0.102584580233267,0.000282737491617032
9.974,0.1,0.102583746582891,0.000282360714440643
9.976,0.1,0.102582912932516,0.000281983937264254
9.978,0.1,0.102582079282141,0.000281607160087866
9.98,0.1,0.102581245631765,0.000281230382911478
9.982,0.1,0.102580413037691,0.000281160143617232
9.984,0.1,0.102579580443617,0.000281089904322986
9.986,0.1,0.102578747849542,0.00028101966502874
9.988,0.1,0.102577915255468,0.000280949425734494
9.99,0.1,0.102577082661393,0.00028087918644025
9.992,0.1,0.102576251142575,0.000281181571863765
9.994,0.1,0.102575419623756,0.00028148395728728
9.996,0.1,0.102574588104937,0.000281786342710794
9.998,0.1,0.102573756586118,0.000282088728134309
10,0.1,0.102572925067299,0.000282391113557823
10.002,0.1,0.102572094554575,0.000282822583126197
10.004,0.1,0.102571264041851,0.000283254052694571
10.006,0.1,0.102570433529126,0.000283685522262945
10.008,0.1,0.102569603016402,0.000284116991831319
10.01,0.1,0.102568772503678,0.000284548461399693
10.012,0.1,0.102567942898975,0.000284763470308047
10.014,0.1,0.102567113294273,0.000284978479216402
10.016,0.1,0.10256628368957,0.000285193488124756
10.018,0.1,0.102565454084868,0.000285408497033111
10.02,0.1,0.102564624480165,0.000285623505941465
10.022,0.1,0.102563795736914,0.000285457372540098
10.024,0.1,0.102562966993664,0.000285291239138731
10.026,0.1,0.102562138250413,0.000285125105737364
10.028,0.1,0.102561309507162,0.000284958972335997
10.03,0.1,0.102560480763911,0.00028479283893463
10.032,0.1,0.102559652923502,0.000284390461874665
10.034,0.1,0.102558825083093,0.000283988084814701
10.036,0.1,0.102557997242683,0.000283585707754736
10.038,0.1,0.102557169402274,0.000283183330694771
10.04,0.1,0.102556341561864,0.000282780953634806
10.042,0.1,0.102555514719696,0.000282477480419265
10.044,0.1,0.102554687877528,0.000282174007203724
10.046,0.1,0.102553861035359,0.000281870533988183
10.048,0.1,0.102553034193191,0.000281567060772642
10.05,0.1,0.102552207351023,0.000281263587557102
10.052,0.1,0.102551381577338,0.000281306215726835
10.054,0.1,0.102550555803653,0.000281348843896569
10.056,0.1,0.102549730029968,0.000281391472066302
10.058,0.1,0.102548904256284,0.000281434100236036
10.06,0.1,0.102548078482599,0.000281476728405769
10.062,0.1,0.102547253766041,0.000281825886674301
10.064,0.1,0.102546429049483,0.000282175044942833
10.066,0.1,0.102545604332924,0.000282524203211364
10.068,0.1,0.102544779616366,0.000282873361479896
10.07,0.1,0.102543954899808,0.000283222519748428
10.072,0.1,0.102543131159705,0.000283594314312148
10.074,0.1,0.102542307419602,0.000283966108875868
10.076,0.1,0.102541483679499,0.000284337903439589
10.078,0.1,0.102540659939396,0.000284709698003309
10.08,0.1,0.102539836199293,0.000285081492567029
10.082,0.1,0.102539013351666,0.000285179897965803
10.084,0.1,0.10253819050404,0.000285278303364576
10.086,0.1,0.102537367656413,0.000285376708763349
10.088,0.1,0.102536544808787,0.000285475114162122
10.09,0.1,0.10253572196116,0.000285573519560895
10.092,0.1,0.102534899987564,0.000285332549755047
10.094,0.1,0.102534078013968,0.000285091579949198
10.096,0.1,0.102533256040372,0.00028485061014335
10.098,0.1,0.102532434066776,0.000284609640337502
10.1,0.1,0.10253161209318,0.000284368670531654
10.102,0.1,0.102530791054987,0.000284002913651121
10.104,0.1,0.102529970016795,0.000283637156770589
10.106,0.1,0.102529148978602,0.000283271399890056
10.108,0.1,0.102528327940409,0.000282905643009524
10.11,0.1,0.102527506902217,0.000282539886128992
10.112,0.1,0.102526686887817,0.000282359476082317
10.114,0.1,0.102525866873418,0.000282179066035642
10.116,0.1,0.102525046859018,0.000281998655988968
10.118,0.1,0.102524226844619,0.000281818245942293
10.12,0.1,0.102523406830219,0.000281637835895618
10.122,0.1,0.102522587883465,0.000281796601641028
10.124,0.1,0.102521768936711,0.000281955367386437
10.126,0.1,0.102520949989957,0.000282114133131846
10.128,0.1,0.102520131043202,0.000282272898877256
10.13,0.1,0.102519312096448,0.000282431664622665
10.132,0.1,0.102518494181791,0.000282804250265967
10.134,0.1,0.102517676267134,0.00028317683590927
10.136,0.1,0.102516858352476,0.000283549421552571
10.138,0.1,0.102516040437819,0.000283922007195874
10.14,0.1,0.102515222523162,0.000284294592839176
10.142,0.1,0.102514405555195,0.000284580269363631
10.144,0.1,0.102513588587229,0.000284865945888087
10.146,0.1,0.102512771619263,0.000285151622412542
10.148,0.1,0.102511954651297,0.000285437298936998
10.15,0.1,0.102511137683331,0.000285722975461453
10.152,0.1,0.102510321598444,0.000285697276004439
10.154,0.1,0.102509505513557,0.000285671576547426
10.156,0.1,0.102508689428671,0.000285645877090413
10.158,0.1,0.102507873343784,0.0002856201776334
10.16,0.1,0.102507057258898,0.000285594478176386
10.162,0.1,0.102506242065915,0.000285287731738022
10.164,0.1,0.102505426872932,0.000284980985299659
10.166,0.1,0.102504611679949,0.000284674238861295
10.168,0.1,0.102503796486966,0.000284367492422932
10.17,0.1,0.102502981293983,0.000284060745984568
10.172,0.1,0.102502167065145,0.000283726848584009
10.174,0.1,0.102501352836306,0.000283392951183451
10.176,0.1,0.102500538607468,0.000283059053782892
10.178,0.1,0.10249972437863,0.000282725156382334
10.18,0.1,0.102498910149792,0.000282391258981775
10.182,0.1,0.10249809696197,0.000282300824946837
10.184,0.1,0.102497283774148,0.000282210390911899
10.186,0.1,0.102496470586327,0.000282119956876961
10.188,0.1,0.102495657398505,0.000282029522842023
10.19,0.1,0.102494844210683,0.000281939088807086
10.192,0.1,0.102494032081945,0.000282156413188708
10.194,0.1,0.102493219953206,0.000282373737570329
10.196,0.1,0.102492407824468,0.00028259106195195
10.198,0.1,0.102491595695729,0.000282808386333572
10.2,0.1,0.102490783566991,0.000283025710715193
10.202,0.1,0.102489972443551,0.000283362392493473
10.204,0.1,0.10248916132011,0.000283699074271753
10.206,0.1,0.10248835019667,0.000284035756050033
10.208,0.1,0.10248753907323,0.000284372437828313
10.21,0.1,0.10248672794979,0.000284709119606592
10.212,0.1,0.1024859177522,0.000284885958248432
10.214,0.1,0.10248510755461,0.000285062796890271
10.216,0.1,0.10248429735702,0.000285239635532111
10.218,0.1,0.10248348715943,0.000285416474173951
10.22,0.1,0.102482676961841,0.000285593312815789
10.222,0.1,0.102481867649096,0.000285466012809704
10.224,0.1,0.102481058336351,0.000285338712803619
10.226,0.1,0.102480249023606,0.000285211412797533
10.228,0.1,0.102479439710861,0.000285084112791448
10.23,0.1,0.102478630398116,0.000284956812785362
10.232,0.1,0.102477822001039,0.000284633484710846
10.234,0.1,0.102477013603961,0.000284310156636329
10.236,0.1,0.102476205206883,0.000283986828561813
10.238,0.1,0.102475396809805,0.000283663500487296
10.24,0.1,0.102474588412727,0.00028334017241278
10.242,0.1,0.102473781007657,0.000283089081898686
10.244,0.1,0.102472973602586,0.000282837991384592
10.246,0.1,0.102472166197516,0.000282586900870498
10.248,0.1,0.102471358792445,0.000282335810356404
10.25,0.1,0.102470551387374,0.00028208471984231
10.252,0.1,0.102469745032141,0.000282109450088477
10.254,0.1,0.102468938676908,0.000282134180334643
10.256,0.1,0.102468132321675,0.00028215891058081
10.258,0.1,0.102467325966442,0.000282183640826976
10.26,0.1,0.102466519611209,0.000282208371073144
10.262,0.1,0.102465714299559,0.000282487066067988
10.264,0.1,0.102464908987909,0.000282765761062831
10.266,0.1,0.102464103676259,0.000283044456057675
10.268,0.1,0.102463298364609,0.000283323151052519
10.27,0.1,0.102462493052959,0.000283601846047363
10.272,0.1,0.102461688720428,0.000283907666208747
10.274,0.1,0.102460884387897,0.000284213486370132
10.276,0.1,0.102460080055367,0.000284519306531516
10.278,0.1,0.102459275722836,0.0002848251266929
10.28,0.1,0.102458471390305,0.000285130946854284
10.282,0.1,0.102457667967072,0.000285217955508705
10.284,0.1,0.102456864543839,0.000285304964163126
10.286,0.1,0.102456061120605,0.000285391972817547
10.288,0.1,0.102455257697372,0.000285478981471968
10.29,0.1,0.102454454274139,0.000285565990126389
10.292,0.1,0.102453651742829,0.000285372361235853
10.294,0.1,0.102452849211519,0.000285178732345317
10.296,0.1,0.102452046680209,0.000284985103454782
10.298,0.1,0.102451244148899,0.000284791474564246
10.3,0.1,0.102450441617589,0.000284597845673711
10.302,0.1,0.102449640025226,0.000284288498522064
10.304,0.1,0.102448838432862,0.000283979151370418
10.306,0.1,0.102448036840499,0.000283669804218772
10.308,0.1,0.102447235248135,0.000283360457067125
10.31,0.1,0.102446433655772,0.000283051109915479
10.312,0.1,0.102445633074069,0.000282878375920569
10.314,0.1,0.102444832492367,0.000282705641925659
10.316,0.1,0.102444031910664,0.00028253290793075
10.318,0.1,0.102443231328962,0.00028236017393584
10.32,0.1,0.102442430747259,0.000282187439940931
10.322,0.1,0.102441631214611,0.000282286824681584
10.324,0.1,0.102440831681963,0.000282386209422237
10.326,0.1,0.102440032149315,0.000282485594162891
10.328,0.1,0.102439232616667,0.000282584978903544
10.33,0.1,0.102438433084019,0.000282684363644198
10.332,0.1,0.102437634573867,0.000282963292760224
10.334,0.1,0.102436836063716,0.00028324222187625
10.336,0.1,0.102436037553564,0.000283521150992276
10.338,0.1,0.102435239043413,0.000283800080108302
10.34,0.1,0.102434440533261,0.000284079009224328
10.342,0.1,0.102433642977586,0.000284298969718207
10.344,0.1,0.10243284542191,0.000284518930212086
10.346,0.1,0.102432047866235,0.000284738890705965
10.348,0.1,0.102431250310559,0.000284958851199844
10.35,0.1,0.102430452754884,0.000285178811693722
10.352,0.1,0.10242965610076,0.000285154047206466
10.354,0.1,0.102428859446637,0.00028512928271921
10.356,0.1,0.102428062792514,0.000285104518231955
10.358,0.1,0.102427266138391,0.000285079753744699
10.36,0.1,0.102426469484268,0.000285054989257442
10.362,0.1,0.102425673735607,0.000284799682022227
10.364,0.1,0.102424877986946,0.000284544374787012
10.366,0.1,0.102424082238286,0.000284289067551796
10.368,0.1,0.102423286489625,0.00028403376031658
10.37,0.1,0.102422490740964,0.000283778453081365
10.372,0.1,0.102421695955189,0.000283495066220415
10.374,0.1,0.102420901169414,0.000283211679359465
10.376,0.1,0.102420106383638,0.000282928292498515
10.378,0.1,0.102419311597863,0.000282644905637564
10.38,0.1,0.102418516812088,0.000282361518776615
10.382,0.1,0.102417723052215,0.000282272430666671
10.384,0.1,0.102416929292341,0.000282183342556727
10.386,0.1,0.102416135532467,0.000282094254446784
10.388,0.1,0.102415341772594,0.00028200516633684
10.39,0.1,0.10241454801272,0.000281916078226898
10.392,0.1,0.102413755295304,0.000282080552079873
10.394,0.1,0.102412962577889,0.000282245025932849
10.396,0.1,0.102412169860473,0.000282409499785825
10.398,0.1,0.102411377143057,0.000282573973638801
10.4,0.1,0.102410584425642,0.000282738447491777
10.402,0.1,0.102409792709375,0.000283011922445234
10.404,0.1,0.102409000993109,0.000283285397398691
10.406,0.1,0.102408209276843,0.000283558872352148
10.408,0.1,0.102407417560576,0.000283832347305605
10.41,0.1,0.10240662584431,0.000284105822259061
10.412,0.1,0.102405835064021,0.000284259418562483
10.414,0.1,0.102405044283732,0.000284413014865905
10.416,0.1,0.102404253503443,0.000284566611169327
10.418,0.1,0.102403462723154,0.000284720207472748
10.42,0.1,0.102402671942865,0.000284873803776169
10.422,0.1,0.102401882062607,0.000284781113344897
10.424,0.1,0.10240109218235,0.000284688422913625
10.426,0.1,0.102400302302092,0.000284595732482354
10.428,0.1,0.102399512421834,0.000284503042051082
10.43,0.1,0.102398722541576,0.000284410351619809
10.432,0.1,0.102397933583934,0.000284150557456897
10.434,0.1,0.102397144626291,0.000283890763293986
10.436,0.1,0.102396355668649,0.000283630969131074
10.438,0.1,0.102395566711006,0.000283371174968162
10.44,0.1,0.102394777753364,0.000283111380805251
10.442,0.1,0.102393989778606,0.000282896528885761
10.444,0.1,0.102393201803848,0.00028268167696627
10.446,0.1,0.102392413829091,0.00028246682504678
10.448,0.1,0.102391625854333,0.00028225197312729
10.45,0.1,0.102390837879575,0.000282037121207801
10.452,0.1,0.102390050936002,0.000282037530484908
10.454,0.1,0.102389263992429,0.000282037939762015
10.456,0.1,0.102388477048856,0.000282038349039122
10.458,0.1,0.102387690105282,0.00028203875831623
10.46,0.1,0.102386903161709,0.000282039167593338
10.462,0.1,0.102386117246955,0.000282247083272881
10.464,0.1,0.102385331332202,0.000282454998952424
10.466,0.1,0.102384545417448,0.000282662914631967
10.468,0.1,0.102383759502695,0.00028287083031151
10.47,0.1,0.102382973587941,0.000283078745991053
10.472,0.1,0.102382188650707,0.000283314425837852
10.474,0.1,0.102381403713472,0.000283550105684651
10.476,0.1,0.102380618776238,0.00028378578553145
10.478,0.1,0.102379833839003,0.000284021465378249
10.48,0.1,0.102379048901769,0.000284257145225047
10.482,0.1,0.10237826488509,0.000284320720445868
10.484,0.1,0.102377480868411,0.00028438429566669
10.486,0.1,0.102376696851732,0.000284447870887512
10.488,0.1,0.102375912835053,0.000284511446108334
10.49,0.1,0.102375128818374,0.000284575021329154
10.492,0.1,0.102374345706071,0.000284409898176198
10.494,0.1,0.102373562593769,0.000284244775023241
10.496,0.1,0.102372779481466,0.000284079651870284
10.498,0.1,0.102371996369163,0.000283914528717327
10.5,0.1,0.10237121325686,0.00028374940556437
10.502,0.1,0.102370431084932,0.000283482787726657
10.504,0.1,0.102369648913004,0.000283216169888944
10.506,0.1,0.102368866741076,0.00028294955205123
10.508,0.1,0.102368084569149,0.000282682934213517
10.51,0.1,0.102367302397221,0.000282416316375804
10.512,0.1,0.102366521224178,0.000282254873784302
10.514,0.1,0.102365740051136,0.0002820934311928
10.516,0.1,0.102364958878094,0.000281931988601298
10.518,0.1,0.102364177705051,0.000281770546009795
10.52,0.1,0.102363396532009,0.000281609103418294
10.522,0.1,0.102362616390485,0.000281668828141784
10.524,0.1,0.102361836248961,0.000281728552865274
10.526,0.1,0.102361056107437,0.000281788277588765
10.528,0.1,0.102360275965912,0.000281848002312255
10.53,0.1,0.102359495824388,0.000281907727035746
10.532,0.1,0.102358716694807,0.000282121144876867
10.534,0.1,0.102357937565226,0.000282334562717987
10.536,0.1,0.102357158435645,0.000282547980559108
10.538,0.1,0.102356379306065,0.000282761398400229
10.54,0.1,0.102355600176484,0.00028297481624135
10.542,0.1,0.102354822004798,0.000283152868776562
10.544,0.1,0.102354043833112,0.000283330921311774
10.546,0.1,0.102353265661426,0.000283508973846986
10.548,0.1,0.10235248748974,0.000283687026382197
10.55,0.1,0.102351709318054,0.000283865078917409
10.552,0.1,0.102350932059458,0.000283850963073988
10.554,0.1,0.102350154800861,0.000283836847230567
10.556,0.1,0.102349377542264,0.000283822731387146
10.558,0.1,0.102348600283668,0.000283808615543725
10.56,0.1,0.102347823025071,0.000283794499700304
10.562,0.1,0.102347046680282,0.000283591348482241
10.564,0.1,0.102346270335493,0.000283388197264178
10.566,0.1,0.102345493990705,0.000283185046046115
10.568,0.1,0.102344717645916,0.000282981894828051
10.57,0.1,0.102343941301127,0.000282778743609988
10.572,0.1,0.102343165915324,0.000282545977114333
10.574,0.1,0.102342390529521,0.000282313210618679
10.576,0.1,0.102341615143719,0.000282080444123024
10.578,0.1,0.102340839757916,0.000281847677627369
10.58,0.1,0.102340064372113,0.000281614911131715
10.582,0.1,0.102339289996057,0.000281531910204482
10.584,0.1,0.102338515620001,0.000281448909277249
10.586,0.1,0.102337741243945,0.000281365908350017
10.588,0.1,0.102336966867889,0.000281282907422784
10.59,0.1,0.102336192491833,0.000281199906495551
10.592,0.1,0.102335419140882,0.000281321662345422
10.594,0.1,0.102334645789931,0.000281443418195294
10.596,0.1,0.10233387243898,0.000281565174045165
10.598,0.1,0.102333099088029,0.000281686929895036
10.6,0.1,0.102332325737079,0.000281808685744907
10.602,0.1,0.102331553379378,0.000282024004820317
10.604,0.1,0.102330781021677,0.000282239323895726
10.606,0.1,0.102330008663977,0.000282454642971135
10.608,0.1,0.102329236306276,0.000282669962046544
10.61,0.1,0.102328463948575,0.000282885281121953
10.612,0.1,0.102327692530762,0.000283007240287343
10.614,0.1,0.10232692111295,0.000283129199452733
10.616,0.1,0.102326149695137,0.000283251158618123
10.618,0.1,0.102325378277324,0.000283373117783513
10.62,0.1,0.102324606859511,0.000283495076948903
10.622,0.1,0.102323836351054,0.000283416787015817
10.624,0.1,0.102323065842596,0.000283338497082731
10.626,0.1,0.102322295334139,0.000283260207149645
10.628,0.1,0.102321524825682,0.000283181917216559
10.63,0.1,0.102320754317225,0.000283103627283473
10.632,0.1,0.102319984734096,0.000282881804416669
10.634,0.1,0.102319215150967,0.000282659981549865
10.636,0.1,0.102318445567838,0.000282438158683061
10.638,0.1,0.102317675984709,0.000282216335816258
10.64,0.1,0.10231690640158,0.000281994512949454
10.642,0.1,0.102316137791547,0.0002817981123412
10.644,0.1,0.102315369181514,0.000281601711732946
10.646,0.1,0.102314600571481,0.000281405311124692
10.648,0.1,0.102313831961448,0.000281208910516437
10.65,0.1,0.102313063351415,0.000281012509908183
10.652,0.1,0.102312295755339,0.00028098643875405
10.654,0.1,0.102311528159263,0.000280960367599917
10.656,0.1,0.102310760563187,0.000280934296445783
10.658,0.1,0.102309992967112,0.00028090822529165
10.66,0.1,0.102309225371036,0.000280882154137517
10.662,0.1,0.102308458788937,0.000281027950159896
10.664,0.1,0.102307692206837,0.000281173746182275
10.666,0.1,0.102306925624738,0.000281319542204654
10.668,0.1,0.102306159042639,0.000281465338227033
10.67,0.1,0.10230539246054,0.000281611134249412
10.672,0.1,0.102304626852139,0.000281788653324747
10.674,0.1,0.102303861243739,0.000281966172400083
10.676,0.1,0.102303095635339,0.000282143691475418
10.678,0.1,0.102302330026938,0.000282321210550754
10.68,0.1,0.102301564418538,0.000282498729626089
10.682,0.1,0.102300799737364,0.000282545739898594
10.684,0.1,0.102300035056189,0.000282592750171099
10.686,0.1,0.102299270375015,0.000282639760443604
10.688,0.1,0.10229850569384,0.000282686770716108
10.69,0.1,0.102297741012666,0.000282733780988613
10.692,0.1,0.102296977242918,0.000282595870550905
10.694,0.1,0.10229621347317,0.000282457960113197
10.696,0.1,0.102295449703423,0.000282320049675489
10.698,0.1,0.102294685933675,0.000282182139237781
10.7,0.1,0.102293922163927,0.000282044228800073
10.702,0.1,0.102293159333033,0.00028181898922916
10.704,0.1,0.102292396502138,0.000281593749658246
10.706,0.1,0.102291633671243,0.000281368510087333
10.708,0.1,0.102290870840348,0.00028114327051642
10.71,0.1,0.102290108009453,0.000280918030945507
10.712,0.1,0.10228934616506,0.00028077422272817
10.714,0.1,0.102288584320667,0.000280630414510833
10.716,0.1,0.102287822476274,0.000280486606293496
10.718,0.1,0.102287060631881,0.00028034279807616
10.72,0.1,0.102286298787488,0.000280198989858823
10.722,0.1,0.102285537957177,0.000280235055490254
10.724,0.1,0.102284777126866,0.000280271121121686
10.726,0.1,0.102284016296555,0.000280307186753117
10.728,0.1,0.102283255466243,0.000280343252384548
10.73,0.1,0.102282494635932,0.000280379318015979
10.732,0.1,0.102281734805736,0.000280547479911076
10.734,0.1,0.10228097497554,0.000280715641806173
10.736,0.1,0.102280215145344,0.000280883803701271
10.738,0.1,0.102279455315147,0.000281051965596368
10.74,0.1,0.102278695484951,0.000281220127491465
10.742,0.1,0.102277936611192,0.000281367845272672
10.744,0.1,0.102277177737434,0.000281515563053878
10.746,0.1,0.102276418863675,0.000281663280835085
10.748,0.1,0.102275659989917,0.000281810998616292
10.75,0.1,0.102274901116158,0.000281958716397498
10.752,0.1,0.102274143160641,0.000281952549140561
10.754,0.1,0.102273385205125,0.000281946381883623
10.756,0.1,0.102272627249608,0.000281940214626686
10.758,0.1,0.102271869294091,0.000281934047369748
10.76,0.1,0.102271111338575,0.00028192788011281
10.762,0.1,0.102270354300018,0.000281763964018826
10.764,0.1,0.10226959726146,0.000281600047924842
10.766,0.1,0.102268840222903,0.000281436131830858
10.768,0.1,0.102268083184346,0.000281272215736874
10.77,0.1,0.102267326145789,0.00028110829964289
10.772,0.1,0.102266570059131,0.000280910307705192
10.774,0.1,0.102265813972473,0.000280712315767495
10.776,0.1,0.102265057885815,0.000280514323829797
10.778,0.1,0.102264301799157,0.000280316331892099
10.78,0.1,0.102263545712499,0.000280118339954401
10.782,0.1,0.102262790619189,0.000280033190618484
10.784,0.1,0.102262035525879,0.000279948041282567
10.786,0.1,0.102261280432569,0.000279862891946651
10.788,0.1,0.102260525339259,0.000279777742610734
10.79,0.1,0.102259770245949,0.000279692593274818
10.792,0.1,0.102259016160606,0.000279772970171954
10.794,0.1,0.102258262075263,0.000279853347069091
10.796,0.1,0.102257507989919,0.000279933723966227
10.798,0.1,0.102256753904576,0.000280014100863364
10.8,0.1,0.102255999819233,0.0002800944777605
10.802,0.1,0.102255246717202,0.000280255099190125
10.804,0.1,0.102254493615172,0.00028041572061975
10.806,0.1,0.102253740513141,0.000280576342049374
10.808,0.1,0.102252987411111,0.000280736963478998
10.81,0.1,0.102252234309081,0.000280897584908623
10.812,0.1,0.102251482147152,0.000280987856807767
10.814,0.1,0.102250729985222,0.000281078128706911
10.816,0.1,0.102249977823293,0.000281168400606055
10.818,0.1,0.102249225661364,0.000281258672505199
10.82,0.1,0.102248473499435,0.000281348944404343
10.822,0.1,0.102247722251464,0.000281278135727703
10.824,0.1,0.102246971003492,0.000281207327051064
10.826,0.1,0.102246219755521,0.000281136518374424
10.828,0.1,0.10224546850755,0.000281065709697784
10.83,0.1,0.102244717259578,0.000280994901021145
10.832,0.1,0.102243966936295,0.000280802138232898
10.834,0.1,0.102243216613012,0.000280609375444651
10.836,0.1,0.102242466289729,0.000280416612656404
10.838,0.1,0.102241715966446,0.000280223849868157
10.84,0.1,0.102240965643163,0.00028003108707991
10.842,0.1,0.102240216283189,0.000279853721866293
10.844,0.1,0.102239466923214,0.000279676356652676
10.846,0.1,0.10223871756324,0.000279498991439059
10.848,0.1,0.102237968203265,0.000279321626225442
10.85,0.1,0.10223721884329,0.000279144261011825
10.852,0.1,0.102236470481022,0.000279104953645532
10.854,0.1,0.102235722118754,0.000279065646279238
10.856,0.1,0.102234973756486,0.000279026338912944
10.858,0.1,0.102234225394217,0.00027898703154665
10.86,0.1,0.102233477031949,0.000278947724180357
10.862,0.1,0.10223272966868,0.000279052921926101
10.864,0.1,0.10223198230541,0.000279158119671845
10.866,0.1,0.102231234942141,0.00027926331741759
10.868,0.1,0.102230487578871,0.000279368515163334
10.87,0.1,0.102229740215602,0.000279473712909078
10.872,0.1,0.102228993819689,0.000279613841454048
10.874,0.1,0.102228247423776,0.000279753969999018
10.876,0.1,0.102227501027863,0.000279894098543987
10.878,0.1,0.102226754631951,0.000280034227088957
10.88,0.1,0.102226008236038,0.000280174355633926
10.882,0.1,0.102225262768705,0.000280214499112131
10.884,0.1,0.102224517301372,0.000280254642590337
10.886,0.1,0.102223771834039,0.000280294786068543
10.888,0.1,0.102223026366706,0.000280334929546749
10.89,0.1,0.102222280899373,0.000280375073024954
10.892,0.1,0.102221536345802,0.000280264421545324
10.894,0.1,0.102220791792231,0.000280153770065694
10.896,0.1,0.10222004723866,0.000280043118586064
10.898,0.1,0.102219302685089,0.000279932467106433
10.9,0.1,0.102218558131518,0.000279821815626803
10.902,0.1,0.102217814512832,0.000279635785686281
10.904,0.1,0.102217070894147,0.000279449755745759
10.906,0.1,0.102216327275461,0.000279263725805237
10.908,0.1,0.102215583656775,0.000279077695864715
10.91,0.1,0.10221484003809,0.000278891665924193
10.912,0.1,0.102214097392295,0.000278765217349667
10.914,0.1,0.102213354746499,0.000278638768775141
10.916,0.1,0.102212612100704,0.000278512320200615
10.918,0.1,0.102211869454908,0.000278385871626089
10.92,0.1,0.102211126809113,0.000278259423051564
10.922,0.1,0.102210385159525,0.000278276053497432
10.924,0.1,0.102209643509937,0.0002782926839433
10.926,0.1,0.102208901860348,0.000278309314389168
10.928,0.1,0.10220816021076,0.000278325944835036
10.93,0.1,0.102207418561172,0.000278342575280904
10.932,0.1,0.102206677897968,0.000278469173336283
10.934,0.1,0.102205937234764,0.000278595771391662
10.936,0.1,0.102205196571561,0.000278722369447041
10.938,0.1,0.102204455908357,0.00027884896750242
10.94,0.1,0.102203715245153,0.000278975565557798
10.942,0.1,0.102202975532844,0.00027908874764318
10.944,0.1,0.102202235820535,0.000279201929728562
10.946,0.1,0.102201496108226,0.000279315111813943
10.948,0.1,0.102200756395917,0.000279428293899325
10.95,0.1,0.102200016683608,0.000279541475984706
10.952,0.1,0.102199277890413,0.00027953075916435
10.954,0.1,0.102198539097219,0.000279520042343994
10.956,0.1,0.102197800304024,0.000279509325523638
10.958,0.1,0.102197061510829,0.000279498608703282
10.96,0.1,0.102196322717634,0.000279487891882925
10.962,0.1,0.102195584840941,0.000279345315946102
10.964,0.1,0.102194846964249,0.000279202740009279
10.966,0.1,0.102194109087556,0.000279060164072455
10.968,0.1,0.102193371210864,0.000278917588135632
10.97,0.1,0.102192633334172,0.000278775012198809
10.972,0.1,0.102191896400957,0.000278596959031756
10.974,0.1,0.102191159467743,0.000278418905864702
10.976,0.1,0.102190422534528,0.000278240852697649
10.978,0.1,0.102189685601314,0.000278062799530596
10.98,0.1,0.102188948668099,0.000277884746363543
10.982,0.1,0.102188212712858,0.000277794231324731
10.984,0.1,0.102187476757617,0.000277703716285919
10.986,0.1,0.102186740802375,0.000277613201247107
10.988,0.1,0.102186004847134,0.000277522686208295
10.99,0.1,0.102185268891893,0.000277432171169484
10.992,0.1,0.102184533928063,0.000277478305010977
10.994,0.1,0.102183798964232,0.000277524438852469
10.996,0.1,0.102183064000402,0.000277570572693962
10.998,0.1,0.102182329036572,0.000277616706535454
11,0.1,0.102181594072742,0.000277662840376947
11.002,0.1,0.102180860081286,0.000277780663418344
11.004,0.1,0.102180126089831,0.000277898486459741
11.006,0.1,0.102179392098375,0.000278016309501139
11.008,0.1,0.102178658106919,0.000278134132542536
11.01,0.1,0.102177924115464,0.000278251955583933
11.012,0.1,0.102177191061266,0.00027831979599568
11.014,0.1,0.102176458007068,0.000278387636407426
11.016,0.1,0.10217572495287,0.000278455476819173
11.018,0.1,0.102174991898672,0.00027852331723092
11.02,0.1,0.102174258844474,0.000278591157642667
11.022,0.1,0.102173526704574,0.000278529978967216
11.024,0.1,0.102172794564673,0.000278468800291765
11.026,0.1,0.102172062424773,0.000278407621616314
11.028,0.1,0.102171330284873,0.000278346442940863
11.03,0.1,0.102170598144973,0.000278285264265413
11.032,0.1,0.102169866926704,0.000278122527137108
11.034,0.1,0.102169135708436,0.000277959790008803
11.036,0.1,0.102168404490168,0.000277797052880498
11.038,0.1,0.102167673271899,0.000277634315752193
11.04,0.1,0.102166942053631,0.000277471578623888
11.042,0.1,0.102166211788233,0.00027731876719083
11.044,0.1,0.102165481522835,0.000277165955757772
11.046,0.1,0.102164751257438,0.000277013144324714
11.048,0.1,0.10216402099204,0.000276860332891656
11.05,0.1,0.102163290726643,0.000276707521458598
11.052,0.1,0.102162561442207,0.000276665251577779
11.054,0.1,0.102161832157771,0.000276622981696959
11.056,0.1,0.102161102873335,0.00027658071181614
11.058,0.1,0.102160373588899,0.000276538441935321
11.06,0.1,0.102159644304463,0.000276496172054501
11.062,0.1,0.102158916003051,0.00027657357963211
11.064,0.1,0.10215818770164,0.000276650987209719
11.066,0.1,0.102157459400229,0.000276728394787327
11.068,0.1,0.102156731098818,0.000276805802364936
11.07,0.1,0.102156002797407,0.000276883209942545
11.072,0.1,0.102155275453874,0.000276993560265714
11.074,0.1,0.102154548110341,0.000277103910588883
11.076,0.1,0.102153820766808,0.000277214260912053
11.078,0.1,0.102153093423275,0.000277324611235222
11.08,0.1,0.102152366079742,0.000277434961558392
11.082,0.1,0.102151639661643,0.000277465759383415
11.084,0.1,0.102150913243544,0.000277496557208439
11.086,0.1,0.102150186825446,0.000277527355033463
11.088,0.1,0.102149460407347,0.000277558152858486
11.09,0.1,0.102148733989248,0.00027758895068351
11.092,0.1,0.102148008483484,0.000277495545291581
11.094,0.1,0.10214728297772,0.000277402139899653
11.096,0.1,0.102146557471956,0.000277308734507724
11.098,0.1,0.102145831966193,0.000277215329115795
11.1,0.1,0.102145106460429,0.000277121923723867
11.102,0.1,0.102144381882849,0.000276961482409145
11.104,0.1,0.102143657305269,0.000276801041094424
11.106,0.1,0.102142932727689,0.000276640599779703
11.108,0.1,0.10214220815011,0.000276480158464982
11.11,0.1,0.10214148357253,0.000276319717150261
11.112,0.1,0.102140759953431,0.000276200509929467
11.114,0.1,0.102140036334332,0.000276081302708673
11.116,0.1,0.102139312715233,0.000275962095487878
11.118,0.1,0.102138589096134,0.000275842888267084
11.12,0.1,0.102137865477036,0.00027572368104629
11.122,0.1,0.102137142836595,0.000275718511645174
11.124,0.1,0.102136420196155,0.000275713342244057
11.126,0.1,0.102135697555715,0.000275708172842941
11.128,0.1,0.102134974915275,0.000275703003441825
11.13,0.1,0.102134252274835,0.000275697834040709
11.132,0.1,0.102133530606128,0.000275784301296771
11.134,0.1,0.10213280893742,0.000275870768552832
11.136,0.1,0.102132087268712,0.000275957235808893
11.138,0.1,0.102131365600005,0.000276043703064954
11.14,0.1,0.102130643931297,0.000276130170321015
11.142,0.1,0.102129923205806,0.000276209991137916
11.144,0.1,0.102129202480316,0.000276289811954818
11.146,0.1,0.102128481754825,0.000276369632771719
11.148,0.1,0.102127761029334,0.00027644945358862
11.15,0.1,0.102127040303843,0.000276529274405521
11.152,0.1,0.102126320495242,0.000276511707841794
11.154,0.1,0.10212560068664,0.000276494141278068
11.156,0.1,0.102124880878039,0.000276476574714341
11.158,0.1,0.102124161069438,0.000276459008150615
11.16,0.1,0.102123441260837,0.000276441441586888
11.162,0.1,0.102122722365325,0.000276315019499625
11.164,0.1,0.102122003469814,0.000276188597412363
11.166,0.1,0.102121284574302,0.000276062175325101
11.168,0.1,0.102120565678791,0.000275935753237838
11.17,0.1,0.102119846783279,0.000275809331150576
11.172,0.1,0.102119128822149,0.000275650904878071
11.174,0.1,0.102118410861018,0.000275492478605566
11.176,0.1,0.102117692899887,0.00027533405233306
11.178,0.1,0.102116974938756,0.000275175626060555
11.18,0.1,0.102116256977625,0.00027501719978805
11.182,0.1,0.102115539979497,0.000274929438058969
11.184,0.1,0.102114822981368,0.000274841676329888
11.186,0.1,0.10211410598324,0.000274753914600808
11.188,0.1,0.102113388985111,0.000274666152871727
11.19,0.1,0.102112671986983,0.000274578391142646
11.192,0.1,0.102111955963198,0.000274603381851647
11.194,0.1,0.102111239939414,0.000274628372560649
11.196,0.1,0.10211052391563,0.000274653363269651
11.198,0.1,0.102109807891845,0.000274678353978652
11.2,0.1,0.102109091868061,0.000274703344687654
11.202,0.1,0.102108376803849,0.000274791288376818
11.204,0.1,0.102107661739638,0.000274879232065982
11.206,0.1,0.102106946675426,0.000274967175755146
11.208,0.1,0.102106231611215,0.000275055119444309
11.21,0.1,0.102105516547003,0.000275143063133473
11.212,0.1,0.102104802413734,0.000275195219609536
11.214,0.1,0.102104088280466,0.0002752473760856
11.216,0.1,0.102103374147197,0.000275299532561663
11.218,0.1,0.102102660013928,0.000275351689037726
11.22,0.1,0.10210194588066,0.000275403845513789
11.222,0.1,0.102101232658512,0.000275352338173618
11.224,0.1,0.102100519436364,0.000275300830833446
11.226,0.1,0.102099806214216,0.000275249323493275
11.228,0.1,0.102099092992068,0.000275197816153103
11.23,0.1,0.102098379769919,0.000275146308812932
11.232,0.1,0.10209766746398,0.00027501069656564
11.234,0.1,0.102096955158041,0.000274875084318348
11.236,0.1,0.102096242852101,0.000274739472071057
11.238,0.1,0.102095530546162,0.000274603859823765
11.24,0.1,0.102094818240222,0.000274468247576473
11.242,0.1,0.102094106874941,0.000274336245847566
11.244,0.1,0.102093395509659,0.000274204244118659
11.246,0.1,0.102092684144377,0.000274072242389751
11.248,0.1,0.102091972779096,0.000273940240660844
11.25,0.1,0.102091261413814,0.000273808238931937
11.252,0.1,0.102090551011884,0.000273761610951161
11.254,0.1,0.102089840609953,0.000273714982970386
11.256,0.1,0.102089130208023,0.00027366835498961
11.258,0.1,0.102088419806093,0.000273621727008834
11.26,0.1,0.102087709404162,0.000273575099028058
11.262,0.1,0.102086999968328,0.000273625455574675
11.264,0.1,0.102086290532494,0.000273675812121292
11.266,0.1,0.102085581096659,0.000273726168667908
11.268,0.1,0.102084871660825,0.000273776525214525
11.27,0.1,0.102084162224991,0.000273826881761142
11.272,0.1,0.102083453735269,0.000273905924226281
11.274,0.1,0.102082745245548,0.00027398496669142
11.276,0.1,0.102082036755827,0.000274064009156559
11.278,0.1,0.102081328266106,0.000274143051621698
11.28,0.1,0.102080619776385,0.000274222094086836
11.282,0.1,0.102079912206283,0.000274238580579293
11.284,0.1,0.102079204636182,0.00027425506707175
11.286,0.1,0.10207849706608,0.000274271553564206
11.288,0.1,0.102077789495978,0.000274288040056663
11.29,0.1,0.102077081925877,0.000274304526549119
11.292,0.1,0.102076375263912,0.000274219904770042
11.294,0.1,0.102075668601946,0.000274135282990964
11.296,0.1,0.102074961939981,0.000274050661211887
11.298,0.1,0.102074255278016,0.00027396603943281
11.3,0.1,0.102073548616051,0.000273881417653732
11.302,0.1,0.102072842873624,0.000273737793502516
11.304,0.1,0.102072137131198,0.0002735941693513
11.306,0.1,0.102071431388771,0.000273450545200084
11.308,0.1,0.102070725646344,0.000273306921048868
11.31,0.1,0.102070019903918,0.000273163296897652
11.312,0.1,0.102069315105613,0.000273049276195012
11.314,0.1,0.102068610307309,0.000272935255492373
11.316,0.1,0.102067905509004,0.000272821234789734
11.318,0.1,0.102067200710699,0.000272707214087094
11.32,0.1,0.102066495912395,0.000272593193384455
11.322,0.1,0.10206579207553,0.000272571916172192
11.324,0.1,0.102065088238665,0.00027255063895993
11.326,0.1,0.1020643844018,0.000272529361747667
11.328,0.1,0.102063680564935,0.000272508084535404
11.33,0.1,0.10206297672807,0.000272486807323142
11.332,0.1,0.102062273847668,0.000272543160767056
11.334,0.1,0.102061570967266,0.00027259951421097
11.336,0.1,0.102060868086864,0.000272655867654884
11.338,0.1,0.102060165206461,0.000272712221098798
11.34,0.1,0.102059462326059,0.000272768574542712
11.342,0.1,0.102058760379391,0.000272824924714597
11.344,0.1,0.102058058432722,0.000272881274886482
11.346,0.1,0.102057356486053,0.000272937625058367
11.348,0.1,0.102056654539385,0.000272993975230253
11.35,0.1,0.102055952592716,0.000273050325402137
11.352,0.1,0.102055251557591,0.000273030802670608
11.354,0.1,0.102054550522466,0.000273011279939079
11.356,0.1,0.10205384948734,0.000272991757207549
11.358,0.1,0.102053148452215,0.00027297223447602
11.36,0.1,0.10205244741709,0.00027295271174449
11.362,0.1,0.102051747289212,0.000272844335971519
11.364,0.1,0.102051047161335,0.000272735960198549
11.366,0.1,0.102050347033458,0.000272627584425578
11.368,0.1,0.10204964690558,0.000272519208652607
11.37,0.1,0.102048946777703,0.000272410832879636
11.372,0.1,0.102048247573965,0.000272275028571266
11.374,0.1,0.102047548370227,0.000272139224262896
11.376,0.1,0.102046849166489,0.000272003419954526
11.378,0.1,0.102046149962752,0.000271867615646156
11.38,0.1,0.102045450759014,0.000271731811337786
11.382,0.1,0.102044752502284,0.000271651127397871
11.384,0.1,0.102044054245554,0.000271570443457955
11.386,0.1,0.102043355988824,0.000271489759518039
11.388,0.1,0.102042657732094,0.000271409075578124
11.39,0.1,0.102041959475364,0.000271328391638209
11.392,0.1,0.102041262175135,0.000271338456519028
11.394,0.1,0.102040564874905,0.000271348521399847
11.396,0.1,0.102039867574675,0.000271358586280666
11.398,0.1,0.102039170274445,0.000271368651161485
11.4,0.1,0.102038472974215,0.000271378716042304
11.402,0.1,0.102037776619217,0.000271442044663509
11.404,0.1,0.102037080264219,0.000271505373284715
11.406,0.1,0.102036383909221,0.00027156870190592
11.408,0.1,0.102035687554223,0.000271632030527125
11.41,0.1,0.102034991199225,0.000271695359148331
11.412,0.1,0.102034295766015,0.000271731581077063
11.414,0.1,0.102033600332804,0.000271767803005795
11.416,0.1,0.102032904899593,0.000271804024934528
11.418,0.1,0.102032209466382,0.00027184024686326
11.42,0.1,0.102031514033171,0.000271876468791992
11.422,0.1,0.102030819505102,0.000271829012196271
11.424,0.1,0.102030124977033,0.000271781555600549
11.426,0.1,0.102029430448964,0.000271734099004828
11.428,0.1,0.102028735920896,0.000271686642409106
11.43,0.1,0.102028041392827,0.000271639185813384
11.432,0.1,0.102027347773014,0.000271520917187953
11.434,0.1,0.102026654153202,0.000271402648562522
11.436,0.1,0.102025960533389,0.000271284379937091
11.438,0.1,0.102025266913577,0.00027116611131166
11.44,0.1,0.102024573293765,0.000271047842686228
11.442,0.1,0.102023880600968,0.000270926860739585
11.444,0.1,0.102023187908171,0.000270805878792941
11.446,0.1,0.102022495215374,0.000270684896846297
11.448,0.1,0.102021802522577,0.000270563914899653
11.45,0.1,0.10202110982978,0.00027044293295301
11.452,0.1,0.102020418082883,0.000270387901441045
11.454,0.1,0.102019726335986,0.000270332869929081
11.456,0.1,0.102019034589089,0.000270277838417116
11.458,0.1,0.102018342842192,0.000270222806905152
11.46,0.1,0.102017651095295,0.000270167775393187
11.462,0.1,0.102016960297506,0.0002701922924523
11.464,0.1,0.102016269499717,0.000270216809511412
11.466,0.1,0.102015578701928,0.000270241326570525
11.468,0.1,0.102014887904139,0.000270265843629637
11.47,0.1,0.10201419710635,0.00027029036068875
11.472,0.1,0.10201350724193,0.000270341484404937
11.474,0.1,0.102012817377511,0.000270392608121125
11.476,0.1,0.102012127513092,0.000270443731837313
11.478,0.1,0.102011437648672,0.000270494855553501
11.48,0.1,0.102010747784253,0.000270545979269688
11.482,0.1,0.10201005883164,0.000270550189921567
11.484,0.1,0.102009369879028,0.000270554400573447
11.486,0.1,0.102008680926416,0.000270558611225326
11.488,0.1,0.102007991973803,0.000270562821877205
11.49,0.1,0.102007303021191,0.000270567032529084
11.492,0.1,0.102006614969933,0.000270489846586414
11.494,0.1,0.102005926918675,0.000270412660643744
11.496,0.1,0.102005238867417,0.000270335474701074
11.498,0.1,0.102004550816159,0.000270258288758404
11.5,0.1,0.102003862764901,0.000270181102815734
11.502,0.1,0.102003175623367,0.000270054276552069
11.504,0.1,0.102002488481834,0.000269927450288405
11.506,0.1,0.1020018013403,0.00026980062402474
11.508,0.1,0.102001114198767,0.000269673797761076
11.51,0.1,0.102000427057233,0.000269546971497411
11.512,0.1,0.101999740845401,0.000269443075912791
11.514,0.1,0.101999054633569,0.000269339180328172
11.516,0.1,0.101998368421737,0.000269235284743552
11.518,0.1,0.101997682209905,0.000269131389158932
11.52,0.1,0.101996995998073,0.000269027493574312
11.522,0.1,0.101996310730102,0.000268998748727313
11.524,0.1,0.101995625462131,0.000268970003880314
11.526,0.1,0.10199494019416,0.000268941259033315
11.528,0.1,0.101994254926189,0.000268912514186316
11.53,0.1,0.101993569658218,0.000268883769339316
11.532,0.1,0.101992885330557,0.000268920154218541
11.534,0.1,0.101992201002897,0.000268956539097765
11.536,0.1,0.101991516675237,0.000268992923976989
11.538,0.1,0.101990832347577,0.000269029308856213
11.54,0.1,0.101990148019917,0.000269065693735437
11.542,0.1,0.101989464614337,0.000269105432133387
11.544,0.1,0.101988781208757,0.000269145170531336
11.546,0.1,0.101988097803177,0.000269184908929286
11.548,0.1,0.101987414397597,0.000269224647327236
11.55,0.1,0.101986730992017,0.000269264385725186
11.552,0.1,0.101986048489827,0.000269244009589162
11.554,0.1,0.101985365987637,0.000269223633453138
11.556,0.1,0.101984683485447,0.000269203257317114
11.558,0.1,0.101984000983257,0.00026918288118109
11.56,0.1,0.101983318481067,0.000269162505045067
11.562,0.1,0.101982636878134,0.000269069611630956
11.564,0.1,0.1019819552752,0.000268976718216845
11.566,0.1,0.101981273672267,0.000268883824802734
11.568,0.1,0.101980592069333,0.000268790931388623
11.57,0.1,0.101979910466399,0.000268698037974512
11.572,0.1,0.101979229775558,0.000268579894503256
11.574,0.1,0.101978549084716,0.000268461751032001
11.576,0.1,0.101977868393874,0.000268343607560745
11.578,0.1,0.101977187703032,0.00026822546408949
11.58,0.1,0.101976507012191,0.000268107320618234
11.582,0.1,0.101975827251359,0.000268029263610199
11.584,0.1,0.101975147490527,0.000267951206602165
11.586,0.1,0.101974467729695,0.00026787314959413
11.588,0.1,0.101973787968863,0.000267795092586095
11.59,0.1,0.101973108208031,0.00026771703557806
11.592,0.1,0.101972429385564,0.000267710821249597
11.594,0.1,0.101971750563097,0.000267704606921133
11.596,0.1,0.101971071740631,0.00026769839259267
11.598,0.1,0.101970392918164,0.000267692178264206
11.6,0.1,0.101969714095697,0.000267685963935742
11.602,0.1,0.10196903620314,0.000267724233958641
11.604,0.1,0.101968358310582,0.000267762503981539
11.606,0.1,0.101967680418025,0.000267800774004438
11.608,0.1,0.101967002525467,0.000267839044027336
11.61,0.1,0.10196632463291,0.000267877314050234
11.612,0.1,0.101965647651368,0.000267896017413294
11.614,0.1,0.101964970669827,0.000267914720776353
11.616,0.1,0.101964293688286,0.000267933424139412
11.618,0.1,0.101963616706745,0.000267952127502471
11.62,0.1,0.101962939725203,0.00026797083086553
11.622,0.1,0.101962263640704,0.000267923129742883
11.624,0.1,0.101961587556205,0.000267875428620235
11.626,0.1,0.101960911471705,0.000267827727497588
11.628,0.1,0.101960235387206,0.00026778002637494
11.63,0.1,0.101959559302707,0.000267732325252293
11.632,0.1,0.101958884116446,0.000267624815570978
11.634,0.1,0.101958208930185,0.000267517305889663
11.636,0.1,0.101957533743924,0.000267409796208349
11.638,0.1,0.101956858557663,0.000267302286527034
11.64,0.1,0.101956183371402,0.000267194776845719
11.642,0.1,0.101955509098097,0.00026708171320246
11.644,0.1,0.101954834824793,0.000266968649559201
11.646,0.1,0.101954160551488,0.000266855585915942
11.648,0.1,0.101953486278183,0.000266742522272683
11.65,0.1,0.101952812004879,0.000266629458629424
11.652,0.1,0.101952138660484,0.000266569456312463
11.654,0.1,0.101951465316089,0.000266509453995503
11.656,0.1,0.101950791971694,0.000266449451678542
11.658,0.1,0.101950118627299,0.000266389449361582
11.66,0.1,0.101949445282904,0.000266329447044622
11.662,0.1,0.101948772870506,0.000266335985773149
11.664,0.1,0.101948100458108,0.000266342524501676
11.666,0.1,0.10194742804571,0.000266349063230203
11.668,0.1,0.101946755633311,0.00026635560195873
11.67,0.1,0.101946083220913,0.000266362140687257
11.672,0.1,0.101945411728079,0.00026639411801399
11.674,0.1,0.101944740235245,0.000266426095340723
11.676,0.1,0.101944068742411,0.000266458072667457
11.678,0.1,0.101943397249577,0.00026649004999419
11.68,0.1,0.101942725756743,0.000266522027320924
11.682,0.1,0.101942055165582,0.000266519025511259
11.684,0.1,0.101941384574421,0.000266516023701594
11.686,0.1,0.10194071398326,0.00026651302189193
11.688,0.1,0.101940043392098,0.000266510020082265
11.69,0.1,0.101939372800937,0.000266507018272601
11.692,0.1,0.101938703101913,0.000266437962861996
11.694,0.1,0.10193803340289,0.000266368907451392
11.696,0.1,0.101937363703866,0.000266299852040788
11.698,0.1,0.101936694004842,0.000266230796630184
11.7,0.1,0.101936024305818,0.000266161741219579
11.702,0.1,0.101935355505259,0.000266051237105133
11.704,0.1,0.1019346867047,0.000265940732990686
11.706,0.1,0.101934017904141,0.000265830228876239
11.708,0.1,0.101933349103582,0.000265719724761793
11.71,0.1,0.101932680303023,0.000265609220647346
11.712,0.1,0.101932012416844,0.000265515616859703
11.714,0.1,0.101931344530666,0.000265422013072061
11.716,0.1,0.101930676644488,0.000265328409284418
11.718,0.1,0.10193000875831,0.000265234805496776
11.72,0.1,0.101929340872131,0.000265141201709133
11.722,0.1,0.101928673911708,0.000265107016481822
11.724,0.1,0.101928006951285,0.000265072831254511
11.726,0.1,0.101927339990861,0.0002650386460272
11.728,0.1,0.101926673030438,0.000265004460799889
11.73,0.1,0.101926006070014,0.000264970275572578
11.732,0.1,0.101925340032977,0.000264989662678535
11.734,0.1,0.101924673995939,0.000265009049784492
11.736,0.1,0.101924007958901,0.000265028436890449
11.738,0.1,0.101923341921863,0.000265047823996405
11.74,0.1,0.101922675884825,0.000265067211102362
11.742,0.1,0.101922010756484,0.000265090953345808
11.744,0.1,0.101921345628143,0.000265114695589254
11.746,0.1,0.101920680499802,0.0002651384378327
11.748,0.1,0.10192001537146,0.000265162180076146
11.75,0.1,0.101919350243119,0.000265185922319591
11.752,0.1,0.101918686007983,0.000265161929451672
11.754,0.1,0.101918021772847,0.000265137936583752
11.756,0.1,0.101917357537712,0.000265113943715833
11.758,0.1,0.101916693302576,0.000265089950847913
11.76,0.1,0.10191602906744,0.000265065957979993
11.762,0.1,0.101915365721458,0.000264982300520926
11.764,0.1,0.101914702375476,0.000264898643061858
11.766,0.1,0.101914039029494,0.000264814985602791
11.768,0.1,0.101913375683512,0.000264731328143723
11.77,0.1,0.10191271233753,0.000264647670684656
11.772,0.1,0.10191204989002,0.000264539571513989
11.774,0.1,0.10191138744251,0.000264431472343322
11.776,0.1,0.101910724994999,0.000264323373172655
11.778,0.1,0.101910062547489,0.000264215274001988
11.78,0.1,0.101909400099979,0.000264107174831321
11.782,0.1,0.10190873856548,0.000264028338893316
11.784,0.1,0.101908077030982,0.000263949502955311
11.786,0.1,0.101907415496483,0.000263870667017307
11.788,0.1,0.101906753961984,0.000263791831079302
11.79,0.1,0.101906092427486,0.000263712995141297
11.792,0.1,0.101905431813605,0.000263692767374258
11.794,0.1,0.101904771199725,0.000263672539607219
11.796,0.1,0.101904110585844,0.00026365231184018
11.798,0.1,0.101903449971964,0.000263632084073141
11.8,0.1,0.101902789358083,0.000263611856306101
11.802,0.1,0.101902129658383,0.000263630277676684
11.804,0.1,0.101901469958683,0.000263648699047266
11.806,0.1,0.101900810258983,0.000263667120417848
11.808,0.1,0.101900150559283,0.000263685541788431
11.81,0.1,0.101899490859583,0.000263703963159013
11.812,0.1,0.101898832058721,0.000263709726299705
11.814,0.1,0.101898173257858,0.000263715489440398
11.816,0.1,0.101897514456995,0.00026372125258109
11.818,0.1,0.101896855656132,0.000263727015721783
11.82,0.1,0.10189619685527,0.000263732778862475
11.822,0.1,0.10189553894105,0.000263685603118118
11.824,0.1,0.10189488102683,0.000263638427373761
11.826,0.1,0.101894223112609,0.000263591251629403
11.828,0.1,0.101893565198389,0.000263544075885046
11.83,0.1,0.101892907284169,0.000263496900140689
11.832,0.1,0.101892250256665,0.000263399673711151
11.834,0.1,0.101891593229162,0.000263302447281612
11.836,0.1,0.101890936201658,0.000263205220852074
11.838,0.1,0.101890279174154,0.000263107994422536
11.84,0.1,0.101889622146651,0.000263010767992998
11.842,0.1,0.101888966017866,0.00026290827346016
11.844,0.1,0.101888309889082,0.000262805778927323
11.846,0.1,0.101887653760298,0.000262703284394485
11.848,0.1,0.101886997631513,0.000262600789861648
11.85,0.1,0.101886341502729,0.00026249829532881
11.852,0.1,0.101885686285681,0.000262438931418383
11.854,0.1,0.101885031068633,0.000262379567507955
11.856,0.1,0.101884375851584,0.000262320203597527
11.858,0.1,0.101883720634536,0.000262260839687099
11.86,0.1,0.101883065417488,0.000262201475776672
11.862,0.1,0.101882411114728,0.000262196933260247
11.864,0.1,0.101881756811967,0.000262192390743822
11.866,0.1,0.101881102509207,0.000262187848227398
11.868,0.1,0.101880448206447,0.000262183305710973
11.87,0.1,0.101879793903686,0.000262178763194548
11.872,0.1,0.101879140505286,0.000262196766324346
11.874,0.1,0.101878487106886,0.000262214769454144
11.876,0.1,0.101877833708485,0.000262232772583942
11.878,0.1,0.101877180310085,0.00026225077571374
11.88,0.1,0.101876526911685,0.000262268778843537
11.882,0.1,0.101875874402735,0.000262259466340802
11.884,0.1,0.101875221893786,0.000262250153838066
11.886,0.1,0.101874569384836,0.00026224084133533
11.888,0.1,0.101873916875887,0.000262231528832594
11.89,0.1,0.101873264366937,0.000262222216329858
11.892,0.1,0.101872612739274,0.000262159359778037
11.894,0.1,0.101871961111612,0.000262096503226216
11.896,0.1,0.101871309483949,0.000262033646674395
11.898,0.1,0.101870657856286,0.000261970790122574
11.9,0.1,0.101870006228623,0.000261907933570753
11.902,0.1,0.101869355486814,0.000261810024895694
11.904,0.1,0.101868704745006,0.000261712116220635
11.906,0.1,0.101868054003197,0.000261614207545576
11.908,0.1,0.101867403261388,0.000261516298870517
11.91,0.1,0.10186675251958,0.000261418390195458
11.912,0.1,0.101866102675777,0.000261330736277247
11.914,0.1,0.101865452831974,0.000261243082359037
11.916,0.1,0.101864802988171,0.000261155428440826
11.918,0.1,0.101864153144368,0.000261067774522616
11.92,0.1,0.101863503300565,0.000260980120604406
11.922,0.1,0.101862854364202,0.00026093854929209
11.924,0.1,0.101862205427839,0.000260896977979774
11.926,0.1,0.101861556491476,0.000260855406667458
11.928,0.1,0.101860907555112,0.000260813835355143
11.93,0.1,0.101860258618749,0.000260772264042827
11.932,0.1,0.101859610588516,0.000260774815013425
11.934,0.1,0.101858962558283,0.000260777365984022
11.936,0.1,0.10185831452805,0.00026077991695462
11.938,0.1,0.101857666497817,0.000260782467925217
11.94,0.1,0.101857018467584,0.000260785018895815
11.942,0.1,0.10185637133173,0.000260793046953162
11.944,0.1,0.101855724195877,0.000260801075010509
11.946,0.1,0.101855077060023,0.000260809103067856
11.948,0.1,0.10185442992417,0.000260817131125203
11.95,0.1,0.101853782788316,0.00026082515918255
11.952,0.1,0.101853136534015,0.000260796185462841
11.954,0.1,0.101852490279715,0.000260767211743131
11.956,0.1,0.101851844025414,0.000260738238023421
11.958,0.1,0.101851197771113,0.000260709264303711
11.96,0.1,0.101850551516812,0.000260680290584001
11.962,0.1,0.101849906139786,0.000260601920834082
11.964,0.1,0.101849260762759,0.000260523551084163
11.966,0.1,0.101848615385732,0.000260445181334245
11.968,0.1,0.101847970008706,0.000260366811584326
11.97,0.1,0.101847324631679,0.000260288441834407
11.972,0.1,0.101846680138853,0.00026018776649799
11.974,0.1,0.101846035646027,0.000260087091161572
11.976,0.1,0.1018453911532,0.000259986415825155
11.978,0.1,0.101844746660374,0.000259885740488737
11.98,0.1,0.101844102167548,0.00025978506515232
11.982,0.1,0.101843458571128,0.00025970772684975
11.984,0.1,0.101842814974709,0.00025963038854718
11.986,0.1,0.10184217137829,0.00025955305024461
11.988,0.1,0.101841527781871,0.00025947571194204
11.99,0.1,0.101840884185451,0.00025939837363947
11.992,0.1,0.101840241491961,0.000259370078254395
11.994,0.1,0.101839598798471,0.000259341782869321
11.996,0.1,0.101838956104981,0.000259313487484246
11.998,0.1,0.101838313411491,0.000259285192099171
12,0.1,0.101837670718001,0.000259256896714097
12.002,0.1,0.101837028922255,0.000259262241184171
12.004,0.1,0.101836387126509,0.000259267585654245
12.006,0.1,0.101835745330764,0.000259272930124319
12.008,0.1,0.101835103535018,0.000259278274594393
12.01,0.1,0.101834461739273,0.000259283619064467
12.012,0.1,0.101833820828484,0.000259280403545574
12.014,0.1,0.101833179917696,0.000259277188026681
12.016,0.1,0.101832539006907,0.000259273972507788
12.018,0.1,0.101831898096118,0.000259270756988895
12.02,0.1,0.10183125718533,0.000259267541470003
12.022,0.1,0.101830617148958,0.000259221411806847
12.024,0.1,0.101829977112586,0.000259175282143691
12.026,0.1,0.101829337076215,0.000259129152480535
12.028,0.1,0.101828697039843,0.000259083022817379
12.03,0.1,0.101828057003471,0.000259036893154223
12.032,0.1,0.101827417841363,0.000258949936973349
12.034,0.1,0.101826778679255,0.000258862980792476
12.036,0.1,0.101826139517147,0.000258776024611602
12.038,0.1,0.101825500355039,0.000258689068430728
12.04,0.1,0.101824861192931,0.000258602112249854
12.042,0.1,0.101824222914549,0.000258510211394336
12.044,0.1,0.101823584636167,0.000258418310538818
12.046,0.1,0.101822946357786,0.0002583264096833
12.048,0.1,0.101822308079404,0.000258234508827782
12.05,0.1,0.101821669801022,0.000258142607972264
12.052,0.1,0.101821032416453,0.000258083968124202
12.054,0.1,0.101820395031885,0.00025802532827614
12.056,0.1,0.101819757647316,0.000257966688428078
12.058,0.1,0.101819120262747,0.000257908048580017
12.06,0.1,0.101818482878179,0.000257849408731955
12.062,0.1,0.101817846389654,0.000257834624785201
12.064,0.1,0.101817209901128,0.000257819840838447
12.066,0.1,0.101816573412603,0.000257805056891693
12.068,0.1,0.101815936924077,0.000257790272944939
12.07,0.1,0.101815300435552,0.000257775488998185
12.072,0.1,0.101814664835233,0.000257779711717378
12.074,0.1,0.101814029234914,0.000257783934436572
12.076,0.1,0.101813393634595,0.000257788157155765
12.078,0.1,0.101812758034277,0.000257792379874958
12.08,0.1,0.101812122433958,0.000257796602594151
12.082,0.1,0.101811487709668,0.000257779693930887
12.084,0.1,0.101810852985378,0.000257762785267623
12.086,0.1,0.101810218261088,0.000257745876604359
12.088,0.1,0.101809583536798,0.000257728967941095
12.09,0.1,0.101808948812508,0.000257712059277831
12.092,0.1,0.101808314957269,0.000257652100608457
12.094,0.1,0.101807681102029,0.000257592141939083
12.096,0.1,0.101807047246789,0.000257532183269709
12.098,0.1,0.101806413391549,0.000257472224600336
12.1,0.1,0.101805779536309,0.000257412265930962
12.102,0.1,0.101805146552902,0.000257321737464303
12.104,0.1,0.101804513569495,0.000257231208997645
12.106,0.1,0.101803880586088,0.000257140680530986
12.108,0.1,0.101803247602681,0.000257050152064328
12.11,0.1,0.101802614619274,0.000256959623597669
12.112,0.1,0.101801982517194,0.000256874713301973
12.114,0.1,0.101801350415114,0.000256789803006278
12.116,0.1,0.101800718313035,0.000256704892710582
12.118,0.1,0.101800086210955,0.000256619982414886
12.12,0.1,0.101799454108875,0.00025653507211919
12.122,0.1,0.101798822896312,0.000256487374494603
12.124,0.1,0.101798191683749,0.000256439676870016
12.126,0.1,0.101797560471186,0.000256391979245428
12.128,0.1,0.101796929258622,0.000256344281620841
12.13,0.1,0.101796298046059,0.000256296583996254
12.132,0.1,0.101795667722279,0.000256286369629379
12.134,0.1,0.101795037398498,0.000256276155262504
12.136,0.1,0.101794407074718,0.000256265940895629
12.138,0.1,0.101793776750938,0.000256255726528754
12.14,0.1,0.101793146427157,0.000256245512161879
12.142,0.1,0.101792516982599,0.000256242024753953
12.144,0.1,0.10179188753804,0.000256238537346027
12.146,0.1,0.101791258093481,0.000256235049938101
12.148,0.1,0.101790628648922,0.000256231562530175
12.15,0.1,0.101789999204363,0.00025622807512225
12.152,0.1,0.101789370628091,0.00025619568042137
12.154,0.1,0.101788742051819,0.000256163285720491
12.156,0.1,0.101788113475547,0.000256130891019612
12.158,0.1,0.101787484899275,0.000256098496318733
12.16,0.1,0.101786856323003,0.000256066101617853
12.162,0.1,0.101786228610823,0.000255992874487401
12.164,0.1,0.101785600898644,0.000255919647356949
12.166,0.1,0.101784973186464,0.000255846420226497
12.168,0.1,0.101784345474285,0.000255773193096045
12.17,0.1,0.101783717762105,0.000255699965965593
12.172,0.1,0.101783090919604,0.00025560831694062
12.174,0.1,0.101782464077103,0.000255516667915648
12.176,0.1,0.101781837234603,0.000255425018890676
12.178,0.1,0.101781210392102,0.000255333369865704
12.18,0.1,0.101780583549601,0.000255241720840732
12.182,0.1,0.10177995758667,0.000255169198733123
12.184,0.1,0.101779331623739,0.000255096676625514
12.186,0.1,0.101778705660807,0.000255024154517905
12.188,0.1,0.101778079697876,0.000254951632410296
12.19,0.1,0.101777453734945,0.000254879110302687
12.192,0.1,0.10177682865657,0.00025484612035801
12.194,0.1,0.101776203578195,0.000254813130413332
12.196,0.1,0.101775578499819,0.000254780140468655
12.198,0.1,0.101774953421444,0.000254747150523977
12.2,0.1,0.101774328343069,0.0002547141605793
12.202,0.1,0.10177370414508,0.000254708890457366
12.204,0.1,0.101773079947092,0.000254703620335431
12.206,0.1,0.101772455749103,0.000254698350213497
12.208,0.1,0.101771831551114,0.000254693080091563
12.21,0.1,0.101771207353125,0.000254687809969628
12.212,0.1,0.101770584025123,0.000254676475379515
12.214,0.1,0.10176996069712,0.000254665140789401
12.216,0.1,0.101769337369117,0.000254653806199287
12.218,0.1,0.101768714041114,0.000254642471609173
12.22,0.1,0.101768090713111,0.000254631137019059
12.222,0.1,0.101767468246344,0.000254585704972761
12.224,0.1,0.101766845779577,0.000254540272926463
12.226,0.1,0.10176622331281,0.000254494840880165
12.228,0.1,0.101765600846043,0.000254449408833867
12.23,0.1,0.101764978379277,0.000254403976787569
12.232,0.1,0.101764356773218,0.000254325265306622
12.234,0.1,0.101763735167159,0.000254246553825674
12.236,0.1,0.101763113561101,0.000254167842344727
12.238,0.1,0.101762491955042,0.000254089130863779
12.24,0.1,0.101761870348984,0.000254010419382832
12.242,0.1,0.101761249610479,0.000253925274330093
12.244,0.1,0.101760628871975,0.000253840129277355
12.246,0.1,0.10176000813347,0.000253754984224616
12.248,0.1,0.101759387394966,0.000253669839171878
12.25,0.1,0.101758766656461,0.000253584694119139
12.252,0.1,0.101758146793478,0.000253523994812992
12.254,0.1,0.101757526930494,0.000253463295506844
12.256,0.1,0.10175690706751,0.000253402596200697
12.258,0.1,0.101756287204527,0.000253341896894549
12.26,0.1,0.101755667341543,0.000253281197588402
12.262,0.1,0.101755048356388,0.000253255908733212
12.264,0.1,0.101754429371233,0.000253230619878022
12.266,0.1,0.101753810386078,0.000253205331022833
12.268,0.1,0.101753191400923,0.000253180042167643
12.27,0.1,0.101752572415768,0.000253154753312454
12.272,0.1,0.101751954302376,0.000253146418946647
12.274,0.1,0.101751336188984,0.000253138084580841
12.276,0.1,0.101750718075592,0.000253129750215034
12.278,0.1,0.1017500999622,0.000253121415849228
12.28,0.1,0.101749481848808,0.000253113081483421
12.282,0.1,0.101748864597209,0.000253089499999227
12.284,0.1,0.10174824734561,0.000253065918515032
12.286,0.1,0.101747630094012,0.000253042337030838
12.288,0.1,0.101747012842413,0.000253018755546643
12.29,0.1,0.101746395590814,0.000252995174062449
12.292,0.1,0.101745779194619,0.000252936734152247
12.294,0.1,0.101745162798424,0.000252878294242045
12.296,0.1,0.101744546402229,0.000252819854331843
12.298,0.1,0.101743930006034,0.000252761414421641
12.3,0.1,0.101743313609839,0.00025270297451144
12.302,0.1,0.101742698070581,0.000252617974087338
12.304,0.1,0.101742082531322,0.000252532973663236
12.306,0.1,0.101741466992063,0.000252447973239135
12.308,0.1,0.101740851452805,0.000252362972815033
12.31,0.1,0.101740235913546,0.000252277972390931
12.312,0.1,0.10173962123908,0.000252196920287399
12.314,0.1,0.101739006564614,0.000252115868183868
12.316,0.1,0.101738391890147,0.000252034816080336
12.318,0.1,0.101737777215681,0.000251953763976804
12.32,0.1,0.101737162541215,0.000251872711873273
12.322,0.1,0.101736548738408,0.000251822654810339
12.324,0.1,0.101735934935602,0.000251772597747406
12.326,0.1,0.101735321132795,0.000251722540684473
12.328,0.1,0.101734707329989,0.000251672483621539
12.33,0.1,0.101734093527182,0.000251622426558606
12.332,0.1,0.101733480595355,0.00025160394228614
12.334,0.1,0.101732867663528,0.000251585458013675
12.336,0.1,0.101732254731701,0.00025156697374121
12.338,0.1,0.101731641799874,0.000251548489468744
12.34,0.1,0.101731028868047,0.000251530005196278
12.342,0.1,0.101730416799294,0.000251518226159627
12.344,0.1,0.10172980473054,0.000251506447122976
12.346,0.1,0.101729192661787,0.000251494668086325
12.348,0.1,0.101728580593034,0.000251482889049674
12.35,0.1,0.10172796852428,0.000251471110013023
12.352,0.1,0.101727357309327,0.000251436308678287
12.354,0.1,0.101726746094373,0.000251401507343551
12.356,0.1,0.10172613487942,0.000251366706008815
12.358,0.1,0.101725523664466,0.00025133190467408
12.36,0.1,0.101724912449512,0.000251297103339344
12.362,0.1,0.101724302084732,0.000251229347669879
12.364,0.1,0.101723691719951,0.000251161592000415
12.366,0.1,0.10172308135517,0.00025109383633095
12.368,0.1,0.101722470990389,0.000251026080661486
12.37,0.1,0.101721860625608,0.000250958324992021
12.372,0.1,0.101721251115289,0.000250875466575998
12.374,0.1,0.101720641604969,0.000250792608159974
12.376,0.1,0.101720032094649,0.000250709749743951
12.378,0.1,0.10171942258433,0.000250626891327928
12.38,0.1,0.10171881307401,0.000250544032911905
12.382,0.1,0.10171820442556,0.0002504749934341
12.384,0.1,0.10171759577711,0.000250405953956295
12.386,0.1,0.101716987128661,0.000250336914478491
12.388,0.1,0.101716378480211,0.000250267875000686
12.39,0.1,0.101715769831761,0.000250198835522882
12.392,0.1,0.101715162049117,0.000250160383295167
12.394,0.1,0.101714554266473,0.000250121931067452
12.396,0.1,0.101713946483829,0.000250083478839737
12.398,0.1,0.101713338701185,0.000250045026612023
12.4,0.1,0.10171273091854,0.000250006574384308
12.402,0.1,0.101712123998635,0.000249990814112383
12.404,0.1,0.101711517078729,0.000249975053840459
12.406,0.1,0.101710910158823,0.000249959293568534
12.408,0.1,0.101710303238917,0.00024994353329661
12.41,0.1,0.101709696319011,0.000249927773024685
12.412,0.1,0.101709090253525,0.000249908329521252
12.414,0.1,0.101708484188038,0.000249888886017819
12.416,0.1,0.101707878122551,0.000249869442514386
12.418,0.1,0.101707272057064,0.000249849999010953
12.42,0.1,0.101706665991578,0.00024983055550752
12.422,0.1,0.101706060773206,0.000249784585673573
12.424,0.1,0.101705455554834,0.000249738615839627
12.426,0.1,0.101704850336462,0.00024969264600568
12.428,0.1,0.10170424511809,0.000249646676171733
12.43,0.1,0.101703639899718,0.000249600706337786
12.432,0.1,0.101703035527219,0.000249526720126482
12.434,0.1,0.10170243115472,0.000249452733915178
12.436,0.1,0.101701826782222,0.000249378747703874
12.438,0.1,0.101701222409723,0.00024930476149257
12.44,0.1,0.101700618037224,0.000249230775281266
12.442,0.1,0.101700014515547,0.000249149136646847
12.444,0.1,0.10169941099387,0.000249067498012429
12.446,0.1,0.101698807472194,0.00024898585937801
12.448,0.1,0.101698203950517,0.000248904220743592
12.45,0.1,0.10169760042884,0.000248822582109173
12.452,0.1,0.101696997764768,0.000248760096791369
12.454,0.1,0.101696395100697,0.000248697611473564
12.456,0.1,0.101695792436625,0.00024863512615576
12.458,0.1,0.101695189772554,0.000248572640837956
12.46,0.1,0.101694587108483,0.000248510155520151
12.462,0.1,0.10169398530425,0.000248477646139242
12.464,0.1,0.101693383500018,0.000248445136758332
12.466,0.1,0.101692781695786,0.000248412627377423
12.468,0.1,0.101692179891554,0.000248380117996513
12.47,0.1,0.101691578087321,0.000248347608615603
12.472,0.1,0.101690977137977,0.000248330676082748
12.474,0.1,0.101690376188633,0.000248313743549893
12.476,0.1,0.101689775239289,0.000248296811017038
12.478,0.1,0.101689174289946,0.000248279878484183
12.48,0.1,0.101688573340602,0.000248262945951328
12.482,0.1,0.101687973237672,0.000248234772149154
12.484,0.1,0.101687373134742,0.00024820659834698
12.486,0.1,0.101686773031812,0.000248178424544806
12.488,0.1,0.101686172928882,0.000248150250742632
12.49,0.1,0.101685572825952,0.000248122076940457
12.492,0.1,0.101684973563664,0.000248065330725317
12.494,0.1,0.101684374301377,0.000248008584510176
12.496,0.1,0.101683775039089,0.000247951838295035
12.498,0.1,0.101683175776801,0.000247895092079894
12.5,0.1,0.101682576514513,0.000247838345864754
12.502,0.1,0.101681978093963,0.000247759800737809
12.504,0.1,0.101681379673413,0.000247681255610864
12.506,0.1,0.101680781252863,0.00024760271048392
12.508,0.1,0.101680182832313,0.000247524165356975
12.51,0.1,0.101679584411763,0.000247445620230031
12.512,0.1,0.101678986839242,0.000247370293002272
12.514,0.1,0.10167838926672,0.000247294965774513
12.516,0.1,0.101677791694199,0.000247219638546754
12.518,0.1,0.101677194121677,0.000247144311318995
12.52,0.1,0.101676596549156,0.000247068984091236
12.522,0.1,0.101675999829875,0.000247018176728776
12.524,0.1,0.101675403110594,0.000246967369366315
12.526,0.1,0.101674806391313,0.000246916562003854
12.528,0.1,0.101674209672033,0.000246865754641394
12.53,0.1,0.101673612952752,0.000246814947278933
12.532,0.1,0.101673017086095,0.000246789487023797
12.534,0.1,0.101672421219438,0.000246764026768661
12.536,0.1,0.101671825352782,0.000246738566513525
12.538,0.1,0.101671229486125,0.000246713106258389
12.54,0.1,0.101670633619468,0.000246687646003254
12.542,0.1,0.10167003859907,0.000246668102848318
12.544,0.1,0.101669443578672,0.000246648559693381
12.546,0.1,0.101668848558274,0.000246629016538445
12.548,0.1,0.101668253537876,0.000246609473383509
12.55,0.1,0.101667658517478,0.000246589930228573
12.552,0.1,0.101667064335764,0.000246552579768749
12.554,0.1,0.101666470154049,0.000246515229308924
12.556,0.1,0.101665875972335,0.0002464778788491
12.558,0.1,0.101665281790621,0.000246440528389275
12.56,0.1,0.101664687608906,0.000246403177929451
12.562,0.1,0.101664094262685,0.000246339658305814
12.564,0.1,0.101663500916463,0.000246276138682178
12.566,0.1,0.101662907570241,0.000246212619058542
12.568,0.1,0.101662314224019,0.000246149099434906
12.57,0.1,0.101661720877797,0.000246085579811269
12.572,0.1,0.101661128369773,0.000246008318154709
12.574,0.1,0.101660535861749,0.000245931056498148
12.576,0.1,0.101659943353725,0.000245853794841588
12.578,0.1,0.101659350845701,0.000245776533185028
12.58,0.1,0.101658758337678,0.000245699271528467
12.582,0.1,0.1016581666734,0.000245630781026922
12.584,0.1,0.101657575009123,0.000245562290525377
12.586,0.1,0.101656983344845,0.000245493800023831
12.588,0.1,0.101656391680568,0.000245425309522286
12.59,0.1,0.101655800016291,0.000245356819020741
12.592,0.1,0.101655209199316,0.000245312593529586
12.594,0.1,0.101654618382342,0.000245268368038432
12.596,0.1,0.101654027565367,0.000245224142547277
12.598,0.1,0.101653436748393,0.000245179917056122
12.6,0.1,0.101652845931419,0.000245135691564967
12.602,0.1,0.101652255959617,0.000245111232040167
12.604,0.1,0.101651665987816,0.000245086772515367
12.606,0.1,0.101651076016015,0.000245062312990567
12.608,0.1,0.101650486044214,0.000245037853465767
12.61,0.1,0.101649896072412,0.000245013393940967
12.612,0.1,0.101649306938982,0.000244987783656727
12.614,0.1,0.101648717805552,0.000244962173372487
12.616,0.1,0.101648128672121,0.000244936563088247
12.618,0.1,0.101647539538691,0.000244910952804007
12.62,0.1,0.101646950405261,0.000244885342519767
12.622,0.1,0.1016463621037,0.00024483871466197
12.624,0.1,0.101645773802139,0.000244792086804173
12.626,0.1,0.101645185500579,0.000244745458946376
12.628,0.1,0.101644597199018,0.000244698831088579
12.63,0.1,0.101644008897457,0.000244652203230782
12.632,0.1,0.101643421426046,0.000244581537125783
12.634,0.1,0.101642833954635,0.000244510871020783
12.636,0.1,0.101642246483224,0.000244440204915784
12.638,0.1,0.101641659011813,0.000244369538810785
12.64,0.1,0.101641071540402,0.000244298872705785
12.642,0.1,0.101640484903158,0.000244221295145495
12.644,0.1,0.101639898265914,0.000244143717585204
12.646,0.1,0.10163931162867,0.000244066140024913
12.648,0.1,0.101638724991426,0.000243988562464623
12.65,0.1,0.101638138354182,0.000243910984904332
12.652,0.1,0.101637552556825,0.000243849586941033
12.654,0.1,0.101636966759467,0.000243788188977733
12.656,0.1,0.10163638096211,0.000243726791014434
12.658,0.1,0.101635795164753,0.000243665393051134
12.66,0.1,0.101635209367395,0.000243603995087834
12.662,0.1,0.101634624411567,0.000243567599915898
12.664,0.1,0.101634039455738,0.000243531204743961
12.666,0.1,0.101633454499909,0.000243494809572024
12.668,0.1,0.101632869544081,0.000243458414400087
12.67,0.1,0.101632284588252,0.00024342201922815
12.672,0.1,0.101631700469728,0.000243398825027543
12.674,0.1,0.101631116351203,0.000243375630826936
12.676,0.1,0.101630532232679,0.000243352436626329
12.678,0.1,0.101629948114154,0.000243329242425722
12.68,0.1,0.10162936399563,0.000243306048225115
12.682,0.1,0.101628780707272,0.000243273969410881
12.684,0.1,0.101628197418915,0.000243241890596647
12.686,0.1,0.101627614130557,0.000243209811782413
12.688,0.1,0.1016270308422,0.000243177732968179
12.69,0.1,0.101626447553842,0.000243145654153944
12.692,0.1,0.101625865090794,0.000243090574558639
12.694,0.1,0.101625282627747,0.000243035494963333
12.696,0.1,0.101624700164699,0.000242980415368027
12.698,0.1,0.101624117701651,0.000242925335772721
12.7,0.1,0.101623535238603,0.000242870256177415
12.702,0.1,0.10162295360162,0.000242797736567861
12.704,0.1,0.101622371964636,0.000242725216958306
12.706,0.1,0.101621790327653,0.000242652697348752
12.708,0.1,0.101621208690669,0.000242580177739197
12.71,0.1,0.101620627053685,0.000242507658129643
12.712,0.1,0.101620046247337,0.00024243674123351
12.714,0.1,0.101619465440988,0.000242365824337377
12.716,0.1,0.101618884634639,0.000242294907441244
12.718,0.1,0.10161830382829,0.000242223990545111
12.72,0.1,0.101617723021942,0.000242153073648979
12.722,0.1,0.101617143050109,0.000242100455495049
12.724,0.1,0.101616563078277,0.000242047837341119
12.726,0.1,0.101615983106445,0.000241995219187189
12.728,0.1,0.101615403134613,0.000241942601033259
12.73,0.1,0.101614823162781,0.000241889982879329
12.732,0.1,0.10161424402517,0.000241857646513256
12.734,0.1,0.101613664887559,0.000241825310147184
12.736,0.1,0.101613085749948,0.000241792973781111
12.738,0.1,0.101612506612338,0.000241760637415038
12.74,0.1,0.101611927474727,0.000241728301048965
12.742,0.1,0.10161134916637,0.000241701782563501
12.744,0.1,0.101610770858013,0.000241675264078037
12.746,0.1,0.101610192549656,0.000241648745592572
12.748,0.1,0.101609614241299,0.000241622227107108
12.75,0.1,0.101609035932942,0.000241595708621644
12.752,0.1,0.101608458447579,0.000241555982301391
12.754,0.1,0.101607880962215,0.000241516255981138
12.756,0.1,0.101607303476852,0.000241476529660885
12.758,0.1,0.101606725991488,0.000241436803340633
12.76,0.1,0.101606148506125,0.00024139707702038
12.762,0.1,0.101605571840531,0.000241335809263864
12.764,0.1,0.101604995174938,0.000241274541507348
12.766,0.1,0.101604418509345,0.000241213273750832
12.768,0.1,0.101603841843752,0.000241152005994316
12.77,0.1,0.101603265178159,0.0002410907382378
12.772,0.1,0.101602689333883,0.00024101643256696
12.774,0.1,0.101602113489607,0.00024094212689612
12.776,0.1,0.10160153764533,0.000240867821225281
12.778,0.1,0.101600961801054,0.000240793515554441
12.78,0.1,0.101600385956778,0.000240719209883601
12.782,0.1,0.101599810938465,0.000240651256486961
12.784,0.1,0.101599235920152,0.000240583303090321
12.786,0.1,0.101598660901839,0.000240515349693681
12.788,0.1,0.101598085883525,0.000240447396297041
12.79,0.1,0.101597510865212,0.000240379442900401
12.792,0.1,0.10159693667608,0.000240332195078772
12.794,0.1,0.101596362486947,0.000240284947257144
12.796,0.1,0.101595788297814,0.000240237699435516
12.798,0.1,0.101595214108682,0.000240190451613888
12.8,0.1,0.101594639919549,0.000240143203792259
12.802,0.1,0.101594066557772,0.000240113329037022
12.804,0.1,0.101593493195994,0.000240083454281784
12.806,0.1,0.101592919834217,0.000240053579526546
12.808,0.1,0.101592346472439,0.000240023704771308
12.81,0.1,0.101591773110661,0.000239993830016071
12.812,0.1,0.101591200570358,0.000239963732766229
12.814,0.1,0.101590628030054,0.000239933635516388
12.816,0.1,0.10159005548975,0.000239903538266547
12.818,0.1,0.101589482949446,0.000239873441016705
12.82,0.1,0.101588910409143,0.000239843343766864
12.822,0.1,0.101588338684557,0.000239795854396036
12.824,0.1,0.101587766959972,0.000239748365025208
12.826,0.1,0.101587195235387,0.00023970087565438
12.828,0.1,0.101586623510802,0.000239653386283552
12.83,0.1,0.101586051786217,0.000239605896912724
12.832,0.1,0.101585480875837,0.000239538718163102
12.834,0.1,0.101584909965457,0.00023947153941348
12.836,0.1,0.101584339055077,0.000239404360663857
12.838,0.1,0.101583768144697,0.000239337181914235
12.84,0.1,0.101583197234317,0.000239270003164612
12.842,0.1,0.101582627141445,0.000239197724823845
12.844,0.1,0.101582057048573,0.000239125446483077
12.846,0.1,0.1015814869557,0.000239053168142309
12.848,0.1,0.101580916862828,0.000238980889801541
12.85,0.1,0.101580346769956,0.000238908611460773
12.852,0.1,0.101579777498829,0.000238849172387668
12.854,0.1,0.101579208227703,0.000238789733314564
12.856,0.1,0.101578638956576,0.000238730294241459
12.858,0.1,0.10157806968545,0.000238670855168355
12.86,0.1,0.101577500414324,0.000238611416095251
12.862,0.1,0.101576931965954,0.000238571463580153
12.864,0.1,0.101576363517585,0.000238531511065056
12.866,0.1,0.101575795069216,0.000238491558549958
12.868,0.1,0.101575226620847,0.000238451606034861
12.87,0.1,0.101574658172477,0.000238411653519763
12.872,0.1,0.101574090543461,0.000238382272238003
12.874,0.1,0.101573522914444,0.000238352890956243
12.876,0.1,0.101572955285428,0.000238323509674483
12.878,0.1,0.101572387656411,0.000238294128392722
12.88,0.1,0.101571820027395,0.000238264747110962
12.882,0.1,0.101571253211999,0.000238228805248453
12.884,0.1,0.101570686396604,0.000238192863385944
12.886,0.1,0.101570119581209,0.000238156921523435
12.888,0.1,0.101569552765814,0.000238120979660926
12.89,0.1,0.101568985950419,0.000238085037798417
12.892,0.1,0.101568419944609,0.000238031326089658
12.894,0.1,0.1015678539388,0.000237977614380899
12.896,0.1,0.10156728793299,0.00023792390267214
12.898,0.1,0.10156672192718,0.000237870190963381
12.9,0.1,0.10156615592137,0.000237816479254622
12.902,0.1,0.101565590725153,0.000237748033428858
12.904,0.1,0.101565025528936,0.000237679587603095
12.906,0.1,0.101564460332719,0.000237611141777332
12.908,0.1,0.101563895136502,0.000237542695951569
12.91,0.1,0.101563329940285,0.000237474250125806
12.912,0.1,0.101562765556783,0.000237405137623201
12.914,0.1,0.10156220117328,0.000237336025120596
12.916,0.1,0.101561636789778,0.00023726691261799
12.918,0.1,0.101561072406276,0.000237197800115385
12.92,0.1,0.101560508022773,0.00023712868761278
12.922,0.1,0.101559944455292,0.000237073617501634
12.924,0.1,0.10155938088781,0.000237018547390489
12.926,0.1,0.101558817320329,0.000236963477279343
12.928,0.1,0.101558253752847,0.000236908407168197
12.93,0.1,0.101557690185365,0.000236853337057052
12.932,0.1,0.101557127433996,0.00023681569450868
12.934,0.1,0.101556564682626,0.000236778051960308
12.936,0.1,0.101556001931256,0.000236740409411936
12.938,0.1,0.101555439179886,0.000236702766863564
12.94,0.1,0.101554876428516,0.000236665124315192
12.942,0.1,0.10155431448918,0.000236633658115527
12.944,0.1,0.101553752549843,0.000236602191915862
12.946,0.1,0.101553190610507,0.000236570725716196
12.948,0.1,0.101552628671171,0.000236539259516531
12.95,0.1,0.101552066731835,0.000236507793316866
12.952,0.1,0.101551505599003,0.000236466150983441
12.954,0.1,0.101550944466171,0.000236424508650017
12.956,0.1,0.10155038333334,0.000236382866316592
12.958,0.1,0.101549822200508,0.000236341223983168
12.96,0.1,0.101549261067676,0.000236299581649743
12.962,0.1,0.101548700738135,0.000236239566603614
12.964,0.1,0.101548140408594,0.000236179551557484
12.966,0.1,0.101547580079053,0.000236119536511354
12.968,0.1,0.101547019749512,0.000236059521465225
12.97,0.1,0.101546459419971,0.000235999506419095
12.972,0.1,0.101545899894906,0.000235928370875552
12.974,0.1,0.101545340369842,0.000235857235332009
12.976,0.1,0.101544780844777,0.000235786099788466
12.978,0.1,0.101544221319713,0.000235714964244923
12.98,0.1,0.101543661794648,0.00023564382870138
12.982,0.1,0.10154310307802,0.000235578533723799
12.984,0.1,0.101542544361391,0.000235513238746217
12.986,0.1,0.101541985644762,0.000235447943768636
12.988,0.1,0.101541426928133,0.000235382648791055
12.99,0.1,0.101540868211505,0.000235317353813474
12.992,0.1,0.101540310305685,0.000235269337393518
12.994,0.1,0.101539752399866,0.000235221320973563
12.996,0.1,0.101539194494046,0.000235173304553608
12.998,0.1,0.101538636588227,0.000235125288133652
13,0.1,0.101538078682407,0.000235077271713697
13.002,0.1,0.101537521585558,0.000235043201494349
13.004,0.1,0.101536964488709,0.000235009131275002
13.006,0.1,0.101536407391861,0.000234975061055654
13.008,0.1,0.101535850295012,0.000234940990836307
13.01,0.1,0.101535293198163,0.000234906920616959
13.012,0.1,0.101534736905296,0.000234872359929551
13.014,0.1,0.101534180612429,0.000234837799242143
13.016,0.1,0.101533624319561,0.000234803238554734
13.018,0.1,0.101533068026694,0.000234768677867326
13.02,0.1,0.101532511733827,0.000234734117179918
13.022,0.1,0.10153195624027,0.000234685698241588
13.024,0.1,0.101531400746714,0.000234637279303258
13.026,0.1,0.101530845253157,0.000234588860364928
13.028,0.1,0.1015302897596,0.000234540441426598
13.03,0.1,0.101529734266043,0.000234492022488268
13.032,0.1,0.101529179570578,0.000234428467650321
13.034,0.1,0.101528624875113,0.000234364912812374
13.036,0.1,0.101528070179648,0.000234301357974428
13.038,0.1,0.101527515484183,0.000234237803136481
13.04,0.1,0.101526960788718,0.000234174248298534
13.042,0.1,0.10152640689351,0.000234106216727823
13.044,0.1,0.101525852998303,0.000234038185157112
13.046,0.1,0.101525299103095,0.000233970153586401
13.048,0.1,0.101524745207887,0.000233902122015689
13.05,0.1,0.101524191312679,0.000233834090444978
13.052,0.1,0.101523638220632,0.000233774909283744
13.054,0.1,0.101523085128584,0.00023371572812251
13.056,0.1,0.101522532036537,0.000233656546961276
13.058,0.1,0.101521978944489,0.000233597365800042
13.06,0.1,0.101521425852441,0.000233538184638808
13.062,0.1,0.101520873564447,0.000233494097501891
13.064,0.1,0.101520321276452,0.000233450010364975
13.066,0.1,0.101519768988458,0.000233405923228059
13.068,0.1,0.101519216700463,0.000233361836091142
13.07,0.1,0.101518664412469,0.000233317748954226
13.072,0.1,0.101518112926011,0.000233282984546232
13.074,0.1,0.101517561439554,0.000233248220138237
13.076,0.1,0.101517009953097,0.000233213455730243
13.078,0.1,0.101516458466639,0.000233178691322248
13.08,0.1,0.101515906980182,0.000233143926914254
13.082,0.1,0.101515356290595,0.000233105144761979
13.084,0.1,0.101514805601009,0.000233066362609704
13.086,0.1,0.101514254911422,0.000233027580457429
13.088,0.1,0.101513704221836,0.000232988798305155
13.09,0.1,0.101513153532249,0.00023295001615288
13.092,0.1,0.101512603635781,0.000232897093582333
13.094,0.1,0.101512053739312,0.000232844171011786
13.096,0.1,0.101511503842844,0.000232791248441239
13.098,0.1,0.101510953946375,0.000232738325870692
13.1,0.1,0.101510404049907,0.000232685403300145
13.102,0.1,0.101509854945923,0.000232619233217979
13.104,0.1,0.101509305841939,0.000232553063135813
13.106,0.1,0.101508756737955,0.000232486893053647
13.108,0.1,0.101508207633971,0.000232420722971481
13.11,0.1,0.101507658529987,0.000232354552889315
13.112,0.1,0.10150711022099,0.00023228704197251
13.114,0.1,0.101506561911992,0.000232219531055704
13.116,0.1,0.101506013602994,0.000232152020138898
13.118,0.1,0.101505465293997,0.000232084509222093
13.12,0.1,0.101504916984999,0.000232016998305287
13.122,0.1,0.101504369473942,0.000231961611360497
13.124,0.1,0.101503821962884,0.000231906224415707
13.126,0.1,0.101503274451827,0.000231850837470918
13.128,0.1,0.101502726940769,0.000231795450526128
13.13,0.1,0.101502179429712,0.000231740063581338
13.132,0.1,0.10150163271655,0.000231699759649181
13.134,0.1,0.101501086003388,0.000231659455717023
13.136,0.1,0.101500539290225,0.000231619151784866
13.138,0.1,0.101499992577063,0.000231578847852708
13.14,0.1,0.101499445863901,0.00023153854392055
13.142,0.1,0.101498899944968,0.000231503567720046
13.144,0.1,0.101498354026034,0.000231468591519543
13.146,0.1,0.1014978081071,0.000231433615319039
13.148,0.1,0.101497262188167,0.000231398639118535
13.15,0.1,0.101496716269233,0.000231363662918031
13.152,0.1,0.101496171139678,0.000231320083404819
13.154,0.1,0.101495626010122,0.000231276503891606
13.156,0.1,0.101495080880567,0.000231232924378394
13.158,0.1,0.101494535751012,0.000231189344865181
13.16,0.1,0.101493990621456,0.000231145765351969
13.162,0.1,0.101493446278586,0.000231087201316177
13.164,0.1,0.101492901935716,0.000231028637280384
13.166,0.1,0.101492357592846,0.000230970073244592
13.168,0.1,0.101491813249975,0.0002309115092088
13.17,0.1,0.101491268907105,0.000230852945173007
13.172,0.1,0.101490725351948,0.000230786047185209
13.174,0.1,0.10149018179679,0.000230719149197411
13.176,0.1,0.101489638241632,0.000230652251209613
13.178,0.1,0.101489094686475,0.000230585353221814
13.18,0.1,0.101488551131317,0.000230518455234016
13.182,0.1,0.101488008366694,0.000230456220800098
13.184,0.1,0.101487465602071,0.00023039398636618
13.186,0.1,0.101486922837447,0.000230331751932262
13.188,0.1,0.101486380072824,0.000230269517498344
13.19,0.1,0.101485837308201,0.000230207283064426
13.192,0.1,0.101485295335564,0.000230157959590172
13.194,0.1,0.101484753362928,0.000230108636115919
13.196,0.1,0.101484211390291,0.000230059312641665
13.198,0.1,0.101483669417654,0.000230009989167411
13.2,0.1,0.101483127445018,0.000229960665693157
13.202,0.1,0.10148258626287,0.000229922111591189
13.204,0.1,0.101482045080722,0.00022988355748922
13.206,0.1,0.101481503898574,0.000229845003387252
13.208,0.1,0.101480962716426,0.000229806449285283
13.21,0.1,0.101480421534278,0.000229767895183315
13.212,0.1,0.101479881138753,0.000229729604193795
13.214,0.1,0.101479340743227,0.000229691313204276
13.216,0.1,0.101478800347702,0.000229653022214757
13.218,0.1,0.101478259952177,0.000229614731225237
13.22,0.1,0.101477719556651,0.000229576440235718
13.222,0.1,0.101477179943935,0.000229528064265375
13.224,0.1,0.101476640331219,0.000229479688295033
13.226,0.1,0.101476100718503,0.000229431312324691
13.228,0.1,0.101475561105787,0.000229382936354349
13.23,0.1,0.101475021493071,0.000229334560384006
13.232,0.1,0.101474482661653,0.00022927386176548
13.234,0.1,0.101473943830236,0.000229213163146953
13.236,0.1,0.101473404998818,0.000229152464528426
13.238,0.1,0.1014728661674,0.0002290917659099
13.24,0.1,0.101472327335983,0.000229031067291373
13.242,0.1,0.101471789286966,0.00022896506287686
13.244,0.1,0.10147125123795,0.000228899058462347
13.246,0.1,0.101470713188934,0.000228833054047833
13.248,0.1,0.101470175139917,0.00022876704963332
13.25,0.1,0.101469637090901,0.000228701045218807
13.252,0.1,0.101469099826631,0.000228641119509806
13.254,0.1,0.10146856256236,0.000228581193800805
13.256,0.1,0.10146802529809,0.000228521268091804
13.258,0.1,0.10146748803382,0.000228461342382803
13.26,0.1,0.10146695076955,0.000228401416673802
13.262,0.1,0.101466414291085,0.000228354400835542
13.264,0.1,0.10146587781262,0.000228307384997281
13.266,0.1,0.101465341334155,0.00022826036915902
13.268,0.1,0.10146480485569,0.000228213353320759
13.27,0.1,0.101464268377226,0.000228166337482498
13.272,0.1,0.101463732682528,0.000228128190131552
13.274,0.1,0.101463196987831,0.000228090042780605
13.276,0.1,0.101462661293133,0.000228051895429659
13.278,0.1,0.101462125598436,0.000228013748078713
13.28,0.1,0.101461589903739,0.000227975600727766
13.282,0.1,0.101461054988633,0.000227934778025649
13.284,0.1,0.101460520073527,0.000227893955323532
13.286,0.1,0.101459985158421,0.000227853132621415
13.288,0.1,0.101459450243315,0.000227812309919298
13.29,0.1,0.101458915328209,0.00022777148721718
13.292,0.1,0.101458381189112,0.000227718538403427
13.294,0.1,0.101457847050015,0.000227665589589673
13.296,0.1,0.101457312910918,0.00022761264077592
13.298,0.1,0.101456778771821,0.000227559691962166
13.3,0.1,0.101456244632724,0.000227506743148412
13.302,0.1,0.101455711268979,0.000227442486712517
13.304,0.1,0.101455177905234,0.000227378230276622
13.306,0.1,0.101454644541489,0.000227313973840727
13.308,0.1,0.101454111177745,0.000227249717404832
13.31,0.1,0.101453577814,0.000227185460968937
13.312,0.1,0.101453045227803,0.000227120693979684
13.314,0.1,0.101452512641606,0.000227055926990431
13.316,0.1,0.10145198005541,0.000226991160001178
13.318,0.1,0.101451447469213,0.000226926393011925
13.32,0.1,0.101450914883016,0.000226861626022673
13.322,0.1,0.101450383076552,0.000226807138595261
13.324,0.1,0.101449851270088,0.00022675265116785
13.326,0.1,0.101449319463624,0.000226698163740438
13.328,0.1,0.10144878765716,0.000226643676313026
13.33,0.1,0.101448255850696,0.000226589188885615
13.332,0.1,0.10144772482353,0.000226546612264296
13.334,0.1,0.101447193796364,0.000226504035642977
13.336,0.1,0.101446662769198,0.000226461459021658
13.338,0.1,0.101446131742031,0.000226418882400339
13.34,0.1,0.101445600714865,0.00022637630577902
13.342,0.1,0.101445070463848,0.000226337708568229
13.344,0.1,0.101444540212831,0.000226299111357437
13.346,0.1,0.101444009961814,0.000226260514146646
13.348,0.1,0.101443479710796,0.000226221916935854
13.35,0.1,0.101442949459779,0.000226183319725062
13.352,0.1,0.101442419980993,0.000226138029305802
13.354,0.1,0.101441890502207,0.000226092738886541
13.356,0.1,0.10144136102342,0.00022604744846728
13.358,0.1,0.101440831544634,0.000226002158048019
13.36,0.1,0.101440302065848,0.000225956867628758
13.362,0.1,0.101439773357119,0.000225900300626556
13.364,0.1,0.10143924464839,0.000225843733624353
13.366,0.1,0.101438715939661,0.00022578716662215
13.368,0.1,0.101438187230933,0.000225730599619947
13.37,0.1,0.101437658522204,0.000225674032617744
13.372,0.1,0.101437130583931,0.000225610667120358
13.374,0.1,0.101436602645658,0.000225547301622973
13.376,0.1,0.101436074707385,0.000225483936125587
13.378,0.1,0.101435546769112,0.000225420570628202
13.38,0.1,0.101435018830839,0.000225357205130817
13.382,0.1,0.101434491664718,0.000225296149607643
13.384,0.1,0.101433964498597,0.00022523509408447
13.386,0.1,0.101433437332475,0.000225174038561296
13.388,0.1,0.101432910166354,0.000225112983038123
13.39,0.1,0.101432383000232,0.00022505192751495
13.392,0.1,0.101431856607412,0.000225000374399995
13.394,0.1,0.101431330214593,0.00022494882128504
13.396,0.1,0.101430803821773,0.000224897268170085
13.398,0.1,0.101430277428953,0.00022484571505513
13.4,0.1,0.101429751036133,0.000224794161940175
13.402,0.1,0.101429225415688,0.000224751962929292
13.404,0.1,0.101428699795242,0.000224709763918408
13.406,0.1,0.101428174174796,0.000224667564907525
13.408,0.1,0.10142764855435,0.000224625365896642
13.41,0.1,0.101427122933905,0.000224583166885759
13.412,0.1,0.101426598082726,0.000224542506736475
13.414,0.1,0.101426073231547,0.000224501846587191
13.416,0.1,0.101425548380368,0.000224461186437907
13.418,0.1,0.101425023529189,0.000224420526288624
13.42,0.1,0.10142449867801,0.00022437986613934
13.422,0.1,0.10142397459258,0.000224331497008646
13.424,0.1,0.10142345050715,0.000224283127877952
13.426,0.1,0.101422926421719,0.000224234758747258
13.428,0.1,0.101422402336289,0.000224186389616564
13.43,0.1,0.101421878250859,0.00022413802048587
13.432,0.1,0.101421354929327,0.00022407859066388
13.434,0.1,0.101420831607795,0.00022401916084189
13.436,0.1,0.101420308286262,0.000223959731019901
13.438,0.1,0.10141978496473,0.000223900301197911
13.44,0.1,0.101419261643198,0.000223840871375922
13.442,0.1,0.101418739086324,0.000223776204035127
13.444,0.1,0.10141821652945,0.000223711536694333
13.446,0.1,0.101417693972576,0.000223646869353538
13.448,0.1,0.101417171415702,0.000223582202012744
13.45,0.1,0.101416648858828,0.000223517534671949
13.452,0.1,0.101416127068782,0.000223458363725525
13.454,0.1,0.101415605278735,0.0002233991927791
13.456,0.1,0.101415083488689,0.000223340021832676
13.458,0.1,0.101414561698642,0.000223280850886252
13.46,0.1,0.101414039908596,0.000223221679939828
13.462,0.1,0.101413518886167,0.000223173913241961
13.464,0.1,0.101412997863739,0.000223126146544095
13.466,0.1,0.10141247684131,0.000223078379846229
13.468,0.1,0.101411955818882,0.000223030613148363
13.47,0.1,0.101411434796453,0.000222982846450497
13.472,0.1,0.101410914539603,0.000222942481321241
13.474,0.1,0.101410394282753,0.000222902116191985
13.476,0.1,0.101409874025904,0.00022286175106273
13.478,0.1,0.101409353769054,0.000222821385933474
13.48,0.1,0.101408833512204,0.000222781020804219
13.482,0.1,0.101408314017195,0.000222738072867487
13.484,0.1,0.101407794522186,0.000222695124930754
13.486,0.1,0.101407275027177,0.000222652176994022
13.488,0.1,0.101406755532168,0.00022260922905729
13.49,0.1,0.101406236037159,0.000222566281120557
13.492,0.1,0.101405717300998,0.000222513349776354
13.494,0.1,0.101405198564836,0.000222460418432152
13.496,0.1,0.101404679828675,0.000222407487087949
13.498,0.1,0.101404161092513,0.000222354555743746
13.5,0.1,0.101403642356351,0.000222301624399544
13.502,0.1,0.101403124378576,0.000222240167368698
13.504,0.1,0.101402606400801,0.000222178710337853
13.506,0.1,0.101402088423026,0.000222117253307008
13.508,0.1,0.101401570445251,0.000222055796276162
13.51,0.1,0.101401052467475,0.000221994339245317
13.512,0.1,0.101400535249547,0.000221932589662109
13.514,0.1,0.10140001803162,0.0002218708400789
13.516,0.1,0.101399500813692,0.000221809090495692
13.518,0.1,0.101398983595764,0.000221747340912484
13.52,0.1,0.101398466377836,0.000221685591329276
13.522,0.1,0.101397949921022,0.000221631160485033
13.524,0.1,0.101397433464207,0.000221576729640789
13.526,0.1,0.101396917007393,0.000221522298796546
13.528,0.1,0.101396400550579,0.000221467867952303
13.53,0.1,0.101395884093765,0.00022141343710806
13.532,0.1,0.101395368397622,0.000221367930393676
13.534,0.1,0.10139485270148,0.000221322423679292
13.536,0.1,0.101394337005338,0.000221276916964908
13.538,0.1,0.101393821309196,0.000221231410250524
13.54,0.1,0.101393305613053,0.000221185903536141
13.542,0.1,0.101392790675207,0.000221144085581683
13.544,0.1,0.10139227573736,0.000221102267627225
13.546,0.1,0.101391760799513,0.000221060449672768
13.548,0.1,0.101391245861666,0.00022101863171831
13.55,0.1,0.10139073092382,0.000220976813763853
13.552,0.1,0.101390216741127,0.00022093073615115
13.554,0.1,0.101389702558434,0.000220884658538446
13.556,0.1,0.101389188375742,0.000220838580925743
13.558,0.1,0.101388674193049,0.00022079250331304
13.56,0.1,0.101388160010356,0.000220746425700336
13.562,0.1,0.101387646580643,0.000220691545771664
13.564,0.1,0.101387133150929,0.000220636665842992
13.566,0.1,0.101386619721216,0.00022058178591432
13.568,0.1,0.101386106291502,0.000220526905985648
13.57,0.1,0.101385592861789,0.000220472026056976
13.572,0.1,0.101385080184736,0.000220410377703143
13.574,0.1,0.101384567507683,0.00022034872934931
13.576,0.1,0.101384054830631,0.000220287080995476
13.578,0.1,0.101383542153578,0.000220225432641643
13.58,0.1,0.101383029476525,0.00022016378428781
13.582,0.1,0.10138251755338,0.000220102907683768
13.584,0.1,0.101382005630234,0.000220042031079726
13.586,0.1,0.101381493707089,0.000219981154475685
13.588,0.1,0.101380981783943,0.000219920277871643
13.59,0.1,0.101380469860797,0.000219859401267601
13.592,0.1,0.101379958692795,0.000219806762527412
13.594,0.1,0.101379447524794,0.000219754123787223
13.596,0.1,0.101378936356792,0.000219701485047034
13.598,0.1,0.10137842518879,0.000219648846306845
13.6,0.1,0.101377914020788,0.000219596207566656
13.602,0.1,0.101377403607202,0.000219552373924012
13.604,0.1,0.101376893193617,0.000219508540281368
13.606,0.1,0.101376382780031,0.000219464706638725
13.608,0.1,0.101375872366445,0.000219420872996081
13.61,0.1,0.101375361952859,0.000219377039353437
13.612,0.1,0.101374852290786,0.000219334955420851
13.614,0.1,0.101374342628713,0.000219292871488266
13.616,0.1,0.10137383296664,0.00021925078755568
13.618,0.1,0.101373323304566,0.000219208703623094
13.62,0.1,0.101372813642493,0.000219166619690509
13.622,0.1,0.101372304728586,0.000219117680145913
13.624,0.1,0.101371795814679,0.000219068740601318
13.626,0.1,0.101371286900772,0.000219019801056723
13.628,0.1,0.101370777986865,0.000218970861512128
13.63,0.1,0.101370269072958,0.000218921921967533
13.632,0.1,0.101369760905555,0.000218863424019419
13.634,0.1,0.101369252738152,0.000218804926071305
13.636,0.1,0.101368744570749,0.000218746428123191
13.638,0.1,0.101368236403346,0.000218687930175078
13.64,0.1,0.101367728235943,0.000218629432226964
13.642,0.1,0.101367220815826,0.000218567219330028
13.644,0.1,0.10136671339571,0.000218505006433092
13.646,0.1,0.101366205975593,0.000218442793536155
13.648,0.1,0.101365698555476,0.000218380580639219
13.65,0.1,0.101365191135359,0.000218318367742283
13.652,0.1,0.101364684464131,0.000218261179323788
13.654,0.1,0.101364177792903,0.000218203990905292
13.656,0.1,0.101363671121675,0.000218146802486797
13.658,0.1,0.101363164450447,0.000218089614068301
13.66,0.1,0.101362657779219,0.000218032425649806
13.662,0.1,0.101362151857064,0.000217984072761514
13.664,0.1,0.101361645934909,0.000217935719873222
13.666,0.1,0.101361140012754,0.00021788736698493
13.668,0.1,0.101360634090599,0.000217839014096638
13.67,0.1,0.101360128168444,0.000217790661208346
13.672,0.1,0.101359622993481,0.000217747690569172
13.674,0.1,0.101359117818517,0.000217704719929997
13.676,0.1,0.101358612643554,0.000217661749290823
13.678,0.1,0.101358107468591,0.000217618778651649
13.68,0.1,0.101357602293628,0.000217575808012474
13.682,0.1,0.101357097862868,0.000217530840386276
13.684,0.1,0.101356593432109,0.000217485872760078
13.686,0.1,0.10135608900135,0.000217440905133879
13.688,0.1,0.101355584570591,0.000217395937507681
13.69,0.1,0.101355080139832,0.000217350969881483
13.692,0.1,0.101354576450911,0.000217298773340097
13.694,0.1,0.10135407276199,0.000217246576798712
13.696,0.1,0.101353569073069,0.000217194380257326
13.698,0.1,0.101353065384148,0.000217142183715941
13.7,0.1,0.101352561695227,0.000217089987174555
13.702,0.1,0.10135205874745,0.000217031214657055
13.704,0.1,0.101351555799673,0.000216972442139555
13.706,0.1,0.101351052851896,0.000216913669622055
13.708,0.1,0.101350549904119,0.000216854897104554
13.71,0.1,0.101350046956342,0.000216796124587054
13.712,0.1,0.101349544750308,0.000216736034630494
13.714,0.1,0.101349042544274,0.000216675944673933
13.716,0.1,0.101348540338241,0.000216615854717372
13.718,0.1,0.101348038132207,0.000216555764760812
13.72,0.1,0.101347535926173,0.000216495674804251
13.722,0.1,0.101347034462743,0.000216440457332048
13.724,0.1,0.101346532999313,0.000216385239859845
13.726,0.1,0.101346031535883,0.000216330022387643
13.728,0.1,0.101345530072453,0.00021627480491544
13.73,0.1,0.101345028609024,0.000216219587443237
13.732,0.1,0.10134452788808,0.00021617195373863
13.734,0.1,0.101344027167137,0.000216124320034023
13.736,0.1,0.101343526446193,0.000216076686329416
13.738,0.1,0.10134302572525,0.000216029052624809
13.74,0.1,0.101342525004306,0.000215981418920202
13.742,0.1,0.101342025023985,0.000215937932531041
13.744,0.1,0.101341525043664,0.00021589444614188
13.746,0.1,0.101341025063343,0.00021585095975272
13.748,0.1,0.101340525083021,0.000215807473363559
13.75,0.1,0.1013400251027,0.000215763986974398
13.752,0.1,0.101339525860095,0.000215717563432621
13.754,0.1,0.10133902661749,0.000215671139890844
13.756,0.1,0.101338527374885,0.000215624716349067
13.758,0.1,0.10133802813228,0.00021557829280729
13.76,0.1,0.101337528889675,0.000215531869265513
13.762,0.1,0.101337030382464,0.000215477502332774
13.764,0.1,0.101336531875252,0.000215423135400034
13.766,0.1,0.101336033368041,0.000215368768467295
13.768,0.1,0.10133553486083,0.000215314401534556
13.77,0.1,0.101335036353618,0.000215260034601816
13.772,0.1,0.101334538581355,0.000215199312735035
13.774,0.1,0.101334040809092,0.000215138590868253
13.776,0.1,0.101333543036829,0.000215077869001472
13.778,0.1,0.101333045264566,0.00021501714713469
13.78,0.1,0.101332547492303,0.000214956425267909
13.782,0.1,0.101332050456224,0.000214896803512433
13.784,0.1,0.101331553420146,0.000214837181756958
13.786,0.1,0.101331056384067,0.000214777560001483
13.788,0.1,0.101330559347988,0.000214717938246008
13.79,0.1,0.10133006231191,0.000214658316490532
13.792,0.1,0.101329566012972,0.000214606273355127
13.794,0.1,0.101329069714034,0.000214554230219722
13.796,0.1,0.101328573415097,0.000214502187084316
13.798,0.1,0.101328077116159,0.000214450143948911
13.8,0.1,0.101327580817222,0.000214398100813505
13.802,0.1,0.101327085254416,0.000214353249206229
13.804,0.1,0.101326589691611,0.000214308397598953
13.806,0.1,0.101326094128806,0.000214263545991677
13.808,0.1,0.101325598566,0.000214218694384401
13.81,0.1,0.101325103003195,0.000214173842777124
13.812,0.1,0.101324608173815,0.000214129829814236
13.814,0.1,0.101324113344436,0.000214085816851347
13.816,0.1,0.101323618515056,0.000214041803888459
13.818,0.1,0.101323123685677,0.00021399779092557
13.82,0.1,0.101322628856297,0.000213953777962682
13.822,0.1,0.101322134757568,0.000213903977365179
13.824,0.1,0.101321640658839,0.000213854176767676
13.826,0.1,0.10132114656011,0.000213804376170173
13.828,0.1,0.101320652461381,0.000213754575572669
13.83,0.1,0.101320158362652,0.000213704774975166
13.832,0.1,0.101319664993342,0.000213647945039581
13.834,0.1,0.101319171624032,0.000213591115103995
13.836,0.1,0.101318678254722,0.000213534285168409
13.838,0.1,0.101318184885412,0.000213477455232824
13.84,0.1,0.101317691516102,0.000213420625297238
13.842,0.1,0.101317198876623,0.000213361301073522
13.844,0.1,0.101316706237144,0.000213301976849805
13.846,0.1,0.101316213597665,0.000213242652626088
13.848,0.1,0.101315720958185,0.000213183328402372
13.85,0.1,0.101315228318706,0.000213124004178655
13.852,0.1,0.101314736409804,0.000213067955676069
13.854,0.1,0.101314244500901,0.000213011907173482
13.856,0.1,0.101313752591998,0.000212955858670895
13.858,0.1,0.101313260683096,0.000212899810168309
13.86,0.1,0.101312768774193,0.000212843761665722
13.862,0.1,0.101312277595793,0.000212793890299024
13.864,0.1,0.101311786417393,0.000212744018932326
13.866,0.1,0.101311295238993,0.000212694147565628
13.868,0.1,0.101310804060593,0.00021264427619893
13.87,0.1,0.101310312882193,0.000212594404832231
13.872,0.1,0.101309822432934,0.000212549046300499
13.874,0.1,0.101309331983675,0.000212503687768767
13.876,0.1,0.101308841534417,0.000212458329237035
13.878,0.1,0.101308351085158,0.000212412970705303
13.88,0.1,0.101307860635899,0.000212367612173571
13.882,0.1,0.101307370913457,0.000212321694231631
13.884,0.1,0.101306881191015,0.00021227577628969
13.886,0.1,0.101306391468574,0.000212229858347749
13.888,0.1,0.101305901746132,0.000212183940405809
13.89,0.1,0.10130541202369,0.000212138022463868
13.892,0.1,0.101304923025839,0.000212086824488435
13.894,0.1,0.101304434027987,0.000212035626513002
13.896,0.1,0.101303945030136,0.000211984428537569
13.898,0.1,0.101303456032285,0.000211933230562136
13.9,0.1,0.101302967034434,0.000211882032586703
13.902,0.1,0.101302478760018,0.00021182464269195
13.904,0.1,0.101301990485603,0.000211767252797196
13.906,0.1,0.101301502211188,0.000211709862902443
13.908,0.1,0.101301013936773,0.00021165247300769
13.91,0.1,0.101300525662357,0.000211595083112937
13.912,0.1,0.101300038111634,0.000211535557560554
13.914,0.1,0.101299550560911,0.00021147603200817
13.916,0.1,0.101299063010187,0.000211416506455786
13.918,0.1,0.101298575459464,0.000211356980903403
13.92,0.1,0.101298087908741,0.000211297455351019
13.922,0.1,0.101297601082639,0.000211242180059415
13.924,0.1,0.101297114256538,0.00021118690476781
13.926,0.1,0.101296627430437,0.000211131629476206
13.928,0.1,0.101296140604336,0.000211076354184601
13.93,0.1,0.101295653778234,0.000211021078892997
13.932,0.1,0.101295167676706,0.000210972993180435
13.934,0.1,0.101294681575178,0.000210924907467874
13.936,0.1,0.10129419547365,0.000210876821755312
13.938,0.1,0.101293709372122,0.000210828736042751
13.94,0.1,0.101293223270594,0.000210780650330189
13.942,0.1,0.101292737891767,0.000210736318055497
13.944,0.1,0.101292252512941,0.000210691985780804
13.946,0.1,0.101291767134114,0.000210647653506112
13.948,0.1,0.101291281755287,0.000210603321231419
13.95,0.1,0.101290796376461,0.000210558988956727
13.952,0.1,0.101290311717533,0.000210511713461829
13.954,0.1,0.101289827058605,0.000210464437966932
13.956,0.1,0.101289342399678,0.000210417162472034
13.958,0.1,0.10128885774075,0.000210369886977136
13.96,0.1,0.101288373081822,0.000210322611482239
13.962,0.1,0.101287889140755,0.000210268363023192
13.964,0.1,0.101287405199687,0.000210214114564145
13.966,0.1,0.10128692125862,0.000210159866105099
13.968,0.1,0.101286437317552,0.000210105617646052
13.97,0.1,0.101285953376485,0.000210051369187005
13.972,0.1,0.101285470153067,0.000209992498784653
13.974,0.1,0.101284986929648,0.000209933628382301
13.976,0.1,0.10128450370623,0.000209874757979949
13.978,0.1,0.101284020482812,0.000209815887577597
13.98,0.1,0.101283537259394,0.000209757017175245
13.982,0.1,0.101283054754512,0.00020969973090822
13.984,0.1,0.101282572249629,0.000209642444641195
13.986,0.1,0.101282089744747,0.00020958515837417
13.988,0.1,0.101281607239865,0.000209527872107146
13.99,0.1,0.101281124734982,0.000209470585840121
13.992,0.1,0.101280642948918,0.000209419021137464
13.994,0.1,0.101280161162854,0.000209367456434807
13.996,0.1,0.10127967937679,0.00020931589173215
13.998,0.1,0.101279197590726,0.000209264327029493
14,0.1,0.101278715804662,0.000209212762326836
14.002,0.1,0.101278234736294,0.000209166133739093
14.004,0.1,0.101277753667926,0.00020911950515135
14.006,0.1,0.101277272599557,0.000209072876563607
14.008,0.1,0.101276791531189,0.000209026247975864
14.01,0.1,0.101276310462821,0.000208979619388121
14.012,0.1,0.101275830110018,0.000208933560517252
14.014,0.1,0.101275349757216,0.000208887501646383
14.016,0.1,0.101274869404413,0.000208841442775514
14.018,0.1,0.10127438905161,0.000208795383904646
14.02,0.1,0.101273908698807,0.000208749325033777
14.022,0.1,0.101273429059457,0.000208699496796078
14.024,0.1,0.101272949420107,0.00020864966855838
14.026,0.1,0.101272469780757,0.000208599840320682
14.028,0.1,0.101271990141407,0.000208550012082984
14.03,0.1,0.101271510502057,0.000208500183845286
14.032,0.1,0.101271031574929,0.000208445347239369
14.034,0.1,0.101270552647801,0.000208390510633452
14.036,0.1,0.101270073720673,0.000208335674027535
14.038,0.1,0.101269594793545,0.000208280837421618
14.04,0.1,0.101269115866417,0.000208226000815702
14.042,0.1,0.101268637651255,0.000208168391502909
14.044,0.1,0.101268159436093,0.000208110782190117
14.046,0.1,0.10126768122093,0.000208053172877325
14.048,0.1,0.101267203005768,0.000207995563564532
14.05,0.1,0.101266724790606,0.00020793795425174
14.052,0.1,0.101266247287735,0.000207881869638364
14.054,0.1,0.101265769784865,0.000207825785024989
14.056,0.1,0.101265292281994,0.000207769700411613
14.058,0.1,0.101264814779123,0.000207713615798238
14.06,0.1,0.101264337276253,0.000207657531184862
14.062,0.1,0.101263860485808,0.000207606557690859
14.064,0.1,0.101263383695363,0.000207555584196855
14.066,0.1,0.101262906904919,0.000207504610702851
14.068,0.1,0.101262430114474,0.000207453637208847
14.07,0.1,0.10126195332403,0.000207402663714844
14.072,0.1,0.101261477245018,0.000207356404090544
14.074,0.1,0.101261001166006,0.000207310144466245
14.076,0.1,0.101260525086993,0.000207263884841945
14.078,0.1,0.101260049007981,0.000207217625217646
14.08,0.1,0.101259572928969,0.000207171365593346
14.082,0.1,0.10125909755921,0.000207125273856885
14.084,0.1,0.101258622189452,0.000207079182120424
14.086,0.1,0.101258146819693,0.000207033090383962
14.088,0.1,0.101257671449934,0.000206986998647501
14.09,0.1,0.101257196080175,0.000206940906911039
14.092,0.1,0.101256721417357,0.000206889988001703
14.094,0.1,0.101256246754538,0.000206839069092366
14.096,0.1,0.10125577209172,0.000206788150183029
14.098,0.1,0.101255297428901,0.000206737231273693
14.1,0.1,0.101254822766082,0.000206686312364356
14.102,0.1,0.101254348809033,0.000206629585411705
14.104,0.1,0.101253874851984,0.000206572858459054
14.106,0.1,0.101253400894934,0.000206516131506403
14.108,0.1,0.101252926937885,0.000206459404553752
14.11,0.1,0.101252452980836,0.000206402677601101
14.112,0.1,0.101251979729928,0.000206344542534745
14.114,0.1,0.10125150647902,0.000206286407468389
14.116,0.1,0.101251033228112,0.000206228272402033
14.118,0.1,0.101250559977205,0.000206170137335677
14.12,0.1,0.101250086726297,0.00020611200226932
14.122,0.1,0.101249614182269,0.000206058140219204
14.124,0.1,0.101249141638242,0.000206004278169087
14.126,0.1,0.101248669094214,0.00020595041611897
14.128,0.1,0.101248196550186,0.000205896554068853
14.13,0.1,0.101247724006159,0.000205842692018737
14.132,0.1,0.101247252168561,0.000205794647485173
14.134,0.1,0.101246780330963,0.000205746602951609
14.136,0.1,0.101246308493366,0.000205698558418045
14.138,0.1,0.101245836655768,0.000205650513884481
14.14,0.1,0.10124536481817,0.000205602469350917
14.142,0.1,0.101244893685125,0.000205556785406544
14.144,0.1,0.10124442255208,0.00020551110146217
14.146,0.1,0.101243951419034,0.000205465417517797
14.148,0.1,0.101243480285989,0.000205419733573423
14.15,0.1,0.101243009152944,0.00020537404962905
14.152,0.1,0.101242538722132,0.000205325690785292
14.154,0.1,0.101242068291321,0.000205277331941534
14.156,0.1,0.101241597860509,0.000205228973097776
14.158,0.1,0.101241127429698,0.000205180614254019
14.16,0.1,0.101240656998886,0.000205132255410261
14.162,0.1,0.101240187268786,0.000205078944445827
14.164,0.1,0.101239717538686,0.000205025633481393
14.166,0.1,0.101239247808586,0.000204972322516959
14.168,0.1,0.101238778078485,0.000204919011552525
14.17,0.1,0.101238308348385,0.00020486570058809
14.172,0.1,0.101237839318662,0.000204809330569265
14.174,0.1,0.101237370288938,0.00020475296055044
14.176,0.1,0.101236901259214,0.000204696590531615
14.178,0.1,0.101236432229491,0.00020464022051279
14.18,0.1,0.101235963199767,0.000204583850493964
14.182,0.1,0.101235494870592,0.00020452814617272
14.184,0.1,0.101235026541418,0.000204472441851475
14.186,0.1,0.101234558212243,0.00020441673753023
14.188,0.1,0.101234089883068,0.000204361033208985
14.19,0.1,0.101233621553893,0.00020430532888774
14.192,0.1,0.101233153925191,0.000204253164602021
14.194,0.1,0.101232686296488,0.000204201000316302
14.196,0.1,0.101232218667786,0.000204148836030583
14.198,0.1,0.101231751039084,0.000204096671744864
14.2,0.1,0.101231283410382,0.000204044507459145
14.202,0.1,0.101230816481393,0.000203996322230462
14.204,0.1,0.101230349552404,0.000203948137001779
14.206,0.1,0.101229882623416,0.000203899951773096
14.208,0.1,0.101229415694427,0.000203851766544413
14.21,0.1,0.101228948765439,0.00020380358131573
14.212,0.1,0.101228482534582,0.000203756892880462
14.214,0.1,0.101228016303724,0.000203710204445195
14.216,0.1,0.101227550072867,0.000203663516009927
14.218,0.1,0.10122708384201,0.000203616827574659
14.22,0.1,0.101226617611153,0.000203570139139391
14.222,0.1,0.101226152076459,0.000203521116004713
14.224,0.1,0.101225686541765,0.000203472092870036
14.226,0.1,0.101225221007071,0.000203423069735358
14.228,0.1,0.101224755472377,0.00020337404660068
14.23,0.1,0.101224289937683,0.000203325023466002
14.232,0.1,0.101223825097594,0.000203271309082245
14.234,0.1,0.101223360257504,0.000203217594698488
14.236,0.1,0.101222895417415,0.000203163880314731
14.238,0.1,0.101222430577326,0.000203110165930974
14.24,0.1,0.101221965737237,0.000203056451547216
14.242,0.1,0.101221501591248,0.000202999404023716
14.244,0.1,0.101221037445259,0.000202942356500215
14.246,0.1,0.10122057329927,0.000202885308976715
14.248,0.1,0.101220109153281,0.000202828261453214
14.25,0.1,0.101219645007292,0.000202771213929714
14.252,0.1,0.101219181555845,0.000202715479683872
14.254,0.1,0.101218718104397,0.000202659745438031
14.256,0.1,0.10121825465295,0.000202604011192189
14.258,0.1,0.101217791201503,0.000202548276946348
14.26,0.1,0.101217327750056,0.000202492542700506
14.262,0.1,0.101216864993353,0.000202441909138097
14.264,0.1,0.101216402236649,0.000202391275575688
14.266,0.1,0.101215939479946,0.000202340642013279
14.268,0.1,0.101215476723243,0.00020229000845087
14.27,0.1,0.101215013966539,0.000202239374888461
14.272,0.1,0.101214551903449,0.000202192977655297
14.274,0.1,0.101214089840359,0.000202146580422132
14.276,0.1,0.101213627777269,0.000202100183188968
14.278,0.1,0.101213165714179,0.000202053785955804
14.28,0.1,0.101212703651089,0.00020200738872264
14.282,0.1,0.10121224227941,0.000201960610945778
14.284,0.1,0.10121178090773,0.000201913833168917
14.286,0.1,0.10121131953605,0.000201867055392055
14.288,0.1,0.101210858164371,0.000201820277615194
14.29,0.1,0.101210396792691,0.000201773499838332
14.292,0.1,0.101209936110372,0.000201722251060081
14.294,0.1,0.101209475428054,0.00020167100228183
14.296,0.1,0.101209014745736,0.000201619753503578
14.298,0.1,0.101208554063417,0.000201568504725327
14.3,0.1,0.101208093381099,0.000201517255947076
14.302,0.1,0.101207633387318,0.000201461711948731
14.304,0.1,0.101207173393538,0.000201406167950386
14.306,0.1,0.101206713399757,0.000201350623952041
14.308,0.1,0.101206253405977,0.000201295079953696
14.31,0.1,0.101205793412196,0.000201239535955352
14.312,0.1,0.101205334107194,0.000201183600033614
14.314,0.1,0.101204874802192,0.000201127664111876
14.316,0.1,0.10120441549719,0.000201071728190138
14.318,0.1,0.101203956192188,0.0002010157922684
14.32,0.1,0.101203496887186,0.000200959856346663
14.322,0.1,0.101203038271103,0.000200907123516683
14.324,0.1,0.101202579655019,0.000200854390686704
14.326,0.1,0.101202121038936,0.000200801657856725
14.328,0.1,0.101201662422852,0.000200748925026746
14.33,0.1,0.101201203806769,0.000200696192196767
14.332,0.1,0.101200745878895,0.000200647299843959
14.334,0.1,0.101200287951022,0.000200598407491152
14.336,0.1,0.101199830023149,0.000200549515138344
14.338,0.1,0.101199372095276,0.000200500622785536
14.34,0.1,0.101198914167403,0.000200451730432729
14.342,0.1,0.101198456926259,0.000200404567568837
14.344,0.1,0.101197999685115,0.000200357404704944
14.346,0.1,0.101197542443971,0.000200310241841052
14.348,0.1,0.101197085202827,0.00020026307897716
14.35,0.1,0.101196627961683,0.000200215916113267
14.352,0.1,0.101196171405525,0.000200167416194106
14.354,0.1,0.101195714849367,0.000200118916274945
14.356,0.1,0.101195258293209,0.000200070416355783
14.358,0.1,0.101194801737052,0.000200021916436622
14.36,0.1,0.101194345180894,0.000199973416517461
14.362,0.1,0.101193889308303,0.000199921649253759
14.364,0.1,0.101193433435712,0.000199869881990056
14.366,0.1,0.101192977563121,0.000199818114726354
14.368,0.1,0.101192521690531,0.000199766347462652
14.37,0.1,0.10119206581794,0.00019971458019895
14.372,0.1,0.101191610628102,0.000199659781966463
14.374,0.1,0.101191155438265,0.000199604983733976
14.376,0.1,0.101190700248427,0.00019955018550149
14.378,0.1,0.101190245058589,0.000199495387269003
14.38,0.1,0.101189789868752,0.000199440589036516
14.382,0.1,0.101189335361476,0.000199385204784426
14.384,0.1,0.1011888808542,0.000199329820532336
14.386,0.1,0.101188426346924,0.000199274436280246
14.388,0.1,0.101187971839648,0.000199219052028156
14.39,0.1,0.101187517332372,0.000199163667776066
14.392,0.1,0.101187063507748,0.000199111100213512
14.394,0.1,0.101186609683124,0.000199058532650958
14.396,0.1,0.1011861558585,0.000199005965088405
14.398,0.1,0.101185702033876,0.000198953397525851
14.4,0.1,0.101185248209252,0.000198900829963297
14.402,0.1,0.101184795066808,0.000198852479953119
14.404,0.1,0.101184341924364,0.00019880412994294
14.406,0.1,0.101183888781919,0.000198755779932762
14.408,0.1,0.101183435639475,0.000198707429922584
14.41,0.1,0.101182982497031,0.000198659079912406
14.412,0.1,0.101182530035221,0.000198612593208621
14.414,0.1,0.101182077573411,0.000198566106504836
14.416,0.1,0.1011816251116,0.00019851961980105
14.418,0.1,0.10118117264979,0.000198473133097265
14.42,0.1,0.10118072018798,0.00019842664639348
14.422,0.1,0.101180268404717,0.000198377793003468
14.424,0.1,0.101179816621454,0.000198328939613457
14.426,0.1,0.10117936483819,0.000198280086223445
14.428,0.1,0.101178913054927,0.000198231232833433
14.43,0.1,0.101178461271664,0.000198182379443422
14.432,0.1,0.101178010165423,0.000198128900162805
14.434,0.1,0.101177559059181,0.000198075420882188
14.436,0.1,0.10117710795294,0.000198021941601571
14.438,0.1,0.101176656846698,0.000197968462320954
14.44,0.1,0.101176205740457,0.000197914983040337
14.442,0.1,0.101175755310962,0.00019785897539182
14.444,0.1,0.101175304881467,0.000197802967743304
14.446,0.1,0.101174854451972,0.000197746960094787
14.448,0.1,0.101174404022477,0.000197690952446271
14.45,0.1,0.101173953592982,0.000197634944797755
14.452,0.1,0.101173503840632,0.000197580855519805
14.454,0.1,0.101173054088282,0.000197526766241856
14.456,0.1,0.101172604335932,0.000197472676963907
14.458,0.1,0.101172154583582,0.000197418587685958
14.46,0.1,0.101171704831233,0.000197364498408008
14.462,0.1,0.101171255755815,0.000197314662688699
14.464,0.1,0.101170806680397,0.000197264826969389
14.466,0.1,0.101170357604979,0.00019721499125008
14.468,0.1,0.101169908529561,0.00019716515553077
14.47,0.1,0.101169459454143,0.000197115319811461
14.472,0.1,0.101169011054344,0.000197068232070449
14.474,0.1,0.101168562654546,0.000197021144329437
14.476,0.1,0.101168114254747,0.000196974056588425
14.478,0.1,0.101167665854948,0.000196926968847413
14.48,0.1,0.10116721745515,0.000196879881106401
14.482,0.1,0.101166769729109,0.000196832080847566
14.484,0.1,0.101166322003067,0.000196784280588731
14.486,0.1,0.101165874277026,0.000196736480329896
14.488,0.1,0.101165426550985,0.000196688680071061
14.49,0.1,0.101164978824944,0.000196640879812227
14.492,0.1,0.101164531771125,0.000196590016703331
14.494,0.1,0.101164084717305,0.000196539153594435
14.496,0.1,0.101163637663486,0.000196488290485539
14.498,0.1,0.101163190609667,0.000196437427376643
14.5,0.1,0.101162743555847,0.000196386564267747
14.502,0.1,0.10116229717348,0.000196332967553403
14.504,0.1,0.101161850791113,0.00019627937083906
14.506,0.1,0.101161404408745,0.000196225774124716
14.508,0.1,0.101160958026378,0.000196172177410373
14.51,0.1,0.101160511644011,0.000196118580696029
14.512,0.1,0.101160065932803,0.000196064297116413
14.514,0.1,0.101159620221595,0.000196010013536796
14.516,0.1,0.101159174510386,0.00019595572995718
14.518,0.1,0.101158728799178,0.000195901446377564
14.52,0.1,0.10115828308797,0.000195847162797948
14.522,0.1,0.101157838047679,0.000195794441464015
14.524,0.1,0.101157393007387,0.000195741720130082
14.526,0.1,0.101156947967096,0.000195688998796149
14.528,0.1,0.101156502926804,0.000195636277462216
14.53,0.1,0.101156057886513,0.000195583556128283
14.532,0.1,0.101155613516653,0.00019553376453795
14.534,0.1,0.101155169146793,0.000195483972947616
14.536,0.1,0.101154724776933,0.000195434181357282
14.538,0.1,0.101154280407073,0.000195384389766949
14.54,0.1,0.101153836037213,0.000195334598176615
14.542,0.1,0.10115339233674,0.000195287105115347
14.544,0.1,0.101152948636267,0.000195239612054078
14.546,0.1,0.101152504935793,0.00019519211899281
14.548,0.1,0.10115206123532,0.000195144625931542
14.55,0.1,0.101151617534847,0.000195097132870274
14.552,0.1,0.101151174502148,0.00019504931954268
14.554,0.1,0.101150731469449,0.000195001506215087
14.556,0.1,0.10115028843675,0.000194953692887493
14.558,0.1,0.101149845404051,0.0001949058795599
14.56,0.1,0.101149402371352,0.000194858066232307
14.562,0.1,0.101148960004772,0.00019480718664753
14.564,0.1,0.101148517638191,0.000194756307062754
14.566,0.1,0.10114807527161,0.000194705427477978
14.568,0.1,0.10114763290503,0.000194654547893202
14.57,0.1,0.101147190538449,0.000194603668308425
14.572,0.1,0.101146748837003,0.00019454935257141
14.574,0.1,0.101146307135556,0.000194495036834395
14.576,0.1,0.10114586543411,0.00019444072109738
14.578,0.1,0.101145423732664,0.000194386405360365
14.58,0.1,0.101144982031218,0.00019433208962335
14.582,0.1,0.101144540994875,0.000194277283005376
14.584,0.1,0.101144099958532,0.000194222476387402
14.586,0.1,0.10114365892219,0.000194167669769427
14.588,0.1,0.101143217885847,0.000194112863151453
14.59,0.1,0.101142776849505,0.000194058056533478
14.592,0.1,0.101142336478454,0.000194006448521517
14.594,0.1,0.101141896107403,0.000193954840509555
14.596,0.1,0.101141455736352,0.000193903232497593
14.598,0.1,0.101141015365301,0.000193851624485632
14.6,0.1,0.10114057499425,0.00019380001647367
14.602,0.1,0.101140135287809,0.000193752269273235
14.604,0.1,0.101139695581368,0.0001937045220728
14.606,0.1,0.101139255874928,0.000193656774872365
14.608,0.1,0.101138816168487,0.00019360902767193
14.61,0.1,0.101138376462046,0.000193561280471495
14.612,0.1,0.101137937418522,0.000193514519493614
14.614,0.1,0.101137498374997,0.000193467758515732
14.616,0.1,0.101137059331472,0.00019342099753785
14.618,0.1,0.101136620287947,0.000193374236559968
14.62,0.1,0.101136181244422,0.000193327475582086
14.622,0.1,0.101135742861937,0.000193278176620333
14.624,0.1,0.101135304479452,0.000193228877658579
14.626,0.1,0.101134866096967,0.000193179578696825
14.628,0.1,0.101134427714482,0.000193130279735071
14.63,0.1,0.101133989331997,0.000193080980773317
14.632,0.1,0.101133551609433,0.000193028243088661
14.634,0.1,0.101133113886869,0.000192975505404005
14.636,0.1,0.101132676164305,0.000192922767719348
14.638,0.1,0.101132238441741,0.000192870030034692
14.64,0.1,0.101131800719177,0.000192817292350036
14.642,0.1,0.101131363656304,0.000192763318115235
14.644,0.1,0.101130926593431,0.000192709343880434
14.646,0.1,0.101130489530557,0.000192655369645632
14.648,0.1,0.101130052467684,0.000192601395410831
14.65,0.1,0.101129615404811,0.00019254742117603
14.652,0.1,0.101129179001534,0.000192494928972254
14.654,0.1,0.101128742598257,0.000192442436768478
14.656,0.1,0.101128306194981,0.000192389944564702
14.658,0.1,0.101127869791704,0.000192337452360926
14.66,0.1,0.101127433388427,0.00019228496015715
14.662,0.1,0.101126997644179,0.000192235033847913
14.664,0.1,0.101126561899931,0.000192185107538676
14.666,0.1,0.101126126155683,0.000192135181229439
14.668,0.1,0.101125690411436,0.000192085254920202
14.67,0.1,0.101125254667188,0.000192035328610965
14.672,0.1,0.101124819580899,0.000191987262569974
14.674,0.1,0.10112438449461,0.000191939196528984
14.676,0.1,0.10112394940832,0.000191891130487993
14.678,0.1,0.101123514322031,0.000191843064447003
14.68,0.1,0.101123079235742,0.000191794998406012
14.682,0.1,0.101122644806053,0.000191747033616715
14.684,0.1,0.101122210376363,0.000191699068827418
14.686,0.1,0.101121775946673,0.000191651104038121
14.688,0.1,0.101121341516983,0.000191603139248824
14.69,0.1,0.101120907087294,0.000191555174459527
14.692,0.1,0.10112047331284,0.000191505533291555
14.694,0.1,0.101120039538386,0.000191455892123583
14.696,0.1,0.101119605763932,0.000191406250955611
14.698,0.1,0.101119171989478,0.000191356609787639
14.7,0.1,0.101118738215024,0.000191306968619667
14.702,0.1,0.101118305094705,0.000191254827142783
14.704,0.1,0.101117871974386,0.000191202685665898
14.706,0.1,0.101117438854066,0.000191150544189013
14.708,0.1,0.101117005733747,0.000191098402712128
14.71,0.1,0.101116572613428,0.000191046261235244
14.712,0.1,0.101116140146636,0.000190992554331736
14.714,0.1,0.101115707679845,0.000190938847428228
14.716,0.1,0.101115275213053,0.00019088514052472
14.718,0.1,0.101114842746262,0.000190831433621212
14.72,0.1,0.10111441027947,0.000190777726717705
14.722,0.1,0.101113978466088,0.000190725078536896
14.724,0.1,0.101113546652705,0.000190672430356088
14.726,0.1,0.101113114839323,0.00019061978217528
14.728,0.1,0.101112683025941,0.000190567133994472
14.73,0.1,0.101112251212558,0.000190514485813664
14.732,0.1,0.101111820052341,0.000190465051065626
14.734,0.1,0.101111388892125,0.000190415616317588
14.736,0.1,0.101110957731908,0.00019036618156955
14.738,0.1,0.101110526571691,0.000190316746821512
14.74,0.1,0.101110095411474,0.000190267312073474
14.742,0.1,0.101109664903357,0.000190220369398184
14.744,0.1,0.10110923439524,0.000190173426722894
14.746,0.1,0.101108803887122,0.000190126484047603
14.748,0.1,0.101108373379005,0.000190079541372313
14.75,0.1,0.101107942870887,0.000190032598697022
14.752,0.1,0.101107513013106,0.000189985003829833
14.754,0.1,0.101107083155325,0.000189937408962644
14.756,0.1,0.101106653297544,0.000189889814095455
14.758,0.1,0.101106223439762,0.000189842219228265
14.76,0.1,0.101105793581981,0.000189794624361076
14.762,0.1,0.101105364372926,0.000189743770508498
14.764,0.1,0.10110493516387,0.000189692916655919
14.766,0.1,0.101104505954815,0.000189642062803341
14.768,0.1,0.10110407674576,0.000189591208950762
14.77,0.1,0.101103647536705,0.000189540355098184
14.772,0.1,0.101103218975678,0.000189486808943242
14.774,0.1,0.101102790414651,0.0001894332627883
14.776,0.1,0.101102361853624,0.000189379716633358
14.778,0.1,0.101101933292598,0.000189326170478416
14.78,0.1,0.101101504731571,0.000189272624323474
14.782,0.1,0.101101076818613,0.000189219521200125
14.784,0.1,0.101100648905655,0.000189166418076776
14.786,0.1,0.101100220992697,0.000189113314953428
14.788,0.1,0.101099793079739,0.000189060211830079
14.79,0.1,0.101099365166782,0.000189007108706731
14.792,0.1,0.101098937901703,0.000188956805883767
14.794,0.1,0.101098510636625,0.000188906503060804
14.796,0.1,0.101098083371546,0.000188856200237841
14.798,0.1,0.101097656106468,0.000188805897414878
14.8,0.1,0.101097228841389,0.000188755594591915
14.802,0.1,0.101096802223216,0.000188707721141607
14.804,0.1,0.101096375605042,0.000188659847691298
14.806,0.1,0.101095948986869,0.00018861197424099
14.808,0.1,0.101095522368696,0.000188564100790682
14.81,0.1,0.101095095750522,0.000188516227340374
14.812,0.1,0.10109466977778,0.000188468637732988
14.814,0.1,0.101094243805037,0.000188421048125603
14.816,0.1,0.101093817832295,0.000188373458518218
14.818,0.1,0.101093391859552,0.000188325868910833
14.82,0.1,0.10109296588681,0.000188278279303447
14.822,0.1,0.101092540558113,0.000188229104553399
14.824,0.1,0.101092115229416,0.000188179929803351
14.826,0.1,0.10109168990072,0.000188130755053302
14.828,0.1,0.101091264572023,0.000188081580303254
14.83,0.1,0.101090839243326,0.000188032405553205
14.832,0.1,0.101090414557725,0.000187981289824607
14.834,0.1,0.101089989872124,0.000187930174096009
14.836,0.1,0.101089565186523,0.000187879058367411
14.838,0.1,0.101089140500922,0.000187827942638812
14.84,0.1,0.101088715815321,0.000187776826910214
14.842,0.1,0.101088291772192,0.000187724595939212
14.844,0.1,0.101087867729064,0.00018767236496821
14.846,0.1,0.101087443685935,0.000187620133997209
14.848,0.1,0.101087019642807,0.000187567903026207
14.85,0.1,0.101086595599679,0.000187515672055205
14.852,0.1,0.10108617219854,0.000187463673513183
14.854,0.1,0.101085748797402,0.000187411674971161
14.856,0.1,0.101085325396263,0.000187359676429138
14.858,0.1,0.101084901995125,0.000187307677887116
14.86,0.1,0.101084478593986,0.000187255679345094
14.862,0.1,0.101084055834398,0.000187205387047237
14.864,0.1,0.101083633074809,0.000187155094749381
14.866,0.1,0.10108321031522,0.000187104802451524
14.868,0.1,0.101082787555631,0.000187054510153668
14.87,0.1,0.101082364796043,0.000187004217855811
14.872,0.1,0.101081942677303,0.000186956157510731
14.874,0.1,0.101081520558564,0.000186908097165651
14.876,0.1,0.101081098439824,0.000186860036820571
14.878,0.1,0.101080676321085,0.000186811976475492
14.88,0.1,0.101080254202345,0.000186763916130412
14.882,0.1,0.101079832723214,0.000186716715958095
14.884,0.1,0.101079411244082,0.000186669515785779
14.886,0.1,0.101078989764951,0.000186622315613463
14.888,0.1,0.101078568285819,0.000186575115441146
14.89,0.1,0.101078146806687,0.00018652791526883
14.892,0.1,0.101077725965606,0.000186479119561028
14.894,0.1,0.101077305124525,0.000186430323853225
14.896,0.1,0.101076884283444,0.000186381528145423
14.898,0.1,0.101076463442363,0.000186332732437621
14.9,0.1,0.101076042601282,0.000186283936729819
14.902,0.1,0.101075622397018,0.000186232240564166
14.904,0.1,0.101075202192755,0.000186180544398513
14.906,0.1,0.101074781988491,0.00018612884823286
14.908,0.1,0.101074361784227,0.000186077152067208
14.91,0.1,0.101073941579963,0.000186025455901555
14.912,0.1,0.101073522012087,0.000185972352702228
14.914,0.1,0.101073102444211,0.000185919249502901
14.916,0.1,0.101072682876335,0.000185866146303574
14.918,0.1,0.101072263308459,0.000185813043104247
14.92,0.1,0.101071843740583,0.00018575993990492
14.922,0.1,0.10107142480912,0.000185708490486405
14.924,0.1,0.101071005877658,0.000185657041067891
14.926,0.1,0.101070586946195,0.000185605591649376
14.928,0.1,0.101070168014732,0.000185554142230861
14.93,0.1,0.10106974908327,0.000185502692812347
14.932,0.1,0.101069330787769,0.000185454304058581
14.934,0.1,0.101068912492268,0.000185405915304815
14.936,0.1,0.101068494196767,0.000185357526551049
14.938,0.1,0.101068075901266,0.000185309137797283
14.94,0.1,0.101067657605765,0.000185260749043517
14.942,0.1,0.101067239944931,0.000185213891336519
14.944,0.1,0.101066822284097,0.000185167033629522
14.946,0.1,0.101066404623263,0.000185120175922524
14.948,0.1,0.101065986962429,0.000185073318215527
14.95,0.1,0.101065569301595,0.000185026460508529
14.952,0.1,0.101065152273804,0.000184978443218614
14.954,0.1,0.101064735246013,0.000184930425928698
14.956,0.1,0.101064318218223,0.000184882408638783
14.958,0.1,0.101063901190432,0.000184834391348867
14.96,0.1,0.101063484162641,0.000184786374058952
14.962,0.1,0.101063067766692,0.000184735951649188
14.964,0.1,0.101062651370743,0.000184685529239425
14.966,0.1,0.101062234974794,0.000184635106829661
14.968,0.1,0.101061818578845,0.000184584684419898
14.97,0.1,0.101061402182895,0.000184534262010135
14.972,0.1,0.101060986418245,0.00018448248479521
14.974,0.1,0.101060570653595,0.000184430707580284
14.976,0.1,0.101060154888945,0.000184378930365359
14.978,0.1,0.101059739124294,0.000184327153150434
14.98,0.1,0.101059323359644,0.000184275375935509
14.982,0.1,0.101058908225955,0.000184224041115282
14.984,0.1,0.101058493092266,0.000184172706295055
14.986,0.1,0.101058077958577,0.000184121371474829
14.988,0.1,0.101057662824887,0.000184070036654602
14.99,0.1,0.101057247691198,0.000184018701834375
14.992,0.1,0.101056833187889,0.000183968783760861
14.994,0.1,0.10105641868458,0.000183918865687346
14.996,0.1,0.10105600418127,0.000183868947613832
14.998,0.1,0.101055589677961,0.000183819029540317
15,0.1,0.101055175174652,0.000183769111466803
15.002,0.1,0.101054761300878,0.000183720643406585
15.004,0.1,0.101054347427104,0.000183672175346367
15.006,0.1,0.10105393355333,0.00018362370728615
15.008,0.1,0.101053519679556,0.000183575239225932
15.01,0.1,0.101053105805783,0.000183526771165715
15.012,0.1,0.101052692560514,0.000183479095883604
15.014,0.1,0.101052279315245,0.000183431420601493
15.016,0.1,0.101051866069977,0.000183383745319382
15.018,0.1,0.101051452824708,0.000183336070037271
15.02,0.1,0.101051039579439,0.00018328839475516
15.022,0.1,0.10105062696149,0.000183240300199287
15.024,0.1,0.10105021434354,0.000183192205643414
15.026,0.1,0.101049801725591,0.00018314411108754
15.028,0.1,0.101049389107641,0.000183096016531667
15.03,0.1,0.101048976489692,0.000183047921975794
15.032,0.1,0.101048564497863,0.000182998178616816
15.034,0.1,0.101048152506035,0.000182948435257838
15.036,0.1,0.101047740514206,0.000182898691898859
15.038,0.1,0.101047328522377,0.000182848948539881
15.04,0.1,0.101046916530548,0.000182799205180903
15.042,0.1,0.10104650516394,0.0001827476525338
15.044,0.1,0.101046093797332,0.000182696099886698
15.046,0.1,0.101045682430723,0.000182644547239596
15.048,0.1,0.101045271064115,0.000182592994592494
15.05,0.1,0.101044859697506,0.000182541441945391
15.052,0.1,0.101044448955741,0.000182489734400319
15.054,0.1,0.101044038213975,0.000182438026855246
15.056,0.1,0.101043627472209,0.000182386319310173
15.058,0.1,0.101043216730444,0.000182334611765101
15.06,0.1,0.101042805988678,0.000182282904220028
15.062,0.1,0.101042395871553,0.000182233280632883
15.064,0.1,0.101041985754429,0.000182183657045738
15.066,0.1,0.101041575637304,0.000182134033458593
15.068,0.1,0.101041165520179,0.000182084409871448
15.07,0.1,0.101040755403054,0.000182034786284303
15.072,0.1,0.101040345909837,0.00018198762578145
15.074,0.1,0.101039936416619,0.000181940465278596
15.076,0.1,0.101039526923402,0.000181893304775742
15.078,0.1,0.101039117430184,0.000181846144272889
15.08,0.1,0.101038707936967,0.000181798983770035
15.082,0.1,0.101038299066226,0.000181752244473231
15.084,0.1,0.101037890195485,0.000181705505176427
15.086,0.1,0.101037481324744,0.000181658765879623
15.088,0.1,0.101037072454003,0.000181612026582819
15.09,0.1,0.101036663583262,0.000181565287286015
15.092,0.1,0.101036255333457,0.000181516541387317
15.094,0.1,0.101035847083652,0.00018146779548862
15.096,0.1,0.101035438833847,0.000181419049589923
15.098,0.1,0.101035030584042,0.000181370303691226
15.1,0.1,0.101034622334237,0.000181321557792528
15.102,0.1,0.101034214704427,0.000181270458622545
15.104,0.1,0.101033807074617,0.000181219359452562
15.106,0.1,0.101033399444808,0.000181168260282579
15.108,0.1,0.101032991814998,0.000181117161112595
15.11,0.1,0.101032584185188,0.000181066061942612
15.112,0.1,0.101032177175104,0.000181014590697901
15.114,0.1,0.10103177016502,0.000180963119453189
15.116,0.1,0.101031363154936,0.000180911648208478
15.118,0.1,0.101030956144851,0.000180860176963767
15.12,0.1,0.101030549134767,0.000180808705719055
15.122,0.1,0.101030142744138,0.000180758862684502
15.124,0.1,0.101029736353509,0.000180709019649948
15.126,0.1,0.101029329962879,0.000180659176615395
15.128,0.1,0.10102892357225,0.000180609333580841
15.13,0.1,0.101028517181621,0.000180559490546288
15.132,0.1,0.101028111409655,0.000180511477678902
15.134,0.1,0.101027705637689,0.000180463464811517
15.136,0.1,0.101027299865723,0.000180415451944131
15.138,0.1,0.101026894093757,0.000180367439076745
15.14,0.1,0.101026488321791,0.00018031942620936
15.142,0.1,0.101026083167308,0.000180272070768925
15.144,0.1,0.101025678012825,0.00018022471532849
15.146,0.1,0.101025272858343,0.000180177359888055
15.148,0.1,0.10102486770386,0.000180130004447621
15.15,0.1,0.101024462549378,0.000180082649007186
15.152,0.1,0.101024058011193,0.000180034720662393
15.154,0.1,0.101023653473007,0.0001799867923176
15.156,0.1,0.101023248934822,0.000179938863972807
15.158,0.1,0.101022844396637,0.000179890935628014
15.16,0.1,0.101022439858452,0.000179843007283221
15.162,0.1,0.101022035935582,0.000179793978331647
15.164,0.1,0.101021632012713,0.000179744949380072
15.166,0.1,0.101021228089843,0.000179695920428498
15.168,0.1,0.101020824166974,0.000179646891476924
15.17,0.1,0.101020420244105,0.00017959786252535
15.172,0.1,0.101020016935729,0.000179547790045083
15.174,0.1,0.101019613627354,0.000179497717564817
15.176,0.1,0.101019210318979,0.00017944764508455
15.178,0.1,0.101018807010603,0.000179397572604284
15.18,0.1,0.101018403702228,0.000179347500124017
15.182,0.1,0.10101800100765,0.000179296909580594
15.184,0.1,0.101017598313072,0.000179246319037171
15.186,0.1,0.101017195618494,0.000179195728493748
15.188,0.1,0.101016792923916,0.000179145137950326
15.19,0.1,0.101016390229338,0.000179094547406903
15.192,0.1,0.101015988148052,0.000179044620108934
15.194,0.1,0.101015586066766,0.000178994692810966
15.196,0.1,0.101015183985479,0.000178944765512998
15.198,0.1,0.101014781904193,0.000178894838215029
15.2,0.1,0.101014379822907,0.000178844910917061
15.202,0.1,0.101013978354398,0.000178796760678994
15.204,0.1,0.101013576885889,0.000178748610440927
15.206,0.1,0.10101317541738,0.000178700460202859
15.208,0.1,0.10101277394887,0.000178652309964792
15.21,0.1,0.101012372480361,0.000178604159726725
15.212,0.1,0.101011971623699,0.000178557438627311
15.214,0.1,0.101011570767036,0.000178510717527898
15.216,0.1,0.101011169910374,0.000178463996428484
15.218,0.1,0.101010769053711,0.00017841727532907
15.22,0.1,0.101010368197048,0.000178370554229657
15.222,0.1,0.101009967950858,0.000178323377735338
15.224,0.1,0.101009567704667,0.00017827620124102
15.226,0.1,0.101009167458476,0.000178229024746702
15.228,0.1,0.101008767212285,0.000178181848252384
15.23,0.1,0.101008366966094,0.000178134671758066
15.232,0.1,0.101007967329054,0.000178085356229675
15.234,0.1,0.101007567692013,0.000178036040701284
15.236,0.1,0.101007168054972,0.000177986725172893
15.238,0.1,0.101006768417932,0.000177937409644503
15.24,0.1,0.101006368780891,0.000177888094116112
15.242,0.1,0.101005969752286,0.00017783706226758
15.244,0.1,0.10100557072368,0.000177786030419048
15.246,0.1,0.101005171695075,0.000177734998570516
15.248,0.1,0.101004772666469,0.000177683966721984
15.25,0.1,0.101004373637864,0.000177632934873453
15.252,0.1,0.101003975217516,0.000177582465378473
15.254,0.1,0.101003576797167,0.000177531995883493
15.256,0.1,0.101003178376819,0.000177481526388513
15.258,0.1,0.10100277995647,0.000177431056893533
15.26,0.1,0.101002381536122,0.000177380587398553
15.262,0.1,0.101001983723667,0.000177332319386382
15.264,0.1,0.101001585911212,0.000177284051374211
15.266,0.1,0.101001188098756,0.000177235783362039
15.268,0.1,0.101000790286301,0.000177187515349868
15.27,0.1,0.101000392473846,0.000177139247337697
15.272,0.1,0.100999995268272,0.000177092570369434
15.274,0.1,0.100999598062697,0.000177045893401172
15.276,0.1,0.100999200857123,0.000176999216432909
15.278,0.1,0.100998803651549,0.000176952539464646
15.28,0.1,0.100998406445974,0.000176905862496383
15.282,0.1,0.100998009845903,0.000176858882499916
15.284,0.1,0.100997613245833,0.00017681190250345
15.286,0.1,0.100997216645762,0.000176764922506983
15.288,0.1,0.100996820045691,0.000176717942510516
15.29,0.1,0.10099642344562,0.00017667096251405
15.292,0.1,0.100996027449883,0.000176622481279539
15.294,0.1,0.100995631454146,0.000176574000045029
15.296,0.1,0.100995235458409,0.000176525518810518
15.298,0.1,0.100994839462672,0.000176477037576008
15.3,0.1,0.100994443466935,0.000176428556341497
15.302,0.1,0.100994048074815,0.000176378947381019
15.304,0.1,0.100993652682696,0.00017632933842054
15.306,0.1,0.100993257290577,0.000176279729460062
15.308,0.1,0.100992861898457,0.000176230120499584
15.31,0.1,0.100992466506338,0.000176180511539105
15.312,0.1,0.100992071717307,0.000176130822314083
15.314,0.1,0.100991676928276,0.000176081133089061
15.316,0.1,0.100991282139245,0.000176031443864039
15.318,0.1,0.100990887350214,0.000175981754639017
15.32,0.1,0.100990492561183,0.000175932065413995
15.322,0.1,0.100990098374596,0.000175882970919994
15.324,0.1,0.100989704188009,0.000175833876425994
15.326,0.1,0.100989310001421,0.000175784781931993
15.328,0.1,0.100988915814834,0.000175735687437993
15.33,0.1,0.100988521628247,0.000175686592943993
15.332,0.1,0.100988128043361,0.000175638416739824
15.334,0.1,0.100987734458476,0.000175590240535655
15.336,0.1,0.100987340873591,0.000175542064331486
15.338,0.1,0.100986947288705,0.000175493888127317
15.34,0.1,0.10098655370382,0.000175445711923149
15.342,0.1,0.100986160719827,0.000175398501015807
15.344,0.1,0.100985767735833,0.000175351290108466
15.346,0.1,0.100985374751839,0.000175304079201125
15.348,0.1,0.100984981767845,0.000175256868293783
15.35,0.1,0.100984588783852,0.000175209657386442
15.352,0.1,0.100984196399756,0.000175162803327941
15.354,0.1,0.10098380401566,0.000175115949269441
15.356,0.1,0.100983411631564,0.00017506909521094
15.358,0.1,0.100983019247468,0.000175022241152439
15.36,0.1,0.100982626863372,0.000174975387093938
15.362,0.1,0.100982235078002,0.000174927678682175
15.364,0.1,0.100981843292632,0.000174879970270413
15.366,0.1,0.100981451507262,0.00017483226185865
15.368,0.1,0.100981059721892,0.000174784553446887
15.37,0.1,0.100980667936523,0.000174736845035124
15.372,0.1,0.100980276748819,0.000174687487281636
15.374,0.1,0.100979885561116,0.000174638129528149
15.376,0.1,0.100979494373413,0.000174588771774661
15.378,0.1,0.10097910318571,0.000174539414021174
15.38,0.1,0.100978711998007,0.000174490056267686
15.382,0.1,0.100978321407373,0.000174439859857861
15.384,0.1,0.100977930816739,0.000174389663448035
15.386,0.1,0.100977540226105,0.00017433946703821
15.388,0.1,0.100977149635471,0.000174289270628385
15.39,0.1,0.100976759044837,0.000174239074218559
15.392,0.1,0.100976369051014,0.00017419000772652
15.394,0.1,0.100975979057191,0.000174140941234481
15.396,0.1,0.100975589063367,0.000174091874742442
15.398,0.1,0.100975199069544,0.000174042808250402
15.4,0.1,0.100974809075721,0.000173993741758363
15.402,0.1,0.100974419678168,0.000173946787351365
15.404,0.1,0.100974030280616,0.000173899832944366
15.406,0.1,0.100973640883063,0.000173852878537368
15.408,0.1,0.10097325148551,0.00017380592413037
15.41,0.1,0.100972862087957,0.000173758969723371
15.412,0.1,0.100972473285519,0.000173712973632049
15.414,0.1,0.100972084483081,0.000173666977540726
15.416,0.1,0.100971695680643,0.000173620981449403
15.418,0.1,0.100971306878205,0.00017357498535808
15.42,0.1,0.100970918075767,0.000173528989266757
15.422,0.1,0.100970529867037,0.000173481922139243
15.424,0.1,0.100970141658306,0.000173434855011728
15.426,0.1,0.100969753449576,0.000173387787884214
15.428,0.1,0.100969365240846,0.000173340720756699
15.43,0.1,0.100968977032116,0.000173293653629185
15.432,0.1,0.100968589416052,0.000173244743597556
15.434,0.1,0.100968201799988,0.000173195833565927
15.436,0.1,0.100967814183924,0.000173146923534299
15.438,0.1,0.100967426567861,0.00017309801350267
15.44,0.1,0.100967038951797,0.000173049103471041
15.442,0.1,0.100966651927914,0.000172999500954317
15.444,0.1,0.10096626490403,0.000172949898437593
15.446,0.1,0.100965877880147,0.000172900295920869
15.448,0.1,0.100965490856264,0.000172850693404144
15.45,0.1,0.10096510383238,0.00017280109088742
15.452,0.1,0.100964717400301,0.000172752345795564
15.454,0.1,0.100964330968222,0.000172703600703708
15.456,0.1,0.100963944536143,0.000172654855611852
15.458,0.1,0.100963558104064,0.000172606110519995
15.46,0.1,0.100963171671985,0.000172557365428139
15.462,0.1,0.100962785830997,0.000172509873638707
15.464,0.1,0.100962399990009,0.000172462381849276
15.466,0.1,0.10096201414902,0.000172414890059844
15.468,0.1,0.100961628308032,0.000172367398270412
15.47,0.1,0.100961242467044,0.00017231990648098
15.472,0.1,0.100960857216153,0.000172273078511583
15.474,0.1,0.100960471965262,0.000172226250542186
15.476,0.1,0.100960086714372,0.000172179422572789
15.478,0.1,0.100959701463481,0.000172132594603391
15.48,0.1,0.100959316212591,0.000172085766633994
15.482,0.1,0.100958931550788,0.000172038920812267
15.484,0.1,0.100958546888985,0.00017199207499054
15.486,0.1,0.100958162227183,0.000171945229168813
15.488,0.1,0.10095777756538,0.000171898383347086
15.49,0.1,0.100957392903578,0.000171851537525359
15.492,0.1,0.100957008829935,0.000171804259334373
15.494,0.1,0.100956624756292,0.000171756981143388
15.496,0.1,0.100956240682649,0.000171709702952402
15.498,0.1,0.100955856609006,0.000171662424761417
15.5,0.1,0.100955472535363,0.000171615146570431
15.502,0.1,0.100955089048977,0.000171567130567666
15.504,0.1,0.100954705562591,0.000171519114564901
15.506,0.1,0.100954322076205,0.000171471098562137
15.508,0.1,0.100953938589819,0.000171423082559372
15.51,0.1,0.100953555103433,0.000171375066556607
15.512,0.1,0.100953172203464,0.000171326251655395
15.514,0.1,0.100952789303494,0.000171277436754182
15.516,0.1,0.100952406403525,0.00017122862185297
15.518,0.1,0.100952023503555,0.000171179806951757
15.52,0.1,0.100951640603586,0.000171130992050545
15.522,0.1,0.100951258289425,0.00017108212686663
15.524,0.1,0.100950875975265,0.000171033261682715
15.526,0.1,0.100950493661105,0.000170984396498801
15.528,0.1,0.100950111346945,0.000170935531314886
15.53,0.1,0.100949729032784,0.000170886666130972
15.532,0.1,0.100949347303981,0.000170839009718545
15.534,0.1,0.100948965575178,0.000170791353306119
15.536,0.1,0.100948583846374,0.000170743696893692
15.538,0.1,0.100948202117571,0.000170696040481266
15.54,0.1,0.100947820388768,0.000170648384068839
15.542,0.1,0.100947439244608,0.000170602270164007
15.544,0.1,0.100947058100447,0.000170556156259175
15.546,0.1,0.100946676956287,0.000170510042354343
15.548,0.1,0.100946295812127,0.000170463928449512
15.55,0.1,0.100945914667966,0.00017041781454468
15.552,0.1,0.100945534107272,0.000170371974173326
15.554,0.1,0.100945153546578,0.000170326133801971
15.556,0.1,0.100944772985884,0.000170280293430617
15.558,0.1,0.10094439242519,0.000170234453059263
15.56,0.1,0.100944011864496,0.000170188612687909
15.562,0.1,0.100943631885971,0.000170141364578942
15.564,0.1,0.100943251907445,0.000170094116469975
15.566,0.1,0.10094287192892,0.000170046868361007
15.568,0.1,0.100942491950394,0.00016999962025204
15.57,0.1,0.100942111971869,0.000169952372143073
15.572,0.1,0.100941732574631,0.00016990348192836
15.574,0.1,0.100941353177394,0.000169854591713647
15.576,0.1,0.100940973780156,0.000169805701498934
15.578,0.1,0.100940594382919,0.000169756811284221
15.58,0.1,0.100940214985681,0.000169707921069507
15.582,0.1,0.100939836169372,0.000169658951460417
15.584,0.1,0.100939457353062,0.000169609981851327
15.586,0.1,0.100939078536753,0.000169561012242236
15.588,0.1,0.100938699720443,0.000169512042633146
15.59,0.1,0.100938320904134,0.000169463073024055
15.592,0.1,0.100937942668389,0.000169415579561313
15.594,0.1,0.100937564432644,0.000169368086098571
15.596,0.1,0.100937186196899,0.000169320592635829
15.598,0.1,0.100936807961154,0.000169273099173087
15.6,0.1,0.100936429725409,0.000169225605710345
15.602,0.1,0.100936052069391,0.000169179505401471
15.604,0.1,0.100935674413372,0.000169133405092597
15.606,0.1,0.100935296757353,0.000169087304783724
15.608,0.1,0.100934919101334,0.00016904120447485
15.61,0.1,0.100934541445316,0.000168995104165976
15.612,0.1,0.100934164367845,0.000168949122326938
15.614,0.1,0.100933787290374,0.0001689031404879
15.616,0.1,0.100933410212903,0.000168857158648862
15.618,0.1,0.100933033135432,0.000168811176809824
15.62,0.1,0.100932656057961,0.000168765194970786
15.622,0.1,0.100932279557954,0.000168718360152819
15.624,0.1,0.100931903057948,0.000168671525334853
15.626,0.1,0.100931526557941,0.000168624690516886
15.628,0.1,0.100931150057934,0.00016857785569892
15.63,0.1,0.100930773557928,0.000168531020880954
15.632,0.1,0.100930397634606,0.0001684834082699
15.634,0.1,0.100930021711285,0.000168435795658846
15.636,0.1,0.100929645787964,0.000168388183047792
15.638,0.1,0.100929269864643,0.000168340570436738
15.64,0.1,0.100928893941321,0.000168292957825685
15.642,0.1,0.100928518594039,0.000168245118756897
15.644,0.1,0.100928143246756,0.000168197279688109
15.646,0.1,0.100927767899473,0.000168149440619321
15.648,0.1,0.100927392552191,0.000168101601550533
15.65,0.1,0.100927017204908,0.000168053762481745
15.652,0.1,0.100926642432945,0.000168006025981345
15.654,0.1,0.100926267660983,0.000167958289480945
15.656,0.1,0.10092589288902,0.000167910552980545
15.658,0.1,0.100925518117058,0.000167862816480146
15.66,0.1,0.100925143345095,0.000167815079979746
15.662,0.1,0.100924769147727,0.00016776774670413
15.664,0.1,0.100924394950359,0.000167720413428514
15.666,0.1,0.100924020752991,0.000167673080152898
15.668,0.1,0.100923646555623,0.000167625746877282
15.67,0.1,0.100923272358255,0.000167578413601666
15.672,0.1,0.1009228987348,0.000167531903617959
15.674,0.1,0.100922525111345,0.000167485393634251
15.676,0.1,0.100922151487889,0.000167438883650543
15.678,0.1,0.100921777864434,0.000167392373666836
15.68,0.1,0.100921404240978,0.000167345863683128
15.682,0.1,0.100921031190616,0.000167300101329941
15.684,0.1,0.100920658140254,0.000167254338976754
15.686,0.1,0.100920285089891,0.000167208576623567
15.688,0.1,0.100919912039529,0.000167162814270379
15.69,0.1,0.100919538989167,0.000167117051917192
15.692,0.1,0.100919166510823,0.000167071083514996
15.694,0.1,0.10091879403248,0.000167025115112799
15.696,0.1,0.100918421554136,0.000166979146710602
15.698,0.1,0.100918049075793,0.000166933178308405
15.7,0.1,0.100917676597449,0.000166887209906209
15.702,0.1,0.100917304690014,0.000166839974127923
15.704,0.1,0.100916932782578,0.000166792738349638
15.706,0.1,0.100916560875142,0.000166745502571352
15.708,0.1,0.100916188967707,0.000166698266793067
15.71,0.1,0.100915817060271,0.000166651031014781
15.712,0.1,0.100915445722985,0.000166602693599998
15.714,0.1,0.100915074385699,0.000166554356185214
15.716,0.1,0.100914703048413,0.00016650601877043
15.718,0.1,0.100914331711128,0.000166457681355646
15.72,0.1,0.100913960373842,0.000166409343940862
15.722,0.1,0.100913589606344,0.000166361430729834
15.724,0.1,0.100913218838846,0.000166313517518806
15.726,0.1,0.100912848071348,0.000166265604307778
15.728,0.1,0.100912477303851,0.00016621769109675
15.73,0.1,0.100912106536353,0.000166169777885722
15.732,0.1,0.100911736338191,0.00016612349454888
15.734,0.1,0.100911366140029,0.000166077211212037
15.736,0.1,0.100910995941867,0.000166030927875195
15.738,0.1,0.100910625743704,0.000165984644538353
15.74,0.1,0.100910255545542,0.000165938361201511
15.742,0.1,0.100909885915769,0.000165893199923718
15.744,0.1,0.100909516285995,0.000165848038645925
15.746,0.1,0.100909146656221,0.000165802877368132
15.748,0.1,0.100908777026448,0.000165757716090339
15.75,0.1,0.100908407396674,0.000165712554812546
15.752,0.1,0.100908038334039,0.000165666952698419
15.754,0.1,0.100907669271403,0.000165621350584292
15.756,0.1,0.100907300208768,0.000165575748470166
15.758,0.1,0.100906931146132,0.000165530146356039
15.76,0.1,0.100906562083497,0.000165484544241912
15.762,0.1,0.100906193586952,0.000165437625301538
15.764,0.1,0.100905825090407,0.000165390706361164
15.766,0.1,0.100905456593862,0.000165343787420789
15.768,0.1,0.100905088097316,0.000165296868480415
15.77,0.1,0.100904719600771,0.000165249949540041
15.772,0.1,0.100904351669699,0.000165202321836961
15.774,0.1,0.100903983738626,0.000165154694133882
15.776,0.1,0.100903615807554,0.000165107066430802
15.778,0.1,0.100903247876481,0.000165059438727722
15.78,0.1,0.100902879945409,0.000165011811024642
15.782,0.1,0.100902512579333,0.000164964588247007
15.784,0.1,0.100902145213258,0.000164917365469372
15.786,0.1,0.100901777847183,0.000164870142691737
15.788,0.1,0.100901410481107,0.000164822919914102
15.79,0.1,0.100901043115032,0.000164775697136467
15.792,0.1,0.100900676313258,0.000164729248240084
15.794,0.1,0.100900309511484,0.000164682799343702
15.796,0.1,0.10089994270971,0.00016463635044732
15.798,0.1,0.100899575907936,0.000164589901550938
15.8,0.1,0.100899209106162,0.000164543452654556
15.802,0.1,0.100898842867805,0.000164497482628255
15.804,0.1,0.100898476629447,0.000164451512601953
15.806,0.1,0.100898110391089,0.000164405542575651
15.808,0.1,0.100897744152731,0.00016435957254935
15.81,0.1,0.100897377914373,0.000164313602523048
15.812,0.1,0.10089701223856,0.000164267835584928
15.814,0.1,0.100896646562748,0.000164222068646808
15.816,0.1,0.100896280886935,0.000164176301708688
15.818,0.1,0.100895915211122,0.000164130534770569
15.82,0.1,0.100895549535309,0.000164084767832449
15.822,0.1,0.100895184421208,0.000164039039641884
15.824,0.1,0.100894819307106,0.00016399331145132
15.826,0.1,0.100894454193005,0.000163947583260756
15.828,0.1,0.100894089078903,0.000163901855070192
15.83,0.1,0.100893723964802,0.000163856126879627
15.832,0.1,0.100893359411514,0.000163810062513209
15.834,0.1,0.100892994858227,0.00016376399814679
15.836,0.1,0.100892630304939,0.000163717933780372
15.838,0.1,0.100892265751652,0.000163671869413953
15.84,0.1,0.100891901198364,0.000163625805047535
15.842,0.1,0.10089153720497,0.000163578970876708
15.844,0.1,0.100891173211576,0.000163532136705881
15.846,0.1,0.100890809218182,0.000163485302535054
15.848,0.1,0.100890445224787,0.000163438468364228
15.85,0.1,0.100890081231393,0.000163391634193401
15.852,0.1,0.100889717797177,0.000163344316095554
15.854,0.1,0.100889354362962,0.000163296997997708
15.856,0.1,0.100888990928746,0.000163249679899861
15.858,0.1,0.10088862749453,0.000163202361802015
15.86,0.1,0.100888264060315,0.000163155043704168
15.862,0.1,0.100887901184812,0.000163108368714416
15.864,0.1,0.100887538309309,0.000163061693724664
15.866,0.1,0.100887175433805,0.000163015018734912
15.868,0.1,0.100886812558302,0.000162968343745159
15.87,0.1,0.100886449682799,0.000162921668755407
15.872,0.1,0.100886087365432,0.00016287636561284
15.874,0.1,0.100885725048065,0.000162831062470273
15.876,0.1,0.100885362730698,0.000162785759327706
15.878,0.1,0.10088500041333,0.000162740456185139
15.88,0.1,0.100884638095963,0.000162695153042572
15.882,0.1,0.100884276335743,0.000162650521853764
15.884,0.1,0.100883914575522,0.000162605890664957
15.886,0.1,0.100883552815302,0.000162561259476149
15.888,0.1,0.100883191055081,0.000162516628287341
15.89,0.1,0.100882829294861,0.000162471997098534
15.892,0.1,0.100882468090577,0.000162426576648205
15.894,0.1,0.100882106886293,0.000162381156197877
15.896,0.1,0.100881745682009,0.000162335735747549
15.898,0.1,0.100881384477725,0.00016229031529722
15.9,0.1,0.100881023273441,0.000162244894846892
15.902,0.1,0.100880662624139,0.000162198103358625
15.904,0.1,0.100880301974837,0.000162151311870357
15.906,0.1,0.100879941325535,0.00016210452038209
15.908,0.1,0.100879580676233,0.000162057728893823
15.91,0.1,0.10087922002693,0.000162010937405555
15.912,0.1,0.100878859932105,0.000161963745264813
15.914,0.1,0.100878499837279,0.000161916553124071
15.916,0.1,0.100878139742454,0.000161869360983329
15.918,0.1,0.100877779647628,0.000161822168842586
15.92,0.1,0.100877419552803,0.000161774976701844
15.922,0.1,0.100877060012046,0.000161728694582572
15.924,0.1,0.100876700471289,0.0001616824124633
15.926,0.1,0.100876340930533,0.000161636130344027
15.928,0.1,0.100875981389776,0.000161589848224755
15.93,0.1,0.100875621849019,0.000161543566105483
15.932,0.1,0.100875262861593,0.000161498372859946
15.934,0.1,0.100874903874168,0.000161453179614408
15.936,0.1,0.100874544886742,0.000161407986368871
15.938,0.1,0.100874185899317,0.000161362793123334
15.94,0.1,0.100873826911891,0.000161317599877796
15.942,0.1,0.100873468476772,0.000161272674099094
15.944,0.1,0.100873110041653,0.000161227748320392
15.946,0.1,0.100872751606534,0.00016118282254169
15.948,0.1,0.100872393171415,0.000161137896762988
15.95,0.1,0.100872034736296,0.000161092970984286
15.952,0.1,0.100871676852504,0.000161047621784196
15.954,0.1,0.100871318968712,0.000161002272584105
15.956,0.1,0.100870961084919,0.000160956923384015
15.958,0.1,0.100870603201127,0.000160911574183924
15.96,0.1,0.100870245317335,0.000160866224983834
15.962,0.1,0.100869887984094,0.00016082045532169
15.964,0.1,0.100869530650853,0.000160774685659547
15.966,0.1,0.100869173317612,0.000160728915997404
15.968,0.1,0.100868815984371,0.00016068314633526
15.97,0.1,0.10086845865113,0.000160637376673117
15.972,0.1,0.100868101867735,0.000160591442141723
15.974,0.1,0.10086774508434,0.000160545507610329
15.976,0.1,0.100867388300945,0.000160499573078935
15.978,0.1,0.100867031517549,0.000160453638547541
15.98,0.1,0.100866674734154,0.000160407704016147
15.982,0.1,0.100866318499827,0.000160361632740066
15.984,0.1,0.1008659622655,0.000160315561463986
15.986,0.1,0.100865606031172,0.000160269490187905
15.988,0.1,0.100865249796845,0.000160223418911825
15.99,0.1,0.100864893562518,0.000160177347635745
15.992,0.1,0.10086453787651,0.000160131272263466
15.994,0.1,0.100864182190503,0.000160085196891187
15.996,0.1,0.100863826504495,0.000160039121518908
15.998,0.1,0.100863470818488,0.000159993046146629
16,0.1,0.10086311513248,0.00015994697077435
16.002,0.1,0.100862759994172,0.000159901441825084
16.004,0.1,0.100862404855863,0.000159855912875818
16.006,0.1,0.100862049717554,0.000159810383926552
16.008,0.1,0.100861694579246,0.000159764854977286
16.01,0.1,0.100861339440937,0.00015971932602802
16.012,0.1,0.100860984849649,0.000159674673114155
16.014,0.1,0.10086063025836,0.00015963002020029
16.016,0.1,0.100860275667072,0.000159585367286424
16.018,0.1,0.100859921075783,0.000159540714372559
16.02,0.1,0.100859566484495,0.000159496061458694
16.022,0.1,0.100859212439276,0.000159451674624987
16.024,0.1,0.100858858394057,0.000159407287791281
16.026,0.1,0.100858504348838,0.000159362900957574
16.028,0.1,0.100858150303619,0.000159318514123868
16.03,0.1,0.1008577962584,0.000159274127290161
16.032,0.1,0.100857442758156,0.000159228910706095
16.034,0.1,0.100857089257913,0.00015918369412203
16.036,0.1,0.100856735757669,0.000159138477537964
16.038,0.1,0.100856382257425,0.000159093260953898
16.04,0.1,0.100856028757181,0.000159048044369832
16.042,0.1,0.100855675801054,0.000159001720329837
16.044,0.1,0.100855322844926,0.000158955396289841
16.046,0.1,0.100854969888799,0.000158909072249845
16.048,0.1,0.100854616932672,0.000158862748209849
16.05,0.1,0.100854263976544,0.000158816424169853
16.052,0.1,0.100853911564062,0.000158770048639916
16.054,0.1,0.100853559151581,0.000158723673109979
16.056,0.1,0.100853206739099,0.000158677297580042
16.058,0.1,0.100852854326617,0.000158630922050105
16.06,0.1,0.100852501914135,0.000158584546520168
16.062,0.1,0.10085215004487,0.000158539316360264
16.064,0.1,0.100851798175606,0.000158494086200361
16.066,0.1,0.100851446306341,0.000158448856040457
16.068,0.1,0.100851094437076,0.000158403625880553
16.07,0.1,0.100850742567811,0.00015835839572065
16.072,0.1,0.100850391240966,0.000158314237818173
16.074,0.1,0.100850039914122,0.000158270079915696
16.076,0.1,0.100849688587277,0.000158225922013219
16.078,0.1,0.100849337260433,0.000158181764110742
16.08,0.1,0.100848985933588,0.000158137606208265
16.082,0.1,0.100848635148064,0.000158093394327232
16.084,0.1,0.100848284362541,0.000158049182446199
16.086,0.1,0.100847933577017,0.000158004970565165
16.088,0.1,0.100847582791493,0.000157960758684132
16.09,0.1,0.100847232005969,0.000157916546803099
16.092,0.1,0.100846881760761,0.000157871468925967
16.094,0.1,0.100846531515553,0.000157826391048836
16.096,0.1,0.100846181270345,0.000157781313171704
16.098,0.1,0.100845831025137,0.000157736235294573
16.1,0.1,0.100845480779929,0.000157691157417441
16.102,0.1,0.100845131074352,0.000157645496715543
16.104,0.1,0.100844781368774,0.000157599836013646
16.106,0.1,0.100844431663197,0.000157554175311748
16.108,0.1,0.10084408195762,0.00015750851460985
16.11,0.1,0.100843732252042,0.000157462853907952
16.112,0.1,0.100843383085544,0.000157417364168571
16.114,0.1,0.100843033919046,0.000157371874429189
16.116,0.1,0.100842684752547,0.000157326384689808
16.118,0.1,0.100842335586049,0.000157280894950427
16.12,0.1,0.100841986419551,0.000157235405211045
16.122,0.1,0.10084163779143,0.000157190339835646
16.124,0.1,0.100841289163309,0.000157145274460247
16.126,0.1,0.100840940535188,0.000157100209084848
16.128,0.1,0.100840591907068,0.000157055143709449
16.13,0.1,0.100840243278947,0.000157010078334049
16.132,0.1,0.100839895188378,0.000156965258654854
16.134,0.1,0.100839547097809,0.000156920438975659
16.136,0.1,0.100839199007239,0.000156875619296463
16.138,0.1,0.10083885091667,0.000156830799617268
16.14,0.1,0.100838502826101,0.000156785979938072
16.142,0.1,0.100838155272311,0.000156741387623546
16.144,0.1,0.10083780771852,0.00015669679530902
16.146,0.1,0.10083746016473,0.000156652202994494
16.148,0.1,0.100837112610939,0.000156607610679968
16.15,0.1,0.100836765057149,0.000156563018365442
16.152,0.1,0.1008364180394,0.000156518740538857
16.154,0.1,0.100836071021651,0.000156474462712273
16.156,0.1,0.100835724003903,0.000156430184885689
16.158,0.1,0.100835376986154,0.000156385907059104
16.16,0.1,0.100835029968406,0.00015634162923252
16.162,0.1,0.10083468348585,0.000156297367394982
16.164,0.1,0.100834337003294,0.000156253105557444
16.166,0.1,0.100833990520738,0.000156208843719906
16.168,0.1,0.100833644038182,0.000156164581882367
16.17,0.1,0.100833297555626,0.000156120320044829
16.172,0.1,0.100832951607318,0.000156075459386878
16.174,0.1,0.100832605659009,0.000156030598728928
16.176,0.1,0.100832259710701,0.000155985738070977
16.178,0.1,0.100831913762392,0.000155940877413026
16.18,0.1,0.100831567814084,0.000155896016755075
16.182,0.1,0.100831222399229,0.000155850472704268
16.184,0.1,0.100830876984374,0.00015580492865346
16.186,0.1,0.100830531569519,0.000155759384602653
16.188,0.1,0.100830186154664,0.000155713840551846
16.19,0.1,0.100829840739809,0.000155668296501038
16.192,0.1,0.100829495857897,0.000155622949463808
16.194,0.1,0.100829150975985,0.000155577602426577
16.196,0.1,0.100828806094072,0.000155532255389347
16.198,0.1,0.10082846121216,0.000155486908352116
16.2,0.1,0.100828116330248,0.000155441561314886
16.202,0.1,0.100827771980776,0.000155397310850847
16.204,0.1,0.100827427631305,0.000155353060386807
16.206,0.1,0.100827083281833,0.000155308809922768
16.208,0.1,0.100826738932362,0.000155264559458729
16.21,0.1,0.10082639458289,0.00015522030899469
16.212,0.1,0.100826050765025,0.00015517690086724
16.214,0.1,0.100825706947159,0.00015513349273979
16.216,0.1,0.100825363129293,0.00015509008461234
16.218,0.1,0.100825019311427,0.00015504667648489
16.22,0.1,0.100824675493561,0.00015500326835744
16.222,0.1,0.100824332206202,0.000154959534329266
16.224,0.1,0.100823988918842,0.000154915800301092
16.226,0.1,0.100823645631482,0.000154872066272918
16.228,0.1,0.100823302344122,0.000154828332244744
16.23,0.1,0.100822959056762,0.00015478459821657
16.232,0.1,0.100822616298941,0.000154739819441136
16.234,0.1,0.100822273541119,0.000154695040665701
16.236,0.1,0.100821930783297,0.000154650261890266
16.238,0.1,0.100821588025475,0.000154605483114831
16.24,0.1,0.100821245267653,0.000154560704339397
16.242,0.1,0.100820903038766,0.000154515417569704
16.244,0.1,0.10082056080988,0.000154470130800011
16.246,0.1,0.100820218580993,0.000154424844030318
16.248,0.1,0.100819876352106,0.000154379557260625
16.25,0.1,0.10081953412322,0.000154334270490932
16.252,0.1,0.100819192422807,0.000154289504628882
16.254,0.1,0.100818850722394,0.000154244738766832
16.256,0.1,0.100818509021981,0.000154199972904783
16.258,0.1,0.100818167321568,0.000154155207042733
16.26,0.1,0.100817825621156,0.000154110441180683
16.262,0.1,0.100817484448534,0.00015406647092859
16.264,0.1,0.100817143275913,0.000154022500676497
16.266,0.1,0.100816802103291,0.000153978530424404
16.268,0.1,0.10081646093067,0.000153934560172311
16.27,0.1,0.100816119758049,0.000153890589920217
16.272,0.1,0.100815779112305,0.000153846889299308
16.274,0.1,0.100815438466562,0.000153803188678399
16.276,0.1,0.100815097820819,0.00015375948805749
16.278,0.1,0.100814757175075,0.000153715787436581
16.28,0.1,0.100814416529332,0.000153672086815672
16.282,0.1,0.100814076409581,0.000153628204786572
16.284,0.1,0.10081373628983,0.000153584322757471
16.286,0.1,0.100813396170079,0.00015354044072837
16.288,0.1,0.100813056050328,0.00015349655869927
16.29,0.1,0.100812715930577,0.000153452676670169
16.292,0.1,0.100812376336079,0.000153408651059001
16.294,0.1,0.10081203674158,0.000153364625447834
16.296,0.1,0.100811697147082,0.000153320599836666
16.298,0.1,0.100811357552584,0.000153276574225498
16.3,0.1,0.100811017958085,0.00015323254861433
16.302,0.1,0.100810678888121,0.000153188495480574
16.304,0.1,0.100810339818157,0.000153144442346817
16.306,0.1,0.100810000748193,0.000153100389213061
16.308,0.1,0.100809661678229,0.000153056336079304
16.31,0.1,0.100809322608265,0.000153012282945547
16.312,0.1,0.100808984062028,0.000152968026138377
16.314,0.1,0.10080864551579,0.000152923769331206
16.316,0.1,0.100808306969552,0.000152879512524035
16.318,0.1,0.100807968423315,0.000152835255716864
16.32,0.1,0.100807629877077,0.000152790998909693
16.322,0.1,0.100807291853791,0.000152746482230957
16.324,0.1,0.100806953830505,0.00015270196555222
16.326,0.1,0.100806615807219,0.000152657448873484
16.328,0.1,0.100806277783934,0.000152612932194747
16.33,0.1,0.100805939760648,0.000152568415516011
16.332,0.1,0.10080560225971,0.000152524158748246
16.334,0.1,0.100805264758772,0.00015247990198048
16.336,0.1,0.100804927257834,0.000152435645212715
16.338,0.1,0.100804589756897,0.000152391388444949
16.34,0.1,0.100804252255959,0.000152347131677184
16.342,0.1,0.100803915276781,0.000152303688909779
16.344,0.1,0.100803578297603,0.000152260246142375
16.346,0.1,0.100803241318425,0.00015221680337497
16.348,0.1,0.100802904339247,0.000152173360607566
16.35,0.1,0.100802567360069,0.000152129917840161
16.352,0.1,0.10080223090182,0.000152087005211216
16.354,0.1,0.100801894443571,0.000152044092582271
16.356,0.1,0.100801557985322,0.000152001179953326
16.358,0.1,0.100801221527073,0.00015195826732438
16.36,0.1,0.100800885068825,0.000151915354695435
16.362,0.1,0.100800549130472,0.000151871995557698
16.364,0.1,0.10080021319212,0.000151828636419961
16.366,0.1,0.100799877253768,0.000151785277282225
16.368,0.1,0.100799541315416,0.000151741918144488
16.37,0.1,0.100799205377064,0.000151698559006751
16.372,0.1,0.100798869957707,0.000151654232086715
16.374,0.1,0.10079853453835,0.000151609905166679
16.376,0.1,0.100798199118993,0.000151565578246642
16.378,0.1,0.100797863699636,0.000151521251326606
16.38,0.1,0.100797528280279,0.00015147692440657
16.382,0.1,0.100797193379359,0.000151432289145898
16.384,0.1,0.10079685847844,0.000151387653885226
16.386,0.1,0.100796523577521,0.000151343018624553
16.388,0.1,0.100796188676601,0.000151298383363881
16.39,0.1,0.100795853775682,0.000151253748103208
16.392,0.1,0.10079551939276,0.000151209866054139
16.394,0.1,0.100795185009839,0.000151165984005069
16.396,0.1,0.100794850626917,0.000151122101955999
16.398,0.1,0.100794516243995,0.000151078219906929
16.4,0.1,0.100794181861073,0.000151034337857859
16.402,0.1,0.10079384799545,0.000150991380622189
16.404,0.1,0.100793514129827,0.000150948423386519
16.406,0.1,0.100793180264204,0.000150905466150849
16.408,0.1,0.100792846398581,0.000150862508915179
16.41,0.1,0.100792512532957,0.000150819551679509
16.412,0.1,0.100792179183658,0.000150776735249202
16.414,0.1,0.100791845834359,0.000150733918818896
16.416,0.1,0.10079151248506,0.000150691102388589
16.418,0.1,0.100791179135761,0.000150648285958283
16.42,0.1,0.100790845786462,0.000150605469527976
16.422,0.1,0.100790512952546,0.000150562113356654
16.424,0.1,0.10079018011863,0.000150518757185331
16.426,0.1,0.100789847284714,0.000150475401014009
16.428,0.1,0.100789514450798,0.000150432044842686
16.43,0.1,0.100789181616882,0.000150388688671364
16.432,0.1,0.100788849297646,0.000150344919252095
16.434,0.1,0.10078851697841,0.000150301149832827
16.436,0.1,0.100788184659174,0.000150257380413559
16.438,0.1,0.100787852339937,0.00015021361099429
16.44,0.1,0.100787520020701,0.000150169841575022
16.442,0.1,0.100787188215551,0.000150126167936989
16.444,0.1,0.1007868564104,0.000150082494298957
16.446,0.1,0.10078652460525,0.000150038820660924
16.448,0.1,0.100786192800099,0.000149995147022892
16.45,0.1,0.100785860994949,0.000149951473384859
16.452,0.1,0.100785529703176,0.000149908025338317
16.454,0.1,0.100785198411404,0.000149864577291774
16.456,0.1,0.100784867119631,0.000149821129245232
16.458,0.1,0.100784535827858,0.00014977768119869
16.46,0.1,0.100784204536085,0.000149734233152147
16.462,0.1,0.100783873756894,0.000149690838199727
16.464,0.1,0.100783542977702,0.000149647443247306
16.466,0.1,0.100783212198511,0.000149604048294885
16.468,0.1,0.100782881419319,0.000149560653342464
16.47,0.1,0.100782550640128,0.000149517258390043
16.472,0.1,0.100782220372803,0.00014947400889031
16.474,0.1,0.100781890105478,0.000149430759390577
16.476,0.1,0.100781559838153,0.000149387509890844
16.478,0.1,0.100781229570828,0.000149344260391111
16.48,0.1,0.100780899303503,0.000149301010891379
16.482,0.1,0.100780569547388,0.000149258178578286
16.484,0.1,0.100780239791272,0.000149215346265192
16.486,0.1,0.100779910035156,0.000149172513952099
16.488,0.1,0.10077958027904,0.000149129681639006
16.49,0.1,0.100779250522924,0.000149086849325913
16.492,0.1,0.100778921277236,0.000149044276888721
16.494,0.1,0.100778592031548,0.000149001704451528
16.496,0.1,0.100778262785861,0.000148959132014336
16.498,0.1,0.100777933540173,0.000148916559577143
16.5,0.1,0.100777604294485,0.000148873987139951
16.502,0.1,0.100777275558299,0.000148831028490224
16.504,0.1,0.100776946822112,0.000148788069840497
16.506,0.1,0.100776618085926,0.00014874511119077
16.508,0.1,0.10077628934974,0.000148702152541043
16.51,0.1,0.100775960613554,0.000148659193891316
16.512,0.1,0.100775632386036,0.000148615525803306
16.514,0.1,0.100775304158518,0.000148571857715297
16.516,0.1,0.100774975930999,0.000148528189627288
16.518,0.1,0.100774647703481,0.000148484521539279
16.52,0.1,0.100774319475963,0.00014844085345127
16.522,0.1,0.100773991756552,0.000148397090487402
16.524,0.1,0.100773664037142,0.000148353327523533
16.526,0.1,0.100773336317731,0.000148309564559665
16.528,0.1,0.100773008598321,0.000148265801595797
16.53,0.1,0.10077268087891,0.000148222038631929
16.532,0.1,0.100772353667134,0.000148179084023127
16.534,0.1,0.100772026455358,0.000148136129414325
16.536,0.1,0.100771699243582,0.000148093174805523
16.538,0.1,0.100771372031806,0.000148050220196721
16.54,0.1,0.100771044820029,0.000148007265587919
16.542,0.1,0.100770718115165,0.000147965160698716
16.544,0.1,0.1007703914103,0.000147923055809512
16.546,0.1,0.100770064705436,0.000147880950920309
16.548,0.1,0.100769738000571,0.000147838846031106
16.55,0.1,0.100769411295707,0.000147796741141902
16.552,0.1,0.100769085096763,0.000147754603576104
16.554,0.1,0.10076875889782,0.000147712466010305
16.556,0.1,0.100768432698877,0.000147670328444506
16.558,0.1,0.100768106499934,0.000147628190878708
16.56,0.1,0.100767780300991,0.000147586053312909
16.562,0.1,0.100767454607029,0.000147543165029531
16.564,0.1,0.100767128913067,0.000147500276746154
16.566,0.1,0.100766803219105,0.000147457388462776
16.568,0.1,0.100766477525143,0.000147414500179398
16.57,0.1,0.10076615183118,0.00014737161189602
16.572,0.1,0.100765826641546,0.000147328236822664
16.574,0.1,0.100765501451911,0.000147284861749308
16.576,0.1,0.100765176262276,0.000147241486675952
16.578,0.1,0.100764851072641,0.000147198111602596
16.58,0.1,0.100764525883006,0.00014715473652924
16.582,0.1,0.100764201197195,0.000147111655777198
16.584,0.1,0.100763876511383,0.000147068575025156
16.586,0.1,0.100763551825572,0.000147025494273114
16.588,0.1,0.10076322713976,0.000146982413521072
16.59,0.1,0.100762902453949,0.000146939332769031
16.592,0.1,0.100762578271307,0.000146896821117745
16.594,0.1,0.100762254088665,0.000146854309466459
16.596,0.1,0.100761929906023,0.000146811797815173
16.598,0.1,0.100761605723381,0.000146769286163887
16.6,0.1,0.100761281540739,0.000146726774512601
16.602,0.1,0.100760957860428,0.000146684469001466
16.604,0.1,0.100760634180117,0.00014664216349033
16.606,0.1,0.100760310499806,0.000146599857979194
16.608,0.1,0.100759986819495,0.000146557552468058
16.61,0.1,0.100759663139184,0.000146515246956923
16.612,0.1,0.100759339960391,0.000146472857867465
16.614,0.1,0.100759016781598,0.000146430468778007
16.616,0.1,0.100758693602806,0.00014638807968855
16.618,0.1,0.100758370424013,0.000146345690599092
16.62,0.1,0.100758047245221,0.000146303301509634
16.622,0.1,0.100757724567254,0.00014626093674621
16.624,0.1,0.100757401889287,0.000146218571982786
16.626,0.1,0.10075707921132,0.000146176207219362
16.628,0.1,0.100756756533353,0.000146133842455937
16.63,0.1,0.100756433855386,0.000146091477692513
16.632,0.1,0.100756111677547,0.000146049226700295
16.634,0.1,0.100755789499708,0.000146006975708077
16.636,0.1,0.100755467321869,0.000145964724715859
16.638,0.1,0.100755145144029,0.00014592247372364
16.64,0.1,0.10075482296619,0.000145880222731422
16.642,0.1,0.100754501287672,0.000145837813129321
16.644,0.1,0.100754179609155,0.00014579540352722
16.646,0.1,0.100753857930637,0.000145752993925119
16.648,0.1,0.100753536252119,0.000145710584323018
16.65,0.1,0.100753214573601,0.000145668174720917
16.652,0.1,0.100752893393612,0.000145625389077083
16.654,0.1,0.100752572213623,0.000145582603433248
16.656,0.1,0.100752251033634,0.000145539817789414
16.658,0.1,0.100751929853646,0.00014549703214558
16.66,0.1,0.100751608673657,0.000145454246501746
16.662,0.1,0.100751287991587,0.00014541148581924
16.664,0.1,0.100750967309517,0.000145368725136735
16.666,0.1,0.100750646627447,0.000145325964454229
16.668,0.1,0.100750325945377,0.000145283203771723
16.67,0.1,0.100750005263307,0.000145240443089218
16.672,0.1,0.10074968507862,0.000145198349218982
16.674,0.1,0.100749364893933,0.000145156255348745
16.676,0.1,0.100749044709245,0.000145114161478509
16.678,0.1,0.100748724524558,0.000145072067608273
16.68,0.1,0.100748404339871,0.000145029973738037
16.682,0.1,0.100748084651838,0.000144988518823803
16.684,0.1,0.100747764963804,0.000144947063909569
16.686,0.1,0.100747445275771,0.000144905608995335
16.688,0.1,0.100747125587737,0.000144864154081101
16.69,0.1,0.100746805899704,0.000144822699166867
16.692,0.1,0.100746486707372,0.000144781087217209
16.694,0.1,0.100746167515039,0.00014473947526755
16.696,0.1,0.100745848322707,0.000144697863317892
16.698,0.1,0.100745529130374,0.000144656251368233
16.7,0.1,0.100745209938042,0.000144614639418575
16.702,0.1,0.100744891240511,0.00014457225535346
16.704,0.1,0.10074457254298,0.000144529871288345
16.706,0.1,0.100744253845448,0.00014448748722323
16.708,0.1,0.100743935147917,0.000144445103158115
16.71,0.1,0.100743616450386,0.000144402719093
16.712,0.1,0.100743298247041,0.000144359925336492
16.714,0.1,0.100742980043695,0.000144317131579984
16.716,0.1,0.10074266184035,0.000144274337823476
16.718,0.1,0.100742343637005,0.000144231544066968
16.72,0.1,0.10074202543366,0.00014418875031046
16.722,0.1,0.100741707724036,0.000144146423696125
16.724,0.1,0.100741390014412,0.000144104097081791
16.726,0.1,0.100741072304788,0.000144061770467456
16.728,0.1,0.100740754595164,0.000144019443853121
16.73,0.1,0.10074043688554,0.000143977117238787
16.732,0.1,0.100740119668998,0.000143935538490389
16.734,0.1,0.100739802452456,0.000143893959741991
16.736,0.1,0.100739485235915,0.000143852380993592
16.738,0.1,0.100739168019373,0.000143810802245194
16.74,0.1,0.100738850802831,0.000143769223496796
16.742,0.1,0.100738534078495,0.000143727853402815
16.744,0.1,0.100738217354159,0.000143686483308835
16.746,0.1,0.100737900629823,0.000143645113214854
16.748,0.1,0.100737583905488,0.000143603743120874
16.75,0.1,0.100737267181152,0.000143562373026893
16.752,0.1,0.100736950948149,0.000143520671182087
16.754,0.1,0.100736634715146,0.000143478969337282
16.756,0.1,0.100736318482143,0.000143437267492476
16.758,0.1,0.10073600224914,0.00014339556564767
16.76,0.1,0.100735686016137,0.000143353863802864
16.762,0.1,0.100735370273774,0.000143311901507597
16.764,0.1,0.100735054531412,0.00014326993921233
16.766,0.1,0.100734738789049,0.000143227976917062
16.768,0.1,0.100734423046687,0.000143186014621795
16.77,0.1,0.100734107304325,0.000143144052326528
16.772,0.1,0.100733792051995,0.000143102191846325
16.774,0.1,0.100733476799666,0.000143060331366122
16.776,0.1,0.100733161547336,0.000143018470885919
16.778,0.1,0.100732846295007,0.000142976610405716
16.78,0.1,0.100732531042678,0.000142934749925513
16.782,0.1,0.100732216279675,0.000142893024700736
16.784,0.1,0.100731901516672,0.000142851299475958
16.786,0.1,0.100731586753669,0.000142809574251181
16.788,0.1,0.100731271990666,0.000142767849026403
16.79,0.1,0.100730957227663,0.000142726123801626
16.792,0.1,0.100730642953208,0.000142684321482114
16.794,0.1,0.100730328678752,0.000142642519162603
16.796,0.1,0.100730014404297,0.000142600716843092
16.798,0.1,0.100729700129841,0.000142558914523581
16.8,0.1,0.100729385855386,0.00014251711220407
16.802,0.1,0.100729072068795,0.000142475338931138
16.804,0.1,0.100728758282204,0.000142433565658207
16.806,0.1,0.100728444495612,0.000142391792385275
16.808,0.1,0.100728130709021,0.000142350019112344
16.81,0.1,0.10072781692243,0.000142308245839413
16.812,0.1,0.100727503623104,0.000142266880664937
16.814,0.1,0.100727190323778,0.000142225515490462
16.816,0.1,0.100726877024451,0.000142184150315986
16.818,0.1,0.100726563725125,0.00014214278514151
16.82,0.1,0.100726250425799,0.000142101419967035
16.822,0.1,0.10072593761303,0.000142060465671977
16.824,0.1,0.100725624800261,0.000142019511376919
16.826,0.1,0.100725311987493,0.000141978557081861
16.828,0.1,0.100724999174724,0.000141937602786803
16.83,0.1,0.100724686361955,0.000141896648491745
16.832,0.1,0.100724374034867,0.000141855529233379
16.834,0.1,0.100724061707779,0.000141814409975012
16.836,0.1,0.100723749380692,0.000141773290716646
16.838,0.1,0.100723437053604,0.00014173217145828
16.84,0.1,0.100723124726516,0.000141691052199912
16.842,0.1,0.100722812884263,0.000141649303329196
16.844,0.1,0.10072250104201,0.00014160755445848
16.846,0.1,0.100722189199757,0.000141565805587764
16.848,0.1,0.100721877357505,0.000141524056717048
16.85,0.1,0.100721565515252,0.000141482307846331
16.852,0.1,0.100721254157229,0.00014144028970618
16.854,0.1,0.100720942799207,0.000141398271566028
16.856,0.1,0.100720631441185,0.000141356253425877
16.858,0.1,0.100720320083162,0.000141314235285725
16.86,0.1,0.10072000872514,0.000141272217145574
16.862,0.1,0.100719697850876,0.000141230739143683
16.864,0.1,0.100719386976611,0.000141189261141791
16.866,0.1,0.100719076102347,0.000141147783139899
16.868,0.1,0.100718765228083,0.000141106305138007
16.87,0.1,0.100718454353819,0.000141064827136117
16.872,0.1,0.100718143962669,0.000141024107610379
16.874,0.1,0.10071783357152,0.000140983388084642
16.876,0.1,0.10071752318037,0.000140942668558904
16.878,0.1,0.100717212789221,0.000140901949033166
16.88,0.1,0.100716902398072,0.000140861229507429
16.882,0.1,0.100716592489148,0.000140820640636804
16.884,0.1,0.100716282580225,0.000140780051766179
16.886,0.1,0.100715972671302,0.000140739462895554
16.888,0.1,0.100715662762378,0.000140698874024929
16.89,0.1,0.100715352853455,0.000140658285154303
16.892,0.1,0.100715043425867,0.000140617186405173
16.894,0.1,0.10071473399828,0.000140576087656043
16.896,0.1,0.100714424570692,0.000140534988906912
16.898,0.1,0.100714115143105,0.000140493890157782
16.9,0.1,0.100713805715517,0.000140452791408651
16.902,0.1,0.100713496768595,0.000140411289634298
16.904,0.1,0.100713187821672,0.000140369787859945
16.906,0.1,0.10071287887475,0.000140328286085592
16.908,0.1,0.100712569927827,0.000140286784311239
16.91,0.1,0.100712260980904,0.000140245282536886
16.912,0.1,0.100711952514113,0.000140203955659904
16.914,0.1,0.100711644047321,0.000140162628782922
16.916,0.1,0.100711335580529,0.00014012130190594
16.918,0.1,0.100711027113737,0.000140079975028958
16.92,0.1,0.100710718646946,0.000140038648151977
16.922,0.1,0.100710410659646,0.000139997722646343
16.924,0.1,0.100710102672347,0.000139956797140709
16.926,0.1,0.100709794685048,0.000139915871635075
16.928,0.1,0.100709486697749,0.00013987494612944
16.93,0.1,0.10070917871045,0.000139834020623806
16.932,0.1,0.100708871201857,0.000139793215424881
16.934,0.1,0.100708563693264,0.000139752410225955
16.936,0.1,0.100708256184671,0.000139711605027029
16.938,0.1,0.100707948676078,0.000139670799828103
16.94,0.1,0.100707641167484,0.000139629994629177
16.942,0.1,0.100707334136842,0.000139589121673092
16.944,0.1,0.100707027106199,0.000139548248717007
16.946,0.1,0.100706720075556,0.000139507375760923
16.948,0.1,0.100706413044914,0.000139466502804838
16.95,0.1,0.100706106014271,0.000139425629848753
16.952,0.1,0.100705799460934,0.000139384869679928
16.954,0.1,0.100705492907597,0.000139344109511102
16.956,0.1,0.10070518635426,0.000139303349342277
16.958,0.1,0.100704879800923,0.000139262589173451
16.96,0.1,0.100704573247586,0.000139221829004626
16.962,0.1,0.100704267170894,0.00013918130267395
16.964,0.1,0.100703961094202,0.000139140776343274
16.966,0.1,0.10070365501751,0.000139100250012598
16.968,0.1,0.100703348940818,0.000139059723681921
16.97,0.1,0.100703042864126,0.000139019197351245
16.972,0.1,0.100702737263295,0.000138978608614142
16.974,0.1,0.100702431662464,0.000138938019877038
16.976,0.1,0.100702126061633,0.000138897431139935
16.978,0.1,0.100701820460801,0.000138856842402831
16.98,0.1,0.10070151485997,0.000138816253665727
16.982,0.1,0.100701209734203,0.00013877526816206
16.984,0.1,0.100700904608436,0.000138734282658394
16.986,0.1,0.100700599482668,0.000138693297154728
16.988,0.1,0.100700294356901,0.000138652311651061
16.99,0.1,0.100699989231134,0.000138611326147395
16.992,0.1,0.100699684579806,0.00013857019633818
16.994,0.1,0.100699379928479,0.000138529066528965
16.996,0.1,0.100699075277151,0.00013848793671975
16.998,0.1,0.100698770625823,0.000138446806910536
17,0.1,0.100698465974495,0.000138405677101294
17.002,0.1,0.1006981616455,0.000138364783849159
17.004,0.1,0.100697857397413,0.00013832403592613
17.006,0.1,0.100697553176447,0.000138283333371382
17.008,0.1,0.100697249275739,0.000138243166533139
17.01,0.1,0.10069694537503,0.000138202999694895
17.012,0.1,0.100696641474322,0.000138162832856651
17.014,0.1,0.100696337573614,0.000138122666018408
17.016,0.1,0.100696033709819,0.000138082526207516
17.018,0.1,0.1006957302819,0.000138042705540271
17.02,0.1,0.100695426853981,0.000138002884873025
17.022,0.1,0.100695123426062,0.00013796306420578
17.024,0.1,0.100694819998144,0.000137923243538535
17.026,0.1,0.100694516607067,0.000137883390633476
17.028,0.1,0.100694213651024,0.000137843157058733
17.03,0.1,0.100693910694981,0.000137802923483991
17.032,0.1,0.100693607738938,0.000137762689909249
17.034,0.1,0.100693304782896,0.000137722456334507
17.036,0.1,0.100693001863636,0.000137682174604933
17.038,0.1,0.100692699378719,0.000137641324254776
17.04,0.1,0.100692396893801,0.00013760047390462
17.042,0.1,0.100692094408884,0.000137559623554463
17.044,0.1,0.100691791923966,0.000137518773204306
17.046,0.1,0.100691489475791,0.000137477920863106
17.048,0.1,0.10069118746148,0.000137437045011316
17.05,0.1,0.100690885447169,0.000137396169159526
17.052,0.1,0.100690583432858,0.000137355293307737
17.054,0.1,0.100690281418547,0.000137314417455947
17.056,0.1,0.100689979440938,0.000137273585413987
17.058,0.1,0.100689677896712,0.000137233270686069
17.06,0.1,0.100689376352487,0.000137192955958151
17.062,0.1,0.100689074808262,0.000137152641230233
17.064,0.1,0.100688773264036,0.000137112326502315
17.066,0.1,0.100688471756456,0.000137072045954314
17.068,0.1,0.100688170681589,0.000137032169008686
17.07,0.1,0.100687869606721,0.000136992292063058
17.072,0.1,0.100687568531854,0.000136952415117429
17.074,0.1,0.100687267456986,0.000136912538171801
17.076,0.1,0.100686966418699,0.00013687265515655
17.078,0.1,0.100686665812349,0.000136832700470149
17.08,0.1,0.100686365206,0.000136792745783748
17.082,0.1,0.100686064599651,0.000136752791097347
17.084,0.1,0.100685763993301,0.000136712836410946
17.086,0.1,0.100685463423474,0.000136672862254704
17.088,0.1,0.100685163284906,0.000136632658195214
17.09,0.1,0.100684863146339,0.000136592454135723
17.092,0.1,0.100684563007771,0.000136552250076233
17.094,0.1,0.100684262869204,0.000136512046016743
17.096,0.1,0.100683962767111,0.00013647184263556
17.098,0.1,0.100683663095715,0.000136431647263961
17.1,0.1,0.10068336342432,0.000136391451892362
17.102,0.1,0.100683063752925,0.000136351256520763
17.104,0.1,0.10068276408153,0.000136311061149164
17.106,0.1,0.100682464446559,0.000136270878575134
17.108,0.1,0.100682165241695,0.000136230847117018
17.11,0.1,0.100681866036832,0.000136190815658902
17.112,0.1,0.100681566831968,0.000136150784200786
17.114,0.1,0.100681267627105,0.000136110752742671
17.116,0.1,0.100680968458607,0.000136070718619013
17.118,0.1,0.10068066971953,0.000136030653020176
17.12,0.1,0.100680370980452,0.000135990587421339
17.122,0.1,0.100680072241374,0.000135950521822502
17.124,0.1,0.100679773502297,0.000135910456223665
17.126,0.1,0.100679474799529,0.000135870379489729
17.128,0.1,0.100679176525519,0.000135830171270626
17.13,0.1,0.100678878251508,0.000135789963051523
17.132,0.1,0.100678579977498,0.000135749754832421
17.134,0.1,0.100678281703487,0.000135709546613318
17.136,0.1,0.100677983465741,0.000135669352217437
17.138,0.1,0.100677685656206,0.00013562932104855
17.14,0.1,0.100677387846672,0.000135589289879663
17.142,0.1,0.100677090037138,0.000135549258710776
17.144,0.1,0.100676792227604,0.00013550922754189
17.146,0.1,0.100676494454288,0.000135469234337624
17.148,0.1,0.100676197108639,0.000135429689426169
17.15,0.1,0.10067589976299,0.000135390144514714
17.152,0.1,0.100675602417341,0.000135350599603259
17.154,0.1,0.100675305071693,0.000135311054691805
17.156,0.1,0.100675007762203,0.000135271527966617
17.158,0.1,0.100674710879686,0.000135232215988019
17.16,0.1,0.100674413997168,0.000135192904009421
17.162,0.1,0.100674117114651,0.000135153592030824
17.164,0.1,0.100673820232134,0.000135114280052226
17.166,0.1,0.100673523385709,0.000135074939743314
17.168,0.1,0.100673226965468,0.000135035264905161
17.17,0.1,0.100672930545227,0.000134995590067007
17.172,0.1,0.100672634124986,0.000134955915228853
17.174,0.1,0.100672337704745,0.0001349162403907
17.176,0.1,0.10067204132054,0.00013487652622274
17.178,0.1,0.100671745361854,0.000134836347641629
17.18,0.1,0.100671449403167,0.000134796169060517
17.182,0.1,0.100671153444481,0.000134755990479405
17.184,0.1,0.100670857485795,0.000134715811898294
17.186,0.1,0.100670561563104,0.000134675638884085
17.188,0.1,0.10067026606546,0.000134635531604822
17.19,0.1,0.100669970567816,0.00013459542432556
17.192,0.1,0.100669675070172,0.000134555317046297
17.194,0.1,0.100669379572527,0.000134515209767035
17.196,0.1,0.100669084110839,0.000134475151569847
17.198,0.1,0.10066878907372,0.000134435672942299
17.2,0.1,0.100668494036602,0.00013439619431475
17.202,0.1,0.100668198999484,0.000134356715687202
17.204,0.1,0.100667903962365,0.000134317237059653
17.206,0.1,0.100667608961145,0.000134277793827065
17.208,0.1,0.100667314383823,0.000134238768544303
17.21,0.1,0.100667019806502,0.000134199743261541
17.212,0.1,0.10066672522918,0.000134160717978779
17.214,0.1,0.100666430651858,0.000134121692696017
17.216,0.1,0.100666136110367,0.000134082653951077
17.218,0.1,0.100665841991983,0.00013404345624241
17.22,0.1,0.100665547873599,0.000134004258533743
17.222,0.1,0.100665253755214,0.000133965060825077
17.224,0.1,0.10066495963683,0.00013392586311641
17.226,0.1,0.100664665554219,0.000133886632520026
17.228,0.1,0.100664371894025,0.00013384701357978
17.23,0.1,0.100664078233831,0.000133807394639534
17.232,0.1,0.100663784573638,0.000133767775699288
17.234,0.1,0.100663490913444,0.000133728156759042
17.236,0.1,0.100663197288979,0.000133688532597469
17.238,0.1,0.100662904086406,0.000133648846781564
17.24,0.1,0.100662610883833,0.000133609160965658
17.242,0.1,0.10066231768126,0.000133569475149752
17.244,0.1,0.100662024478687,0.000133529789333846
17.246,0.1,0.100661731311798,0.000133490127055797
17.248,0.1,0.100661438566279,0.000133450742716844
17.25,0.1,0.10066114582076,0.00013341135837789
17.252,0.1,0.10066085307524,0.000133371974038937
17.254,0.1,0.100660560329721,0.000133332589699983
17.256,0.1,0.100660267619831,0.00013329322088737
17.258,0.1,0.10065997533066,0.000133254035412472
17.26,0.1,0.100659683041489,0.000133214849937574
17.262,0.1,0.100659390752318,0.000133175664462676
17.264,0.1,0.100659098463147,0.000133136478987778
17.266,0.1,0.100658806209547,0.000133097288248531
17.268,0.1,0.100658514375973,0.000133058035346939
17.27,0.1,0.100658222542398,0.000133018782445347
17.272,0.1,0.100657930708823,0.000132979529543755
17.274,0.1,0.100657638875249,0.000132940276642163
17.276,0.1,0.100657347077194,0.000132901024051972
17.278,0.1,0.100657055698565,0.000132861775138855
17.28,0.1,0.100656764319937,0.000132822526225737
17.282,0.1,0.100656472941309,0.000132783277312619
17.284,0.1,0.10065618156268,0.000132744028399502
17.286,0.1,0.100655890219525,0.000132704799449249
17.288,0.1,0.100655599295248,0.00013266580622396
17.29,0.1,0.100655308370971,0.000132626812998671
17.292,0.1,0.100655017446694,0.000132587819773382
17.294,0.1,0.100654726522417,0.000132548826548093
17.296,0.1,0.100654435633559,0.000132509847657761
17.298,0.1,0.100654145162944,0.000132471038037082
17.3,0.1,0.100653854692328,0.000132432228416403
17.302,0.1,0.100653564221713,0.000132393418795725
17.304,0.1,0.100653273751098,0.000132354609175046
17.306,0.1,0.10065298331584,0.000132315782342906
17.308,0.1,0.100652693298099,0.000132276752274849
17.31,0.1,0.100652403280358,0.000132237722206791
17.312,0.1,0.100652113262617,0.000132198692138734
17.314,0.1,0.100651823244876,0.000132159662070676
17.316,0.1,0.100651533262437,0.000132120604376205
17.318,0.1,0.100651243696862,0.000132081220464262
17.32,0.1,0.100650954131286,0.000132041836552319
17.322,0.1,0.10065066456571,0.000132002452640377
17.324,0.1,0.100650375000134,0.000131963068728434
17.326,0.1,0.100650085469819,0.00013192369242537
17.328,0.1,0.100649796355873,0.000131884405969267
17.33,0.1,0.100649507241926,0.000131845119513165
17.332,0.1,0.100649218127979,0.000131805833057063
17.334,0.1,0.100648929014032,0.00013176654660096
17.336,0.1,0.100648639935305,0.000131727304311303
17.338,0.1,0.100648351272458,0.000131688583546672
17.34,0.1,0.100648062609611,0.000131649862782041
17.342,0.1,0.100647773946764,0.00013161114201741
17.344,0.1,0.100647485283916,0.000131572421252779
17.346,0.1,0.100647196656233,0.000131533731155009
17.348,0.1,0.10064690844377,0.000131495403176836
17.35,0.1,0.100646620231306,0.000131457075198663
17.352,0.1,0.100646332018843,0.000131418747220489
17.354,0.1,0.10064604380638,0.000131380419242316
17.356,0.1,0.100645755629014,0.000131342074052823
17.358,0.1,0.100645467866092,0.000131303525629087
17.36,0.1,0.100645180103169,0.00013126497720535
17.362,0.1,0.100644892340247,0.000131226428781614
17.364,0.1,0.100644604577324,0.000131187880357877
17.366,0.1,0.100644316849442,0.000131149294950534
17.368,0.1,0.100644029535323,0.000131110272834365
17.37,0.1,0.100643742221204,0.000131071250718195
17.372,0.1,0.100643454907085,0.000131032228602025
17.374,0.1,0.100643167592967,0.000130993206485855
17.376,0.1,0.100642880313846,0.000130954179258937
17.378,0.1,0.100642593447987,0.000130915091683418
17.38,0.1,0.100642306582129,0.000130876004107898
17.382,0.1,0.10064201971627,0.000130836916532379
17.384,0.1,0.100641732850412,0.00013079782895686
17.386,0.1,0.10064144601951,0.000130758773454298
17.388,0.1,0.100641159601388,0.000130720096674769
17.39,0.1,0.100640873183266,0.000130681419895239
17.392,0.1,0.100640586765144,0.00013064274311571
17.394,0.1,0.100640300347022,0.000130604066336181
17.396,0.1,0.100640013963804,0.000130565416291622
17.398,0.1,0.100639727992736,0.000130527081938222
17.4,0.1,0.100639442021668,0.000130488747584823
17.402,0.1,0.1006391560506,0.000130450413231423
17.404,0.1,0.100638870079532,0.000130412078878023
17.406,0.1,0.100638584143307,0.000130373740163221
17.408,0.1,0.100638298618515,0.000130335349948235
17.41,0.1,0.100638013093723,0.000130296959733249
17.412,0.1,0.100637727568931,0.000130258569518263
17.414,0.1,0.100637442044138,0.000130220179303277
17.416,0.1,0.100637156554136,0.000130181776347977
17.418,0.1,0.10063687147493,0.000130143222952843
17.42,0.1,0.100636586395724,0.000130104669557709
17.422,0.1,0.100636301316518,0.000130066116162575
17.424,0.1,0.100636016237312,0.000130027562767441
17.426,0.1,0.10063573119285,0.000129989015911815
17.428,0.1,0.100635446558646,0.000129950546275833
17.43,0.1,0.100635161924442,0.000129912076639852
17.432,0.1,0.100634877290238,0.000129873607003871
17.434,0.1,0.100634592656034,0.000129835137367889
17.436,0.1,0.100634308056524,0.000129796683387389
17.438,0.1,0.100634023866699,0.000129758414269509
17.44,0.1,0.100633739676874,0.000129720145151629
17.442,0.1,0.100633455487049,0.00012968187603375
17.444,0.1,0.100633171297223,0.00012964360691587
17.446,0.1,0.100632887142036,0.000129605334708957
17.448,0.1,0.100632603395862,0.000129567026026205
17.45,0.1,0.100632319649687,0.000129528717343452
17.452,0.1,0.100632035903512,0.0001294904086607
17.454,0.1,0.100631752157338,0.000129452099977947
17.456,0.1,0.100631468445746,0.000129413774423161
17.458,0.1,0.100631185142512,0.000129375249640478
17.46,0.1,0.100630901839278,0.000129336724857795
17.462,0.1,0.100630618536045,0.000129298200075112
17.464,0.1,0.100630335232811,0.000129259675292429
17.466,0.1,0.100630051964115,0.000129221155286928
17.468,0.1,0.100629769103248,0.000129182691691222
17.47,0.1,0.100629486242381,0.000129144228095517
17.472,0.1,0.100629203381513,0.000129105764499811
17.474,0.1,0.100628920520646,0.000129067300904105
17.476,0.1,0.100628637694274,0.000129028871225181
17.478,0.1,0.100628355275228,0.000128990842041482
17.48,0.1,0.100628072856183,0.000128952812857783
17.482,0.1,0.100627790437137,0.000128914783674084
17.484,0.1,0.100627508018092,0.000128876754490386
17.486,0.1,0.100627225633488,0.00012883875028501
17.488,0.1,0.100626943655578,0.000128801041027999
17.49,0.1,0.100626661677669,0.000128763331770988
17.492,0.1,0.100626379699759,0.000128725622513977
17.494,0.1,0.100626097721849,0.000128687913256966
17.496,0.1,0.100625815768286,0.000128650200178518
17.498,0.1,0.100625534102209,0.000128612441975884
17.5,0.1,0.100625252436131,0.00012857468377325
17.502,0.1,0.100624971081327,0.000128536544256672
17.504,0.1,0.100624689726523,0.000128498404740095
17.506,0.1,0.100624408371719,0.000128460265223517
17.508,0.1,0.100624127016914,0.00012842212570694
17.51,0.1,0.10062384566211,0.000128383986190362
17.512,0.1,0.100623564746673,0.000128345504030075
17.514,0.1,0.100623283831236,0.000128307021869788
17.516,0.1,0.100623002915798,0.0001282685397095
17.518,0.1,0.100622722000361,0.000128230057549213
17.52,0.1,0.100622441084924,0.000128191575388926
17.522,0.1,0.100622160608365,0.000128153310137771
17.524,0.1,0.100621880131807,0.000128115044886616
17.526,0.1,0.100621599655249,0.000128076779635461
17.528,0.1,0.100621319178691,0.000128038514384307
17.53,0.1,0.100621038702133,0.000128000249133152
17.532,0.1,0.100620758663897,0.00012796252482168
17.534,0.1,0.100620478625662,0.000127924800510208
17.536,0.1,0.100620198587427,0.000127887076198736
17.538,0.1,0.100619918549192,0.000127849351887264
17.54,0.1,0.100619638510956,0.000127811627575792
17.542,0.1,0.100619358910305,0.000127774138281885
17.544,0.1,0.100619079309654,0.000127736648987978
17.546,0.1,0.100618799709003,0.000127699159694072
17.548,0.1,0.100618520108351,0.000127661670400165
17.55,0.1,0.1006182405077,0.000127624181106259
17.552,0.1,0.100617961343849,0.000127586462082403
17.554,0.1,0.100617682179998,0.000127548743058548
17.556,0.1,0.100617403016148,0.000127511024034692
17.558,0.1,0.100617123852297,0.000127473305010836
17.56,0.1,0.100616844688446,0.000127435585986981
17.562,0.1,0.100616565960747,0.000127397626766539
17.564,0.1,0.100616287233048,0.000127359667546098
17.566,0.1,0.100616008505349,0.000127321708325657
17.568,0.1,0.100615729777649,0.000127283749105215
17.57,0.1,0.10061545104995,0.000127245789884774
17.572,0.1,0.100615172757859,0.000127207937560074
17.574,0.1,0.100614894465768,0.000127170085235374
17.576,0.1,0.100614616173677,0.000127132232910674
17.578,0.1,0.100614337881586,0.000127094380585974
17.58,0.1,0.100614059589494,0.000127056528261274
17.582,0.1,0.100613781732407,0.000127018927804879
17.584,0.1,0.100613503875321,0.000126981327348484
17.586,0.1,0.100613226018234,0.000126943726892089
17.588,0.1,0.100612948161147,0.000126906126435694
17.59,0.1,0.10061267030406,0.000126868525979299
17.592,0.1,0.100612392881266,0.00012683095737676
17.594,0.1,0.100612115458473,0.000126793388774222
17.596,0.1,0.10061183803568,0.000126755820171683
17.598,0.1,0.100611560612887,0.000126718251569145
17.6,0.1,0.100611283190093,0.000126680682966606
17.602,0.1,0.100611006200909,0.000126643009358921
17.604,0.1,0.100610729211724,0.000126605335751236
17.606,0.1,0.10061045222254,0.000126567662143551
17.608,0.1,0.100610175233355,0.000126529988535866
17.61,0.1,0.100609898244171,0.000126492314928181
17.612,0.1,0.100609621688016,0.000126454752256281
17.614,0.1,0.100609345131862,0.00012641718958438
17.616,0.1,0.100609068575707,0.00012637962691248
17.618,0.1,0.100608792019552,0.00012634206424058
17.62,0.1,0.100608515463398,0.00012630450156868
17.622,0.1,0.100608239339691,0.000126267247297121
17.624,0.1,0.100607963215983,0.000126229993025562
17.626,0.1,0.100607687092276,0.000126192738754004
17.628,0.1,0.100607410968569,0.000126155484482445
17.63,0.1,0.100607134844861,0.000126118230210886
17.632,0.1,0.100606859152899,0.000126081073573612
17.634,0.1,0.100606583460938,0.000126043916936338
17.636,0.1,0.100606307768976,0.000126006760299064
17.638,0.1,0.100606032077014,0.00012596960366179
17.64,0.1,0.100605756385052,0.000125932447024516
17.642,0.1,0.100605481124081,0.000125894999521044
17.644,0.1,0.100605205863109,0.000125857552017572
17.646,0.1,0.100604930602138,0.0001258201045141
17.648,0.1,0.100604655341167,0.000125782657010629
17.65,0.1,0.100604380080196,0.000125745209507157
17.652,0.1,0.100604105249583,0.000125707497369727
17.654,0.1,0.100603830418969,0.000125669785232297
17.656,0.1,0.100603555588356,0.000125632073094867
17.658,0.1,0.100603280757743,0.000125594360957437
17.66,0.1,0.10060300592713,0.000125556648820007
17.662,0.1,0.100602731526376,0.000125519155409255
17.664,0.1,0.100602457125623,0.000125481661998504
17.666,0.1,0.10060218272487,0.000125444168587752
17.668,0.1,0.100601908324117,0.000125406675177
17.67,0.1,0.100601633923363,0.000125369181766249
17.672,0.1,0.100601359951918,0.000125332199337865
17.674,0.1,0.100601085980472,0.000125295216909481
17.676,0.1,0.100600812009026,0.000125258234481097
17.678,0.1,0.10060053803758,0.000125221252052714
17.68,0.1,0.100600264066134,0.00012518426962433
17.682,0.1,0.10059999052327,0.000125147493777702
17.684,0.1,0.100599716980406,0.000125110717931075
17.686,0.1,0.100599443437541,0.000125073942084447
17.688,0.1,0.100599169894677,0.000125037166237819
17.69,0.1,0.100598896351813,0.000125000390391192
17.692,0.1,0.10059862323675,0.000124963327959935
17.694,0.1,0.100598350121688,0.000124926265528679
17.696,0.1,0.100598077006625,0.000124889203097423
17.698,0.1,0.100597803891562,0.000124852140666166
17.7,0.1,0.1005975307765,0.00012481507823491
17.702,0.1,0.100597258088596,0.000124777701044873
17.704,0.1,0.100596985400692,0.000124740323854837
17.706,0.1,0.100596712712788,0.0001247029466648
17.708,0.1,0.100596440024884,0.000124665569474764
17.71,0.1,0.10059616733698,0.000124628192284727
17.712,0.1,0.100595895075724,0.000124590921041041
17.714,0.1,0.100595622814467,0.000124553649797355
17.716,0.1,0.100595350553211,0.000124516378553668
17.718,0.1,0.100595078291954,0.000124479107309982
17.72,0.1,0.100594806030698,0.000124441836066296
17.722,0.1,0.10059453419553,0.000124404929448484
17.724,0.1,0.100594262360362,0.000124368022830673
17.726,0.1,0.100593990525194,0.000124331116212862
17.728,0.1,0.100593718690026,0.000124294209595051
17.73,0.1,0.100593446854858,0.00012425730297724
17.732,0.1,0.100593175445083,0.000124220551836018
17.734,0.1,0.100592904035307,0.000124183800694795
17.736,0.1,0.100592632625532,0.000124147049553573
17.738,0.1,0.100592361215757,0.000124110298412351
17.74,0.1,0.100592089805982,0.000124073547271129
17.742,0.1,0.100591818820886,0.000124036673240683
17.744,0.1,0.10059154783579,0.000123999799210236
17.746,0.1,0.100591276850694,0.000123962925179789
17.748,0.1,0.100591005865598,0.000123926051149343
17.75,0.1,0.100590734880502,0.000123889177118896
17.752,0.1,0.100590464319477,0.000123852258564061
17.754,0.1,0.100590193758453,0.000123815340009226
17.756,0.1,0.100589923197429,0.00012377842145439
17.758,0.1,0.100589652636404,0.000123741502899555
17.76,0.1,0.10058938207538,0.00012370458434472
17.762,0.1,0.100589111937868,0.000123667856537805
17.764,0.1,0.100588841800355,0.00012363112873089
17.766,0.1,0.100588571662843,0.000123594400923975
17.768,0.1,0.10058830152533,0.000123557673117061
17.77,0.1,0.100588031387818,0.000123520945310146
17.772,0.1,0.100587761673176,0.000123484366708194
17.774,0.1,0.100587491958534,0.000123447788106242
17.776,0.1,0.100587222243892,0.00012341120950429
17.778,0.1,0.10058695252925,0.000123374630902338
17.78,0.1,0.100586682814608,0.000123338052300386
17.782,0.1,0.100586413522122,0.000123301333995251
17.784,0.1,0.100586144229636,0.000123264615690117
17.786,0.1,0.10058587493715,0.000123227897384982
17.788,0.1,0.100585605644664,0.000123191179079847
17.79,0.1,0.100585336352179,0.000123154460774712
17.792,0.1,0.100585067481207,0.00012311755750971
17.794,0.1,0.100584798610235,0.000123080654244708
17.796,0.1,0.100584529739264,0.000123043750979706
17.798,0.1,0.100584260868292,0.000123006847714703
17.8,0.1,0.10058399199732,0.000122969944449701
17.802,0.1,0.100583723547339,0.000122933210844741
17.804,0.1,0.100583455097358,0.000122896477239782
17.806,0.1,0.100583186647377,0.000122859743634822
17.808,0.1,0.100582918197396,0.000122823010029862
17.81,0.1,0.100582649747415,0.000122786276424902
17.812,0.1,0.100582381717874,0.000122749967773121
17.814,0.1,0.100582113688333,0.00012271365912134
17.816,0.1,0.100581845658792,0.000122677350469559
17.818,0.1,0.100581577629251,0.000122641041817778
17.82,0.1,0.10058130959971,0.000122604733165997
17.822,0.1,0.100581041989911,0.000122568602419181
17.824,0.1,0.100580774380113,0.000122532471672365
17.826,0.1,0.100580506770315,0.000122496340925549
17.828,0.1,0.100580239160517,0.000122460210178733
17.83,0.1,0.100579971550719,0.000122424079431917
17.832,0.1,0.100579704359908,0.000122387673181239
17.834,0.1,0.100579437169096,0.000122351266930561
17.836,0.1,0.100579169978284,0.000122314860679882
17.838,0.1,0.100578902787473,0.000122278454429204
17.84,0.1,0.100578635596661,0.000122242048178526
17.842,0.1,0.100578368824201,0.000122205328239606
17.844,0.1,0.100578102051741,0.000122168608300685
17.846,0.1,0.100577835279281,0.000122131888361765
17.848,0.1,0.100577568506821,0.000122095168422845
17.85,0.1,0.100577301734361,0.000122058448483925
17.852,0.1,0.100577035379755,0.000122021845969244
17.854,0.1,0.10057676902515,0.000121985243454564
17.856,0.1,0.100576502670545,0.000121948640939883
17.858,0.1,0.100576236315939,0.000121912038425202
17.86,0.1,0.100575969961334,0.000121875435910521
17.862,0.1,0.100575704024049,0.000121839253556397
17.864,0.1,0.100575438086765,0.000121803071202273
17.866,0.1,0.10057517214948,0.000121766888848149
17.868,0.1,0.100574906212196,0.000121730706494025
17.87,0.1,0.100574640274911,0.000121694524139901
17.872,0.1,0.100574374754265,0.000121658554444293
17.874,0.1,0.100574109233618,0.000121622584748686
17.876,0.1,0.100573843712972,0.000121586615053078
17.878,0.1,0.100573578192325,0.00012155064535747
17.88,0.1,0.100573312671679,0.000121514675661862
17.882,0.1,0.100573047566941,0.000121478546404047
17.884,0.1,0.100572782462203,0.000121442417146231
17.886,0.1,0.100572517357466,0.000121406287888416
17.888,0.1,0.100572252252728,0.0001213701586306
17.89,0.1,0.100571987147991,0.000121334029372785
17.892,0.1,0.10057172245854,0.000121297729496526
17.894,0.1,0.10057145776909,0.000121261429620266
17.896,0.1,0.10057119307964,0.000121225129744007
17.898,0.1,0.100570928390189,0.000121188829867747
17.9,0.1,0.100570663700739,0.000121152529991488
17.902,0.1,0.100570399426041,0.000121116343398203
17.904,0.1,0.100570135151343,0.000121080156804918
17.906,0.1,0.100569870876646,0.000121043970211633
17.908,0.1,0.100569606601948,0.000121007783618349
17.91,0.1,0.10056934232725,0.000120971597025064
17.912,0.1,0.100569078466718,0.000120935628922573
17.914,0.1,0.100568814606185,0.000120899660820083
17.916,0.1,0.100568550745653,0.000120863692717592
17.918,0.1,0.100568286885121,0.000120827724615102
17.92,0.1,0.100568023024588,0.000120791756512612
17.922,0.1,0.10056775957754,0.000120755790243074
17.924,0.1,0.100567496130491,0.000120719823973537
17.926,0.1,0.100567232683443,0.000120683857703999
17.928,0.1,0.100566969236394,0.000120647891434462
17.93,0.1,0.100566705789345,0.000120611925164924
17.932,0.1,0.100566442755123,0.000120575822763897
17.934,0.1,0.1005661797209,0.000120539720362869
17.936,0.1,0.100565916686677,0.000120503617961841
17.938,0.1,0.100565653652455,0.000120467515560814
17.94,0.1,0.100565390618232,0.000120431413159786
17.942,0.1,0.100565127996284,0.000120395391326595
17.944,0.1,0.100564865374336,0.000120359369493404
17.946,0.1,0.100564602752388,0.000120323347660213
17.948,0.1,0.100564340130439,0.000120287325827022
17.95,0.1,0.100564077508491,0.000120251303993831
17.952,0.1,0.100563815298273,0.000120215597864884
17.954,0.1,0.100563553088054,0.000120179891735936
17.956,0.1,0.100563290877835,0.000120144185606988
17.958,0.1,0.100563028667617,0.000120108479478041
17.96,0.1,0.100562766457398,0.000120072773349093
17.962,0.1,0.100562504658252,0.000120037233632441
17.964,0.1,0.100562242859107,0.00012000169391579
17.966,0.1,0.100561981059961,0.000119966154199138
17.968,0.1,0.100561719260815,0.000119930614482486
17.97,0.1,0.10056145746167,0.000119895074765835
17.972,0.1,0.100561196072874,0.000119859324050338
17.974,0.1,0.100560934684077,0.000119823573334841
17.976,0.1,0.100560673295281,0.000119787822619345
17.978,0.1,0.100560411906485,0.000119752071903848
17.98,0.1,0.100560150517689,0.000119716321188351
17.982,0.1,0.100559889538613,0.000119680301253728
17.984,0.1,0.100559628559537,0.000119644281319104
17.986,0.1,0.10055936758046,0.000119608261384481
17.988,0.1,0.100559106601384,0.000119572241449857
17.99,0.1,0.100558845622308,0.000119536221515233
17.992,0.1,0.100558585052455,0.00011950032393233
17.994,0.1,0.100558324482602,0.000119464426349426
17.996,0.1,0.100558063912748,0.000119428528766522
17.998,0.1,0.100557803342895,0.000119392631183619
18,0.1,0.100557542773042,0.000119356733600715
18.002,0.1,0.100557282611891,0.000119321265024749
18.004,0.1,0.10055702245074,0.000119285796448783
18.006,0.1,0.100556762289589,0.000119250327872817
18.008,0.1,0.100556502128438,0.000119214859296851
18.01,0.1,0.100556241967287,0.000119179390720885
18.012,0.1,0.100555982214171,0.000119144152660178
18.014,0.1,0.100555722461054,0.000119108914599471
18.016,0.1,0.100555462707938,0.000119073676538765
18.018,0.1,0.100555202954822,0.000119038438478058
18.02,0.1,0.100554943201705,0.000119003200417351
18.022,0.1,0.100554683855893,0.000118967775914784
18.024,0.1,0.100554424510081,0.000118932351412216
18.026,0.1,0.100554165164269,0.000118896926909649
18.028,0.1,0.100553905818457,0.000118861502407082
18.03,0.1,0.100553646472645,0.000118826077904515
18.032,0.1,0.100553387533511,0.000118790402050589
18.034,0.1,0.100553128594377,0.000118754726196663
18.036,0.1,0.100552869655244,0.000118719050342737
18.038,0.1,0.10055261071611,0.000118683374488811
18.04,0.1,0.100552351776976,0.000118647698634885
18.042,0.1,0.100552093244008,0.000118612092002443
18.044,0.1,0.10055183471104,0.000118576485370002
18.046,0.1,0.100551576178071,0.00011854087873756
18.048,0.1,0.100551317645103,0.000118505272105118
18.05,0.1,0.100551059112135,0.000118469665472677
18.052,0.1,0.100550800984788,0.000118434342154313
18.054,0.1,0.100550542857441,0.000118399018835948
18.056,0.1,0.100550284730095,0.000118363695517584
18.058,0.1,0.100550026602748,0.00011832837219922
18.06,0.1,0.100549768475401,0.000118293048880856
18.062,0.1,0.10054951075302,0.000118257841906225
18.064,0.1,0.100549253030639,0.000118222634931595
18.066,0.1,0.100548995308259,0.000118187427956964
18.068,0.1,0.100548737585878,0.000118152220982334
18.07,0.1,0.100548479863497,0.000118117014007703
18.072,0.1,0.10054822254541,0.000118081694300898
18.074,0.1,0.100547965227323,0.000118046374594093
18.076,0.1,0.100547707909236,0.000118011054887288
18.078,0.1,0.100547450591148,0.000117975735180484
18.08,0.1,0.100547193273061,0.000117940415473679
18.082,0.1,0.10054693635869,0.000117905071551729
18.084,0.1,0.100546679444319,0.00011786972762978
18.086,0.1,0.100546422529948,0.00011783438370783
18.088,0.1,0.100546165615577,0.000117799039785881
18.09,0.1,0.100545908701206,0.000117763695863932
18.092,0.1,0.100545652190016,0.000117728556504744
18.094,0.1,0.100545395678826,0.000117693417145556
18.096,0.1,0.100545139167636,0.000117658277786368
18.098,0.1,0.100544882656446,0.00011762313842718
18.1,0.1,0.100544626145256,0.000117587999067992
18.102,0.1,0.100544370036636,0.000117553030214337
18.104,0.1,0.100544113928015,0.000117518061360682
18.106,0.1,0.100543857819394,0.000117483092507027
18.108,0.1,0.100543601710774,0.000117448123653372
18.11,0.1,0.100543345602153,0.000117413154799717
18.112,0.1,0.100543089895416,0.000117378069262839
18.114,0.1,0.100542834188678,0.000117342983725962
18.116,0.1,0.100542578481941,0.000117307898189084
18.118,0.1,0.100542322775203,0.000117272812652206
18.12,0.1,0.100542067068466,0.000117237727115328
18.122,0.1,0.100541811762984,0.000117202434399536
18.124,0.1,0.100541556457501,0.000117167141683744
18.126,0.1,0.100541301152019,0.000117131848967951
18.128,0.1,0.100541045846537,0.000117096556252159
18.13,0.1,0.100540790541055,0.000117061263536367
18.132,0.1,0.100540535636317,0.000117026069545946
18.134,0.1,0.100540280731579,0.000116990875555524
18.136,0.1,0.100540025826842,0.000116955681565103
18.138,0.1,0.100539770922104,0.000116920487574681
18.14,0.1,0.100539516017366,0.00011688529358426
18.142,0.1,0.100539261512856,0.000116850477425283
18.144,0.1,0.100539007008346,0.000116815661266306
18.146,0.1,0.100538752503835,0.000116780845107329
18.148,0.1,0.100538497999325,0.000116746028948352
18.15,0.1,0.100538243494815,0.000116711212789375
18.152,0.1,0.100537989389888,0.000116676616194224
18.154,0.1,0.100537735284961,0.000116642019599073
18.156,0.1,0.100537481180034,0.000116607423003921
18.158,0.1,0.100537227075107,0.00011657282640877
18.16,0.1,0.10053697297018,0.000116538229813619
18.162,0.1,0.100536719264122,0.000116503453383683
18.164,0.1,0.100536465558064,0.000116468676953747
18.166,0.1,0.100536211852007,0.000116433900523811
18.168,0.1,0.100535958145949,0.000116399124093875
18.17,0.1,0.100535704439891,0.000116364347663939
18.172,0.1,0.10053545113208,0.000116329300428482
18.174,0.1,0.100535197824269,0.000116294253193025
18.176,0.1,0.100534944516457,0.000116259205957567
18.178,0.1,0.100534691208646,0.00011622415872211
18.18,0.1,0.100534437900835,0.000116189111486653
18.182,0.1,0.100534184990771,0.000116154124055341
18.184,0.1,0.100533932080707,0.000116119136624028
18.186,0.1,0.100533679170643,0.000116084149192716
18.188,0.1,0.10053342626058,0.000116049161761404
18.19,0.1,0.100533173350516,0.000116014174330092
18.192,0.1,0.100532920837684,0.000115979519475218
18.194,0.1,0.100532668324852,0.000115944864620345
18.196,0.1,0.100532415812021,0.000115910209765472
18.198,0.1,0.100532163299189,0.000115875554910598
18.2,0.1,0.100531910786357,0.000115840900055725
18.202,0.1,0.100531658670122,0.000115806437976915
18.204,0.1,0.100531406553886,0.000115771975898105
18.206,0.1,0.100531154437651,0.000115737513819296
18.208,0.1,0.100530902321415,0.000115703051740486
18.21,0.1,0.10053065020518,0.000115668589661676
18.212,0.1,0.100530398484858,0.000115634018626884
18.214,0.1,0.100530146764537,0.000115599447592091
18.216,0.1,0.100529895044216,0.000115564876557299
18.218,0.1,0.100529643323895,0.000115530305522507
18.22,0.1,0.100529391603574,0.000115495734487714
18.222,0.1,0.100529140278573,0.000115461043715025
18.224,0.1,0.100528888953571,0.000115426352942336
18.226,0.1,0.100528637628569,0.000115391662169648
18.228,0.1,0.100528386303568,0.000115356971396959
18.23,0.1,0.100528134978566,0.00011532228062427
18.232,0.1,0.100527884048363,0.000115287708100775
18.234,0.1,0.10052763311816,0.000115253135577279
18.236,0.1,0.100527382187957,0.000115218563053784
18.238,0.1,0.100527131257754,0.000115183990530289
18.24,0.1,0.100526880327551,0.000115149418006794
18.242,0.1,0.100526629791579,0.000115115043194236
18.244,0.1,0.100526379255607,0.000115080668381679
18.246,0.1,0.100526128719635,0.000115046293569122
18.248,0.1,0.100525878183662,0.000115011918756565
18.25,0.1,0.10052562764769,0.000114977543944008
18.252,0.1,0.100525377505298,0.000114943160460673
18.254,0.1,0.100525127362906,0.000114908776977339
18.256,0.1,0.100524877220514,0.000114874393494004
18.258,0.1,0.100524627078121,0.00011484001001067
18.26,0.1,0.100524376935729,0.000114805626527335
18.262,0.1,0.100524127186285,0.000114771092778251
18.264,0.1,0.100523877436841,0.000114736559029168
18.266,0.1,0.100523627687397,0.000114702025280084
18.268,0.1,0.100523377937953,0.000114667491531
18.27,0.1,0.100523128188509,0.000114632957781917
18.272,0.1,0.100522878831482,0.000114598472249736
18.274,0.1,0.100522629474456,0.000114563986717556
18.276,0.1,0.100522380117429,0.000114529501185376
18.278,0.1,0.100522130760403,0.000114495015653196
18.28,0.1,0.100521881403377,0.000114460530121016
18.282,0.1,0.100521632438254,0.000114426341292793
18.284,0.1,0.100521383473131,0.00011439215246457
18.286,0.1,0.100521134508008,0.000114357963636348
18.288,0.1,0.100520885542885,0.000114323774808125
18.29,0.1,0.100520636577762,0.000114289585979902
18.292,0.1,0.100520388003928,0.000114255596590477
18.294,0.1,0.100520139430094,0.000114221607201053
18.296,0.1,0.100519890856259,0.000114187617811628
18.298,0.1,0.100519642282425,0.000114153628422203
18.3,0.1,0.100519393708591,0.000114119639032778
18.302,0.1,0.100519145525358,0.000114085502923617
18.304,0.1,0.100518897342125,0.000114051366814457
18.306,0.1,0.100518649158892,0.000114017230705296
18.308,0.1,0.100518400975659,0.000113983094596135
18.31,0.1,0.100518152792426,0.000113948958486974
18.312,0.1,0.100517904999178,0.000113914569136894
18.314,0.1,0.10051765720593,0.000113880179786814
18.316,0.1,0.100517409412681,0.000113845790436734
18.318,0.1,0.100517161619433,0.000113811401086654
18.32,0.1,0.100516913826185,0.000113777011736574
18.322,0.1,0.100516666422426,0.000113742676028273
18.324,0.1,0.100516419018668,0.000113708340319972
18.326,0.1,0.10051617161491,0.000113674004611671
18.328,0.1,0.100515924211151,0.00011363966890337
18.33,0.1,0.100515676807393,0.000113605333195069
18.332,0.1,0.100515429792625,0.000113571341429951
18.334,0.1,0.100515182777857,0.000113537349664832
18.336,0.1,0.10051493576309,0.000113503357899714
18.338,0.1,0.100514688748322,0.000113469366134596
18.34,0.1,0.100514441733554,0.000113435374369478
18.342,0.1,0.10051419510716,0.000113401608770251
18.344,0.1,0.100513948480765,0.000113367843171024
18.346,0.1,0.100513701854371,0.000113334077571796
18.348,0.1,0.100513455227976,0.000113300311972569
18.35,0.1,0.100513208601582,0.000113266546373342
18.352,0.1,0.100512962362879,0.000113232667450014
18.354,0.1,0.100512716124176,0.000113198788526686
18.356,0.1,0.100512469885474,0.000113164909603359
18.358,0.1,0.100512223646771,0.000113131030680031
18.36,0.1,0.100511977408068,0.000113097151756703
18.362,0.1,0.100511731556454,0.000113063082973667
18.364,0.1,0.100511485704839,0.000113029014190631
18.366,0.1,0.100511239853225,0.000112994945407594
18.368,0.1,0.100510994001611,0.000112960876624558
18.37,0.1,0.100510748149997,0.000112926807841522
18.372,0.1,0.100510502684965,0.000112892799938157
18.374,0.1,0.100510257219933,0.000112858792034792
18.376,0.1,0.1005100117549,0.000112824784131426
18.378,0.1,0.100509766289868,0.000112790776228061
18.38,0.1,0.100509520824836,0.000112756768324696
18.382,0.1,0.100509275745857,0.000112722994452243
18.384,0.1,0.100509030666878,0.00011268922057979
18.386,0.1,0.100508785587899,0.000112655446707336
18.388,0.1,0.100508540508919,0.000112621672834883
18.39,0.1,0.10050829542994,0.00011258789896243
18.392,0.1,0.100508050736392,0.000112554216161012
18.394,0.1,0.100507806042844,0.000112520533359595
18.396,0.1,0.100507561349297,0.000112486850558178
18.398,0.1,0.100507316655749,0.00011245316775676
18.4,0.1,0.100507071962201,0.000112419484955343
18.402,0.1,0.100506827653447,0.000112385695316133
18.404,0.1,0.100506583344694,0.000112351905676922
18.406,0.1,0.100506339035941,0.000112318116037712
18.408,0.1,0.100506094727187,0.000112284326398502
18.41,0.1,0.100505850418434,0.000112250536759292
18.412,0.1,0.100505606493924,0.000112216729699702
18.414,0.1,0.100505362569414,0.000112182922640112
18.416,0.1,0.100505118644905,0.000112149115580522
18.418,0.1,0.100504874720395,0.000112115308520932
18.42,0.1,0.100504630795885,0.000112081501461342
18.422,0.1,0.100504387255109,0.000112047901306075
18.424,0.1,0.100504143714332,0.000112014301150808
18.426,0.1,0.100503900173556,0.000111980700995541
18.428,0.1,0.10050365663278,0.000111947100840274
18.43,0.1,0.100503413092004,0.000111913500685008
18.432,0.1,0.10050316993438,0.000111880088816247
18.434,0.1,0.100502926776757,0.000111846676947487
18.436,0.1,0.100502683619133,0.000111813265078726
18.438,0.1,0.10050244046151,0.000111779853209965
18.44,0.1,0.100502197303886,0.000111746441341205
18.442,0.1,0.100501954528761,0.000111712945805573
18.444,0.1,0.100501711753635,0.000111679450269942
18.446,0.1,0.10050146897851,0.000111645954734311
18.448,0.1,0.100501226203384,0.000111612459198679
18.45,0.1,0.100500983428259,0.000111578963663048
18.452,0.1,0.10050074103502,0.000111545260807106
18.454,0.1,0.100500498641782,0.000111511557951164
18.456,0.1,0.100500256248544,0.000111477855095222
18.458,0.1,0.100500013855305,0.00011144415223928
18.46,0.1,0.100499771462067,0.000111410449383339
18.462,0.1,0.100499529450215,0.000111376789333183
18.464,0.1,0.100499287438363,0.000111343129283028
18.466,0.1,0.100499045426512,0.000111309469232872
18.468,0.1,0.10049880341466,0.000111275809182717
18.47,0.1,0.100498561402808,0.000111242149132562
18.472,0.1,0.100498319771852,0.000111208808735856
18.474,0.1,0.100498078140895,0.000111175468339149
18.476,0.1,0.100497836509939,0.000111142127942443
18.478,0.1,0.100497594878982,0.000111108787545736
18.48,0.1,0.100497353248025,0.00011107544714903
18.482,0.1,0.100497111997366,0.000111042335102983
18.484,0.1,0.100496870746706,0.000111009223056936
18.486,0.1,0.100496629496046,0.000110976111010888
18.488,0.1,0.100496388245386,0.000110942998964841
18.49,0.1,0.100496146994726,0.000110909886918794
18.492,0.1,0.100495906123693,0.000110876664366378
18.494,0.1,0.10049566525266,0.000110843441813962
18.496,0.1,0.100495424381627,0.000110810219261547
18.498,0.1,0.100495183510593,0.000110776996709131
18.5,0.1,0.10049494263956,0.000110743774156724
18.502,0.1,0.100494702026323,0.000110710352021121
18.504,0.1,0.100494461477774,0.000110676882218226
18.506,0.1,0.100494220950914,0.000110643410744991
18.508,0.1,0.100493980680161,0.000110609919548099
18.51,0.1,0.100493740409409,0.000110576428351207
18.512,0.1,0.100493500138656,0.000110542937154315
18.514,0.1,0.100493259867903,0.000110509445957423
18.516,0.1,0.100493019626682,0.000110475971427202
18.518,0.1,0.100492779734179,0.000110442693699917
18.52,0.1,0.100492539841675,0.000110409415972633
18.522,0.1,0.100492299949172,0.000110376138245348
18.524,0.1,0.100492060056669,0.000110342860518064
18.526,0.1,0.100491820193654,0.000110309603401047
18.528,0.1,0.100491580678846,0.000110276589653641
18.53,0.1,0.100491341164038,0.000110243575906235
18.532,0.1,0.100491101649229,0.00011021056215883
18.534,0.1,0.100490862134421,0.000110177548411424
18.536,0.1,0.100490622649052,0.00011014453570405
18.538,0.1,0.100490383511297,0.000110111535277557
18.54,0.1,0.100490144373543,0.000110078534851063
18.542,0.1,0.100489905235788,0.000110045534424569
18.544,0.1,0.100489666098034,0.000110012533998076
18.546,0.1,0.100489426989671,0.0001099795229264
18.548,0.1,0.10048918822836,0.000109946386154573
18.55,0.1,0.100488949467049,0.000109913249382746
18.552,0.1,0.100488710705738,0.000109880112610919
18.554,0.1,0.100488471944427,0.000109846975839091
18.556,0.1,0.100488233212466,0.000109813840649636
18.558,0.1,0.100487994827079,0.000109780724145097
18.56,0.1,0.100487756441692,0.000109747607640559
18.562,0.1,0.100487518056305,0.00010971449113602
18.564,0.1,0.100487279670919,0.000109681374631482
18.566,0.1,0.100487041314842,0.000109648273369149
18.568,0.1,0.100486803304866,0.000109615352089413
18.57,0.1,0.10048656529489,0.000109582430809677
18.572,0.1,0.100486327284914,0.000109549509529942
18.574,0.1,0.100486089274938,0.000109516588250206
18.576,0.1,0.100485851294226,0.000109483675160955
18.578,0.1,0.10048561365907,0.000109450858786355
18.58,0.1,0.100485376023914,0.000109418042411756
18.582,0.1,0.100485138388757,0.000109385226037157
18.584,0.1,0.100484900753601,0.000109352409662557
18.586,0.1,0.10048466314766,0.000109319584704958
18.588,0.1,0.100484425886697,0.000109286658397816
18.59,0.1,0.100484188625733,0.000109253732090674
18.592,0.1,0.10048395136477,0.000109220805783532
18.594,0.1,0.100483714103806,0.00010918787947639
18.596,0.1,0.100483476872015,0.000109154946710416
18.598,0.1,0.100483239984689,0.000109121937677444
18.6,0.1,0.100483003097363,0.000109088928644472
18.602,0.1,0.100482766210037,0.0001090559196115
18.604,0.1,0.100482529322711,0.000109022910578529
18.606,0.1,0.100482292464519,0.000108989915198693
18.608,0.1,0.100482055950345,0.000108957081037457
18.61,0.1,0.10048181943617,0.000108924246876221
18.612,0.1,0.100481582921995,0.000108891412714985
18.614,0.1,0.100481346407821,0.000108858578553748
18.616,0.1,0.100481109922738,0.000108825765205206
18.618,0.1,0.100480873781181,0.000108793197616546
18.62,0.1,0.100480637639624,0.000108760630027887
18.622,0.1,0.100480401498067,0.000108728062439227
18.624,0.1,0.10048016535651,0.000108695494850568
18.626,0.1,0.100479929243996,0.000108662929919282
18.628,0.1,0.100479693474428,0.00010863039636673
18.63,0.1,0.10047945770486,0.000108597862814178
18.632,0.1,0.100479221935292,0.000108565329261626
18.634,0.1,0.100478986165724,0.000108532795709074
18.636,0.1,0.100478750425149,0.000108500245813807
18.638,0.1,0.10047851502694,0.000108467502940933
18.64,0.1,0.10047827962873,0.000108434760068059
18.642,0.1,0.10047804423052,0.000108402017195185
18.644,0.1,0.10047780883231,0.000108369274322311
18.646,0.1,0.100477573463052,0.00010833652347417
18.648,0.1,0.100477338435673,0.000108303678452688
18.65,0.1,0.100477103408294,0.000108270833431206
18.652,0.1,0.100476868380914,0.000108237988409724
18.654,0.1,0.100476633353535,0.000108205143388242
18.656,0.1,0.100476398355072,0.000108172314350745
18.658,0.1,0.100476163698054,0.000108139674054901
18.66,0.1,0.100475929041037,0.000108107033759058
18.662,0.1,0.10047569438402,0.000108074393463215
18.664,0.1,0.100475459727002,0.000108041753167372
18.666,0.1,0.100475225098859,0.000108009134458987
18.668,0.1,0.100474990811667,0.000107976770659049
18.67,0.1,0.100474756524475,0.00010794440685911
18.672,0.1,0.100474522237284,0.000107912043059171
18.674,0.1,0.100474287950092,0.000107879679259233
18.676,0.1,0.100474053691725,0.00010784731778106
18.678,0.1,0.100473819773729,0.000107814983718698
18.68,0.1,0.100473585855734,0.000107782649656337
18.682,0.1,0.100473351937738,0.000107750315593975
18.684,0.1,0.100473118019743,0.000107717981531613
18.686,0.1,0.100472884130524,0.000107685634368309
18.688,0.1,0.100472650581111,0.000107653132506805
18.69,0.1,0.100472417031698,0.0001076206306453
18.692,0.1,0.100472183482285,0.000107588128783796
18.694,0.1,0.100471949932872,0.000107555626922291
18.696,0.1,0.100471716412196,0.000107523121947096
18.698,0.1,0.100471483230849,0.000107490580204908
18.7,0.1,0.100471250049502,0.000107458038462719
18.702,0.1,0.100471016868154,0.00010742549672053
18.704,0.1,0.100470783686807,0.000107392954978341
18.706,0.1,0.100470550534158,0.000107360427604631
18.708,0.1,0.100470317720388,0.000107328069896394
18.71,0.1,0.100470084906617,0.000107295712188157
18.712,0.1,0.100469852092847,0.000107263354479921
18.714,0.1,0.100469619279077,0.000107230996771684
18.716,0.1,0.100469386493961,0.0001071986519943
18.718,0.1,0.100469154047209,0.000107166459906661
18.72,0.1,0.100468921600456,0.000107134267819022
18.722,0.1,0.100468689153703,0.000107102075731383
18.724,0.1,0.100468456706951,0.000107069883643744
18.726,0.1,0.100468224288805,0.00010703768778674
18.728,0.1,0.100467992208454,0.000107005447420419
18.73,0.1,0.100467760128102,0.000106973207054098
18.732,0.1,0.100467528047751,0.000106940966687777
18.734,0.1,0.1004672959674,0.000106908726321456
18.736,0.1,0.100467063915611,0.000106876478098008
18.738,0.1,0.100466832201094,0.000106844137096233
18.74,0.1,0.100466600486576,0.000106811796094458
18.742,0.1,0.100466368772059,0.000106779455092683
18.744,0.1,0.100466137057541,0.000106747114090909
18.746,0.1,0.100465905371548,0.000106714781174187
18.748,0.1,0.100465674022373,0.000106682543727174
18.75,0.1,0.100465442673198,0.000106650306280162
18.752,0.1,0.100465211324024,0.000106618068833149
18.754,0.1,0.100464979974849,0.000106585831386136
18.756,0.1,0.100464748654158,0.000106553612081007
18.758,0.1,0.100464517669814,0.000106521606998381
18.76,0.1,0.100464286685469,0.000106489601915754
18.762,0.1,0.100464055701125,0.000106457596833128
18.764,0.1,0.10046382471678,0.000106425591750502
18.766,0.1,0.100463593760874,0.000106393592302587
18.768,0.1,0.100463363140763,0.000106361659390329
18.77,0.1,0.100463132520652,0.00010632972647807
18.772,0.1,0.100462901900541,0.000106297793565811
18.774,0.1,0.100462671280431,0.000106265860653553
18.776,0.1,0.100462440688709,0.000106233915286649
18.778,0.1,0.100462210432215,0.000106201822853144
18.78,0.1,0.100461980175721,0.000106169730419639
18.782,0.1,0.100461749919227,0.000106137637986134
18.784,0.1,0.100461519662732,0.00010610554555263
18.786,0.1,0.100461289434586,0.000106073445045775
18.788,0.1,0.100461059541176,0.000106041249207409
18.79,0.1,0.100460829647767,0.000106009053369043
18.792,0.1,0.100460599754357,0.000105976857530677
18.794,0.1,0.100460369860947,0.000105944661692311
18.796,0.1,0.100460139995849,0.00010591247960505
18.798,0.1,0.100459910465058,0.000105880459893212
18.8,0.1,0.100459680934267,0.000105848440181374
18.802,0.1,0.100459451403477,0.000105816420469536
18.804,0.1,0.100459221872686,0.000105784400757699
18.806,0.1,0.100458992370166,0.000105752402328143
18.808,0.1,0.100458763201476,0.000105720655203454
18.81,0.1,0.100458534032785,0.000105688908078765
18.812,0.1,0.100458304864095,0.000105657160954076
18.814,0.1,0.100458075695404,0.000105625413829387
18.816,0.1,0.100457846554937,0.000105593670808063
18.818,0.1,0.100457617747736,0.000105561976239985
18.82,0.1,0.100457388940536,0.000105530281671907
18.822,0.1,0.100457160133335,0.000105498587103829
18.824,0.1,0.100456931326135,0.000105466892535752
18.826,0.1,0.10045670254711,0.000105435184669759
18.828,0.1,0.100456474100789,0.00010540331977969
18.83,0.1,0.100456245654468,0.00010537145488962
18.832,0.1,0.100456017208147,0.00010533958999955
18.834,0.1,0.100455788761826,0.000105307725109481
18.836,0.1,0.10045556034364,0.000105275854125768
18.838,0.1,0.100455332257682,0.000105243911187264
18.84,0.1,0.100455104171723,0.00010521196824876
18.842,0.1,0.100454876085764,0.000105180025310257
18.844,0.1,0.100454647999806,0.000105148082371753
18.846,0.1,0.100454419941946,0.000105116152574613
18.848,0.1,0.100454192215878,0.000105084377952974
18.85,0.1,0.10045396448981,0.000105052603331335
18.852,0.1,0.100453736763743,0.000105020828709696
18.854,0.1,0.100453509037675,0.000104989054088056
18.856,0.1,0.100453281339664,0.000104957295415255
18.858,0.1,0.100453053972955,0.000104925725069085
18.86,0.1,0.100452826606245,0.000104894154722915
18.862,0.1,0.100452599239536,0.000104862584376745
18.864,0.1,0.100452371872827,0.000104831014030576
18.866,0.1,0.100452144534127,0.000104799443704376
18.868,0.1,0.100451917526173,0.000104767873613978
18.87,0.1,0.100451690518219,0.000104736303523581
18.872,0.1,0.100451463510266,0.000104704733433184
18.874,0.1,0.100451236502312,0.000104673163342787
18.876,0.1,0.100451009522323,0.000104641584334931
18.878,0.1,0.10045078287255,0.000104609900028186
18.88,0.1,0.100450556222776,0.00010457821572144
18.882,0.1,0.100450329573003,0.000104546531414695
18.884,0.1,0.10045010292323,0.00010451484710795
18.886,0.1,0.100449876301383,0.000104483165892124
18.888,0.1,0.100449650009295,0.000104451521174419
18.89,0.1,0.100449423717207,0.000104419876456713
18.892,0.1,0.100449197425119,0.000104388231739008
18.894,0.1,0.100448971133031,0.000104356587021302
18.896,0.1,0.10044874486883,0.000104324957813851
18.898,0.1,0.100448518933935,0.000104293511754158
18.9,0.1,0.100448292999039,0.000104262065694466
18.902,0.1,0.100448067064143,0.000104230619634774
18.904,0.1,0.100447841129247,0.000104199173575082
18.906,0.1,0.100447615222195,0.00010416773580561
18.908,0.1,0.100447389643925,0.000104136395928496
18.91,0.1,0.100447164065655,0.000104105056051383
18.912,0.1,0.100446938487385,0.000104073716174269
18.914,0.1,0.100446712909115,0.000104042376297156
18.916,0.1,0.100446487358642,0.000104011027918318
18.918,0.1,0.100446262136396,0.000103979579149648
18.92,0.1,0.10044603691415,0.000103948130380978
18.922,0.1,0.100445811691904,0.000103916681612308
18.924,0.1,0.100445586469658,0.000103885232843638
18.926,0.1,0.100445361275167,0.000103853775968326
18.928,0.1,0.100445136408409,0.000103822223368387
18.93,0.1,0.10044491154165,0.000103790670768447
18.932,0.1,0.100444686674891,0.000103759118168507
18.934,0.1,0.100444461808133,0.000103727565568568
18.936,0.1,0.100444236969093,0.000103696023840298
18.938,0.1,0.100444012457355,0.000103664610486591
18.94,0.1,0.100443787945618,0.000103633197132884
18.942,0.1,0.100443563433881,0.000103601783779178
18.944,0.1,0.100443338922144,0.000103570370425471
18.946,0.1,0.100443114438087,0.000103538977117968
18.948,0.1,0.100442890280869,0.000103507820519514
18.95,0.1,0.100442666123652,0.000103476663921059
18.952,0.1,0.100442441966435,0.000103445507322604
18.954,0.1,0.100442217809218,0.00010341435072415
18.956,0.1,0.100441993679634,0.000103383199841304
18.958,0.1,0.100441769876348,0.000103352116449358
18.96,0.1,0.100441546073061,0.000103321033057413
18.962,0.1,0.100441322269775,0.000103289949665467
18.964,0.1,0.100441098466488,0.000103258866273521
18.966,0.1,0.100440874690788,0.000103227770449279
18.968,0.1,0.100440651240829,0.000103196527822325
18.97,0.1,0.100440427790871,0.000103165285195371
18.972,0.1,0.100440204340912,0.000103134042568416
18.974,0.1,0.100439980890953,0.000103102799941462
18.976,0.1,0.100439757468541,0.0001030715492988
18.978,0.1,0.100439534371392,0.000103040204005275
18.98,0.1,0.100439311274244,0.000103008858711749
18.982,0.1,0.100439088177096,0.000102977513418224
18.984,0.1,0.100438865079948,0.000102946168124698
18.986,0.1,0.100438642010309,0.000102914834673139
18.988,0.1,0.100438419265513,0.000102883641053562
18.99,0.1,0.100438196520716,0.000102852447433984
18.992,0.1,0.10043797377592,0.000102821253814407
18.994,0.1,0.100437751031123,0.00010279006019483
18.996,0.1,0.10043752830578,0.000102758882020909
18.998,0.1,0.10043730581014,0.000102727886231974
19,0.1,0.1004370833145,0.000102696890443039
19.002,0.1,0.100436861067608,0.000102665983810436
19.004,0.1,0.100436638820717,0.000102635077177834
19.006,0.1,0.100436416573825,0.000102604170545231
19.008,0.1,0.100436194326933,0.000102573263912628
19.01,0.1,0.100435972080041,0.000102542357280025
19.012,0.1,0.100435750184152,0.000102511387286912
19.014,0.1,0.100435528288263,0.000102480417293798
19.016,0.1,0.100435306392374,0.000102449447300685
19.018,0.1,0.100435084496485,0.000102418477307571
19.02,0.1,0.100434862600596,0.000102387507314458
19.022,0.1,0.100434641055163,0.000102356416807721
19.024,0.1,0.100434419509729,0.000102325326300985
19.026,0.1,0.100434197964296,0.000102294235794249
19.028,0.1,0.100433976418863,0.000102263145287513
19.03,0.1,0.100433754873429,0.000102232054780776
19.032,0.1,0.100433533677978,0.000102201035829213
19.034,0.1,0.100433312482526,0.000102170016877651
19.036,0.1,0.100433091287075,0.000102138997926088
19.038,0.1,0.100432870091623,0.000102107978974525
19.04,0.1,0.100432648896172,0.000102076960022962
19.042,0.1,0.10043242805021,0.000102046138538048
19.044,0.1,0.100432207204249,0.000102015317053134
19.046,0.1,0.100431986358287,0.000101984495568221
19.048,0.1,0.100431765512325,0.000101953674083307
19.05,0.1,0.100431544666363,0.000101922852598393
19.052,0.1,0.100431324169326,0.000101892105646053
19.054,0.1,0.100431103672289,0.000101861358693713
19.056,0.1,0.100430883175252,0.000101830611741373
19.058,0.1,0.100430662678215,0.000101799864789033
19.06,0.1,0.100430442181178,0.000101769117836693
19.062,0.1,0.100430222032485,0.000101738267581791
19.064,0.1,0.100430001883793,0.000101707417326889
19.066,0.1,0.1004297817351,0.000101676567071987
19.068,0.1,0.100429561586407,0.000101645716817085
19.07,0.1,0.100429341437714,0.000101614866562183
19.072,0.1,0.100429121636856,0.000101583973966816
19.074,0.1,0.100428901835999,0.00010155308137145
19.076,0.1,0.100428682035141,0.000101522188776083
19.078,0.1,0.100428462234283,0.000101491296180717
19.08,0.1,0.100428242433425,0.00010146040358535
19.082,0.1,0.100428022979938,0.000101429679136381
19.084,0.1,0.100427803526451,0.000101398954687411
19.086,0.1,0.100427584072963,0.000101368230238441
19.088,0.1,0.100427364619476,0.000101337505789472
19.09,0.1,0.100427145165989,0.000101306781340502
19.092,0.1,0.100426926059355,0.000101276253618853
19.094,0.1,0.100426706952721,0.000101245725897204
19.096,0.1,0.100426487846087,0.000101215198175555
19.098,0.1,0.100426268739453,0.000101184670453905
19.1,0.1,0.100426049632819,0.000101154142732256
19.102,0.1,0.100425830872454,0.000101123606055943
19.104,0.1,0.100425612112088,0.000101093069379631
19.106,0.1,0.100425393351723,0.000101062532703318
19.108,0.1,0.100425174591357,0.000101031996027005
19.11,0.1,0.100424955830992,0.000101001459350693
19.112,0.1,0.100424737416327,0.000100970767915303
19.114,0.1,0.100424519001663,0.000100940076479913
19.116,0.1,0.100424300586999,0.000100909385044523
19.118,0.1,0.100424082172334,0.000100878693609133
19.12,0.1,0.10042386375767,0.000100848002173743
19.122,0.1,0.100423645688226,0.000100817300176442
19.124,0.1,0.100423427618781,0.00010078659817914
19.126,0.1,0.100423209549337,0.000100755896181839
19.128,0.1,0.100422991479893,0.000100725194184537
19.13,0.1,0.100422773410448,0.000100694492187236
19.132,0.1,0.100422555685766,0.000100664000193576
19.134,0.1,0.100422337961084,0.000100633508199917
19.136,0.1,0.100422120236401,0.000100603016206257
19.138,0.1,0.100421902511719,0.000100572524212597
19.14,0.1,0.100421684787036,0.000100542032218938
19.142,0.1,0.100421467406587,0.000100511727098787
19.144,0.1,0.100421250026138,0.000100481421978636
19.146,0.1,0.100421032645688,0.000100451116858486
19.148,0.1,0.100420815265239,0.000100420811738335
19.15,0.1,0.10042059788479,0.000100390506618184
19.152,0.1,0.100420380847986,0.000100360162868106
19.154,0.1,0.100420163811182,0.000100329819118027
19.156,0.1,0.100419946774379,0.000100299475367949
19.158,0.1,0.100419729737575,0.00010026913161787
19.16,0.1,0.100419512700771,0.000100238787867792
19.162,0.1,0.100419296007064,0.000100208308388278
19.164,0.1,0.100419079313357,0.000100177828908764
19.166,0.1,0.10041886261965,0.00010014734942925
19.168,0.1,0.100418645925944,0.000100116869949736
19.17,0.1,0.100418429232237,0.000100086390470221
19.172,0.1,0.100418212881156,0.000100055943576356
19.174,0.1,0.100417996530076,0.000100025496682491
19.176,0.1,0.100417780178995,9.99950497886263e-05
19.178,0.1,0.100417563827915,9.99646028947611e-05
19.18,0.1,0.100417347476834,9.99341560008961e-05
19.182,0.1,0.100417131467909,9.99039025826593e-05
19.184,0.1,0.100416915458983,9.98736491644225e-05
19.186,0.1,0.100416699450057,9.98433957461857e-05
19.188,0.1,0.100416483441131,9.98131423279489e-05
19.19,0.1,0.100416267432205,9.97828889097121e-05
19.192,0.1,0.100416051764892,9.97527491381516e-05
19.194,0.1,0.100415836097579,9.97226093665911e-05
19.196,0.1,0.100415620430265,9.96924695950305e-05
19.198,0.1,0.100415404762952,9.96623298234699e-05
19.2,0.1,0.100415189095639,9.96321900519094e-05
19.202,0.1,0.100414973769365,9.96019754250045e-05
19.204,0.1,0.10041475844309,9.95717607980994e-05
19.206,0.1,0.100414543116816,9.95415461711944e-05
19.208,0.1,0.100414327790542,9.95113315442895e-05
19.21,0.1,0.100414112464268,9.94811169173844e-05
19.212,0.1,0.100413897478518,9.94508321104027e-05
19.214,0.1,0.100413682492767,9.94205473034209e-05
19.216,0.1,0.100413467507016,9.93902624964391e-05
19.218,0.1,0.100413252521266,9.93599776894573e-05
19.22,0.1,0.100413037535515,9.93296928824755e-05
19.222,0.1,0.100412822889828,9.92995292811711e-05
19.224,0.1,0.100412608244142,9.92693656798668e-05
19.226,0.1,0.100412393598455,9.92392020785625e-05
19.228,0.1,0.100412178952768,9.92090384772581e-05
19.23,0.1,0.100411964307081,9.91788748759537e-05
19.232,0.1,0.100411750000963,9.91489017211919e-05
19.234,0.1,0.100411535694845,9.91189285664299e-05
19.236,0.1,0.100411321388726,9.9088955411668e-05
19.238,0.1,0.100411107082608,9.90589822569062e-05
19.24,0.1,0.10041089277649,9.90290091021443e-05
19.242,0.1,0.100410678809378,9.89990635540621e-05
19.244,0.1,0.100410464842266,9.896911800598e-05
19.246,0.1,0.100410250875154,9.89391724578979e-05
19.248,0.1,0.100410036908042,9.89092269098157e-05
19.25,0.1,0.100409822940929,9.88792813617336e-05
19.252,0.1,0.100409609312262,9.88492043159902e-05
19.254,0.1,0.100409395683595,9.88191272702467e-05
19.256,0.1,0.100409182054928,9.87890502245033e-05
19.258,0.1,0.100408968426261,9.87589731787599e-05
19.26,0.1,0.100408754797594,9.87288961330164e-05
19.262,0.1,0.100408541506888,9.86987881420952e-05
19.264,0.1,0.100408328216181,9.86686801511739e-05
19.266,0.1,0.100408114925475,9.86385721602527e-05
19.268,0.1,0.100407901634769,9.86084641693314e-05
19.27,0.1,0.100407688344063,9.85783561784102e-05
19.272,0.1,0.100407475390869,9.8548433895883e-05
19.274,0.1,0.100407262437675,9.85185116133558e-05
19.276,0.1,0.10040704948448,9.84885893308286e-05
19.278,0.1,0.100406836531286,9.84586670483014e-05
19.28,0.1,0.100406623578092,9.84287447657741e-05
19.282,0.1,0.100406410961901,9.8399018147032e-05
19.284,0.1,0.100406198345709,9.83692915282898e-05
19.286,0.1,0.100405985729518,9.83395649095476e-05
19.288,0.1,0.100405773113326,9.83098382908054e-05
19.29,0.1,0.100405560497135,9.82801116720632e-05
19.292,0.1,0.100405348217374,9.82503722237587e-05
19.294,0.1,0.100405135937613,9.82206327754542e-05
19.296,0.1,0.100404923657852,9.81908933271497e-05
19.298,0.1,0.100404711378092,9.81611538788451e-05
19.3,0.1,0.100404499098331,9.81314144305406e-05
19.302,0.1,0.100404287154452,9.81015340094671e-05
19.304,0.1,0.100404075210574,9.80716535883936e-05
19.306,0.1,0.100403863266696,9.804177316732e-05
19.308,0.1,0.100403651322817,9.80118927462466e-05
19.31,0.1,0.100403439378939,9.79820123251731e-05
19.312,0.1,0.100403227770475,9.79521321894665e-05
19.314,0.1,0.100403016162011,9.792225205376e-05
19.316,0.1,0.100402804553546,9.78923719180535e-05
19.318,0.1,0.100402592945082,9.78624917823469e-05
19.32,0.1,0.100402381336618,9.78326116466404e-05
19.322,0.1,0.100402170063114,9.78029177792754e-05
19.324,0.1,0.100401958789609,9.77732239119103e-05
19.326,0.1,0.100401747516105,9.77435300445452e-05
19.328,0.1,0.1004015362426,9.77138361771801e-05
19.33,0.1,0.100401324969096,9.76841423098151e-05
19.332,0.1,0.100401114030031,9.76545958459774e-05
19.334,0.1,0.100400903090966,9.76250493821398e-05
19.336,0.1,0.100400692151902,9.75955029183023e-05
19.338,0.1,0.100400481212837,9.75659564544646e-05
19.34,0.1,0.100400270273772,9.7536409990627e-05
19.342,0.1,0.100400059668583,9.75068203037072e-05
19.344,0.1,0.100399849063394,9.74772306167872e-05
19.346,0.1,0.100399638458205,9.74476409298673e-05
19.348,0.1,0.100399427853016,9.74180512429474e-05
19.35,0.1,0.100399217247827,9.73884615560275e-05
19.352,0.1,0.100399006975993,9.7358781299279e-05
19.354,0.1,0.100398796704159,9.73291010425305e-05
19.356,0.1,0.100398586432325,9.7299420785782e-05
19.358,0.1,0.100398376160491,9.72697405290336e-05
19.36,0.1,0.100398165888657,9.72400602722851e-05
19.362,0.1,0.100397955949721,9.72104547619181e-05
19.364,0.1,0.100397746010785,9.71808492515511e-05
19.366,0.1,0.100397536071848,9.71512437411841e-05
19.368,0.1,0.100397326132912,9.71216382308172e-05
19.37,0.1,0.100397116193975,9.70920327204502e-05
19.372,0.1,0.100396906587462,9.7062606287615e-05
19.374,0.1,0.100396696980948,9.70331798547798e-05
19.376,0.1,0.100396487374435,9.70037534219446e-05
19.378,0.1,0.100396277767921,9.69743269891095e-05
19.38,0.1,0.100396068161407,9.69449005562743e-05
19.382,0.1,0.100395858886777,9.69155363996639e-05
19.384,0.1,0.100395649612147,9.68861722430536e-05
19.386,0.1,0.100395440337517,9.68568080864433e-05
19.388,0.1,0.100395231062887,9.68274439298329e-05
19.39,0.1,0.100395021788257,9.67980797732226e-05
19.392,0.1,0.100394812844958,9.67686148313551e-05
19.394,0.1,0.100394603901659,9.67391498894876e-05
19.396,0.1,0.10039439495836,9.67096849476199e-05
19.398,0.1,0.100394186015061,9.66802200057524e-05
19.4,0.1,0.100393977071762,9.66507550638849e-05
19.402,0.1,0.100393768459307,9.66212439589839e-05
19.404,0.1,0.100393559846852,9.65917328540829e-05
19.406,0.1,0.100393351234397,9.6562221749182e-05
19.408,0.1,0.100393142621941,9.65327106442809e-05
19.41,0.1,0.100392934009486,9.650319953938e-05
19.412,0.1,0.100392725727431,9.64738429778857e-05
19.414,0.1,0.100392517445376,9.64444864163913e-05
19.416,0.1,0.10039230916332,9.6415129854897e-05
19.418,0.1,0.100392100881265,9.63857732934026e-05
19.42,0.1,0.10039189259921,9.63564167319082e-05
19.422,0.1,0.100391684647063,9.63272523357697e-05
19.424,0.1,0.100391476694917,9.62980879396312e-05
19.426,0.1,0.100391268742771,9.62689235434927e-05
19.428,0.1,0.100391060790624,9.62397591473541e-05
19.43,0.1,0.100390852838478,9.62105947512156e-05
19.432,0.1,0.100390645215686,9.61814390921655e-05
19.434,0.1,0.100390437592893,9.61522834331154e-05
19.436,0.1,0.100390229970101,9.61231277740653e-05
19.438,0.1,0.100390022347308,9.60939721150152e-05
19.44,0.1,0.100389814724516,9.6064816455965e-05
19.442,0.1,0.100389607430534,9.60355240680317e-05
19.444,0.1,0.100389400136552,9.60062316800984e-05
19.446,0.1,0.10038919284257,9.5976939292165e-05
19.448,0.1,0.100388985548588,9.59476469042317e-05
19.45,0.1,0.100388778254607,9.59183545162984e-05
19.452,0.1,0.100388571288969,9.58890392222537e-05
19.454,0.1,0.100388364323331,9.58597239282091e-05
19.456,0.1,0.100388157357693,9.58304086341644e-05
19.458,0.1,0.100387950392055,9.58010933401197e-05
19.46,0.1,0.100387743426417,9.57717780460751e-05
19.462,0.1,0.100387536788683,9.57426402304631e-05
19.464,0.1,0.100387330150949,9.57135024148511e-05
19.466,0.1,0.100387123513214,9.5684364599239e-05
19.468,0.1,0.10038691687548,9.5655226783627e-05
19.47,0.1,0.100386710237745,9.5626088968015e-05
19.472,0.1,0.100386503927414,9.55971231292126e-05
19.474,0.1,0.100386297617083,9.55681572904102e-05
19.476,0.1,0.100386091306752,9.55391914516078e-05
19.478,0.1,0.100385884996421,9.55102256128054e-05
19.48,0.1,0.100385678686089,9.5481259774003e-05
19.482,0.1,0.100385472702608,9.54522768744574e-05
19.484,0.1,0.100385266719126,9.54232939749118e-05
19.486,0.1,0.100385060735645,9.53943110753662e-05
19.488,0.1,0.100384854752164,9.53653281758206e-05
19.49,0.1,0.100384648768682,9.5336345276275e-05
19.492,0.1,0.100384443111525,9.530724935286e-05
19.494,0.1,0.100384237454368,9.52781534294449e-05
19.496,0.1,0.100384031797211,9.52490575060299e-05
19.498,0.1,0.100383826140054,9.52199615826148e-05
19.5,0.1,0.100383620482897,9.51908656591997e-05
19.502,0.1,0.100383415151608,9.51617928011375e-05
19.504,0.1,0.100383209820319,9.51327199430752e-05
19.506,0.1,0.10038300448903,9.51036470850129e-05
19.508,0.1,0.100382799157741,9.50745742269506e-05
19.51,0.1,0.100382593826453,9.50455013688883e-05
19.512,0.1,0.100382388820579,9.50165969483896e-05
19.514,0.1,0.100382183814705,9.4987692527891e-05
19.516,0.1,0.10038197880883,9.49587881073923e-05
19.518,0.1,0.100381773802956,9.49298836868936e-05
19.52,0.1,0.100381568797082,9.4900979266395e-05
19.522,0.1,0.10038136411611,9.48721807988519e-05
19.524,0.1,0.100381159435137,9.48433823313087e-05
19.526,0.1,0.100380954754164,9.48145838637657e-05
19.528,0.1,0.100380750073191,9.47857853962226e-05
19.53,0.1,0.100380545392218,9.47569869286795e-05
19.532,0.1,0.100380341035604,9.47281315142495e-05
19.534,0.1,0.10038013667899,9.46992760998195e-05
19.536,0.1,0.100379932322376,9.46704206853895e-05
19.538,0.1,0.100379727965761,9.46415652709595e-05
19.54,0.1,0.100379523609147,9.46127098565295e-05
19.542,0.1,0.100379319576398,9.45837992546557e-05
19.544,0.1,0.100379115543649,9.45548886527819e-05
19.546,0.1,0.1003789115109,9.45259780509082e-05
19.548,0.1,0.100378707478151,9.44970674490344e-05
19.55,0.1,0.100378503445403,9.44681568471607e-05
19.552,0.1,0.100378299736076,9.44393610448535e-05
19.554,0.1,0.10037809602675,9.44105652425463e-05
19.556,0.1,0.100377892317423,9.43817694402391e-05
19.558,0.1,0.100377688608097,9.43529736379319e-05
19.56,0.1,0.10037748489877,9.43241778356248e-05
19.562,0.1,0.100377281512392,9.42955583913579e-05
19.564,0.1,0.100377078126014,9.4266938947091e-05
19.566,0.1,0.100376874739636,9.42383195028241e-05
19.568,0.1,0.100376671353258,9.42097000585572e-05
19.57,0.1,0.10037646796688,9.41810806142903e-05
19.572,0.1,0.100376264902916,9.41524909274229e-05
19.574,0.1,0.100376061838952,9.41239012405555e-05
19.576,0.1,0.100375858774988,9.40953115536881e-05
19.578,0.1,0.100375655711023,9.40667218668207e-05
19.58,0.1,0.100375452647059,9.40381321799533e-05
19.582,0.1,0.100375249904975,9.40094262655143e-05
19.584,0.1,0.100375047162891,9.39807203510755e-05
19.586,0.1,0.100374844420807,9.39520144366366e-05
19.588,0.1,0.100374641678723,9.39233085221976e-05
19.59,0.1,0.100374438936639,9.38946026077587e-05
19.592,0.1,0.10037423651597,9.38658655713745e-05
19.594,0.1,0.1003740340953,9.38371285349901e-05
19.596,0.1,0.100373831674631,9.38083914986059e-05
19.598,0.1,0.100373629253962,9.37796544622216e-05
19.6,0.1,0.100373426833293,9.37509174258373e-05
19.602,0.1,0.100373224733607,9.37223469263235e-05
19.604,0.1,0.100373022633921,9.36937764268097e-05
19.606,0.1,0.100372820534235,9.36652059272958e-05
19.608,0.1,0.100372618434549,9.3636635427782e-05
19.61,0.1,0.100372416334863,9.36080649282682e-05
19.612,0.1,0.100372214555676,9.35796754955118e-05
19.614,0.1,0.100372012776488,9.35512860627553e-05
19.616,0.1,0.100371810997301,9.35228966299989e-05
19.618,0.1,0.100371609218114,9.34945071972424e-05
19.62,0.1,0.100371407438927,9.34661177644859e-05
19.622,0.1,0.100371205979696,9.34377246769656e-05
19.624,0.1,0.100371004520466,9.34093315894452e-05
19.626,0.1,0.100370803061235,9.33809385019249e-05
19.628,0.1,0.100370601602004,9.33525454144045e-05
19.63,0.1,0.100370400142774,9.33241523268841e-05
19.632,0.1,0.100370199002977,9.32956344286947e-05
19.634,0.1,0.10036999786318,9.32671165305053e-05
19.636,0.1,0.100369796723383,9.32385986323159e-05
19.638,0.1,0.100369595583586,9.32100807341265e-05
19.64,0.1,0.100369394443789,9.31815628359371e-05
19.642,0.1,0.100369193622975,9.31530407985779e-05
19.644,0.1,0.10036899280216,9.31245187612188e-05
19.646,0.1,0.100368791981346,9.30959967238597e-05
19.648,0.1,0.100368591160531,9.30674746865006e-05
19.65,0.1,0.100368390339717,9.30389526491416e-05
19.652,0.1,0.100368189837448,9.30105957796533e-05
19.654,0.1,0.10036798933518,9.29822389101652e-05
19.656,0.1,0.100367788832911,9.2953882040677e-05
19.658,0.1,0.100367588330643,9.29255251711887e-05
19.66,0.1,0.100367387828374,9.28971683017006e-05
19.662,0.1,0.100367187644157,9.28689469173934e-05
19.664,0.1,0.10036698745994,9.28407255330861e-05
19.666,0.1,0.100366787275724,9.28125041487789e-05
19.668,0.1,0.100366587091507,9.27842827644717e-05
19.67,0.1,0.10036638690729,9.27560613801644e-05
19.672,0.1,0.10036618704059,9.27278074680378e-05
19.674,0.1,0.100365987173891,9.26995535559112e-05
19.676,0.1,0.100365787307191,9.26712996437846e-05
19.678,0.1,0.100365587440492,9.26430457316579e-05
19.68,0.1,0.100365387573792,9.26147918195313e-05
19.682,0.1,0.100365188024112,9.25864579661476e-05
19.684,0.1,0.100364988474432,9.25581241127638e-05
19.686,0.1,0.100364788924752,9.25297902593801e-05
19.688,0.1,0.100364589375072,9.25014564059963e-05
19.69,0.1,0.100364389825392,9.24731225526126e-05
19.692,0.1,0.100364190592291,9.24448555467756e-05
19.694,0.1,0.10036399135919,9.24165885409385e-05
19.696,0.1,0.100363792126089,9.23883215351014e-05
19.698,0.1,0.100363592892988,9.23600545292644e-05
19.7,0.1,0.100363393659888,9.23317875234275e-05
19.702,0.1,0.100363194742912,9.23036843415371e-05
19.704,0.1,0.100362995825936,9.22755811596468e-05
19.706,0.1,0.10036279690896,9.22474779777566e-05
19.708,0.1,0.100362597991985,9.22193747958663e-05
19.71,0.1,0.100362399075009,9.2191271613976e-05
19.712,0.1,0.100362200473646,9.21632303647541e-05
19.714,0.1,0.100362001872283,9.21351891155321e-05
19.716,0.1,0.100361803270921,9.21071478663101e-05
19.718,0.1,0.100361604669558,9.20791066170882e-05
19.72,0.1,0.100361406068195,9.20510653678662e-05
19.722,0.1,0.100361207781921,9.20229390673427e-05
19.724,0.1,0.100361009495646,9.19948127668192e-05
19.726,0.1,0.100360811209372,9.19666864662957e-05
19.728,0.1,0.100360612923098,9.19385601657721e-05
19.73,0.1,0.100360414636823,9.19104338652486e-05
19.732,0.1,0.100360216665169,9.18822653807463e-05
19.734,0.1,0.100360018693514,9.1854096896244e-05
19.736,0.1,0.10035982072186,9.18259284117417e-05
19.738,0.1,0.100359622750205,9.17977599272394e-05
19.74,0.1,0.100359424778551,9.17695914427372e-05
19.742,0.1,0.10035922712109,9.17415614889105e-05
19.744,0.1,0.100359029463628,9.17135315350838e-05
19.746,0.1,0.100358831806167,9.16855015812572e-05
19.748,0.1,0.100358634148706,9.16574716274305e-05
19.75,0.1,0.100358436491244,9.1629441673604e-05
19.752,0.1,0.100358239147508,9.16015882366552e-05
19.754,0.1,0.100358041803771,9.15737347997063e-05
19.756,0.1,0.100357844460035,9.15458813627575e-05
19.758,0.1,0.100357647116299,9.15180279258087e-05
19.76,0.1,0.100357449772562,9.14901744888599e-05
19.762,0.1,0.100357252742025,9.14623363327559e-05
19.764,0.1,0.100357055711488,9.14344981766519e-05
19.766,0.1,0.10035685868095,9.14066600205479e-05
19.768,0.1,0.100356661650413,9.13788218644439e-05
19.77,0.1,0.100356464619876,9.13509837083398e-05
19.772,0.1,0.10035626790202,9.13230285833714e-05
19.774,0.1,0.100356071184165,9.12950734584029e-05
19.776,0.1,0.10035587446631,9.12671183334344e-05
19.778,0.1,0.100355677748455,9.1239163208466e-05
19.78,0.1,0.1003554810306,9.12112080834975e-05
19.782,0.1,0.100355284624979,9.11832330785423e-05
19.784,0.1,0.100355088219357,9.11552580735871e-05
19.786,0.1,0.100354891813735,9.11272830686319e-05
19.788,0.1,0.100354695408114,9.10993080636767e-05
19.79,0.1,0.100354499002492,9.10713330587218e-05
19.792,0.1,0.10035430290868,9.10435182429173e-05
19.794,0.1,0.100354106814868,9.10157034271129e-05
19.796,0.1,0.100353910721056,9.09878886113085e-05
19.798,0.1,0.100353714627244,9.0960073795504e-05
19.8,0.1,0.100353518533432,9.09322589796997e-05
19.802,0.1,0.100353322750953,9.0904600499142e-05
19.804,0.1,0.100353126968473,9.08769420185843e-05
19.806,0.1,0.100352931185993,9.08492835380265e-05
19.808,0.1,0.100352735403514,9.08216250574687e-05
19.81,0.1,0.100352539621034,9.0793966576911e-05
19.812,0.1,0.100352344149362,9.07662960718188e-05
19.814,0.1,0.100352148677691,9.07386255667267e-05
19.816,0.1,0.100351953206019,9.07109550616346e-05
19.818,0.1,0.100351757734347,9.06832845565424e-05
19.82,0.1,0.100351562262675,9.06556140514502e-05
19.822,0.1,0.100351367101312,9.06278476859356e-05
19.824,0.1,0.100351171939948,9.06000813204209e-05
19.826,0.1,0.100350976778585,9.05723149549063e-05
19.828,0.1,0.100350781617222,9.05445485893916e-05
19.83,0.1,0.100350586455858,9.05167822238771e-05
19.832,0.1,0.100350391604367,9.04890459998018e-05
19.834,0.1,0.100350196752875,9.04613097757267e-05
19.836,0.1,0.100350001901384,9.04335735516515e-05
19.838,0.1,0.100349807049892,9.04058373275763e-05
19.84,0.1,0.100349612198401,9.03781011035013e-05
19.842,0.1,0.100349417656345,9.0350522381522e-05
19.844,0.1,0.100349223114289,9.03229436595427e-05
19.846,0.1,0.100349028572234,9.02953649375635e-05
19.848,0.1,0.100348834030178,9.02677862155842e-05
19.85,0.1,0.100348639488123,9.0240207493605e-05
19.852,0.1,0.100348445255011,9.02127226267228e-05
19.854,0.1,0.1003482510219,9.01852377598406e-05
19.856,0.1,0.100348056788789,9.01577528929583e-05
19.858,0.1,0.100347862555678,9.01302680260761e-05
19.86,0.1,0.100347668322567,9.01027831591939e-05
19.862,0.1,0.100347474397884,9.00752416835926e-05
19.864,0.1,0.100347280473202,9.00477002079912e-05
19.866,0.1,0.100347086548519,9.00201587323899e-05
19.868,0.1,0.100346892623836,8.99926172567886e-05
19.87,0.1,0.100346698699153,8.99650757811871e-05
19.872,0.1,0.100346505082427,8.9937476121078e-05
19.874,0.1,0.1003463114657,8.99098764609688e-05
19.876,0.1,0.100346117848974,8.98822768008596e-05
19.878,0.1,0.100345924232247,8.98546771407504e-05
19.88,0.1,0.100345730615521,8.98270774806414e-05
19.882,0.1,0.100345537306327,8.97995797657055e-05
19.884,0.1,0.100345343997133,8.97720820507697e-05
19.886,0.1,0.10034515068794,8.97445843358338e-05
19.888,0.1,0.100344957378746,8.97170866208979e-05
19.89,0.1,0.100344764069553,8.96895889059623e-05
19.892,0.1,0.100344571067441,8.96622583776544e-05
19.894,0.1,0.10034437806533,8.96349278493464e-05
19.896,0.1,0.100344185063218,8.96075973210385e-05
19.898,0.1,0.100343992061107,8.95802667927305e-05
19.9,0.1,0.100343799058996,8.95529362644227e-05
19.902,0.1,0.100343606363459,8.95256432066815e-05
19.904,0.1,0.100343413667922,8.94983501489404e-05
19.906,0.1,0.100343220972386,8.94710570911993e-05
19.908,0.1,0.100343028276849,8.94437640334581e-05
19.91,0.1,0.100342835581313,8.94164709757168e-05
19.912,0.1,0.100342643191842,8.93890776052259e-05
19.914,0.1,0.100342450802371,8.93616842347349e-05
19.916,0.1,0.1003422584129,8.9334290864244e-05
19.918,0.1,0.100342066023429,8.9306897493753e-05
19.92,0.1,0.100341873633958,8.9279504123262e-05
19.922,0.1,0.100341681550104,8.92520767029512e-05
19.924,0.1,0.10034148946625,8.92246492826403e-05
19.926,0.1,0.100341297382397,8.91972218623295e-05
19.928,0.1,0.100341105298543,8.91697944420186e-05
19.93,0.1,0.100340913214689,8.9142367021708e-05
19.932,0.1,0.100340721436037,8.91150839334777e-05
19.934,0.1,0.100340529657385,8.90878008452473e-05
19.936,0.1,0.100340337878734,8.9060517757017e-05
19.938,0.1,0.100340146100082,8.90332346687867e-05
19.94,0.1,0.10033995432143,8.90059515805567e-05
19.942,0.1,0.10033976284752,8.89788330002197e-05
19.944,0.1,0.100339571373609,8.89517144198827e-05
19.946,0.1,0.100339379899699,8.89245958395456e-05
19.948,0.1,0.100339188425788,8.88974772592086e-05
19.95,0.1,0.100338996951878,8.88703586788716e-05
19.952,0.1,0.100338805782196,8.88432460612093e-05
19.954,0.1,0.100338614612514,8.88161334435471e-05
19.956,0.1,0.100338423442833,8.87890208258849e-05
19.958,0.1,0.100338232273151,8.87619082082228e-05
19.96,0.1,0.100338041103469,8.87347955905603e-05
19.962,0.1,0.100337850237519,8.87075813924256e-05
19.964,0.1,0.100337659371569,8.86803671942909e-05
19.966,0.1,0.10033746850562,8.86531529961562e-05
19.968,0.1,0.10033727763967,8.86259387980214e-05
19.97,0.1,0.10033708677372,8.85987245998867e-05
19.972,0.1,0.100336896211068,8.85715131492701e-05
19.974,0.1,0.100336705648416,8.85443016986535e-05
19.976,0.1,0.100336515085765,8.85170902480368e-05
19.978,0.1,0.100336324523113,8.84898787974202e-05
19.98,0.1,0.100336133960461,8.84626673468039e-05
19.982,0.1,0.100335943700687,8.84356075050116e-05
19.984,0.1,0.100335753440913,8.84085476632193e-05
19.986,0.1,0.100335563181139,8.8381487821427e-05
19.988,0.1,0.100335372921364,8.83544279796347e-05
19.99,0.1,0.10033518266159,8.83273681378427e-05
19.992,0.1,0.100334992704221,8.83004286444414e-05
19.994,0.1,0.100334802746852,8.82734891510402e-05
19.996,0.1,0.100334612789483,8.8246549657639e-05
19.998,0.1,0.100334422832114,8.82196101642377e-05
20,0.1,0.100334232874745,8.81926706708384e-05
