t,x_ref,x_meas,pitch_deg
0,0,0,-0
0.002,0,1.35593028917498e-15,4.50609480099098e-12
0.004,0,3.45936491887329e-13,1.14961619728654e-09
0.006,0,3.94278738964736e-12,1.31026701404572e-08
0.008,0,2.14258611807965e-11,7.12023946777821e-08
0.01,0,8.4681734238023e-11,2.81413863426806e-07
0.012,0,2.28785504703213e-10,7.60297011733968e-07
0.014,0,5.65873776198218e-10,1.88049241746796e-06
0.016,0,1.23212623232037e-09,4.09450712714052e-06
0.018,0,2.32347241914629e-09,7.72105834850666e-06
0.02,0,4.21912534513943e-09,1.40200138672132e-05
0.022,0,7.46381751017827e-09,2.4800404701473e-05
0.024,0,1.19215004064442e-08,3.96091029801502e-05
0.026,0,1.7920527279205e-08,5.95363046283284e-05
0.028,0,2.79451577568345e-08,9.28219156871372e-05
0.03,0,3.92708939507198e-08,0.000130421264914553
0.032,0,5.65853791452513e-08,0.000187869495476448
0.034,0,7.79541847480736e-08,0.000258721856954277
0.036,0,1.06719622245036e-07,0.000354028482590233
0.038,0,1.38356594023316e-07,0.000458791571928324
0.04,0,1.84808969944874e-07,0.00061234437359021
0.042,0,2.31261345866433e-07,0.000765897175252096
0.044,0,2.96496311590437e-07,0.000981018946580404
0.046,0,3.69699436631989e-07,0.00122214117782441
0.048,0,4.57364620859051e-07,0.00151034010027234
0.05,0,5.61958250602982e-07,0.00185331657054782
0.052,0,6.83780191483985e-07,0.00225158074066467
0.054,0,8.21919600306095e-07,0.00270168489272996
0.056,0,9.77370425956431e-07,0.00320594982138543
0.058,0,1.14994180099296e-06,0.00376249303203821
0.06,0,1.34118216917763e-06,0.00437445241919033
0.062,0,1.54386773324653e-06,0.00501951907038557
0.064,0,1.76280189026605e-06,0.00571056425838778
0.066,0,2.00676666458825e-06,0.00646894671050614
0.068,0,2.2558370680574e-06,0.0072403235093946
0.07,0,2.54728846988992e-06,0.00811854552356353
0.072,0,2.83873987172244e-06,0.00899676753773247
0.074,0,3.142476835594e-06,0.00990417363082339
0.076,0,3.50477846891863e-06,0.0109506987914772
0.078,0,3.86708010224325e-06,0.011997223952131
0.08,0,4.25349397976502e-06,0.0130982416757458
0.082,0,4.71104969771871e-06,0.0143600366869161
0.084,0,5.1686054156724e-06,0.0156218316980864
0.086,0,5.6566414517737e-06,0.0169504730196031
0.088,0,6.20576532997123e-06,0.0184130859365403
0.09,0,6.80202991188761e-06,0.019975981100492
0.092,0,7.44819653272614e-06,0.0216426352848204
0.094,0,8.15431259244609e-06,0.0234261524968675
0.096,0,8.90512168914489e-06,0.0252814972195932
0.098,0,9.69529420324435e-06,0.0271718669745597
0.1,0,1.05064826023164e-05,0.029031764117462
0.102,0,1.13189130447575e-05,0.0307892314349235
0.104,0,1.21115755334212e-05,0.0323668109416878
0.106,0,1.286300230195e-05,0.0336865182346148
0.108,0,1.3552849038956e-05,0.0346754407772589
0.11,0,1.41513086060364e-05,0.0352141871385707
0.112,0,1.46625163707205e-05,0.0353416638767798
0.114,0,1.50569114722241e-05,0.0349317915401282
0.116,0,1.53485992428845e-05,0.0340536675703295
0.118,0,1.5550978895661e-05,0.0327659294922799
0.12,0,1.56624858546391e-05,0.0310510621487559
0.122,0,1.5710240988919e-05,0.0290127171975667
0.124,0,1.57253456378378e-05,0.0267619093629122
0.126,0,1.57518330121855e-05,0.0244483284459073
0.128,0,1.58394034401388e-05,0.0222537142044795
0.13,0,1.60396195765639e-05,0.020357485321655
0.132,0,1.64045417348734e-05,0.0189394425068346
0.134,0,1.69825469398457e-05,0.0181653526115562
0.136,0,1.78138766620201e-05,0.0181716835209081
0.138,0,1.89264177240047e-05,0.0190511988591385
0.14,0,2.03568903928782e-05,0.0209167431191278
0.142,0,2.20373530693741e-05,0.0235512672313435
0.144,0,2.39919888557282e-05,0.0270159490170827
0.146,0,2.61832815486712e-05,0.0311655507529263
0.148,0,2.85069342525061e-05,0.0356592883308629
0.15,0,3.09103603264537e-05,0.0402848919095792
0.152,0,3.32897018928021e-05,0.0446998007249924
0.154,0,3.55340554936502e-05,0.0485056344671372
0.156,0,3.75422141210191e-05,0.0513582418074319
0.158,0,3.92068956945828e-05,0.0528900307901776
0.16,0,4.04281684178314e-05,0.0527630672208433
0.162,0,4.11214632094146e-05,0.0506964042740023
0.164,0,4.12373962745111e-05,0.0465356029082665
0.166,0,4.07453187862988e-05,0.040190753614134
0.168,0,3.9615196022374e-05,0.0315752531088705
0.17,0,3.79763969847146e-05,0.0211639976231675
0.172,0,3.59105477140095e-05,0.00925794008651968
0.174,0,3.35920266228749e-05,-0.00351972024835284
0.176,0,3.12168085197942e-05,-0.0164765282794093
0.178,0,2.90349479978033e-05,-0.0287295983619654
0.18,0,2.72662846050435e-05,-0.039512927989506
0.182,0,2.61933623422429e-05,-0.047840266291043
0.184,0,2.59942256569804e-05,-0.0531009102805362
0.186,0,2.6859022323302e-05,-0.0546433382719014
0.188,0,2.90261412658435e-05,-0.0516583590376307
0.19,0,3.24546505268639e-05,-0.0443119388183223
0.192,0,3.72060315423479e-05,-0.032419185146336
0.194,0,4.33661791540923e-05,-0.0157272801138274
0.196,0,5.07640034856606e-05,0.0051304357627891
0.198,0,5.92607593257712e-05,0.0296246016249985
0.2,0,6.86247824953111e-05,0.0569037667333318
0.202,0,7.85592808517799e-05,0.0858871080043331
0.204,0,8.8681358030665e-05,0.115216193096849
0.206,0,9.85826648685232e-05,0.143443802990723
0.208,0,0.000107829264026262,0.169049039917647
0.21,0,0.000115918889188028,0.190268216006472
0.212,0,0.00012256684757088,0.20614893073329
0.214,0,0.000127293376277826,0.215015449724679
0.216,0,0.00012988889824136,0.216181375601748
0.218,0,0.000130211391175639,0.209195284148313
0.22,0,0.000128261901000425,0.194113851344142
0.222,0,0.000123985071314174,0.170791827976038
0.224,0,0.000117582919548493,0.13999618915308
0.226,0,0.000109148716068875,0.102112234234419
0.228,0,9.89950267268484e-05,0.058292388620852
0.23,0,8.73918204436405e-05,0.009536960028543
0.232,0,7.46342255517559e-05,-0.043066717608864
0.234,0,6.10495868411479e-05,-0.0983215115584103
0.236,0,4.69912103312158e-05,-0.154942326158505
0.238,0,3.28182623139119e-05,-0.21166539712661
0.24,0,1.89598868259191e-05,-0.266895691498155
0.242,0,5.65745242952152e-06,-0.319870116088419
0.244,0,-6.60166172396372e-06,-0.368800048858976
0.246,0,-1.74378343944634e-05,-0.412366620988946
0.248,0,-2.65082836564991e-05,-0.449373065879167
0.25,0,-3.35331172789056e-05,-0.478845333932446
0.252,0,-3.82565869103734e-05,-0.499887858509367
0.254,0,-4.05423222206705e-05,-0.512034868982372
0.256,0,-4.00422827494879e-05,-0.51404445700722
0.258,0,-3.69207212197211e-05,-0.506531373275062
0.26,0,-3.11189839430452e-05,-0.489290960684825
0.262,0,-2.27374905341198e-05,-0.462688507603171
0.264,0,-1.19530030247792e-05,-0.427358846489404
0.266,0,9.48343077559134e-07,-0.384327798559574
0.268,0,1.57501455638193e-05,-0.334362660050233
0.27,0,3.20938197362669e-05,-0.278742624060666
0.272,0,4.9574739673287e-05,-0.218915419489555
0.274,0,6.78250884633269e-05,-0.156193235691713
0.276,0,8.64593239665077e-05,-0.0919554841335312
0.278,0,0.00010513682215332,-0.0274241733149314
0.28,0,0.000123505000045607,0.0361350955277778
0.282,0,0.000141250887325779,0.0975888810809952
0.284,0,0.000158087089106674,0.155884651926299
0.286,0,0.000173857680073938,0.210426710090706
0.288,0,0.000188352580894821,0.260425515858634
0.29,0,0.000201330751608467,0.304968089997164
0.292,0,0.000212764422235427,0.343906918278865
0.294,0,0.000222500624887087,0.376644917640451
0.296,0,0.000230213249646414,0.401945724625491
0.298,0,0.000236081774145555,0.420435470271892
0.3,0,0.000239768683629765,0.430841962177498
0.302,0,0.000241162117252043,0.432730391045808
0.304,0,0.000240262687712853,0.426092844899247
0.306,0,0.000237055960715023,0.410869059959802
0.308,0,0.000231509783105234,0.386932761320345
0.31,0,0.000223721268543128,0.354636940951802
0.312,0,0.000213743711621833,0.314164643686637
0.314,0,0.000201972992913031,0.266972394700464
0.316,0,0.00018866216013864,0.213977444982843
0.318,0,0.000174173517817282,0.156501087412351
0.32,0,0.000158905273642458,0.0959973831374632
0.322,0,0.000143273342502114,0.0339883404868059
0.324,0,0.000127679420068749,-0.0280472572023697
0.326,0,0.000112548387911064,-0.0885521063565514
0.328,0,9.82518139821689e-05,-0.146139028524181
0.33,0,8.50794273390332e-05,-0.199712389967315
0.332,0,7.33482882320422e-05,-0.248068490232305
0.334,0,6.33099776865506e-05,-0.290229245793793
0.336,0,5.50737998278863e-05,-0.325730716292403
0.338,0,4.88168942748192e-05,-0.353852751609503
0.34,0,4.46293522539189e-05,-0.37418792836311
0.342,0,4.25010192267859e-05,-0.386701401147255
0.344,0,4.2561677180875e-05,-0.39081181485175
0.346,0,4.4610136639339e-05,-0.387200129498953
0.348,0,4.85502080115767e-05,-0.376138029034209
0.35,0,5.41892360904049e-05,-0.358253559402864
0.352,0,6.11849838438035e-05,-0.334756696378233
0.354,0,6.92556872192989e-05,-0.306580622539482
0.356,0,7.79685848315408e-05,-0.275238106756044
0.358,0,8.68734725866698e-05,-0.242325284415073
0.36,0,9.55489853054249e-05,-0.209336466608934
0.362,0,0.000103553614064719,-0.177796523939065
0.364,0,0.000110493230835762,-0.149115981970899
0.366,0,0.000116036029835591,-0.12448192832208
0.368,0,0.000119981523490761,-0.104657376122861
0.37,0,0.00012204924277028,-0.090633617552583
0.372,0,0.000122247878544821,-0.0824864978870069
0.374,0,0.000120477679922831,-0.0806095314323583
0.376,0,0.000116776725882388,-0.0849450340746337
0.378,0,0.000111053560691679,-0.0958408013225802
0.38,0,0.000103559077302342,-0.112513709369284
0.382,0,9.43204278907057e-05,-0.134886129653279
0.384,0,8.35667322053159e-05,-0.162193200015665
0.386,0,7.16414017819707e-05,-0.193279285942116
0.388,0,5.87884051571457e-05,-0.227294489537588
0.39,0,4.5357782666586e-05,-0.263013220412356
0.392,0,3.17481436527328e-05,-0.299054979348779
0.394,0,1.83482222914723e-05,-0.334051235418005
0.396,0,5.52990326464365e-06,-0.366695538811096
0.398,0,-6.37645457503216e-06,-0.395818968614372
0.4,0,-1.70348333184871e-05,-0.420216594531504
0.402,0,-2.61596254681905e-05,-0.438856925134793
0.404,0,-3.36901865429664e-05,-0.451527916604715
0.406,0,-3.94257712069182e-05,-0.457474626293913
0.408,0,-4.32772920176493e-05,-0.456341512435063
0.41,0,-4.5279826549354e-05,-0.44822256087471
0.412,0,-4.54063120154712e-05,-0.432950959500533
0.414,0,-4.38861254649936e-05,-0.411323495231235
0.416,0,-4.07313477487367e-05,-0.383281596191282
0.418,0,-3.62095938899232e-05,-0.349754882402843
0.42,0,-3.05012776421997e-05,-0.311331716595338
0.422,0,-2.38047373498144e-05,-0.268644379987378
0.424,0,-1.64342323724628e-05,-0.222833020506342
0.426,0,-8.63307232764883e-06,-0.174749667910606
0.428,0,-6.66960810386711e-07,-0.125330904905121
0.43,0,7.19778780766328e-06,-0.0755767997374957
0.432,0,1.470095308157e-05,-0.0264422450364716
0.434,0,2.16116619339198e-05,0.0211798458286877
0.436,0,2.76192630410553e-05,0.0661660257470538
0.438,0,3.25266084659737e-05,0.107728406336754
0.44,0,3.61642707837039e-05,0.145193255811622
0.442,0,3.82489025117316e-05,0.177510048693879
0.444,0,3.87399394545673e-05,0.204426615850724
0.446,0,3.75388598622532e-05,0.225509608876785
0.448,0,3.46612973518242e-05,0.240716112625029
0.45,0,3.00955902393497e-05,0.249898838760363
0.452,0,2.3970333753462e-05,0.253401805344474
0.454,0,1.64234510186631e-05,0.251597250492418
0.456,0,7.65037167450239e-06,0.245064897685828
0.458,0,-2.14855541556264e-06,0.234395878058974
0.46,0,-1.27688804146277e-05,0.220194590402338
0.462,0,-2.39655529040615e-05,0.203272023408639
0.464,0,-3.55621191329136e-05,0.184151133664285
0.466,0,-4.73537581702387e-05,0.163519611796021
0.468,0,-5.91504186127286e-05,0.142018825002928
0.47,0,-7.07543051730589e-05,0.120328826089527
0.472,0,-8.19760581105841e-05,0.0991501848989941
0.474,0,-9.26278944002047e-05,0.0791624388548364
0.476,0,-0.000102446876499244,0.0612603021290562
0.478,0,-0.000111323002287262,0.0459407507105344
0.48,0,-0.000118984885217177,0.0341310998781957
0.482,0,-0.000125335035153039,0.0262608190196925
0.484,0,-0.000130239532196301,0.0228480540927913
0.486,0,-0.000133616487833302,0.0242447745312265
0.488,0,-0.00013551323901208,0.0303769779867017
0.49,0,-0.000135910903990796,0.0413694923269979
0.492,0,-0.000134912917933723,0.056938989577209
0.494,0,-0.000132657174230636,0.0766767944550402
0.496,0,-0.000129303493552438,0.100093348695675
0.498,0,-0.000125065680431633,0.126509096483419
0.5,0,-0.000120220919419113,0.155015859931459
0.502,0,-0.000114974208765844,0.184939957850846
0.504,0,-0.000109611529212645,0.21530476003486
0.506,0,-0.000104391853536366,0.245207455559322
0.508,0,-9.96048913097741e-05,0.273614819368158
0.51,0,-9.54516256101641e-05,0.299791984355653
0.512,0,-9.22152319340497e-05,0.322707602951631
0.514,0,-9.01511723969217e-05,0.341411993684531
0.516,0,-8.93743992723029e-05,0.355451146957188
0.518,0,-9.01258343915814e-05,0.363893952112946
0.52,0,-9.23712850189673e-05,0.36679795853631
0.522,0,-9.62298319978792e-05,0.363644717784634
0.524,0,-0.000101697057175088,0.354359625221794
0.526,0,-0.000108730635045327,0.339004492169036
0.528,0,-0.000117282602380001,0.317655848528255
0.53,0,-0.000127305643038576,0.290361393173482
0.532,0,-0.000138514075839798,0.258139523555675
0.534,0,-0.000150800071625912,0.221282903723926
0.536,0,-0.000163950212103356,0.180484390007422
0.538,0,-0.000177641906686281,0.136888813947106
0.54,0,-0.000191545370909018,0.0916565504872217
0.542,0,-0.000205314111061231,0.0460564967327757
0.544,0,-0.000218575385155009,0.00140964522355099
0.546,0,-0.000230957624027934,-0.0409173827787628
0.548,0,-0.000242160159762126,-0.0797843041960203
0.55,0,-0.000251925050368789,-0.114209210214614
0.552,0,-0.000259888606513697,-0.142863983313437
0.554,0,-0.000266095071813883,-0.165744584616843
0.556,0,-0.000270289969233489,-0.18187909991978
0.558,0,-0.000272504665150049,-0.191235726768448
0.56,0,-0.000272803812638743,-0.193914838271556
0.562,0,-0.000271145498188913,-0.189635727420559
0.564,0,-0.00026766745455227,-0.178743329847936
0.566,0,-0.000262582262021063,-0.161871704318103
0.568,0,-0.000256026320396124,-0.139386175852668
0.57,0,-0.000248197990265273,-0.111884351245684
0.572,0,-0.000239354933782386,-0.0802019325312776
0.574,0,-0.000229806316620539,-0.0453799038130899
0.576,0,-0.000219869820902211,-0.00853616697448829
0.578,0,-0.000209855727742057,0.0292522547902381
0.58,0,-0.000200108814329635,0.0667609868492268
0.582,0,-0.000190921231450189,0.102882713812794
0.584,0,-0.000182662398287705,0.136307160816185
0.586,0,-0.000175589332350911,0.166036119490435
0.588,0,-0.000169942158014242,0.191160977404281
0.59,0,-0.000166098538322891,0.210309616759921
0.592,0,-0.000164081444226302,0.223285708307342
0.594,0,-0.000164023161002549,0.229548666006174
0.596,0,-0.000166013576888729,0.228694809039945
0.598,0,-0.000170124668565493,0.220371454888527
0.6,0,-0.000176117981852605,0.205322420369156
0.602,0,-0.000183919088637375,0.183710943155731
0.604,0,-0.000193338536319115,0.1561090305855
0.606,0,-0.000204179528667375,0.123108953189923
0.608,0,-0.000216189280516961,0.0855191200135241
0.61,0,-0.000229084744928703,0.0442696691242715
0.612,0,-0.00024256571471648,0.000388568968482261
0.614,0,-0.000256343362410387,-0.0451278184892812
0.616,0,-0.000270119297420929,-0.0912143673949622
0.618,0,-0.000283633019562526,-0.136876879061977
0.62,0,-0.000296625995933883,-0.181155169926892
0.622,0,-0.000308821760807803,-0.223000509686652
0.624,0,-0.000320006366432879,-0.261553057477265
0.626,0,-0.00032992345821806,-0.295815678776322
0.628,0,-0.000338306271444858,-0.324746165169615
0.63,0,-0.000345037408130981,-0.347831809847627
0.632,0,-0.0003499177149456,-0.364274255825659
0.634,0,-0.000352787962502408,-0.373405512463192
0.636,0,-0.000353656058581767,-0.375158984749226
0.638,0,-0.000352524224638456,-0.369447601623277
0.64,0,-0.000349446020935846,-0.356364565237651
0.642,0,-0.000344536104998192,-0.336220641638832
0.644,0,-0.00033794862489287,-0.309466942186792
0.646,0,-0.000329902528993539,-0.276794230806275
0.648,0,-0.000320646415154185,-0.238997001550014
0.65,0,-0.000310500964849864,-0.197177556113187
0.652,0,-0.00029974942071265,-0.152296966285923
0.654,0,-0.000288711263434513,-0.105472617644586
0.656,0,-0.000277718177947182,-0.0578780927824364
0.658,0,-0.000267055476297331,-0.0106328408731654
0.66,0,-0.000257004946103533,0.0352233114643355
0.662,0,-0.000247819470286538,0.078700908006943
0.664,0,-0.000239775605033087,0.118736563811749
0.666,0,-0.000233136730277722,0.154283397567952
0.668,0,-0.000228017070120816,0.184789131130414
0.67,0,-0.000224591643402398,0.209514320679112
0.672,0,-0.000223009467900987,0.227789440340756
0.674,0,-0.000223295521991414,0.239364655483898
0.676,0,-0.000225431120379122,0.244151668452097
0.678,0,-0.000229351632019542,0.24223148978509
0.68,0,-0.000234925593338519,0.233941212147009
0.682,0,-0.000242073421016355,0.219406798993987
0.684,0,-0.000250546178563107,0.199417887264417
0.686,0,-0.000260126558201721,0.174639165612538
0.688,0,-0.000270509692875697,0.146064852992236
0.69,0,-0.000281315493277488,0.115074181296404
0.692,0,-0.000292225668271169,0.0827344675972041
0.694,0,-0.000302867079734479,0.0503734015774278
0.696,0,-0.000312881892862999,0.0192982008097894
0.698,0,-0.000321926163150137,-0.00924288636091377
0.7,0,-0.000329652406909757,-0.0339729666456974
0.702,0,-0.000335896660477263,-0.054195907567796
0.704,0,-0.00034041019193799,-0.0689776381129913
0.706,0,-0.000343008412337103,-0.0775630404403622
0.708,0,-0.00034372251172985,-0.079909539518742
0.71,0,-0.000342479888358161,-0.0756374903530529
0.712,0,-0.000339316437045421,-0.0647285929604654
0.714,0,-0.000334398041229937,-0.0476278304212305
0.716,0,-0.000327734458193408,-0.0242329073043649
0.718,0,-0.000319600358533679,0.00459087189689915
0.72,0,-0.000310152148479261,0.0383845441308847
0.722,0,-0.000299644870467328,0.0763022835762264
0.724,0,-0.000288332199173472,0.117504582949164
0.726,0,-0.000276581906130162,0.160684821477431
0.728,0,-0.000264726543993876,0.204663646031003
0.73,0,-0.00025313309203182,0.248106967272974
0.732,0,-0.00024215367030458,0.289713823540159
0.734,0,-0.000232152011231421,0.328134754169219
0.736,0,-0.000223415773380538,0.36227023064523
0.738,0,-0.000216210169438751,0.391096485404819
0.74,0,-0.000210844272794605,0.4134152287761
0.742,0,-0.000207314357151161,0.429124235483783
0.744,0,-0.000205831543957346,0.437335522444637
0.746,0,-0.000206367893189333,0.438009733118954
0.748,0,-0.000208876331084601,0.431164653806698
0.75,0,-0.000213195791170311,0.417237786330774
0.752,0,-0.000219195987253241,0.396546768729224
0.754,0,-0.000226759657066632,0.369302978463851
0.756,0,-0.000235533922031443,0.336729429800365
0.758,0,-0.000245350191661255,0.29925816905755
0.76,0,-0.000255903607146158,0.257890614693526
0.762,0,-0.000266875547553135,0.213763026995323
0.764,0,-0.000277975232414055,0.167882049195151
0.766,0,-0.0002888850758203,0.121354377623765
0.768,0,-0.000299340706700533,0.0752694121186415
0.77,0,-0.000309066767500398,0.0306542322208397
0.772,0,-0.000317746685332717,-0.0113082774458076
0.774,0,-0.000325216991684059,-0.0498455734817252
0.776,0,-0.000331199261053194,-0.0839002867352326
0.778,0,-0.000335460418339338,-0.112521042813305
0.78,0,-0.000337886506191869,-0.135138404308044
0.782,0,-0.00033839747228934,-0.151324601718075
0.784,0,-0.000336930330790157,-0.16070942377862
0.786,0,-0.000333567652460691,-0.163432605449
0.788,0,-0.000328348818822223,-0.159487344573697
0.79,0,-0.000321450178411392,-0.149351681801856
0.792,0,-0.000313078344262289,-0.133620601408855
0.794,0,-0.000303410558215891,-0.112765313927517
0.796,0,-0.000292694820217466,-0.0874989959584704
0.798,0,-0.000281291414634845,-0.0590713804907893
0.8,0,-0.000269405246159578,-0.0280460476559546
0.802,0,-0.000257343366143786,0.0045465158881101
0.804,0,-0.000245378245364626,0.0376670662274858
0.806,0,-0.000233753757091372,0.0704733511134653
0.808,0,-0.000222714673965866,0.102052272095818
0.81,0,-0.000212496436103192,0.13150040861697
0.812,0,-0.000203336166844908,0.157902429370541
0.814,0,-0.00019547950743155,0.180291459759312
0.816,0,-0.000189084017025958,0.197977688173708
0.818,0,-0.000184274549410411,0.210394793049832
0.82,0,-0.000181242716885693,0.216737543430514
0.822,0,-0.000179969728962802,0.216920780494783
0.824,0,-0.000180534481168574,0.210520277478377
0.826,0,-0.000182775079183388,0.197976197994052
0.828,0,-0.00018662449555178,0.179393350669655
0.83,0,-0.000191932998837765,0.155176217518042
0.832,0,-0.000198535820353789,0.125772944413962
0.834,0,-0.000206172682558319,0.0920023861100081
0.836,0,-0.000214557878844201,0.0548011715434309
0.838,0,-0.000223411475693065,0.015096171445032
0.84,0,-0.000232426928733104,-0.0260556645271852
0.842,0,-0.000241271579598123,-0.0674842051343588
0.844,0,-0.000249662633348893,-0.108094355368496
0.846,0,-0.000257307360700625,-0.146808062135565
0.848,0,-0.000263950561229434,-0.182630257178144
0.85,0,-0.000269247548007749,-0.214274632159908
0.852,0,-0.000273130697304837,-0.241335786398996
0.854,0,-0.000275296559693089,-0.262642306895331
0.856,0,-0.000275637714082861,-0.27764344778848
0.858,0,-0.00027421216622505,-0.286371616332825
0.86,0,-0.00027090397232168,-0.288238470936682
0.862,0,-0.00026579446121148,-0.28334894547966
0.864,0,-0.000258983725447999,-0.271887111322849
0.866,0,-0.000250613696481189,-0.254207731071997
0.868,0,-0.000240756176864968,-0.230362984590889
0.87,0,-0.000229743517051505,-0.201497748447999
0.872,0,-0.000217712008274005,-0.167923897550714
0.874,0,-0.000204992131130432,-0.130768481676997
0.876,0,-0.000191920112677404,-0.0912173380941786
0.878,0,-0.000178832861521109,-0.0504657807878513
0.88,0,-0.000166094037517064,-0.00981073316963133
0.882,0,-0.000154046191377952,0.0294614128750892
0.884,0,-0.000143061762498847,0.0659951958503755
0.886,0,-0.000133419706771167,0.0986789608140662
0.888,0,-0.000125330904118992,0.126652858668679
0.89,0,-0.000119086071649507,0.148804342162353
0.892,0,-0.000114757242251279,0.164699532924231
0.894,0,-0.000112381061324144,0.174033354647622
0.896,0,-0.000111968229964068,0.176589047778557
0.898,0,-0.000113453383838521,0.172406702300059
0.9,0,-0.000116755439395324,0.161574629502868
0.902,0,-0.000121697956036149,0.144531049348653
0.904,0,-0.000128103886561913,0.121722437987732
0.906,0,-0.000135732530849128,0.0938708693698801
0.908,0,-0.000144362082093691,0.0616416898012012
0.91,0,-0.000153719127004845,0.0258870462532122
0.912,0,-0.000163460359322524,-0.0121693149991121
0.914,0,-0.000173283162212681,-0.0514790693591654
0.916,0,-0.00018285351665892,-0.0908432750130459
0.918,0,-0.000191841704100681,-0.129025783718642
0.92,0,-0.000199977504846145,-0.164957185815669
0.922,0,-0.000206896415748989,-0.197286197228943
0.924,0,-0.000212356684419105,-0.225025756117876
0.926,0,-0.000216176459465922,-0.247404788996844
0.928,0,-0.000218062250625605,-0.263272549348547
0.93,0,-0.000217984417690311,-0.272364529492143
0.932,0,-0.000215873908055166,-0.274296735602008
0.934,0,-0.000211699778746465,-0.26880821014014
0.936,0,-0.000205548932377565,-0.256051462981032
0.938,0,-0.000197591873636225,-0.236484881616283
0.94,0,-0.00018804077250797,-0.210726506965886
0.942,0,-0.000177031885213267,-0.179062193316419
0.944,0,-0.000164945056851824,-0.14279245772731
0.946,0,-0.000151968983312894,-0.102404426245156
0.948,0,-0.000138439807281711,-0.0590133781037547
0.95,0,-0.000124681894623584,-0.0137881533846968
0.952,0,-0.000110988385833213,0.0323032531645136
0.954,0,-9.76328854589205e-05,0.0781806505547621
0.956,0,-8.48714276441528e-05,0.1228860492643
0.958,0,-7.29966729848278e-05,0.165316843418027
0.96,0,-6.22123517649761e-05,0.204593292151099
0.962,0,-5.28179238489798e-05,0.239540784912062
0.964,0,-4.49090857769412e-05,0.269642396528352
0.966,0,-3.8778723028584e-05,0.293730089365464
0.968,0,-3.45154909064487e-05,0.311311715777784
0.97,0,-3.21932100861868e-05,0.321953481707863
0.972,0,-3.17727099664569e-05,0.325639863924335
0.974,0,-3.33260521094124e-05,0.321930734923487
0.976,0,-3.66808572783633e-05,0.311289682609755
0.978,0,-4.16888564070011e-05,0.294089321153818
0.98,0,-4.81389397042212e-05,0.270947016244105
0.982,0,-5.58572533463382e-05,0.242289639908158
0.984,0,-6.45227620829053e-05,0.209158431351398
0.986,0,-7.38363456119681e-05,0.172543117048358
0.988,0,-8.35025507808888e-05,0.133419626928375
0.99,0,-9.32075189374934e-05,0.0929047726185785
0.992,0,-0.000102645300669393,0.0520743681833278
0.994,0,-0.000111543483692615,0.0119877373730006
0.996,0,-0.000119642430818026,-0.0263528928960267
0.998,0,-0.000126712053710858,-0.0620213361555081
1,0,-0.000132476409908098,-0.0939539767552101
1.002,0,-0.000136737565196884,-0.121295825746326
1.004,0,-0.000139318067419466,-0.143261503848619
1.006,0,-0.000140161267200686,-0.15946692441938
1.008,0,-0.000139151476236759,-0.169332350675381
1.01,0,-0.000136318664525898,-0.172774423619434
1.012,0,-0.000131655478273683,-0.169580553705464
1.014,0,-0.000125300541646824,-0.160074340042287
1.016,0,-0.000117377814727433,-0.144536752921743
1.018,0,-0.00010803679515089,-0.123346077914139
1.02,0,-9.74774418837522e-05,-0.0970700339689377
1.022,0,-8.59599546830056e-05,-0.0665172083994467
1.024,0,-7.38049879800039e-05,-0.0327867151411171
1.026,0,-6.13117758656404e-05,0.00313687517790852
1.028,0,-4.88302415332768e-05,0.0400169127256832
1.03,0,-3.67063202248434e-05,0.0765950284615383
1.032,0,-2.52613552865732e-05,0.111680106422363
1.034,0,-1.47914964648001e-05,0.144146231530081
1.036,0,-5.63136988845363e-06,0.172745812096432
1.038,0,2.0062113656643e-06,0.196592018456317
1.04,0,7.954498806959e-06,0.214964005407179
1.042,0,1.20127483610721e-05,0.227008587205886
1.044,0,1.42362436135121e-05,0.232720417951293
1.046,0,1.46254646321495e-05,0.231929042791632
1.048,0,1.30735220102996e-05,0.224040119769217
1.05,0,9.83863709362969e-06,0.209790122779906
1.052,0,5.0346546058961e-06,0.189412629172796
1.054,0,-1.25729464810081e-06,0.162978455575043
1.056,0,-8.76626579913521e-06,0.131340466089154
1.058,0,-1.72633223204395e-05,0.0952045800402333
1.06,0,-2.64839190883136e-05,0.0554080285310694
1.062,0,-3.60859989754258e-05,0.0131672156482477
1.064,0,-4.57469422975669e-05,-0.030346142667702
1.066,0,-5.51275567725782e-05,-0.0739189264423791
1.068,0,-6.38845137468705e-05,-0.116249051298046
1.07,0,-7.16895552247295e-05,-0.156082434224338
1.072,0,-7.82273914630717e-05,-0.192185029929535
1.074,0,-8.32333496600003e-05,-0.223496891010137
1.076,0,-8.64769578577825e-05,-0.249068582276731
1.078,0,-8.77604701460062e-05,-0.268040670492789
1.08,0,-8.70969608501994e-05,-0.28027350720032
1.082,0,-8.4380691118891e-05,-0.285215081143787
1.084,0,-7.96785025423052e-05,-0.282907466320543
1.086,0,-7.3145515882443e-05,-0.273717347422206
1.088,0,-6.48692902498216e-05,-0.257748697342096
1.09,0,-5.50530274445806e-05,-0.235526022595164
1.092,0,-4.39598853995435e-05,-0.207822762809791
1.094,0,-3.18692587954132e-05,-0.175538427114087
1.096,0,-1.89709081888505e-05,-0.139103922353832
1.098,0,-5.65356029430502e-06,-0.0999768661481091
1.1,0,7.81625568231965e-06,-0.0589710712182862
1.102,0,2.11181013983129e-05,-0.0172626979555713
1.104,0,3.396928878249e-05,0.0240526470760563
1.106,0,4.60778239005924e-05,0.0638865595849495
1.108,0,5.71215612207708e-05,0.101013018218311
1.11,0,6.69031494906503e-05,0.134533734531229
1.112,0,7.51974723720694e-05,0.163527803839568
1.114,0,8.17162040598426e-05,0.186850955453983
1.116,0,8.63348293148348e-05,0.203866236506773
1.118,0,8.90497716939551e-05,0.214373072248777
1.12,0,8.98376492997716e-05,0.21812493552635
1.122,0,8.86093108806452e-05,0.214621872167972
1.124,0,8.55796115104329e-05,0.204454442800538
1.126,0,8.08734443249076e-05,0.187891377906972
1.128,0,7.47064161020291e-05,0.165539772285321
1.13,0,6.72740906111281e-05,0.137908402182779
1.132,0,5.88694228300999e-05,0.10589631320585
1.134,0,4.97905408801413e-05,0.0704464524219456
1.136,0,4.03456286180906e-05,0.0326170318290678
1.138,0,3.08288997813788e-05,-0.00665835004710876
1.14,0,2.15314853778467e-05,-0.0462554513104526
1.142,0,1.27112386273457e-05,-0.0852266399125728
1.144,0,4.6446882572268e-06,-0.122541530584614
1.146,0,-2.44494775048858e-06,-0.157279309186678
1.148,0,-8.29783531699946e-06,-0.188412664667478
1.15,0,-1.27299085123182e-05,-0.215129930478797
1.152,0,-1.55119937852203e-05,-0.236473507722179
1.154,0,-1.65739197816648e-05,-0.252011753557165
1.156,0,-1.57801644534871e-05,-0.26109643374714
1.158,0,-1.30770980939393e-05,-0.263353132272479
1.16,0,-8.5621195434254e-06,-0.258962602700044
1.162,0,-2.21852882965112e-06,-0.247690491281228
1.164,0,5.81052199153514e-06,-0.229889453042909
1.166,0,1.53151875019404e-05,-0.206182059699999
1.168,0,2.61657953661691e-05,-0.176850582528948
1.17,0,3.80759898265885e-05,-0.142800674288167
1.172,0,5.075417975382e-05,-0.104958033508564
1.174,0,6.38742604969454e-05,-0.0644779785412712
1.176,0,7.71461754804759e-05,-0.0222850142728291
1.178,0,9.02253540737858e-05,0.0203799599039338
1.18,0,0.000102820750860768,0.0624025127265838
1.182,0,0.000114642358142627,0.102702995792859
1.184,0,0.000125420761127273,0.140231378724993
1.186,0,0.000134847206464217,0.173807780691011
1.188,0,0.00014285377796887,0.20297990028306
1.19,0,0.000149130857684798,0.226555924194462
1.192,0,0.000153579333446759,0.243979060332794
1.194,0,0.000156181362044569,0.254969768405706
1.196,0,0.000156980808247338,0.259482760099258
1.198,0,0.00015589648276826,0.25700033968549
1.2,0,0.000153135864560811,0.248070844993406
1.202,0,0.00014879377021105,0.23283323620543
1.204,0,0.000143039721342716,0.211718400141266
1.206,0,0.000136059838513718,0.185218632942085
1.208,0,0.000128108944583523,0.154131810918816
1.21,0,0.000119453378695114,0.11926178692918
1.212,0,0.000110456072770186,0.0819639798671418
1.214,0,0.00010142158377011,0.0432575302680187
1.216,0,9.27059608925048e-05,0.00442981880274629
1.218,0,8.46369277599592e-05,-0.0332614994638452
1.22,0,7.75118125267514e-05,-0.0686662036158778
1.222,0,7.16922403962415e-05,-0.100443768955934
1.224,0,6.74308931269051e-05,-0.127563903824099
1.226,0,6.48418658198278e-05,-0.149456155038464
1.228,0,6.42116024751622e-05,-0.164997618456621
1.23,0,6.55520335366e-05,-0.173935229425851
1.232,0,6.87967095387085e-05,-0.17630726176927
1.234,0,7.40087396632536e-05,-0.171690967274837
1.236,0,8.09977564680892e-05,-0.160552423929998
1.238,0,8.95983141202275e-05,-0.14329601897246
1.24,0,9.97113675807113e-05,-0.120055038083582
1.242,0,0.000111105662717843,-0.0914725491451433
1.244,0,0.000123473408126756,-0.0585733168103904
1.246,0,0.00013663684673167,-0.0217923589585533
1.248,0,0.000150229915753128,0.017544831841826
1.25,0,0.000163958746850393,0.058420629519936
1.252,0,0.000177488495602557,0.0996594744336085
1.254,0,0.000190513757696526,0.140054647042622
1.256,0,0.000202714134533283,0.178409089608992
1.258,0,0.000213735799094942,0.213374846811159
1.26,0,0.000223367041630266,0.244036333174524
1.262,0,0.000231361034911433,0.269398395941256
1.264,0,0.000237473962772585,0.288453440152148
1.266,0,0.000241591933772078,0.300617038480909
1.268,0,0.000243730344812066,0.305768961867091
1.27,0,0.000243811079222367,0.30344680564038
1.272,0,0.000241909153684898,0.293715403998875
1.274,0,0.00023824172718697,0.277177969158496
1.276,0,0.000232956423408565,0.254172598575175
1.278,0,0.000226271338808534,0.225295836496822
1.28,0,0.000218461078951278,0.191399580512008
1.282,0,0.000209748801073825,0.153091713868521
1.284,0,0.000200489402717085,0.111581380830685
1.286,0,0.000190987203808118,0.0679247408042347
1.288,0,0.000181554862415071,0.023186548183975
1.29,0,0.000172480208643176,-0.0215041609813795
1.292,0,0.000164032805963938,-0.0651277232190956
1.294,0,0.000156472541637884,-0.106651013815263
1.296,0,0.000150082919685538,-0.144957124164974
1.298,0,0.000145027399471735,-0.179269821381902
1.3,0,0.00014161873346395,-0.208367901062737
1.302,0,0.000139908489741147,-0.231849963649798
1.304,0,0.000140143511250778,-0.248676036801871
1.306,0,0.000142285377462797,-0.258785640181646
1.308,0,0.000146411088799782,-0.261721026941586
1.31,0,0.000152399248692977,-0.25774779881921
1.312,0,0.000160221598598251,-0.246781125740185
1.314,0,0.000169653608098363,-0.229474259331652
1.316,0,0.000180535178687132,-0.206218873156151
1.318,0,0.00019259577513822,-0.177835290881606
1.32,0,0.000205572668915233,-0.145076069253083
1.322,0,0.000219094432300773,-0.109298698590548
1.324,0,0.000232910676576546,-0.0711844378120265
1.326,0,0.000246681686942415,-0.0319835729341426
1.328,0,0.000260117906664446,0.00725154074246869
1.33,0,0.000272939504926875,0.0454945597132893
1.332,0,0.000284880189956198,0.0817174169853804
1.334,0,0.000295715828620531,0.115000770440523
1.336,0,0.000305172262122936,0.144266315735129
1.338,0,0.00031314467314727,0.168953257006152
1.34,0,0.000319404867954838,0.188113004318005
1.342,0,0.000323819334435634,0.201080619652898
1.344,0,0.000326426581403893,0.207776894892066
1.346,0,0.00032724814068732,0.20810018323146
1.348,0,0.000326211072138189,0.201585691753518
1.35,0,0.000323479260993191,0.188634820035051
1.352,0,0.000319207941747997,0.169632286595018
1.354,0,0.000313595724489458,0.145144684916118
1.356,0,0.000306802461149909,0.115555310225732
1.358,0,0.000299131678395462,0.0818486913522476
1.36,0,0.000290882280223973,0.0450358897263279
1.362,0,0.000282355279412901,0.00610964686534413
1.364,0,0.000273882333048368,-0.033711982727327
1.366,0,0.000265797131079687,-0.0732382469544857
1.368,0,0.000258389268761335,-0.111331690018239
1.37,0,0.000251942278538908,-0.146898774652517
1.372,0,0.000246795555841909,-0.178667835239095
1.374,0,0.000243068270469688,-0.206031059116324
1.376,0,0.000241063726256193,-0.227825060711616
1.378,0,0.00024092962098757,-0.243343608228218
1.38,0,0.000242597347193889,-0.252626034221875
1.382,0,0.000246175488802203,-0.255102919057986
1.384,0,0.000251603489333254,-0.250774345485226
1.386,0,0.000258757932466102,-0.239879507881224
1.388,0,0.000267486265453803,-0.222783035694948
1.39,0,0.000277711870177367,-0.199528491774592
1.392,0,0.000289168569315508,-0.170932247633756
1.394,0,0.00030160681400876,-0.13781053858702
1.396,0,0.000314835830728901,-0.100646227952623
1.398,0,0.000328488542294707,-0.0608096993780971
1.4,0,0.00034227139708605,-0.0192608134053385
1.402,0,0.000355829376350683,0.0226880295335596
1.404,0,0.000368840071873217,0.0637911717576417
1.406,0,0.000380982511951709,0.10284103638885
1.408,0,0.000391868094259726,0.138398095793748
1.41,0,0.000401347794267042,0.169735006019896
1.412,0,0.000409101453064933,0.195638444929707
1.414,0,0.000414925528102451,0.215223008567217
1.416,0,0.000418801603520963,0.228223242911332
1.418,0,0.000420632153171917,0.234105411745049
1.42,0,0.000420556802089649,0.233161144681389
1.422,0,0.000418568354815308,0.225146881263977
1.424,0,0.000414865415518043,0.210568566730824
1.426,0,0.000409580525304018,0.189674214234245
1.428,0,0.000403035921736782,0.163488451558846
1.43,0,0.000395385160568626,0.132361858433364
1.432,0,0.000386896226248743,0.0970950086335784
1.434,0,0.000377919840225662,0.058920510558192
1.436,0,0.000368745878146631,0.018852285300104
1.438,0,0.000359691897118282,-0.0220529416717715
1.44,0,0.000351065427831422,-0.0625772385668409
1.442,0,0.000343150667843162,-0.10162636584317
1.444,0,0.00033624816160313,-0.138036872713496
1.446,0,0.000330584596004259,-0.17084396627598
1.448,0,0.000326456295927275,-0.198890279525368
1.45,0,0.00032405629054365,-0.221325094844694
1.452,0,0.000323569470162639,-0.237318146420872
1.454,0,0.000325026052033536,-0.246583693539459
1.456,0,0.000328519801360224,-0.2486163175559
1.458,0,0.00033397777812061,-0.243500731056031
1.46,0,0.000341297673135067,-0.231436534121497
1.462,0,0.000350326464475919,-0.212802887023262
1.464,0,0.000360875032584625,-0.188104721571316
1.466,0,0.000372689359053295,-0.158095177908947
1.468,0,0.000385515538696259,-0.123522660551156
1.47,0,0.000399025193857058,-0.0854667230549747
1.472,0,0.00041291793849767,-0.0448934168675597
1.474,0,0.000426871688074794,-0.00292047706727062
1.476,0,0.000440580413676293,0.0393582867252503
1.478,0,0.000453788920402687,0.0809457513411112
1.48,0,0.000466202467270567,0.120770154859702
1.482,0,0.000477613125474861,0.157936519875725
1.484,0,0.00048771529153181,0.191272946606469
1.486,0,0.000496423621737362,0.220263937624667
1.488,0,0.000503408767223658,0.243636689548019
1.49,0,0.000508572898094726,0.260838562078653
1.492,0,0.000511869280665745,0.27151184492575
1.494,0,0.000513229467283494,0.27523356217373
1.496,0,0.000512714171757189,0.272041311559614
1.498,0,0.000510384583444472,0.26198301875388
1.5,0,0.000506352147895809,0.245285399263554
1.502,0,0.000500767881525618,0.22231213954585
1.504,0,0.000493892983101573,0.193866238488966
1.506,0,0.000485966418320036,0.160650913010717
1.508,0,0.000477289361963998,0.123647710200484
1.51,0,0.000468172109804372,0.0839186811858123
1.512,0,0.00045892299938249,0.0425234172519615
1.514,0,0.000449868614724863,0.000617304590451839
1.516,0,0.000441298595171822,-0.040679084212643
1.518,0,0.000433482911586244,-0.0803211166505678
1.52,0,0.000426679053054637,-0.11729693326198
1.522,0,0.000421183583350924,-0.150469784747236
1.524,0,0.000417183623857684,-0.179009599828108
1.526,0,0.000414846048383926,-0.202166567399627
1.528,0,0.000414292971938755,-0.219337843843791
1.53,0,0.000415595886076076,-0.230078545070092
1.532,0,0.000418780017096811,-0.234097376415109
1.534,0,0.00042372745957269,-0.231624661924681
1.536,0,0.000430387217956926,-0.222657855331879
1.538,0,0.000438693850097706,-0.207228248939771
1.54,0,0.000448424972879465,-0.18598940797648
1.542,0,0.000459410721412183,-0.159386119966015
1.544,0,0.00047140708568227,-0.128177668005015
1.546,0,0.000484127587933447,-0.0933170348835769
1.548,0,0.000497282218775761,-0.0557453449619667
1.55,0,0.000510523118689087,-0.0167564834833892
1.552,0,0.000523500038984724,0.0224552743412703
1.554,0,0.000535906263703157,0.0606648963037983
1.556,0,0.000547417311012282,0.0966757611646417
1.558,0,0.000557730600617549,0.129325007086757
1.56,0,0.00056659666564173,0.157608184197623
1.562,0,0.000573750199313962,0.180478397620691
1.564,0,0.000578992101071101,0.197077876243783
1.566,0,0.000582363490656942,0.207341082681701
1.568,0,0.000583808939707228,0.210896817907632
1.57,0,0.000583353961888053,0.207640871368007
1.572,0,0.000581055361084105,0.197562227109444
1.574,0,0.000577108189523543,0.181171100991128
1.576,0,0.000571637655198434,0.158719252912026
1.578,0,0.000564895511922435,0.130971078710441
1.58,0,0.000557043444915338,0.0983292350918211
1.582,0,0.000548359837741472,0.0616775795598981
1.584,0,0.000539187246159798,0.0222347237072711
1.586,0,0.000529817140747365,-0.0189817174499843
1.588,0,0.00052058163514682,-0.0608029984149629
1.59,0,0.000511807933526466,-0.101966653763667
1.592,0,0.000503779930768747,-0.141357113127911
1.594,0,0.000496871728409832,-0.177588245104351
1.596,0,0.000491303804377034,-0.209712730768713
1.598,0,0.000487368366642208,-0.236583134738287
1.6,0,0.000485293144522118,-0.257245415728584
1.602,0,0.000485147909681256,-0.271273109699586
1.604,0,0.000486983947484238,-0.278321591416093
1.606,0,0.00049085308327437,-0.278035422006924
1.608,0,0.000496665794477082,-0.270552099823042
1.61,0,0.000504312620118988,-0.256077984482456
1.612,0,0.000513577665005652,-0.235219628192687
1.614,0,0.000524288698093476,-0.208387274961454
1.616,0,0.000536104149555952,-0.176726977475658
1.618,0,0.000548850782670569,-0.140650963827896
1.62,0,0.000562180569799696,-0.101339475407843
1.622,0,0.000575788449800628,-0.0598201885748442
1.624,0,0.000589368725763364,-0.0172004739561766
1.626,0,0.000602619778994575,0.0254309267290837
1.628,0,0.000615251611081491,0.0669752676500823
1.63,0,0.000627028764933436,0.106453762720739
1.632,0,0.000637630002701461,0.142653850544742
1.634,0,0.000646826792601421,0.174597851563015
1.636,0,0.000654503349310241,0.201703612994858
1.638,0,0.000660333216913357,0.222694514615028
1.64,0,0.0006642299908913,0.237067229906983
1.642,0,0.000666216528353006,0.244726514743291
1.644,0,0.000666186119856624,0.245120115844393
1.646,0,0.000664292319621111,0.238627282231366
1.648,0,0.000660618935317341,0.225381249699475
1.65,0,0.000655365855666154,0.205949468524874
1.652,0,0.000648655033925516,0.180567444830158
1.654,0,0.00064081777377014,0.150318147879812
1.656,0,0.000632102624032609,0.115939228753727
1.658,0,0.00062282486752507,0.0784867541267421
1.66,0,0.00061329610360186,0.0390220331380302
1.662,0,0.00060382641009997,-0.00135823021571103
1.664,0,0.000594710523673824,-0.0415652039331436
1.666,0,0.000586212658035325,-0.0805804660490098
1.668,0,0.000578586210218264,-0.117415255708883
1.67,0,0.000572122020207604,-0.150956780630344
1.672,0,0.000566943687299747,-0.180585991674873
1.674,0,0.000563373941847471,-0.205071338152998
1.676,0,0.000561463743368681,-0.224039804457111
1.678,0,0.000561406241418597,-0.236652218109476
1.68,0,0.000563178995650261,-0.242803467158903
1.682,0,0.000566807033393806,-0.242232469198239
1.684,0,0.000572270478938203,-0.234837258902437
1.686,0,0.000579426550850673,-0.220976701520611
1.688,0,0.000588140263147453,-0.200987539361086
1.69,0,0.000598229952958409,-0.175390805081957
1.692,0,0.000609523073560885,-0.144645805442093
1.694,0,0.000621711899139278,-0.109772174863569
1.696,0,0.000634504130199421,-0.0717434807725559
1.698,0,0.000647589615664777,-0.0316223013536318
1.7,0,0.000660637045195928,0.00940035285048678
1.702,0,0.000673324614120322,0.0501556655861061
1.704,0,0.000685343806450548,0.0894899144209795
1.706,0,0.00069642539601747,0.126348321560322
1.708,0,0.000706221542408701,0.15944219677228
1.71,0,0.000714653553926774,0.188295748642436
1.712,0,0.000721398935290366,0.211697593972954
1.714,0,0.000726352082234218,0.229098463619385
1.716,0,0.000729443217823277,0.240068917024876
1.718,0,0.000730676455900709,0.244440343920128
1.72,0,0.000730001113035017,0.241831453681879
1.722,0,0.000727620344140936,0.232792078074655
1.724,0,0.000723609432872892,0.217410170433625
1.726,0,0.000718094191426235,0.195951588043013
1.728,0,0.000711350125801981,0.169307146729401
1.73,0,0.000703495013373581,0.137705142442041
1.732,0,0.000694841822745433,0.102181621123741
1.734,0,0.000685732194472236,0.0639902843232736
1.736,0,0.00067645295313501,0.0240874230694453
1.738,0,0.000667344486774171,-0.0162799979026362
1.74,0,0.000658744521406096,-0.0558480274788943
1.742,0,0.000650947263987111,-0.093464316134088
1.744,0,0.000644320063099183,-0.127772496310576
1.746,0,0.000639131371791649,-0.157686194382311
1.748,0,0.000635518310673389,-0.182576835073835
1.75,0,0.000633813309565935,-0.20117626762101
1.752,0,0.000634072517829921,-0.213105004490476
1.754,0,0.000636252219886825,-0.218348706746428
1.756,0,0.000640442109076867,-0.216419983106809
1.758,0,0.000646444013055605,-0.207851311986885
1.76,0,0.000654211303437009,-0.192623267682344
1.762,0,0.000663529014850014,-0.171332300000352
1.764,0,0.000674219997661847,-0.144434192003182
1.766,0,0.000685986420848966,-0.112906935225358
1.768,0,0.000698646287370314,-0.077229185987491
1.77,0,0.000711842654950013,-0.0386780111242326
1.772,0,0.000725306090177406,0.00185103336601878
1.774,0,0.000738709779721431,0.043182678084581
1.776,0,0.000751734490444252,0.0841199688361846
1.778,0,0.000764087439260609,0.123530642827713
1.78,0,0.000775476043221641,0.160280297621589
1.782,0,0.000785620336113575,0.193263733973097
1.784,0,0.000794228877943854,0.221341143294189
1.786,0,0.00080103916755384,0.243450682209033
1.788,0,0.000805946813276319,0.259052450559362
1.79,0,0.000808918397751658,0.26787653412368
1.792,0,0.000809876498670403,0.269497788178809
1.794,0,0.000808860365009041,0.263898768752828
1.796,0,0.000805970888934728,0.251276960934962
1.798,0,0.000801403381923872,0.232191663177306
1.8,0,0.000795251153402431,0.206783275559244
1.802,0,0.000787842855587307,0.176127182131816
1.804,0,0.000779379597372761,0.140785977150651
1.806,0,0.000770190377524793,0.101853918011565
1.808,0,0.000760594591842642,0.060435654893913
1.81,0,0.000750892828956162,0.0175932611898826
1.812,0,0.000741392108224879,-0.0255837732278158
1.814,0,0.000732370074783231,-0.0680240296725098
1.816,0,0.000724112517119517,-0.108647055664297
1.818,0,0.000716853775963407,-0.14649341856281
1.82,0,0.000710859253483272,-0.180509933124172
1.822,0,0.000706328416929246,-0.209851886389181
1.824,0,0.000703466569228367,-0.233648617791057
1.826,0,0.000702448083342422,-0.25112569355056
1.828,0,0.000703269207511643,-0.262131885003545
1.83,0,0.000706039525706274,-0.266125833479533
1.832,0,0.000710713833651756,-0.263115995907536
1.834,0,0.000717240821050345,-0.253137203839578
1.836,0,0.000725466688677439,-0.236604235133503
1.838,0,0.000735206163982496,-0.214056956367133
1.84,0,0.000746276842768602,-0.186004966845886
1.842,0,0.000758417341558651,-0.153257013095159
1.844,0,0.000771295826016937,-0.116936144738335
1.846,0,0.000784617247066896,-0.0780493492249343
1.848,0,0.000798066782515824,-0.0376748665222137
1.85,0,0.000811324968155561,0.00303916887365406
1.852,0,0.000824093518221052,0.042991139559543
1.854,0,0.000836099767069144,0.0811326760049081
1.856,0,0.000847103585277756,0.116513510401415
1.858,0,0.00085678309755236,0.147928806040735
1.86,0,0.000865073715587103,0.17496107052348
1.862,0,0.000871667313543915,0.196436770169043
1.864,0,0.000876497206854849,0.211947235369767
1.866,0,0.000879477645711408,0.221023642897594
1.868,0,0.000880580970747717,0.22340052590449
1.87,0,0.000879886078315429,0.219196830516838
1.872,0,0.000877463960841864,0.208511221516677
1.874,0,0.00087343669392133,0.191632903425546
1.876,0,0.000867924516139494,0.1688332278317
1.878,0,0.000861218160903614,0.141078068865537
1.88,0,0.000853467906764453,0.108751036049354
1.882,0,0.000844992582840889,0.0729447242464761
1.884,0,0.000836092539756477,0.0346833175516155
1.886,0,0.000827095315163898,-0.00483532321367355
1.888,0,0.000818334230464673,-0.0444299548798389
1.89,0,0.000810116462840754,-0.0829170571522931
1.892,0,0.000802742636534609,-0.11915435215808
1.894,0,0.000796526285792856,-0.151955419644662
1.896,0,0.000791673109663981,-0.180468882117389
1.898,0,0.000788483307610151,-0.203553523173405
1.9,0,0.000787135233993387,-0.220437661074836
1.902,0,0.000787582519611442,-0.231125689376276
1.904,0,0.000789998306927892,-0.234862743682039
1.906,0,0.00079429477320201,-0.231790066377689
1.908,0,0.000800346828898995,-0.222196405295706
1.91,0,0.000808064321694263,-0.206244633952646
1.912,0,0.00081731089779907,-0.184262968314481
1.914,0,0.000827837146525977,-0.157042184765347
1.916,0,0.000839509131523711,-0.124908104393072
1.918,0,0.000852050057614928,-0.0887749724695579
1.92,0,0.000865137444086847,-0.0497835785569379
1.922,0,0.000878478187363282,-0.00896709633775955
1.924,0,0.000891738387978092,0.0324957807112002
1.926,0,0.000904590468316517,0.0733423064003877
1.928,0,0.00091674096470176,0.112452197471649
1.93,0,0.000927818036960924,0.148460101819054
1.932,0,0.000937527659877781,0.180211553165191
1.934,0,0.000945671147067066,0.206879399461466
1.936,0,0.000951950537809667,0.227310396387479
1.938,0,0.000956349568081972,0.241288289648267
1.94,0,0.000958757633922875,0.248288509241786
1.942,0,0.000959200610879032,0.24825290839606
1.944,0,0.000957636334307469,0.240861629821174
1.946,0,0.000954320822393666,0.226887097698726
1.948,0,0.000949367084253302,0.206580818939053
1.95,0,0.00094293267222556,0.180334621338834
1.952,0,0.000935341998701175,0.14923925215435
1.954,0,0.000926793137574951,0.11388042988965
1.956,0,0.000917578665579237,0.0752046071704983
1.958,0,0.000908032150193319,0.0344114640589918
1.96,0,0.000898459819215945,-0.0074166069168408
1.962,0,0.000889173551923841,-0.0491288913591042
1.964,0,0.000880457743383816,-0.0896356126718083
1.966,0,0.000872566605268928,-0.127933260571327
1.968,0,0.00086586030492622,-0.162685690947447
1.97,0,0.00086047059581592,-0.193260968693403
1.972,0,0.000856718550277275,-0.218438284448782
1.974,0,0.000854803042293892,-0.237368964608829
1.976,0,0.000854711141599336,-0.249953270101877
1.978,0,0.0008566023410478,-0.255502108866666
1.98,0,0.000860498237861717,-0.253800036496287
1.982,0,0.000866299639816041,-0.245072628720312
1.984,0,0.00087388602586448,-0.229625042528464
1.986,0,0.000883082313731474,-0.207962920301465
1.988,0,0.000893722859854174,-0.180532001569847
1.99,0,0.000905490780007829,-0.148392271882737
1.992,0,0.000918157264839808,-0.112215819016001
1.994,0,0.000931360046149673,-0.0732968774962119
1.996,0,0.00094481677701725,-0.0325584966943029
1.998,0,0.000958206057822693,0.00885287711278202
2,0,0.000971246991808528,0.0498678334958117
2.002,0,0.000983654806147779,0.0894469164844389
2.004,0,0.000995187036261214,0.126628524265223
2.006,0,0.00100553141963458,0.160238562797188
2.008,0,0.00101461446142469,0.189843469438476
2.01,0,0.00102206564174863,0.214073411785448
2.012,0,0.00102781789808361,0.232532608943313
2.014,0,0.00103168660780992,0.244432563069992
2.016,0,0.00103373628933487,0.249863692093999
2.018,0,0.00103385391202081,0.248288065313149
2.02,0,0.00103213522839653,0.239914438810095
2.022,0,0.00102868484115691,0.22499134252754
2.024,0,0.00102368012701904,0.204046512278367
2.026,0,0.00101723093552253,0.177331607511758
2.028,0,0.00100959786475334,0.145679237478795
2.03,0,0.0010010917263992,0.11015738153849
2.032,0,0.000991964543751733,0.0715835146396766
2.034,0,0.00098254200686904,0.0311259856901688
2.036,0,0.000973142823056007,-0.010099887136008
2.038,0,0.00096406296755011,-0.0509462222889797
2.04,0,0.000955590728273071,-0.0903445361718695
2.042,0,0.00094803501216218,-0.12713914218271
2.044,0,0.000941688883544641,-0.160200034023868
2.046,0,0.000936684431893295,-0.188926369009119
2.048,0,0.000933333020504838,-0.212141746681326
2.05,0,0.000931726963658812,-0.229382677733117
2.052,0,0.000931973941453666,-0.24013552381865
2.054,0,0.000934035898633995,-0.244398458844485
2.056,0,0.000938001692525489,-0.241702528603525
2.058,0,0.000943671101703292,-0.232637738530631
2.06,0,0.000950985954824716,-0.217277380722909
2.062,0,0.000959883607303906,-0.195688817659752
2.064,0,0.000970013643635633,-0.169092330011818
2.066,0,0.000981310518144299,-0.137568549644205
2.068,0,0.000993443276435008,-0.102283226142867
2.07,0,0.00100614226755064,-0.0641369390304415
2.072,0,0.00101906754191383,-0.0243638065658453
2.074,0,0.00103188504467415,0.0158318431294204
2.076,0,0.00104425873459557,0.0552012040626487
2.078,0,0.00105588438589668,0.0925900584470109
2.08,0,0.00106637364375849,0.126587964944146
2.082,0,0.00107550271554068,0.156279011951449
2.084,0,0.00108309317245313,0.180940809534737
2.086,0,0.00108879111499181,0.199247638646602
2.088,0,0.00109260388314343,0.211075676734493
2.09,0,0.00109451726556339,0.216252376697231
2.092,0,0.00109446314097928,0.21440282102351
2.094,0,0.00109246262444244,0.20544984076402
2.096,0,0.00108878559569581,0.190239724883272
2.098,0,0.00108347408446807,0.168778856959416
2.1,0,0.00107676260092823,0.141799746987754
2.102,0,0.00106884515939476,0.109893436862375
2.104,0,0.00105997598612112,0.0738943830430543
2.106,0,0.00105047066704222,0.0348964426677006
2.108,0,0.00104063934078444,-0.00599646605851637
2.11,0,0.00103079764605633,-0.047643910021495
2.112,0,0.00102128165265754,-0.0888146219183427
2.114,0,0.00101237596007659,-0.128402174522359
2.116,0,0.00100441830959358,-0.165150912704811
2.118,0,0.000997718498929486,-0.19787026402385
2.12,0,0.000992474626123832,-0.225750874017543
2.122,0,0.000988954068343457,-0.24775890165336
2.124,0,0.000987359876327045,-0.263061293765806
2.126,0,0.00098770174267105,-0.271509535846935
2.128,0,0.000990041553621152,-0.272775793126822
2.13,0,0.00099444298812333,-0.266506051728502
2.132,0,0.00100066767092479,-0.253449830382997
2.134,0,0.00100860084886883,-0.2339052602839
2.136,0,0.00101814260375431,-0.208080619611255
2.138,0,0.00102892143963746,-0.177259085390246
2.14,0,0.00104078997382858,-0.141827341496917
2.142,0,0.00105340828540884,-0.102941132091258
2.144,0,0.0010664512219724,-0.0617695886698987
2.146,0,0.00107963608257883,-0.0192743049658205
2.148,0,0.0010926449371326,0.023389465332094
2.15,0,0.00110521662305079,0.0651974204316086
2.152,0,0.00111706532441069,0.105091155265746
2.154,0,0.00112787018121236,0.141863134153243
2.156,0,0.00113746849415929,0.174793472293773
2.158,0,0.00114562120914916,0.202958231384704
2.16,0,0.00115202012559192,0.225172791604395
2.162,0,0.00115665376623523,0.241264642875965
2.164,0,0.00115931405552886,0.25039134601736
2.166,0,0.00115999864426875,0.252426602829585
2.168,0,0.00115879608974203,0.2475776489506
2.17,0,0.00115575177763659,0.235897552419078
2.172,0,0.00115100002594438,0.217758765358935
2.174,0,0.00114471259672053,0.193671174755221
2.176,0,0.00113711522593476,0.164347709862901
2.178,0,0.00112845566191853,0.130583888076171
2.18,0,0.00111904283226861,0.0934431569068922
2.182,0,0.00110916650412604,0.0539223483470869
2.184,0,0.00109914167816041,0.0131415821103678
2.186,0,0.00108927393616137,-0.0277748851620135
2.188,0,0.00107984932122037,-0.0677619286507356
2.19,0,0.00107113215259198,-0.105806409709512
2.192,0,0.00106337293528482,-0.140944719303533
2.194,0,0.00105685478574857,-0.172103360164226
2.196,0,0.00105182334351684,-0.198318374702292
2.198,0,0.00104836995124134,-0.219151287589421
2.2,0,0.0010466831751352,-0.233839747116223
2.202,0,0.00104685529969608,-0.241940247491774
2.204,0,0.00104886855180603,-0.243402068583135
2.206,0,0.00105272005842711,-0.238123604737593
2.208,0,0.001058312750056,-0.226350123335141
2.21,0,0.00106553714560775,-0.208376177283106
2.212,0,0.00107425285444479,-0.184613828715996
2.214,0,0.00108428744499701,-0.155590776042117
2.216,0,0.00109539089643497,-0.122135073643956
2.218,0,0.00110724837483246,-0.0853605708820481
2.22,0,0.00111959862937784,-0.0461387928589599
2.222,0,0.00113208569333478,-0.00576205605138436
2.224,0,0.00114438618337556,0.0345755626794903
2.226,0,0.00115618777332053,0.0737269910550855
2.228,0,0.00116718448296528,0.11054707566065
2.23,0,0.00117711629594791,0.14403986437078
2.232,0,0.00118561712857272,0.172857155347614
2.234,0,0.00119259005169149,0.196542745808102
2.236,0,0.00119775380475886,0.214022378090857
2.238,0,0.00120114106253156,0.225291857360071
2.24,0,0.00120263071376897,0.229819045586028
2.242,0,0.00120223862117348,0.227543951354532
2.244,0,0.0012000416547507,0.218626500859
2.246,0,0.00119613646944642,0.203303860865461
2.248,0,0.00119058931739794,0.181687699507704
2.25,0,0.00118372856802468,0.154906618463342
2.252,0,0.00117569740364757,0.123395413886191
2.254,0,0.00116669124259623,0.0877540776049629
2.256,0,0.0011571060769661,0.049448156426676
2.258,0,0.00114720047139507,0.00935117223742282
2.26,0,0.0011373266008589,-0.0312481235879142
2.262,0,0.00112781210170982,-0.0711214009748947
2.264,0,0.00111895678184434,-0.109144868253686
2.266,0,0.00111114618856063,-0.143912895093023
2.268,0,0.0011046145467692,-0.174500205493977
2.27,0,0.00109965693630539,-0.199798658386465
2.272,0,0.00109647856703541,-0.218997103979458
2.274,0,0.00109520872665826,-0.231543513183164
2.276,0,0.00109587636175662,-0.23724269715786
2.278,0,0.00109854683938441,-0.235764317102754
2.28,0,0.00110316302842223,-0.227204310398175
2.282,0,0.0011095401148718,-0.21212984165541
2.284,0,0.00111759317389814,-0.190732827332914
2.286,0,0.00112710891789355,-0.163682208697499
2.288,0,0.0011378108160042,-0.131917022910189
2.29,0,0.00114954288431584,-0.0958910590015692
2.292,0,0.0011619391401471,-0.0569206683274752
2.294,0,0.00117474166796054,-0.015887639605284
2.296,0,0.00118762382901134,0.0260207670190484
2.298,0,0.00120027885409009,0.067660825484562
2.3,0,0.00121241724202344,0.107945784129705
2.302,0,0.00122371861249615,0.145682124809606
2.304,0,0.00123393450082913,0.179899534571854
2.306,0,0.00124278897071249,0.209556154705674
2.308,0,0.00124999249846265,0.23355373089012
2.31,0,0.00125533332522616,0.251051465950432
2.312,0,0.00125883126278879,0.26203126200822
2.314,0,0.00126032003267104,0.26581965851547
2.316,0,0.00125981702675972,0.262387033930694
2.318,0,0.00125740682694397,0.251946687473393
2.32,0,0.00125321096647671,0.234844653915872
2.322,0,0.00124730572922639,0.211240509001569
2.324,0,0.0012400980658707,0.182565084501495
2.326,0,0.00123165496660422,0.148941464985319
2.328,0,0.0012223014920868,0.111489170991669
2.33,0,0.00121234869925519,0.0712927984664866
2.332,0,0.00120210334287114,0.0294557267562977
2.334,0,0.00119187117511198,-0.0129374238758888
2.336,0,0.00118193313495022,-0.0548107688514844
2.338,0,0.00117257114571748,-0.0951236181683687
2.34,0,0.00116405968888709,-0.132834639058438
2.342,0,0.0011567017769928,-0.166802646757064
2.344,0,0.00115061095894387,-0.196522251652575
2.346,0,0.00114612543889967,-0.22073752591492
2.348,0,0.00114333595230318,-0.239033201465647
2.35,0,0.00114237780477353,-0.250844067759611
2.352,0,0.00114333054144278,-0.255799344766171
2.354,0,0.00114617472938979,-0.253882972470609
2.356,0,0.00115088781471556,-0.245091911970581
2.358,0,0.00115734542539781,-0.229795104252918
2.36,0,0.00116538443734543,-0.20850970469946
2.362,0,0.00117490725409992,-0.181492059640154
2.364,0,0.00118562328987031,-0.149733410400283
2.366,0,0.00119726760952172,-0.114127097396722
2.368,0,0.00120951896202657,-0.0758217902629253
2.37,0,0.00122210202550862,-0.0357607726319458
2.372,0,0.00123468215350675,0.00483584394995439
2.374,0,0.00124695820345295,0.0448598399713222
2.376,0,0.00125863384567699,0.0832119556633831
2.378,0,0.00126945412853816,0.118919096227765
2.38,0,0.00127908384271619,0.150747570692784
2.382,0,0.00128744518888651,0.178319238108898
2.384,0,0.00129418464453513,0.200338116836942
2.386,0,0.00129918663660918,0.216303792404434
2.388,0,0.0013023649527352,0.225821742580658
2.39,0,0.00130377348205841,0.229002731455448
2.392,0,0.00130327907392413,0.225280869884554
2.394,0,0.0013009990532744,0.214991347340164
2.396,0,0.00129705180140753,0.198480288443817
2.398,0,0.001291604299793,0.176282539424058
2.4,0,0.00128476303381581,0.148697603545525
2.402,0,0.00127678143636404,0.116586636472648
2.404,0,0.0012679503794526,0.0809720548262519
2.406,0,0.00125853963379784,0.0427884672455497
2.408,0,0.00124888444812768,0.00325762587361526
2.41,0,0.00123930604709399,-0.0364586495878044
2.412,0,0.00123013227067513,-0.0751484130873051
2.414,0,0.00122167058504261,-0.111665771363409
2.416,0,0.00121426950730939,-0.144730423233768
2.418,0,0.001208194885816,-0.173334189835129
2.42,0,0.0012035943260562,-0.196890823751361
2.422,0,0.00120087232877439,-0.213918755262959
2.424,0,0.00119990611248454,-0.224766103914506
2.426,0,0.00120089307428891,-0.228663492853933
2.428,0,0.00120381197229467,-0.225603138443672
2.43,0,0.00120854728873824,-0.215918627987495
2.432,0,0.00121501934222003,-0.199815963013943
2.434,0,0.00122306576737814,-0.177808965307011
2.436,0,0.00123259294184347,-0.150148557489911
2.438,0,0.00124327872895284,-0.117975017421556
2.44,0,0.00125500727899158,-0.0816259930519976
2.442,0,0.0012673919708055,-0.0425102061137941
2.444,0,0.00128016440837472,-0.00159327037423942
2.446,0,0.00129301318770181,0.0400088822347255
2.448,0,0.00130559426414351,0.0810238778093785
2.45,0,0.00131760634551056,0.120321807048242
2.452,0,0.00132868862418669,0.156582249814824
2.454,0,0.00133853442874754,0.188657414031771
2.456,0,0.00134693492351519,0.215748585594613
2.458,0,0.00135354860325192,0.236595636109936
2.46,0,0.00135830885657783,0.250890202991459
2.462,0,0.00136113943239545,0.258299670940848
2.464,0,0.00136198103611468,0.258546171316415
2.466,0,0.00136090106781387,0.251804029481359
2.468,0,0.00135790992786489,0.238030498004555
2.47,0,0.00135320976792339,0.217886103577289
2.472,0,0.00134690858146805,0.191676322255909
2.474,0,0.00133933490258414,0.160554213030106
2.476,0,0.00133062687325192,0.124942533143043
2.478,0,0.00132111471459442,0.0860017448624853
2.48,0,0.00131112090198455,0.0449019978792881
2.482,0,0.00130092870729453,0.00264846421866371
2.484,0,0.00129085874069164,-0.0395850476699195
2.486,0,0.0012812017969654,-0.0807088810687983
2.488,0,0.00127222022853963,-0.11973121039083
2.49,0,0.00126424832239838,-0.155422796761019
2.492,0,0.00125754478904695,-0.186798556575856
2.494,0,0.00125224303500226,-0.213323123693082
2.496,0,0.00124868669380883,-0.233726421095893
2.498,0,0.00124695368227748,-0.247667686879274
2.5,0,0.0012471100342315,-0.25485616643381
2.502,0,0.00124927201990686,-0.254815595354637
2.504,0,0.00125337024884937,-0.247734757723226
2.506,0,0.00125929711083748,-0.233941651604149
2.508,0,0.00126690858377002,-0.213896420534123
2.51,0,0.00127608404119681,-0.187962671276297
2.512,0,0.00128655947734044,-0.157042033151488
2.514,0,0.00129810522967766,-0.121893244321832
2.516,0,0.00131033626086874,-0.0839182397674709
2.518,0,0.00132302985322713,-0.0438566352823009
2.52,0,0.00133584828677502,-0.00293747808536752
2.522,0,0.00134849928166322,0.037754163436076
2.524,0,0.00136069255216916,0.0771574157417502
2.526,0,0.00137216346705909,0.114272075578549
2.528,0,0.00138266550507915,0.148167823613859
2.53,0,0.00139189769910904,0.177726486383378
2.532,0,0.00139973879781863,0.202456794375396
2.534,0,0.00140593025469103,0.221392966458414
2.536,0,0.0014103278641853,0.233965151164785
2.538,0,0.00141288615844051,0.239954499808862
2.54,0,0.0014135270159785,0.239024371742205
2.542,0,0.00141235021708293,0.231478457066382
2.544,0,0.00140940733334798,0.217446902891769
2.546,0,0.00140481787814779,0.197306342661551
2.548,0,0.00139872091603393,0.17150426187096
2.55,0,0.0013913336969905,0.140779398592893
2.552,0,0.00138290923077647,0.106009703490635
2.554,0,0.00137373168020583,0.0682029472022579
2.556,0,0.00136409244516148,0.0283993518153374
2.558,0,0.00135431214418529,-0.012240532560231
2.56,0,0.00134470165262525,-0.0525639504571334
2.562,0,0.00133555553805292,-0.0914827136227706
2.564,0,0.00132718216319093,-0.127858917801351
2.566,0,0.00131992569971816,-0.160427078215706
2.568,0,0.0013138996114925,-0.188724571181114
2.57,0,0.00130947892625271,-0.211385593273629
2.572,0,0.00130677712763078,-0.227951834808833
2.574,0,0.00130587155586295,-0.2380956346651
2.576,0,0.00130681464840739,-0.241576101190764
2.578,0,0.00130963575379453,-0.238228246017513
2.58,0,0.00131422129767522,-0.228406966708242
2.582,0,0.0013205290385956,-0.212206677176783
2.584,0,0.00132846364466831,-0.189914487761019
2.586,0,0.00133771766753949,-0.162624053272413
2.588,0,0.00134821948842075,-0.130544211399205
2.59,0,0.00135969735426748,-0.0946357561206656
2.592,0,0.00137181997777206,-0.0561024607999847
2.594,0,0.00138430810515257,-0.0159373673948339
2.596,0,0.0013968079602712,0.0245668333544027
2.598,0,0.00140898749961543,0.0641842828774761
2.6,0,0.00142052427802064,0.101734751723839
2.602,0,0.00143101987221363,0.135775091806776
2.604,0,0.00144026999947639,0.165526267914847
2.606,0,0.00144799907261213,0.189980298116757
2.608,0,0.0014540033176544,0.20837469961935
2.61,0,0.00145809454507198,0.219996598822063
2.612,0,0.00146023996563131,0.224683341639819
2.614,0,0.00146043348227257,0.22236690694223
2.616,0,0.00145867197632361,0.212985790242999
2.618,0,0.00145517602904302,0.197289879861475
2.62,0,0.0014499108991326,0.175098796559024
2.622,0,0.00144319233060467,0.147520231151434
2.624,0,0.0014352157509702,0.115234155179004
2.626,0,0.00142612608065685,0.0787223588169915
2.628,0,0.00141631155691475,0.039391696558964
2.63,0,0.00140603740246643,-0.00181439171133051
2.632,0,0.00139564193422572,-0.0436594724285559
2.634,0,0.00138543862289013,-0.0849880692819073
2.636,0,0.00137573210865614,-0.124679135525556
2.638,0,0.00136688488858002,-0.161406617970461
2.64,0,0.0013591253143967,-0.194313856284427
2.642,0,0.00135272010053499,-0.222422557904859
2.644,0,0.00134797263379954,-0.244621428368813
2.646,0,0.00134503726653794,-0.260327907390896
2.648,0,0.00134397613583886,-0.269292571024957
2.65,0,0.00134499334518577,-0.270749156891104
2.652,0,0.00134796662064374,-0.265103041420376
2.654,0,0.00135284795239426,-0.252487605482672
2.656,0,0.00135948984681765,-0.233394938227935
2.658,0,0.00136781009423845,-0.208068971311693
2.66,0,0.00137752450498131,-0.17750419097486
2.662,0,0.00138841247978248,-0.142461111963615
2.664,0,0.00140018650809436,-0.103953052017628
2.666,0,0.00141252835276328,-0.0631285174023012
2.668,0,0.00142516334335605,-0.0209726358054041
2.67,0,0.00143778034711429,0.0213723543007281
2.672,0,0.00145009980026485,0.0628646247607018
2.674,0,0.00146183082052206,0.102428286880012
2.676,0,0.00147272504672832,0.139130949171347
2.678,0,0.00148245634520875,0.171775123729415
2.68,0,0.00149089082950993,0.199846540674121
2.682,0,0.00149770976186206,0.222183522956989
2.684,0,0.00150271559326616,0.238049919921647
2.686,0,0.00150593465765007,0.247512934687445
2.688,0,0.00150722108816591,0.250021699810008
2.69,0,0.00150656786073799,0.24551722522657
2.692,0,0.00150402386704666,0.234139122240833
2.694,0,0.00149973207644433,0.216366556030486
2.696,0,0.00149385597555213,0.192755309443189
2.698,0,0.00148656115583052,0.163867504483795
2.7,0,0.0014780868510364,0.130538735234941
2.702,0,0.00146871834179262,0.0937861265875879
2.704,0,0.00145871772200119,0.0545408527126602
2.706,0,0.00144841118025685,0.013989606083363
2.708,0,0.00143809941549789,-0.0267614444254888
2.71,0,0.00142806373074471,-0.066677099675119
2.712,0,0.00141860851387629,-0.104637963903413
2.714,0,0.00141000133989301,-0.139651592352803
2.716,0,0.00140250505986747,-0.17074794478223
2.718,0,0.0013963855440741,-0.19695201706955
2.72,0,0.00139184400503012,-0.217517816431092
2.722,0,0.00138899924628425,-0.231995823712184
2.724,0,0.00138794520725442,-0.240022373315957
2.726,0,0.00138880510689302,-0.241122937598577
2.728,0,0.00139144482445472,-0.235753434954717
2.73,0,0.00139585307256278,-0.223925396249567
2.732,0,0.0014019799049617,-0.20578939721891
2.734,0,0.00140972792518658,-0.181668589895515
2.736,0,0.00141876013167267,-0.152778079824064
2.738,0,0.00142901755433556,-0.11930051731407
2.74,0,0.00144015909116771,-0.0824699782188184
2.742,0,0.0014519081762069,-0.0432801940086557
2.744,0,0.00146392559743168,-0.00296686728392478
2.746,0,0.00147587891174329,0.0372596981778616
2.748,0,0.00148744709922381,0.076220968887468
2.75,0,0.00149831022392777,0.112746463678529
2.752,0,0.00150810638237055,0.145519372922302
2.754,0,0.00151667101681506,0.173924530575749
2.756,0,0.00152369953827901,0.196856971102157
2.758,0,0.00152897531834622,0.213521194187153
2.76,0,0.00153243771762454,0.223679132116775
2.762,0,0.00153406684941721,0.227240722287411
2.764,0,0.00153373040664959,0.223707175020702
2.766,0,0.00153156335375732,0.213542477482255
2.768,0,0.00152766254295799,0.19707598037129
2.77,0,0.00152204747026493,0.1743553965583
2.772,0,0.00151497682813302,0.146304296227331
2.774,0,0.0015066956256962,0.113803893382486
2.776,0,0.00149733315831266,0.0773080830056398
2.778,0,0.00148727636830785,0.0382224400872129
2.78,0,0.00147680518006528,-0.00243931138945243
2.782,0,0.00146626397089321,-0.0434217883482521
2.784,0,0.00145598165707982,-0.0835209597343632
2.786,0,0.00144628260412675,-0.121554585522105
2.788,0,0.00143753937125173,-0.156171069641731
2.79,0,0.00142997316017291,-0.186566857632247
2.792,0,0.00142388310707735,-0.211662488330131
2.794,0,0.00141955038245802,-0.230442563596423
2.796,0,0.00141704170691776,-0.242660858663525
2.798,0,0.00141649832317159,-0.247801060504338
2.8,0,0.00141796369584114,-0.245693690231045
2.802,0,0.00142135826078599,-0.23660762469733
2.804,0,0.00142659005551543,-0.220853925639787
2.806,0,0.00143355474037298,-0.198787371325454
2.808,0,0.00144200679085361,-0.171280648232215
2.81,0,0.00145182249882671,-0.13876552290512
2.812,0,0.00146273597558361,-0.102197491994662
2.814,0,0.00147442399504213,-0.0627493095754827
2.816,0,0.00148661957351781,-0.0213932038895361
2.818,0,0.00149902520817472,0.0207813450044357
2.82,0,0.00151133139422609,0.062631907313572
2.822,0,0.0015232508579878,0.103099612958305
2.824,0,0.00153448472860801,0.141088111004577
2.826,0,0.00154468443278767,0.175328582861189
2.828,0,0.0015536788638668,0.205202826680025
2.83,0,0.00156111277036379,0.229430352913005
2.832,0,0.00156678712837067,0.247297283381501
2.834,0,0.00157066785472951,0.258684317417405
2.836,0,0.00157260743221757,0.263058163511952
2.838,0,0.00157249635961188,0.260016385351201
2.84,0,0.00157050094263271,0.250148077205524
2.842,0,0.00156667283244534,0.233624099881673
2.844,0,0.00156116140455716,0.210968725231179
2.846,0,0.00155414010393305,0.182794185524834
2.848,0,0.00154578014710547,0.149705930761059
2.85,0,0.00153642035773871,0.112927701234704
2.852,0,0.0015262851494486,0.073266023875276
2.854,0,0.00151570807790023,0.0319380394318481
2.856,0,0.00150497731469405,-0.0100026392825835
2.858,0,0.0014943925989177,-0.0514519116478098
2.86,0,0.00148423522215823,-0.0913732957023786
2.862,0,0.00147476503214189,-0.128811760094193
2.864,0,0.00146628655976552,-0.162655882744961
2.866,0,0.00145905851694081,-0.191966912060903
2.868,0,0.00145331662577124,-0.215894090518401
2.87,0,0.00144917350836155,-0.234034071475472
2.872,0,0.00144684330122148,-0.245614155697742
2.874,0,0.00144638607992275,-0.250415893547819
2.876,0,0.00144778165209975,-0.248507590039891
2.878,0,0.00145102723566991,-0.23989191158196
2.88,0,0.00145610248635621,-0.224632449259743
2.882,0,0.00146284795450676,-0.203297166951337
2.884,0,0.00147111208278265,-0.17642591082117
2.886,0,0.00148068046299995,-0.144787824189524
2.888,0,0.00149130466948449,-0.10927812807623
2.89,0,0.00150266603080955,-0.0710537292269365
2.892,0,0.00151449884911055,-0.031079458753261
2.894,0,0.00152646362363611,0.00940335190396308
2.896,0,0.00153824917385083,0.0492519533250146
2.898,0,0.00154955773399528,0.0873736418673116
2.9,0,0.0015601180509888,0.122774813317017
2.902,0,0.00156957919821239,0.154177394379887
2.904,0,0.00157780927348346,0.181106438743251
2.906,0,0.00158448062680796,0.202379454267929
2.908,0,0.00158948748679463,0.217622163029671
2.91,0,0.00159268938373715,0.22633307680953
2.912,0,0.00159404428123721,0.228365365712769
2.914,0,0.00159348586862683,0.223482131740308
2.916,0,0.00159116812117139,0.21224096881723
2.918,0,0.00158712465114947,0.19476462786193
2.92,0,0.00158143501958047,0.171344140572565
2.922,0,0.00157437711637842,0.14298867009915
2.924,0,0.00156605771186691,0.110092246946365
2.926,0,0.00155676984008385,0.0737218773422008
2.928,0,0.00154685784448612,0.035128147108186
2.93,0,0.00153658441417566,-0.00472691886854969
2.932,0,0.00152631120783835,-0.0445248664704046
2.934,0,0.00151635843305679,-0.0831036664988648
2.936,0,0.00150703273878651,-0.11935193145996
2.938,0,0.00149871755199637,-0.151884762296295
2.94,0,0.00149163703251011,-0.179906419767045
2.942,0,0.00148607091931824,-0.202418036268841
2.944,0,0.0014822766333844,-0.218503797533855
2.946,0,0.00148029515142643,-0.228030245725466
2.948,0,0.00148020135538466,-0.230737211230435
2.95,0,0.00148203747952436,-0.22647978139108
2.952,0,0.00148575269737159,-0.215446389805928
2.954,0,0.00149125682215903,-0.197967602860584
2.956,0,0.00149847478554645,-0.174324086382206
2.958,0,0.00150710774141292,-0.145606300877778
2.96,0,0.00151700334884715,-0.112379244135132
2.962,0,0.00152800719078779,-0.0752247613205567
2.964,0,0.00153976291427229,-0.0354433352218986
2.966,0,0.00155199311369583,0.00594344456296596
2.968,0,0.00156437736793045,0.0477561255015663
2.97,0,0.00157659285930223,0.0888203121998224
2.972,0,0.0015883280614929,0.128000026605306
2.974,0,0.0015992002364486,0.163905576261656
2.976,0,0.00160897544597152,0.195717163144412
2.978,0,0.00161735871057896,0.222381439680367
2.98,0,0.0016241110458693,0.243056581733283
2.982,0,0.00162901735998077,0.256988288087137
2.984,0,0.00163199739332576,0.263910386624039
2.986,0,0.00163299966455519,0.263655452134414
2.988,0,0.00163199011502768,0.256113768211942
2.99,0,0.00162914067601842,0.241916810685494
2.992,0,0.00162451285449453,0.221294888149083
2.994,0,0.00161821579710062,0.194653671808737
2.996,0,0.00161057723444778,0.163187044871926
2.998,0,0.00160168503962252,0.12722890198182
3,0,0.0015918790526773,0.0880200113411426
3.002,5.00000000000079e-07,0.00158144227245512,0.0465996080356075
3.004,1.00000000000005e-06,0.00157069178200108,0.0041292521289587
3.006,1.50000000000013e-06,0.00155993131187685,-0.038273257898041
3.008,2.00000000000009e-06,0.00154945546154754,-0.079528530231007
3.01,2.50000000000017e-06,0.00153953812169634,-0.118639888144965
3.012,4.00000000000001e-06,0.00153052565413821,-0.154347257802278
3.014,5.50000000000018e-06,0.00152265153082969,-0.185826302986107
3.016,7.00000000000002e-06,0.00151610236497312,-0.212423417746427
3.018,8.50000000000019e-06,0.00151123671929739,-0.232863176757125
3.02,1e-05,0.00150818702815389,-0.246702882468258
3.022,1.30000000000004e-05,0.00150703274243732,-0.253685858057372
3.024,1.60000000000001e-05,0.00150790909071723,-0.253350169766304
3.026,1.90000000000005e-05,0.00151079500836514,-0.245792726545052
3.028,2.20000000000002e-05,0.00151565793535144,-0.231146621159492
3.03,2.50000000000006e-05,0.00152237622940827,-0.209862796670975
3.032,3.00000000000001e-05,0.00153078476858389,-0.182548072798237
3.034,3.50000000000006e-05,0.00154074431414404,-0.149722154624765
3.036,4.00000000000001e-05,0.00155200911683653,-0.112293175819834
3.038,4.50000000000007e-05,0.00156424801558475,-0.0714708636631319
3.04,5.00000000000001e-05,0.00157730302593814,-0.0278738727003943
3.042,5.75000000000011e-05,0.001590840420702,0.0172625595114645
3.044,6.50000000000003e-05,0.00160460075069804,0.0629599364861951
3.046,7.25000000000012e-05,0.00161832170878289,0.108231333902862
3.048,8.00000000000005e-05,0.00163176038706961,0.152172464233917
3.05,8.75000000000014e-05,0.00164463909677307,0.193731629771143
3.052,9.80000000000003e-05,0.00165673787634175,0.232104785362431
3.054,0.000108500000000001,0.00166789120923058,0.266689559981925
3.056,0.000119,0.00167788912784573,0.296696711427668
3.058,0.000129500000000002,0.00168672098113142,0.322107872958517
3.06,0.00014,0.00169428612841308,0.342530301871544
3.062,0.000154000000000002,0.00170055411108495,0.357824052977342
3.064,0.000168000000000001,0.0017056218560718,0.368328393341305
3.066,0.000182000000000002,0.00170956725138543,0.374286983647116
3.068,0.000196000000000001,0.00171253244457743,0.376185594537208
3.07,0.000210000000000003,0.00171464807890513,0.374437312795482
3.072,0.000228000000000001,0.00171612677766997,0.369764204676359
3.074,0.000245999999999999,0.00171723249823846,0.363109895622208
3.076,0.000264000000000001,0.00171821236063579,0.355288416820351
3.078,0.000281999999999999,0.00171936448626079,0.347338049637915
3.08,0.000300000000000001,0.00172101313761567,0.340355634788771
3.082,0.000322499999999998,0.00172345479279572,0.335369832161809
3.084,0.000345000000000001,0.00172699856016541,0.33342493010341
3.086,0.000367499999999998,0.00173198877828415,0.335656130639417
3.088,0.000390000000000001,0.00173866494049356,0.342871050133603
3.09,0.000412499999999998,0.00174733508368614,0.356045395344548
3.092,0.000440000000000001,0.0017583055010161,0.376120062110116
3.094,0.000467499999999998,0.00177161323766893,0.403185836573969
3.096,0.000495000000000001,0.00178736430055178,0.437507349131683
3.098,0.000522499999999998,0.00180570905859258,0.479438583072655
3.1,0.000550000000000002,0.00182662625026913,0.528785624147138
3.102,0.000582999999999998,0.0018500441078204,0.585184409390062
3.104,0.000616000000000002,0.00187592893548628,0.648348701545559
3.106,0.000648999999999998,0.00190423086943079,0.717891701008404
3.108,0.000682000000000002,0.00193464838916169,0.79276362330033
3.11,0.000714999999999998,0.00196717336282941,0.872594780597468
3.112,0.000754000000000002,0.00200149026440197,0.956196165555923
3.114,0.000792999999999998,0.00203732064016176,1.04246082176677
3.116,0.000832000000000003,0.00207438311016659,1.1302088643345
3.118,0.000870999999999999,0.00211234525909991,1.2181323313136
3.12,0.000910000000000003,0.00215088343278476,1.30490421083225
3.122,0.000955499999999998,0.00218965773689793,1.38928532709371
3.124,0.001001,0.00222833316648314,1.46982141688994
3.126,0.0010465,0.00226664810351849,1.54574958638262
3.128,0.001092,0.00230435346296973,1.61592576838397
3.13,0.0011375,0.00234123482504732,1.67942114390376
3.132,0.00119,0.00237721633352463,1.73606118755346
3.134,0.0012425,0.00241222591042036,1.78541152043095
3.136,0.001295,0.00244632311506635,1.82776957614837
3.138,0.0013475,0.00247955027655696,1.86303868759838
3.14,0.0014,0.00251205183198986,1.89171057158342
3.142,0.00146,0.0025440010789899,1.91426790733998
3.144,0.00152,0.00257562867156371,1.93180289174757
3.146,0.00158,0.0026071477082703,1.94459645797652
3.148,0.00164,0.00263886877758819,1.95383684982344
3.15,0.0017,0.00267110762620539,1.96063134621702
3.152,0.00176800000000001,0.00270416982934129,1.96610019272791
3.154,0.001836,0.00273847484496662,1.97139933211357
3.156,0.00190400000000001,0.00277427218609863,1.97765762386017
3.158,0.001972,0.00281191881107035,1.98596429216923
3.16,0.00204000000000001,0.00285188885397997,1.99764509777032
3.162,0.0021165,0.00289425597648556,2.01333176548927
3.164,0.00219300000000001,0.00293953800574529,2.03431766749773
3.166,0.0022695,0.00298801172005083,2.06144825679318
3.168,0.00234600000000001,0.00303955859538974,2.09465436120936
3.17,0.0024225,0.00309461265346177,2.1348610547892
3.172,0.00250800000000001,0.00315317800899289,2.182022593786
3.174,0.0025935,0.00321506857317004,2.23561353497024
3.176,0.00267900000000001,0.00328029285124288,2.29539954608949
3.178,0.0027645,0.00334874492565562,2.360834863881
3.18,0.00285000000000001,0.00342031775467094,2.43125300978437
3.182,0.002945,0.00349462500871163,2.50553549246035
3.184,0.00304000000000001,0.00357163198027011,2.58295805764717
3.186,0.003135,0.0036509346874705,2.66228717685299
3.188,0.00323000000000001,0.0037322998140191,2.74246506800083
3.19,0.003325,0.00381550251691033,2.82239219068002
3.192,0.00343000000000001,0.00390021786738352,2.90104660242058
3.194,0.003535,0.00398623587946531,2.97746512857255
3.196,0.00364000000000001,0.00407333025590521,3.0507131063642
3.198,0.003745,0.00416129124201455,3.11980763834671
3.2,0.00385000000000001,0.00424990187549803,3.18366771093468
3.202,0.003965,0.00433891614338641,3.24186162985655
3.204,0.00408000000000001,0.00442818324192852,3.29359687602772
3.206,0.004195,0.00451757340385823,3.33825229993936
3.208,0.00431000000000001,0.00460700232422185,3.37542038029879
3.21,0.004425,0.0046964467494673,3.40480578789102
3.212,0.00455000000000001,0.00478593537048884,3.42691556807889
3.214,0.004675,0.00487554361587343,3.44176842025263
3.216,0.00480000000000001,0.00496540145406347,3.44946612941516
3.218,0.004925,0.00505565935224039,3.45084537641321
3.22,0.00505000000000002,0.00514653582123613,3.44639237543529
3.222,0.005185,0.00523825367315388,3.4370844987358
3.224,0.00532000000000002,0.00533109701492962,3.42375005902835
3.226,0.005455,0.00542536959954845,3.4074458331326
3.228,0.00559000000000002,0.00552142463539513,3.38926561092851
3.23,0.005725,0.00561953960200995,3.37033917878325
3.232,0.00587000000000002,0.00572003308406867,3.35174349692886
3.234,0.006015,0.00582317228459137,3.33449620065037
3.236,0.00616000000000002,0.00592943463868527,3.31975587068374
3.238,0.006305,0.00603900562114153,3.30839906698686
3.24,0.00645000000000002,0.00615209819192587,3.30116719908735
3.242,0.006605,0.006269001226541,3.2987731224561
3.244,0.00676000000000002,0.00638978068192448,3.30152133784978
3.246,0.006915,0.00651444818493693,3.30950338525537
3.248,0.00707000000000002,0.00664319181960241,3.32292895231443
3.25,0.007225,0.00677582665025642,3.34140916806848
3.252,0.00739000000000002,0.00691243607274036,3.36480338133007
3.254,0.007555,0.00705283700293241,3.39251827837759
3.256,0.00772000000000002,0.00719669962548698,3.42374484379521
3.258,0.007885,0.00734414451421382,3.45793726729496
3.26,0.00805000000000002,0.0074945523671551,3.49376828454335
3.262,0.008225,0.00764780184448715,3.53014632871671
3.264,0.00840000000000003,0.00780338450024047,3.56578897054891
3.266,0.00857500000000001,0.00796104804881102,3.59931119050656
3.268,0.00875000000000003,0.00812035024530493,3.62951155699927
3.27,0.00892500000000001,0.00828094194785456,3.65531101193657
3.272,0.00911000000000003,0.00844255849918727,3.67516604434561
3.274,0.00929500000000001,0.00860484426648689,3.68853808565529
3.276,0.00948000000000003,0.00876759048444367,3.69420713156945
3.278,0.00966500000000001,0.00893057844141882,3.69184044512174
3.28,0.00985000000000003,0.00909367760884902,3.68134742173118
3.282,0.010046,0.00925681993970266,3.66217537405173
3.284,0.010242,0.00941998967287919,3.63458711100803
3.286,0.010438,0.00958322171746202,3.59896248414702
3.288,0.010634,0.00974660516703309,3.55546621149752
3.29,0.01083,0.00991026437580021,3.50492214745174
3.292,0.011038,0.0100743939788333,3.44787482318429
3.294,0.011246,0.0102392219170396,3.38554701160518
3.296,0.011454,0.0104050023789767,3.31909617835456
3.298,0.011662,0.0105720716838321,3.24973685369671
3.3,0.01187,0.0107407021711281,3.17887030500709
3.302,0.012091,0.0109113270615696,3.10783543766047
3.304,0.012312,0.0110842753560396,3.0380754146382
3.306,0.012533,0.0112598774192128,2.97091902897624
3.308,0.012754,0.0114383888792689,2.90751410459188
3.31,0.012975,0.0116203000646895,2.84932580896498
3.312,0.01321,0.011805959051066,2.79761082144887
3.314,0.013445,0.0119953988465942,2.75292389816038
3.316,0.01368,0.0121892504180006,2.71688400507981
3.318,0.013915,0.0123873925974953,2.68954356405068
3.32,0.01415,0.0125900606404339,2.67154361963912
3.322,0.0144,0.0127974512917279,2.66334185993724
3.324,0.01465,0.0130093711139027,2.66447802761355
3.326,0.0149,0.0132257358076236,2.67463195767751
3.328,0.01515,0.0134464801189056,2.69343887884409
3.33,0.0154,0.013671568406642,2.72050415108885
3.332,0.015666,0.0139008060281516,2.75503383256512
3.334,0.015932,0.0141337075875502,2.79574043973396
3.336,0.016198,0.0143704137690168,2.84235821146187
3.338,0.016464,0.014610632586284,2.89384440830876
3.34,0.01673,0.0148539602441398,2.9490744125876
3.342,0.017013,0.0151003011703837,3.00734683059981
3.344,0.017296,0.0153493728806114,3.06775798246109
3.346,0.017579,0.0156011339286175,3.12951573834635
3.348,0.017862,0.0158551636804724,3.19172532421888
3.35,0.018145,0.0161114258710206,3.25367802626307
3.352,0.018446,0.0163697156431193,3.31472483563429
3.354,0.018747,0.0166298372910441,3.37443119469222
3.356,0.019048,0.0168917467107999,3.43245865837832
3.358,0.019349,0.0171554050227888,3.48864221622302
3.36,0.01965,0.0174208264236375,3.54298084038518
3.362,0.01997,0.0176880906146797,3.59561978707039
3.364,0.02029,0.0179573211147157,3.64684861680351
3.366,0.02061,0.0182285792963302,3.69710081229903
3.368,0.02093,0.0185022320676337,3.74680636155485
3.37,0.02125,0.018778241710641,3.79656005988768
3.372,0.02159,0.0190569393904803,3.8469137549411
3.374,0.02193,0.0193386230618009,3.89855344448251
3.376,0.02227,0.0196234929545681,3.95215699803128
3.378,0.02261,0.0199118175952025,4.00846186149642
3.38,0.02295,0.0202039340350208,4.06829313481477
3.382,0.023311,0.0205001634472961,4.13249907999013
3.384,0.023672,0.020800754649216,4.20184286226259
3.386,0.024033,0.0211060438956218,4.27712494274539
3.388,0.024394,0.0214161936550356,4.35885315796809
3.39,0.024755,0.0217317014044977,4.44791302777505
3.392,0.025138,0.0220525938972989,4.54445180705888
3.394,0.025521,0.0223789283397281,4.64854789887161
3.396,0.025904,0.0227108993496957,4.76035845993297
3.398,0.026287,0.0230486847716189,4.87986300150163
3.4,0.02667,0.023391950356789,5.00624349012946
3.402,0.027076,0.0237407451759375,5.13907109632705
3.404,0.027482,0.0240951516192282,5.27770774285207
3.406,0.027888,0.0244544060112885,5.42065165415387
3.408,0.028294,0.0248188547994691,5.56718692551773
3.41,0.0287,0.025188045774626,5.71569741810179
3.412,0.02913,0.0255613598911038,5.86466617914431
3.414,0.02956,0.0259387755690055,6.01260618305191
3.416,0.02999,0.0263197078999134,6.15820138346431
3.418,0.0304200000000001,0.026704063455213,6.30003257437463
3.42,0.03085,0.0270914865703549,6.4370646544141
3.422,0.0313050000000001,0.0274818652970608,6.56806882731653
3.424,0.03176,0.0278749040433313,6.69260444712895
3.426,0.032215,0.0282706979135933,6.80961828173906
3.428,0.03267,0.0286690318611269,6.91927390550898
3.43,0.033125,0.0290699419797064,7.02144985674264
3.432,0.033606,0.0294735421692164,7.11611937154263
3.434,0.034087,0.0298799960535814,7.20348085089157
3.436,0.034568,0.0302893545126955,7.28422984484588
3.438,0.0350490000000001,0.0307018881493039,7.35871335707581
3.44,0.03553,0.0311176795773387,7.42779064250683
3.442,0.0360380000000001,0.0315371715056865,7.49187193070934
3.444,0.036546,0.0319606235485513,7.55192536909238
3.446,0.0370540000000001,0.0323882225852731,7.60902670125861
3.448,0.037562,0.0328203646921463,7.66416226671015
3.45,0.03807,0.0332574728334373,7.71842654864676
3.452,0.038606,0.0336997566566359,7.77291177801612
3.454,0.0391420000000001,0.0341475836732631,7.82865552006006
3.456,0.039678,0.0346013339159958,7.88669601234389
3.458,0.0402140000000001,0.0350612413575844,7.94794769343291
3.46,0.04075,0.0355278338825434,8.01338461580974
3.462,0.0413150000000001,0.0360012672259891,8.08361723642662
3.464,0.04188,0.0364816928566796,8.15903077198532
3.466,0.0424450000000001,0.0369690848250459,8.2396812480801
3.468,0.04301,0.0374639285096625,8.32581761256537
3.47,0.0435750000000001,0.0379657139247502,8.41680694767476
3.472,0.04417,0.0384744898843535,8.512337376213
3.474,0.0447650000000001,0.0389906549631571,8.61216370865635
3.476,0.04536,0.0395135401189818,8.7153707253
3.478,0.0459550000000001,0.0400434629997737,8.82147556679642
3.48,0.04655,0.0405802044163726,8.92961894651209
3.482,0.0471750000000001,0.0411232778019851,9.03882177192153
3.484,0.0478,0.0416727166919119,9.14815595008408
3.486,0.0484250000000001,0.0422281343476298,9.25661844538382
3.488,0.04905,0.0427895323973551,9.36306373018101
3.49,0.0496750000000001,0.0433562913539992,9.46660820759146
3.492,0.05033,0.0439283163749802,9.56615981164839
3.494,0.0509850000000001,0.0445054637261518,9.66051342540609
3.496,0.05164,0.045087444809047,9.748546359206
3.498,0.0522950000000001,0.0456739787089336,9.82910357272862
3.5,0.0529500000000001,0.0462645457753072,9.90183793640289
3.502,0.0536350000000001,0.0468593898238238,9.96504537268042
3.504,0.05432,0.047458182413588,10.0185515991218
3.506,0.0550050000000001,0.048061042322622,10.0616135487418
3.508,0.05569,0.0486677675910406,10.0947958566823
3.51,0.0563750000000001,0.049278451463946,10.1182673930216
3.512,0.05709,0.0498935857781854,10.1316839404069
3.514,0.0578050000000001,0.0505129363869895,10.1366078010048
3.516,0.05852,0.0511370310960821,10.1332649917977
3.518,0.0592350000000001,0.051766082885219,10.1228179677225
3.52,0.0599500000000001,0.0524003671724285,10.1064719669925
3.522,0.0606950000000001,0.0530402711862268,10.0853538700126
3.524,0.06144,0.0536858936676947,10.0608230214243
3.526,0.0621850000000001,0.0543377895347066,10.0339253611793
3.528,0.06293,0.0549961944441445,10.0058276155756
3.53,0.0636750000000001,0.0556615923741559,9.97765757252438
3.532,0.06445,0.0563336911962141,9.95030739603359
3.534,0.0652250000000001,0.05701332160515,9.92469430655355
3.536,0.066,0.0577007019093902,9.90159715471766
3.538,0.0667750000000002,0.0583954913798287,9.88136128019323
3.54,0.0675500000000001,0.0590982145140544,9.86448748286193
3.542,0.0683550000000002,0.0598089327501636,9.85114995634741
3.544,0.0691600000000001,0.0605274171466579,9.84121840507228
3.546,0.0699650000000001,0.0612537309679994,9.83454977739454
3.548,0.07077,0.0619876674851034,9.83077163430647
3.55,0.0715750000000001,0.062729443189428,9.82951168388361
3.552,0.07241,0.0634788131160403,9.83006734297287
3.554,0.0732450000000001,0.0642354170343619,9.83160203710498
3.556,0.0740800000000001,0.0649989422441401,9.83327891317424
3.558,0.0749150000000002,0.0657693258797648,9.83412147098702
3.56,0.0757500000000001,0.066546295011411,9.83309500216548
3.562,0.0766155000000002,0.0673294566228241,9.82926936654043
3.564,0.0774810000000001,0.0681188308250033,9.82147312610262
3.566,0.0783465000000002,0.0689136301028595,9.8091713821069
3.568,0.079212,0.069713778502634,9.79156601581239
3.57,0.0800775000000001,0.0705192899960202,9.76773728813196
3.572,0.080974,0.0713298118617063,9.73735789774757
3.574,0.0818705000000002,0.0721450240321401,9.70035754608186
3.576,0.0827670000000001,0.0729650441422322,9.65624300575336
3.578,0.0836635000000002,0.0737895357410814,9.60543680214186
3.58,0.0845600000000001,0.0746186932979247,9.54784421815469
3.582,0.0854880000000002,0.0754523541415503,9.48411402312898
3.584,0.0864160000000001,0.0762909386104416,9.41435940509881
3.586,0.087344,0.0771340447068224,9.33988035817721
3.588,0.0882720000000001,0.0779821485577084,9.26114238997744
3.59,0.0892,0.0788356552012592,9.17915433345376
3.592,0.0901600000000001,0.0796944710795522,9.09530720535635
3.594,0.09112,0.0805589158198158,9.01077802968805
3.596,0.0920800000000001,0.0814294697666565,8.92689795795006
3.598,0.09304,0.0823064146820597,8.84503677620557
3.6,0.0940000000000001,0.0831899715451224,8.76643129415754
3.602,0.0949925,0.0840804583389927,8.69231064118865
3.604,0.0959850000000001,0.0849781925653035,8.62384976492987
3.606,0.0969775,0.0858835522382483,8.56222369460391
3.608,0.0979700000000001,0.0867967061258807,8.50828216035825
3.61,0.0989625,0.087718003208621,8.46292000235954
3.612,0.0999880000000001,0.088647737486578,8.42685723610681
3.614,0.1010135,0.0895854098413735,8.39972245232113
3.616,0.102039,0.0905316401096989,8.38223992474633
3.618,0.1030645,0.0914860396804986,8.37384563060008
3.62,0.10409,0.0924488196534045,8.37452355095715
3.622,0.105149,0.0934196522299637,8.38357645468295
3.624,0.106208,0.0943984847587153,8.40053515011876
3.626,0.107267,0.0953853131880667,8.42489560471983
3.628,0.108326,0.0963798522637258,8.45586344932754
3.63,0.109385,0.0973819277905886,8.49276362561977
3.632,0.110478,0.0983918311689137,8.53518441656349
3.634,0.111571,0.0994089174478371,8.58202026031579
3.636,0.112664,0.100433202994974,8.63260573201811
3.638,0.113757,0.101464373401229,8.68603945269136
3.64,0.11485,0.102502719910787,8.74151854521759
3.642,0.1159775,0.103547139447876,8.79790710968649
3.644,0.117105,0.104598126948183,8.85442481551076
3.646,0.1182325,0.105655230197658,8.91021788348476
3.648,0.11936,0.106718356259191,8.96456278872954
3.65,0.1204875,0.107787111135747,9.01700352178261
3.652,0.12165,0.108861482238749,9.067177545511
3.654,0.1228125,0.109941395516604,9.11492568783477
3.656,0.123975,0.111026844642841,9.16026979535698
3.658,0.1251375,0.112117960641856,9.20338751986887
3.66,0.1263,0.113214591699586,9.24471235030438
3.662,0.127498,0.114317248992452,9.28460327337209
3.664,0.128696,0.115425859894974,9.32369376468492
3.666,0.129894,0.116540868065315,9.36258274284393
3.668,0.131092,0.11766222422533,9.40191415402711
3.67,0.13229,0.11879057194274,9.44242436153875
3.672,0.133524,0.119925876890033,9.48477451532738
3.674,0.134758,0.121068595878466,9.52975830211169
3.676,0.135992,0.122219090444149,9.57822407075724
3.678,0.137226,0.123377589433132,9.6309114365951
3.68,0.13846,0.124544499571827,9.68858102867094
3.682,0.1397305,0.125720240731529,9.75193085580161
3.684,0.141001,0.12690430852186,9.82089658803507
3.686,0.1422715,0.128097358164006,9.89607211465367
3.688,0.143542,0.129299520407399,9.97755517739027
3.69,0.1448125,0.130510289884994,10.0648439635501
3.692,0.14612,0.131729883023409,10.1577659970888
3.694,0.1474275,0.132958570227406,10.2559295884717
3.696,0.148735,0.134195515023322,10.3581958738669
3.698,0.1500425,0.135440707657667,10.4638387234029
3.7,0.15135,0.13669433178138,10.5719863941794
3.702,0.152695,0.137955755039428,10.6815417135103
3.704,0.15404,0.139225166216338,10.7914381027302
3.706,0.155385,0.140502050554619,10.9006364734413
3.708,0.15673,0.141786492125706,11.0080190128297
3.71,0.158075,0.143077906262006,11.1127117560973
3.712,0.159458,0.144376218925423,11.2138249838185
3.714,0.160841,0.145681445978223,11.3103902685431
3.716,0.162224,0.146993326021369,11.4016556731954
3.718,0.163607,0.148311830320092,11.4866904408065
3.72,0.16499,0.149636454285906,11.5651950226575
3.722,0.1664115,0.15096739355045,11.6362237895087
3.724,0.167833,0.152304526286634,11.6993039092791
3.726,0.1692545,0.153647459012088,11.7545578777049
3.728,0.170676,0.15499628611195,11.8016499730248
3.73,0.1720975,0.156351322764848,11.8401410336005
3.732,0.173558,0.157712034106845,11.8709814154032
3.734,0.1750185,0.159079045927613,11.8937799072149
3.736,0.176479,0.160452037111484,11.9095990247443
3.738,0.1779395,0.16183154545156,11.9186947832208
3.74,0.1794,0.163217798466365,11.9220454653614
3.742,0.1809,0.164610591957687,11.9210461640635
3.744,0.1824,0.166010529215683,11.9165858544423
3.746,0.1839,0.167418035527765,11.9099045357374
3.748,0.1854,0.168833255711701,11.90232172291
3.75,0.1869,0.170256588715471,11.8950390031294
3.752,0.18844,0.171688458539012,11.8892784470968
3.754,0.18998,0.173129419361056,11.8862993687536
3.756,0.19152,0.174578980420858,11.8868219869158
3.758,0.19306,0.176038355232467,11.8921279313174
3.76,0.1946,0.177507317433794,11.9026980694931
3.762,0.19618,0.178986029615047,11.9189792637189
3.764,0.19776,0.180474949155607,11.941411382362
3.766,0.19934,0.181973633992064,11.9697175932953
3.768,0.20092,0.183482444184694,12.003964849936
3.77,0.2025,0.185001565404598,12.0439651528059
3.772,0.20412,0.186530469040037,12.089023839827
3.774,0.20574,0.188068986870723,12.1385557692149
3.776,0.20736,0.18961757841197,12.1920389174486
3.778,0.20898,0.191175609651044,12.248277399323
3.78,0.2106,0.192742252220454,12.3060960603959
3.782,0.21226,0.194317882212942,12.3644080973105
3.784,0.21392,0.195902026688397,12.4218330582478
3.786,0.21558,0.197494004314287,12.4771443000352
3.788,0.21724,0.199093581910872,12.5290868938371
3.79,0.2189,0.200700270573665,12.5765912451173
3.792,0.2206,0.202314375424215,12.6179509098264
3.794,0.2223,0.203934730907174,12.6530031300588
3.796,0.224,0.20556172514782,12.6803464635869
3.798,0.2257,0.20719519463367,12.6992951500886
3.8,0.2274,0.208834439916002,12.7103630242561
3.802,0.22914,0.210480113086451,12.7125262619972
3.804,0.23088,0.2121317384408,12.7065942231318
3.806,0.23262,0.213789779501572,12.6923501320737
3.808,0.23436,0.2154540020293,12.6706696670705
3.81,0.2361,0.21712494316778,12.6417245921048
3.812,0.23788,0.218802110064623,12.6068475800018
3.814,0.23966,0.220486346566481,12.5662867667174
3.816,0.24144,0.222177783609359,12.5212086629386
3.818,0.24322,0.223876316521872,12.4728634149286
3.82,0.245,0.225582730548969,12.4222046028127
3.822,0.24682,0.227296798179527,12.3705142508338
3.824,0.24864,0.229019023248786,12.3188579569354
3.826,0.25046,0.230749865477927,12.2684084553327
3.828,0.252280000000001,0.232489863000695,12.2204235250463
3.83,0.2541,0.234238453728005,12.1756882336036
3.832,0.255960000000001,0.235996702766318,12.1354431593299
3.834,0.25782,0.237764662942895,12.100471834751
3.836,0.259680000000001,0.239542559742793,12.0714300869111
3.838,0.26154,0.241330415235733,12.0486386067839
3.84,0.2634,0.24312866936009,12.0324721303183
3.842,0.2653,0.2449366945834,12.0224255291853
3.844,0.2672,0.246754722417439,12.0183790633651
3.846,0.2691,0.248582677216551,12.0198771627367
3.848,0.271,0.250420630932145,12.0264181521336
3.85,0.2729,0.252268317062961,12.037204169715
3.852,0.27484,0.25412575775647,12.0514677140272
3.854,0.27678,0.255992037793208,12.0681629606087
3.856,0.27872,0.257867779468423,12.0866115879165
3.858,0.28066,0.259752429749584,12.1057860525452
3.86,0.2826,0.26164576922469,12.124774024613
3.862,0.28458,0.263547564486942,12.1426440261969
3.864,0.28656,0.265457495032372,12.1584953012797
3.866,0.28854,0.267375715009585,12.1711849568915
3.868,0.29052,0.269301276805742,12.1801658451472
3.87,0.2925,0.271234283585132,12.1845181797115
3.872,0.29452,0.273174821456603,12.1832913270141
3.874,0.29654,0.275122203086197,12.1763543315131
3.876,0.29856,0.277076665592491,12.1630615600491
3.878,0.30058,0.279037636391661,12.1437414342665
3.88,0.3026,0.281005467814747,12.1181584760195
3.882,0.30466,0.282980079719061,12.0867360559515
3.884,0.30672,0.284961547910848,12.0499670742424
3.886,0.30878,0.286950010134659,12.0084580315039
3.888,0.31084,0.288945644995244,11.9629463365493
3.89,0.3129,0.290948686702313,11.9142990673705
3.892,0.315,0.292959287956792,11.8634789470159
3.894,0.3171,0.294978008428869,11.8114926886101
3.896,0.3192,0.297004667390639,11.7594490145278
3.898,0.3213,0.299039734806117,11.7083483516599
3.9,0.3234,0.301083291136784,11.6591444192896
3.902,0.32554,0.303136329801529,11.6130686654483
3.904,0.32768,0.305198324204458,11.5707412019683
3.906,0.32982,0.307269474510074,11.5328308066125
3.908,0.33196,0.309350566576269,11.500248872446
3.91,0.3341,0.311441497831343,11.4733299562386
3.912,0.33628,0.313541896695459,11.4520847734052
3.914,0.33846,0.315652280243135,11.4369392115314
3.916,0.34064,0.31777212661325,11.4275692255163
3.918,0.34282,0.319902101487027,11.424232511434
3.92,0.345,0.322041419783093,11.4262028488287
3.922,0.34722,0.324190262122717,11.4332167789584
3.924,0.34944,0.326348696976568,11.4448100054088
3.926,0.35166,0.328516243976787,11.4601642249974
3.928,0.35388,0.330692999635788,11.4786392871548
3.93,0.3561,0.332878678971021,11.499398695981
3.932,0.35836,0.335073412637562,11.5215942636321
3.934,0.36062,0.337276455935361,11.5442584941783
3.936,0.36288,0.339487819548282,11.5665040922602
3.938,0.36514,0.341707528629085,11.587326501364
3.94,0.3674,0.34393480897184,11.6059436209547
3.942,0.3697,0.346169810517944,11.6214602852866
3.944,0.372,0.348412512197099,11.6330633769134
3.946,0.3743,0.350662370099047,11.6403883075218
3.948,0.3766,0.352919251702407,11.6430466668343
3.95,0.3789,0.35518300466632,11.6408114408712
3.952,0.38124,0.357453496031905,11.6336017250008
3.954,0.38358,0.359730641693188,11.621481950066
3.956,0.38592,0.362014529040901,11.6045854919463
3.958,0.38826,0.364304865176674,11.5834782265159
3.96,0.3906,0.366601991151736,11.5584260508028
3.962,0.392980000000001,0.368906180765591,11.5299732699365
3.964,0.39536,0.371217376784022,11.4989680820303
3.966,0.39774,0.37353560271277,11.4662534686034
3.968,0.40012,0.375861621811585,11.4326924002783
3.97,0.4025,0.378195225360779,11.3993553328803
3.972,0.40492,0.380536797322461,11.3672354312935
3.974,0.40734,0.38288663466163,11.3373770481838
3.976,0.40976,0.38524530143946,11.3109520529808
3.978,0.412180000000001,0.387612763077428,11.2888557402115
3.98,0.4146,0.389989276298511,11.271936646575
3.982,0.417060000000001,0.392375291488427,11.2610701829328
3.984,0.41952,0.394771165895066,11.2569727545302
3.986,0.42198,0.397176520902894,11.2596643356253
3.988,0.42444,0.399591406253986,11.2692847427725
3.99,0.4269,0.40201612635175,11.2859970946027
3.992,0.429399524361294,0.4044507402427,11.3095944946061
3.994,0.431899048722589,0.406894611788384,11.3392724326463
3.996,0.434398573083882,0.409347884756059,11.3746697131544
3.998,0.436898097445177,0.411810424662846,11.4151711356955
4,0.43939762180647,0.414282247048875,11.4601636449714
4.002,0.4419361960728,0.416763448363387,11.5089429585322
4.004,0.44447477033913,0.419253053827725,11.5604438625428
4.006,0.44701334460546,0.421751758506329,11.6140907493161
4.008,0.449551918871789,0.42425897132961,11.668844344908
4.01,0.452090493138118,0.426774407451338,11.7238003548172
4.012,0.454667644152739,0.42929784258299,11.7780210305681
4.014,0.457244795167358,0.43182907614588,11.8305154455449
4.016,0.459821946181978,0.434368311727636,11.8800302958436
4.018,0.462399097196597,0.436914284642209,11.9259930414419
4.02,0.464976248211218,0.439467600955457,11.9670103034279
4.022,0.467591504251833,0.442027661946398,12.0024681003842
4.024,0.470206760292448,0.44459455838447,12.0313903895742
4.026,0.472822016333063,0.447167552406062,12.0539031649732
4.028,0.475437272373679,0.44974684318491,12.0694413136195
4.03,0.478052528414294,0.452332532532209,12.0777800403683
4.032,0.480705419349625,0.454924274567553,12.0794873928466
4.034,0.483358310284955,0.457522270421935,12.074743294667
4.036,0.486011201220286,0.460126498266382,12.0641300094966
4.038,0.488664092155617,0.462737536201509,12.0478980597145
4.04,0.491316983090947,0.465355218372643,12.0270645423732
4.042,0.494007040563694,0.467979509723505,12.0024629455395
4.044,0.496697098036442,0.470611166939493,11.9746102492547
4.046,0.499387155509189,0.47325023376623,11.944492704296
4.048,0.502077212981936,0.475896987052637,11.9129915977616
4.05,0.504767270454683,0.478551479470179,11.8809825239394
4.052,0.507494028097043,0.481214345263456,11.8493413723743
4.054,0.510220785739402,0.483885736617102,11.8189574515926
4.056,0.512947543381761,0.486565861743909,11.7905774093522
4.058,0.51567430102412,0.489254933177998,11.764847871168
4.06,0.518401058666481,0.491953228597323,11.7423309464812
4.062,0.521164052356195,0.494660709672585,11.7233469011108
4.064,0.523927046045908,0.497377324726139,11.708065639394
4.066,0.526690039735622,0.500103224674763,11.696600881008
4.068,0.529453033425337,0.502838697619381,11.6889535490158
4.07,0.532216027115051,0.505583133827695,11.6846200202722
4.072,0.535014795282544,0.508336691318688,11.6832701818397
4.074,0.537813563450036,0.511099209239243,11.6843474561239
4.076,0.54061233161753,0.513870654684526,11.6872054559276
4.078,0.543411099785023,0.516651249167689,11.6910434675444
4.08,0.546209867952515,0.519439628934542,11.6949749906822
4.082,0.549043951953216,0.52223656619123,11.6981400182498
4.084,0.551878035953918,0.525041620877156,11.6995379238979
4.086,0.554712119954619,0.527854568239457,11.6981799568695
4.088,0.557546203955319,0.530675048330215,11.6931326553325
4.09,0.56038028795602,0.533502614893721,11.6835719135259
4.092,0.56324923252704,0.536337421765789,11.6682011596467
4.094,0.566118177098059,0.539179029566056,11.6461500059414
4.096,0.568987121669078,0.542026856818211,11.6169874784293
4.098,0.571856066240098,0.54488100221488,11.5796141169237
4.1,0.574725010811117,0.54774103794973,11.533787194223
4.102,0.577628364638768,0.55060690808491,11.4790293674413
4.104,0.580531718466417,0.553478248326545,11.4156418035381
4.106,0.583435072294067,0.556355273015926,11.3433602285733
4.108,0.586338426121716,0.55923778606435,11.2628856124325
4.11,0.589241779949367,0.562126044238236,11.1745334052497
4.112,0.592179096384825,0.565019764137939,11.0795785712974
4.114,0.595116412820282,0.56791948314865,10.9784995972524
4.116,0.59805372925574,0.570825490712494,10.872465544791
4.118,0.600991045691198,0.573737545288454,10.7631025342505
4.12,0.603928362126656,0.576656243253908,10.6515369822839
4.122,0.606899200103351,0.57958195475394,10.5392285375983
4.124,0.609870038080046,0.582514618947846,10.4275496658152
4.126,0.612840876056742,0.585454725448587,10.3177856204337
4.128,0.615811714033437,0.58840259726137,10.2112046186832
4.13,0.618782552010132,0.591358722352912,10.1091253625499
4.132,0.621786477241484,0.594322887774128,10.0123177149029
4.134,0.624790402472837,0.597295247417797,9.92151139806794
4.136,0.627794327704189,0.600276732239331,9.83797639495944
4.138,0.630798252935541,0.603266464261797,9.76133050986109
4.14,0.633802178166893,0.606265105346042,9.69226103402924
4.142,0.636838764742358,0.609272755817403,9.6308117127376
4.144,0.639875351317822,0.612288795033185,9.57626852619002
4.146,0.642911937893285,0.615313361876073,9.52844831281221
4.148,0.645948524468749,0.618346489345559,9.4869698760605
4.15,0.648985111044214,0.621387996641531,9.4512020703546
4.152,0.652053943604413,0.62443781723114,9.4204998077732
4.154,0.655122776164612,0.627495273242699,9.39385236252475
4.156,0.658191608724812,0.630560522582796,9.37068190672061
4.158,0.661260441285012,0.63363355034872,9.35015588293671
4.16,0.664329273845212,0.636713595019964,9.33122614623781
4.162,0.667429950618163,0.639800608069165,9.31305052209547
4.164,0.670530627391114,0.64289417407628,9.29471176048733
4.166,0.673631304164066,0.645994343919649,9.27521137555648
4.168,0.676731980937017,0.649100710387965,9.25361097772286
4.17,0.679832657709968,0.652212791144902,9.22924173848127
4.172,0.682964794850998,0.655330640840408,9.20129970557504
4.174,0.686096931992031,0.658453616838029,9.16963984501283
4.176,0.689229069133061,0.661581883152661,9.13376667468122
4.178,0.692361206274092,0.664715160550282,9.09371748073735
4.18,0.695493343415123,0.667853699078452,9.04933104277494
4.182,0.698656581328688,0.670997100677137,9.00117910212633
4.184,0.701819819242252,0.674145562979365,8.94950726239338
4.186,0.704983057155815,0.677299167758847,8.89479820072065
4.188,0.708146295069379,0.6804581093549,8.83764048274773
4.19,0.711309532982944,0.68362251129396,8.77882645521532
4.192,0.714503545555957,0.686792356805182,8.71922584481206
4.194,0.71769755812897,0.689968124314947,8.65974091661434
4.196,0.720891570701983,0.693150120401221,8.60144840812493
4.198,0.724085583274997,0.696338254798125,8.54524609444727
4.2,0.72727959584801,0.699532962741881,8.49216046341207
4.202,0.73050410338166,0.702734741621928,8.44333670288107
4.204,0.733728610915309,0.705943569013118,8.3995654870585
4.206,0.73695311844896,0.709159738221526,8.36170518515525
4.208,0.74017762598261,0.712383573317224,8.33057461409321
4.21,0.74340213351626,0.715615370421853,8.30688581530273
4.212,0.746656918165458,0.718855310735633,8.29109894462245
4.214,0.749911702814657,0.722103044401766,8.28298750093923
4.216,0.753166487463855,0.725359171463781,8.28309259171532
4.218,0.756421272113053,0.72862315502077,8.29067286381997
4.22,0.759676056762252,0.73189511117856,8.3054821309023
4.222,0.762960973369954,0.73517525270672,8.32717243668218
4.224,0.766245889977656,0.738462610742452,8.35435623296338
4.226,0.769530806585357,0.741757846978031,8.3867816222671
4.228,0.772815723193058,0.745060112626821,8.42304923336748
4.23,0.776100639800761,0.748369564500278,8.46231393169907
4.232,0.779415610082711,0.751685659437207,8.50336901847317
4.234,0.782730580364661,0.755008216454931,8.54515124441627
4.236,0.786045550646612,0.758336763496399,8.58663593585946
4.238,0.789360520928563,0.761671269990411,8.62677769726997
4.24,0.792675491210514,0.765011537610085,8.66445041407882
4.242,0.796020481049512,0.768356825149144,8.69891435940352
4.244,0.799365470888509,0.771707088182722,8.72924485694844
4.246,0.802710460727509,0.775062344525838,8.75434835720277
4.248,0.806055450566507,0.778421938296985,8.77408183787433
4.25,0.809400440405504,0.781785923678564,8.78776175167958
4.252,0.812775436988185,0.785154030006123,8.79536030863943
4.254,0.816150433570868,0.788526372297107,8.79657198590596
4.256,0.819525430153548,0.791902842712832,8.79170965888195
4.258,0.822900426736229,0.795283484667608,8.78109866341308
4.26,0.82627542331891,0.798668492009126,8.76512950128929
4.262,0.829680422176355,0.802057879634914,8.74460238143815
4.264,0.833085421033799,0.805451929332598,8.72027885651664
4.266,0.836490419891242,0.808850954409281,8.69317074285671
4.268,0.839895418748686,0.812254965211747,8.66448748001368
4.27,0.843300417606131,0.815664465239538,8.6353129858234
4.272,0.84673446594748,0.819079744027725,8.60686091562369
4.274,0.850168514288829,0.822501121506626,8.5802892989873
4.276,0.853602562630179,0.825928728751016,8.55661632553024
4.278,0.857036610971529,0.829363208959819,8.53708331396973
4.28,0.860470659312879,0.832804556413789,8.52244991974238
4.282,0.863932807718415,0.836253242965477,8.51365470903719
4.284,0.867394956123951,0.839709618070438,8.51142519608634
4.286,0.870857104529489,0.843173310593239,8.51566310628132
4.288,0.874319252935025,0.84664483380102,8.5268906724164
4.29,0.877781401340562,0.85012420796611,8.5450405888954
4.292,0.881270703327422,0.853611487279923,8.5699433407096
4.294,0.884760005314284,0.857106426034759,8.60108031360037
4.296,0.888249307301145,0.860609430987866,8.63830845146412
4.298,0.891738609288006,0.864119860686745,8.68059161142491
4.3,0.895227911274866,0.867637554756153,8.72718422770493
4.302,0.898743423341971,0.871162790451516,8.77730514668577
4.304,0.902258935409074,0.874694668538974,8.82945830688646
4.306,0.905774447476177,0.878233053301479,8.88241055295167
4.308,0.909289959543281,0.881777465397182,8.93478941763258
4.31,0.912805471610385,0.885327701090807,8.98511724017376
4.312,0.916346253476337,0.888883112615992,9.03219394118466
4.314,0.919887035342289,0.892443436078259,9.07476288976718
4.316,0.92342781720824,0.896008342575107,9.11166342208278
4.318,0.926968599074193,0.89957757349178,9.14171891829725
4.32,0.930509380940145,0.903150905971922,9.16373746262445
4.322,0.934074495884069,0.906727820702126,9.17741247441401
4.324,0.937639610827993,0.910308286688309,9.18169198915312
4.326,0.941204725771919,0.91389218583409,9.17590849304709
4.328,0.944769840715844,0.917479358027524,9.15993990308678
4.33,0.948334955659768,0.92106974714932,9.13378814940538
4.332,0.951923470943963,0.924663382015028,9.09752149510574
4.334,0.955511986228161,0.928260311732487,9.05144932208577
4.336,0.959100501512356,0.931860636946257,8.99599983187894
4.338,0.962689016796552,0.935464522267925,8.93176849337142
4.34,0.966277532080748,0.939072037394552,8.85983286942995
4.342,0.969888519460003,0.942683424580295,8.78108192884984
4.344,0.973499506839256,0.946298981215896,8.69659229768129
4.346,0.977110494218509,0.949918966395128,8.60761984614814
4.348,0.980721481597762,0.953543640361257,8.5154506423046
4.35,0.984332468977017,0.957173278436316,8.42131105429124
4.352,0.987965005311944,0.960808094834736,8.32640146336526
4.354,0.991597541646871,0.964448748245713,8.23195411683269
4.356,0.995230077981799,0.968095218875937,8.13904217698237
4.358,0.998862614316726,0.971747956816834,8.04869330752368
4.36,1.00249515065165,0.975407226105935,7.96174181447361
4.362,1.00614831865304,0.979072817908788,7.87851356160062
4.364,1.00980148665442,0.982745209176408,7.79952972315268
4.366,1.0134546546558,0.986424351958231,7.72479984497783
4.368,1.01710782265718,0.990110121911791,7.65409736458391
4.37,1.02076099065857,0.993802321293611,7.587021340538
4.372,1.0244338798006,0.997501229585095,7.52327613274866
4.374,1.02810676894263,1.00120610675857,7.4619659089578
4.376,1.03177965808466,1.00491721848094,7.40253704214911
4.378,1.0354525472267,1.00863416513134,7.34399000764843
4.38,1.03912543636873,1.01235667647156,7.28528843826561
4.382,1.04281714402403,1.01608419958777,7.22538676776514
4.384,1.04650885167932,1.01981667107938,7.16305641992416
4.386,1.05020055933462,1.02355346942924,7.0973451625096
4.388,1.05389226698992,1.0272942711748,7.02724258782204
4.39,1.05758397464522,1.03103880794658,6.95163203257688
4.392,1.06129360751613,1.03478668556848,6.8697623373393
4.394,1.06500324038705,1.03853767832878,6.78080621017058
4.396,1.06871287325796,1.04229139305079,6.68465981484836
4.398,1.07242250612888,1.046047744317,6.58084403517219
4.4,1.07613213899979,1.04980655463966,6.46949186307508
4.402,1.07985881495318,1.0535676912861,6.35100533015957
4.404,1.08358549090657,1.05733118972819,6.2256121796118
4.406,1.08731216685996,1.06109707684271,6.09384255854075
4.408,1.09103884281335,1.06486525279984,5.95673062335477
4.41,1.09476551876674,1.06863591139877,5.81476820038085
4.412,1.09850836922945,1.07240919063334,5.66889699488569
4.414,1.10225121969215,1.07618527999378,5.52027588537691
4.416,1.10599407015486,1.07996423617151,5.37019130075986
4.418,1.10973692061756,1.08374643735722,5.21984946357051
4.42,1.11347977108027,1.08753215185048,5.07061462997254
4.422,1.11723794423119,1.09132144727553,4.92364590971829
4.424,1.12099611738212,1.09511476385261,4.7802564402753
4.426,1.12475429053305,1.09891228404588,4.64152889356114
4.428,1.12851246368398,1.10271440000724,4.50874507057873
4.43,1.13227063683491,1.10652087397382,4.38215135224629
4.432,1.13604330195531,1.11033246967248,4.26335233382462
4.434,1.1398159670757,1.11414895529849,4.15233810855743
4.436,1.1435886321961,1.11797048302321,4.04953513908951
4.438,1.1473612973165,1.12179720057191,3.95524227419659
4.44,1.1511339624369,1.12562884572936,3.86897236953437
4.442,1.1549203159828,1.12946549167785,3.79069720587115
4.444,1.15870666952871,1.13330708727777,3.72010258650094
4.446,1.16249302307461,1.13715339167603,3.65651208508477
4.448,1.16627937662051,1.14100429149984,3.59937749954322
4.45,1.17006573016641,1.1448595139908,3.54787286389063
4.452,1.17386500444848,1.14871893010357,3.50131708382757
4.454,1.17766427873054,1.15258216971231,3.45869313068027
4.456,1.1814635530126,1.15644899324773,3.41909392183981
4.458,1.18526282729466,1.16031907778366,3.38154011998627
4.46,1.18906210157672,1.16419210780543,3.34503787905614
4.462,1.19287357740385,1.16806784416761,3.30855177575927
4.464,1.19668505323098,1.17194571932922,3.27115452135262
4.466,1.20049652905811,1.17582556643076,3.23197986138382
4.468,1.20430800488524,1.17970713954492,3.19012465019074
4.47,1.20811948071237,1.18359004573497,3.14526573022376
4.472,1.21194250585839,1.18747417571195,3.09678305197616
4.474,1.21576553100442,1.19135930635128,3.04469679901531
4.476,1.21958855615045,1.19524536400762,2.98896923583037
4.478,1.22341158129647,1.19913232243364,2.92978158343247
4.48,1.2272346064425,1.20302019708529,2.86752583341127
4.482,1.2310686215098,1.20690905919197,2.80271676538332
4.484,1.2349026365771,1.21079893294186,2.73613834637545
4.486,1.2387366516444,1.21469005970896,2.66844117253978
4.488,1.2425706667117,1.21858252239915,2.60058636264079
4.49,1.246404681779,1.22247663131004,2.5335810758719
4.492,1.25024925107739,1.22637258252252,2.46846384905995
4.494,1.25409382037579,1.23027057997674,2.40619068225956
4.496,1.25793838967419,1.23417095214285,2.34786722225293
4.498,1.26178295897259,1.23807397824035,2.29452051867155
4.5,1.26562752827098,1.24197990712849,2.2470780449503
4.502,1.26948236148639,1.24588905953803,2.20653577435457
4.504,1.27333719470179,1.24980171473808,2.17373379749931
4.506,1.27719202791719,1.25371793789344,2.14894041774207
4.508,1.2810468611326,1.25763787186606,2.13249496854999
4.51,1.284901694348,1.2615616645475,2.12466059983566
4.512,1.2887666349119,1.2654894602614,2.12558643983794
4.514,1.2926315754758,1.26942100173398,2.13446638832555
4.516,1.2964965160397,1.2733563379053,2.15109658874701
4.518,1.3003614566036,1.27729544759236,2.17503532448156
4.52,1.30422639716751,1.28123803083169,2.20526711676282
4.522,1.3081013768455,1.28518403509554,2.24120417642633
4.524,1.3119763565235,1.28913333310429,2.28200050350781
4.526,1.31585133620149,1.29308553625659,2.32641365466324
4.528,1.31972631587949,1.29704039675886,2.37340739998581
4.53,1.32360129555749,1.30099769281783,2.42188006002136
4.532,1.32748628872285,1.30495699431448,2.47064725174285
4.534,1.33137128188821,1.30891803004819,2.51862029592588
4.536,1.33525627505357,1.31288050684199,2.5646086959004
4.538,1.33914126821894,1.3168440364106,2.60764930890979
4.54,1.3430262613843,1.32080836904471,2.64655326882623
4.542,1.34692125909919,1.32477321043898,2.68037291754123
4.544,1.35081625681408,1.3287382998269,2.70886492527803
4.546,1.35471125452896,1.33270348410946,2.7312082834903
4.548,1.35860625224385,1.33666864529641,2.74740205866731
4.55,1.36250124995874,1.34063372921092,2.75725044778198
4.552,1.36640577355756,1.34459874247286,2.76119668765113
4.554,1.37031029715637,1.34856372900254,2.75952968589926
4.556,1.37421482075519,1.35252878074652,2.75262432799825
4.558,1.37811934435401,1.3564940272791,2.74126916533889
4.56,1.38202386795283,1.36045966307404,2.72620364517824
4.562,1.38593744196491,1.36442592092143,2.70843124166416
4.564,1.38985101597699,1.36839304702877,2.68904586527413
4.566,1.39376458998908,1.37236139071065,2.66911799814879
4.568,1.39767816400116,1.37633116810081,2.64974056983399
4.57,1.40159173801325,1.38030271759169,2.63195714035369
4.572,1.40551388894311,1.38427642388341,2.61690635029015
4.574,1.40943603987297,1.3882525475062,2.60553990190704
4.576,1.41335819080283,1.39223143920025,2.59883033731167
4.578,1.4172803417327,1.39621330875712,2.59743404164884
4.58,1.42120249266256,1.40019846564066,2.60207264843099
4.582,1.42513274867492,1.40418695911838,2.61288193089852
4.584,1.42906300468728,1.40817913226339,2.63042956729681
4.586,1.43299326069964,1.41217479494814,2.65420565249027
4.588,1.43692351671201,1.41617404585125,2.68413936702178
4.59,1.44085377272437,1.420176921854,2.71993678301974
4.592,1.44479166365028,1.42418309354628,2.76064973771973
4.594,1.44872955457619,1.42819278477905,2.80601339483068
4.596,1.4526674455021,1.43220537819952,2.85456907966863
4.598,1.45660533642802,1.43622087102462,2.90545099129125
4.6,1.46054322735393,1.44023880172611,2.95725194259125
4.602,1.46448828482354,1.44425887750093,3.00870939876865
4.604,1.46843334229314,1.44828069722354,3.058572854514
4.606,1.47237839976275,1.45230398492474,3.10548882646943
4.608,1.47632345723236,1.45632836771774,3.14840497144856
4.61,1.48026851470197,1.46035353480036,3.1862410913861
4.612,1.48422027234328,1.46437918192383,3.21785023393833
4.614,1.48817202998459,1.46840499146132,3.24205376596767
4.616,1.49212378762591,1.47243066361345,3.25828552007801
4.618,1.49607554526722,1.47645595926509,3.26580618741864
4.62,1.50002730290853,1.48048064057415,3.26361297152014
4.622,1.5039852965979,1.48450456726789,3.25164752618611
4.624,1.50794329028726,1.48852764168423,3.22966213471459
4.626,1.51190128397663,1.49254985488933,3.19800313467588
4.628,1.51585927766599,1.49657119239075,3.15653770582798
4.63,1.51981727135536,1.50059178453731,3.10633656476486
4.632,1.52378103952274,1.50461176630432,3.04818978395018
4.634,1.52774480769011,1.50863129569668,2.98250762945027
4.636,1.53170857585749,1.51265065716793,2.91092041002888
4.638,1.53567234402487,1.51667012793288,2.83457107749447
4.64,1.53963611219224,1.52069001058024,2.75478553744005
4.642,1.54360519619291,1.52471066064174,2.67283770224979
4.644,1.54757428019357,1.52873236777394,2.59008182307384
4.646,1.55154336419423,1.53275547493503,2.50771323539546
4.648,1.55551244819489,1.5367803072253,2.42691767344415
4.65,1.55948153219555,1.5408072022856,2.34886301763219
4.652,1.56345547676656,1.54483648877077,2.27463423387746
4.654,1.56742942133757,1.54886829924687,2.20486419540323
4.656,1.57140336590857,1.55290300577395,2.14049001513667
4.658,1.57537731047958,1.55694062294845,2.08167534887937
4.66,1.57935125505059,1.56098129037232,2.02869134446614
4.662,1.58332960887823,1.56502492790961,1.98128964731707
4.664,1.58730796270588,1.56907149292202,1.93921392446706
4.666,1.59128631653352,1.57312104214659,1.90229020352211
4.668,1.59526467036117,1.57717319243609,1.86953389998314
4.67,1.59924302418881,1.58122799745627,1.84061011429457
4.672,1.60322534062427,1.58528512082013,1.81448380608997
4.674,1.60720765705973,1.58934435550515,1.79020759873665
4.676,1.61118997349518,1.59340527197107,1.76663115912888
4.678,1.61517228993064,1.59746760287384,1.74270136589365
4.68,1.6191546063661,1.60153099469521,1.71730754839534
4.682,1.62314044434279,1.60559510655918,1.68936886353682
4.684,1.62712628231949,1.60965959047844,1.65766669927239
4.686,1.63111212029618,1.61372408880958,1.62164162664382
4.688,1.63509795827287,1.61778832683514,1.58036935086358
4.69,1.63908379624957,1.62185198914496,1.53287317057095
4.692,1.64307272148092,1.62591486976527,1.47901368423968
4.694,1.64706164671227,1.62997683943634,1.41880099288345
4.696,1.65105057194362,1.63403769208792,1.35166072982644
4.698,1.65503949717498,1.63809742685427,1.27817483933636
4.7,1.65902842240633,1.64215603608674,1.19870907487723
4.702,1.66302000898179,1.64621347061444,1.11337860020542
4.704,1.66701159555726,1.6502698333641,1.02299999816313
4.706,1.67100318213272,1.65432530176088,0.928605551719738
4.708,1.67499476870819,1.65837996421746,0.83077431113359
4.71,1.67898635528365,1.66243412081887,0.730932788717951
4.712,1.68298018784385,1.66648802316356,0.630231708684585
4.714,1.68697402040405,1.6705419590793,0.529935504650803
4.716,1.69096785296425,1.67459623962392,0.431352016641591
4.718,1.69496168552445,1.6786511609625,0.335684390796718
4.72,1.69895551808465,1.68270700445373,0.244034113781281
4.722,1.7029511948576,1.68676411361335,0.157723840917809
4.724,1.70694687163055,1.69082261463469,0.0771405277968837
4.726,1.7109425484035,1.6948829109983,0.00378140795740785
4.728,1.71493822517645,1.69894511869684,-0.0620563695346857
4.73,1.7189339019494,1.703009373007,-0.119994049120079
4.732,1.72293103909044,1.70707586272151,-0.16945762511863
4.734,1.72692817623147,1.7111445662751,-0.210669763340384
4.736,1.7309253133725,1.71521547677378,-0.243782688312151
4.738,1.73492245051353,1.71928850089641,-0.269261560352229
4.74,1.73891958765456,1.72336364934285,-0.287207156854111
4.742,1.74291782556812,1.72744077043103,-0.29830316400186
4.744,1.74691606348169,1.7315196136584,-0.303560072512786
4.746,1.75091430139525,1.73559999052728,-0.303759889372718
4.748,1.75491253930882,1.73968162364783,-0.299964793153242
4.75,1.75891077722238,1.74376418500566,-0.293361577939378
4.752,1.76290978979539,1.74784737897419,-0.285009557221715
4.754,1.76690880236841,1.75193087132934,-0.276039319055184
4.756,1.77090781494142,1.75601432659446,-0.267564536985952
4.758,1.77490682751443,1.76009737596774,-0.260749414140143
4.76,1.77890584008745,1.76417974658155,-0.25639088744618
4.762,1.7829053476211,1.76826106645684,-0.255598802013891
4.764,1.78690485515475,1.77234103641963,-0.259156373758105
4.766,1.7909043626884,1.77641954850013,-0.267219735868168
4.768,1.79490387022205,1.78049632977912,-0.280419952582992
4.77,1.7989033777557,1.7845713565433,-0.298600199818022
4.772,1.80290316240489,1.78864450762326,-0.321843227441049
4.774,1.80690294705409,1.79271582101942,-0.349753631025532
4.776,1.81090273170329,1.79678532479153,-0.381926095596412
4.778,1.81490251635249,1.80085312827648,-0.417718462701144
4.78,1.81890230100169,1.80491936276981,-0.456428445499364
4.782,1.82290221760939,1.80898418278575,-0.497238382629174
4.784,1.82690213421709,1.81304779981419,-0.539187544688772
4.786,1.83090205082479,1.81711049128998,-0.581231478669981
4.788,1.8349019674325,1.82117250150501,-0.622259408281497
4.79,1.8389018840402,1.82523415026878,-0.661270163063424
4.792,1.84290185432215,1.82929572119834,-0.697193536642633
4.794,1.8469018246041,1.83335753320861,-0.728842945452202
4.796,1.85090179488605,1.83741986614929,-0.755511175824525
4.798,1.854901765168,1.84148304062073,-0.775972267842122
4.8,1.85890173544995,1.84554730918189,-0.789567500182537
4.802,1.86290172528895,1.84961292433214,-0.795574387267089
4.804,1.86690171512795,1.85367993435065,-0.794254714069371
4.806,1.87090170496694,1.85774859052906,-0.784757083293694
4.808,1.87490169480594,1.86181886870926,-0.767569409606548
4.81,1.87890168464494,1.86589079257427,-0.742860642920672
4.812,1.88290168122762,1.86996430179691,-0.711147739118086
4.814,1.8869016778103,1.87403944033102,-0.672481957223864
4.816,1.89090167439298,1.87811593571586,-0.62821446729754
4.818,1.89490167097567,1.88219378544084,-0.578519652937312
4.82,1.89890166755835,1.88627268758728,-0.524742651188804
4.822,1.90290166641579,1.89035243407831,-0.467795001729824
4.824,1.90690166527323,1.89443270446785,-0.408966622394273
4.826,1.91090166413068,1.89851320000226,-0.349429684967588
4.828,1.91490166298812,1.90259359290424,-0.290410420739041
4.83,1.91890166184557,1.90667355991847,-0.233092963252516
4.832,1.92290166146433,1.91075275492615,-0.178707990764839
4.834,1.92690166108309,1.91483083233678,-0.128438480832352
4.836,1.93090166070185,1.91890760491571,-0.0828646241899504
4.838,1.93490166032061,1.92298268090351,-0.0432591832499596
4.84,1.93890165993938,1.92705590447814,-0.0100063475032389
4.842,1.94290165981225,1.93112709947904,0.0164646799853953
4.844,1.94690165968513,1.93519615107231,0.0359604176856311
4.846,1.95090165955801,1.93926308360006,0.0487576597224805
4.848,1.95490165943088,1.94332786469414,0.0549647685421132
4.85,1.95890165930376,1.94739056255921,0.0550199418617799
4.852,1.96290165926138,1.95145117562403,0.0491960342333481
4.854,1.966901659219,1.95550991111197,0.0383698474006261
4.856,1.97090165917662,1.95956692675384,0.0233052897422757
4.858,1.97490165913425,1.96362244630551,0.0049544342035516
4.86,1.97890165909187,1.96767678328658,-0.0155426393235712
4.862,1.98290165907774,1.97173018819495,-0.0371633815078726
4.864,1.98690165906361,1.97578300409183,-0.0587857372676207
4.866,1.99090165904949,1.97983552191348,-0.0793150893498523
4.868,1.99490165903536,1.98388807375435,-0.0977270020124555
4.87,1.99890165902123,1.98794100672263,-0.112851645670327
4.872,2.00290165901652,1.99199457504787,-0.124083460844522
4.874,2.00690165901181,1.99604913053776,-0.130220753707167
4.876,2.01090165900711,2.00010489431103,-0.130797131820693
4.878,2.0149016590024,2.00416204882479,-0.125424913906949
4.88,2.01890165899769,2.00822071301172,-0.113948661460009
4.882,2.02290165899612,2.01228101026487,-0.0961797864677991
4.884,2.02690165899455,2.01634290318158,-0.0725242795970737
4.886,2.03090165899298,2.02040637073678,-0.0433128912472284
4.888,2.03490165899141,2.02447140843988,-0.00885415095693
4.89,2.03890165898984,2.02853769761909,0.0295263057762871
4.892,2.04290165898932,2.03260525841465,0.0715903426102886
4.894,2.04690165898879,2.03667381920429,0.116158372248695
4.896,2.05090165898827,2.04074314064703,0.162186788515901
4.898,2.05490165898775,2.04481293235218,0.208554753886519
4.9,2.05890165898722,2.0488829253165,0.254103469537943
4.902,2.06290165898705,2.05295281360965,0.297783315689539
4.904,2.06690165898687,2.05702229987179,0.338506552527141
4.906,2.0709016589867,2.06109105713133,0.375125111477793
4.908,2.07490165898653,2.06515880541273,0.406783754447321
4.91,2.07890165898635,2.06922519012277,0.432289993294927
4.912,2.08290165898629,2.07328988453571,0.450654588388954
4.914,2.08690165898623,2.0773528111282,0.461916199297326
4.916,2.09090165898618,2.08141375167942,0.465496962865263
4.918,2.09490165898612,2.08547252967645,0.461016264462844
4.92,2.09890165898606,2.08952915336806,0.448786130181084
4.922,2.10290165898604,2.09358361010877,0.42902487943074
4.924,2.10690165898602,2.09763590192564,0.402025323436893
4.926,2.110901658986,2.10168613499409,0.368453337218645
4.928,2.11490165898598,2.10573458540407,0.329458581063501
4.93,2.11890165898596,2.10978124776892,0.28535895781587
4.932,2.12290165898596,2.11382643215221,0.237430014449419
4.934,2.12690165898595,2.11787046515584,0.186898987749036
4.936,2.13090165898594,2.12191357491058,0.134786002797302
4.938,2.13490165898594,2.12595612399026,0.0823615929105001
4.94,2.13890165898593,2.12999841744536,0.0307532927312885
4.942,2.14290165898593,2.13404077511108,-0.0189409167524704
4.944,2.14690165898593,2.13808354245722,-0.065462159751399
4.946,2.15090165898592,2.14212700004365,-0.107998907941513
4.948,2.15490165898592,2.14617149478825,-0.145328320890444
4.95,2.15890165898592,2.15021720368667,-0.177064333182315
4.952,2.16290165898592,2.15426440371238,-0.202323431946443
4.954,2.16690165898592,2.1583131550989,-0.221136725172223
4.956,2.17090165898592,2.16236359895804,-0.233168036247512
4.958,2.17490165898592,2.16641574199736,-0.238606501222792
4.96,2.17890165898592,2.1704695840612,-0.237654965618023
4.962,2.18290165898592,2.17452503326073,-0.230848826588138
4.964,2.18690165898592,2.17858201960707,-0.218641072047322
4.966,2.19090165898592,2.18264043978285,-0.201597310793131
4.968,2.19490165898592,2.18670002605949,-0.180825269538468
4.97,2.19890165898592,2.19076059441773,-0.15713925367194
4.972,2.20290165898592,2.1948218260828,-0.13174062703301
4.974,2.20690165898592,2.19888345413398,-0.105686412926245
4.976,2.21090165898592,2.20294515041931,-0.0801065270598615
4.978,2.21490165898592,2.20700661333471,-0.0560681787262467
4.98,2.21890165898592,2.21106750127851,-0.0347347262045387
4.982,2.22290165898592,2.21512754380552,-0.0169183300855394
4.984,2.22690165898592,2.21918638511302,-0.00375581661773817
4.986,2.23090165898591,2.22324371324196,0.00386165115994619
4.988,2.23490165898592,2.22729936100313,0.00560579483706363
4.99,2.23890165898592,2.23135318443531,0.00121407552987858
4.992,2.24290165898592,2.23540494201365,-0.00986541129143224
4.994,2.24690165898591,2.23945462308124,-0.0274028680150149
4.996,2.25090165898592,2.243502197217,-0.051226620987069
4.998,2.25490165898592,2.24754774241017,-0.0808266694481149
5,2.25890165898592,2.25159124563026,-0.115908369177377
5.002,2.26290165898591,2.25563286193967,-0.155668624635785
5.004,2.26690165898592,2.2596727918253,-0.199188213009818
5.006,2.27090165898592,2.2637112554317,-0.245441854965539
5.008,2.27490165898592,2.26774855216484,-0.293270381196865
5.01,2.27890165898592,2.27178495611662,-0.341540080975807
5.012,2.28290165898592,2.27582077421648,-0.389045642583008
5.014,2.28690165898592,2.27985632507983,-0.434657440505222
5.016,2.29090165898592,2.2838919171938,-0.477344485653453
5.018,2.29490165898592,2.28792789458946,-0.515767555357314
5.02,2.29890165898592,2.29196452105045,-0.549349226795025
5.022,2.30290165898592,2.29600213493979,-0.576808933304197
5.024,2.30690165898592,2.30004102394633,-0.597323344155832
5.026,2.31090165898591,2.30408132792712,-0.610728634537166
5.028,2.31490165898592,2.30812322908319,-0.61654599563496
5.03,2.31890165898592,2.31216689128502,-0.614372963208631
5.032,2.32290165898592,2.31621226914513,-0.60468811929031
5.034,2.32690165898591,2.32025936499279,-0.587703020652084
5.036,2.33090165898592,2.32430808893321,-0.563994703607336
5.038,2.33490165898592,2.32835840081844,-0.533926829817918
5.04,2.33890165898592,2.33241012491789,-0.498377871263447
5.042,2.34290165898592,2.33646306612921,-0.458265093133578
5.044,2.34690165898592,2.34051697107824,-0.414677387232765
5.046,2.35090165898592,2.34457157336044,-0.368704425043235
5.048,2.35490165898592,2.34862658663458,-0.321471608370084
5.05,2.35890165898592,2.3526816976068,-0.274142710862087
5.052,2.36290165898592,2.35673660675941,-0.227801654213047
5.054,2.36690165898592,2.36079099315708,-0.183569103285868
5.056,2.37090165898592,2.36484449272647,-0.142680863805236
5.058,2.37490165898591,2.36889688315243,-0.105821994910698
5.06,2.37890165898592,2.37294782571345,-0.0740713927311533
5.062,2.38290165898592,2.37699700301155,-0.0483644964397542
5.064,2.38690165898592,2.38104437042756,-0.0286839870332411
5.066,2.39090165898591,2.38508978088049,-0.0153521973235143
5.068,2.39490165898592,2.38913305290691,-0.00874897991545466
5.07,2.39890165898592,2.39317426228054,-0.00842182411534081
5.072,2.40290165898592,2.39721339203255,-0.0141885943929026
5.074,2.40690165898592,2.40125041502873,-0.0258396551146128
5.076,2.41090165898592,2.40528569204542,-0.0421013183316963
5.078,2.41490165898592,2.40931909118888,-0.0629712157055893
5.08,2.41890165898592,2.41335100647973,-0.0870945614356387
5.082,2.42290165898592,2.41738157879046,-0.113679225216503
5.084,2.42690165898592,2.42141116663233,-0.141514154099391
5.086,2.43090165898592,2.42544003597143,-0.169522506183927
5.088,2.43490165898592,2.42946851181713,-0.196556285687102
5.09,2.43890165898592,2.43349691956344,-0.221562172886523
5.092,2.44290165898592,2.43752560027527,-0.243306490825088
5.094,2.44690165898592,2.44155486514179,-0.260924261218586
5.096,2.45090165898592,2.44558495035131,-0.273781649373824
5.098,2.45490165898592,2.44961623500601,-0.28055981362904
5.1,2.45890165898592,2.45364882199241,-0.281310647031716
5.102,2.46290165898592,2.45768297855639,-0.275245850218873
5.104,2.46690165898592,2.46171879074142,-0.262376303356996
5.106,2.47090165898591,2.4657562722897,-0.242941515836077
5.108,2.47490165898592,2.46979545689315,-0.217067642544718
5.11,2.47890165898592,2.47383628970854,-0.1852077658431
5.112,2.48290165898592,2.47787874236437,-0.147730708211769
5.114,2.48690165898592,2.48192260382673,-0.105614884921769
5.116,2.49090165898592,2.48596773289044,-0.0595989229103749
5.118,2.49490165898592,2.49001388358745,-0.0107706423947735
5.12,2.49890165898592,2.49406074248232,0.0396387858212859
5.122,2.50290165898592,2.49810804029292,0.0905021238119892
5.124,2.50690165898592,2.50215545483562,0.140612314156724
5.126,2.51090165898592,2.50620268701606,0.188861680761469
5.128,2.51490165898592,2.51024944523813,0.234224558563306
5.13,2.51890165898592,2.51429537074532,0.275386844137247
5.132,2.52290165898592,2.51834024288391,0.311749279052034
5.134,2.52690165898592,2.52238371933588,0.342149929636996
5.136,2.53090165898592,2.52642557621616,0.365992020560617
5.138,2.53490165898592,2.53046560348548,0.382740796573062
5.14,2.53890165898592,2.53450365677107,0.392107767270675
5.142,2.54290165898592,2.53853958841567,0.393804924775382
5.144,2.54690165898592,2.5425734850644,0.388375258724853
5.146,2.55090165898592,2.54660530759956,0.375907957364279
5.148,2.55490165898591,2.55063505144208,0.356647889219034
5.15,2.55890165898592,2.55466299934093,0.331765793570291
5.152,2.56290165898592,2.55868912216828,0.301454084282689
5.154,2.56690165898592,2.56271371373095,0.266920945102287
5.156,2.57090165898591,2.56673703209357,0.229235785717674
5.158,2.57490165898592,2.57075935355468,0.189485917011874
5.16,2.57890165898592,2.57478095568183,0.148802764791885
5.162,2.58290165898592,2.57880218692423,0.108346443345242
5.164,2.58690165898591,2.58282334285724,0.069193479870193
5.166,2.59090165898592,2.58684475954388,0.0325233071115814
5.168,2.59490165898592,2.59086672407858,-0.000836827621219295
5.17,2.59890165898592,2.59488958421598,-0.029667906179849
5.172,2.60290165898592,2.59891362026878,-0.0531551870903865
5.174,2.60690165898592,2.60293908633904,-0.0705966610714961
5.176,2.61090165898592,2.60696604166223,-0.0820348666943251
5.178,2.61490165898592,2.61099476200324,-0.0866400093844658
5.18,2.61890165898592,2.61502518338389,-0.0848989279038667
5.182,2.62290165898592,2.61905734723866,-0.0768679950130556
5.184,2.62690165898592,2.6230911896647,-0.0629889100446719
5.186,2.63090165898592,2.62712670412669,-0.0435254333255157
5.188,2.63490165898591,2.63116372084235,-0.0192883784844108
5.19,2.63890165898592,2.63520210130772,0.00901445030447734
5.192,2.64290165898592,2.63924160759673,0.0403738212857049
5.194,2.64690165898591,2.64328197096354,0.073721848494661
5.196,2.65090165898591,2.64732293335566,0.10801432159791
5.198,2.65490165898592,2.65136417525967,0.142064039146461
5.2,2.65890165898592,2.65540538063365,0.174756296963725
5.202,2.66290165898591,2.6594462436239,0.205055282673806
5.204,2.66690165898591,2.66348639742627,0.231654871128501
5.206,2.67090165898592,2.66752555862858,0.253727530876906
5.208,2.67490165898592,2.67156346825674,0.270500157245585
5.21,2.67890165898592,2.67559977231772,0.280873423849456
5.212,2.68290165898591,2.67963440841486,0.284919349386909
5.214,2.68690165898592,2.68366718096643,0.282168687022308
5.216,2.69090165898592,2.68769799553045,0.272549722291393
5.218,2.69490165898592,2.69172675007275,0.255980902101968
5.22,2.69890165898592,2.69575349211004,0.232890986149668
5.222,2.70290165898592,2.69977826554103,0.203692823299767
5.224,2.70690165898592,2.70380112020888,0.168850610604732
5.226,2.71090165898592,2.70782232751225,0.129441853188577
5.228,2.71490165898591,2.71184192345639,0.0859281388964257
5.23,2.71890165898592,2.71586021897028,0.0395457891533829
5.232,2.72290165898592,2.71987752309832,-0.00853545662257194
5.234,2.72690165898591,2.72389411506781,-0.0571583075930649
5.236,2.73090165898591,2.72791034104619,-0.105120796416421
5.238,2.73490165898592,2.73192650939387,-0.15125273635729
5.24,2.73890165898592,2.73594294487339,-0.194438336850621
5.242,2.74290165898592,2.73995998901474,-0.233477269537964
5.244,2.74690165898591,2.74397788681032,-0.26771841766243
5.246,2.75090165898592,2.74799698142311,-0.295938604865592
5.248,2.75490165898592,2.75201749642493,-0.317563626090199
5.25,2.75890165898592,2.75603958037015,-0.332297791918368
5.252,2.76290165898591,2.76006341769479,-0.339654463624269
5.254,2.76690165898592,2.76408903999274,-0.339767527583773
5.256,2.77090165898592,2.76811647623532,-0.332740116963916
5.258,2.77490165898592,2.77214567389424,-0.3189764718869
5.26,2.77890165898592,2.77617665692554,-0.298597567052471
5.262,2.78290165898592,2.78020921152221,-0.272587950768638
5.264,2.78690165898592,2.78424321142289,-0.241594984098024
5.266,2.79090165898592,2.78827842370925,-0.206630917746508
5.268,2.79490165898592,2.7923145572239,-0.168863463375294
5.27,2.79890165898592,2.79635134814329,-0.12934792134572
5.272,2.80290165898592,2.80038848966367,-0.0892642958240602
5.274,2.80690165898592,2.80442566196624,-0.0497447336208717
5.276,2.81090165898591,2.80846255883577,-0.0118792623828517
5.278,2.81490165898592,2.8124988090741,0.0230312333073741
5.28,2.81890165898592,2.81653419164876,0.0543693391794131
5.282,2.82290165898592,2.82056834908109,0.0809437025225441
5.284,2.82690165898592,2.82460092359293,0.101657662195593
5.286,2.83090165898592,2.82863187535694,0.116592596202012
5.288,2.83490165898592,2.83266094984156,0.125044930538181
5.29,2.83890165898592,2.8366880501171,0.126893191802668
5.292,2.84290165898592,2.84071313714035,0.122221624224755
5.294,2.84690165898592,2.84473622076516,0.111282726794004
5.296,2.85090165898592,2.84875731373815,0.0943692378009571
5.298,2.85490165898592,2.85277653115389,0.0721222568299855
5.3,2.85890165898592,2.85679412379132,0.0455275342702971
5.302,2.86290165898592,2.86081013981877,0.0150651700499639
5.304,2.86690165898592,2.86482483662812,-0.0182015981879874
5.306,2.87090165898592,2.8688385069269,-0.0531635476754361
5.308,2.87490165898591,2.87285141242133,-0.0887551188909999
5.31,2.87890165898592,2.87686388299789,-0.123864044388871
5.312,2.88290165898592,2.8808762108253,-0.157420932977704
5.314,2.88690165898592,2.88488872554439,-0.188255056164348
5.316,2.89090165898591,2.88890178275993,-0.215191901600091
5.318,2.89490165898592,2.89291562516451,-0.237625739107078
5.32,2.89890165898592,2.8969305998138,-0.254345637815956
5.322,2.90290165898592,2.90094696642246,-0.264642545524307
5.324,2.90690165898592,2.90496489196075,-0.268168327482019
5.326,2.91090165898592,2.90898447718788,-0.26480750129847
5.328,2.91490165898592,2.91300589599381,-0.254140066737725
5.33,2.91890165898592,2.91702905679766,-0.236773373026725
5.332,2.92290165898592,2.92105397880481,-0.212859511379334
5.334,2.92690165898592,2.92508065183508,-0.182681278985673
5.336,2.93090165898592,2.92910881880802,-0.147375270503078
5.338,2.93490165898592,2.93313849945012,-0.1071097867771
5.34,2.93890165898592,2.93716944092731,-0.0629903813269157
5.342,2.94290165898592,2.94120135130554,-0.0161910653746251
5.344,2.94690165898592,2.94523396608408,0.0322255576911368
5.346,2.95090165898592,2.94926699029467,0.0810965230603593
5.348,2.95490165898592,2.95330009660887,0.12921071313204
5.35,2.95890165898592,2.95733296622352,0.17542878067296
5.352,2.96290165898592,2.96136529789992,0.218712284666466
5.354,2.96690165898592,2.96539670011909,0.257655231076389
5.356,2.97090165898591,2.96942699011058,0.291800001015595
5.358,2.97490165898592,2.97345581707878,0.319959472093903
5.36,2.97890165898592,2.97748292723105,0.341422859915468
5.362,2.98290115898592,2.98150826600971,0.356222637786078
5.364,2.98690065898592,2.98553163961652,0.363858897126834
5.366,2.99090015898592,2.98955295267374,0.36421973978317
5.368,2.99489965898592,2.99357222820713,0.357603452059908
5.37,2.99889915898592,2.99758953767538,0.344461994141221
5.372,3.00289765898592,3.00160483067869,0.324873194174551
5.374,3.00689615898592,3.00561839834991,0.300002435251899
5.376,3.01089465898592,3.00963028255415,0.270252688741503
5.378,3.01489315898592,3.01364076215679,0.236748459014761
5.38,3.01889165898592,3.01765012530798,0.200612551915651
5.382,3.02288865898592,3.02165862460277,0.162882954008024
5.384,3.02688565898592,3.02566659590321,0.124745900802721
5.386,3.03088265898592,3.02967433093232,0.0872608661673049
5.388,3.03487965898592,3.03368213318995,0.051477799128725
5.39,3.03887665898592,3.03769034345324,0.0186144484387299
5.392,3.04287165898592,3.04169919114177,-0.0107483532477009
5.394,3.04686665898592,3.04570901175492,-0.0354374961186002
5.396,3.05086165898591,3.04972003079842,-0.0548654736231747
5.398,3.05485665898591,3.0537323477316,-0.068908731254957
5.4,3.05885165898592,3.05774613556012,-0.0771122805613241
5.402,3.06284415898592,3.06176151698553,-0.0792332567811231
5.404,3.06683665898591,3.06577840000461,-0.0758118647619904
5.406,3.07082915898591,3.0697967605494,-0.0671047436699663
5.408,3.07482165898592,3.07381658144086,-0.0533632091735976
5.41,3.07881415898592,3.07783772013259,-0.0352791506333675
5.412,3.08280365898592,3.08185991715043,-0.0138918560626404
5.414,3.08679315898591,3.08588302515972,0.0101037858690119
5.416,3.09078265898592,3.08990673578185,0.0355051927231612
5.418,3.09477215898592,3.09393072925068,0.061169731025003
5.42,3.09876165898591,3.09795469244436,0.0858872341208224
5.422,3.10274765898591,3.10197828687078,0.108506106142369
5.424,3.10673365898592,3.10600117955078,0.127878502370498
5.426,3.11071965898592,3.11002304268651,0.142924757960171
5.428,3.11470565898592,3.11404345647493,0.152249197447319
5.43,3.11869165898592,3.11806212988261,0.154999753210745
5.432,3.12267365898592,3.12207880583177,0.150457510616044
5.434,3.12665565898592,3.12609303277134,0.137262068278232
5.436,3.13063765898592,3.13010482668227,0.115731292923232
5.438,3.13461965898591,3.13411401911919,0.0855289105186717
5.44,3.13860165898592,3.13812050533637,0.0465868733929824
5.442,3.14257915898592,3.14212421979703,-0.00099140465356485
5.444,3.14655665898591,3.14612530792536,-0.0564288975400851
5.446,3.15053415898591,3.15012374314462,-0.119418828153568
5.448,3.15451165898592,3.15411981776393,-0.188759037624746
5.45,3.15848915898591,3.15811361907453,-0.263814117976788
5.452,3.16246165898591,3.16210533350324,-0.343606334815754
5.454,3.16643415898591,3.16609527887799,-0.426870349566048
5.456,3.17040665898592,3.17008376347483,-0.512399710181238
5.458,3.17437915898592,3.17407103619325,-0.5990125142253
5.46,3.17835165898591,3.17805748942817,-0.685452822902982
5.462,3.18231865898591,3.18204340818825,-0.770563204376895
5.464,3.18628565898592,3.18602911123648,-0.853187332508797
5.466,3.19025265898592,3.190014912671,-0.932188925612632
5.468,3.19421965898592,3.19400110711099,-1.00648127210552
5.47,3.19818665898592,3.19798792069107,-1.07542654929801
5.472,3.20214765898592,3.20197557192505,-1.13814632027464
5.474,3.20610865898592,3.20596415035536,-1.19449597812703
5.476,3.21006965898592,3.2099537236051,-1.24423041947341
5.478,3.21403065898591,3.21394429159231,-1.28736688552249
5.48,3.21799165898592,3.21793576836316,-1.32434076089455
5.482,3.22194615898592,3.22192804618767,-1.35562535425516
5.484,3.22590065898591,3.22592101006608,-1.38158312830315
5.486,3.22985515898591,3.22991446597732,-1.40301768072597
5.488,3.23380965898592,3.23390818560662,-1.42074678207169
5.49,3.23776415898591,3.23790189192283,-1.43573865550958
5.492,3.24171165898591,3.24189529472783,-1.44914116614562
5.494,3.24565915898591,3.2458880685239,-1.46196214524463
5.496,3.24960665898592,3.24987989248326,-1.47529952370736
5.498,3.25355415898592,3.25387042191078,-1.49021958941213
5.5,3.25750165898592,3.25785932130213,-1.50776365950133
5.502,3.26144165898592,3.26184617435373,-1.52909666237982
5.504,3.26538165898592,3.26583084279768,-1.55476161642762
5.506,3.26932165898592,3.26981284514288,-1.58590291768881
5.508,3.27326165898592,3.27379193908433,-1.62310029301474
5.51,3.27720165898592,3.27776806842099,-1.66644092078633
5.512,3.28113365898592,3.28174098468973,-1.71632138830375
5.514,3.28506565898592,3.28571067296938,-1.77256134972317
5.516,3.28899765898591,3.28967708113808,-1.83497260081902
5.518,3.29292965898591,3.29364018108624,-1.90321648696664
5.52,3.29686165898592,3.29760007446886,-1.97660254667075
5.522,3.30078515898592,3.30155712648897,-2.05403653060491
5.524,3.30470865898591,3.30551124300572,-2.13498293547178
5.526,3.30863215898591,3.30946271495705,-2.2181878569059
5.528,3.31255565898592,3.31341191892437,-2.30239940193106
5.53,3.31647915898591,3.31735912500369,-2.38647623943171
5.532,3.32039365898591,3.32130453081996,-2.46913047597884
5.534,3.32430815898591,3.32524853557213,-2.54934955783242
5.536,3.32822265898592,3.32919137074071,-2.62603588652623
5.538,3.33213715898592,3.33313328051008,-2.69794827356017
5.54,3.33605165898592,3.33707460194673,-2.76471681369044
5.542,3.33995665898592,3.34101550971899,-2.82473310344565
5.544,3.34386165898592,3.34495625602926,-2.8779668579933
5.546,3.34776665898592,3.34889700061919,-2.92339568010261
5.548,3.35167165898592,3.35283785434421,-2.96121000681934
5.55,3.35557665898592,3.35677888266387,-2.9908422993498
5.552,3.35947165898592,3.36072007757935,-3.01282327917144
5.554,3.36336665898592,3.36466139894085,-3.02714381309745
5.556,3.36726165898592,3.36860275272595,-3.03401502252494
5.558,3.37115665898591,3.37254400754959,-3.03473074620343
5.56,3.37505165898592,3.37648498468054,-3.02950211369317
5.562,3.37893665898592,3.38042540539966,-3.01917142744774
5.564,3.38282165898591,3.38436508165053,-3.00534633075595
5.566,3.38670665898591,3.38830361051393,-2.98874057573662
5.568,3.39059165898592,3.39224067149021,-2.97072405760736
5.57,3.39447665898591,3.39617597373077,-2.95252607480592
5.572,3.39835165898591,3.40010914579174,-2.93529073966622
5.574,3.40222665898591,3.40403983896149,-2.92017016467183
5.576,3.40610165898592,3.40796758815714,-2.90843901015883
5.578,3.40997665898592,3.41189232438259,-2.90075690237237
5.58,3.41385165898591,3.41581348556992,-2.89833314251613
5.582,3.41771665898591,3.41973097005123,-2.90160850653541
5.584,3.42158165898592,3.42364464528827,-2.91089320286756
5.586,3.42544665898592,3.42755427290404,-2.92653515107578
5.588,3.42931165898592,3.43145997896832,-2.94818938754324
5.59,3.43317665898592,3.43536168013334,-2.97574570958109
5.592,3.43703165898592,3.43925925673382,-3.00902933101764
5.594,3.44088665898592,3.44315308861744,-3.04710454886355
5.596,3.44474165898592,3.447043177488,-3.08950272552944
5.598,3.44859665898591,3.45092955327823,-3.13552223859578
5.6,3.45245165898592,3.45481267240071,-3.18394086255918
5.602,3.45629665898591,3.45869279177526,-3.23369510423577
5.604,3.46014165898591,3.46257017732074,-3.28361947070732
5.606,3.46398665898591,3.46644513982559,-3.33239859371498
5.608,3.46783165898592,3.47031815322972,-3.37893296925892
5.61,3.47167665898591,3.47418949027231,-3.42202598236517
5.612,3.47551165898591,3.47805945565334,-3.46040159442926
5.614,3.47934665898591,3.48192843852131,-3.49335476350651
5.616,3.48318165898592,3.48579665823729,-3.51946111868848
5.618,3.48701665898592,3.48966441051678,-3.53829207259086
5.62,3.49085165898591,3.49353187722995,-3.54907680978449
5.622,3.49467665898591,3.49739919897442,-3.55145086933793
5.624,3.49850165898592,3.50126645138499,-3.54560941781461
5.626,3.50232665898592,3.5051336490034,-3.53160061941881
5.628,3.50615165898592,3.50900076106009,-3.5096805415242
5.63,3.50997665898592,3.5128676976003,-3.47979632038922
5.632,3.51379165898592,3.51673435232178,-3.44333284960033
5.634,3.51760665898592,3.52060057449122,-3.40086129519416
5.636,3.52142165898592,3.52446609361784,-3.35295473530441
5.638,3.52523665898592,3.52833063463561,-3.30100092805008
5.64,3.52905165898591,3.53219400582312,-3.24637328797758
5.642,3.53285565898592,3.53605575605822,-3.19006867349302
5.644,3.53665965898591,3.53991560740545,-3.13348067376363
5.646,3.54046365898591,3.5437732418055,-3.07779985779054
5.648,3.54426765898591,3.54762833219523,-3.02419558508203
5.65,3.54807165898591,3.55148059594352,-2.97373069271159
5.652,3.55186365898591,3.55532952457261,-2.92774761644201
5.654,3.55565565898591,3.55917512586637,-2.88675246238647
5.656,3.55944765898591,3.56301690611478,-2.85188943906515
5.658,3.56323965898591,3.56685457386787,-2.82392490559009
5.66,3.56703165898591,3.57068822590818,-2.80282113759527
5.662,3.57081065898591,3.57451776599002,-2.78874553634359
5.664,3.57458965898591,3.57834296696174,-2.78197765141153
5.666,3.57836865898591,3.58216388098461,-2.78221170138439
5.668,3.58214765898591,3.58598070713846,-2.7888275769223
5.67,3.58592665898591,3.58979336583893,-2.80154577528294
5.672,3.58969165898591,3.5936021962468,-2.81940162985251
5.674,3.59345665898592,3.59740728585959,-2.84175708970462
5.676,3.59722165898591,3.60120878706369,-2.86784348628587
5.678,3.60098665898591,3.60500685243755,-2.89681566166097
5.68,3.60475165898591,3.60880188103069,-2.92767361975056
5.682,3.60850165898592,3.61259402002331,-2.95961618383335
5.684,3.61225165898591,3.61638342435954,-2.99170363201884
5.686,3.61600165898591,3.62017051380004,-3.02306877326969
5.688,3.61975165898591,3.62395549442124,-3.05296497369402
5.69,3.62350165898591,3.62773846843391,-3.08058432605103
5.692,3.62723565898591,3.63151975837395,-3.10553227841513
5.694,3.63096965898591,3.63529947377155,-3.12738838620988
5.696,3.63470365898591,3.63907776539315,-3.14604797263462
5.698,3.63843765898591,3.64285464140655,-3.16136561424035
5.7,3.64217165898591,3.64663011490569,-3.173514585296
5.702,3.64588865898591,3.65040415732123,-3.18283481321764
5.704,3.64960565898591,3.65417667546665,-3.18973196754836
5.706,3.65332265898591,3.65794751182371,-3.1947389450035
5.708,3.65703965898591,3.66171655215885,-3.19855806991948
5.71,3.66075665898591,3.66548352977467,-3.20201245329622
5.712,3.66445565898591,3.66924815989276,-3.20608757350669
5.714,3.66815465898592,3.67301024607937,-3.21180415533773
5.716,3.67185365898591,3.67676940135433,-3.22030227441517
5.718,3.67555265898591,3.68052526555871,-3.23274523299365
5.72,3.67925165898591,3.68427763451262,-3.25003257698561
5.722,3.68293165898592,3.68802599580032,-3.2734717301522
5.724,3.68661165898591,3.69177004250944,-3.30401771678825
5.726,3.69029165898591,3.69550967922361,-3.34212995875376
5.728,3.69397165898591,3.69924442600287,-3.3888228909389
5.73,3.69765165898591,3.70297427578847,-3.44417555342069
5.732,3.70131165898591,3.70669889291652,-3.50873169625521
5.734,3.70497165898591,3.71041828427265,-3.58232748807815
5.736,3.70863165898591,3.71413246159254,-3.66470246308131
5.738,3.71229165898591,3.71784125741307,-3.7558013407868
5.74,3.71595165898591,3.72154470336472,-3.85515500495343
5.742,3.71959065898591,3.72524283824226,-3.96218359053908
5.744,3.72322965898591,3.72893614901125,-4.07567891400829
5.746,3.72686865898591,3.73262432981503,-4.1953703383275
5.748,3.73050765898591,3.73630768571755,-4.3200276502965
5.75,3.73414665898591,3.73998673078937,-4.44825553301895
5.752,3.73776365898591,3.74366161177356,-4.57895998494747
5.754,3.74138065898592,3.74733253951613,-4.71085611755668
5.756,3.74499765898592,3.75099994375284,-4.84262762807848
5.758,3.74861465898591,3.7546641841031,-4.97310257631363
5.76,3.75223165898591,3.7583253706978,-5.10095985304696
5.762,3.75582565898592,3.76198391775249,-5.22526666510357
5.764,3.75941965898591,3.76563994687765,-5.34502734604931
5.766,3.76301365898591,3.7692936299673,-5.45953678302259
5.768,3.76660765898591,3.772945115618,-5.56851702281399
5.77,3.77020165898591,3.7765944238065,-5.67178559648477
5.772,3.77377165898591,3.78024140804022,-5.7691224855976
5.774,3.77734165898591,3.78388612566906,-5.86116177648641
5.776,3.78091165898591,3.78752836793156,-5.94812306006722
5.778,3.78448165898591,3.79116801886973,-6.03059994570352
5.78,3.78805165898591,3.7948047250548,-6.10898488452794
5.782,3.79159665898591,3.79843824740092,-6.18408831853242
5.784,3.79514165898591,3.80206850503039,-6.25688713943639
5.786,3.79868665898591,3.80569498008286,-6.32814552379665
5.788,3.80223165898591,3.80931739396142,-6.39889371094063
5.79,3.80577665898591,3.81293544591087,-6.47014858127676
5.792,3.80929565898591,3.8165487863256,-6.54288951292227
5.794,3.81281465898592,3.82015712826284,-6.61806201404083
5.796,3.81633365898591,3.82375980620898,-6.69684569006525
5.798,3.81985265898591,3.82735682668606,-6.77991992795602
5.8,3.82337165898591,3.83094762232736,-6.86824997371987
5.802,3.82686365898592,3.83453181115572,-6.96252236941434
5.804,3.83035565898591,3.83810948553083,-7.06278161803216
5.806,3.83384765898591,3.84168061727584,-7.16899324665525
5.808,3.83733965898591,3.84524466143959,-7.28138031393432
5.81,3.84083165898591,3.8488018262771,-7.39930930183294
5.812,3.84429565898591,3.85235230536044,-7.52207212007715
5.814,3.84775965898591,3.85589583514397,-7.64911336555111
5.816,3.85122365898591,3.85943290925557,-7.77935350184661
5.818,3.85468765898591,3.86296367503869,-7.91191084250644
5.82,3.85815165898591,3.86648810668132,-8.04585001466994
5.822,3.86158665898591,3.87000637932624,-8.17999763373064
5.824,3.86502165898591,3.87351894089904,-8.3132355499601
5.826,3.86845665898591,3.87702600748175,-8.44450065129841
5.828,3.87189165898591,3.88052767979863,-8.57262743808659
5.83,3.87532665898591,3.88402432783773,-8.69670009969445
5.832,3.87873165898591,3.88751621022081,-8.81580127317869
5.834,3.88213665898591,3.89100357795863,-8.92904818455554
5.836,3.88554165898591,3.89448641994812,-9.03510975434458
5.838,3.88894665898591,3.89796511584067,-9.13325607372053
5.84,3.89235165898591,3.90143994736555,-9.22295295236806
5.842,3.89572665898591,3.90491091580636,-9.30326469046129
5.844,3.89910165898591,3.90837794882256,-9.37334171279223
5.846,3.90247665898591,3.91184129760684,-9.43364349927636
5.848,3.90585165898591,3.9153008631871,-9.48407854127295
5.85,3.90922665898591,3.91875645289202,-9.52469449972736
5.852,3.91257165898591,3.92220791448042,-9.55601336215618
5.854,3.91591665898591,3.92565499133524,-9.57867987678454
5.856,3.91926165898591,3.92909742049139,-9.59369043007844
5.858,3.92260665898591,3.93253480322027,-9.60214511293363
5.86,3.92595165898591,3.93596738378109,-9.60578235472983
5.862,3.92926665898591,3.93939432128969,-9.60527285436489
5.864,3.93258165898591,3.94281520280131,-9.60199289760834
5.866,3.93589665898591,3.94622998483524,-9.59729685586222
5.868,3.93921165898591,3.94963805463968,-9.59233351426496
5.87,3.94252665898591,3.95303918893161,-9.58825418061778
5.872,3.94581165898591,3.95643284214463,-9.58620915603723
5.874,3.94909665898591,3.9598191591491,-9.58692441627148
5.876,3.95238165898591,3.96319752114236,-9.59122895695578
5.878,3.95566665898591,3.96656787402219,-9.59954245928368
5.88,3.95895165898591,3.96992969656739,-9.61231238303726
5.882,3.96220665898591,3.97328356649439,-9.62924382869951
5.884,3.96546165898591,3.97662870751858,-9.65057913813188
5.886,3.96871665898591,3.97996573555333,-9.67569330249774
5.888,3.97197165898591,3.9832947628048,-9.70409138382385
5.89,3.97522665898591,3.9866153861697,-9.73519201532108
5.892,3.97845165898591,3.98992842784763,-9.76784177272179
5.894,3.98167665898591,3.99323407774662,-9.80090556475264
5.896,3.98490165898591,3.99653275752656,-9.83312822789801
5.898,3.98812665898591,3.99982487032312,-9.86319617840429
5.9,3.99135165898591,4.00311079662611,-9.88979358360816
5.902,3.99454665898591,4.00639100894685,-9.91175720289192
5.904,3.99774165898591,4.00966566686157,-9.92770176875525
5.906,4.00093665898591,4.01293540621026,-9.93690727568625
5.908,4.00413165898591,4.01620033593609,-9.93822641808899
5.91,4.00732665898591,4.01946067174894,-9.93073686119454
5.912,4.01049165898591,4.02271682308263,-9.91431748225998
5.914,4.01365665898591,4.02596874436726,-9.88827720620271
5.916,4.01682165898591,4.02921669982576,-9.85298409781458
5.918,4.01998665898591,4.03246065647966,-9.80845774782453
5.92,4.02315165898591,4.03570038032758,-9.75458409663688
5.922,4.02628615898591,4.03893606651502,-9.69250642950429
5.924,4.02942065898591,4.04216750637379,-9.62274625561296
5.926,4.03255515898591,4.04539456272605,-9.54624278054271
5.928,4.03568965898591,4.04861691554464,-9.46399189406778
5.93,4.03882415898591,4.05183416610102,-9.37728126141829
5.932,4.04192765898591,4.0550464166766,-9.2877668264415
5.934,4.04503115898591,4.05825319000876,-9.19670913284513
5.936,4.04813465898591,4.06145394929594,-9.10558221582437
5.938,4.05123815898591,4.06464866583999,-9.01578409129875
5.94,4.05434165898591,4.06783697127595,-8.92858794401835
5.942,4.05741365898591,4.07101854692549,-8.84522433391081
5.944,4.06048565898591,4.07419277202617,-8.76710992270387
5.946,4.06355765898591,4.07735998272618,-8.69482695069317
5.948,4.06662965898591,4.08051920381198,-8.62991988827106
5.95,4.06970165898591,4.08367039280663,-8.57302289680834
5.952,4.07274165898591,4.08681361689691,-8.52443244624657
5.954,4.07578165898591,4.08994863550644,-8.48457120620512
5.956,4.07882165898591,4.0930754461869,-8.45344348456856
5.958,4.08186165898591,4.09619368305652,-8.43127591114435
5.96,4.08490165898591,4.09930395037409,-8.41716858739781
5.962,4.08790915898591,4.10240582974449,-8.41115540523657
5.964,4.09091665898591,4.10549961262837,-8.41248445892625
5.966,4.09392415898591,4.10858564677895,-8.42035895032396
5.968,4.09693165898591,4.11166360476024,-8.43449567616008
5.97,4.09993915898591,4.11473401429283,-8.45391363805663
5.972,4.10291365898591,4.11779660692785,-8.47812647788255
5.974,4.10588815898591,4.12085209559458,-8.50605158324121
5.976,4.10886265898591,4.1239003509826,-8.53704708365392
5.978,4.11183715898591,4.1269415684162,-8.57021904531608
5.98,4.11481165898591,4.12997611821633,-8.60460894631068
5.982,4.11775265898591,4.13300418551724,-8.63936959031834
5.984,4.12069365898591,4.13602602903752,-8.6737178147887
5.986,4.12363465898591,4.13904176784036,-8.7069802558334
5.988,4.12657565898591,4.14205161265221,-8.73863146867013
5.99,4.12951665898591,4.14505587630088,-8.76839991435736
5.992,4.13242365898591,4.1480544139542,-8.79604047057528
5.994,4.13533065898591,4.15104732012607,-8.8215911878737
5.996,4.13823765898591,4.1540346980316,-8.84528754861714
5.998,4.14114465898591,4.15701637632231,-8.8674232600685
6,4.14405165898591,4.15999232111245,-8.88844608988203
6.002,4.14692415898591,4.16296200004236,-8.90886255110675
6.004,4.14979665898591,4.16592563377264,-8.92928311409007
6.006,4.15266915898591,4.16888284341438,-8.9503043117248
6.008,4.15554165898591,4.17183321233951,-8.97259863620257
6.01,4.15841415898591,4.17477681421786,-8.99675131086135
6.012,4.16125165898591,4.17771324547172,-9.02345140447066
6.014,4.16408915898591,4.18064193686296,-9.05355741650438
6.016,4.16692665898591,4.18356324038613,-9.08741980954028
6.018,4.16976415898591,4.18647655863324,-9.12576868241242
6.02,4.17260165898591,4.18938133216393,-9.16930073402241
6.022,4.17540415898591,4.19227817000103,-9.21787063564945
6.024,4.17820665898591,4.19516631001782,-9.27211782620699
6.026,4.18100915898591,4.19804615401212,-9.33185295340289
6.028,4.18381165898591,4.20091753327301,-9.39716026256141
6.03,4.18661415898591,4.20378031405258,-9.46797974270095
6.032,4.18938165898591,4.2066347004316,-9.54389785194314
6.034,4.19214915898591,4.2094805661484,-9.62454279198625
6.036,4.19491665898591,4.21231838511581,-9.70907959575775
6.038,4.19768415898591,4.21514803058936,-9.79686055850731
6.04,4.20045165898591,4.21796985965388,-9.8869129841211
6.042,4.20318415898591,4.22078389745483,-9.97822641653807
6.044,4.20591665898591,4.22359068878817,-10.0697096018963
6.046,4.20864915898591,4.22639021155637,-10.1602306265642
6.048,4.21138165898591,4.22918270982505,-10.248628435755
6.05,4.21411415898591,4.23196862008541,-10.3339342843425
6.052,4.21681165898591,4.23474809176194,-10.4151381382246
6.054,4.21950915898591,4.23752139614016,-10.4913762952628
6.056,4.22220665898591,4.24028872009584,-10.5618999627363
6.058,4.22490415898591,4.24305015903882,-10.626009745058
6.06,4.22760165898591,4.24580582013199,-10.6831549169571
6.062,4.23026415898591,4.24855593524168,-10.7331255868026
6.064,4.23292665898591,4.25130071102393,-10.7758703024978
6.066,4.23558915898591,4.25404009105757,-10.8111484694513
6.068,4.23825165898591,4.25677406310372,-10.838974045971
6.07,4.24091415898591,4.25950282979242,-10.8598660113934
6.072,4.24354165898591,4.26222632411363,-10.8741341901893
6.074,4.24616915898591,4.2649441814803,-10.8819534491162
6.076,4.24879665898591,4.26765646916933,-10.8841757437472
6.078,4.25142415898591,4.27036281401544,-10.8814571007289
6.08,4.25405165898591,4.27306320301807,-10.8748662044982
6.082,4.25664415898591,4.27575728702332,-10.8653589654491
6.084,4.25923665898591,4.27844461423952,-10.8540348555796
6.086,4.26182915898591,4.28112507267975,-10.8420594160856
6.088,4.26442165898591,4.28379834216044,-10.8305446957096
6.09,4.26701415898591,4.28646404076857,-10.8206122100574
6.092,4.26957165898591,4.2891218255716,-10.8133612280714
6.094,4.27212915898591,4.29177137589702,-10.8097653679573
6.096,4.27468665898591,4.29441226246989,-10.810730391843
6.098,4.27724415898591,4.29704475055158,-10.8166026967707
6.1,4.27980165898591,4.29966828191941,-10.8279976404915
6.102,4.28232415898591,4.30228289832306,-10.844996980814
6.104,4.28484665898591,4.30488880598227,-10.8673964644681
6.106,4.28736915898591,4.30748574310276,-10.8951261795605
6.108,4.28989165898591,4.31007386970252,-10.9277455302098
6.11,4.29241415898591,4.31265319110314,-10.9648181736387
6.112,4.29490165898591,4.31522396974166,-11.0056984493543
6.114,4.29738915898591,4.31778604195852,-11.0498482713666
6.116,4.29987665898591,4.32033989575171,-11.0963741347406
6.118,4.30236415898591,4.32288555321811,-11.144466990634
6.12,4.30485165898591,4.32542332855352,-11.1931509091995
6.122,4.30730465898591,4.32795336400288,-11.2413922760123
6.124,4.30975765898591,4.33047615005873,-11.2881774409906
6.126,4.31221065898591,4.33299171034377,-11.3323569970783
6.128,4.31466365898591,4.33550053148498,-11.3728985979856
6.13,4.31711665898591,4.3380030145809,-11.4088379489261
6.132,4.31953565898591,4.34049911555609,-11.4388332988773
6.134,4.32195465898591,4.34298920858231,-11.4619285741571
6.136,4.32437365898591,4.34547362508639,-11.4773940558984
6.138,4.32679265898591,4.34795256832455,-11.4846689399702
6.14,4.32921165898591,4.35042604002031,-11.4831753883475
6.142,4.33159715898591,4.35289400729712,-11.472640711512
6.144,4.33398265898591,4.35535677373314,-11.4537059481337
6.146,4.33636815898591,4.35781391717813,-11.4261326779863
6.148,4.33875365898591,4.36026546845852,-11.3906343296993
6.15,4.34113915898591,4.36271134563176,-11.3478830421633
6.152,4.34349165898591,4.36515121671869,-11.2984222825283
6.154,4.34584415898591,4.36758471636539,-11.243000170223
6.156,4.34819665898591,4.37001221259485,-11.182980818158
6.158,4.35054915898591,4.37243279693465,-11.1188493125177
6.16,4.35290165898591,4.37484644640823,-11.0518519399364
6.162,4.35522165898591,4.3772529691924,-10.9830220943718
6.164,4.35754165898591,4.37965200287617,-10.9133667650627
6.166,4.35986165898591,4.38204306596679,-10.8439489747105
6.168,4.36218165898591,4.38442641798447,-10.7757123457503
6.17,4.36450165898591,4.38680122294963,-10.7096616831824
6.172,4.36678965898591,4.38916723498797,-10.6466507326369
6.174,4.36907765898591,4.39152463831583,-10.5871888694604
6.176,4.37136565898591,4.39387343082011,-10.5316290896413
6.178,4.37365365898591,4.39621325435841,-10.4803440433752
6.18,4.37594165898591,4.39854397629618,-10.4334218197422
6.182,4.37819815898591,4.40086605255429,-10.3904797463262
6.184,4.38045465898591,4.40317955268629,-10.3511878350113
6.186,4.38271115898591,4.4054843202848,-10.3151571936155
6.188,4.38496765898591,4.40778074370481,-10.2816503048277
6.19,4.38722415898591,4.41006877561821,-10.2499158127366
6.192,4.38944965898591,4.41234913457301,-10.2189844050435
6.194,4.39167515898591,4.41462173943721,-10.1879003887445
6.196,4.39390065898591,4.41688704131432,-10.1556319471747
6.198,4.39612615898591,4.41914553640389,-10.1212366966584
6.2,4.39835165898591,4.42139735038156,-10.0836831730996
6.202,4.40054665898591,4.42364264364919,-10.041846885529
6.204,4.40274165898591,4.42588203580513,-9.9949788077864
6.206,4.40493665898591,4.42811592060956,-9.94246061628167
6.208,4.40713165898591,4.43034413122056,-9.88311583581962
6.21,4.40932665898591,4.43256724225142,-9.81683471642071
6.212,4.41149165898591,4.43478545645249,-9.74338085170418
6.214,4.41365665898591,4.43699884923185,-9.66259921285494
6.216,4.41582165898591,4.43920732700024,-9.57440559905299
6.218,4.41798665898591,4.4414111987407,-9.47962229970858
6.22,4.42015165898591,4.44361032374529,-9.37862564089903
6.222,4.42228715898591,4.44580453542068,-9.27203927631864
6.224,4.42442265898591,4.44799359897355,-9.16067312497542
6.226,4.42655815898591,4.4501777175635,-9.04579500503178
6.228,4.42869365898591,4.45235621133435,-8.92829248963986
6.23,4.43082915898591,4.45452914332474,-8.80959016939761
6.232,4.43293565898591,4.45669618525036,-8.69093912515125
6.234,4.43504215898591,4.45885693899694,-8.57371436796454
6.236,4.43714865898591,4.46101132796312,-8.45915473311286
6.238,4.43925515898591,4.46315911146618,-8.34841815669653
6.24,4.44136165898591,4.46529997339412,-8.2426738007132
6.242,4.44343965898591,4.46743330058719,-8.14335111867025
6.244,4.44551765898591,4.46955953376647,-8.05079280701979
6.246,4.44759565898591,4.4716779234588,-7.96632382952139
6.248,4.44967365898591,4.47378841463323,-7.89047896545417
6.25,4.45175165898591,4.47589103141972,-7.82350986378517
6.252,4.45380165898591,4.47798562193411,-7.76568638424387
6.254,4.45585165898591,4.48007237210007,-7.71675227659097
6.256,4.45790165898591,4.4821513108366,-7.67651333626925
6.258,4.45995165898591,4.48422252779485,-7.64461254340462
6.26,4.46200165898591,4.48628606934858,-7.6206574550329
6.262,4.46402415898591,4.48834203225451,-7.60410084693357
6.264,4.46604665898591,4.49039074283616,-7.59409465911225
6.266,4.46806915898591,4.49243239819593,-7.58984843194913
6.268,4.47009165898591,4.49446725409168,-7.59044043096941
6.27,4.47211415898591,4.49649567792604,-7.59483146637808
6.272,4.47410965898591,4.49851776672702,-7.602064172778
6.274,4.47610515898591,4.50053405428486,-7.61097716449366
6.276,4.47810065898591,4.50254492504432,-7.62053274461113
6.278,4.48009615898591,4.50455037311971,-7.62963939795138
6.28,4.48209165898591,4.5065509889617,-7.63732973310297
6.282,4.48406065898591,4.50854692200371,-7.64269653135279
6.284,4.48602965898591,4.51053843542048,-7.64499480533698
6.286,4.48799865898591,4.51252568907257,-7.64364228303726
6.288,4.48996765898591,4.51450881315113,-7.63830268893242
6.29,4.49193665898591,4.51648791701766,-7.62888020244155
6.292,4.49387965898591,4.51846307121536,-7.61550308396612
6.294,4.49582265898591,4.52043417816068,-7.59833857686478
6.296,4.49776565898591,4.52240115043112,-7.57774350645898
6.298,4.49970865898591,4.52436394666185,-7.55422302892137
6.3,4.50165165898591,4.52632222907374,-7.52823985839107
6.302,4.50357015898591,4.52827584342328,-7.50050751465469
6.304,4.50548865898591,4.53022480343396,-7.4717879201311
6.306,4.50740715898591,4.53216863204052,-7.44281462054219
6.308,4.50932565898591,4.53410718545224,-7.41444694722499
6.31,4.51124415898591,4.53604019935458,-7.38753275702616
6.312,4.51313965898591,4.5379673041252,-7.36300385513602
6.314,4.51503515898591,4.53988824834959,-7.34178715241047
6.316,4.51693065898591,4.5418030339626,-7.3245252178837
6.318,4.51882615898591,4.54371097727409,-7.31224788132121
6.32,4.52072165898591,4.54561228753826,-7.30524181170208
6.322,4.52259565898591,4.54750671304633,-7.30397758500695
6.324,4.52446965898591,4.54939401709936,-7.30878289563374
6.326,4.52634365898591,4.55127452250959,-7.31933553214002
6.328,4.52821765898591,4.55314804707775,-7.33556320252247
6.33,4.53009165898591,4.55501472500742,-7.35697677543877
6.332,4.53194565898591,4.55687451336462,-7.38305762781598
6.334,4.53379965898591,4.55872801417773,-7.41274590206487
6.336,4.53565365898591,4.56057538928038,-7.44523745828073
6.338,4.53750765898591,4.56241670298175,-7.47957201368503
6.34,4.53936165898591,4.56425237898102,-7.51452079396403
6.342,4.54119715898591,4.56608273171698,-7.54876732388403
6.344,4.54303265898591,4.56790840470285,-7.58113473312166
6.346,4.54486815898591,4.5697295313121,-7.61023509746244
6.348,4.54670365898591,4.57154652940239,-7.63472485090093
6.35,4.54853915898591,4.57335988061806,-7.65353841294316
6.352,4.55035765898591,4.57516993869085,-7.66550652770821
6.354,4.55217615898591,4.57697703779989,-7.66942145428593
6.356,4.55399465898591,4.57878145378628,-7.66377897412911
6.358,4.55581315898591,4.58058364550503,-7.64796613941053
6.36,4.55763165898591,4.58238381303338,-7.6207705955259
6.362,4.55943465898591,4.58418220803566,-7.5818518886627
6.364,4.56123765898591,4.58597889942365,-7.53054718566672
6.366,4.56304065898591,4.58777397258858,-7.46723547896773
6.368,4.56484365898591,4.58956731980657,-7.39169540077312
6.37,4.56664665898591,4.59135893930388,-7.30511728977312
6.372,4.56843565898591,4.59314864350864,-7.20797273529796
6.374,4.57022465898591,4.59493615060656,-7.10090791981044
6.376,4.57201365898591,4.5967213937672,-6.98576446550511
6.378,4.57380265898591,4.59850395539581,-6.86336299981391
6.38,4.57559165898591,4.60028366207234,-6.73534423162923
6.382,4.57736815898591,4.60206026333473,-6.60307214364233
6.384,4.57914465898591,4.60383334477219,-6.46777925152372
6.386,4.58092115898591,4.60560271063463,-6.33089271753076
6.388,4.58269765898591,4.60736806373582,-6.19364601141427
6.39,4.58447415898591,4.60912922851294,-6.05719708202722
6.392,4.58623965898591,4.61088559272685,-5.92285560787722
6.394,4.58800515898591,4.61263729642387,-5.79145464441648
6.396,4.58977065898591,4.61438416618319,-5.6637151344188
6.398,4.59153615898591,4.61612577078737,-5.54046326343823
6.4,4.59330165898591,4.61786225584641,-5.42185146483532
6.402,4.59505765898591,4.6195935797387,-5.30801248055332
6.404,4.59681365898591,4.62131988314122,-5.19877711457094
6.406,4.59856965898591,4.62304117526395,-5.09397341284844
6.408,4.60032565898591,4.62475762740036,-4.9931502816902
6.41,4.60208165898591,4.62646950994464,-4.89565520778476
6.412,4.60382965898591,4.62817717618837,-4.80068002243948
6.414,4.60557765898591,4.6298808262433,-4.70732754364071
6.416,4.60732565898591,4.6315808479926,-4.61446174503015
6.418,4.60907365898591,4.63327780912729,-4.52095073147292
6.42,4.61082165898591,4.63497196737266,-4.42557692637599
6.422,4.61256265898591,4.63666384461601,-4.32726620980144
6.424,4.61430365898591,4.63835380006568,-4.22491320461921
6.426,4.61604465898591,4.64004220457527,-4.11740867834231
6.428,4.61778565898591,4.64172946112431,-4.00381100929461
6.43,4.61952665898591,4.64341591031912,-3.88318898973479
6.432,4.62126165898591,4.64510186090021,-3.75526396512116
6.434,4.62299665898591,4.64678751940875,-3.61945856995749
6.436,4.62473165898591,4.64847303672621,-3.47545116220292
6.438,4.62646665898591,4.65015849306335,-3.32391421836113
6.44,4.62820165898591,4.65184389321056,-3.16486609564293
6.442,4.62993165898591,4.65352918152409,-2.99886510011105
6.444,4.63166165898591,4.65521424396782,-2.82695898321828
6.446,4.63339165898591,4.65689891142252,-2.65013974304492
6.448,4.63512165898591,4.65858299044677,-2.46965649670615
6.45,4.63685165898591,4.660266144982,-2.28669089526667
6.452,4.63857765898591,4.66194816509,-2.10288458113936
6.454,4.64030365898591,4.66362868213814,-1.91963729537663
6.456,4.64202965898591,4.66530747469675,-1.73829616818576
6.458,4.64375565898591,4.66698424766512,-1.56018077490491
6.46,4.64548165898591,4.66865881416454,-1.38634808504367
6.462,4.64720465898591,4.67033093468801,-1.21788849563618
6.464,4.64892765898591,4.67200038200706,-1.05586489214261
6.466,4.65065065898591,4.67366720475936,-0.900561366252901
6.468,4.65237365898591,4.67533105914449,-0.753222916078281
6.47,4.65409665898591,4.67699193574814,-0.614176176311335
6.472,4.65581765898591,4.6786498027188,-0.483746531457863
6.474,4.65753865898591,4.68030463753935,-0.362200506088217
6.476,4.65925965898591,4.68195666705644,-0.249025282964757
6.478,4.66098065898591,4.68360593591508,-0.144215935341964
6.48,4.66270165898591,4.68525253193056,-0.0476249665214214
6.482,4.66442165898591,4.68689675930336,0.0415837468316267
6.484,4.66614165898591,4.68853877659218,0.123811852620643
6.486,4.66786165898591,4.6901789455617,0.200115893365095
6.488,4.66958165898591,4.69181751598544,0.271206357296859
6.49,4.67130165898591,4.69345475102274,0.337821712961562
6.492,4.67302165898591,4.69509100647728,0.400993617404417
6.494,4.67474165898591,4.69672662794541,0.461720062510194
6.496,4.67646165898591,4.69836195270603,0.52097308027417
6.498,4.67818165898591,4.69999733869257,0.579706507922242
6.5,4.67990165898591,4.70163308484121,0.638816359126586
6.502,4.68162265898591,4.70326954262952,0.699163749461102
6.504,4.68334365898591,4.70490697088332,0.761402265794042
6.506,4.68506465898591,4.70654552358673,0.825872553014568
6.508,4.68678565898591,4.70818534965219,0.892827742680313
6.51,4.68850665898591,4.70982656390182,0.962377506333045
6.512,4.69022965898591,4.7114692021232,1.0343949849853
6.514,4.69195265898591,4.71311325173303,1.10860586566078
6.516,4.69367565898591,4.71475868366856,1.18464068867753
6.518,4.69539865898591,4.71640540384476,1.26195821409956
6.52,4.69712165898591,4.71805330865219,1.33993557488551
6.522,4.69884765898591,4.71970222062618,1.41774430943119
6.524,4.70057365898591,4.72135190926056,1.49455475448379
6.526,4.70229965898591,4.72300218372903,1.56932254823945
6.528,4.70402565898591,4.72465278336184,1.64086011917945
6.53,4.70575165898591,4.72630344044407,1.70844947514512
6.532,4.70748165898591,4.72795389388731,1.77067949129101
6.534,4.70921165898591,4.72960391888398,1.82699191913431
6.536,4.71094165898591,4.73125327584184,1.87627024931195
6.538,4.71267165898591,4.73290177149956,1.91780939320446
6.54,4.71440165898591,4.73454931238274,1.95154906439634
6.542,4.71613665898591,4.73619580282623,1.97717840540271
6.544,4.71787165898591,4.73784115662999,1.99436386237063
6.546,4.71960665898591,4.73948536366007,2.00318453777589
6.548,4.72134165898591,4.74112845676238,2.0038642882616
6.55,4.72307665898591,4.74277050427778,1.99670790625011
6.552,4.72481765898591,4.74441162742469,1.98219245655426
6.554,4.72655865898591,4.74605205165957,1.9614730332458
6.556,4.72829965898591,4.74769195150302,1.93490565220087
6.558,4.73004065898591,4.74933165140673,1.90381955195489
6.56,4.73178165898591,4.75097149712085,1.86948920403427
6.562,4.73352965898591,4.75261183214448,1.83327140606761
6.564,4.73527765898591,4.75425306776439,1.79648707493749
6.566,4.73702565898591,4.75589553606874,1.76048717538168
6.568,4.73877365898591,4.7575395985856,1.72650283088848
6.57,4.74052165898591,4.75918563858912,1.69580126050821
6.572,4.74227765898591,4.76083389939942,1.66935090135587
6.574,4.74403365898591,4.76248477554599,1.64833258377693
6.576,4.74578965898591,4.76413846954701,1.63348455672141
6.578,4.74754565898591,4.76579530475769,1.62573977607165
6.58,4.74930165898591,4.7674552945406,1.62524394658817
6.582,4.75106715898591,4.76911871082234,1.63266198196615
6.584,4.75283265898591,4.77078541537791,1.64763546088669
6.586,4.75459815898591,4.77245546313649,1.67018453667431
6.588,4.75636365898591,4.7741288641446,1.70015386659133
6.59,4.75812915898591,4.77580553859274,1.73711812552767
6.592,4.75990515898591,4.77748529689188,1.78034657356958
6.594,4.76168115898591,4.77916800705538,1.82916892473617
6.596,4.76345715898591,4.78085331088139,1.882492245675
6.598,4.76523315898591,4.78254121132829,1.93977444886675
6.6,4.76700915898591,4.78423132585724,1.99981692329072
6.602,4.76879665898591,4.78592343757937,2.06169070551632
6.604,4.77058415898591,4.78761726311179,2.12439629704165
6.606,4.77237165898591,4.7893126353076,2.18689996223764
6.608,4.77415915898591,4.79100916397974,2.24827473941555
6.61,4.77594665898591,4.79270667673828,2.30772843616147
6.612,4.77774665898591,4.79440501423436,2.36441801871922
6.614,4.77954665898591,4.79610398896164,2.41800636373597
6.616,4.78134665898591,4.79780355034757,2.46802459938553
6.618,4.78314665898591,4.79950364765297,2.51455910306176
6.62,4.78494665898591,4.80120432755503,2.5576720271727
6.622,4.78676015898591,4.80290570436978,2.59757563068181
6.624,4.78857365898591,4.8046079130627,2.63475671111538
6.626,4.79038715898591,4.80631112702108,2.66976565371736
6.628,4.79220065898591,4.80801552890451,2.70321801678046
6.63,4.79401415898591,4.80972138852783,2.73578586106113
6.632,4.79584215898591,4.8114289256785,2.76826020113993
6.634,4.79767015898591,4.81313839267088,2.80142593306271
6.636,4.79949815898591,4.81485017308393,2.83622350321976
6.638,4.80132615898591,4.81656442533629,2.87343834468824
6.64,4.80315415898591,4.81828148922626,2.91397750535546
6.642,4.80499765898591,4.82000167571591,2.95874397635084
6.644,4.80684115898591,4.82172537754911,3.00876153131285
6.646,4.80868465898591,4.8234528532962,3.06482923330234
6.648,4.81052815898591,4.82518450175613,3.12790713621203
6.65,4.81237165898591,4.82692037687542,3.19827301986798
6.652,4.81423165898591,4.82866086092841,3.27665053155864
6.654,4.81609165898591,4.83040599929837,3.36306034102209
6.656,4.81795165898591,4.83215592415499,3.45755168897576
6.658,4.81981165898591,4.83391048925314,3.55960602691466
6.66,4.82167165898591,4.83566981484203,3.66906290638562
6.662,4.82354915898591,4.83743387556094,3.7854376005646
6.664,4.82542665898591,4.83920261793809,3.90809333811397
6.666,4.82730415898591,4.84097554932537,4.03584190648639
6.668,4.82918165898591,4.8427529703356,4.16830696485841
6.67,4.83105915898591,4.84453441922189,4.30414073717806
6.672,4.83295515898591,4.84631965663635,4.4421761372589
6.674,4.83485115898591,4.84810844179152,4.58117565728475
6.676,4.83674715898591,4.84990043804653,4.71982923462138
6.678,4.83864315898591,4.85169536352046,4.85688606676023
6.68,4.84053915898591,4.85349288649575,4.99119940077798
6.682,4.84245465898591,4.85529291300441,5.12126730911768
6.684,4.84437015898591,4.85709505138822,5.24618190177715
6.686,4.84628565898591,4.85889905059371,5.36533506827487
6.688,4.84820115898591,4.8607049512016,5.47730691242209
6.69,4.85011665898591,4.862512507189,5.5822482896631
6.692,4.85205265898591,4.86432172728513,5.67987027281264
6.694,4.85398865898591,4.86613275071424,5.76980042287281
6.696,4.85592465898591,4.86794560827496,5.85260316121485
6.698,4.85786065898591,4.86976058784786,5.9282632494962
6.7,4.85979665898591,4.87157775785033,5.99786547109682
6.702,4.86175315898591,4.87339733849441,6.06209968998917
6.704,4.86370965898591,4.87521987305546,6.12146287722528
6.706,4.86566615898591,4.8770454779378,6.17744237394085
6.708,4.86762265898591,4.87887451477906,6.23109515237869
6.71,4.86957915898591,4.88070754714286,6.28357360737506
6.712,4.87155615898591,4.88254475294029,6.33613645197934
6.714,4.87353315898591,4.88438644710503,6.389838255126
6.716,4.87551015898591,4.88623340715056,6.44599566456811
6.718,4.87748715898591,4.88808535141435,6.50524789231547
6.72,4.87946415898591,4.8899432887676,6.56892946690404
6.722,4.88146165898591,4.89180687556282,6.63725459232257
6.724,4.88345915898591,4.89367631638948,6.71063471965656
6.726,4.88545665898591,4.89555210639881,6.78959296175133
6.728,4.88745415898591,4.89743397713094,6.87379186014856
6.73,4.88945165898591,4.89932189295594,6.96294817956151
6.732,4.89146965898591,4.90121613824954,7.05685273367252
6.734,4.89348765898591,4.90311617948858,7.15453181849262
6.736,4.89550565898591,4.90502188807923,7.25525280314902
6.738,4.89752365898591,4.90693317048054,7.35815203033434
6.74,4.89954165898591,4.90884978957262,7.46211371461135
6.742,4.90158015898591,4.9107715379285,7.56586624315663
6.744,4.90361865898591,4.91269765613255,7.66826209285148
6.746,4.90565715898591,4.91462809301203,7.76806271090322
6.748,4.90769565898591,4.91656260330952,7.86392894039446
6.75,4.90973415898591,4.91850069606361,7.95490615903563
6.752,4.91179315898591,4.9204421463638,8.03989071910191
6.754,4.91385215898591,4.92238674646979,8.1176943082052
6.756,4.91591115898591,4.92433433042318,8.18691103316242
6.758,4.91797015898591,4.92628433611619,8.24762669852209
6.76,4.92002915898591,4.9282369148574,8.29770452485885
6.762,4.92210865898591,4.93019168624373,8.33743130089299
6.764,4.92418815898591,4.9321486891796,8.36576996115503
6.766,4.92626765898591,4.93410784234506,8.38276006078237
6.768,4.92834715898591,4.93606921598193,8.38820690585261
6.77,4.93042665898591,4.9380328753211,8.38238129792954
6.772,4.93252665898591,4.93999899115939,8.36554370938004
6.774,4.93462665898591,4.94196774109464,8.33838535374097
6.776,4.93672665898591,4.94393931201048,8.30189813326721
6.778,4.93882665898591,4.94591398725854,8.25708858788179
6.78,4.94092665898591,4.94789210435964,8.20508060614418
6.782,4.94304715898591,4.94987389471649,8.14728621753616
6.784,4.94516765898591,4.95185964267656,8.08499959543088
6.786,4.94728815898591,4.95384997796509,8.01933426293373
6.788,4.94940865898591,4.95584485044859,7.95181416291527
6.79,4.95152915898591,4.95784473927541,7.88356580623387
6.792,4.95367015898591,4.95984993654092,7.8157771909033
6.794,4.95581115898591,4.96186103588711,7.74973282776561
6.796,4.95795215898591,4.96387816485546,7.68649756581983
6.798,4.96009315898591,4.96590135102128,7.62679743778765
6.8,4.96223415898591,4.96793128920566,7.57163174475668
6.802,4.96439565898591,4.96996788853836,7.52130243989458
6.804,4.96655715898591,4.97201118893323,7.47596626304473
6.806,4.96871865898591,4.97406125115859,7.43562439793075
6.808,4.97088015898591,4.97611808096663,7.40008767484181
6.81,4.97304165898591,4.97818148391092,7.36887387518002
6.812,4.97522365898591,4.98025123683233,7.34137370698282
6.814,4.97740565898591,4.98232747405039,7.31698315690946
6.816,4.97958765898591,4.9844095444833,7.29457187295639
6.818,4.98176965898591,4.98649724726989,7.27316407600633
6.82,4.98395165898591,4.98859009359401,7.25170449448912
6.822,4.98615415898591,4.99068814696423,7.22899450375454
6.824,4.98835665898591,4.99279050607103,7.20417043331041
6.826,4.99055915898591,4.99489736818678,7.17585367560452
6.828,4.99276165898591,4.99700796971784,7.14348037173432
6.83,4.99496415898591,4.9991222969875,7.10587482035558
6.832,4.99718715898591,5.0012401379505,7.06211615968777
6.834,4.99941015898591,5.00336098435633,7.01215774635507
6.836,5.00163315898591,5.00548469394981,6.95566857228149
6.838,5.00385615898591,5.00761137406039,6.89198828839425
6.84,5.00607915898591,5.0097407520327,6.82175922378478
6.842,5.00832265898591,5.01187292928505,6.7450782036493
6.844,5.01056615898591,5.01400794158279,6.6625023251636
6.846,5.01280965898591,5.01614596821835,6.57462549421609
6.848,5.01505315898591,5.01828724428771,6.48227998440916
6.85,5.01729665898591,5.0204319138122,6.38664516294918
6.852,5.01956065898591,5.02258040871938,6.28893774011716
6.854,5.02182465898591,5.02473281839072,6.19058369079415
6.856,5.02408865898591,5.02688944776606,6.09285005274226
6.858,5.02635265898591,5.02905085151476,5.99716388637344
6.86,5.02861665898591,5.03121702167323,5.90463310803283
6.862,5.03090115898591,5.03338839882319,5.81649090869388
6.864,5.03318565898591,5.03556535570804,5.73395546481156
6.866,5.03547015898591,5.03774786432782,5.65769735586243
6.868,5.03775465898591,5.03993603519309,5.58837116877754
6.87,5.04003915898591,5.0421306431232,5.52745052637645
6.872,5.04234315898591,5.04433102918149,5.47440929352313
6.874,5.04464715898591,5.04653769933223,5.43014770899729
6.876,5.04695115898591,5.04875060442317,5.39470583597121
6.878,5.04925515898591,5.05096976158952,5.36808394032899
6.88,5.05155915898591,5.05319495998795,5.34985291438735
6.882,5.05388165898591,5.05542596132593,5.33947163223191
6.884,5.05620415898591,5.05766294779122,5.33685497952758
6.886,5.05852665898591,5.05990558853824,5.34113321128161
6.888,5.06084915898591,5.06215356780105,5.35139185300601
6.89,5.06317165898591,5.0644066379226,5.36675347089906
6.892,5.06551165898591,5.06666456784263,5.38625554248537
6.894,5.06785165898591,5.06892706587278,5.40882208566051
6.896,5.07019165898591,5.07119378246801,5.43335666563675
6.898,5.07253165898591,5.07346436103232,5.45879203284909
6.9,5.07487165898591,5.07573875843072,5.48402567563933
6.902,5.07722815898591,5.07801620889659,5.50815600504643
6.904,5.07958465898591,5.080296812614,5.53022760664789
6.906,5.08194115898591,5.08258029556204,5.54947045184953
6.908,5.08429765898591,5.08486648255466,5.56527691101385
6.91,5.08665415898591,5.0871551570211,5.57736175585532
6.912,5.08902615898591,5.08944626693141,5.58546944547772
6.914,5.09139815898591,5.09173977013768,5.58954808552606
6.916,5.09377015898591,5.09403566518908,5.58970521448402
6.918,5.09614215898591,5.09633404921408,5.58610690164476
6.92,5.09851415898591,5.0986349302015,5.5791958865366
6.922,5.10090065898591,5.10093850714846,5.56929555573775
6.924,5.10328715898591,5.10324495495043,5.55686991639349
6.926,5.10567365898591,5.10555430832795,5.5424774082305
6.928,5.10806015898591,5.10786691716356,5.52651524089822
6.93,5.11044665898591,5.11018279724421,5.50957878367994
6.932,5.11284665898591,5.1125022197689,5.49219030727319
6.934,5.11524665898591,5.11482535582283,5.47496285597351
6.936,5.11764665898591,5.11715265410079,5.45863616440705
6.938,5.12004665898591,5.11948402988232,5.44377838080615
6.94,5.12244665898591,5.12181998025524,5.43108018159748
6.942,5.12485915898591,5.12416040152274,5.42086243578849
6.944,5.12727165898591,5.12650533230914,5.41336891239762
6.946,5.12968415898591,5.12885514515252,5.40897390980333
6.948,5.13209665898591,5.13120950447657,5.40749793004335
6.95,5.13450915898591,5.13356857451961,5.4089751577376
6.952,5.13693315898591,5.13593216924717,5.41311874085513
6.954,5.13935715898591,5.13830022153756,5.41960702904161
6.956,5.14178115898591,5.14067265652077,5.42799264309932
6.958,5.14420515898591,5.14304923013995,5.43767956784264
6.96,5.14662915898591,5.14542969846809,5.44804918531938
6.962,5.14906365898591,5.14781412931756,5.45836504156382
6.964,5.15149815898591,5.15020198434709,5.46783480587227
6.966,5.15393265898591,5.152593277709,5.47550794291968
6.968,5.15636715898591,5.15498765007479,5.48044443845995
6.97,5.15880165898591,5.15738485981246,5.4815999788349
6.972,5.16124565898591,5.15978455382686,5.47812894614547
6.974,5.16368965898591,5.16218646291381,5.46908210691065
6.976,5.16613365898591,5.16459038418409,5.4532102203267
6.978,5.16857765898591,5.16699600018335,5.42949708059165
6.98,5.17102165898591,5.16940295245904,5.39760962085176
6.982,5.17347365898591,5.17181108731874,5.35623683425393
6.984,5.17592565898591,5.17422013793325,5.30527591349362
6.986,5.17837765898591,5.17662997644059,5.2441538986598
6.988,5.18082965898591,5.17904051790785,5.17257863354353
6.99,5.18328165898591,5.18145170922355,5.09113916301861
6.992,5.18574065898591,5.18386360053459,5.00014833489134
6.994,5.18819965898591,5.18627633275819,4.89996132427428
6.996,5.19065865898591,5.18869002968435,4.79186420476365
6.998,5.19311765898591,5.19110486609309,4.67690479724387
7,5.19557665898591,5.19352117256763,4.55590575876006
7.002,5.19804165898591,5.19593920841199,4.43036679404654
7.004,5.20050665898591,5.19835922689667,4.30163330398876
7.006,5.20297165898591,5.20078157349579,4.17095433123838
7.008,5.20543665898591,5.20320638395389,4.03960222739308
7.01,5.20790165898591,5.20563389074141,3.90859353858723
7.012,5.21037165898591,5.20806449972088,3.77906032585878
7.014,5.21284165898591,5.21049812790346,3.65175003691278
7.016,5.21531165898591,5.21293519227712,3.52765626650385
7.018,5.21778165898591,5.21537572280527,3.40738046417492
7.02,5.22025165898591,5.21781962830861,3.29120940920454
7.022,5.22272565898591,5.22026719584147,3.17980501715562
7.024,5.22519965898591,5.22271814405299,3.0729944588875
7.026,5.22767365898591,5.22517259757279,2.97104603722326
7.028,5.23014765898591,5.22763034242996,2.87366675371548
7.03,5.23262165898591,5.23009131822904,2.78069192560458
7.032,5.23509865898591,5.23255528172651,2.69161817240429
7.034,5.23757565898591,5.23502209028159,2.60597614407673
7.036,5.24005265898591,5.23749136186626,2.52291202489328
7.038,5.24252965898591,5.23996287583364,2.44169970495163
7.04,5.24500665898591,5.2424363110824,2.36140601893058
7.042,5.24748565898591,5.24491132931206,2.28104066905124
7.044,5.24996465898591,5.24738757928678,2.19963196350267
7.046,5.25244365898591,5.24986472510457,2.11621568350465
7.048,5.25492265898591,5.25234244226997,2.0297081922656
7.05,5.25740165898591,5.25482037824455,1.93951474726757
7.052,5.25988165898591,5.25729829065532,1.84496124199269
7.054,5.26236165898591,5.25977592045719,1.74517872384799
7.056,5.26484165898591,5.2622531176657,1.64028863742425
7.058,5.26732165898591,5.26472971580918,1.52975156239851
7.06,5.26980165898591,5.26720567249907,1.41395717964722
7.062,5.27228165898591,5.26968093997594,1.29298628471943
7.064,5.27476165898591,5.27215552049367,1.16715673519912
7.066,5.27724165898591,5.27462944993548,1.03691184403906
7.068,5.27972165898591,5.27710277642276,0.902676877692915
7.07,5.28220165898591,5.27957562025257,0.765226514948092
7.072,5.28468065898591,5.28204811747089,0.625290016181614
7.074,5.28715965898591,5.28452047131697,0.483861966436048
7.076,5.28963865898591,5.28699291259016,0.342065322648137
7.078,5.29211765898591,5.28946570794054,0.201060975284913
7.08,5.29459665898591,5.29193911992058,0.0620462141029549
7.082,5.29707365898591,5.29441342482881,-0.0737715286239579
7.084,5.29955065898591,5.29688889940544,-0.205185600438316
7.086,5.30202765898591,5.29936577939212,-0.331159377303769
7.088,5.30450465898591,5.30184437686244,-0.450357026278392
7.09,5.30698165898591,5.30432491211803,-0.561790146876377
7.092,5.30945565898591,5.30680751157799,-0.664828037826111
7.094,5.31192965898591,5.30929221429528,-0.759171051655237
7.096,5.31440365898591,5.3117791558499,-0.844051650569106
7.098,5.31687765898591,5.3142681166851,-0.920159905883679
7.1,5.31935165898591,5.31675901830589,-0.987555979028958
7.102,5.32182165898591,5.31925164996737,-1.04686385045758
7.104,5.32429165898591,5.32174591341422,-1.09810631611684
7.106,5.32676165898591,5.32424145114634,-1.14256629378008
7.108,5.32923165898591,5.32673804133814,-1.18078363577091
7.11,5.33170165898591,5.32923534160763,-1.21394358180043
7.112,5.33416665898591,5.33173304736764,-1.24288965907137
7.114,5.33663165898591,5.33423080183955,-1.26882320646025
7.116,5.33909665898591,5.33672822896872,-1.2928204222242
7.118,5.34156165898591,5.33922500294223,-1.31609548122635
7.12,5.34402665898591,5.34172077178336,-1.33968883868473
7.122,5.34648565898591,5.34421508116139,-1.3648602856865
7.124,5.34894465898591,5.34670775806735,-1.39241925410998
7.126,5.35140365898591,5.34919833035117,-1.42353212656175
7.128,5.35386265898591,5.35168655780849,-1.45894874873935
7.13,5.35632165898591,5.35417240165175,-1.49889300919937
7.132,5.35877365898591,5.35665565741807,-1.54379954139699
7.134,5.36122565898591,5.35913617323379,-1.59388976627082
7.136,5.36367765898591,5.36161412691692,-1.64865227171448
7.138,5.36612965898591,5.36408958840753,-1.70770634738599
7.14,5.36858165898591,5.36656251148845,-1.77073715789954
7.142,5.37102565898591,5.36903332764331,-1.83663059509892
7.144,5.37346965898591,5.3715020433549,-1.90484282361539
7.146,5.37591365898591,5.37396893542885,-1.97434969356404
7.148,5.37835765898591,5.37643426075073,-2.04411053611393
7.15,5.38080165898591,5.37889829270172,-2.11309545597616
7.152,5.38323615898591,5.38136125842664,-2.18018890083855
7.154,5.38567065898591,5.38382346250029,-2.24454212689325
7.156,5.38810515898591,5.38628511123937,-2.30506415555206
7.158,5.39053965898591,5.38874646111545,-2.36104958554825
7.16,5.39297415898591,5.39120771302214,-2.41148171515531
7.162,5.39539765898591,5.39366907216947,-2.4555448567244
7.164,5.39782115898591,5.3961306818812,-2.49300996909936
7.166,5.40024465898591,5.39859265967943,-2.52315834020075
7.168,5.40266815898591,5.40105504448855,-2.54605423976264
7.17,5.40509165898591,5.40351782559271,-2.56176764130343
7.172,5.40750265898591,5.40598094352737,-2.5705679665222
7.174,5.40991365898591,5.40844429994756,-2.57240467013357
7.176,5.41232465898591,5.41090771589474,-2.56825260698288
7.178,5.41473565898591,5.41337099235329,-2.5589221174491
7.18,5.41714665898591,5.41583384822434,-2.54505688469077
7.182,5.41954415898591,5.41829597410092,-2.52797866219633
7.184,5.42194165898591,5.42075697394019,-2.50895557902282
7.186,5.42433915898591,5.42321650132336,-2.48934112086487
7.188,5.42673665898591,5.42567417552818,-2.47050742451184
7.19,5.42913415898591,5.42812952786901,-2.45390733775907
7.192,5.43151715898591,5.43058228857149,-2.44072259026903
7.194,5.43390015898591,5.43303208415431,-2.43217377151573
7.196,5.43628315898591,5.43547851532025,-2.42951426667047
7.198,5.43866615898591,5.43792102945613,-2.43428766157924
7.2,5.44104915898591,5.4403596872144,-2.44678401596802
7.202,5.44341665898591,5.44279414859987,-2.46794272425031
7.204,5.44578415898591,5.44522390649431,-2.49901459380053
7.206,5.44815165898591,5.44764873040931,-2.54057121461022
7.208,5.45051915898591,5.45006891848367,-2.59194694908087
7.21,5.45288665898591,5.45248436565483,-2.65325856000459
7.212,5.45523765898591,5.45489470848895,-2.72505546650706
7.214,5.45758865898591,5.45730035943213,-2.80620610169974
7.216,5.45993965898591,5.45970143382298,-2.89613291357684
7.218,5.46229065898591,5.46209781705426,-2.99454439694651
7.22,5.46464165898591,5.46449005108091,-3.09983689836887
7.222,5.46697515898591,5.46687840357385,-3.21086147419028
7.224,5.46930865898591,5.46926311732613,-3.32635942087074
7.226,5.47164215898591,5.47164470559245,-3.44473223653294
7.228,5.47397565898591,5.47402339454689,-3.56460345721505
7.23,5.47630915898591,5.47639967403638,-3.6845072067368
7.232,5.47862415898591,5.47877382037866,-3.80312323310507
7.234,5.48093915898591,5.48114617651849,-3.91929010721078
7.236,5.48325415898591,5.48351691316506,-4.03161907420723
7.238,5.48556915898591,5.48588631652444,-4.13930721231736
7.24,5.48788415898591,5.48825452890466,-4.24175882913176
7.242,5.49017965898591,5.49062153301198,-4.33827207849186
7.244,5.49247515898591,5.4929873581501,-4.4290752675169
7.246,5.49477065898591,5.49535187680857,-4.51417682001075
7.248,5.49706615898591,5.49771493080384,-4.59387040043468
7.25,5.49936165898591,5.50007632106986,-4.66858471135166
7.252,5.50163665898591,5.50243575402944,-4.73873996539842
7.254,5.50391165898591,5.50479312787574,-4.80528359357603
7.256,5.50618665898591,5.50714795319611,-4.86862902841208
7.258,5.50846165898591,5.50950002774555,-4.92984248919337
7.26,5.51073665898591,5.51184905224315,-4.98985850154653
7.262,5.51299015898591,5.5141945738809,-5.04967823527553
7.264,5.51524365898591,5.51653617273325,-5.11043396347846
7.266,5.51749715898591,5.51887366302005,-5.17312035138886
7.268,5.51975065898591,5.5212066031363,-5.23879686755334
7.27,5.52200415898591,5.52353435485524,-5.30874235943399
7.272,5.52423615898591,5.52585712219274,-5.38340688661586
7.274,5.52646815898591,5.52817414452482,-5.46399528168894
7.276,5.52870015898591,5.53048529061251,-5.55094566712483
7.278,5.53093215898591,5.53279050300595,-5.64439270995719
7.28,5.53316415898591,5.53508971942203,-5.74428436744866
7.282,5.53537465898591,5.53738293027571,-5.85033422025909
7.284,5.53758515898591,5.53967034438175,-5.96191562901394
7.286,5.53979565898591,5.54195165689432,-6.07872252312092
7.288,5.54200615898591,5.5442274712878,-6.1996033764708
7.29,5.54421665898591,5.54649764729179,-6.32391405440762
7.292,5.54640565898591,5.5487624189784,-6.45061768400045
7.294,5.54859465898591,5.55102238092948,-6.57856693627194
7.296,5.55078365898591,5.55327729344619,-6.70668968521798
7.298,5.55297265898591,5.55552785959346,-6.83381102092536
7.3,5.55516165898591,5.5577742415835,-6.95879852144554
7.302,5.55732915898591,5.56001664696097,-7.0804397127958
7.304,5.55949665898591,5.56225538633196,-7.1976292310747
7.306,5.56166415898591,5.56449075488548,-7.30934615649063
7.308,5.56383165898591,5.56672306230999,-7.41468581265018
7.31,5.56599915898591,5.56895240883504,-7.51222899090013
7.312,5.56814515898591,5.57117908341651,-7.6009603633133
7.314,5.57029115898591,5.57340333789221,-7.68015034939616
7.316,5.57243715898591,5.57562535607323,-7.749250278041
7.318,5.57458315898591,5.5778450848833,-7.80709131289432
7.32,5.57672915898591,5.58006265745995,-7.85407289658056
7.322,5.57885365898591,5.58227803939742,-7.89033521071776
7.324,5.58097815898591,5.58449091736645,-7.91529893579131
7.326,5.58310265898591,5.58670130738314,-7.9303652106383
7.328,5.58522715898591,5.58890893651612,-7.9360146580402
7.33,5.58735165898591,5.59111343739638,-7.93296885849079
7.332,5.58945365898591,5.59331466009943,-7.92272718545865
7.334,5.59155565898591,5.59551223269245,-7.90630601688786
7.336,5.59365765898591,5.59770574360967,-7.88483346285505
7.338,5.59575965898591,5.59989501952891,-7.85969719570175
7.34,5.59786165898591,5.60207956180255,-7.83194510918675
7.342,5.59994015898591,5.60425929287242,-7.80276551809532
7.344,5.60201865898591,5.60643360685057,-7.77319441733538
7.346,5.60409715898591,5.60860271038314,-7.74415262783756
7.348,5.60617565898591,5.61076594222086,-7.71653068143257
7.35,5.60825415898591,5.61292318048019,-7.69106539130192
7.352,5.61030815898591,5.61507438189443,-7.66830844397121
7.354,5.61236215898591,5.61721949930629,-7.6486420548906
7.356,5.61441615898591,5.61935834208012,-7.63239052907721
7.358,5.61647015898591,5.62149077058086,-7.61970455747708
7.36,5.61852415898591,5.62361724447034,-7.61024893648732
7.362,5.62055265898591,5.62573748145794,-7.60395848585848
7.364,5.62258115898591,5.62785162085518,-7.60039416815677
7.366,5.62460965898591,5.62996009596038,-7.59892933998028
7.368,5.62663815898591,5.63206274677769,-7.59908745292877
7.37,5.62866665898591,5.63415987942845,-7.60016015524427
7.372,5.63066865898591,5.6362514388121,-7.60142028552626
7.374,5.63267065898591,5.63833775349328,-7.60206638659663
7.376,5.63467265898591,5.64041915216957,-7.60140816780607
7.378,5.63667465898591,5.64249568839491,-7.59877171998479
7.38,5.63867665898591,5.644567492924,-7.5936082390589
7.382,5.64065115898591,5.6466347994335,-7.5855948176981
7.384,5.64262565898591,5.64869764489903,-7.57444920469522
7.386,5.64460015898591,5.65075603024728,-7.55996769865548
7.388,5.64657465898591,5.65281023842224,-7.54229361657923
7.39,5.64854915898591,5.65486014812599,-7.52139489253196
7.392,5.65049515898591,5.65690588385272,-7.49755531698351
7.394,5.65244115898591,5.65894723231909,-7.47098903231161
7.396,5.65438715898591,5.66098431951752,-7.44224526324499
7.398,5.65633315898591,5.663016977849,-7.41178901665233
7.4,5.65827915898591,5.66504489557457,-7.38017679662116
7.402,5.66019565898591,5.66706778596825,-7.34818919016078
7.404,5.66211215898591,5.66908606226171,-7.31654108848981
7.406,5.66402865898591,5.67109877736467,-7.28615162369632
7.408,5.66594515898591,5.67310581022599,-7.25800559769302
7.41,5.66786165898591,5.67510715430049,-7.23291529787949
7.412,5.66974765898591,5.6771021910027,-7.21205035509904
7.414,5.67163365898591,5.67909058028852,-7.19649552243087
7.416,5.67351965898591,5.6810722578965,-7.18705113613785
7.418,5.67540565898591,5.68304703302066,-7.18447456210783
7.42,5.67729165898591,5.68501453250196,-7.18963593291301
7.422,5.67914615898591,5.68697437677703,-7.20333857620536
7.424,5.68100065898591,5.68892670069336,-7.2256567908339
7.426,5.68285515898591,5.69087161209581,-7.25654706235852
7.428,5.68470965898591,5.69280908604162,-7.29598977948291
7.43,5.68656415898591,5.694739038434,-7.34390139817893
7.432,5.68838615898591,5.69666144169738,-7.39998900223947
7.434,5.69020815898591,5.69857715352071,-7.4629523503119
7.436,5.69203015898591,5.70048564968063,-7.53287622678708
7.438,5.69385215898591,5.70238723892634,-7.60890267504536
7.44,5.69567415898591,5.70428229869914,-7.6901679394138
7.442,5.69746265898591,5.70617062423341,-7.77624925236307
7.444,5.69925115898591,5.70805255447712,-7.86629257437832
7.446,5.70103965898591,5.70992790976273,-7.95972499048978
7.448,5.70282815898591,5.71179735313046,-8.05556036865755
7.45,5.70461665898591,5.71366059218502,-8.15315817784829
7.452,5.70637065898591,5.71551780830587,-8.25163942683754
7.454,5.70812465898591,5.71736935333819,-8.35019569175248
7.456,5.70987865898591,5.71921521438524,-8.44811153741328
7.458,5.71163265898591,5.72105564433887,-8.54479018975241
7.46,5.71338665898591,5.72289090500179,-8.63982972458237
7.462,5.71510615898591,5.72472069578374,-8.73270350909436
7.464,5.71682565898591,5.72654535096034,-8.82326840231735
7.466,5.71854515898591,5.72836495151728,-8.91145682443426
7.468,5.72026465898591,5.73017932301589,-8.99724493712935
7.47,5.72198415898591,5.73198830812512,-9.08081607773122
7.472,5.72366915898591,5.73379202001466,-9.1625950030867
7.474,5.72535415898591,5.73558990820997,-9.24292974805936
7.476,5.72703915898591,5.73738206086519,-9.32240523920184
7.478,5.72872415898591,5.73916820366762,-9.40149912732819
7.48,5.73040915898591,5.74094791906988,-9.48073623206383
7.482,5.73206015898591,5.74272082025075,-9.56067654757584
7.484,5.73371115898591,5.74448676898428,-9.64186294667437
7.486,5.73536215898591,5.74624559501028,-9.72484522504324
7.488,5.73701315898591,5.74799651275099,-9.81041993405114
7.49,5.73866415898591,5.74973969974313,-9.8990672439567
7.492,5.74028165898591,5.75147439900986,-9.99155890042653
7.494,5.74189915898591,5.75320044461488,-10.0883589442811
7.496,5.74351665898591,5.75491816797356,-10.189514943733
7.498,5.74513415898591,5.7566271045137,-10.2953740557942
7.5,5.74675165898591,5.75832722492212,-10.4059274528234
7.502,5.74833615898591,5.76001823255038,-10.5211349439696
7.504,5.74992065898591,5.76170074039021,-10.6403487180738
7.506,5.75150515898591,5.76337448453459,-10.763181158689
7.508,5.75308965898591,5.76503948451408,-10.8888935109177
7.51,5.75467415898591,5.76669637685578,-11.0164924484214
7.512,5.75622615898591,5.76834519302354,-11.1450231624034
7.514,5.75777815898591,5.76998589326272,-11.2732773778357
7.516,5.75933015898591,5.77161912450545,-11.3998755273038
7.518,5.76088215898591,5.77324526590078,-11.5234709127621
7.52,5.76243415898591,5.77486441692524,-11.6423712470184
7.522,5.76395415898591,5.77647750017012,-11.7556248397969
7.524,5.76547415898591,5.77808438420213,-11.8614616053481
7.526,5.76699415898591,5.77968551290428,-11.9587175748739
7.528,5.76851415898591,5.78128137620002,-12.0467349313345
7.53,5.77003415898591,5.78287192707992,-12.1239930129177
7.532,5.77152265898591,5.7844574987513,-12.1898056150015
7.534,5.77301115898591,5.78603819628647,-12.2431845847606
7.536,5.77449965898591,5.78761419096414,-12.2834501459644
7.538,5.77598815898591,5.78918551074429,-12.309725651477
7.54,5.77747665898591,5.7907522330733,-12.3215509440948
7.542,5.77893415898591,5.79231443336616,-12.3187427221112
7.544,5.78039165898591,5.79387216269295,-12.3013927231854
7.546,5.78184915898591,5.79542507478038,-12.2687969287336
7.548,5.78330665898591,5.79697304520666,-12.2215721740215
7.55,5.78476415898591,5.7985161692722,-12.1614099499615
7.552,5.78619215898591,5.80005415135954,-12.0892222176893
7.554,5.78762015898591,5.80158642440196,-12.0059109159971
7.556,5.78904815898591,5.80311295948748,-11.9136860809427
7.558,5.79047615898591,5.80463312906459,-11.8139480822483
7.56,5.79190415898591,5.80614721870389,-11.7089805455191
7.562,5.79330415898591,5.80765434756672,-11.599923332566
7.564,5.79470415898591,5.80915427865421,-11.4885487347715
7.566,5.79610415898591,5.81064643274271,-11.3764217549345
7.568,5.79750415898591,5.81213101898796,-11.2649069474152
7.57,5.79890415898591,5.81360762632544,-11.1551198920214
7.572,5.80027765898591,5.81507532463424,-11.0483554618725
7.574,5.80165115898591,5.81653462864945,-10.9451596456991
7.576,5.80302465898591,5.81798510645128,-10.8461704761836
7.578,5.80439815898591,5.81942652503691,-10.7517686192711
7.58,5.80577165898591,5.82085888013828,-10.6619684687183
7.582,5.80712015898591,5.82228224547687,-10.5765038159974
7.584,5.80846865898591,5.82369707923054,-10.4947103107877
7.586,5.80981715898591,5.82510329887567,-10.4159533295261
7.588,5.81116565898591,5.82650151000866,-10.3391535679848
7.59,5.81251415898591,5.82789218295896,-10.2631669950596
7.592,5.81383915898591,5.82927592472444,-10.1867787218646
7.594,5.81516415898591,5.83065298181708,-10.1085563908763
7.596,5.81648915898591,5.83202403441219,-10.0270744220329
7.598,5.81781415898591,5.83338962569831,-9.94095663091935
7.6,5.81913915898591,5.83475031153196,-9.84892483618819
7.602,5.82044215898591,5.83610645323663,-9.74959625739254
7.604,5.82174515898591,5.83745848224092,-9.64182740517211
7.606,5.82304815898591,5.83880688749523,-9.52515774854867
7.608,5.82435115898591,5.84015166531012,-9.39824544324998
7.61,5.82565415898591,5.84149321523636,-9.26138971517533
7.612,5.82693465898591,5.84283152495331,-9.11421839750323
7.614,5.82821515898591,5.84416662882249,-8.95690510632942
7.616,5.82949565898591,5.84549855899758,-8.78997079421131
7.618,5.83077615898591,5.84682722527879,-8.61387701317434
7.62,5.83205665898591,5.84815237369879,-8.42906219967215
7.622,5.83331415898591,5.84947419633039,-8.23728802500722
7.624,5.83457165898591,5.85079214555928,-8.03904692978364
7.626,5.83582915898591,5.8521061922534,-7.83611810617647
7.628,5.83708665898591,5.85341623846869,-7.63004649848061
7.63,5.83834415898591,5.85472173240493,-7.42225047127004
7.632,5.83957815898591,5.85602231188808,-7.21462713524525
7.634,5.84081215898591,5.85731800568845,-7.00874828981639
7.636,5.84204615898591,5.85860828734893,-6.80626770566526
7.638,5.84328015898591,5.85989279141207,-6.60879952535275
7.64,5.84451415898591,5.86117146515307,-6.4174993563154
7.642,5.84572415898591,5.86244402135172,-6.23357634653868
7.644,5.84693415898591,5.86371024859325,-6.05807651145427
7.646,5.84814415898591,5.86496972048626,-5.89228272625147
7.648,5.84935415898591,5.86622255228248,-5.73661421757039
7.65,5.85056415898591,5.86746817971881,-5.59243750063965
7.652,5.85174965898591,5.86870720818582,-5.45910186236089
7.654,5.85293515898591,5.86993876387285,-5.33831743294802
7.656,5.85412065898591,5.87116300409472,-5.23000225988444
7.658,5.85530615898591,5.87238026391493,-5.13366418095632
7.66,5.85649165898591,5.87358981160444,-5.0505713783003
7.662,5.85765215898591,5.87479283328174,-4.97864200005381
7.664,5.85881265898591,5.87598799232155,-4.92002794820102
7.666,5.85997315898591,5.87717617759562,-4.87301406592524
7.668,5.86113365898591,5.87835723998013,-4.83757035280377
7.67,5.86229415898591,5.87953172833915,-4.81248753913287
7.672,5.86342915898591,5.88069944498283,-4.79766603666437
7.674,5.86456415898591,5.88186076146072,-4.79205329906401
7.676,5.86569915898591,5.88301591522415,-4.79479088945914
7.678,5.86683415898591,5.88416520154484,-4.80490872268506
7.68,5.86796915898591,5.88530886861618,-4.82151370061701
7.682,5.86907815898591,5.88644715185753,-4.84375098833629
7.684,5.87018715898591,5.88758016537858,-4.87092968358172
7.686,5.87129615898591,5.88870811692051,-4.90234608028948
7.688,5.87240515898591,5.88983123111799,-4.93739810018377
7.69,5.87351415898591,5.89094969690567,-4.97566171361381
7.692,5.87459665898591,5.8920633290401,-5.01707558340842
7.694,5.87567915898591,5.8931723964448,-5.06140378194615
7.696,5.87676165898591,5.89427657908024,-5.1089087875985
7.698,5.87784415898591,5.89537589102134,-5.15973904604802
7.7,5.87892665898591,5.89647025367026,-5.21415725445319
7.702,5.87998115898591,5.8975592466553,-5.27270697318839
7.704,5.88103565898591,5.89864300954476,-5.33548966062378
7.706,5.88209015898591,5.8997212613144,-5.40288965662454
7.708,5.88314465898591,5.90079362806701,-5.47532776126903
7.71,5.88419915898591,5.90186044685921,-5.55254023512594
7.712,5.88522415898592,5.90292122062704,-5.63490191934742
7.714,5.88624915898591,5.90397632346339,-5.7219885329432
7.716,5.88727415898591,5.90502564784734,-5.81375024185285
7.718,5.88829915898591,5.90606924440591,-5.9099829488559
7.72,5.88932415898591,5.90710717703242,-6.01046442856666
7.722,5.89031815898591,5.90813951736376,-6.11496570467879
7.724,5.89131215898591,5.90916618027332,-6.22335999917125
7.726,5.89230615898591,5.91018738104468,-6.33530687294381
7.728,5.89330015898591,5.91120352259207,-6.4503730057482
7.73,5.89429415898591,5.91221404041237,-6.56866195573645
7.732,5.89525565898591,5.91321972519826,-6.68949427540822
7.734,5.89621715898591,5.91422011174462,-6.8128520142331
7.736,5.89717865898591,5.91521539347269,-6.93834425814337
7.738,5.89814015898591,5.91620557487291,-7.06568254216461
7.74,5.89910165898591,5.91719067301503,-7.19460873936681
7.742,5.90002965898591,5.91817059796771,-7.32494895389232
7.744,5.90095765898591,5.91914541816527,-7.45653687229485
7.746,5.90188565898591,5.92011486858708,-7.58933182776782
7.748,5.90281365898591,5.92107920369109,-7.72321496277953
7.75,5.90374165898591,5.92203807798679,-7.85823876715009
7.752,5.90463515898591,5.92299168317387,-7.99438473863859
7.754,5.90552865898591,5.92393998719602,-8.13171785528722
7.756,5.90642215898591,5.92488291449608,-8.27034409033198
7.758,5.90731565898591,5.92582024319643,-8.41043642305479
7.76,5.90820915898591,5.92675210237362,-8.55209239564237
7.762,5.90906815898591,5.92767841319899,-8.69547171045447
7.764,5.90992715898591,5.9285994309924,-8.8406188690004
7.766,5.91078615898591,5.92951456385652,-8.98787891075644
7.768,5.91164515898591,5.93042406025196,-9.13730522824199
7.77,5.91250415898591,5.93132792466419,-9.28900550933545
7.772,5.91332865898591,5.9322257070817,-9.4432600840238
7.774,5.91415315898591,5.93311742728221,-9.60013557381403
7.776,5.91497765898591,5.93400293066391,-9.75975931392456
7.778,5.91580215898591,5.93488202773078,-9.92226722007996
7.78,5.91662665898591,5.93575428812223,-10.0878872965664
7.782,5.91741665898591,5.93661982397255,-10.2565462757681
7.784,5.91820665898591,5.93747799433573,-10.4284008602525
7.786,5.91899665898591,5.93832878463178,-10.6031552270815
7.788,5.91978665898591,5.93917197524287,-10.7804298739625
7.79,5.92057665898591,5.94000782007161,-10.9595806571592
7.792,5.92133215898591,5.94083596654482,-11.1399989132536
7.794,5.92208765898591,5.94165687265978,-11.3208615008274
7.796,5.92284315898591,5.94247048140667,-11.5013948756885
7.798,5.92359865898591,5.94327686836093,-11.6807974583201
7.8,5.92435415898591,5.9440761521731,-11.8582937001266
7.802,5.92507515898591,5.94486843480833,-12.0331552107267
7.804,5.92579615898591,5.94565409481213,-12.204882929497
7.806,5.92651715898591,5.94643305094938,-12.3728579712407
7.808,5.92723815898591,5.94720553101348,-12.5366726572625
7.81,5.92795915898591,5.94797177501176,-12.6960318033533
7.812,5.92864565898591,5.94873116963241,-12.8499962255733
7.814,5.92933215898591,5.9494850724056,-12.999306405717
7.816,5.93001865898591,5.95023203568351,-13.1422953949842
7.818,5.93070515898591,5.95097271905249,-13.2791423127167
7.82,5.93139165898591,5.95170707041452,-13.4095261880538
7.822,5.93204465898591,5.95243468708124,-13.5328653633641
7.824,5.93269765898591,5.95315580190399,-13.6493691852342
7.826,5.93335065898591,5.9538699152306,-13.7585483077949
7.828,5.93400365898591,5.9545767451185,-13.86013542095
7.83,5.93465665898591,5.95527624032627,-13.9540149199947
7.832,5.93527815898591,5.95596840179346,-14.0399936394021
7.834,5.93589965898591,5.95665259749341,-14.1169579016012
7.836,5.93652115898591,5.95732934552417,-14.1849215114503
7.838,5.93714265898591,5.95799817676423,-14.2425337242801
7.84,5.93776415898591,5.95865954660616,-14.289478954109
7.842,5.93835615898591,5.95931329351901,-14.3244633106654
7.844,5.93894815898591,5.95995961925982,-14.3466546294036
7.846,5.93954015898591,5.96059858502415,-14.3549359342016
7.848,5.94013215898591,5.96123024277101,-14.3481258668107
7.85,5.94072415898591,5.96185530079959,-14.3266574199294
7.852,5.94128865898591,5.96247328637076,-14.2885258807898
7.854,5.94185315898591,5.96308446298992,-14.2335232951469
7.856,5.94241765898591,5.96368886991021,-14.1612246515849
7.858,5.94298215898591,5.96428651030318,-14.0713581983065
7.86,5.94354665898591,5.96487718744854,-13.9634088646678
7.862,5.94408565898591,5.9654611905835,-13.8383417118833
7.864,5.94462465898591,5.96603798936475,-13.6951935936183
7.866,5.94516365898591,5.96660751963888,-13.5343823636425
7.868,5.94570265898591,5.96716989982377,-13.3568351927362
7.87,5.94624165898591,5.96772503427151,-13.1630305168845
7.872,5.94675715898591,5.96827253865751,-12.9529428046597
7.874,5.94727265898591,5.96881241108474,-12.7275449402425
7.876,5.94778815898591,5.96934491145403,-12.4882913457716
7.878,5.94830365898591,5.96986989723675,-12.2358889718267
7.88,5.94881915898591,5.97038740089402,-11.9713875373775
7.882,5.94931315898591,5.97089748828711,-11.6958237718231
7.884,5.94980715898591,5.97140014234481,-11.4100095907722
7.886,5.95030115898591,5.97189568074837,-11.1150411770703
7.888,5.95079515898591,5.97238404268742,-10.8113581495348
7.89,5.95128915898591,5.97286606870192,-10.5003114842373
7.892,5.95176265898591,5.97334142280847,-10.1817993411526
7.894,5.95223615898591,5.97381081539398,-9.8569055105349
7.896,5.95270965898591,5.97427425220405,-9.5260275988132
7.898,5.95318315898591,5.9747320441693,-9.19002722098535
7.9,5.95365665898591,5.9751844220087,-8.8498196447679
7.902,5.95411065898591,5.97563157049137,-8.50635840599513
7.904,5.95456465898591,5.97607346768278,-8.16057419835299
7.906,5.95501865898591,5.97651024260765,-7.81357173303065
7.908,5.95547265898591,5.97694205728689,-7.46643763840686
7.91,5.95592665898591,5.97736881873108,-7.12026472898494
7.912,5.95636215898591,5.9777907256041,-6.77604969743913
7.914,5.95679765898591,5.97820775912103,-6.43476934743429
7.916,5.95723315898591,5.97861999369703,-6.0972783749372
7.918,5.95766865898591,5.9790274126502,-5.76440229529958
7.92,5.95810415898591,5.97943005446055,-5.43687718025577
7.922,5.95852215898591,5.97982805341347,-5.11521892865271
7.924,5.95894015898591,5.98022168996127,-4.79956482895975
7.926,5.95935815898591,5.98061075172851,-4.49071964562222
7.928,5.95977615898591,5.98099546959611,-4.18878854946658
7.93,5.96019415898591,5.9813757419992,-3.89435253925559
7.932,5.96059565898591,5.98175194844441,-3.60710895028893
7.934,5.96099715898591,5.98212399585838,-3.32753946694023
7.936,5.96139865898591,5.9824918909066,-3.0559772567587
7.938,5.96180015898591,5.98285577413725,-2.79248468511633
7.94,5.96220165898591,5.98321567525048,-2.53734701901317
7.942,5.96258765898591,5.98357171188231,-2.29067316311443
7.944,5.96297365898591,5.98392391522841,-2.05276250130458
7.946,5.96335965898591,5.9842722209198,-1.82416231260078
7.948,5.96374565898591,5.9846166664442,-1.60519351905088
7.95,5.96413165898591,5.98495718383839,-1.39643898122046
7.952,5.96450315898591,5.98529367636003,-1.19856818812953
7.954,5.96487465898591,5.98562634060917,-1.01140166930328
7.956,5.96524615898591,5.98595422213243,-0.838094754297092
7.958,5.96561765898591,5.9862781974521,-0.676443129762351
7.96,5.96598915898591,5.98659781710503,-0.528058242173682
7.962,5.96634715898591,5.98691332987141,-0.392419254623554
7.964,5.96670515898591,5.98722378971043,-0.272759508627363
7.966,5.96706315898591,5.98752996131536,-0.166910618893793
7.968,5.96742115898591,5.98783166333985,-0.0756526633931375
7.97,5.96777915898591,5.98812864319262,-2.31187115974416e-05
7.972,5.96812465898591,5.98842141757912,0.0614985397181198
7.974,5.96847015898591,5.98871026466724,0.109712661544614
7.976,5.96881565898591,5.98899571826355,0.146348421070994
7.978,5.96916115898591,5.98927670612999,0.167592462963411
7.98,5.96950665898591,5.98955365397492,0.174771707874266
7.982,5.96983865898591,5.98982707487368,0.169592796666852
7.984,5.97017065898591,5.99009692294052,0.151845416316392
7.986,5.97050265898591,5.99036321119727,0.121551429609483
7.988,5.97083465898591,5.99062617667201,0.0795680027936028
7.99,5.97116665898591,5.99088595114051,0.0264298252472656
7.992,5.97148415898591,5.99114260428476,-0.0374970766959635
7.994,5.97180165898591,5.99139619436501,-0.111832200100319
7.996,5.97211915898591,5.99164691557879,-0.195696315341059
7.998,5.97243665898591,5.99189473603592,-0.288942637028714
8,5.97275415898591,5.99213967982169,-0.391198028032051
8.002,5.97305615898591,5.99238168179808,-0.502331735754151
8.004,5.97335815898591,5.99262078039073,-0.621867394020809
8.006,5.97366015898591,5.99285689828599,-0.749653774065602
8.008,5.97396215898591,5.99308994743823,-0.885540249088828
8.01,5.97426415898591,5.99331991702672,-1.02915713350134
8.012,5.97454965898591,5.99354672998671,-1.18028248873291
8.014,5.97483515898591,5.99377022983104,-1.33877802872224
8.016,5.97512065898591,5.99399075695188,-1.50341122025003
8.018,5.97540615898591,5.99420807422858,-1.67407044784739
8.02,5.97569165898591,5.99442245182547,-1.84961420192183
8.022,5.97595965898591,5.99463407432861,-2.0291189039504
8.024,5.97622765898591,5.99484289581686,-2.21191400003098
8.026,5.97649565898591,5.99504928299976,-2.39687447723106
8.028,5.97676365898591,5.99525333987063,-2.58322369291764
8.03,5.97703165898591,5.99545522601652,-2.77014666764154
8.032,5.97728115898591,5.99565495891027,-2.95679275811188
8.034,5.97753065898591,5.99585295523255,-3.14249888439109
8.036,5.97778015898591,5.996049120934,-3.32645245974219
8.038,5.97802965898591,5.99624383382204,-3.50840726573047
8.04,5.97827915898591,5.99643693546095,-3.68737530602674
8.042,5.97850965898591,5.99662868539384,-3.8631533621578
8.044,5.97874015898591,5.99681914564361,-4.0354494160246
8.046,5.97897065898591,5.99700827489303,-4.20390595896055
8.048,5.97920115898591,5.99719602070651,-4.36844290084577
8.05,5.97943165898591,5.99738234885839,-4.52932099383128
8.052,5.97964265898591,5.99756710222484,-4.6867346020497
8.054,5.97985365898591,5.99774998769877,-4.84094462652529
8.056,5.98006465898591,5.99793086907225,-4.99269581543962
8.058,5.98027565898591,5.99810951604929,-5.1425527963233
8.06,5.98048665898591,5.99828543746725,-5.29101902654855
8.062,5.98067765898591,5.99845858709194,-5.43880004696499
8.064,5.98086865898591,5.99862867433296,-5.58638646211357
8.066,5.98105965898591,5.99879549709695,-5.73425157673475
8.068,5.98125065898591,5.99895887527737,-5.88281319739981
8.07,5.98144165898591,5.99911864717851,-6.03244021899572
8.072,5.98161215898591,5.99927471086969,-6.18343768339912
8.074,5.98178265898591,5.99942671355551,-6.33619165086668
8.076,5.98195315898591,5.99957491627173,-6.49074013903359
8.078,5.98212365898591,5.99971896196643,-6.6473176163521
8.08,5.98229415898591,5.9998588216776,-6.80588721187733
8.082,5.98244365898591,5.99999440286506,-6.96632129580473
8.084,5.98259315898591,6.00012579277331,-7.12832331321421
8.086,5.98274265898591,6.00025292559663,-7.29158489469514
8.088,5.98289215898591,6.00037569278472,-7.45571675843004
8.09,5.98304165898591,6.00049428875204,-7.62026278110433
8.092,5.98316965898591,6.00060849349182,-7.7847532282497
8.094,5.98329765898591,6.00071838275204,-7.94861017694673
8.096,5.98342565898591,6.00082396000283,-8.1111817160928
8.098,5.98355365898592,6.00092532548416,-8.27179223969075
8.1,5.98368165898591,6.00102253957051,-8.42971577546824
8.102,5.98378965898591,6.00111567275579,-8.58420397896213
8.104,5.98389765898591,6.00120479405116,-8.73448395814335
8.106,5.98400565898591,6.00128984330114,-8.87956043048269
8.108,5.98411365898591,6.00137114848278,-9.0189534108894
8.11,5.98422165898591,6.00144866612852,-9.15165070272775
8.112,5.98431165898591,6.00152238184984,-9.2764794584918
8.114,5.98440165898591,6.00159291536262,-9.39384696598828
8.116,5.98449165898591,6.00165966931006,-9.50113173733304
8.118,5.98458165898591,6.00172334257432,-9.59914597418089
8.12,5.98467165898591,6.00178380235055,-9.68644171126437
8.122,5.98474565898591,6.00184165224025,-9.76430475703395
8.124,5.98481965898591,6.00189628446682,-9.82956818876004
8.126,5.98489365898591,6.00194803425546,-9.88260779688807
8.128,5.98496765898591,6.00199715400796,-9.92397827268946
8.13,5.98504165898591,6.00204356428035,-9.95301949478399
8.132,5.98510165898591,6.00208716928304,-9.96919788423224
8.134,5.98516165898591,6.00212802916761,-9.97289161403643
8.136,5.98522165898591,6.00216610488966,-9.96411481654608
8.138,5.98528165898591,6.0022013685813,-9.94299818831209
8.14,5.98534165898591,6.00223353216112,-9.90862155435554
8.142,5.98538965898591,6.0022627978113,-9.86217564426664
8.144,5.98543765898591,6.0022888274548,-9.80261776452245
8.146,5.98548565898591,6.00231143385724,-9.72964455767347
8.148,5.98553365898591,6.00233098310703,-9.64506463652844
8.15,5.98558165898591,6.00234687132494,-9.54706352525643
8.152,5.98561965898591,6.00235908728208,-9.43615893234861
8.154,5.98565765898591,6.002367477955,-9.31229592166727
8.156,5.98569565898591,6.00237204450112,-9.17586486606378
8.158,5.98573365898591,6.0023726553291,-9.02670258992268
8.16,5.98577165898591,6.00236928168305,-8.8648844330562
8.162,5.98580065898591,6.00236180313412,-8.69012761829692
8.164,5.98582965898591,6.00235031627921,-8.50284292828019
8.166,5.98585865898591,6.00233482985619,-8.3032536448685
8.168,5.98588765898591,6.00231535121709,-8.09171021336782
8.17,5.98591665898591,6.00229188529174,-7.86868475421206
8.172,5.98593765898591,6.00226446548312,-7.63480958518856
8.174,5.98595865898591,6.00223303629283,-7.3905047185696
8.176,5.98597965898591,6.00219765805987,-7.13648092373834
8.178,5.98600065898591,6.00215836738336,-6.87327764722672
8.18,5.98602165898591,6.00211529283652,-6.60153322773671
8.182,5.98603565898591,6.00206841519786,-6.3214398701741
8.184,5.98604965898591,6.002018073536,-6.0338769187581
8.186,5.98606365898591,6.00196435648345,-5.73908838797883
8.188,5.98607765898591,6.00190728939684,-5.43713579508704
8.19,5.98609165898591,6.00184709037497,-5.12846872267811
8.192,5.98609965898592,6.00178409457482,-4.81384438486757
8.194,5.98610765898592,6.00171833752562,-4.49351963841798
8.196,5.98611565898591,6.00165003383283,-4.16831935406288
8.198,5.98612365898591,6.0015793331925,-3.83909877914948
8.2,5.98613165898592,6.00150625047042,-3.50664474846149
8.202,5.98613465898592,6.00143087604114,-3.17194273336588
8.204,5.98613765898591,6.0013532983422,-2.83598319434809
8.206,5.98614065898591,6.00127361133757,-2.49965113386039
8.208,5.98614365898591,6.00119185166848,-2.16384326723301
8.21,5.98614665898591,6.00110819833774,-1.82931560852381
8.212,5.98614565898591,6.00102267143208,-1.49688379381807
8.214,5.98614465898591,6.00093534648703,-1.16735731322033
8.216,5.98614365898591,6.0008463477192,-0.841343234171478
8.218,5.98614265898591,6.00075564862896,-0.519734468909225
8.22,5.98614165898591,6.00066332193253,-0.203197833491999
8.222,5.98613765898591,6.00056950904859,0.108024525878344
8.224,5.98613365898591,6.00047419428064,0.413159275310992
8.226,5.98612965898591,6.00037750013359,0.71201950313187
8.228,5.98612565898591,6.00027950560542,1.00433833066386
8.23,5.98612165898591,6.00018026925351,1.28983098611586
8.232,5.98611565898592,6.00007988025684,1.56849988804454
8.234,5.98610965898591,5.99997831235733,1.83975914749387
8.236,5.98610365898591,5.99987561096096,2.10357004634819
8.238,5.98609765898591,5.99977176331846,2.35961121274848
8.24,5.98609165898591,5.99966678013294,2.6077853628956
8.242,5.98608465898591,5.99956059439285,2.84749342486512
8.244,5.98607765898591,5.99945317186072,3.07837198829493
8.246,5.98607065898591,5.99934459479766,3.3009214173328
8.248,5.98606365898591,5.99923477665016,3.51444024711907
8.25,5.98605665898592,5.99912364985234,3.71833619248688
8.252,5.98604965898592,5.99901128881251,3.91299746447332
8.254,5.98604265898592,5.99889760434968,4.09745018150183
8.256,5.98603565898591,5.99878270137732,4.27203498654031
8.258,5.98602865898591,5.99866663351175,4.43660530103228
8.26,5.98602165898591,5.99854938032788,4.59008268666081
8.262,5.98601465898591,5.99843113675349,4.73322684887363
8.264,5.98600765898592,5.99831197935101,4.86559513310915
8.266,5.98600065898592,5.99819202679141,4.98705781029514
8.268,5.98599365898592,5.99807139924263,5.09747903868608
8.27,5.98598665898592,5.99795021003795,5.19663090144409
8.272,5.98597965898592,5.99782854973572,5.28398777911233
8.274,5.98597265898592,5.99770654333186,5.36061649016937
8.276,5.98596565898591,5.99758421077016,5.42517328032209
8.278,5.98595865898591,5.99746156980641,5.47635753726046
8.28,5.98595165898591,5.99733868191849,5.51617473376406
8.282,5.98594465898591,5.99721550398923,5.54279619653637
8.284,5.98593765898591,5.9970919962174,5.55527684526033
8.286,5.98593065898592,5.99696816104109,5.55472033993015
8.288,5.98592365898591,5.99684397638835,5.5408822282076
8.29,5.98591665898592,5.99671937834442,5.51095043449773
8.292,5.98590965898592,5.99659449134522,5.46788413046784
8.294,5.98590265898592,5.99646938861716,5.41218673285673
8.296,5.98589565898592,5.9963442159974,5.33925941290832
8.298,5.98588865898592,5.99621917631006,5.25665448630359
8.3,5.98588165898592,5.99609436541713,5.16299277293562
8.302,5.98587465898592,5.99597012615046,5.0559804465787
8.304,5.98586765898592,5.99584669373407,4.93786741221229
8.306,5.98586065898592,5.99572429725949,4.80963197177227
8.308,5.98585365898592,5.9956031042779,4.67238686428349
8.31,5.98584665898592,5.99548337795075,4.52644228419174
8.312,5.98583965898592,5.99536532696701,4.37254920286869
8.314,5.98583265898591,5.99524897344699,4.2119073490393
8.316,5.98582565898592,5.99513445629974,4.04491914494253
8.318,5.98581865898591,5.9950218327006,3.87208991529709
8.32,5.98581165898592,5.99491104477765,3.69400557816622
8.322,5.98580465898592,5.99480202201822,3.51108404925159
8.324,5.98579765898592,5.99469464452725,3.32372439555512
8.326,5.98579065898592,5.99458882533686,3.13211239419319
8.328,5.98578365898592,5.9944843550312,2.93665076041651
8.33,5.98577665898592,5.99438109393063,2.73743052697822
8.332,5.98576965898592,5.99427883463655,2.5346378536895
8.334,5.98576265898592,5.9941773886689,2.32845850071983
8.336,5.98575565898592,5.99407662808869,2.11903392138332
8.338,5.98574865898592,5.99397642187953,1.90691260962645
8.34,5.98574165898592,5.99387672392997,1.69253073926187
8.342,5.98573465898592,5.99377753486646,1.47633663954042
8.344,5.98572765898592,5.99367885485728,1.25893338711971
8.346,5.98572065898592,5.99358067481877,1.04092927647501
8.348,5.98571365898592,5.99348300609622,0.822844799572092
8.35,5.98570665898592,5.99338587612017,0.605188532417617
8.352,5.98569965898592,5.99328925984728,0.388365466202028
8.354,5.98569265898591,5.99319314684271,0.172735397526678
8.356,5.98568565898591,5.99309749258253,-0.0414739856340147
8.358,5.98567865898591,5.99300228001417,-0.253948870777025
8.36,5.98567165898592,5.9929074602861,-0.464543431048858
8.362,5.98566465898592,5.99281299469949,-0.673068594645551
8.364,5.98565765898592,5.99271886430714,-0.879321530520483
8.366,5.98565065898592,5.99262508759911,-1.08295820989889
8.368,5.98564365898592,5.99253171827573,-1.28352111369695
8.37,5.98563665898592,5.99243885281784,-1.48043437278642
8.372,5.98562965898592,5.9923466361864,-1.67293507007952
8.374,5.98562265898592,5.9922552567448,-1.86009193287303
8.376,5.98561565898592,5.99216488388851,-2.04111902857594
8.378,5.98560865898592,5.99207574789071,-2.21483586306249
8.38,5.98560165898592,5.99198804134713,-2.38024553485125
8.382,5.98559565898592,5.99190190468132,-2.5365928692421
8.384,5.98558965898592,5.99181751062695,-2.68288268037918
8.386,5.98558365898592,5.99173496310164,-2.81846248610291
8.388,5.98557765898592,5.9916543397411,-2.94277861710427
8.39,5.98557165898592,5.99157576857116,-3.0549165998081
8.392,5.98556765898592,5.99149931039066,-3.15427446750514
8.394,5.98556365898592,5.99142487352742,-3.24112683489024
8.396,5.98555965898592,5.99135244365839,-3.31522848925223
8.398,5.98555565898592,5.99128199862113,-3.37628912604323
8.4,5.98555165898592,5.99121347075035,-3.42417970724707
8.402,5.98555065898592,5.9911466756605,-3.45950707445616
8.404,5.98554965898592,5.99108148134995,-3.48247237971065
8.406,5.98554865898592,5.9910177364295,-3.49336664499792
8.408,5.98554765898592,5.99095526260178,-3.49272642111008
8.41,5.98554665898592,5.99089400082339,-3.47984186497583
8.412,5.98554965898592,5.99083370232705,-3.4557809878095
8.414,5.98555265898592,5.99077414004134,-3.4219390956624
8.416,5.98555565898592,5.9907152634458,-3.3769477539776
8.418,5.98555865898592,5.99065683665573,-3.32182038194039
8.42,5.98556165898592,5.99059867764098,-3.25787026940696
8.422,5.98556965898592,5.99054068347706,-3.18455095859531
8.424,5.98557765898592,5.99048275427004,-3.10278331611059
8.426,5.98558565898592,5.99042486068536,-3.01285564983226
8.428,5.98559365898592,5.99036702190088,-2.91494205900342
8.43,5.98560165898592,5.99030929884672,-2.80924313517579
8.432,5.98561565898592,5.99025178407067,-2.69601036543267
8.434,5.98562965898592,5.99019459960135,-2.57518439009904
8.436,5.98564365898592,5.99013788712533,-2.44677781328133
8.438,5.98565765898592,5.99008178422854,-2.31092842505254
8.44,5.98567165898592,5.99002648779084,-2.16727374627924
8.442,5.98569065898592,5.98997216420785,-2.01580443397214
8.444,5.98570965898592,5.98991889997858,-1.85691840420267
8.446,5.98572865898592,5.98986686700047,-1.6902885559786
8.448,5.98574765898592,5.98981607438544,-1.5165064217744
8.45,5.98576665898592,5.98976660957209,-1.33564703011479
8.452,5.98578965898592,5.98971839026685,-1.14860120991947
8.454,5.98581265898592,5.9896714785536,-0.955510676843752
8.456,5.98583565898592,5.9896257081205,-0.757552377868722
8.458,5.98585865898592,5.98958105793947,-0.555205774177253
8.46,5.98588165898592,5.98953744844906,-0.349193807984576
8.462,5.98590765898592,5.98949485856112,-0.140009250408735
8.464,5.98593365898592,5.98945324127136,0.0718203877752902
8.466,5.98595965898592,5.98941258810823,0.285933781345991
8.468,5.98598565898592,5.98937290322211,0.502045588968089
8.47,5.98601165898592,5.98933418484276,0.719904892047168
8.472,5.98603965898592,5.98929650015806,0.939389778890237
8.474,5.98606765898592,5.98925981056458,1.16020834961605
8.476,5.98609565898592,5.98922411048378,1.38211334935273
8.478,5.98612365898592,5.98918941522307,1.60479942356052
8.48,5.98615165898592,5.98915563284465,1.82774580147415
8.482,5.98618065898592,5.98912266670608,2.0503140374006
8.484,5.98620965898592,5.98909037055808,2.27165392361152
8.486,5.98623865898592,5.9890585332943,2.49065393322197
8.488,5.98626765898592,5.9890269235802,2.70625972381897
8.49,5.98629665898592,5.98899530653659,2.91712583722048
8.492,5.98632565898592,5.98896342894289,3.12187742114296
8.494,5.98635465898592,5.98893106794547,3.31932891848623
8.496,5.98638365898592,5.98889803061855,3.50843525431564
8.498,5.98641265898592,5.9888641004568,3.68770001481376
8.5,5.98644165898592,5.98882915397468,3.85644515109543
8.502,5.98647065898592,5.98879300518836,4.01313767025908
8.504,5.98649965898592,5.98875557397482,4.15710219178016
8.506,5.98652865898592,5.98871684741656,4.28806547982167
8.508,5.98655765898592,5.98867679189695,4.40530636161776
8.51,5.98658665898592,5.9886353803671,4.50770055081481
8.512,5.98661565898592,5.98859285459158,4.59685865500999
8.514,5.98664465898592,5.98854918073091,4.67066098166192
8.516,5.98667365898592,5.98850466259017,4.73098820768097
8.518,5.98670265898592,5.98845947649696,4.77855615907773
8.52,5.98673165898592,5.98841371282695,4.81133411761733
8.522,5.98676065898592,5.98836763725023,4.83120419928436
8.524,5.98678965898592,5.9883214144125,4.83855724846797
8.526,5.98681865898592,5.98827521680793,4.83319566362051
8.528,5.98684765898592,5.98822924181945,4.81532344458648
8.53,5.98687665898592,5.98818366217247,4.78592352177133
8.532,5.98690565898592,5.98813864999233,4.74542380475934
8.534,5.98693465898592,5.98809433284464,4.69463355863925
8.536,5.98696365898592,5.98805088352369,4.63344558772577
8.538,5.98699265898592,5.98800832055694,4.56305418074981
8.54,5.98702165898592,5.98796669553568,4.48372182853809
8.542,5.98705065898592,5.98792600484212,4.39585135915492
8.544,5.98707965898592,5.98788619290069,4.29992482226986
8.546,5.98710865898592,5.98784722484373,4.19582060874909
8.548,5.98713765898592,5.98780895474616,4.08411558662706
8.55,5.98716665898592,5.98777128131949,3.96456760144297
8.552,5.98719565898592,5.98773402758977,3.83757882190606
8.554,5.98722465898592,5.98769705440493,3.70294400094921
8.556,5.98725365898592,5.98766022013728,3.56088469645556
8.558,5.98728265898592,5.98762343099553,3.41138508159598
8.56,5.98731165898592,5.98758664233396,3.25489471851237
8.562,5.98734065898592,5.98754986907796,3.09176241256579
8.564,5.98736965898592,5.98751316416668,2.92311250617456
8.566,5.98739865898592,5.98747661035776,2.74936320938849
8.568,5.98742765898592,5.98744030580523,2.57130006792509
8.57,5.98745665898592,5.9874043591989,2.38961354314074
8.572,5.98748565898592,5.98736884561282,2.20522704388055
8.574,5.98751465898592,5.9873338715521,2.01872194834257
8.576,5.98754365898592,5.98729955321462,1.83075536501885
8.578,5.98757265898592,5.98726603285151,1.64200915524078
8.58,5.98760165898592,5.98723343039964,1.45319559218803
8.582,5.98763065898592,5.98720187580669,1.26494309429814
8.584,5.98765965898592,5.98717140897989,1.07774750519361
8.586,5.98768865898592,5.98714222043651,0.892183069293199
8.588,5.98771765898592,5.98711446268593,0.708855840866657
8.59,5.98774665898592,5.98708815309157,0.528099203578594
8.592,5.98777565898592,5.98706336509303,0.350276046651016
8.594,5.98780465898592,5.98704014102898,0.175685225990299
8.596,5.98783365898592,5.98701851680532,0.00460987346946221
8.598,5.98786265898592,5.98699841345916,-0.162903527774833
8.6,5.98789165898592,5.98697986000436,-0.326519605941629
8.602,5.98792065898592,5.98696283971087,-0.485950467320473
8.604,5.98794965898592,5.98694738849746,-0.640722201818818
8.606,5.98797865898592,5.98693345186417,-0.790596548377386
8.608,5.98800765898592,5.98692099130777,-0.935279795746267
8.61,5.98803665898592,5.98690998564983,-1.07438305235878
8.612,5.98806565898592,5.98690028093153,-1.20800270802225
8.614,5.98809465898592,5.98689177814381,-1.33601510063161
8.616,5.98812365898592,5.98688435317353,-1.45832603324206
8.618,5.98815265898592,5.98687778686759,-1.57532095152789
8.62,5.98818165898592,5.98687194239097,-1.68682726756535
8.622,5.98821065898592,5.98686658079427,-1.79346811229811
8.624,5.98823965898592,5.98686156165339,-1.89496812989905
8.626,5.98826865898592,5.98685669003242,-1.99180395939832
8.628,5.98829765898592,5.98685180209366,-2.0838904609318
8.63,5.98832665898592,5.98684673753236,-2.17144737392406
8.632,5.98835565898592,5.98684135375725,-2.25461392978718
8.634,5.98838465898592,5.98683550348203,-2.33332579208028
8.636,5.98841365898592,5.98682908889719,-2.40758403874541
8.638,5.98844265898592,5.98682203832708,-2.47708261926058
8.64,5.98847165898592,5.98681437099157,-2.54159504520356
8.642,5.98850065898592,5.98680614074478,-2.60074029694841
8.644,5.98852965898592,5.98679741077264,-2.65383750627313
8.646,5.98855865898592,5.98678829812665,-2.70064976213544
8.648,5.98858765898592,5.98677889075158,-2.74044413351053
8.65,5.98861665898592,5.98676930493854,-2.77338097387449
8.652,5.98864565898592,5.98675962481835,-2.79867923089673
8.654,5.98867465898592,5.98674995341078,-2.8163793928988
8.656,5.98870365898592,5.98674039356893,-2.82633684011546
8.658,5.98873265898592,5.98673104681497,-2.82870720753017
8.66,5.98876165898592,5.98672204707184,-2.823176994982
8.662,5.98879065898592,5.98671350033979,-2.81002037092904
8.664,5.98881965898592,5.98670563096189,-2.78820149920055
8.666,5.98884865898592,5.98669857474247,-2.75808736892063
8.668,5.98887765898592,5.98669251843212,-2.71924808752301
8.67,5.98890665898592,5.98668759767493,-2.67163816911647
8.672,5.98893565898592,5.98668396002642,-2.61494288399151
8.674,5.98896465898592,5.98668166747623,-2.54932840209861
8.676,5.98899365898592,5.98668082767675,-2.4745280929856
8.678,5.98902265898592,5.98668154807054,-2.39022805695596
8.68,5.98905165898592,5.98668374704492,-2.29715315368555
8.682,5.98908065898592,5.98668750018553,-2.19496657800383
8.684,5.98910965898592,5.98669265413877,-2.08453449256853
8.686,5.98913865898592,5.9866990169127,-1.96683709955336
8.688,5.98916765898592,5.98670642804291,-1.84259203682855
8.69,5.98919665898592,5.98671469234883,-1.71265198604249
8.692,5.98922565898592,5.98672360761839,-1.57787025742417
8.694,5.98925465898592,5.98673295789324,-1.43918662860995
8.696,5.98928365898592,5.98674253934215,-1.2975749494386
8.698,5.98931265898592,5.98675218828436,-1.15368476399165
8.7,5.98934165898592,5.98676174422235,-1.00818074364001
8.702,5.98937065898592,5.98677105998196,-0.861648868352367
8.704,5.98939965898592,5.98677999177169,-0.714599148931906
8.706,5.98942865898592,5.98678843265774,-0.567492007469791
8.708,5.98945765898592,5.986796227104,-0.420756653279336
8.71,5.98948665898592,5.98680335223018,-0.274672997439307
8.712,5.98951565898592,5.98680969203125,-0.12953992681995
8.714,5.98954465898592,5.98681516426639,0.0143769568821928
8.716,5.98957365898592,5.98681979930639,0.156998408008535
8.718,5.98960265898592,5.98682357479619,0.29816159567067
8.72,5.98963165898592,5.98682650640676,0.437722582491724
8.722,5.98965965898592,5.98682858805251,0.575425161142435
8.724,5.98968765898592,5.98682979525947,0.710882074865115
8.726,5.98971565898592,5.98683008211525,0.843547605546323
8.728,5.98974365898592,5.98682944573946,0.972990827269135
8.73,5.98977165898592,5.98682786993823,1.09874280536966
8.732,5.98979765898592,5.98682529751423,1.22010388173847
8.734,5.98982365898592,5.98682178415795,1.33680847856162
8.736,5.98984965898592,5.9868173670115,1.44845326764773
8.738,5.98987565898592,5.98681213684923,1.55484421073783
8.74,5.98990165898592,5.9868062180933,1.65589581574157
8.742,5.98992465898592,5.98679977829551,1.75171888211754
8.744,5.98994765898592,5.98679299292732,1.84235914954828
8.746,5.98997065898592,5.98678605676924,1.92826813891283
8.748,5.98999365898592,5.98677914928352,2.00918217204803
8.75,5.99001665898592,5.98677245776227,2.08553686679608
8.752,5.99003565898592,5.98676612979347,2.1576795178805
8.754,5.99005465898592,5.98676039540237,2.22518833771226
8.756,5.99007365898592,5.98675532521733,2.2887397585424
8.758,5.99009265898592,5.98675109381804,2.34788219511925
8.76,5.99011165898592,5.9867477213524,2.40253352435058
8.762,5.99012565898592,5.98674515505158,2.45243938734365
8.764,5.99013965898592,5.98674332569559,2.49703721011132
8.766,5.99015365898592,5.98674210851464,2.53577830361803
8.768,5.99016765898592,5.98674135088472,2.5682338623688
8.77,5.99018165898592,5.9867409065507,2.59348067481591
8.772,5.99018965898592,5.98674059648438,2.6116971164451
8.774,5.99019765898592,5.98674027420947,2.62214970218623
8.776,5.99020565898592,5.98673977521406,2.62447200172864
8.778,5.99021365898592,5.98673895182841,2.618733816885
8.78,5.99022165898592,5.98673764621175,2.60461358113016
8.782,5.99022465898592,5.98673568103627,2.58174906660005
8.784,5.99022765898592,5.98673290622937,2.55021678798774
8.786,5.99023065898592,5.98672919980803,2.51018547098895
8.788,5.99023365898592,5.98672428367205,2.46065750758405
8.79,5.99023665898592,5.98671800866773,2.40179287536823
8.792,5.99023565898592,5.98671026387871,2.33374055380841
8.794,5.99023465898592,5.98670083036106,2.25591197810253
8.796,5.99023365898592,5.98668965065161,2.1685660836323
8.798,5.99023265898592,5.98667667550158,2.07187604327341
8.8,5.99023165898592,5.986661776127,1.96556466847016
8.802,5.99022765898592,5.98664500771665,1.85024631944962
8.804,5.99022365898592,5.98662639028789,1.72628584154821
8.806,5.99021965898592,5.98660585203994,1.59362357741211
8.808,5.99021565898592,5.98658366272322,1.45369662085188
8.81,5.99021165898592,5.98655985377817,1.30683549799222
8.812,5.99020565898592,5.98653460008134,1.15397119003867
8.814,5.99019965898592,5.98650807648453,0.995985195009068
8.816,5.99019365898592,5.98648042846611,0.833599005037336
8.818,5.99018765898592,5.9864518826554,0.667803866879614
8.82,5.99018165898592,5.98642261931497,0.499365651962528
8.822,5.99017465898592,5.98639283183236,0.329073905503238
8.824,5.99016765898592,5.98636274716919,0.157795074491589
8.826,5.99016065898592,5.98633255566594,-0.0137276292297439
8.828,5.99015365898592,5.9863024505788,-0.1847945076424
8.83,5.99014665898592,5.98627257999529,-0.354836600777224
8.832,5.99013965898592,5.98624308061711,-0.52332864246272
8.834,5.99013265898592,5.98621410658757,-0.689648448293548
8.836,5.99012565898592,5.98618575563259,-0.853371345999433
8.838,5.99011865898592,5.98615810189812,-1.01412012711599
8.84,5.99011165898592,5.9861311798342,-1.17161700095333
8.842,5.99010465898592,5.98610501548686,-1.32554270769884
8.844,5.99009765898592,5.98607960096019,-1.47568635576168
8.846,5.99009065898592,5.98605498173022,-1.62152776913321
8.848,5.99008365898592,5.98603118643972,-1.76262778093791
8.85,5.99007665898592,5.98600830924935,-1.89817827259783
8.852,5.99006965898592,5.98598637917688,-2.02780140264677
8.854,5.99006265898592,5.98596554393743,-2.15041741024105
8.856,5.99005565898592,5.98594594914207,-2.26497216018725
8.858,5.99004865898592,5.98592761882783,-2.37120649677211
8.86,5.99004165898592,5.98591063993838,-2.46843048139135
8.862,5.99003465898592,5.98589519281105,-2.55524139648438
8.864,5.99002765898592,5.98588126553205,-2.63140582353061
8.866,5.99002065898592,5.9858687498642,-2.69730773219533
8.868,5.99001365898592,5.98585772778305,-2.75177526195952
8.87,5.99000665898592,5.98584807188254,-2.79495019980942
8.872,5.98999965898592,5.9858395925429,-2.82737570475096
8.874,5.98999265898592,5.98583215838475,-2.84893904263018
8.876,5.98998565898592,5.98582554534978,-2.86038067661769
8.878,5.98997865898592,5.98581957794715,-2.86155923605437
8.88,5.98997165898592,5.9858139989315,-2.85390222245509
8.882,5.98996465898592,5.98580861344889,-2.83727155328714
8.884,5.98995765898592,5.98580316258439,-2.8126163958393
8.886,5.98995065898592,5.98579736622913,-2.78050681781369
8.888,5.98994365898592,5.98579103297649,-2.74253342318999
8.89,5.98993665898592,5.98578390157218,-2.6988891606147
8.892,5.98992965898592,5.98577582667477,-2.65050118136672
8.894,5.98992265898592,5.98576670119016,-2.59793291377151
8.896,5.98991565898592,5.98575650398654,-2.54163699764774
8.898,5.98990865898592,5.98574526104829,-2.4818824334367
8.9,5.98990165898592,5.98573304993791,-2.41880433111714
8.902,5.98989465898592,5.98571998327677,-2.35238983658569
8.904,5.98988765898592,5.98570622438129,-2.28254164934602
8.906,5.98988065898592,5.98569198244006,-2.20929541347016
8.908,5.98987365898592,5.9856774303499,-2.13235920090556
8.91,5.98986665898592,5.98566277557272,-2.05122098630352
8.912,5.98985965898592,5.98564825535336,-1.96570080233846
8.914,5.98985265898592,5.98563407083624,-1.87545987341307
8.916,5.98984565898592,5.98562041409941,-1.78014122533542
8.918,5.98983865898592,5.98560741773661,-1.67967010799009
8.92,5.98983165898592,5.98559514974396,-1.57417532391971
8.922,5.98982465898592,5.98558373533872,-1.46330782283638
8.924,5.98981765898592,5.98557312372935,-1.34772145808011
8.926,5.98981065898592,5.98556330959191,-1.2276690822794
8.928,5.98980365898592,5.98555434202918,-1.10309403516885
8.93,5.98979665898592,5.98554613905498,-0.974594937679662
8.932,5.98978965898592,5.98553865865028,-0.842498815763484
8.934,5.98978265898592,5.98553184790207,-0.707139114227261
8.936,5.98977565898592,5.98552564739564,-0.568830626906364
8.938,5.98976865898592,5.98551996210063,-0.428006097810116
8.94,5.98976165898592,5.98551466205961,-0.285220239980624
8.942,5.98975465898592,5.98550963076529,-0.140921306731851
8.944,5.98974765898592,5.98550472901053,0.00435072623529479
8.946,5.98974065898592,5.98549980717099,0.15005777915745
8.948,5.98973365898592,5.98549470204896,0.29556881253063
8.95,5.98972665898592,5.98548923988369,0.440231705270769
8.952,5.98971965898592,5.985483302341,0.583542994963964
8.954,5.98971265898592,5.98547670352857,0.724767634175078
8.956,5.98970565898592,5.98546931988902,0.863294677376519
8.958,5.98969865898592,5.98546105437094,0.998571551147839
8.96,5.98969165898592,5.98545176140324,1.12981989456483
8.962,5.98968465898592,5.98544129466685,1.25619387528082
8.964,5.98967765898592,5.98542958994486,1.37716175037593
8.966,5.98967065898592,5.9854165724428,1.49213175066854
8.968,5.98966365898592,5.9854021127966,1.60019195765015
8.97,5.98965665898592,5.98538620914991,1.70095358124664
8.972,5.98964965898592,5.98536891269897,1.7942760306256
8.974,5.98964265898592,5.98535025050606,1.8798415000205
8.976,5.98963565898592,5.98533028584908,1.9574396232022
8.978,5.98962865898592,5.98530917885496,2.02735712601988
8.98,5.98962165898592,5.98528708762978,2.08984516583833
8.982,5.98961465898592,5.98526416776457,2.14486343866608
8.984,5.98960765898592,5.98524068982667,2.19328533861597
8.986,5.98960065898592,5.98521685963885,2.23534892286291
8.988,5.98959365898592,5.98519291045655,2.2716045082151
8.99,5.98958665898592,5.98516906127182,2.30241066625596
8.992,5.98957965898592,5.98514549471091,2.32838731527401
8.994,5.98957265898592,5.98512238139991,2.3498967851981
8.996,5.98956565898592,5.98509992463543,2.36715380226806
8.998,5.98955865898592,5.98507827400302,2.38074530274293
9,5.98955165898592,5.98505759300822,2.39101264141163
9.002,5.98954465898592,5.98503801699491,2.39826630888646
9.004,5.98953765898592,5.98501954534024,2.40293325222984
9.006,5.98953065898592,5.98500222639649,2.4051398743882
9.008,5.98952365898592,5.98498610676464,2.40492029540456
9.01,5.98951665898592,5.98497110010851,2.40248221282835
9.012,5.98950965898592,5.98495715752182,2.3978826714485
9.014,5.98950265898592,5.98494423731229,2.39107468524023
9.016,5.98949565898592,5.98493220440835,2.38211508953736
9.018,5.98948865898592,5.98492096779505,2.37086066110036
9.02,5.98948165898592,5.98491040092219,2.35708110516455
9.022,5.98947465898592,5.98490035555044,2.34035575107687
9.024,5.98946765898592,5.98489062403743,2.32041922298157
9.026,5.98946065898592,5.98488103840187,2.2968755956789
9.028,5.98945365898592,5.98487142864558,2.26904164957113
9.03,5.98944665898592,5.98486164618815,2.23668366723249
9.032,5.98943965898592,5.98485156816551,2.19935306259068
9.034,5.98943265898592,5.98484108922341,2.15673575383172
9.036,5.98942565898592,5.98483011944578,2.10857739512501
9.038,5.98941865898592,5.98481856489778,2.05457335567068
9.04,5.98941165898592,5.98480631751224,1.9943406916552
9.042,5.98940465898592,5.98479325840269,1.92742398085936
9.044,5.98939765898592,5.98477936138862,1.85403430008463
9.046,5.98939065898592,5.98476450176102,1.77353701056687
9.048,5.98938365898592,5.98474865189323,1.68593629907164
9.05,5.98937665898592,5.98473185435567,1.59161006769255
9.052,5.98936965898592,5.98471410512349,1.49049693599818
9.054,5.98936265898592,5.9846955081161,1.3831907502995
9.056,5.98935565898592,5.9846761198052,1.26978668980115
9.058,5.98934865898592,5.98465612596313,1.15122709372576
9.06,5.98934165898592,5.98463568917906,1.0281391930445
9.062,5.98933565898592,5.98461501267569,0.901253633469939
9.064,5.98932965898592,5.98459434452253,0.771751915611438
9.066,5.98932365898592,5.98457393224157,0.640537578625639
9.068,5.98931765898592,5.98455400746344,0.508708876295219
9.07,5.98931165898592,5.98453486798802,0.377320630679438
9.072,5.98930765898592,5.98451673665994,0.247475679928756
9.074,5.98930365898592,5.98449979554052,0.120111695523259
9.076,5.98929965898592,5.98448427687181,-0.00372610668921631
9.078,5.98929565898592,5.98447038637971,-0.12301001657176
9.08,5.98929165898592,5.98445822033838,-0.237040597038515
9.082,5.98929065898592,5.98444804767519,-0.344566032215991
9.084,5.98928965898592,5.98443994828521,-0.444937288566846
9.086,5.98928865898592,5.98443391586492,-0.537855079628062
9.088,5.98928765898592,5.98443023949651,-0.621899530209982
9.09,5.98928665898592,5.98442875102121,-0.697347769616967
9.092,5.98928965898592,5.98442941200906,-0.764019038824392
9.094,5.98929265898592,5.98443223493534,-0.821478065196158
9.096,5.98929565898592,5.98443702403356,-0.870144113573176
9.098,5.98929865898592,5.98444362730046,-0.910242839950078
9.1,5.98930165898592,5.98445176851544,-0.942593897256249
9.102,5.98930965898592,5.98446124124673,-0.967689122635812
9.104,5.98931765898592,5.98447181311125,-0.986122277677662
9.106,5.98932565898592,5.9844831635299,-0.999048356293275
9.108,5.98933365898592,5.98449504945965,-1.0070874611935
9.11,5.98934165898592,5.98450718893062,-1.01143651850611
9.112,5.98935565898592,5.98451937644721,-1.01265533063723
9.114,5.98936965898592,5.98453139843584,-1.01141954108761
9.116,5.98938365898592,5.98454312839744,-1.00848227730668
9.118,5.98939765898592,5.98455444853428,-1.00421558780866
9.12,5.98941165898592,5.9845653023889,-0.999022130933981
9.122,5.98943065898592,5.98457566014782,-0.993141365060449
9.124,5.98944965898592,5.98458553916261,-0.986700926073261
9.126,5.98946865898592,5.98459499373682,-0.979685810386345
9.128,5.98948765898592,5.98460412397345,-0.971945380492973
9.13,5.98950665898592,5.9846130689121,-0.963184994131792
9.132,5.98952965898592,5.98462199681439,-0.953013912639667
9.134,5.98955265898592,5.98463109909463,-0.940936568314038
9.136,5.98957565898592,5.98464061209802,-0.926248336874093
9.138,5.98959865898592,5.98465078984456,-0.908199060594663
9.14,5.98962165898592,5.98466186922914,-0.886080761352567
9.142,5.98964765898592,5.98467416747153,-0.858818533106428
9.144,5.98967365898592,5.98468784264637,-0.825970378142847
9.146,5.98969965898592,5.98470329196992,-0.786120719249987
9.148,5.98972565898592,5.98472059320922,-0.739110161172362
9.15,5.98975165898592,5.98474003026922,-0.683963294568308
9.152,5.98977965898592,5.98476178402224,-0.620101369040797
9.154,5.98980765898592,5.98478579294582,-0.547836686493082
9.156,5.98983565898592,5.98481213335582,-0.466956757076795
9.158,5.98986365898592,5.98484084989257,-0.377373472828638
9.16,5.98989165898592,5.98487184182435,-0.279541807312213
9.162,5.98992065898592,5.98490491328514,-0.174256530933237
9.164,5.98994965898592,5.98494007075482,-0.0616053283955504
9.166,5.98997865898592,5.98497698520651,0.0571307084663596
9.168,5.99000765898592,5.98501557267467,0.181498428807246
9.17,5.99003665898592,5.98505546207641,0.310060782752973
9.172,5.99006565898592,5.98509646227467,0.441947508889684
9.174,5.99009465898592,5.98513823653161,0.575744375220368
9.176,5.99012365898592,5.98518038791528,0.709974551487127
9.178,5.99015265898592,5.9852226388613,0.843410938410196
9.18,5.99018165898592,5.98526463849175,0.974561308950101
9.182,5.99021065898592,5.98530607482094,1.1021606755408
9.184,5.99023965898592,5.98534667549129,1.22504644541851
9.186,5.99026865898592,5.9853861640662,1.34199354165171
9.188,5.99029765898592,5.98542432458534,1.45205713898387
9.19,5.99032665898592,5.98546092759095,1.55416894987428
9.192,5.99035565898592,5.98549573392878,1.64716837727564
9.194,5.99038465898592,5.98552861763559,1.73041023432456
9.196,5.99041365898592,5.98555938169795,1.80281896174012
9.198,5.99044265898592,5.98558805988596,1.8644277352703
9.2,5.99047165898592,5.98561463538499,1.91497308462486
9.202,5.99050065898592,5.98563893311654,1.95324214284123
9.204,5.99052965898592,5.98566118564619,1.98013663307666
9.206,5.99055865898592,5.98568145781394,1.99559410885534
9.208,5.99058765898592,5.98569993662416,2.00016491832939
9.21,5.99061665898592,5.9857168270834,1.99437806211974
9.212,5.99064565898592,5.98573243344659,1.9792811142184
9.214,5.99067465898592,5.98574709232388,1.95605728035509
9.216,5.99070365898592,5.98576117343144,1.92610467150706
9.218,5.99073265898592,5.98577504097437,1.89075051082051
9.22,5.99076165898592,5.98578906508954,1.85133521216509
9.222,5.99079065898592,5.98580363091985,1.80916821586152
9.224,5.99081965898592,5.98581909366468,1.76567851709185
9.226,5.99084865898593,5.9858358058347,1.72215421039016
9.228,5.99087765898592,5.98585409490701,1.67980881188377
9.23,5.99090665898592,5.98587423487619,1.63967237670101
9.232,5.99093565898592,5.98589648223284,1.60264200318295
9.234,5.99096465898592,5.98592095320892,1.56926367593423
9.236,5.99099365898592,5.98594773251406,1.53988514078638
9.238,5.99102265898592,5.98597692925836,1.51479316466462
9.24,5.99105165898592,5.98600832297089,1.49357327605619
9.242,5.99108065898592,5.98604184525226,1.4759744782195
9.244,5.99110965898592,5.98607737160095,1.46150780356393
9.246,5.99113865898592,5.98611449565885,1.44914659934572
9.248,5.99116765898592,5.98615300482178,1.43803008250681
9.25,5.99119665898592,5.98619251535331,1.42694712058344
9.252,5.99122565898592,5.98623259405477,1.41459700090586
9.254,5.99125465898592,5.98627284373222,1.39964198917517
9.256,5.99128365898592,5.98631285490831,1.38079658996521
9.258,5.99131265898592,5.98635220239653,1.35658913305743
9.26,5.99134165898592,5.98639051439395,1.3258648550908
9.262,5.99137065898592,5.98642748089627,1.28765619208907
9.264,5.99139965898592,5.98646281411605,1.24102783184543
9.266,5.99142865898592,5.98649630542471,1.18534649674013
9.268,5.99145765898592,5.98652796260213,1.12089880082716
9.27,5.99148665898592,5.98655758289265,1.04689150623782
9.272,5.99151565898593,5.9865852620913,0.963877678224182
9.274,5.99154465898592,5.98661110241385,0.872370149404837
9.276,5.99157365898592,5.98663521054092,0.772856662687872
9.278,5.99160265898592,5.98665775773626,0.666070612228617
9.28,5.99163165898592,5.98667908010289,0.55347741185551
9.282,5.99166065898592,5.98669941772843,0.436049515424054
9.284,5.99168965898592,5.98671911148771,0.31517389442236
9.286,5.99171865898592,5.98673856361975,0.192533718331096
9.288,5.99174765898592,5.98675811848389,0.069525729497808
9.29,5.99177665898592,5.98677814640848,-0.0523620649335473
9.292,5.99180565898592,5.98679902645049,-0.171584844507149
9.294,5.99183465898592,5.98682102520067,-0.286992485466
9.296,5.99186365898592,5.98684444214757,-0.397328593295062
9.298,5.99189265898592,5.98686953146638,-0.501490588398312
9.3,5.99192165898592,5.98689647253759,-0.598639568698303
9.302,5.99195065898592,5.98692539952034,-0.688082122208545
9.304,5.99197965898592,5.9869563899061,-0.769321427850567
9.306,5.99200865898592,5.98698943110418,-0.842183902296471
9.308,5.99203765898592,5.98702450968355,-0.906462815351981
9.31,5.99206665898592,5.98706149676153,-0.962413811638464
9.312,5.99209565898592,5.9871002393975,-1.01038445540839
9.314,5.99212465898592,5.98714061681807,-1.05054510046508
9.316,5.99215365898592,5.98718241294855,-1.08347410322026
9.318,5.99218265898592,5.98722539138788,-1.10984331697861
9.32,5.99221165898592,5.98726927739266,-1.13057605259705
9.322,5.99224065898592,5.98731386204363,-1.14610568659452
9.324,5.99226965898592,5.98735882035741,-1.15759124972065
9.326,5.99229865898592,5.98740387248696,-1.16604325751627
9.328,5.99232765898592,5.98744874540951,-1.17230148289189
9.33,5.99235665898592,5.98749317298959,-1.17731236481416
9.332,5.99238565898593,5.98753682644938,-1.18200577576827
9.334,5.99241465898592,5.98757953633976,-1.18720075468787
9.336,5.99244365898593,5.98762103879551,-1.19362325479109
9.338,5.99247265898592,5.98766119029294,-1.20182309738846
9.34,5.99250165898592,5.98769995316376,-1.21205299969746
9.342,5.99253065898592,5.98773719066569,-1.22461494879967
9.344,5.99255965898592,5.98777299413845,-1.23936286745534
9.346,5.99258865898592,5.98780739661188,-1.25614016911882
9.348,5.99261765898592,5.98784050963464,-1.2745935936482
9.35,5.99264665898592,5.98787247151759,-1.29426430889838
9.352,5.99267565898592,5.98790345693195,-1.31461357703534
9.354,5.99270465898593,5.98793359781874,-1.33502126227267
9.356,5.99273365898592,5.9879631481894,-1.35486735434465
9.358,5.99276265898592,5.98799225685358,-1.37350497908172
9.36,5.99279165898592,5.98802111326459,-1.39015820643232
9.362,5.99282065898593,5.98804992559988,-1.4042030161527
9.364,5.99284965898593,5.988078889632,-1.41487696305818
9.366,5.99287865898593,5.98810822790501,-1.4213492182166
9.368,5.99290765898593,5.98813818217255,-1.42270239010482
9.37,5.99293665898593,5.98816900431898,-1.41803101561361
9.372,5.99296565898593,5.98820092542884,-1.40655730405722
9.374,5.99299465898592,5.9882341859314,-1.38738547389855
9.376,5.99302365898593,5.98826891922555,-1.36014690236609
9.378,5.99305265898592,5.98830528043371,-1.32424521725936
9.38,5.99308165898593,5.98834324122043,-1.2799501515284
9.382,5.99311065898593,5.98838284510253,-1.22705312532171
9.384,5.99313965898592,5.98842397924223,-1.1660741446981
9.386,5.99316865898592,5.98846654246433,-1.09740392772285
9.388,5.99319765898592,5.98851039135524,-1.02157963495136
9.39,5.99322665898592,5.98855524519443,-0.939879612557998
9.392,5.99325565898592,5.98860094501447,-0.852824249096962
9.394,5.99328465898592,5.98864719967352,-0.761580194242146
9.396,5.99331365898592,5.98869369905042,-0.667467038909082
9.398,5.99334265898593,5.98874013946463,-0.571659373827557
9.4,5.99337165898593,5.98878617683475,-0.475532301638666
9.402,5.99339965898593,5.9888315305025,-0.380350558864307
9.404,5.99342765898592,5.98887592030399,-0.287266633479912
9.406,5.99345565898593,5.98891898064263,-0.197692583371356
9.408,5.99348365898592,5.98896054632476,-0.11246774150866
9.41,5.99351165898593,5.98900034457675,-0.0327060494252764
9.412,5.99353765898593,5.98903822643051,0.0408598775321889
9.414,5.99356365898593,5.98907418763728,0.107995758377304
9.416,5.99358965898593,5.98910818110626,0.168355637403646
9.418,5.99361565898593,5.98914022233096,0.221800157012547
9.42,5.99364165898593,5.98917032830633,0.268182474403264
9.422,5.99366465898593,5.98919877801533,0.308325804040111
9.424,5.99368765898592,5.98922564359139,0.342299286457117
9.426,5.99371065898593,5.98925111508546,0.370594091873908
9.428,5.99373365898593,5.98927546251232,0.394047415466006
9.43,5.99375665898592,5.98929892007032,0.413373099661028
9.432,5.99377565898593,5.98932173137246,0.429321842705421
9.434,5.99379465898592,5.98934417497962,0.44283650807815
9.436,5.99381365898592,5.98936650992724,0.45470081623298
9.438,5.99383265898592,5.98938898868433,0.465837580745559
9.44,5.99385165898593,5.98941183938672,0.476941914952106
9.442,5.99386565898593,5.98943526749681,0.488688676636006
9.444,5.99387965898593,5.98945936479713,0.501482981780007
9.446,5.99389365898593,5.98948430577458,0.51580889463107
9.448,5.99390765898593,5.98951011167829,0.531830182553538
9.45,5.99392165898593,5.98953683396385,0.549701297377255
9.452,5.99392965898593,5.98956446133201,0.569394659129992
9.454,5.99393765898593,5.98959297320896,0.590793498626687
9.456,5.99394565898593,5.98962221400196,0.613468592807076
9.458,5.99395365898592,5.98965211694643,0.637076428911459
9.46,5.99396165898593,5.98968246653044,0.660954964956269
9.462,5.99396465898593,5.98971306341032,0.684451605039391
9.464,5.99396765898592,5.98974367379743,0.70668744198322
9.466,5.99397065898592,5.98977397396816,0.72654296085902
9.468,5.99397365898593,5.98980368997778,0.74317352906626
9.47,5.99397665898593,5.98983242783533,0.755104065746957
9.472,5.99397565898593,5.98985994168081,0.761591085263674
9.474,5.99397465898593,5.98988582134403,0.761137660533354
9.476,5.99397365898592,5.98990986338989,0.753135512761042
9.478,5.99397265898592,5.98993158476651,0.735847127943455
9.48,5.99397165898592,5.98995092144691,0.709203242542443
9.482,5.99396765898592,5.98996750695324,0.671929833047085
9.484,5.99396365898592,5.9899812031283,0.62364517848342
9.486,5.99395965898593,5.9899918568987,0.5638979047861
9.488,5.99395565898593,5.98999961661767,0.493361150905745
9.49,5.99395165898593,5.99000447433287,0.412115640421274
9.492,5.99394565898593,5.99000655155039,0.32073119045333
9.494,5.99393965898593,5.99000607292691,0.220151089396093
9.496,5.99393365898593,5.99000311955356,0.110825644717461
9.498,5.99392765898593,5.98999815416827,-0.00543544308066594
9.5,5.99392165898593,5.98999144148204,-0.127527946548807
9.502,5.99391465898593,5.98998327091314,-0.25421784990377
9.504,5.99390765898593,5.98997404878605,-0.383874179068954
9.506,5.99390065898593,5.98996418520164,-0.514878782186196
9.508,5.99389365898593,5.9899540314967,-0.645812881338295
9.51,5.99388665898593,5.98994394440531,-0.77518097040424
9.512,5.99387965898593,5.98993425394472,-0.901683128207816
9.514,5.99387265898593,5.98992525999738,-1.02406652802467
9.516,5.99386565898593,5.98991727163495,-1.14101600791042
9.518,5.99385865898593,5.98991062063302,-1.25110511294229
9.52,5.99385165898593,5.98990539516768,-1.35407309552866
9.522,5.99384465898593,5.98990196234796,-1.44822259146444
9.524,5.99383765898593,5.98990052767798,-1.53261068138899
9.526,5.99383065898593,5.98990115302296,-1.60692751988805
9.528,5.99382365898593,5.9899039540593,-1.67054237058804
9.53,5.99381665898593,5.98990902655687,-1.72285979633669
9.532,5.99380965898593,5.98991640520692,-1.7635220304132
9.534,5.99380265898593,5.9899260367581,-1.79256071533165
9.536,5.99379565898593,5.98993785932172,-1.80997871389037
9.538,5.99378865898593,5.98995165947223,-1.81653740433407
9.54,5.99378165898593,5.98996721963308,-1.81302272439715
9.542,5.99377465898593,5.9899844293274,-1.79943761559045
9.544,5.99376765898593,5.99000293700156,-1.77702896701229
9.546,5.99376065898593,5.9900223421229,-1.74733883674404
9.548,5.99375365898593,5.99004227139708,-1.71179660119672
9.55,5.99374665898593,5.99006236752293,-1.67167510774974
9.552,5.99373965898593,5.99008226023398,-1.6282433242148
9.554,5.99373265898592,5.99010149895198,-1.58286786033574
9.556,5.99372565898592,5.99011983544487,-1.53696734179508
9.558,5.99371865898592,5.99013674717275,-1.49183947470235
9.56,5.99371165898593,5.99015217778191,-1.44836966687842
9.562,5.99370465898593,5.99016568138214,-1.40763674677015
9.564,5.99369765898593,5.99017712723247,-1.37027659484818
9.566,5.99369065898593,5.99018635569935,-1.33679859815186
9.568,5.99368365898593,5.99019342498146,-1.30720947592557
9.57,5.99367665898593,5.99019837575828,-1.28144518672706
9.572,5.99366965898593,5.99020116900838,-1.25950012004036
9.574,5.99366265898593,5.99020201040869,-1.24084041482398
9.576,5.99365565898593,5.99020108107126,-1.22488722993723
9.578,5.99364865898593,5.99019861284921,-1.21084377236182
9.58,5.99364165898593,5.99019498935067,-1.19761881516226
9.582,5.99363465898593,5.99019053934422,-1.18412736362224
9.584,5.99362765898593,5.99018563610682,-1.16907620418929
9.586,5.99362065898593,5.99018067412808,-1.1513703115601
9.588,5.99361365898593,5.99017605136804,-1.12954920812338
9.59,5.99360665898593,5.99017208694193,-1.10279817956687
9.592,5.99359965898593,5.99016906905513,-1.07021635781039
9.594,5.99359265898593,5.99016731439156,-1.03071095593076
9.596,5.99358565898593,5.99016695745917,-0.984098920346123
9.598,5.99357865898593,5.99016821049452,-0.929693714961133
9.6,5.99357165898593,5.99017107815763,-0.867737727977378
9.602,5.99356465898593,5.99017563120843,-0.798082617599621
9.604,5.99355765898593,5.99018182638767,-0.721045587160166
9.606,5.99355065898593,5.990189503644,-0.637411520607527
9.608,5.99354365898593,5.9901985450302,-0.547730067059605
9.61,5.99353665898593,5.99020874286822,-0.452911242122447
9.612,5.99352965898593,5.99021985834989,-0.353963097825976
9.614,5.99352265898593,5.99023160380863,-0.252069180507873
9.616,5.99351565898593,5.990243633808,-0.148682647125277
9.618,5.99350865898593,5.99025567164825,-0.0449088276570073
9.62,5.99350165898593,5.99026740919382,0.05797890468341
9.622,5.99349465898593,5.99027851943663,0.15864869101485
9.624,5.99348765898593,5.99028876903699,0.256113807058984
9.626,5.99348065898593,5.99029789842314,0.349303377946275
9.628,5.99347365898593,5.99030571831566,0.437410415296326
9.63,5.99346665898593,5.99031196527687,0.51932619141121
9.632,5.99345965898593,5.99031659917602,0.594809585248702
9.634,5.99345265898593,5.99031950594469,0.663323699266969
9.636,5.99344565898593,5.99032064294386,0.724597780145858
9.638,5.99343865898592,5.9903200224223,0.778563182811173
9.64,5.99343165898593,5.99031768450618,0.825232316434598
9.642,5.99342465898593,5.99031369326598,0.864663398044154
9.644,5.99341765898593,5.99030832282911,0.897834190356049
9.646,5.99341065898593,5.99030160000407,0.92455817036024
9.648,5.99340365898593,5.99029381624326,0.945850690036187
9.65,5.99339665898593,5.9902851892959,0.962427328081631
9.652,5.99338965898593,5.9902758952099,0.974721476695996
9.654,5.99338265898593,5.99026619248967,0.983576982093717
9.656,5.99337565898593,5.99025634279102,0.989949426993163
9.658,5.99336865898593,5.99024657860914,0.994599941850609
9.66,5.99336165898593,5.99023718084924,0.998345778331742
9.662,5.99335465898593,5.99022839963297,1.00210027876241
9.664,5.99334765898593,5.99022047793564,1.00663142272183
9.666,5.99334065898593,5.99021365369567,1.01265656704299
9.668,5.99333365898593,5.99020805544708,1.02065889470888
9.67,5.99332665898593,5.9902037837866,1.03096540130697
9.672,5.99331965898593,5.99020092508978,1.04380425194755
9.674,5.99331265898593,5.99019947177206,1.05915944010971
9.676,5.99330565898593,5.99019940322315,1.07691741468133
9.678,5.99329865898593,5.99020066465991,1.09682879024454
9.68,5.99329165898593,5.99020313752639,1.11848043949899
9.682,5.99328465898593,5.99020668904914,1.14138925567509
9.684,5.99327765898593,5.99021116735242,1.16500233500091
9.686,5.99327065898593,5.99021641875756,1.18870235956794
9.688,5.99326365898593,5.99022225980234,1.21185787061721
9.69,5.99325665898593,5.99022852701449,1.23382858971763
9.692,5.99324965898593,5.99023504809056,1.25394113369538
9.694,5.99324265898593,5.99024164654464,1.27154144233436
9.696,5.99323565898593,5.99024814012354,1.28597874494659
9.698,5.99322865898593,5.99025428792928,1.29612991998072
9.7,5.99322165898593,5.99025993253742,1.30178453668583
9.702,5.99321465898593,5.9902647489989,1.30138837244586
9.704,5.99320765898593,5.99026862244682,1.29494078989692
9.706,5.99320065898593,5.99027122782495,1.28100366538092
9.708,5.99319365898593,5.99027243615704,1.25931816403912
9.71,5.99318665898593,5.99027207924771,1.22929946623853
9.712,5.99317965898593,5.99027018060501,1.19128012130589
9.714,5.99317265898593,5.99026662128203,1.14477361130823
9.716,5.99316565898593,5.99026149393154,1.09030240147379
9.718,5.99315865898593,5.99025487733193,1.02823978349422
9.72,5.99315165898593,5.99024693250938,0.95932035984576
9.722,5.99314465898593,5.99023778884755,0.884035937403819
9.724,5.99313765898593,5.99022769940019,0.803462872841584
9.726,5.99313065898593,5.99021694771384,0.71877061030262
9.728,5.99312365898593,5.99020583410494,0.631161251892882
9.73,5.99311665898593,5.99019467345314,0.541923283784239
9.732,5.99310965898593,5.99018378855734,0.452329304375389
9.734,5.99310265898593,5.99017346051289,0.363587453160801
9.736,5.99309565898593,5.99016396871007,0.276828281959869
9.738,5.99308865898593,5.99015560606281,0.193224554322711
9.74,5.99308165898593,5.99014854734894,0.113580726101776
9.742,5.99307565898593,5.99014308732693,0.0390363715293101
9.744,5.99306965898593,5.99013940547088,-0.0296347576320292
9.746,5.99306365898593,5.99013762352561,-0.0918665668542254
9.748,5.99305765898593,5.99013780852836,-0.147305700553465
9.75,5.99305165898593,5.9901399380653,-0.195922360554125
9.752,5.99304765898593,5.99014410983066,-0.237261841023471
9.754,5.99304365898593,5.99015014055311,-0.271870610748712
9.756,5.99303965898593,5.99015801468809,-0.299692815946665
9.758,5.99303565898593,5.99016741598884,-0.321784519240582
9.76,5.99303165898593,5.99017829125638,-0.338212618698025
9.762,5.99303065898593,5.99019030243412,-0.350115645255797
9.764,5.99302965898593,5.99020316893815,-0.358428641038069
9.766,5.99302865898593,5.99021660677932,-0.364075005485526
9.768,5.99302765898593,5.9902302864824,-0.368194096189587
9.77,5.99302665898593,5.99024390244585,-0.371760609807768
9.772,5.99302965898593,5.99025716333831,-0.375796045680299
9.774,5.99303265898593,5.99026979736965,-0.381165441463207
9.776,5.99303565898593,5.99028155764662,-0.388662658006644
9.778,5.99303865898593,5.99029226143096,-0.39887253724669
9.78,5.99304165898593,5.99030178914726,-0.412161713590187
9.782,5.99304965898593,5.99031005894587,-0.428753353820366
9.784,5.99305765898593,5.99031704489883,-0.448678835379694
9.786,5.99306565898593,5.99032277946089,-0.4717776209681
9.788,5.99307365898593,5.99032728936437,-0.497851217737757
9.79,5.99308165898593,5.99033073305674,-0.526335328372918
9.792,5.99309565898593,5.99033329643474,-0.556603369472612
9.794,5.99310965898593,5.99033508912544,-0.588066935362837
9.796,5.99312365898593,5.99033643774806,-0.619685703875834
9.798,5.99313765898593,5.99033760770514,-0.650497904132588
9.8,5.99315165898593,5.99033895550835,-0.679146043778763
9.802,5.99317065898593,5.99034081259261,-0.704615328082585
9.804,5.99318965898593,5.99034360032475,-0.725326703087194
9.806,5.99320865898593,5.99034764959712,-0.740221101180501
9.808,5.99322765898593,5.99035331345643,-0.748090519411923
9.81,5.99324665898593,5.9903610074034,-0.747487783813987
9.812,5.99326965898593,5.99037109344095,-0.737219461964137
9.814,5.99329265898593,5.99038383806251,-0.716466480602401
9.816,5.99331565898593,5.99039943296924,-0.684673322026747
9.818,5.99333865898593,5.99041821235746,-0.640734401598828
9.82,5.99336165898593,5.99044011813001,-0.585032901871033
9.822,5.99338765898593,5.99046522168712,-0.517445664563042
9.824,5.99341365898593,5.99049358145087,-0.437918600776704
9.826,5.99343965898593,5.99052495426034,-0.347503734322231
9.828,5.99346565898593,5.99055916507599,-0.246991560801343
9.83,5.99349165898593,5.99059620432048,-0.13662083166763
9.832,5.99351965898593,5.99063550388286,-0.0185636361242085
9.834,5.99354765898593,5.99067696227301,0.106583977124662
9.836,5.99357565898593,5.99071998915224,0.236634537836056
9.838,5.99360365898593,5.99076437938155,0.37057236751963
9.84,5.99363165898593,5.99080959745851,0.506403555311399
9.842,5.99366065898593,5.99085527779591,0.642641656621221
9.844,5.99368965898593,5.99090102464179,0.777659296030684
9.846,5.99371865898593,5.99094648353468,0.910096748425631
9.848,5.99374765898593,5.99099134687934,1.03867492745865
9.85,5.99377665898593,5.99103535520826,1.1623454783926
9.852,5.99380565898593,5.99107820396376,1.27976703622948
9.854,5.99383465898593,5.99111962843329,1.38977989484831
9.856,5.99386365898593,5.99115954166728,1.49206400364379
9.858,5.99389265898593,5.99119770899465,1.58547519968183
9.86,5.99392165898593,5.99123397464567,1.66921046062421
9.862,5.99395065898593,5.99126826443587,1.74281530837043
9.864,5.99397965898593,5.99130060502789,1.80631418974815
9.866,5.99400865898593,5.99133084386868,1.85872953748854
9.868,5.99403765898593,5.99135909788672,1.90045870244879
9.87,5.99406665898593,5.99138542750162,1.93155823262993
9.872,5.99409565898593,5.99140980544069,1.95149162919962
9.874,5.99412465898593,5.99143245597426,1.96106280180195
9.876,5.99415365898593,5.9914536014411,1.96104808695951
9.878,5.99418265898593,5.9914734541625,1.95204963906806
9.88,5.99421165898593,5.99149228560371,1.93491485380039
9.882,5.99424065898593,5.9915104376699,1.91090689213102
9.884,5.99426965898593,5.99152823798887,1.88114274779607
9.886,5.99429865898593,5.99154601893995,1.84688270925603
9.888,5.99432765898593,5.99156414588828,1.80910565027785
9.89,5.99435665898593,5.9915829163747,1.76922313729329
9.892,5.99438565898593,5.99160270052468,1.72824248277987
9.894,5.99441465898593,5.9916237638948,1.68729265123982
9.896,5.99444365898593,5.99164638254131,1.64727665389119
9.898,5.99447265898593,5.9916708151368,1.60897511830594
9.9,5.99450165898593,5.9916971047557,1.57278276462308
9.902,5.99453065898593,5.99172538851565,1.53902473273015
9.904,5.99455965898593,5.99175565088613,1.50770243506332
9.906,5.99458865898593,5.99178775576249,1.47855192971018
9.908,5.99461765898593,5.99182170033498,1.45133318903841
9.91,5.99464665898593,5.99185719422161,1.42538673949146
9.912,5.99467565898593,5.99189402793189,1.40005830287097
9.914,5.99470465898593,5.99193198531212,1.37442531953295
9.916,5.99473365898593,5.99197067509354,1.3474149018831
9.918,5.99476265898593,5.99200973813457,1.3180315488701
9.92,5.99479165898593,5.99204882619599,1.2849627916928
9.922,5.99482065898593,5.99208757267028,1.24718239345603
9.924,5.99484965898593,5.99212572103,1.20415253854364
9.926,5.99487865898593,5.99216293801046,1.15457094273579
9.928,5.99490765898593,5.99219910737232,1.09855202618931
9.93,5.99493665898593,5.99223408281137,1.03577298278788
9.932,5.99496565898593,5.99226767028525,0.965662286202562
9.934,5.99499465898593,5.99229985730303,0.888556212215785
9.936,5.99502365898593,5.99233058945831,0.804497011926745
9.938,5.99505265898593,5.99235979968194,0.713442077664072
9.94,5.99508165898593,5.99238771313546,0.616612575881855
9.942,5.99511065898593,5.99241432273424,0.514113827155213
9.944,5.99513965898593,5.99243978563341,0.406744751578056
9.946,5.99516865898593,5.99246439052888,0.295794190289527
9.948,5.99519765898593,5.9924883867015,0.182338091297656
9.95,5.99522665898593,5.99251212937101,0.0678523297505503
9.952,5.99525565898593,5.99253594193551,-0.0463409205324641
9.954,5.99528465898593,5.99256019353532,-0.158745471629284
9.956,5.99531365898593,5.99258518185495,-0.268157526817279
9.958,5.99534265898593,5.99261119135485,-0.373419110840432
9.96,5.99537165898593,5.99263847460455,-0.473486021420311
9.962,5.99540065898593,5.99266724569418,-0.567447899634384
9.964,5.99542965898593,5.99269759272097,-0.654886237359845
9.966,5.99545865898593,5.9927295906887,-0.735423458412111
9.968,5.99548765898593,5.99276333338107,-0.808580609284949
9.97,5.99551665898593,5.9927986831929,-0.874846333212989
9.972,5.99554565898593,5.99283568062155,-0.933926696065852
9.974,5.99557465898593,5.99287425921934,-0.985938508718568
9.976,5.99560365898593,5.99291423608698,-1.03149630908115
9.978,5.99563265898593,5.99295550978431,-1.07081968242263
9.98,5.99566165898593,5.99299791872725,-1.10435608443421
9.982,5.99569065898593,5.99304123458342,-1.13292606927846
9.984,5.99571965898593,5.99308531032943,-1.15690209855446
9.986,5.99574865898593,5.99312995771399,-1.17680868678615
9.988,5.99577765898593,5.99317493947468,-1.1935422086001
9.99,5.99580665898593,5.99322005001225,-1.20768091362426
9.992,5.99583565898593,5.99326505174465,-1.22004038537392
9.994,5.99586465898593,5.99330966297019,-1.23139083923012
9.996,5.99589365898593,5.99335366935559,-1.24256353380678
9.998,5.99592265898593,5.99339683455367,-1.25424590749125
10,5.99595165898593,5.99343889064171,-1.26713169992495
10.002,5.99598065898593,5.99347971617412,-1.28166683989058
10.004,5.99600965898593,5.99351924877983,-1.29807538010998
10.006,5.99603865898593,5.99355739332868,-1.31653884208755
10.008,5.99606765898593,5.99359412710702,-1.33703959862183
10.01,5.99609665898593,5.99362946370965,-1.35940014329058
10.012,5.99612565898593,5.99366353208192,-1.38319997329749
10.014,5.99615465898593,5.99369641962309,-1.40798368518851
10.016,5.99618365898593,5.99372832844272,-1.43317224209072
10.018,5.99621265898593,5.99375934865523,-1.45813654834907
10.02,5.99624165898593,5.99378968425734,-1.48223041611674
10.022,5.99627065898593,5.99381949115869,-1.50482094437513
10.024,5.99629965898593,5.99384890968,-1.52523036452486
10.026,5.99632865898593,5.99387810241243,-1.54297407531797
10.028,5.99635765898593,5.99390721005721,-1.55741068889957
10.03,5.99638665898593,5.99393640707265,-1.5677225154244
10.032,5.99641565898593,5.99396588327436,-1.57332533942719
10.034,5.99644465898593,5.99399584503978,-1.57351809429993
10.036,5.99647365898593,5.99402655586726,-1.56719830797953
10.038,5.99650265898593,5.99405821082654,-1.55392163338925
10.04,5.99653165898593,5.99409108879611,-1.53256029033289
10.042,5.99656065898593,5.99412530655772,-1.5029793820288
10.044,5.99658965898593,5.99416108913076,-1.4642620620745
10.046,5.99661865898593,5.99419837722352,-1.41701962993569
10.048,5.99664765898593,5.99423728554549,-1.36074781721473
10.05,5.99667665898593,5.9942776892743,-1.29618164279384
10.052,5.99670565898593,5.9943194761753,-1.2239074567472
10.054,5.99673465898593,5.99436259016765,-1.14412631184603
10.056,5.99676365898593,5.99440677316736,-1.05812411836458
10.058,5.99679265898593,5.99445187620756,-0.966480985658225
10.06,5.99682165898593,5.99449760913925,-0.87051425434989
10.062,5.99685065898593,5.99454368678838,-0.771437482921741
10.064,5.99687965898593,5.99458980787306,-0.670530492499
10.066,5.99690865898593,5.99463565645043,-0.569087616168867
10.068,5.99693765898593,5.99468091105449,-0.468443190677538
10.07,5.99696665898593,5.99472524386661,-0.369918630740337
10.072,5.99699565898593,5.99476835579584,-0.274749129924388
10.074,5.99702465898593,5.99480992037632,-0.184232023130739
10.076,5.99705365898593,5.99484979225363,-0.09905898334956
10.078,5.99708265898593,5.99488764838656,-0.020456308786312
10.08,5.99711165898593,5.99492339142996,0.051085382400446
10.082,5.99713965898593,5.99495705561395,0.115561688992599
10.084,5.99716765898593,5.99498857432351,0.172640141581964
10.086,5.99719565898593,5.99501792049533,0.222115927329805
10.088,5.99722365898593,5.99504531980805,0.264678579746495
10.09,5.99725165898593,5.99507089070572,0.300651699528696
10.092,5.99727765898593,5.99509486006976,0.330749068459995
10.094,5.99730365898593,5.99511742161175,0.355546867827676
10.096,5.99732965898593,5.99513896551326,0.376352071545004
10.098,5.99735565898593,5.99515980213263,0.394180923723857
10.1,5.99738165898593,5.99518025711745,0.410073531878699
10.102,5.99740465898593,5.99520070089102,0.425241482000649
10.104,5.99742765898593,5.99522146972263,0.440794703530592
10.106,5.99745065898593,5.9952428733485,0.457707688557043
10.108,5.99747365898593,5.99526519794128,0.476866233122951
10.11,5.99749665898593,5.99528868881521,0.499006895853594
10.112,5.99751565898593,5.99531354992463,0.524703459875885
10.114,5.99753465898593,5.99533983455888,0.554087423069853
10.116,5.99755365898593,5.99536768896498,0.587481451516908
10.118,5.99757265898593,5.99539707247902,0.624680873491715
10.12,5.99759165898593,5.99542800531755,0.665577841789368
10.122,5.99760565898593,5.99546034533573,0.709622880226636
10.124,5.99761965898593,5.99549395083275,0.756214729294913
10.126,5.99763365898593,5.99552860880219,0.804541492066418
10.128,5.99764765898593,5.99556404713801,0.853589166529063
10.13,5.99766165898593,5.99559997952378,0.90221182455468
10.132,5.99766965898593,5.99563604935099,0.949238852391778
10.134,5.99767765898593,5.99567185431355,0.99310867949817
10.136,5.99768565898593,5.99570707732669,1.03291620459942
10.138,5.99769365898593,5.99574126992738,1.06686800715262
10.14,5.99770165898593,5.99577406543186,1.09374959788661
10.142,5.99770465898593,5.99580513110501,1.11245457145383
10.144,5.99770765898593,5.99583412881739,1.12183695784767
10.146,5.99771065898593,5.99586062350319,1.12036453092715
10.148,5.99771365898593,5.99588439843599,1.10744154068296
10.15,5.99771665898593,5.9959050600543,1.08170701598053
10.152,5.99771565898593,5.9959224065651,1.04257639990649
10.154,5.99771465898593,5.99593645281142,0.990297375390052
10.156,5.99771365898593,5.99594727021297,0.925297437325033
10.158,5.99771265898593,5.99595469097875,0.847061175177893
10.16,5.99771165898593,5.99595886037649,0.756294250918801
10.162,5.99770765898593,5.99595997376497,0.653883796659843
10.164,5.99770365898593,5.99595842422576,0.541454817801275
10.166,5.99769965898593,5.9959543534117,0.419681860576765
10.168,5.99769565898593,5.99594814234682,0.290144250775529
10.17,5.99769165898593,5.99594020170611,0.154514153546393
10.172,5.99768565898593,5.99593082366984,0.0140650148118341
10.174,5.99767965898593,5.99592048456955,-0.129333782782684
10.176,5.99767365898593,5.99590949577134,-0.274362090077432
10.178,5.99766765898593,5.99589822299399,-0.419530551651577
10.18,5.99766165898593,5.99588701181974,-0.56341671030574
10.182,5.99765465898593,5.9958761822286,-0.704722983285042
10.184,5.99764765898593,5.99586600782546,-0.842366604995704
10.186,5.99764065898593,5.99585686670875,-0.974714175238966
10.188,5.99763365898593,5.99584891641148,-1.10121907632789
10.19,5.99762665898593,5.99584246357116,-1.22052436733533
10.192,5.99761965898593,5.99583775160439,-1.33153451187773
10.194,5.99761265898593,5.99583482422869,-1.43401957250336
10.196,5.99760565898593,5.99583390467213,-1.52681079584723
10.198,5.99759865898593,5.99583496411127,-1.60987731039754
10.2,5.99759165898593,5.99583805942658,-1.68269371685154
10.202,5.99758465898593,5.99584310201571,-1.74540142419774
10.204,5.99757765898593,5.99585000304144,-1.7980966279638
10.206,5.99757065898593,5.99585865901269,-1.84092058406618
10.208,5.99756365898593,5.99586899039564,-1.87375392752368
10.21,5.99755665898593,5.99588074365245,-1.89745213480889
10.212,5.99754965898593,5.9958936372066,-1.91318314106417
10.214,5.99754265898593,5.99590758377929,-1.92050879847315
10.216,5.99753565898593,5.99592218701547,-1.92146889894824
10.218,5.99752865898593,5.99593726921837,-1.91595014607561
10.22,5.99752165898593,5.99595245909742,-1.90503801149838
10.222,5.99751465898593,5.99596750212509,-1.89076956690672
10.224,5.99750765898593,5.9959820266742,-1.87301426490621
10.226,5.99750065898593,5.99599573713155,-1.85326613404597
10.228,5.99749365898593,5.99600837859883,-1.83243675602831
10.23,5.99748665898593,5.99601972939015,-1.81122408591058
10.232,5.99747965898593,5.99602956146124,-1.79019423499465
10.234,5.99747265898593,5.996037776673,-1.76971428633644
10.236,5.99746565898593,5.99604428255971,-1.74992407788738
10.238,5.99745865898593,5.99604919301978,-1.73070080126456
10.24,5.99745165898593,5.99605254556892,-1.71180228325718
10.242,5.99744465898593,5.99605444696897,-1.6928145506337
10.244,5.99743765898593,5.99605510931743,-1.67320117797622
10.246,5.99743065898593,5.99605470172418,-1.65222324605874
10.248,5.99742365898593,5.99605350674209,-1.62900749719077
10.25,5.99741665898593,5.99605184119064,-1.60257957027828
10.252,5.99740965898593,5.99605001842288,-1.57210080928456
10.254,5.99740265898593,5.99604833297437,-1.53650535058863
10.256,5.99739565898593,5.99604704555653,-1.49515213709336
10.258,5.99738865898593,5.99604635393469,-1.44766259514559
10.26,5.99738165898593,5.99604642425299,-1.39365173092367
10.262,5.99737465898593,5.99604740092183,-1.33282619798093
10.264,5.99736765898593,5.99604940288534,-1.2650156681042
10.266,5.99736065898593,5.99605250125046,-1.19029094617937
10.268,5.99735365898593,5.99605673407483,-1.10883159162657
10.27,5.99734665898593,5.99606206472057,-1.02113432019054
10.272,5.99733965898593,5.99606848055706,-0.927465260634726
10.274,5.99733265898593,5.99607588735237,-0.828437238979759
10.276,5.99732565898593,5.99608410433738,-0.725018372325564
10.278,5.99731865898593,5.99609296780729,-0.617984689311888
10.28,5.99731165898593,5.99610221878509,-0.508532490560435
10.282,5.99730465898593,5.99611159525142,-0.3978143321544
10.284,5.99729765898593,5.9961208373663,-0.286983619915951
10.286,5.99729065898593,5.99612965479553,-0.177250504796377
10.288,5.99728365898593,5.99613782600544,-0.0696026123185416
10.29,5.99727665898593,5.99614512581079,0.0350059321197656
10.292,5.99726965898593,5.99615132482398,0.135606345485545
10.294,5.99726265898593,5.99615632203801,0.231705364916847
10.296,5.99725565898593,5.99615996489423,0.322630595746294
10.298,5.99724865898593,5.99616221068443,0.408130205751992
10.3,5.99724165898593,5.9961630125543,0.487942204988874
10.302,5.99723465898593,5.99616227280362,0.561597613579271
10.304,5.99722765898593,5.9961601210546,0.629527148017587
10.306,5.99722065898593,5.99615658098956,0.691728170401172
10.308,5.99721365898593,5.99615174681875,0.748463186247857
10.31,5.99720665898593,5.99614567052083,0.799763167727844
10.312,5.99719965898593,5.99613857760202,0.846388215525822
10.314,5.99719265898593,5.99613063105638,0.888838653509344
10.316,5.99718565898593,5.99612196263142,0.927429028210414
10.318,5.99717865898593,5.99611276224647,0.962753642101263
10.32,5.99717165898593,5.99610322099271,0.995456216936174
10.322,5.99716465898593,5.99609351558777,1.02596829687484
10.324,5.99715765898593,5.99608385988076,1.05503246933565
10.326,5.99715065898593,5.99607449650315,1.08328758711275
10.328,5.99714365898593,5.99606563753133,1.11143171651673
10.33,5.99713665898593,5.99605746592055,1.14002260199464
10.332,5.99712965898593,5.99605021050775,1.16959457789868
10.334,5.99712265898593,5.9960439695515,1.20046310307354
10.336,5.99711565898593,5.99603882495713,1.23281844553889
10.338,5.99710865898593,5.99603488589107,1.26680975643124
10.34,5.99710165898593,5.99603209277701,1.30228087311
10.342,5.99709465898593,5.99603046702114,1.33910875816085
10.344,5.99708765898593,5.99602999984164,1.37701497138451
10.346,5.99708065898593,5.99603050621548,1.41550884465294
10.348,5.99707365898593,5.99603191315284,1.4541588989126
10.35,5.99706665898593,5.99603413131511,1.49236695180142
10.352,5.99705965898594,5.99603695752785,1.5295624720357
10.354,5.99705265898593,5.99604028305976,1.56514773411239
10.356,5.99704565898593,5.99604397940399,1.59844101448917
10.358,5.99703865898593,5.99604790873033,1.62899115687198
10.36,5.99703165898593,5.99605196117514,1.65625162379
10.362,5.99702465898593,5.99605601711289,1.67967337591962
10.364,5.99701765898593,5.9960599377902,1.69855068444505
10.366,5.99701065898593,5.9960635621819,1.71220934788956
10.368,5.99700365898593,5.99606673813396,1.72022922364293
10.37,5.99699665898593,5.99606926443377,1.72171572325077
10.372,5.99698965898593,5.99607091693562,1.71581764272736
10.374,5.99698265898593,5.99607147501839,1.70174854280833
10.376,5.99697565898593,5.99607083522368,1.67945711950578
10.378,5.99696865898594,5.99606880940484,1.64819895692305
10.38,5.99696165898593,5.99606523705499,1.60738659086986
10.382,5.99695465898594,5.9960601839861,1.55767175220508
10.384,5.99694765898593,5.99605356999539,1.49869270157266
10.386,5.99694065898593,5.99604554185352,1.43131903741329
10.388,5.99693365898593,5.99603616393108,1.35580937956155
10.39,5.99692665898593,5.9960256308006,1.27306755856814
10.392,5.99691965898594,5.99601419260653,1.18423575677404
10.394,5.99691265898593,5.99600211862462,1.0904254492729
10.396,5.99690565898593,5.99598973857566,0.992991152707805
10.398,5.99689865898593,5.99597737258942,0.893438856559484
10.4,5.99689165898593,5.99596535276625,0.792951157985749
10.402,5.99688465898593,5.99595399730501,0.692931127981414
10.404,5.99687765898593,5.9959435937721,0.594587087337185
10.406,5.99687065898593,5.99593441594087,0.499062844672997
10.408,5.99686365898593,5.99592676443757,0.407564043918402
10.41,5.99685665898593,5.99592070920691,0.320586984637128
10.412,5.99684965898593,5.99591665575742,0.239567224144712
10.414,5.99684265898594,5.99591454095137,0.164518387771127
10.416,5.99683565898594,5.99591460841704,0.0963439825438676
10.418,5.99682865898593,5.99591677530098,0.0349053107110115
10.42,5.99682165898593,5.99592113736268,-0.0193885389764932
10.422,5.99681565898594,5.99592747073948,-0.067191043750348
10.424,5.99680965898593,5.99593568923215,-0.108724167962842
10.426,5.99680365898594,5.99594558337347,-0.14462719047486
10.428,5.99679765898594,5.99595690243903,-0.175683924065579
10.43,5.99679165898594,5.995969278352,-0.203077165672082
10.432,5.99678765898594,5.9959823424847,-0.227993540055273
10.434,5.99678365898593,5.99599569132639,-0.251750495742443
10.436,5.99677965898594,5.99600892561173,-0.275619366361859
10.438,5.99677565898594,5.99602166121384,-0.300838929135124
10.44,5.99677165898594,5.99603356192179,-0.328458996555395
10.442,5.99677065898594,5.99604426094291,-0.359586841004314
10.444,5.99676965898593,5.99605359057817,-0.394705089452725
10.446,5.99676865898594,5.99606128358217,-0.434542787537045
10.448,5.99676765898594,5.99606723833918,-0.479302829232791
10.45,5.99676665898594,5.99607141483226,-0.528972099416057
10.452,5.99676965898594,5.99607382451514,-0.583355371253102
10.454,5.99677265898594,5.99607450971829,-0.642138749542089
10.456,5.99677565898594,5.99607357336567,-0.70480552472928
10.458,5.99677865898594,5.99607116323401,-0.770667915281535
10.46,5.99678165898594,5.99606756189073,-0.838708059973326
10.462,5.99678965898594,5.99606299190551,-0.90799782190698
10.464,5.99679765898594,5.99605775097447,-0.977407663712622
10.466,5.99680565898594,5.99605216780724,-1.04568791263722
10.468,5.99681365898594,5.99604661732938,-1.11149571734363
10.47,5.99682165898594,5.99604148427881,-1.17344801793401
10.472,5.99683565898594,5.99603714365798,-1.23022696982827
10.474,5.99684965898594,5.99603399278426,-1.28040638177513
10.476,5.99686365898594,5.99603244116792,-1.32251353684866
10.478,5.99687765898594,5.99603275499335,-1.3557405428314
10.48,5.99689165898594,5.99603537112081,-1.3784758634656
10.482,5.99691065898594,5.99604060711384,-1.38965496153041
10.484,5.99692965898594,5.99604872996775,-1.38840883293084
10.486,5.99694865898594,5.99606001371861,-1.37380460466245
10.488,5.99696765898594,5.99607467229396,-1.34513022221185
10.49,5.99698665898594,5.99609264257219,-1.30279156717454
10.492,5.99700965898594,5.99611424902191,-1.24559041704514
10.494,5.99703265898594,5.9961391768899,-1.17492773390335
10.496,5.99705565898594,5.99616741599341,-1.09094408718895
10.498,5.99707865898594,5.99619878227031,-0.994467786147845
10.5,5.99710165898594,5.99623295167764,-0.886863900502032
10.502,5.99712765898594,5.99626981275647,-0.768638548236114
10.504,5.99715365898594,5.99630877943632,-0.642151693044857
10.506,5.99717965898594,5.99634955295305,-0.508617265323404
10.508,5.99720565898594,5.99639169551983,-0.369785297085137
10.51,5.99723165898594,5.99643477208499,-0.227388967081444
10.512,5.99725965898594,5.99647837219139,-0.0830638070802036
10.514,5.99728765898594,5.99652213739544,0.0617352844511461
10.516,5.99731565898594,5.9965657275223,0.205634411863098
10.518,5.99734365898594,5.99660884636084,0.34740642135651
10.52,5.99737165898594,5.99665122841368,0.485939140688689
10.522,5.99740065898594,5.99669257784233,0.619960963884603
10.524,5.99742965898594,5.99673279745612,0.749035030570702
10.526,5.99745865898594,5.99677157943631,0.871755418241475
10.528,5.99748765898594,5.99680882063446,0.987561815352067
10.53,5.99751665898594,5.9968445070441,1.09626063046174
10.532,5.99754565898594,5.99687846177049,1.19686275286713
10.534,5.99757465898594,5.99691067181241,1.28907173773328
10.536,5.99760365898594,5.99694118813941,1.37286427920132
10.538,5.99763265898594,5.99697008659301,1.44831312304478
10.54,5.99766165898594,5.99699730392036,1.51467281896916
10.542,5.99769065898594,5.99702317771537,1.57334805911816
10.544,5.99771965898594,5.99704769520784,1.62374316548412
10.546,5.99774865898594,5.99707100766997,1.66600925660832
10.548,5.99777765898594,5.99709346995053,1.70177153843583
10.55,5.99780665898594,5.99711516063254,1.73044029524011
10.552,5.99783565898594,5.99713642295269,1.75374464470154
10.554,5.99786465898594,5.99715745243248,1.77169573901579
10.556,5.99789365898594,5.99717854866389,1.78533060917264
10.558,5.99792265898594,5.99720000610042,1.79547318339234
10.56,5.99795165898594,5.99722206015285,1.80305686445451
10.562,5.99798065898594,5.99724500251083,1.80864276918035
10.564,5.99800965898594,5.99726902938043,1.81288644882427
10.566,5.99803865898594,5.99729428138691,1.816224872834
10.568,5.99806765898594,5.99732085175482,1.81891101870633
10.57,5.99809665898594,5.9973487887657,1.82103922485387
10.572,5.99812565898594,5.99737810213501,1.82254370206166
10.574,5.99815465898594,5.99740877751249,1.82318345620681
10.576,5.99818365898594,5.99744069304313,1.82257527826244
10.578,5.99821265898594,5.99747365469508,1.82030939794817
10.58,5.99824165898594,5.99750753625594,1.81563371713219
10.582,5.99827065898594,5.99754207029619,1.80769006030335
10.584,5.99829965898594,5.9975769403824,1.79557161174419
10.586,5.99832865898594,5.99761184132287,1.77822641108714
10.588,5.99835765898594,5.99764646471019,1.75472507936829
10.59,5.99838665898594,5.99768054359172,1.72432430525045
10.592,5.99841565898594,5.99771387920759,1.68658970115793
10.594,5.99844465898594,5.9977462821535,1.64096221180289
10.596,5.99847365898594,5.99777764666034,1.58744630460266
10.598,5.99850265898594,5.99780787146174,1.52596071069172
10.6,5.99853165898594,5.99783688260924,1.45655307205174
10.602,5.99856065898594,5.99786454139813,1.37886581135336
10.604,5.99858965898594,5.99789099469985,1.29417511347638
10.606,5.99861865898594,5.99791606420306,1.20175089582534
10.608,5.99864765898594,5.99793997125663,1.10299777023742
10.61,5.99867665898594,5.99796275610209,0.998171027368492
10.612,5.99870565898594,5.99798465885808,0.888459572048692
10.614,5.99873465898594,5.99800593219954,0.774975055025789
10.616,5.99876365898594,5.99802692159348,0.659250589317992
10.618,5.99879265898594,5.99804793908751,0.542576810419879
10.62,5.99882165898594,5.99806937019089,0.426443504623078
10.622,5.99885065898594,5.99809149621599,0.31210578894226
10.624,5.99887965898594,5.99811465589591,0.200867843161588
10.626,5.99890865898594,5.99813904897549,0.0935983056137343
10.628,5.99893765898594,5.99816495602255,-0.0085873125885372
10.63,5.99896665898594,5.9981923751729,-0.105552464942172
10.632,5.99899565898594,5.99822144208339,-0.196712401162178
10.634,5.99902465898594,5.99825221451002,-0.281752917481262
10.636,5.99905365898594,5.99828461692423,-0.360846938279365
10.638,5.99908265898594,5.99831859009811,-0.434116418078475
10.64,5.99911165898594,5.99835413817811,-0.501424158930049
10.642,5.99914065898594,5.99839103938485,-0.563473207111702
10.644,5.99916965898594,5.99842919713439,-0.620480572431207
10.646,5.99919865898594,5.99846844543373,-0.672914469464735
10.648,5.99922765898594,5.99850860274647,-0.721316791849029
10.65,5.99925665898594,5.99854949353377,-0.766220181109452
10.652,5.99928565898594,5.99859097981965,-0.807968266348525
10.654,5.99931465898594,5.99863286943146,-0.847200713324659
10.656,5.99934365898594,5.99867500242278,-0.884374956143543
10.658,5.99937265898594,5.99871719654473,-0.92003208792883
10.66,5.99940165898594,5.99875924220415,-0.954755442056193
10.662,5.99943065898594,5.99880089453963,-0.989264538605387
10.664,5.99945965898594,5.99884193214975,-1.02424875921063
10.666,5.99948865898594,5.99888216952788,-1.06025235767575
10.668,5.99951765898594,5.99892138519811,-1.09782723564201
10.67,5.99954665898594,5.99895940640767,-1.13738715699191
10.672,5.99957565898594,5.99899611462772,-1.1791634404788
10.674,5.99960465898594,5.99903148970601,-1.22313266325456
10.676,5.99963365898594,5.99906551369843,-1.2691747372994
10.678,5.99966265898594,5.99909825825611,-1.31694330813961
10.68,5.99969165898594,5.99912976338834,-1.36603614726208
10.682,5.99972065898594,5.99916018420872,-1.41582045921767
10.684,5.99974965898594,5.9991897041292,-1.4656424221488
10.686,5.99977865898594,5.99921843654939,-1.51472231596982
10.688,5.99980765898594,5.99924660392362,-1.56238293049639
10.69,5.99983665898594,5.99927434593757,-1.60785101296931
10.692,5.99986565898594,5.99930181698341,-1.65049092557931
10.694,5.99989465898594,5.99932915588271,-1.68957234919667
10.696,5.99992365898594,5.99935650045707,-1.72455814442392
10.698,5.99995265898594,5.99938399235901,-1.75482023891046
10.7,5.99998165898594,5.99941179564798,-1.7796183167654
10.702,6.00001065898594,5.99944006981406,-1.79844730224373
10.704,6.00003965898594,5.99946902584402,-1.81035930611208
10.706,6.00006865898594,5.99949889938502,-1.81442564858739
10.708,6.00009765898594,5.99952989919373,-1.81001816527442
10.71,6.00012665898594,5.9995622174881,-1.79653463730686
10.712,6.00015565898594,5.99959607802729,-1.77309219939386
10.714,6.00018465898594,5.99963156697988,-1.73957583197907
10.716,6.00021365898594,5.99966881024734,-1.69548387236385
10.718,6.00024265898594,5.99970773210202,-1.64138381942124
10.72,6.00027165898594,5.99974829712343,-1.57746753326564
10.722,6.00030065898594,5.99979034944582,-1.50451965704071
10.724,6.00032965898594,5.99983369249694,-1.42344896912002
10.726,6.00035865898594,5.99987812027177,-1.33502534825358
10.728,6.00038765898594,5.99992327330108,-1.24086774637871
10.73,6.00041665898594,5.99996878906116,-1.14254716471172
10.732,6.00044565898594,6.00001429284496,-1.04144997486003
10.734,6.00047465898594,6.00005940305067,-0.939287786570271
10.736,6.00050365898594,6.00010372180188,-0.837578884929948
10.738,6.00053265898594,6.00014686015709,-0.737867759205027
10.74,6.00056165898594,6.00018845503019,-0.641604301152929
10.742,6.00059065898594,6.00022826875194,-0.549837977925706
10.744,6.00061965898594,6.00026593751894,-0.463891269693473
10.746,6.00064865898594,6.00030132183765,-0.38443479169911
10.748,6.00067765898594,6.00033434102731,-0.31189707983271
10.75,6.00070665898594,6.00036496609681,-0.246496837879452
10.752,6.00073565898594,6.00039319491085,-0.188341920211532
10.754,6.00076465898594,6.00041906954431,-0.137373247405186
10.756,6.00079365898594,6.00044278051246,-0.0930486040518269
10.758,6.00082265898594,6.00046465084344,-0.0543895434953339
10.76,6.00085165898594,6.00048496595378,-0.0205116304522787
10.762,6.00087965898594,6.00050401580709,0.00950223027993917
10.764,6.00090765898594,6.00052218705942,0.0368882608366793
10.766,6.00093565898594,6.00053994550749,0.0631276740117561
10.768,6.00096365898594,6.00055768824155,0.0894958706066639
10.77,6.00099165898594,6.00057584448949,0.117364727566401
10.772,6.00101765898594,6.00059482059308,0.148006671431159
10.774,6.00104365898594,6.00061494612296,0.182424034778295
10.776,6.00106965898594,6.00063658130516,0.221685878305096
10.778,6.00109565898594,6.00065987261547,0.266154984531993
10.78,6.00112165898594,6.00068501197512,0.316316715432793
10.782,6.00114465898594,6.00071214215942,0.372466917304564
10.784,6.00116765898594,6.00074134028295,0.434661337902119
10.786,6.00119065898594,6.00077246193236,0.502295515586429
10.788,6.00121365898594,6.00080548064975,0.575079809607642
10.79,6.00123665898594,6.00084022168275,0.652284519946694
10.792,6.00125565898594,6.00087658567561,0.733264661497693
10.794,6.00127465898594,6.00091409771605,0.816542886850786
10.796,6.00129365898594,6.0009526551424,0.901263997263581
10.798,6.00131265898594,6.00099176099825,0.986067919205734
10.8,6.00133165898594,6.00103116594735,1.06960482662126
10.802,6.00134565898594,6.00107044814872,1.15049139506552
10.804,6.00135965898594,6.00110922383936,1.2272349298726
10.806,6.00137365898594,6.0011471544265,1.29869289225676
10.808,6.00138765898594,6.0011838520851,1.36336713651066
10.81,6.00140165898594,6.0012190314031,1.42029439886598
10.812,6.00140965898594,6.00125233608082,1.46813775420863
10.814,6.00141765898594,6.00128351130892,1.50604905967475
10.816,6.00142565898594,6.00131229156623,1.53308700521196
10.818,6.00143365898594,6.00133825173522,1.5475980431179
10.82,6.00144165898594,6.00136117819962,1.54886641698345
10.822,6.00144465898594,6.00138128025415,1.53793975117224
10.824,6.00144765898594,6.00139788860961,1.51205921938125
10.826,6.00145065898594,6.00141123357109,1.47230643067165
10.828,6.00145365898594,6.00142130419875,1.41869680509146
10.83,6.00145665898594,6.00142806934026,1.35114522411487
10.832,6.00145565898594,6.0014317200874,1.27048644372317
10.834,6.00145465898594,6.00143243647322,1.17749195241361
10.836,6.00145365898594,6.00143060614917,1.0737934040454
10.838,6.00145265898594,6.00142635823854,0.959928716089423
10.84,6.00145165898594,6.00142016453817,0.837873502810463
10.842,6.00144765898594,6.00141231296132,0.708829637078052
10.844,6.00144365898594,6.00140317068373,0.5743319712416
10.846,6.00143965898594,6.00139306874174,0.435761705080626
10.848,6.00143565898594,6.00138234555432,0.294529161803093
10.85,6.00143165898594,6.0013713158632,0.151938072370526
10.852,6.00142565898594,6.00136030393353,0.0093292106560267
10.854,6.00141965898594,6.00134959138277,-0.132139033146934
10.856,6.00141365898594,6.00133952703277,-0.271049199895631
10.858,6.00140765898594,6.00133035261025,-0.406401831086161
10.86,6.00140165898594,6.00132238446512,-0.536883023326301
10.862,6.00139465898594,6.00131586680475,-0.661421100888953
10.864,6.00138765898594,6.00131090674745,-0.779451874794855
10.866,6.00138065898594,6.0013076107467,-0.89036284169792
10.868,6.00137365898594,6.00130609942276,-0.993390850479867
10.87,6.00136665898594,6.00130627215708,-1.08867147487727
10.872,6.00135965898594,6.0013080224734,-1.17633372619737
10.874,6.00135265898594,6.00131124587444,-1.25642705372288
10.876,6.00134565898594,6.00131579559855,-1.32909433286893
10.878,6.00133865898594,6.00132134747017,-1.39555813944307
10.88,6.00133165898594,6.00132786712855,-1.45505387379637
10.882,6.00132465898594,6.00133492880502,-1.50970925331608
10.884,6.00131765898594,6.00134243236532,-1.55897512837847
10.886,6.00131065898594,6.00135009407206,-1.60374359900651
10.888,6.00130365898594,6.00135764951969,-1.64469476174703
10.89,6.00129665898594,6.00136488900309,-1.68272708289705
10.892,6.00128965898594,6.00137158167965,-1.71811851705459
10.894,6.00128265898594,6.00137752794758,-1.75139698831665
10.896,6.00127565898594,6.00138256193209,-1.78296484781193
10.898,6.00126865898594,6.00138656718821,-1.81310696229133
10.9,6.00126165898594,6.00138944744116,-1.84198435803916
10.902,6.00125465898594,6.00139114464056,-1.86964219472517
10.904,6.00124765898594,6.00139164735263,-1.89599116139236
10.906,6.00124065898594,6.00139100526563,-1.92081344260481
10.908,6.00123365898594,6.00138928175195,-1.94369116672399
10.91,6.00122665898594,6.0013866300708,-1.96408163603871
10.912,6.00121965898594,6.00138323532316,-1.98135708115258
10.914,6.00121265898594,6.00137932062902,-1.99456895399784
10.916,6.00120565898594,6.0013751783387,-2.00277984734544
10.918,6.00119865898594,6.00137109672436,-2.0051668640001
10.92,6.00119165898594,6.00136735065673,-2.00071583392733
10.922,6.00118465898595,6.00136420686972,-1.98843022940302
10.924,6.00117765898595,6.00136181636376,-1.9682877380632
10.926,6.00117065898595,6.00136032879136,-1.93986329302754
10.928,6.00116365898594,6.00135988833679,-1.90273078143942
10.93,6.00115665898594,6.00136058031879,-1.85687532021286
10.932,6.00114965898595,6.00136244595869,-1.80251032916783
10.934,6.00114265898594,6.00136558381647,-1.73938458133218
10.936,6.00113565898595,6.00136992959658,-1.66826604826318
10.938,6.00112865898595,6.00137548855518,-1.58932565469448
10.94,6.00112165898595,6.00138221273765,-1.50293283757077
10.942,6.00111465898595,6.00138991669299,-1.4101518449901
10.944,6.00110765898595,6.00139841376832,-1.31190689013393
10.946,6.00110065898595,6.00140748898754,-1.20911946942305
10.948,6.00109365898595,6.00141685004794,-1.10309873010967
10.95,6.00108665898595,6.0014262122283,-0.995080289565869
10.952,6.00107965898595,6.00143529013112,-0.8862913414183
10.954,6.00107265898595,6.00144379721874,-0.777921927625478
10.956,6.00106565898595,6.00145145680375,-0.671099771155886
10.958,6.00105865898595,6.00145804930202,-0.566779716177034
10.96,6.00105165898595,6.00146340759346,-0.465711168354223
10.962,6.00104465898595,6.00146726990744,-0.36888011532731
10.964,6.00103765898595,6.00146962784328,-0.276512090108419
10.966,6.00103065898595,6.00147039703969,-0.189004759270278
10.968,6.00102365898595,6.00146942510549,-0.106961618305535
10.97,6.00101665898595,6.00146683827614,-0.0300899681443718
10.972,6.00100965898595,6.00146263573525,0.041519420762535
10.974,6.00100265898595,6.00145692515406,0.108133761041757
10.976,6.00099565898595,6.00144978611742,0.169927837685541
10.978,6.00098865898595,6.00144137220103,0.227323153636645
10.98,6.00098165898595,6.00143189360491,0.280945389169336
10.982,6.00097465898595,6.00142148309676,0.331152730315689
10.984,6.00096765898595,6.00141033075494,0.378512794561444
10.986,6.00096065898595,6.00139860400343,0.423515281622489
10.988,6.00095365898595,6.00138647205249,0.466652311530268
10.99,6.00094665898595,6.00137412067553,0.508466411736934
10.992,6.00093965898595,6.00136175473589,0.549570490206624
10.994,6.00093265898595,6.00134958063326,0.59058591969416
10.996,6.00092565898595,6.001337855492,0.632221097425654
10.998,6.00091865898595,6.00132678190359,0.675085538447812
11,6.00091165898595,6.00131658869686,0.719785192508626
11.002,6.00090465898595,6.0013074909127,0.766848366808684
11.004,6.00089765898595,6.00129953775464,0.816373983844826
11.006,6.00089065898595,6.00129284169851,0.868535268881945
11.008,6.00088365898595,6.00128743416476,0.923268753398438
11.01,6.00087665898595,6.00128330898777,0.980370899122712
11.012,6.00086965898595,6.00128039927775,1.03945727713435
11.014,6.00086265898595,6.00127861869744,1.10007163259194
11.016,6.00085565898595,6.00127785335728,1.16167358583524
11.018,6.00084865898595,6.00127800176139,1.22366370790582
11.02,6.00084165898595,6.00127892314482,1.28528604119047
11.022,6.00083465898595,6.00128038817461,1.34593347645278
11.024,6.00082765898595,6.00128230075902,1.40479672603543
11.026,6.00082065898595,6.00128448371591,1.46112274080467
11.028,6.00081365898595,6.00128676559253,1.51423278848198
11.03,6.00080665898595,6.00128898078859,1.56337156942834
11.032,6.00079965898595,6.00129094933093,1.60776572431975
11.034,6.00079265898595,6.0012924757631,1.64657665800835
11.036,6.00078565898595,6.00129333060939,1.67882153941389
11.038,6.00077865898595,6.00129327320554,1.70357880827196
11.04,6.00077165898595,6.00129215479188,1.7205374161554
11.042,6.00076465898595,6.00128967066856,1.72833625356419
11.044,6.00075765898595,6.00128565722002,1.72654167134396
11.046,6.00075065898595,6.00127989925925,1.71432628062603
11.048,6.00074365898595,6.00127230111374,1.6914709481472
11.05,6.00073665898595,6.00126275157396,1.65754476927363
11.052,6.00072965898595,6.00125136962602,1.61327952138752
11.054,6.00072265898595,6.00123821501928,1.55893223186607
11.056,6.00071565898595,6.0012234476095,1.49517894950741
11.058,6.00070865898595,6.00120727885081,1.42277218776213
11.06,6.00070165898595,6.00119015315792,1.34384348017754
11.062,6.00069465898595,6.00117233890634,1.25913535685679
11.064,6.00068765898595,6.00115428159803,1.17066119531796
11.066,6.00068065898595,6.00113637961298,1.0798310605529
11.068,6.00067365898595,6.00111899905836,0.988290772797466
11.07,6.00066665898595,6.00110253517672,0.897463263824068
11.072,6.00065965898595,6.00108735334857,0.808790566912778
11.074,6.00065265898595,6.00107369652916,0.7233750235697
11.076,6.00064565898595,6.00106175042965,0.64203820132079
11.078,6.00063865898595,6.00105194270035,0.566202054004676
11.08,6.00063165898595,6.00104418299392,0.495889737998363
11.082,6.00062465898595,6.00103866865195,0.431807108330653
11.084,6.00061765898595,6.00103550721432,0.374399155153591
11.086,6.00061065898595,6.00103454065507,0.323301794811372
11.088,6.00060365898595,6.00103579769441,0.278640684084663
11.09,6.00059665898595,6.00103899640394,0.239603777815693
11.092,6.00058965898595,6.00104403767723,0.205867615302688
11.094,6.00058265898595,6.00105049453655,0.176133026962486
11.096,6.00057565898595,6.00105811592725,0.149574792708135
11.098,6.00056865898595,6.00106646455941,0.124803465793009
11.1,6.00056165898595,6.00107512043018,0.100473259193422
11.102,6.00055565898595,6.0010836676643,0.0752581217481108
11.104,6.00054965898595,6.00109165167779,0.0476795493193343
11.106,6.00054365898595,6.00109870612789,0.0166181951604207
11.108,6.00053765898595,6.00110451169648,-0.0188942700647543
11.11,6.00053165898595,6.00110865399756,-0.0601262931278216
11.112,6.00052765898595,6.00111107442025,-0.107118284808383
11.114,6.00052365898595,6.00111155247131,-0.16045320652267
11.116,6.00051965898595,6.00110999211331,-0.220270597495451
11.118,6.00051565898595,6.00110635740129,-0.286488795044004
11.12,6.00051165898595,6.00110079368834,-0.358457974512096
11.122,6.00051065898595,6.00109337842027,-0.435735610285833
11.124,6.00050965898595,6.00108420541396,-0.517790677021464
11.126,6.00050865898595,6.00107350828598,-0.6036719764857
11.128,6.00050765898595,6.00106149406271,-0.692474626746352
11.13,6.00050665898595,6.00104846924285,-0.783037226888489
11.132,6.00050965898595,6.00103473028178,-0.874192276150956
11.134,6.00051265898595,6.0010206062099,-0.964640765815385
11.136,6.00051565898595,6.00100646097562,-1.05309123471185
11.138,6.00051865898595,6.00099263999333,-1.13822701721234
11.14,6.00052165898595,6.00097951356277,-1.21866489009514
11.142,6.00052965898595,6.00096743640095,-1.29310971694427
11.144,6.00053765898595,6.00095671272838,-1.36049678209545
11.146,6.00054565898595,6.00094763941684,-1.41976319818165
11.148,6.00055365898595,6.00094066122481,-1.46916072876294
11.15,6.00056165898595,6.0009358201778,-1.50877133849764
11.152,6.00057565898595,6.00093365969411,-1.53635683830175
11.154,6.00058965898595,6.00093418463742,-1.55207133341842
11.156,6.00060365898595,6.00093766020171,-1.55486452455083
11.158,6.00061765898595,6.00094429285759,-1.543932212641
11.16,6.00063165898595,6.00095409434797,-1.51929222862424
11.162,6.00065065898595,6.00096702880977,-1.4811428679944
11.164,6.00066965898595,6.00098307422085,-1.42960740329561
11.166,6.00068865898595,6.00100240463058,-1.36395696743399
11.168,6.00070765898595,6.00102440811157,-1.28682099405642
11.17,6.00072665898595,6.00104923594964,-1.1975273894145
11.172,6.00074965898595,6.00107648855912,-1.09774175328423
11.174,6.00077265898595,6.00110581315688,-0.988907727517959
11.176,6.00079565898595,6.00113693333005,-0.872107670142108
11.178,6.00081865898595,6.00116939207613,-0.749216831698971
11.18,6.00084165898595,6.00120284086437,-0.621631548328886
11.182,6.00086765898595,6.0012369242308,-0.490793785286359
11.184,6.00089365898595,6.00127130790582,-0.358071073332536
11.186,6.00091965898595,6.00130568286963,-0.224742777743461
11.188,6.00094565898595,6.00133978742803,-0.0919302676737579
11.19,6.00097165898595,6.00137336251237,0.0392774522582068
11.192,6.00099965898595,6.0014061851026,0.167901424790441
11.194,6.00102765898595,6.00143799630568,0.29280002891591
11.196,6.00105565898595,6.00146877121265,0.413702006963617
11.198,6.00108365898595,6.00149831806639,0.529670078319263
11.2,6.00111165898595,6.00152663516869,0.640467537041417
11.202,6.00114065898595,6.00155366428522,0.745552474713081
11.204,6.00116965898595,6.00157957167083,0.845340681496113
11.206,6.00119865898595,6.00160439347076,0.939633988071484
11.208,6.00122765898595,6.00162824617864,1.02848224164732
11.21,6.00125665898595,6.00165134749532,1.11249632754089
11.212,6.00128565898595,6.00167386015957,1.19198836312611
11.214,6.00131465898595,6.00169595538593,1.2671186290283
11.216,6.00134365898595,6.00171786295152,1.33848453177479
11.218,6.00137265898595,6.00173980165825,1.40655258302895
11.22,6.00140165898595,6.00176197508976,1.4718148466069
11.222,6.00143065898595,6.00178454088141,1.5347213380213
11.224,6.00145965898595,6.00180769749999,1.59540710251076
11.226,6.00148865898595,6.00183156695587,1.65415042957238
11.228,6.00151765898595,6.00185622663782,1.7111075146992
11.23,6.00154665898595,6.00188175597912,1.76628549892903
11.232,6.00157565898595,6.00190820214338,1.8196213272236
11.234,6.00160465898595,6.0019355640764,1.87101101247103
11.236,6.00163365898595,6.00196381928059,1.92026819104681
11.238,6.00166265898595,6.00199293409382,1.96710259131736
11.24,6.00169165898595,6.00202284965666,2.01114187676499
11.242,6.00172065898595,6.00205345859946,2.05195581164129
11.244,6.00174965898595,6.00208462097641,2.08899036706982
11.246,6.00177865898595,6.00211614921324,2.12145481404338
11.248,6.00180765898595,6.00214780467163,2.14848968942382
11.25,6.00183665898595,6.00217932891111,2.1693306267559
11.252,6.00186565898595,6.0022104498,2.18282315377219
11.254,6.00189465898595,6.00224095528376,2.18850383155643
11.256,6.00192365898595,6.00227065796213,2.18579027597231
11.258,6.00195265898595,6.00229941494503,2.17430725440945
11.26,6.00198165898595,6.00232711108833,2.15377018197898
11.262,6.00201065898595,6.00235364858637,2.12393666043215
11.264,6.00203965898595,6.00237899738273,2.08500521330199
11.266,6.00206865898595,6.00240318042508,2.03748023755932
11.268,6.00209765898595,6.00242609800883,1.98093996227737
11.27,6.00212665898595,6.00244774879021,1.91564204719079
11.272,6.00215565898595,6.00246832963107,1.84306260652506
11.274,6.00218465898595,6.00248774258134,1.76253101241923
11.276,6.00221365898595,6.0025061922355,1.67525797674487
11.278,6.00224265898595,6.0025238549378,1.5820622162634
11.28,6.00227165898595,6.0025409755193,1.48400378360807
11.282,6.00230065898595,6.00255784397192,1.38243353063095
11.284,6.00232965898595,6.00257475819383,1.27845318159474
11.286,6.00235865898595,6.00259203058654,1.17345939549432
11.288,6.00238765898595,6.00260998755907,1.06868101686686
11.29,6.00241665898595,6.00262891290295,0.965318353619571
11.292,6.00244565898596,6.0026490802039,0.864442040937922
11.294,6.00247465898596,6.0026707192964,0.766979834045547
11.296,6.00250365898596,6.00269400384891,0.673672273059997
11.298,6.00253265898596,6.00271899778194,0.584905519263621
11.3,6.00256165898595,6.0027458014236,0.501119049936923
11.302,6.00259065898596,6.00277435733574,0.422274166720493
11.304,6.00261965898596,6.00280465362959,0.348427038146978
11.306,6.00264865898596,6.00283663688081,0.279495701320893
11.308,6.00267765898596,6.00287007356627,0.214848359964056
11.31,6.00270665898596,6.00290484767383,0.154181768679305
11.312,6.00273565898596,6.00294080109354,0.0970605755772779
11.314,6.00276465898596,6.00297767802364,0.0427456505068739
11.316,6.00279365898596,6.00301532437545,-0.00920011975167993
11.318,6.00282265898596,6.0030535790663,-0.0592344228223969
11.32,6.00285165898596,6.00309225003613,-0.1079163812545
11.322,6.00288065898596,6.00313120259139,-0.1556239273302
11.324,6.00290965898596,6.00317028324593,-0.202787983254048
11.326,6.00293865898596,6.00320932128195,-0.249896676513657
11.328,6.00296765898596,6.00324812803676,-0.297483716195771
11.33,6.00299665898596,6.00328652970291,-0.346049001898525
11.332,6.00302565898596,6.0033242735993,-0.396281498755222
11.334,6.00305465898596,6.0033612097252,-0.448586210865525
11.336,6.00308365898596,6.00339715393583,-0.503423504333032
11.338,6.00311265898596,6.00343188601245,-0.561297223641402
11.34,6.00314165898596,6.00346540981315,-0.622105589564018
11.342,6.00317065898596,6.00349762797129,-0.685951422379941
11.344,6.00319965898596,6.00352855947917,-0.752600363853812
11.346,6.00322865898596,6.00355820030619,-0.821780617498125
11.348,6.00325765898596,6.00358675158294,-0.892770681373634
11.35,6.00328665898596,6.00361430720693,-0.96500363703926
11.352,6.00331565898596,6.00364102009017,-1.03773030485226
11.354,6.00334465898596,6.00366708292631,-1.11009038866959
11.356,6.00337365898596,6.00369270321909,-1.18117042546509
11.358,6.00340265898596,6.00371808671046,-1.25027628412151
11.36,6.00343165898596,6.00374340075301,-1.31648443387979
11.362,6.00346065898596,6.00376884690278,-1.37879294542767
11.364,6.00348965898596,6.00379459887669,-1.4366172971009
11.366,6.00351865898596,6.00382084176188,-1.48910216096317
11.368,6.00354765898596,6.00384776472757,-1.53546276062504
11.37,6.00357665898596,6.00387557797193,-1.57484262840222
11.372,6.00360565898596,6.00390449879394,-1.60639476213535
11.374,6.00363465898596,6.00393479666941,-1.62899674244268
11.376,6.00366365898596,6.00396668471044,-1.64193611009223
11.378,6.00369265898596,6.00400029990989,-1.6448562559595
11.38,6.00372165898596,6.00403590380486,-1.63662734100269
11.382,6.00375065898596,6.00407354060987,-1.61725108028838
11.384,6.00377965898596,6.00411321454816,-1.58679020370371
11.386,6.00380865898596,6.00415482014199,-1.54577192905244
11.388,6.00383765898596,6.00419829410855,-1.49434996312559
11.39,6.00386665898596,6.00424331999192,-1.43393760844965
11.392,6.00389565898596,6.00428962741448,-1.36558369609225
11.394,6.00392465898596,6.00433685446338,-1.29078514439767
11.396,6.00395365898596,6.00438462727725,-1.21091514567193
11.398,6.00398265898596,6.00443249266451,-1.12779557173968
11.4,6.00401165898596,6.00448001296711,-1.04311887138698
11.402,6.00404065898596,6.00452679208176,-0.958535308394658
11.404,6.00406965898596,6.00457232278821,-0.875760362471387
11.406,6.00409865898596,6.00461632910492,-0.79610187270583
11.408,6.00412765898596,6.00465849616582,-0.720743465414975
11.41,6.00415665898596,6.0046984550293,-0.650986509967142
11.412,6.00418565898596,6.00473600507007,-0.587660699704509
11.414,6.00421465898596,6.00477111838546,-0.531032590429786
11.416,6.00424365898596,6.00480365481785,-0.48162255297725
11.418,6.00427265898596,6.00483373641023,-0.439159156992031
11.42,6.00430165898596,6.00486142212722,-0.403498084303407
11.422,6.00433065898596,6.00488683960548,-0.374253953790292
11.424,6.00435965898596,6.00491035989143,-0.350317391670041
11.426,6.00438865898596,6.00493217641446,-0.331044063082489
11.428,6.00441765898596,6.00495266346042,-0.315253923171436
11.43,6.00444665898596,6.00497218321971,-0.301759729654002
11.432,6.00447565898596,6.00499118110822,-0.289127706734702
11.434,6.00450465898596,6.00501008187129,-0.275987604564397
11.436,6.00453365898596,6.00502933186035,-0.260869074697402
11.438,6.00456265898596,6.00504937404623,-0.242346101027
11.44,6.00459165898596,6.00507051672448,-0.219494043709896
11.442,6.00461965898596,6.00509325109926,-0.190693365714104
11.444,6.00464765898596,6.0051177159818,-0.155638531813432
11.446,6.00467565898596,6.00514425330807,-0.113280752433661
11.448,6.00470365898596,6.00517297435806,-0.0634014956870892
11.45,6.00473165898596,6.00520388529421,-0.00613007495599652
11.452,6.00475765898596,6.00523710208343,0.0587592954290742
11.454,6.00478365898596,6.00527247544444,0.130602468016774
11.456,6.00480965898596,6.00530993952962,0.209007551420412
11.458,6.00483565898596,6.00534929508242,0.293151250687791
11.46,6.00486165898596,6.00539044552089,0.382455701726096
11.462,6.00488465898596,6.00543288020474,0.47519217820423
11.464,6.00490765898596,6.00547649595666,0.570699862654741
11.466,6.00493065898596,6.00552088082124,0.667471004634232
11.468,6.00495365898596,6.00556564037336,0.764002301017635
11.47,6.00497665898596,6.00561042664407,0.859037978243264
11.472,6.00499565898596,6.00565489389649,0.951270218529775
11.474,6.00501465898596,6.0056986549613,1.03913972392093
11.476,6.00503365898596,6.00574143727127,1.1217279670873
11.478,6.00505265898596,6.00578293264616,1.19784532440379
11.48,6.00507165898596,6.00582278250493,1.26607755167945
11.482,6.00508565898596,6.00586082408684,1.32592410456997
11.484,6.00509965898596,6.00589677923825,1.37629723599103
11.486,6.00511365898596,6.00593023279664,1.4154983642789
11.488,6.00512765898596,6.00596120301441,1.4437313109838
11.49,6.00514165898596,6.00598929133335,1.45932979068928
11.492,6.00514965898596,6.00601478980934,1.46362623999296
11.494,6.00515765898596,6.00603696348386,1.45345778232732
11.496,6.00516565898596,6.00605640679683,1.43142463790672
11.498,6.00517365898596,6.00607262206278,1.39535393570507
11.5,6.00518165898596,6.00608602482784,1.34702817274077
11.502,6.00518465898596,6.00609639225534,1.28543089214865
11.504,6.00518765898596,6.00610422473587,1.21270179464658
11.506,6.00519065898596,6.00610959055022,1.1290865750367
11.508,6.00519365898596,6.00611265705874,1.03525100749543
11.51,6.00519665898596,6.00611380855063,0.932829649318931
11.512,6.00519565898596,6.00611326669989,0.822735671767546
11.514,6.00519465898596,6.00611136193311,0.706375089728462
11.516,6.00519365898596,6.00610835994728,0.58486108726055
11.518,6.00519265898596,6.00610456102417,0.459459161203507
11.52,6.00519165898596,6.00610027996829,0.331498428343067
11.522,6.00518765898596,6.00609581546578,0.202249453057441
11.524,6.00518365898597,6.00609144926284,0.0728729917967716
11.526,6.00517965898596,6.0060875159255,-0.0552638978849874
11.528,6.00517565898596,6.00608430382914,-0.180922608455909
11.53,6.00517165898597,6.00608203120523,-0.303131937140547
11.532,6.00516565898597,6.00608088095483,-0.421025970376044
11.534,6.00515965898597,6.00608102573207,-0.533701812223225
11.536,6.00515365898597,6.0060823940398,-0.641188854936959
11.538,6.00514765898597,6.00608500526352,-0.743061390228941
11.54,6.00514165898597,6.00608868657969,-0.839661126508564
11.542,6.00513465898597,6.00609325222042,-0.931347889758717
11.544,6.00512765898597,6.0060984883548,-1.01856917721761
11.546,6.00512065898597,6.00610415499916,-1.10180684082351
11.548,6.00511365898597,6.00610997481402,-1.18175160314718
11.55,6.00510665898596,6.0061157077497,-1.25907424540251
11.552,6.00509965898597,6.00612111715634,-1.33413623293606
11.554,6.00509265898597,6.00612600366229,-1.40736893000078
11.556,6.00508565898597,6.00613025981419,-1.47910823624126
11.558,6.00507865898597,6.0061337629721,-1.54944782754917
11.56,6.00507165898597,6.00613643047614,-1.61847081852604
11.562,6.00506465898597,6.00613820295555,-1.68621670389903
11.564,6.00505765898597,6.00613901704689,-1.75265208635703
11.566,6.00505065898597,6.00613886285443,-1.81772828161337
11.568,6.00504365898597,6.00613774123923,-1.88129841098713
11.57,6.00503665898597,6.00613569975902,-1.94314855712806
11.572,6.00502965898597,6.00613276603984,-2.00283759407083
11.574,6.00502265898597,6.00612908105319,-2.05988705486221
11.576,6.00501565898597,6.00612480591444,-2.11365697807286
11.578,6.00500865898597,6.00612014873206,-2.16327558882671
11.58,6.00500165898597,6.00611536893039,-2.20789115531776
11.582,6.00499465898597,6.00611073614076,-2.24644016875208
11.584,6.00498765898597,6.00610650706791,-2.27811211784911
11.586,6.00498065898597,6.00610291920469,-2.30195477548319
11.588,6.00497365898597,6.00610013951128,-2.31755979057722
11.59,6.00496665898597,6.00609832829852,-2.32433498982329
11.592,6.00495965898597,6.00609755783138,-2.32229888868244
11.594,6.00495265898597,6.006097963365,-2.31085839337254
11.596,6.00494565898597,6.00609954045106,-2.29045151453541
11.598,6.00493865898597,6.00610242046414,-2.2604109238458
11.6,6.00493165898597,6.00610647914704,-2.22187324717066
11.602,6.00492465898597,6.00611181737601,-2.17422900947114
11.604,6.00491765898597,6.00611834124008,-2.11813541522292
11.606,6.00491065898597,6.00612592867674,-2.05428792541442
11.608,6.00490365898597,6.00613446600199,-1.98314840484163
11.61,6.00489665898597,6.00614376246809,-1.90557957094229
11.612,6.00488965898597,6.00615358783425,-1.82258375338047
11.614,6.00488265898597,6.00616369299318,-1.73525074387942
11.616,6.00487565898597,6.00617382402213,-1.64451926108767
11.618,6.00486865898597,6.00618370354533,-1.55152802149683
11.62,6.00486165898597,6.00619309041066,-1.45738734132112
11.622,6.00485465898597,6.00620170320029,-1.36310433950997
11.624,6.00484765898597,6.00620933700209,-1.26965134184607
11.626,6.00484065898597,6.00621576919382,-1.17788018418641
11.628,6.00483365898597,6.00622077667193,-1.08862806721164
11.63,6.00482665898597,6.00622419255993,-1.00259546996681
11.632,6.00481965898597,6.00622604852842,-0.919967755865568
11.634,6.00481265898597,6.00622614747387,-0.841378736521265
11.636,6.00480565898597,6.00622456563065,-0.766791659720203
11.638,6.00479865898597,6.00622137915806,-0.696104671746066
11.64,6.00479165898597,6.00621656232581,-0.629423656720291
11.642,6.00478465898597,6.00621043021532,-0.565979463641039
11.644,6.00477765898597,6.00620296163397,-0.505799269779724
11.646,6.00477065898597,6.00619444332115,-0.448132946929549
11.648,6.00476365898597,6.00618502158369,-0.392566322419723
11.65,6.00475665898597,6.00617487279173,-0.338612048296211
11.652,6.00474965898597,6.00616413912158,-0.285862521614645
11.654,6.00474265898597,6.00615299588663,-0.233856986040403
11.656,6.00473565898597,6.00614157465149,-0.182220048930159
11.658,6.00472865898597,6.00613003202387,-0.13051422163874
11.66,6.00472165898597,6.0061185396533,-0.0782567150933331
11.662,6.00471465898597,6.00610729013465,-0.0249000976969458
11.664,6.00470765898597,6.00609649382237,0.0301414681943931
11.666,6.00470065898597,6.00608635836645,0.0874271411403818
11.668,6.00469365898597,6.00607699674534,0.147204561125195
11.67,6.00468665898597,6.00606867539862,0.210175765885677
11.672,6.00467965898597,6.00606139870438,0.27620466521696
11.674,6.00467265898597,6.00605521997881,0.345305460172306
11.676,6.00466565898597,6.00605023369607,0.417550909015315
11.678,6.00465865898597,6.00604633767865,0.492462314810201
11.68,6.00465165898597,6.00604352750306,0.569763800281594
11.682,6.00464465898597,6.00604164782451,0.648810925026064
11.684,6.00463765898597,6.00604063680259,0.729088493272553
11.686,6.00463065898597,6.00604028761096,0.809872254445909
11.688,6.00462365898597,6.00604050216287,0.890439925525779
11.69,6.00461665898597,6.00604106712467,0.969968558180351
11.692,6.00460965898597,6.006041796777,1.0475454111246
11.694,6.00460265898597,6.0060424829465,1.12238556969738
11.696,6.00459565898597,6.00604290062276,1.19337133943505
11.698,6.00458865898597,6.00604283767603,1.25969357593865
11.7,6.00458165898597,6.00604206963505,1.32038885433325
11.702,6.00457465898597,6.00604036835574,1.37451434123352
11.704,6.00456765898597,6.00603753179704,1.42130966123204
11.706,6.00456065898597,6.00603323192362,1.45928073536698
11.708,6.00455365898597,6.00602734962927,1.48819038172567
11.71,6.00454665898597,6.00601965820585,1.50709982720568
11.712,6.00453965898597,6.00601002661183,1.5155678409621
11.714,6.00453265898597,6.00599832586993,1.51309953177871
11.716,6.00452565898597,6.00598448610185,1.49942371367297
11.718,6.00451865898597,6.00596866536811,1.47534283376507
11.72,6.00451165898597,6.00595092789335,1.44104272698821
11.722,6.00450465898597,6.00593152721669,1.39757835167585
11.724,6.00449765898597,6.00591072787435,1.34595050422223
11.726,6.00449065898597,6.0058888580697,1.28735358574505
11.728,6.00448365898597,6.00586634947607,1.2234509436141
11.73,6.00447665898597,6.00584363982856,1.15607227385538
11.732,6.00446965898598,6.00582114617086,1.08661993070694
11.734,6.00446265898598,6.00579926008444,1.01671627231428
11.736,6.00445565898598,6.00577842371447,0.947884787428539
11.738,6.00444865898598,6.00575889259756,0.88129815170585
11.74,6.00444165898598,6.00574093687746,0.81798189816818
11.742,6.00443465898598,6.00572486999188,0.759025920704532
11.744,6.00442765898598,6.00571084936178,0.705117419723997
11.746,6.00442065898598,6.00569895221593,0.656653488269736
11.748,6.00441365898598,6.00568921459311,0.613871770884608
11.75,6.00440665898598,6.00568171369519,0.577074462156328
11.752,6.00439965898598,6.00567632045934,0.545960486162157
11.754,6.00439265898598,6.00567301191848,0.520463715730364
11.756,6.00438565898598,6.00567152228631,0.499817517968053
11.758,6.00437865898598,6.00567175204027,0.483641291157832
11.76,6.00437165898598,6.00567329061102,0.470703661815773
11.762,6.00436465898598,6.00567590741078,0.460164532503842
11.764,6.00435765898598,6.00567913608985,0.450628364305969
11.766,6.00435065898598,6.00568265603649,0.440939719378908
11.768,6.00434365898598,6.00568604180127,0.429722877343222
11.77,6.00433665898598,6.00568891631429,0.415783305111243
11.772,6.00432965898598,6.00569087651275,0.397768743576973
11.774,6.00432265898598,6.00569155967814,0.374534200992181
11.776,6.00431565898598,6.00569068260478,0.345228550334238
11.778,6.00430865898598,6.00568791216784,0.308805504640038
11.78,6.00430165898598,6.00568319980448,0.265269209523178
11.782,6.00429565898598,6.00567645234434,0.214421416617277
11.784,6.00428965898598,6.00566758400436,0.156101111578641
11.786,6.00428365898598,6.00565663157066,0.0905827094541791
11.788,6.00427765898598,6.00564367007284,0.0182805699747673
11.79,6.00427165898598,6.00562890480985,-0.0599498605074217
11.792,6.00426765898598,6.00561253762761,-0.143287891051894
11.794,6.00426365898598,6.00559462639917,-0.231324300734844
11.796,6.00425965898598,6.00557557944583,-0.322574095203584
11.798,6.00425565898598,6.00555556183945,-0.41624085920582
11.8,6.00425165898598,6.00553494590055,-0.510950165446734
11.802,6.00425065898598,6.00551402996527,-0.605552320231208
11.804,6.00424965898598,6.00549312516095,-0.698792513038113
11.806,6.00424865898598,6.00547256869483,-0.789378627166423
11.808,6.00424765898598,6.00545264376697,-0.876277355807124
11.81,6.00424665898598,6.00543369508907,-0.95810110179279
11.812,6.00424965898598,6.00541596638147,-1.0339864499729
11.814,6.00425265898598,6.00539983811816,-1.10241409219381
11.816,6.00425565898598,6.00538547089033,-1.16286971478624
11.818,6.00425865898598,6.00537323667303,-1.21384792433842
11.82,6.00426165898598,6.00536333270664,-1.25460617386051
11.822,6.00426965898598,6.00535590228433,-1.28458913497127
11.824,6.00427765898598,6.00535116827935,-1.30286107101161
11.826,6.00428565898598,6.00534914488883,-1.309367057998
11.828,6.00429365898598,6.00534996103759,-1.30353257562759
11.83,6.00430165898598,6.00535354182928,-1.28565023470504
11.832,6.00431565898598,6.00535981392823,-1.25599254457501
11.834,6.00432965898598,6.00536896631545,-1.21365829409108
11.836,6.00434365898598,6.00538046969296,-1.16090159053359
11.838,6.00435765898598,6.00539439034213,-1.09733613441884
11.84,6.00437165898598,6.00541041791887,-1.02423311523143
11.842,6.00439065898598,6.00542845516957,-0.941862835217731
11.844,6.00440965898598,6.00544794128284,-0.852640079652953
11.846,6.00442865898598,6.00546872200767,-0.757096568917048
11.848,6.00444765898598,6.00549049791151,-0.65643700982844
11.85,6.00446665898598,6.00551297572383,-0.551831546470437
11.852,6.00448965898598,6.00553583980628,-0.444641729271229
11.854,6.00451265898598,6.0055588328042,-0.335852496992264
11.856,6.00453565898598,6.00558172364406,-0.226616798929013
11.858,6.00455865898598,6.00560428601994,-0.117782724181576
11.86,6.00458165898598,6.00562638224358,-0.0101119788069845
11.862,6.00460765898598,6.00564789438017,0.0957689115969037
11.864,6.00463365898598,6.0056687694753,0.199425749806114
11.866,6.00465965898598,6.0056890516344,0.300766374259467
11.868,6.00468565898598,6.00570877528286,0.399605182223184
11.87,6.00471165898598,6.00572808918496,0.496192533501082
11.872,6.00473965898598,6.00574714782179,0.590778776971335
11.874,6.00476765898598,6.00576612628561,0.683659023854762
11.876,6.00479565898598,6.00578521311559,0.775177673561274
11.878,6.00482365898598,6.00580456912118,0.865669072493923
11.88,6.00485165898598,6.00582436019574,0.955303990707058
11.882,6.00488065898598,6.00584469598625,1.04423580128954
11.884,6.00490965898598,6.0058656707264,1.13250032298553
11.886,6.00493865898598,6.00588734052819,1.22009541523903
11.888,6.00496765898598,6.00590978300715,1.30693841574666
11.89,6.00499665898598,6.00593300879027,1.3929582910913
11.892,6.00502565898598,6.00595703617755,1.47802714168661
11.894,6.00505465898598,6.00598187059123,1.56198105493598
11.896,6.00508365898598,6.00600752636927,1.64456911600269
11.898,6.00511265898598,6.00603394823294,1.72557640051187
11.9,6.00514165898598,6.00606107974924,1.80473698346788
11.902,6.00517065898598,6.0060888903684,1.8815876686247
11.904,6.00519965898598,6.00611725906466,1.95578011920666
11.906,6.00522865898598,6.00614607175305,2.0267225404426
11.908,6.00525765898598,6.00617515954802,2.09367818178003
11.91,6.00528665898598,6.00620432511565,2.15605917225337
11.912,6.00531565898598,6.00623334655749,2.21284679546085
11.914,6.00534465898598,6.00626198887848,2.26317892209554
11.916,6.00537365898598,6.00629004232686,2.30632213729166
11.918,6.00540265898598,6.00631731084495,2.34152499438318
11.92,6.00543165898598,6.00634366737494,2.36848355138543
11.922,6.00546065898598,6.00636897265912,2.38658011778635
11.924,6.00548965898598,6.00639315896596,2.39568429107465
11.926,6.00551865898598,6.00641619494633,2.39582087038947
11.928,6.00554765898598,6.00643802241759,2.3867110286411
11.93,6.00557665898598,6.00645869810161,2.36886328676284
11.932,6.00560565898598,6.0064782315295,2.34233086602946
11.934,6.00563465898598,6.00649667921451,2.30741612773388
11.936,6.00566365898598,6.00651418103396,2.26498286637534
11.938,6.00569265898599,6.006530753341,2.21477842315401
11.94,6.00572165898599,6.00654657038756,2.15766123417428
11.942,6.00575065898599,6.00656182803242,2.09469951044993
11.944,6.00577965898598,6.00657665380399,2.02616614604435
11.946,6.00580865898598,6.00659125051963,1.95287775233881
11.948,6.00583765898599,6.00660583232186,1.87588787588144
11.95,6.00586665898599,6.00662062786921,1.79589351135337
11.952,6.00589565898599,6.00663585386194,1.71400858671455
11.954,6.00592465898599,6.00665182030878,1.6311420152901
11.956,6.00595365898599,6.00666871697054,1.54833646226035
11.958,6.00598265898599,6.00668678707849,1.46646507106234
11.96,6.00601165898599,6.0067062460323,1.38635083991179
11.962,6.00604065898599,6.00672724718589,1.30867090548953
11.964,6.00606965898599,6.00674989169844,1.23392127490888
11.966,6.00609865898599,6.00677424876677,1.16245950988814
11.968,6.00612765898599,6.00680023781117,1.09426489469647
11.97,6.00615665898599,6.00682789101183,1.0294696994094
11.972,6.00618565898599,6.00685708024656,0.967808895771503
11.974,6.00621465898599,6.00688761066874,0.908824852220388
11.976,6.00624365898599,6.00691935026881,0.852132684951006
11.978,6.00627265898599,6.00695207539017,0.797132432415498
11.98,6.00630165898599,6.00698559350291,0.743270649300162
11.982,6.00633065898599,6.00701970176406,0.689984041436911
11.984,6.00635965898599,6.00705421703597,0.63679576001611
11.986,6.00638865898599,6.00708901492312,0.5832687838639
11.988,6.00641765898599,6.00712393920132,0.529053513318909
11.99,6.00644665898599,6.0071588666273,0.47378213068873
11.992,6.00647565898599,6.00719365356165,0.417026655835264
11.994,6.00650465898599,6.00722817603404,0.35853384545156
11.996,6.00653365898599,6.00726223300894,0.297652813044832
11.998,6.00656265898599,6.00729574141288,0.234319885737408
12,6.00659165898599,6.00732849371554,0.16790814143499
12.002,6.00662065898599,6.00736032616174,0.0980358169555431
12.004,6.00664965898599,6.0073912115011,0.024811741815525
12.006,6.00667865898599,6.00742105368118,-0.0519190383891784
12.008,6.00670765898599,6.00744982434053,-0.132061327934951
12.01,6.00673665898599,6.00747753687103,-0.215373059109299
12.012,6.00676565898599,6.00750424882114,-0.301458583799486
12.014,6.00679465898599,6.00753004997625,-0.389796755932285
12.016,6.00682365898599,6.00755511641519,-0.479627436689445
12.018,6.00685265898599,6.00757958222196,-0.570231379359821
12.02,6.00688165898599,6.00760365543804,-0.660724926481322
12.022,6.00691065898599,6.00762755089217,-0.750144605585196
12.024,6.00693965898599,6.00765147571214,-0.837683371112591
12.026,6.00696865898599,6.0076756421282,-0.922298467830441
12.028,6.00699765898599,6.00770026527135,-1.00304878668783
12.03,6.00702665898599,6.00772557163251,-1.07888899603247
12.032,6.00705565898599,6.00775171526697,-1.14924312302786
12.034,6.00708465898599,6.00777891749439,-1.21308738828462
12.036,6.00711365898599,6.00780735430284,-1.26970841953095
12.038,6.00714265898599,6.00783729635613,-1.31788848776599
12.04,6.00717165898599,6.00786893838003,-1.35685879545676
12.042,6.00720065898599,6.00790237713426,-1.38633498868498
12.044,6.00722965898599,6.0079378573051,-1.40521277976923
12.046,6.00725865898599,6.00797541254614,-1.41343903150136
12.048,6.00728765898599,6.00801503493659,-1.41108914268223
12.05,6.00731665898599,6.00805671942723,-1.39812909212603
12.052,6.00734565898599,6.00810027199234,-1.37539567416218
12.054,6.00737465898599,6.00814561565079,-1.34295788429465
12.056,6.00740365898599,6.00819230576252,-1.30278024592683
12.058,6.00743265898599,6.00824008157057,-1.255756293062
12.06,6.00746165898599,6.00828857948851,-1.20313547093149
12.062,6.00749065898599,6.0083373440795,-1.14677624457434
12.064,6.00751965898599,6.00838594957762,-1.08814297572576
12.066,6.00754865898599,6.00843399144075,-1.02890664521033
12.068,6.00757765898599,6.00848103568515,-0.970564423701464
12.07,6.00760665898599,6.00852673075623,-0.914492293092183
12.072,6.00763565898599,6.00857074648249,-0.861903284987514
12.074,6.00766465898599,6.00861277886532,-0.813897078029554
12.076,6.00769365898599,6.00865266274145,-0.771179125567245
12.078,6.00772265898599,6.00869036216636,-0.734029632277316
12.08,6.00775165898599,6.00872573441675,-0.702943175356829
12.082,6.00778065898599,6.00875878360127,-0.677984582837274
12.084,6.00780965898599,6.00878956464197,-0.659023236051232
12.086,6.00783865898599,6.00881825148732,-0.645561587589913
12.088,6.00786765898599,6.00884495542645,-0.637209093508735
12.09,6.00789665898599,6.00887000637448,-0.632963026248279
12.092,6.00792565898599,6.00889367333661,-0.631950902176475
12.094,6.00795465898599,6.00891620932414,-0.633247180592053
12.096,6.00798365898599,6.00893806650665,-0.635452871283431
12.098,6.00801265898599,6.00895960600628,-0.637345414490792
12.1,6.008041658986,6.00898122415422,-0.637611335784777
12.102,6.00807065898599,6.00900334069827,-0.634820895079414
12.104,6.008099658986,6.00902632901032,-0.627769270247518
12.106,6.00812865898599,6.00905060660424,-0.615048632957933
12.108,6.008157658986,6.0090764356856,-0.595897182721032
12.11,6.00818665898599,6.00910409485997,-0.569426876400715
12.112,6.00821565898599,6.00913386023287,-0.534756598280321
12.114,6.008244658986,6.00916574927017,-0.491978167553392
12.116,6.008273658986,6.00919992820399,-0.440588298946482
12.118,6.008302658986,6.00923625596737,-0.381226148816758
12.12,6.008331658986,6.00927478298907,-0.313813585668022
12.122,6.008359658986,6.00931529559403,-0.239235376189812
12.124,6.008387658986,6.00935768472466,-0.157990862471526
12.126,6.008415658986,6.00940176082814,-0.0708746628544302
12.128,6.008443658986,6.00944722269091,0.020929195767526
12.13,6.008471658986,6.00949379190192,0.11630912120893
12.132,6.008497658986,6.00954112682018,0.21392815331376
12.134,6.008523658986,6.00958886609916,0.312440352477293
12.136,6.008549658986,6.009636712597,0.410635395488495
12.138,6.008575658986,6.0096843152032,0.507148199129265
12.14,6.008601658986,6.00973137841541,0.600849182738404
12.142,6.008624658986,6.00977760595867,0.690555499995596
12.144,6.008647658986,6.00982271644858,0.77515681770662
12.146,6.008670658986,6.00986637093871,0.853287376064948
12.148,6.008693658986,6.00990851237803,0.924808457670938
12.15,6.008716658986,6.00994873531199,0.988036792892701
12.152,6.008735658986,6.00998686046954,1.04226507450801
12.154,6.008754658986,6.010022589716,1.08625171248777
12.156,6.008773658986,6.01005612391277,1.12086169681069
12.158,6.008792658986,6.01008685982071,1.14350026652997
12.16,6.008811658986,6.0101152277901,1.15597585015717
12.162,6.008825658986,6.01014070309137,1.15597283741989
12.164,6.008839658986,6.01016376180024,1.14547507701281
12.166,6.008853658986,6.01018419172925,1.12346393787385
12.168,6.008867658986,6.01020213991401,1.09044694624234
12.17,6.008881658986,6.01021790164884,1.04759294414891
12.172,6.008889658986,6.01023163219896,0.995443657582129
12.174,6.008897658986,6.0102435608023,0.934866255169751
12.176,6.008905658986,6.01025390571999,0.866663108445615
12.178,6.008913658986,6.01026295706763,0.792001077372038
12.18,6.008921658986,6.01027096122702,0.711851000299086
12.182,6.008924658986,6.01027820474191,0.627424018799848
12.184,6.008927658986,6.01028491396884,0.539650538608472
12.186,6.008930658986,6.01029131706956,0.449382420803014
12.188,6.008933658986,6.01029766349284,0.357771590310347
12.19,6.008936658986,6.01030416635404,0.265669383393863
12.192,6.008935658986,6.01031099650118,0.173899409045514
12.194,6.008934658986,6.010318292982,0.0831254020125
12.196,6.008933658986,6.01032613283165,-0.00616380713093448
12.198,6.008932658986,6.01033451737637,-0.0937235487838113
12.2,6.008931658986,6.01034338452274,-0.179530105916988
12.202,6.008927658986,6.01035262704882,-0.26368329178666
12.204,6.008923658986,6.0103620613098,-0.346565571934432
12.206,6.008919658986,6.01037147257072,-0.42860235820165
12.208,6.008915658986,6.01038065525115,-0.510358157529148
12.21,6.008911658986,6.01038936962564,-0.592303321912826
12.212,6.008905658986,6.01039740476675,-0.674908909458211
12.214,6.008899658986,6.01040458565633,-0.758510268185069
12.216,6.008893658986,6.01041084487183,-0.843219315473167
12.218,6.008887658986,6.01041604398148,-0.92916579400895
12.22,6.008881658986,6.01042015793687,-1.01629042654681
12.222,6.008874658986,6.01042314008433,-1.1045188835702
12.224,6.008867658986,6.01042498126216,-1.1937191004557
12.226,6.008860658986,6.01042562085549,-1.28377933491354
12.228,6.008853658986,6.01042516924593,-1.37446080910331
12.23,6.008846658986,6.01042354323907,-1.46560667096967
12.232,6.008839658986,6.01042083646565,-1.55692352643332
12.234,6.008832658986,6.01041704943218,-1.64797885175112
12.236,6.008825658986,6.01041240048617,-1.73825045129659
12.238,6.008818658986,6.01040698468713,-1.82683507279879
12.24,6.008811658986,6.01040111202114,-1.91291306082579
12.242,6.008804658986,6.01039503055644,-1.99545245808183
12.244,6.008797658986,6.01038904064926,-2.07313912313945
12.246,6.008790658986,6.0103834380433,-2.14500381759766
12.248,6.008783658986,6.01037846622018,-2.21021526156663
12.25,6.008776658986,6.0103744017411,-2.26747594447167
12.252,6.008769658986,6.0103714003775,-2.3163535580625
12.254,6.008762658986,6.01036959212008,-2.35636818768869
12.256,6.008755658986,6.01036901217626,-2.3875570803357
12.258,6.008748658986,6.01036978979571,-2.40919325219299
12.26,6.008741658986,6.01037193709781,-2.42130000035499
12.262,6.008734658986,6.01037538349931,-2.42438428609529
12.264,6.008727658986,6.01038007788021,-2.41873592138253
12.266,6.008720658986,6.01038606015518,-2.40386992307139
12.268,6.00871365898601,6.01039312562349,-2.38090092119649
12.27,6.00870665898601,6.01040116409731,-2.35017598402519
12.272,6.00869965898601,6.01041003832346,-2.31207166877552
12.274,6.00869265898601,6.01041953301849,-2.26761286554571
12.276,6.00868565898601,6.01042948572091,-2.21722200234616
12.278,6.00867865898601,6.01043968483159,-2.16163936186846
12.28,6.00867165898601,6.01044990763555,-2.10192413493024
12.282,6.00866465898601,6.01045994031888,-2.03880429053263
12.284,6.00865765898601,6.01046956084367,-1.97317905682349
12.286,6.00865065898601,6.01047850330021,-1.90588338244261
12.288,6.00864365898601,6.01048658321954,-1.83788990983363
12.29,6.00863665898601,6.0104935271701,-1.76998634030111
12.292,6.00862965898601,6.01049917519453,-1.70292060543501
12.294,6.00862265898601,6.01050332815805,-1.6373695195764
12.296,6.00861565898601,6.01050598287421,-1.57368201850222
12.298,6.00860865898601,6.01050704305927,-1.51220457872125
12.3,6.00860165898601,6.01050650571373,-1.4530745994457
12.302,6.00859465898601,6.01050445528388,-1.3962047921611
12.304,6.00858765898601,6.01050089189845,-1.34153917868286
12.306,6.00858065898601,6.01049603299631,-1.2886275933102
12.308,6.00857365898601,6.01048999143918,-1.23709185972075
12.31,6.00856665898601,6.01048298854357,-1.18638309669459
12.312,6.00855965898601,6.01047517717886,-1.13602072088508
12.314,6.00855265898601,6.01046674534748,-1.08552781849637
12.316,6.00854565898601,6.01045782448937,-1.03447510704585
12.318,6.00853865898601,6.01044854677084,-0.982464236828052
12.32,6.00853165898601,6.01043904609229,-0.92919969258551
12.322,6.00852465898601,6.01042943995458,-0.874226541339262
12.324,6.00851765898601,6.01041987371381,-0.81719938512858
12.326,6.00851065898601,6.01041048911074,-0.757763321419778
12.328,6.00850365898601,6.01040148392811,-0.695192455903577
12.33,6.00849665898601,6.01039299715293,-0.62929433393555
12.332,6.00848965898601,6.01038518325189,-0.559637311636661
12.334,6.00848265898601,6.01037819515802,-0.48582269703861
12.336,6.00847565898601,6.01037210260748,-0.407831889402667
12.338,6.00846865898601,6.01036693930971,-0.325747853360473
12.34,6.00846165898601,6.01036273446933,-0.239654082891023
12.342,6.00845465898601,6.01035948270015,-0.149777308016908
12.344,6.00844765898601,6.01035707341994,-0.0567382664483891
12.346,6.00844065898601,6.01035544449315,0.039039219827416
12.348,6.00843365898601,6.0103544354724,0.136784836662168
12.35,6.00842665898601,6.01035393706314,0.235909260295641
12.352,6.00841965898601,6.01035378318619,0.335589293460779
12.354,6.00841265898601,6.01035376386195,0.434910354934829
12.356,6.00840565898601,6.01035367172493,0.532888250650011
12.358,6.00839865898601,6.01035327824232,0.62852929983688
12.36,6.00839165898601,6.01035233666462,0.720733721360433
12.362,6.00838465898601,6.01035062478534,0.808538057242334
12.364,6.00837765898601,6.01034791314038,0.890936384834032
12.366,6.00837065898601,6.01034397543306,0.966942243119317
12.368,6.00836365898601,6.01033850890008,1.03518949150826
12.37,6.00835665898601,6.01033146368367,1.09555892142713
12.372,6.00834965898601,6.0103225376941,1.14663898468022
12.374,6.00834265898601,6.01031175709936,1.18860858647685
12.376,6.00833565898601,6.01029899955447,1.22087637882188
12.378,6.00832865898601,6.01028414948601,1.24284655083797
12.38,6.00832165898601,6.01026741073098,1.25545049953837
12.382,6.00831465898601,6.01024868340282,1.25804027272154
12.384,6.00830765898601,6.01022829779115,1.25206187398809
12.386,6.00830065898601,6.01020634498674,1.23761887966984
12.388,6.00829365898601,6.01018319325836,1.21618669188669
12.39,6.00828665898601,6.0101591455927,1.18873035521978
12.392,6.00827965898601,6.01013464282231,1.15695954044217
12.394,6.00827265898601,6.01011008525478,1.12234402260324
12.396,6.00826565898601,6.01008588870143,1.08630229412675
12.398,6.00825865898601,6.01006247319574,1.05035086343301
12.4,6.00825165898601,6.0100401642055,1.01574811761718
12.402,6.00824465898601,6.01001927646092,0.983596389106773
12.404,6.00823765898601,6.01000007951946,0.954846620898116
12.406,6.00823065898601,6.00998274477784,0.930168558822987
12.408,6.00822365898601,6.00996740938162,0.91007137445332
12.41,6.00821665898601,6.00995404093253,0.89459743131433
12.412,6.00820965898601,6.00994276856225,0.88411397553931
12.414,6.00820265898601,6.00993349731063,0.878398838441416
12.416,6.00819565898601,6.00992617511881,0.877273256852888
12.418,6.00818865898601,6.00992063599242,0.880233528175897
12.42,6.00818165898601,6.0099166864136,0.886663326194276
12.422,6.00817465898601,6.00991417623351,0.895954993999002
12.424,6.00816765898602,6.00991275395779,0.907029681653291
12.426,6.00816065898602,6.00991213791762,0.918841741718284
12.428,6.00815365898602,6.00991195007034,0.930250748061956
12.43,6.00814665898602,6.00991186573571,0.940048759580313
12.432,6.00813965898602,6.00991150888292,0.946962134282218
12.434,6.00813265898602,6.00991053739734,0.949873592806009
12.436,6.00812565898602,6.00990862703703,0.947718100946785
12.438,6.00811865898602,6.00990537062996,0.939047764814809
12.44,6.00811165898602,6.00990049779142,0.923061740521188
12.442,6.00810465898602,6.00989381833704,0.899224089168695
12.444,6.00809765898602,6.00988505431931,0.866588455246276
12.446,6.00809065898602,6.00987413889066,0.825054663409626
12.448,6.00808365898602,6.00986105660966,0.774674088681509
12.45,6.00807665898602,6.00984587552764,0.715801811621454
12.452,6.00806965898602,6.00982872873923,0.649027166380079
12.454,6.00806265898602,6.00980968871302,0.574680180620012
12.456,6.00805565898602,6.00978897382842,0.49365954915574
12.458,6.00804865898602,6.00976685809837,0.407072558587704
12.46,6.00804165898602,6.00974354416649,0.315733566196182
12.462,6.00803565898602,6.00971932411504,0.2208046758878
12.464,6.00802965898602,6.00969452280394,0.123574381589039
12.466,6.00802365898602,6.0096694318691,0.0252009488309719
12.468,6.00801765898602,6.00964433812405,-0.0731717724642352
12.47,6.00801165898602,6.00961953705766,-0.170359202075188
12.472,6.00800765898602,6.00959529490483,-0.265291979911625
12.474,6.00800365898602,6.0095718592524,-0.356977618464728
12.476,6.00799965898602,6.0095495156563,-0.444275917428608
12.478,6.00799565898602,6.00952853621876,-0.526106405569505
12.48,6.00799165898602,6.00950915576432,-0.60153726593935
12.482,6.00799065898602,6.00949159700732,-0.669678082212786
12.484,6.00798965898602,6.00947616455777,-0.72929241369836
12.486,6.00798865898602,6.00946289747033,-0.780185598946102
12.488,6.00798765898602,6.0094519537382,-0.821665232267159
12.49,6.00798665898602,6.00944340313491,-0.853372898047994
12.492,6.00798965898602,6.00943733101445,-0.874861915577613
12.494,6.00799265898602,6.00943366069588,-0.886335444496697
12.496,6.00799565898602,6.00943221223474,-0.888435995212547
12.498,6.00799865898602,6.00943317271452,-0.880227653670464
12.5,6.00800165898602,6.00943602914738,-0.863770028811131
12.502,6.00800965898602,6.00944088759004,-0.838432734102505
12.504,6.00801765898602,6.0094474989352,-0.80508987444859
12.506,6.00802565898602,6.00945540087325,-0.765653445949666
12.508,6.00803365898602,6.00946453545707,-0.720103001765546
12.51,6.00804165898602,6.00947455783784,-0.669785531212024
12.512,6.00805565898602,6.00948517962185,-0.615814818454221
12.514,6.00806965898602,6.00949614649603,-0.559109184058269
12.516,6.00808365898602,6.00950720982599,-0.500588180198467
12.518,6.00809765898602,6.0095181727924,-0.441154849980222
12.52,6.00811165898602,6.0095288624836,-0.381396269528926
12.522,6.00813065898602,6.00953917632433,-0.321834343186052
12.524,6.00814965898602,6.00954906027697,-0.262775138546951
12.526,6.00816865898602,6.00955852828439,-0.204337171939481
12.528,6.00818765898602,6.00956762485557,-0.146500149239451
12.53,6.00820665898602,6.00957646682072,-0.089047320494142
12.532,6.00822965898602,6.00958519876858,-0.0316469498889759
12.534,6.00825265898602,6.00959401744399,0.0261890270369724
12.536,6.00827565898602,6.00960314177153,0.0850289296207805
12.538,6.00829865898602,6.00961284382852,0.145614954076089
12.54,6.00832165898602,6.00962337372557,0.208617977145369
12.542,6.00834765898602,6.00963499288667,0.274728265528643
12.544,6.00837365898602,6.00964790637691,0.344447169054604
12.546,6.00839965898602,6.00966224926597,0.418054035583721
12.548,6.00842565898602,6.009678144629,0.495771438261041
12.55,6.00845165898602,6.00969568036187,0.577703161172905
12.552,6.00847965898603,6.00971494666412,0.663932214498337
12.554,6.00850765898602,6.00973600573114,0.754436820677839
12.556,6.00853565898603,6.00975881542129,0.848920802789131
12.558,6.00856365898603,6.00978331397761,0.947037968784498
12.56,6.00859165898603,6.00980955011785,1.04862247920829
12.562,6.00862065898603,6.00983741340836,1.15308647461225
12.564,6.00864965898603,6.00986667065946,1.25960966511679
12.566,6.00867865898603,6.00989723298853,1.36746299041139
12.568,6.00870765898603,6.0099287818547,1.47558967906013
12.57,6.00873665898603,6.00996108267129,1.58289870585287
12.572,6.00876565898603,6.00999381447562,1.68812110225524
12.574,6.00879465898603,6.0100266720821,1.79023121109396
12.576,6.00882365898603,6.01005934715233,1.88780634776912
12.578,6.00885265898603,6.01009153128469,1.97975106376508
12.58,6.00888165898603,6.01012292350696,2.06483124379125
12.582,6.00891065898603,6.01015328600688,2.14221588274443
12.584,6.00893965898603,6.01018241559798,2.21116084792316
12.586,6.00896865898603,6.01021002024242,2.27025849748426
12.588,6.00899765898603,6.01023612454643,2.32000791754483
12.59,6.00902665898603,6.01026048481439,2.35910145635678
12.592,6.00905565898603,6.01028315044796,2.38791344826621
12.594,6.00908465898603,6.01030417457159,2.4067032846124
12.596,6.00911365898603,6.01032350780895,2.41494486472485
12.598,6.00914265898603,6.01034142405514,2.414035202037
12.6,6.00917165898603,6.01035797125602,2.40386089293246
12.602,6.00920065898603,6.01037331580249,2.38490911292601
12.604,6.00922965898603,6.01038770929108,2.35823846635736
12.606,6.00925865898603,6.010401376854,2.32478163919678
12.608,6.00928765898603,6.01041449245699,2.28479946963314
12.61,6.00931665898603,6.01042733082259,2.23966859190609
12.612,6.00934565898603,6.01044010290593,2.1900526876918
12.614,6.00937465898603,6.01045304305198,2.13682494597825
12.616,6.00940365898603,6.01046639737371,2.08087636576812
12.618,6.00943265898603,6.01048045997149,2.02310108531061
12.62,6.00946165898603,6.01049541612395,1.96457713356945
12.622,6.00949065898603,6.01051150378093,1.9060607343029
12.624,6.00951965898603,6.0105289874311,1.84838265796669
12.626,6.00954865898603,6.0105480306553,1.79222995737878
12.628,6.00957765898603,6.01056876666168,1.73811790074633
12.63,6.00960665898603,6.01059119155814,1.68625523504121
12.632,6.00963565898603,6.01061538652132,1.63684616042144
12.634,6.00966465898603,6.01064123135914,1.58970569199019
12.636,6.00969365898603,6.01066866183732,1.54463119231067
12.638,6.00972265898603,6.01069753257146,1.50122325658292
12.64,6.00975165898603,6.01072770735631,1.45899016405948
12.642,6.00978065898603,6.0107588951933,1.41731536202111
12.644,6.00980965898603,6.01079100372361,1.37569392959792
12.646,6.00983865898603,6.01082383889722,1.33353600932302
12.648,6.00986765898603,6.01085720857196,1.29033944666699
12.65,6.00989665898603,6.01089096679499,1.24558302669665
12.652,6.00992565898603,6.01092494871399,1.19874575773781
12.654,6.00995465898603,6.0109589761306,1.14917223734333
12.656,6.00998365898603,6.01099288354195,1.09664193249233
12.658,6.01001265898603,6.01102644327923,1.04009047238729
12.66,6.01004165898603,6.01105950382924,0.979429670015737
12.662,6.01007065898603,6.01109187704796,0.914028252843272
12.664,6.01009965898603,6.01112340560851,0.84350349543295
12.666,6.01012865898603,6.01115393564297,0.767464432131909
12.668,6.01015765898603,6.01118345620108,0.686199532025658
12.67,6.01018665898603,6.01121186859351,0.59947708542038
12.672,6.01021565898603,6.01123924267945,0.507841583709195
12.674,6.01024465898603,6.01126558569737,0.411480099473203
12.676,6.01027365898603,6.01129104761738,0.311184078993717
12.678,6.01030265898603,6.01131578409743,0.207721808904064
12.68,6.01033165898603,6.01133996622031,0.101901241930477
12.682,6.01036065898604,6.01136383601636,-0.00519442245317655
12.684,6.01038965898603,6.01138765678415,-0.112420241848078
12.686,6.01041865898604,6.01141170630697,-0.218577362574898
12.688,6.01044765898603,6.01143627450615,-0.322421620627283
12.69,6.01047665898604,6.01146163169754,-0.422784201752344
12.692,6.01050565898604,6.01148801634056,-0.518625418480558
12.694,6.01053465898604,6.01151565869857,-0.608935454598287
12.696,6.01056365898603,6.01154486831122,-0.692348243028524
12.698,6.01059265898604,6.01157567353591,-0.768722369989522
12.7,6.01062165898604,6.01160838008416,-0.836673693891331
12.702,6.01065065898604,6.01164298339404,-0.896165174483884
12.704,6.01067965898604,6.01167955025799,-0.946823813277451
12.706,6.01070865898604,6.01171812673157,-0.988342761193631
12.708,6.01073765898604,6.01175870631207,-1.02061564021466
12.71,6.01076665898604,6.01180112512097,-1.04422485804795
12.712,6.01079565898604,6.01184527350146,-1.05946242919709
12.714,6.01082465898604,6.01189092970522,-1.06710443431481
12.716,6.01085365898604,6.0119378844601,-1.06777353682582
12.718,6.01088265898604,6.01198580516249,-1.0626043919836
12.72,6.01091165898604,6.01203429146341,-1.05304291356898
12.722,6.01094065898604,6.0120829705894,-1.04050051998829
12.724,6.01096965898604,6.01213144423035,-1.02614531526695
12.726,6.01099865898604,6.01217928199657,-1.01153636580704
12.728,6.01102765898604,6.01222615157749,-0.997923919099767
12.73,6.01105665898604,6.01227174723535,-0.986362702107406
12.732,6.01108565898604,6.01231566072785,-0.978070614227365
12.734,6.01111465898604,6.01235786920082,-0.973400783575295
12.736,6.01114365898604,6.01239803861333,-0.973266703529078
12.738,6.01117265898604,6.01243617640094,-0.977762301835361
12.74,6.01120165898604,6.01247228123986,-0.986916448956851
12.742,6.01123065898604,6.01250629441224,-1.00081846511348
12.744,6.01125965898604,6.01253837491617,-1.01899194575099
12.746,6.01128865898604,6.01256867975706,-1.04092224130675
12.748,6.01131765898604,6.01259734559712,-1.06608106505033
12.75,6.01134665898604,6.01262453094817,-1.09376675557482
12.752,6.01137565898604,6.0126506353978,-1.12285820425343
12.754,6.01140465898604,6.01267585422928,-1.15240243029191
12.756,6.01143365898604,6.01270058502096,-1.18124527712918
12.758,6.01146265898604,6.0127251372322,-1.20821506045558
12.76,6.01149165898604,6.01274987807377,-1.23197038217836
12.762,6.01152065898604,6.01277512519851,-1.25157905071589
12.764,6.01154965898604,6.01280123282992,-1.26571826909383
12.766,6.01157865898604,6.01282852736927,-1.27330986900685
12.768,6.01160765898604,6.0128573871151,-1.27300992600384
12.77,6.01163665898604,6.01288799495119,-1.26436905385754
12.772,6.01166565898604,6.01292065702866,-1.24627942824647
12.774,6.01169465898604,6.01295548389838,-1.21847016716959
12.776,6.01172365898604,6.0129925112922,-1.18091510068655
12.778,6.01175265898604,6.01303172998882,-1.13372856423769
12.78,6.01178165898604,6.01307307352952,-1.0772316392759
12.782,6.01181065898604,6.01311651745973,-1.01152302213539
12.784,6.01183965898604,6.01316175449556,-0.937908176017292
12.786,6.01186865898604,6.01320861290225,-0.857070523727179
12.788,6.01189765898604,6.01325688408417,-0.769817085147771
12.79,6.01192665898604,6.01330625725747,-0.677360858418588
12.792,6.01195565898604,6.01335634302846,-0.581297971500249
12.794,6.01198465898604,6.01340686083711,-0.482667992696008
12.796,6.01201365898604,6.01345745905652,-0.382861045931074
12.798,6.01204265898604,6.01350782392208,-0.28314672134303
12.8,6.01207165898604,6.01355766540893,-0.184667205593189
12.802,6.01209965898604,6.01360670614576,-0.0885319031253662
12.804,6.01212765898604,6.01365468453769,0.00421003074045156
12.806,6.01215565898604,6.01370129237727,0.0923507104493691
12.808,6.01218365898604,6.01374642764776,0.175398342494159
12.81,6.01221165898605,6.01378969412442,0.251837161926828
12.812,6.01223765898605,6.01383117026645,0.32183275319212
12.814,6.01226365898605,6.01387046418188,0.383856016968009
12.816,6.01228965898605,6.01390763239329,0.437995099650253
12.818,6.01231565898605,6.01394260349148,0.483871195099437
12.82,6.01234165898605,6.01397544993291,0.521650419771202
12.822,6.01236465898605,6.01400601338783,0.550593742938648
12.824,6.01238765898605,6.01403453848701,0.571514738903086
12.826,6.01241065898605,6.0140611528008,0.584785456159565
12.828,6.01243365898605,6.01408588670313,0.590358258033946
12.83,6.01245665898605,6.01410902406068,0.589213310001561
12.832,6.01247565898605,6.01413078889774,0.58208684511519
12.834,6.01249465898605,6.01415144948922,0.569909040399415
12.836,6.01251365898605,6.01417123592346,0.553423056249917
12.838,6.01253265898605,6.01419043116579,0.533603658984363
12.84,6.01255165898605,6.01420930824719,0.511420487650759
12.842,6.01256565898605,6.01422812643783,0.48774718679322
12.844,6.01257965898605,6.0142471166002,0.463405567790277
12.846,6.01259365898605,6.01426647033716,0.439081333315851
12.848,6.01260765898605,6.01428636187398,0.415330633843764
12.85,6.01262165898605,6.01430683412265,0.392436152039016
12.852,6.01262965898605,6.01432795067786,0.370601318276032
12.854,6.01263765898605,6.01434973705251,0.349906666721642
12.856,6.01264565898605,6.01437208359447,0.330131898850193
12.858,6.01265365898605,6.01439494625591,0.311095521688659
12.86,6.01266165898605,6.01441816754255,0.292344432967168
12.862,6.01266465898605,6.0144415469655,0.273293548460453
12.864,6.01266765898605,6.01446483541547,0.253128033596981
12.866,6.01267065898605,6.01448770578355,0.230839179798027
12.868,6.01267365898605,6.01450981265638,0.205339790508012
12.87,6.01267665898605,6.01453076671896,0.175395652749253
12.872,6.01267565898605,6.01455016250272,0.139736245685337
12.874,6.01267465898605,6.01456780785418,0.0978496280633557
12.876,6.01267365898605,6.01458324287396,0.0482943086132187
12.878,6.01267265898605,6.01459650031667,-0.00865818643311762
12.88,6.01267165898605,6.01460722135616,-0.0740551888764779
12.882,6.01266765898605,6.0146154836379,-0.147459072880838
12.884,6.01266365898605,6.01462121532732,-0.228923338892869
12.886,6.01265965898605,6.01462433871414,-0.318481761411066
12.888,6.01265565898605,6.01462491249281,-0.415704283062218
12.89,6.01265165898605,6.01462318864944,-0.519586137021303
12.892,6.01264565898605,6.01461915502666,-0.629853464361977
12.894,6.01263965898605,6.01461313722294,-0.745250319448597
12.896,6.01263365898605,6.0146053454041,-0.864819904040629
12.898,6.01262765898605,6.01459607618936,-0.987341608366852
12.9,6.01262165898605,6.01458566994329,-1.11147431877013
12.902,6.01261465898605,6.01457446838936,-1.23575223223386
12.904,6.01260765898605,6.01456290576868,-1.3586917671353
12.906,6.01260065898605,6.01455133899385,-1.47882368544378
12.908,6.01259365898605,6.01454016335858,-1.59459206312393
12.91,6.01258665898605,6.01452973900114,-1.70462610408773
12.912,6.01257965898605,6.01452041074066,-1.80757878854628
12.914,6.01257265898605,6.01451246167148,-1.90236155409943
12.916,6.01256565898606,6.01450610280362,-1.98818180805789
12.918,6.01255865898605,6.01450157242732,-2.06399439631498
12.92,6.01255165898606,6.01449897927339,-2.12933788113125
12.922,6.01254465898606,6.01449837200579,-2.18392850030044
12.924,6.01253765898606,6.01449965194155,-2.22815305446824
12.926,6.01253065898605,6.01450281502002,-2.26176755192038
12.928,6.01252365898606,6.01450768494704,-2.28541022067559
12.93,6.01251665898606,6.01451415824543,-2.29921014999014
12.932,6.01250965898606,6.01452198157147,-2.30416512659147
12.934,6.01250265898606,6.01453098735199,-2.30067566517847
12.936,6.01249565898606,6.01454093782293,-2.2895750203436
12.938,6.01248865898606,6.01455158692232,-2.27173675784699
12.94,6.01248165898606,6.01456268217488,-2.24799737139852
12.942,6.01247465898606,6.01457396659148,-2.21937762414233
12.944,6.01246765898606,6.01458519232515,-2.1866813515047
12.946,6.01246065898606,6.01459611198331,-2.15087193932278
12.948,6.01245365898606,6.0146064273178,-2.1127238107681
12.95,6.01244665898606,6.0146158662962,-2.07330475917696
12.952,6.01243965898606,6.01462428432005,-2.03343985067131
12.954,6.01243265898606,6.01463132714877,-1.99388143662707
12.956,6.01242565898606,6.01463691014809,-1.95522645332605
12.958,6.01241865898606,6.01464089327283,-1.91791148089547
12.96,6.01241165898606,6.01464314294069,-1.88224708405087
12.962,6.01240465898606,6.01464377576866,-1.84816152094095
12.964,6.01239765898606,6.01464279426306,-1.81557677417148
12.966,6.01239065898606,6.01464024372426,-1.78425693550789
12.968,6.01238365898606,6.01463631238436,-1.75374643385455
12.97,6.01237665898606,6.01463111679817,-1.72354818389653
12.972,6.01236965898606,6.0146249297838,-1.69314470124677
12.974,6.01236265898606,6.01461779845888,-1.66195217304835
12.976,6.01235565898606,6.01460995473251,-1.62945591427383
12.978,6.01234865898606,6.01460154040527,-1.59505204092289
12.98,6.01234165898606,6.014592737266,-1.55827291566272
12.982,6.01233465898606,6.01458371115287,-1.51853087998927
12.984,6.01232765898606,6.01457465017468,-1.47522425654028
12.986,6.01232065898606,6.01456575402275,-1.42773635694459
12.988,6.01231365898606,6.01455722546427,-1.37550934506143
12.99,6.01230665898606,6.01454929528081,-1.31766664216565
12.992,6.01229965898606,6.01454208920914,-1.2541781714189
12.994,6.01229265898606,6.01453580446844,-1.1842959475635
12.996,6.01228565898606,6.01453046752765,-1.10832359323267
12.998,6.01227865898606,6.01452617449692,-1.02597152350792
13,6.01227165898606,6.01452285381461,-0.937863859058531
13.002,6.01226465898606,6.01452051841114,-0.844004713367597
13.004,6.01225765898606,6.01451900292659,-0.74534675302675
13.006,6.01225065898606,6.0145182437803,-0.642155222062302
13.008,6.01224365898606,6.01451797994739,-0.535818631332584
13.01,6.01223665898606,6.01451807809054,-0.426825909069881
13.012,6.01222965898606,6.01451826899247,-0.316434321275743
13.014,6.01222265898606,6.01451827738539,-0.205828878867175
13.016,6.01221565898606,6.01451784260146,-0.0961866697242377
13.018,6.01220865898606,6.01451664956808,0.0111771298227549
13.02,6.01220165898606,6.01451443559368,0.115106365161109
13.022,6.01219465898606,6.01451090083388,0.21431819969293
13.024,6.01218765898606,6.01450586533062,0.307976421829673
13.026,6.01218065898606,6.01449918161606,0.39538317030726
13.028,6.01217365898606,6.01449059747897,0.475413859671102
13.03,6.01216665898607,6.01448011780332,0.54792932900634
13.032,6.01215965898607,6.01446774998011,0.612804706122012
13.034,6.01215265898607,6.01445351542693,0.669965763202402
13.036,6.01214565898607,6.0144374446699,0.719353226972982
13.038,6.01213865898607,6.01441959144052,0.760961295949097
13.04,6.01213165898607,6.01440029716052,0.796042483567026
13.042,6.01212465898607,6.01437963618503,0.824649104952786
13.044,6.01211765898607,6.01435784293481,0.847491592768987
13.046,6.01211065898607,6.0143352317797,0.865621009447987
13.048,6.01210365898607,6.01431211802443,0.880050152841699
13.05,6.01209665898607,6.01428884666898,0.891967600892398
13.052,6.01208965898607,6.01426578257208,0.90249820961846
13.054,6.01208265898607,6.01424326530121,0.912849415982154
13.056,6.01207565898607,6.01422159246559,0.924027754154263
13.058,6.01206865898607,6.01420114097896,0.937118812949603
13.06,6.01206165898607,6.01418201892208,0.95267965290081
13.062,6.01205465898607,6.01416449140944,0.97144449723692
13.064,6.01204765898607,6.01414872847321,0.993926220785534
13.066,6.01204065898607,6.01413473336368,1.02020108709123
13.068,6.01203365898607,6.01412252800309,1.05031580289079
13.07,6.01202665898607,6.01411219143624,1.08436475370673
13.072,6.01201965898607,6.01410351553022,1.12177917743656
13.074,6.01201265898607,6.01409652516621,1.16239375288553
13.076,6.01200565898607,6.01409095916465,1.20543390076824
13.078,6.01199865898607,6.01408667349364,1.25028428521259
13.08,6.01199165898607,6.01408346506657,1.29610897543894
13.082,6.01198465898607,6.01408100607296,1.341895494518
13.084,6.01197765898607,6.01407904263399,1.38660055183018
13.086,6.01197065898607,6.01407726469382,1.42921134352713
13.088,6.01196365898607,6.01407536816867,1.46846192147641
13.09,6.01195665898607,6.01407307549306,1.5035248351077
13.092,6.01194965898607,6.01407007295391,1.53311292114713
13.094,6.01194265898607,6.01406610426254,1.55642895001333
13.096,6.01193565898607,6.01406082600622,1.57212740503181
13.098,6.01192865898607,6.01405403024627,1.57964011621576
13.1,6.01192165898607,6.01404549702582,1.57821596390939
13.102,6.01191465898607,6.01403500708269,1.56707500843503
13.104,6.01190765898607,6.01402235978545,1.54546586845924
13.106,6.01190065898607,6.01400761260118,1.51378510502657
13.108,6.01189365898607,6.01399068017819,1.4716572546115
13.11,6.01188665898607,6.01397177277962,1.42005061737285
13.112,6.01187965898607,6.01395085688025,1.35869021992772
13.114,6.01187265898607,6.01392828578942,1.28911251814589
13.116,6.01186565898607,6.01390426619342,1.21211765975724
13.118,6.01185865898607,6.01387901283815,1.12845195449743
13.12,6.01185165898607,6.0138528631201,1.03942558189646
13.122,6.01184465898607,6.01382617129241,0.946504012769418
13.124,6.01183765898607,6.01379923854044,0.850859845264947
13.126,6.01183065898607,6.01377238329504,0.753651791606387
13.128,6.01182365898607,6.01374588273182,0.656125423406552
13.13,6.01181665898607,6.01372000644296,0.559324218739511
13.132,6.01180965898608,6.01369498654432,0.464230499281824
13.134,6.01180265898607,6.01367112505604,0.371979583531514
13.136,6.01179565898608,6.01364858226378,0.283343646894037
13.138,6.01178865898608,6.01362765733146,0.199447531830188
13.14,6.01178165898608,6.01360845610031,0.120841032260366
13.142,6.01177565898608,6.01359125200696,0.0485747022315384
13.144,6.01176965898608,6.0135760384767,-0.0171977814408886
13.146,6.01176365898608,6.01356291394139,-0.0760073773391874
13.148,6.01175765898608,6.01355188460802,-0.127692257625491
13.15,6.01175165898608,6.01354288821371,-0.172331603795963
13.152,6.01174765898608,6.01353583374177,-0.210116058735184
13.154,6.01174365898608,6.01353066360701,-0.241111095163227
13.156,6.01173965898608,6.01352713622474,-0.266045664456453
13.158,6.01173565898608,6.01352504227009,-0.285544145100279
13.16,6.01173165898608,6.01352407188024,-0.300634498394809
13.162,6.01173065898608,6.01352406511604,-0.311737549234905
13.164,6.01172965898608,6.01352467325014,-0.320013657203879
13.166,6.01172865898608,6.0135255778208,-0.326569248383944
13.168,6.01172765898608,6.01352652028406,-0.332154819453325
13.17,6.01172665898608,6.01352718055154,-0.33785168499841
13.172,6.01172965898608,6.01352730496901,-0.344483548175671
13.174,6.01173265898608,6.01352667506169,-0.352746633348437
13.176,6.01173565898608,6.01352506890867,-0.363289214618997
13.178,6.01173865898608,6.01352247305086,-0.376199739608155
13.18,6.01174165898608,6.01351876037395,-0.391783575914033
13.182,6.01174965898608,6.01351397742404,-0.409883841955024
13.184,6.01175765898608,6.01350810410693,-0.430444983765006
13.186,6.01176565898608,6.01350129362281,-0.452973255499027
13.188,6.01177365898608,6.0134936628966,-0.477008703172038
13.19,6.01178165898608,6.0134853905228,-0.501846632553643
13.192,6.01179565898608,6.0134767756117,-0.526511946119252
13.194,6.01180965898608,6.01346811471669,-0.549948685206344
13.196,6.01182365898608,6.01345979069865,-0.570796662152267
13.198,6.01183765898608,6.01345220076716,-0.587751260429482
13.2,6.01185165898608,6.01344577010108,-0.599343568711782
13.202,6.01187065898608,6.01344102304785,-0.603740713570335
13.204,6.01188965898608,6.01343819124342,-0.600320552167903
13.206,6.01190865898608,6.01343771213448,-0.587572829490294
13.208,6.01192765898608,6.01343990942263,-0.564452407468983
13.21,6.01194665898608,6.01344505015451,-0.530136958783631
13.212,6.01196965898608,6.01345315067699,-0.484738414128348
13.214,6.01199265898608,6.01346430383337,-0.428059639620922
13.216,6.01201565898608,6.01347870100708,-0.359562509124718
13.218,6.01203865898608,6.01349608449073,-0.28033935314173
13.22,6.01206165898608,6.01351646426354,-0.190513590851716
13.222,6.01208765898608,6.01353968798526,-0.0908146733710836
13.224,6.01211365898608,6.01356531344116,0.0170382039547233
13.226,6.01213965898608,6.01359314005754,0.132158902566404
13.228,6.01216565898608,6.01362293120594,0.253486492824468
13.23,6.01219165898608,6.01365411608929,0.378943443574218
13.232,6.01221965898609,6.01368652566184,0.507624387514401
13.234,6.01224765898608,6.01371964372073,0.637628870830026
13.236,6.01227565898609,6.01375312049085,0.767576251106431
13.238,6.01230365898608,6.0137865922241,0.895930570885918
13.24,6.01233165898608,6.01381972389344,1.02145622450219
13.242,6.01236065898609,6.01385220802923,1.14288008665914
13.244,6.01238965898609,6.01388370142388,1.25874670182839
13.246,6.01241865898609,6.01391398151693,1.36823280714442
13.248,6.01244765898609,6.01394283732992,1.47047317291285
13.25,6.01247665898609,6.01396998527282,1.56419488605037
13.252,6.01250565898609,6.01399533240779,1.64898510292382
13.254,6.01253465898609,6.01401881772334,1.72448393143053
13.256,6.01256365898609,6.01404046047977,1.79062863670914
13.258,6.01259265898609,6.01406026153128,1.84715877380913
13.26,6.01262165898609,6.0140783450107,1.89434576622967
13.262,6.01265065898609,6.01409492674439,1.93290585018017
13.264,6.01267965898609,6.01411011734658,1.96286121525702
13.266,6.01270865898609,6.01412421355156,1.98533956385547
13.268,6.01273765898609,6.01413741847554,2.00094135375654
13.27,6.01276665898609,6.01414993456305,2.01015821863791
13.272,6.01279565898609,6.01416199723946,2.01370356142344
13.274,6.01282465898609,6.01417385205212,2.01236399128596
13.276,6.01285365898609,6.01418573589877,2.00692488125537
13.278,6.01288265898609,6.01419788691519,1.99818029315966
13.28,6.01291165898609,6.014210565834,1.98685609670161
13.282,6.01294065898609,6.01422397565784,1.97386156622406
13.284,6.01296965898609,6.01423838906489,1.95984289670721
13.286,6.01299865898609,6.01425399663537,1.94548890512159
13.288,6.01302765898609,6.01427090606654,1.93129698427404
13.29,6.01305665898609,6.01428931187202,1.91764832853914
13.292,6.01308565898609,6.01430920821307,1.90470166345973
13.294,6.01311465898609,6.01433060740852,1.89246559174554
13.296,6.01314365898609,6.01435346520245,1.88079018615221
13.298,6.01317265898609,6.01437769340261,1.86938455523513
13.3,6.01320165898609,6.01440315414762,1.85784755673821
13.302,6.01323065898609,6.01442974139199,1.84562768764523
13.304,6.01325965898609,6.01445721732167,1.83222066014424
13.306,6.01328865898609,6.01448544686886,1.81695544238788
13.308,6.01331765898609,6.0145142315191,1.79921097824495
13.31,6.01334665898609,6.01454338166094,1.77823676933663
13.312,6.01337565898609,6.01457268679937,1.75354192052102
13.314,6.01340465898609,6.01460195363339,1.72443378340331
13.316,6.01343365898609,6.01463093581294,1.6897596515776
13.318,6.01346265898609,6.0146594712071,1.64963934130503
13.32,6.01349165898609,6.01468731083455,1.60280558333875
13.322,6.01352065898609,6.01471424378027,1.54857771708079
13.324,6.01354965898609,6.01474021874745,1.48731473841808
13.326,6.01357865898609,6.01476514606962,1.41884504318345
13.328,6.01360765898609,6.01478891771254,1.3428237665092
13.33,6.01363665898609,6.0148115191156,1.25943949284209
13.332,6.01366565898609,6.01483298762411,1.16908133630142
13.334,6.01369465898609,6.0148533806031,1.07213607673806
13.336,6.01372365898609,6.01487282463581,0.969275685697061
13.338,6.01375265898609,6.01489152221223,0.861500398281153
13.34,6.01378165898609,6.01490969353932,0.749758812127197
13.342,6.0138106589861,6.0149276522476,0.635389500137771
13.344,6.01383965898609,6.0149457418456,0.519835423714423
13.346,6.0138686589861,6.0149643021666,0.404548648555284
13.348,6.0138976589861,6.01498369821327,0.291004753595287
13.35,6.0139266589861,6.01500426166374,0.180604249172727
13.352,6.0139556589861,6.01502624714572,0.0744750167339462
13.354,6.0139846589861,6.01504988491458,-0.0263690494353363
13.356,6.0140136589861,6.01507535543218,-0.121087035937739
13.358,6.0140426589861,6.01510275158136,-0.209133591168232
13.36,6.0140716589861,6.01513209117981,-0.290248321968839
13.362,6.0141006589861,6.01516336134959,-0.364280905762592
13.364,6.0141296589861,6.01519644864363,-0.43146537782246
13.366,6.0141586589861,6.01523132088263,-0.491723652204528
13.368,6.0141876589861,6.01526788883248,-0.545164557225613
13.37,6.0142166589861,6.01530586460791,-0.592710234661036
13.372,6.0142456589861,6.01534512272512,-0.634626071541594
13.374,6.0142746589861,6.015385476932,-0.67138762882112
13.376,6.0143036589861,6.01542662134226,-0.70400710595759
13.378,6.0143326589861,6.01546830135648,-0.733215189623541
13.38,6.0143616589861,6.01551019786984,-0.760038035559291
13.382,6.0143906589861,6.01555199756823,-0.785535587777235
13.384,6.0144196589861,6.01559336293391,-0.810700803635342
13.386,6.0144486589861,6.0156339933973,-0.836580664091523
13.388,6.0144776589861,6.01567362380515,-0.86402722488402
13.39,6.0145066589861,6.01571191113245,-0.894012734043845
13.392,6.0145356589861,6.01574866837682,-0.927160886001458
13.394,6.0145646589861,6.01578377606385,-0.963853636022279
13.396,6.0145936589861,6.01581711444653,-1.00439997071512
13.398,6.0146226589861,6.01584864657874,-1.0488535995941
13.4,6.0146516589861,6.01587839376484,-1.09706623456213
13.402,6.0146806589861,6.01590644802143,-1.14867146703669
13.404,6.0147096589861,6.0159328247016,-1.20337434538665
13.406,6.0147386589861,6.01595782276246,-1.26030432117891
13.408,6.0147676589861,6.01598156647588,-1.31886711711487
13.41,6.0147966589861,6.0160042574007,-1.37828796149015
13.412,6.0148256589861,6.01602611856658,-1.43760181636805
13.414,6.0148546589861,6.01604747056002,-1.49581681807902
13.416,6.0148836589861,6.01606856694045,-1.55189372290304
13.418,6.0149126589861,6.01608970237912,-1.60462565421491
13.42,6.0149416589861,6.01611114147977,-1.65322012114263
13.422,6.0149706589861,6.01613314525013,-1.69664245087844
13.424,6.0149996589861,6.01615599979687,-1.7337540363861
13.426,6.0150286589861,6.01617997879916,-1.76355660594007
13.428,6.01505765898611,6.01620539723511,-1.78484492576762
13.43,6.0150866589861,6.01623238949394,-1.79736489466229
13.432,6.01511565898611,6.01626125211638,-1.79988613258656
13.434,6.01514465898611,6.01629219935855,-1.79159391908815
13.436,6.01517365898611,6.01632534984888,-1.77206131119429
13.438,6.01520265898611,6.01636063598739,-1.74169470031876
13.44,6.01523165898611,6.0163980681512,-1.70041660470452
13.442,6.01526065898611,6.01643755811453,-1.64857438117214
13.444,6.01528965898611,6.01647900318064,-1.58650448558236
13.446,6.01531865898611,6.01652216126582,-1.51519464837208
13.448,6.01534765898611,6.01656679350838,-1.43553542151333
13.45,6.01537665898611,6.01661255559977,-1.34891805047706
13.452,6.01540565898611,6.01665909717508,-1.25674764112492
13.454,6.01543465898611,6.01670608497406,-1.16032432713158
13.456,6.01546365898611,6.01675316542135,-1.06100412663289
13.458,6.01549265898611,6.01679997221268,-0.960189138922756
13.46,6.01552165898611,6.01684619749856,-0.859232835740474
13.462,6.01555065898611,6.01689153217973,-0.759330650778069
13.464,6.01557965898611,6.01693571117284,-0.661592626007627
13.466,6.01560865898611,6.01697842288846,-0.567201055742447
13.468,6.01563765898611,6.0170193927091,-0.477268597384379
13.47,6.01566665898611,6.01705860043756,-0.39215470685936
13.472,6.01569565898611,6.01709572313001,-0.313001702843197
13.474,6.01572465898611,6.01713073255019,-0.240114448818726
13.476,6.01575365898611,6.01716363242593,-0.173654722420002
13.478,6.01578265898611,6.01719432301946,-0.114090878295743
13.48,6.01581165898611,6.01722301316773,-0.0609054918041844
13.482,6.01583965898611,6.01724971532897,-0.0141830505651367
13.484,6.01586765898611,6.01727472339363,0.0269281777741752
13.486,6.01589565898611,6.01729809120419,0.0625004012910658
13.488,6.01592365898611,6.01732010240864,0.0933788136032944
13.49,6.01595165898611,6.01734110505797,0.120657196889826
13.492,6.01597765898611,6.01736140850522,0.145300928276022
13.494,6.01600365898611,6.0173813482883,0.168358932901982
13.496,6.01602965898611,6.01740129643206,0.191037870754303
13.498,6.01605565898611,6.0174216049285,0.214435976370761
13.5,6.01608165898611,6.01744256029963,0.239482953523884
13.502,6.01610465898611,6.01746453306988,0.267287195212315
13.504,6.01612765898611,6.01748773107576,0.298482416228567
13.506,6.01615065898611,6.01751226695074,0.333383198959835
13.508,6.01617365898611,6.01753826827993,0.372304899276354
13.51,6.01619665898611,6.01756583813642,0.415441950370594
13.512,6.01621565898611,6.01759481889023,0.462257860620998
13.514,6.01623465898611,6.01762527058469,0.512742297376635
13.516,6.01625365898611,6.01765698808762,0.566173104487896
13.518,6.01627265898611,6.01768986311064,0.622006609018685
13.52,6.01629165898611,6.01772364545365,0.679297253548624
13.522,6.01630565898611,6.01775804855659,0.736948890931214
13.524,6.01631965898611,6.01779275318192,0.793946830095406
13.526,6.01633365898611,6.01782739967371,0.848653857886016
13.528,6.01634765898612,6.01786163766378,0.900150880353288
13.53,6.01636165898612,6.0178950920121,0.946955779847433
13.532,6.01636965898612,6.01792726867943,0.987181374017725
13.534,6.01637765898612,6.01795785960663,1.01988467408905
13.536,6.01638565898612,6.01798637205092,1.04321648854011
13.538,6.01639365898612,6.01801257593359,1.05650458404886
13.54,6.01640165898612,6.0180361800056,1.05875738043106
13.542,6.01640465898612,6.01805676773002,1.0484600069873
13.544,6.01640765898612,6.01807428190837,1.02556479618811
13.546,6.01641065898612,6.01808861388963,0.989754703692129
13.548,6.01641365898612,6.01809971127996,0.940914667060607
13.55,6.01641665898612,6.0181076629851,0.879478970051088
13.552,6.01641565898612,6.0181126562488,0.80625572481268
13.554,6.01641465898612,6.01811474197106,0.721507037721944
13.556,6.01641365898612,6.01811424009233,0.626561202843928
13.558,6.01641265898612,6.0181114769798,0.522760036485867
13.56,6.01641165898612,6.01810665688933,0.410968506811711
13.562,6.01640665898612,6.01810006535719,0.292374314254059
13.564,6.01640165898612,6.01809215544804,0.168799689657817
13.566,6.01639665898612,6.01808324361394,0.0415371439338525
13.568,6.01639165898612,6.01807367140023,-0.0880171189949097
13.57,6.01638665898612,6.01806381305838,-0.218361197133193
13.572,6.01637765898612,6.01805398876575,-0.348190035212242
13.574,6.01636865898612,6.01804456114954,-0.476011391623717
13.576,6.01635965898612,6.01803581651692,-0.600691746578891
13.578,6.01635065898612,6.01802801707488,-0.721148277408991
13.58,6.01634165898612,6.01802151128021,-0.835891016429631
13.582,6.01632865898612,6.01801637309507,-0.944579183748602
13.584,6.01631565898612,6.01801282067808,-1.04614866558967
13.586,6.01630265898612,6.01801079937887,-1.14066123350525
13.588,6.01628965898612,6.01801026976298,-1.22803961037646
13.59,6.01627665898612,6.01801118702452,-1.30810591898432
13.592,6.01625965898612,6.01801330388076,-1.38161767898602
13.594,6.01624265898612,6.01801643398993,-1.44895719962449
13.596,6.01622565898612,6.01802032774692,-1.51077458430838
13.598,6.01620865898612,6.01802472596819,-1.56773472139713
13.6,6.01619165898612,6.01802935662134,-1.62056529277174
13.602,6.01617065898612,6.01803394176101,-1.67015440234879
13.604,6.01614965898612,6.01803821118869,-1.71718046303316
13.606,6.01612865898612,6.0180418831035,-1.76240902959565
13.608,6.01610765898612,6.01804466431812,-1.80667469210463
13.61,6.01608665898612,6.01804638762686,-1.85073939293317
13.612,6.01606165898612,6.01804664122528,-1.8953936112241
13.614,6.01603665898612,6.0180452659515,-1.94133507905731
13.616,6.01601165898612,6.01804202096404,-1.98917148987265
13.618,6.01598665898612,6.01803666236892,-2.03945549292782
13.62,6.01596165898613,6.01802906666646,-2.09248685700044
13.622,6.01593265898613,6.0180191927536,-2.14833985289914
13.624,6.01590365898613,6.0180069982622,-2.20697566877541
13.626,6.01587465898613,6.01799250914963,-2.26816305382309
13.628,6.01584565898613,6.01797579319632,-2.33151999704547
13.63,6.01581665898613,6.01795695766592,-2.39652688864364
13.632,6.01578365898613,6.01793613669097,-2.46254174587408
13.634,6.01575065898613,6.0179134892829,-2.52882751377417
13.636,6.01571765898613,6.01788921810503,-2.59450088249886
13.638,6.01568465898613,6.01786360908399,-2.65874022458475
13.64,6.01565165898613,6.017836801356,-2.72049352323164
13.642,6.01561465898613,6.01780906255507,-2.77876086200174
13.644,6.01557765898613,6.01778065378835,-2.83267778567625
13.646,6.01554065898613,6.01775179115842,-2.8812343847955
13.648,6.01550365898613,6.01772270648324,-2.92347983977671
13.65,6.01546665898613,6.01769363056761,-2.95847774898232
13.652,6.01542565898613,6.01766479968472,-2.98513067254422
13.654,6.01538465898613,6.01763642905446,-3.00281424224896
13.656,6.01534365898613,6.01760872323959,-3.01060027115763
13.658,6.01530265898613,6.01758179475951,-3.00843073139198
13.66,6.01526165898613,6.01755580577534,-2.99523432532025
13.662,6.01521665898613,6.0175307999159,-2.97091176927259
13.664,6.01517165898613,6.01750672419865,-2.93595880358644
13.666,6.01512665898613,6.01748352272029,-2.89048054392676
13.668,6.01508165898613,6.01746106132905,-2.83504166745759
13.67,6.01503665898613,6.01743913864544,-2.77065022317545
13.672,6.01498765898613,6.0174175229317,-2.69777548706714
13.674,6.01493865898613,6.01739587088656,-2.6180808507765
13.676,6.01488965898613,6.01737384161591,-2.53314925895059
13.678,6.01484065898613,6.01735105273866,-2.44432047794724
13.68,6.01479165898613,6.01732712246355,-2.35315410478184
13.682,6.01473865898613,6.01730162515831,-2.26121749087601
13.684,6.01468565898613,6.01727423129066,-2.17000225019523
13.686,6.01463265898613,6.01724467470758,-2.08078017587001
13.688,6.01457965898613,6.01721257800861,-1.99480812246974
13.69,6.01452665898613,6.01717773769266,-1.9130524114505
13.692,6.01446965898613,6.0171399145339,-1.83642196139304
13.694,6.01441265898613,6.01709923593595,-1.76502968639904
13.696,6.01435565898613,6.0170555585914,-1.69936345748099
13.698,6.01429865898613,6.01700888449411,-1.63956138249735
13.7,6.01424165898613,6.01695933844779,-1.5854247304823
13.702,6.01418065898613,6.01690713150648,-1.53649736622355
13.704,6.01411965898613,6.0168524358387,-1.49232617156833
13.706,6.01405865898613,6.01679554990026,-1.45215861745633
13.708,6.01399765898613,6.01673658224538,-1.41547703832678
13.71,6.01393665898613,6.01667600385538,-1.38105862284215
13.712,6.01387165898613,6.01661413296218,-1.34790541709339
13.714,6.01380665898613,6.01655131942957,-1.31489983843809
13.716,6.01374165898613,6.01648794116072,-1.2808765232891
13.718,6.01367665898614,6.01642436982206,-1.24469135485772
13.72,6.01361165898614,6.01636094024694,-1.20535134548283
13.722,6.01354265898614,6.01629795793678,-1.1619107414691
13.724,6.01347365898614,6.01623568961843,-1.11358641828477
13.726,6.01340465898614,6.01617434820889,-1.05979524006954
13.728,6.01333565898614,6.01611402829575,-1.0004506011006
13.73,6.01326665898614,6.01605484982348,-0.935202251896247
13.732,6.01319365898614,6.01599680105754,-0.864280861613011
13.734,6.01312065898614,6.01593980997289,-0.788113354777211
13.736,6.01304765898614,6.01588383455188,-0.706907195937145
13.738,6.01297465898614,6.0158287086407,-0.621412408310021
13.74,6.01290165898614,6.01577423920637,-0.532457042836612
13.742,6.01282465898614,6.01572021332128,-0.440926886728163
13.744,6.01274765898614,6.01566639648578,-0.347709427920917
13.746,6.01267065898614,6.01561244260249,-0.254141380951596
13.748,6.01259365898614,6.0155581233576,-0.161290214471615
13.75,6.01251665898614,6.01550307393574,-0.0704291014708538
13.752,6.01243565898614,6.01544696803902,0.0171365372297766
13.754,6.01235465898614,6.01538956061957,0.10040519510419
13.756,6.01227365898614,6.01533058556894,0.178326095856645
13.758,6.01219265898614,6.01526978304976,0.249875141120967
13.76,6.01211165898614,6.01520682633204,0.313798178221198
13.762,6.01202665898614,6.01514148000481,0.36916833776171
13.764,6.01194165898614,6.01507351283473,0.415087534309922
13.766,6.01185665898614,6.01500292757225,0.451515917711345
13.768,6.01177165898614,6.01492922012199,0.476572987391859
13.77,6.01168665898614,6.01485263404066,0.491101751132599
13.772,6.01159765898614,6.01477291066105,0.494117138012605
13.774,6.01150865898614,6.01469020349127,0.486146416438717
13.776,6.01141965898614,6.01460449893651,0.467106644964053
13.778,6.01133065898614,6.01451602719534,0.437816149602461
13.78,6.01124165898614,6.0144249491751,0.398840377908627
13.782,6.01114965898614,6.0143315183237,0.351090414039495
13.784,6.01105765898614,6.01423611621658,0.295961844754414
13.786,6.01096565898614,6.01413912057471,0.234848762441285
13.788,6.01087365898614,6.01404080414681,0.168762715776904
13.79,6.01078165898614,6.01394152261073,0.0990425308614282
13.792,6.01068765898614,6.01384161368965,0.0269766573242095
13.794,6.01059365898614,6.01374135124316,-0.0463736921553774
13.796,6.01049965898614,6.01364100343754,-0.119958220618401
13.798,6.01040565898614,6.01354081228179,-0.192822761093924
13.8,6.01031165898614,6.01344103861732,-0.263923939207605
13.802,6.01021665898615,6.01334190271791,-0.332381150921811
13.804,6.01012165898615,6.01324358285269,-0.397464359743154
13.806,6.01002665898615,6.01314627087407,-0.458360599340588
13.808,6.00993165898615,6.013050112959,-0.514404098765567
13.81,6.00983665898615,6.01295514346906,-0.565355530539498
13.812,6.00974165898615,6.01286140072489,-0.610920123186658
13.814,6.00964665898615,6.0127688608368,-0.651026454564652
13.816,6.00955165898615,6.01267745412217,-0.685762677535255
13.818,6.00945665898615,6.01258706270227,-0.71540181647824
13.82,6.00936165898615,6.01249756555498,-0.740154967076273
13.822,6.00926865898615,6.01240874446145,-0.760674118007353
13.824,6.00917565898615,6.01232036583293,-0.777770795105276
13.826,6.00908265898615,6.01223221335252,-0.791952598788687
13.828,6.00898965898615,6.01214400356633,-0.804107611335895
13.83,6.00889665898615,6.0120554411655,-0.81514960119945
13.832,6.00880765898615,6.0119663585061,-0.825842970057239
13.834,6.00871865898615,6.01187645415011,-0.83679745747598
13.836,6.00862965898615,6.01178568016939,-0.848431088316217
13.838,6.00854065898615,6.01169390576283,-0.861040838644268
13.84,6.00845165898615,6.01160110435164,-0.874729488583533
13.842,6.00836665898615,6.01150728440311,-0.889465861214664
13.844,6.00828165898615,6.01141249257327,-0.905093109305013
13.846,6.00819665898615,6.01131680914063,-0.921342072855863
13.848,6.00811165898615,6.01122032532879,-0.937843016426568
13.85,6.00802665898615,6.01112320601472,-0.954057883997292
13.852,6.00794565898615,6.01102566654146,-0.969510089088279
13.854,6.00786465898615,6.01092786502879,-0.983396614723215
13.856,6.00778365898615,6.01083010574048,-0.994701653239401
13.858,6.00770265898615,6.0107326999413,-1.00256742637098
13.86,6.00762165898615,6.01063596141457,-1.00593651922335
13.862,6.00754465898615,6.0105403273235,-1.00319618829611
13.864,6.00746765898615,6.0104460445171,-0.993753385589105
13.866,6.00739065898615,6.01035350307864,-0.976209694965981
13.868,6.00731365898615,6.01026299105126,-0.949647373032761
13.87,6.00723665898615,6.01017455677778,-0.914133016490779
13.872,6.00716365898615,6.01008856792924,-0.868321676590959
13.874,6.00709065898615,6.01000493783187,-0.812772469278177
13.876,6.00701765898615,6.00992376511799,-0.747228591379979
13.878,6.00694465898615,6.00984506445961,-0.671760487479908
13.88,6.00687165898615,6.00976875800601,-0.586794031981974
13.882,6.00680265898615,6.0096946355758,-0.493251565722774
13.884,6.00673365898616,6.0096225955462,-0.391616404359897
13.886,6.00666465898616,6.00955241077189,-0.282857371734743
13.888,6.00659565898616,6.0094837761834,-0.168232753238258
13.89,6.00652665898616,6.00941640010179,-0.0489405107251841
13.892,6.00646165898616,6.00934994438933,0.0736405932004184
13.894,6.00639665898616,6.00928404806213,0.198066576075513
13.896,6.00633165898616,6.00921841301322,0.323102969040201
13.898,6.00626665898616,6.00915271341547,0.447390872112755
13.9,6.00620165898616,6.00908667307427,0.569795905147296
13.902,6.00614065898616,6.00902001226383,0.689120663644918
13.904,6.00607965898616,6.00895251048034,0.804433351037563
13.906,6.00601865898616,6.00888396704791,0.9148538801789
13.908,6.00595765898616,6.00881413454381,1.01924709264327
13.91,6.00589665898616,6.00874294860821,1.11727255820097
13.912,6.00583965898616,6.00867031220861,1.20836495805785
13.914,6.00578265898616,6.00859620401865,1.29223836274358
13.916,6.00572565898616,6.00852069219447,1.36896436125189
13.918,6.00566865898616,6.00844386206356,1.43862939126043
13.92,6.00561165898616,6.00836587248645,1.50165037847164
13.922,6.00555865898616,6.00828682394994,1.55796468161911
13.924,6.00550565898616,6.00820700164458,1.60855195273997
13.926,6.00545265898616,6.00812663799439,1.65407814560281
13.928,6.00539965898616,6.00804597072889,1.69500779683589
13.93,6.00534665898616,6.00796529170723,1.73239928891952
13.932,6.00529765898616,6.00788489530055,1.76698992682093
13.934,6.00524865898616,6.00780506999736,1.79972105595404
13.936,6.00519965898616,6.00772611422875,1.83149372987954
13.938,6.00515065898616,6.0076483316373,1.86321993922734
13.94,6.00510165898616,6.00757201975824,1.89581515382141
13.942,6.00505665898616,6.00749749636877,1.93018566378936
13.944,6.00501165898616,6.0074249303408,1.96696913522257
13.946,6.00496665898616,6.00735459731388,2.00682568120859
13.948,6.00492165898616,6.00728665001167,2.05015219571457
13.95,6.00487665898616,6.00722117167923,2.09711447588167
13.952,6.00483565898616,6.00715820280525,2.14770073620279
13.954,6.00479465898616,6.00709774659633,2.20174287851633
13.956,6.00475365898616,6.00703971982723,2.25886252178915
13.958,6.00471265898616,6.00698399034267,2.31855570457571
13.96,6.00467165898616,6.0069305141738,2.38031907804621
13.962,6.00463465898616,6.00687906987199,2.44337361128009
13.964,6.00459765898616,6.00682949301543,2.5068420479767
13.966,6.00456065898616,6.00678142639591,2.56979190427309
13.968,6.00452365898617,6.00673471969187,2.63112411880836
13.97,6.00448665898617,6.00668904128353,2.68971025336234
13.972,6.00445265898617,6.0066441099914,2.74433903564777
13.974,6.00441865898617,6.00659961870756,2.7940338912395
13.976,6.00438465898617,6.006555306939,2.83764771254743
13.978,6.00435065898617,6.00651090580537,2.87412268105543
13.98,6.00431665898617,6.00646615956269,2.90247948005819
13.982,6.00428465898617,6.00642079825493,2.92142363524615
13.984,6.00425265898617,6.00637463964919,2.93058810961444
13.986,6.00422065898617,6.00632755805292,2.92964907696942
13.988,6.00418865898617,6.00627935856929,2.917316220303
13.99,6.00415665898617,6.00622996907925,2.89322506498789
13.992,6.00412565898617,6.00617951896347,2.85860600556456
13.994,6.00409465898617,6.00612796374906,2.81268574659992
13.996,6.00406365898617,6.00607542203776,2.75601109842674
13.998,6.00403265898617,6.00602207060509,2.68948281451162
14,6.00400165898617,6.00596810092352,2.61370022464514
14.002,6.00397065898617,6.00591379704926,2.52971974159279
14.004,6.00393965898617,6.00585949009668,2.43925777580853
14.006,6.00390865898617,6.00580551927084,2.34360206413999
14.008,6.00387765898617,6.00575228399511,2.24412835339044
14.01,6.00384665898617,6.00570017033475,2.14253839620596
14.012,6.00381465898617,6.00564949624691,2.04028100572575
14.014,6.00378265898617,6.00560052369024,1.93856525724744
14.016,6.00375065898617,6.00555359615662,1.83854622054546
14.018,6.00371865898617,6.00550873191816,1.74090627648034
14.02,6.00368665898617,6.00546611485825,1.64632550265654
14.022,6.00365265898617,6.0054257015373,1.55504701620511
14.024,6.00361865898617,6.00538739284245,1.4670759036631
14.026,6.00358465898617,6.00535111851556,1.382344080329
14.028,6.00355065898617,6.00531662151424,1.30037264626006
14.03,6.00351665898617,6.00528368168021,1.22065149178401
14.032,6.00347965898617,6.00525202340983,1.14249643864059
14.034,6.00344265898617,6.0052213258311,1.06509650346443
14.036,6.00340565898617,6.00519126733321,0.987438208939568
14.038,6.00336865898617,6.00516143273282,0.908597561680395
14.04,6.00333165898617,6.00513147487773,0.82744777893002
14.042,6.00329065898617,6.00510098380385,0.742794303718147
14.044,6.00324965898617,6.00506964100486,0.653870300558882
14.046,6.00320865898617,6.00503711369251,0.559718560152469
14.048,6.00316765898617,6.00500308068509,0.459451612201003
14.05,6.00312665898617,6.0049673257134,0.352588514972457
14.052,6.00308065898617,6.00492963390697,0.238633998639161
14.054,6.00303465898617,6.00488991690457,0.117540640288011
14.056,6.00298865898618,6.00484816224525,-0.0104892142482185
14.058,6.00294265898617,6.00480432732933,-0.145347807418526
14.06,6.00289665898618,6.00475848366093,-0.286536611053065
14.062,6.00284665898618,6.00471067168545,-0.433619363041077
14.064,6.00279665898618,6.00466123323822,-0.585269266107764
14.066,6.00274665898618,6.00461022734279,-0.74099222129868
14.068,6.00269665898618,6.00455784721466,-0.899846717107742
14.07,6.00264665898618,6.00450434314965,-1.0607118472276
14.072,6.00259365898618,6.0044499841603,-1.22238170568004
14.074,6.00254065898618,6.0043950696051,-1.38367925432629
14.076,6.00248765898618,6.00433983970089,-1.54343006521138
14.078,6.00243465898618,6.00428455783807,-1.70047669231009
14.08,6.00238165898618,6.00422945619294,-1.85381097111447
14.082,6.00232665898618,6.0041747587154,-2.00227317669585
14.084,6.00227165898618,6.00412065452817,-2.14502878616467
14.086,6.00221665898618,6.00406730391726,-2.28134951943486
14.088,6.00216165898618,6.00401493973501,-2.40988552273399
14.09,6.00210665898618,6.0039637008729,-2.53001618976772
14.092,6.00205065898618,6.00391374681024,-2.64083212949362
14.094,6.00199465898618,6.00386515670382,-2.74190016384728
14.096,6.00193865898618,6.00381804962138,-2.83235113452676
14.098,6.00188265898618,6.00377244562367,-2.91185357106352
14.1,6.00182665898618,6.00372834220713,-2.9800821049624
14.102,6.00177065898618,6.00368567250902,-3.03703647909852
14.104,6.00171465898618,6.0036443595806,-3.08262618169334
14.106,6.00165865898618,6.00360421308586,-3.11762897235177
14.108,6.00160265898618,6.00356517515464,-3.14143253480886
14.11,6.00154665898618,6.00352701844751,-3.15476757100562
14.112,6.00149165898618,6.0034895466299,-3.15797333171023
14.114,6.00143665898618,6.00345250591521,-3.15256129936531
14.116,6.00138165898618,6.00341571177254,-3.13746317706286
14.118,6.00132665898618,6.00337890035323,-3.11537412439127
14.12,6.00127165898618,6.00334181584813,-3.08544716546577
14.122,6.00121765898618,6.0033042401834,-3.04927366166081
14.124,6.00116365898618,6.00326596558736,-3.00737084822884
14.126,6.00110965898618,6.00322685321966,-2.9603964862308
14.128,6.00105565898618,6.00318673316857,-2.90853637476985
14.13,6.00100165898618,6.00314562128281,-2.85244145906445
14.132,6.00094865898618,6.00310347537149,-2.79214698525923
14.134,6.00089565898618,6.0030603629528,-2.7278704747046
14.136,6.00084265898618,6.00301633277214,-2.65949009522493
14.138,6.00078965898618,6.0029715187996,-2.58703913851056
14.14,6.00073665898619,6.00292602850467,-2.51014451539243
14.142,6.00068465898619,6.0028800453742,-2.42861701827848
14.144,6.00063265898619,6.00283374823118,-2.34198295479347
14.146,6.00058065898619,6.00278732891701,-2.25024859530227
14.148,6.00052865898619,6.00274096496342,-2.15262681472636
14.15,6.00047665898619,6.00269482822105,-2.04900093932805
14.152,6.00042565898619,6.0026490694158,-1.93899173139278
14.154,6.00037465898619,6.002603775304,-1.82285439168723
14.156,6.00032365898619,6.00255902680512,-1.70051557169567
14.158,6.00027265898619,6.00251486991479,-1.57215707868319
14.16,6.00022165898619,6.00247132987522,-1.43803779566675
14.162,6.00017165898619,6.00242841678994,-1.29846956580799
14.164,6.00012165898619,6.00238611329213,-1.15392412554985
14.166,6.00007165898619,6.00234445343075,-1.00442985939236
14.168,6.00002165898619,6.00230337143467,-0.850735414621405
14.17,5.99997165898619,6.00226286046644,-0.693066085672665
14.172,5.99992365898619,6.00222283158719,-0.532135455154675
14.174,5.99987565898619,6.00218322425041,-0.368356573042781
14.176,5.99982765898619,6.00214388290299,-0.202657636843588
14.178,5.99977965898619,6.00210465608089,-0.0357937794977498
14.18,5.99973165898619,6.00206534227092,0.131196195387955
14.182,5.99968665898619,6.00202574186032,0.297345087366274
14.184,5.99964165898619,6.00198563972671,0.461594324922693
14.186,5.99959665898619,6.00194484593914,0.622959671842269
14.188,5.99955165898619,6.00190322087604,0.780660729821705
14.19,5.99950665898619,6.0018606043041,0.933790537855878
14.192,5.99946565898619,6.00181691579978,1.08175686448254
14.194,5.99942465898619,6.00177211210681,1.224103449825
14.196,5.99938365898619,6.00172616654149,1.36042685518338
14.198,5.99934265898619,6.00167908494288,1.49045500901957
14.2,5.99930165898619,6.00163091211586,1.61411056561594
14.202,5.99926565898619,6.00158167768541,1.73115927825358
14.204,5.99922965898619,6.00153146417386,1.84159648503395
14.206,5.99919365898619,6.00148041863342,1.94573568493538
14.208,5.99915765898619,6.00142871284063,2.04400322558452
14.21,5.9991216589862,6.00137652038323,2.13651043132385
14.212,5.9990916589862,6.00132408983241,2.22409624290866
14.214,5.99906165898619,6.00127164864126,2.30710774209545
14.216,5.99903165898619,6.00121945310038,2.38608742866195
14.218,5.9990016589862,6.00116772920858,2.46182518939409
14.22,5.9989716589862,6.0011167281488,2.53481953189243
14.222,5.9989486589862,6.0010667211047,2.60570055746227
14.224,5.9989256589862,6.00101801507839,2.67515990817068
14.226,5.9989026589862,6.0009708080225,2.74398678217743
14.228,5.9988796589862,6.00092541635787,2.81281055440077
14.23,5.9988566589862,6.00088197900611,2.88218503285892
14.232,5.9988416589862,6.00084069232907,2.95255144611625
14.234,5.9988266589862,6.00080175274924,3.02426261933573
14.236,5.9988116589862,6.00076516201272,3.09744817943694
14.238,5.9987966589862,6.00073094535916,3.17213745690743
14.24,5.9987816589862,6.00069905249909,3.2482156199749
14.242,5.9987756589862,6.00066964560452,3.32556553816814
14.244,5.9987696589862,6.00064242708566,3.40372910925666
14.246,5.9987636589862,6.00061734901308,3.4823275024153
14.248,5.9987576589862,6.0005943840423,3.56086957113894
14.25,5.9987516589862,6.00057342216934,3.63873178757207
14.252,5.9987536589862,6.00055422361269,3.7154123098286
14.254,5.9987556589862,6.00053677913764,3.79029522319934
14.256,5.9987576589862,6.00052099997829,3.86280477327253
14.258,5.9987596589862,6.00050675912879,3.93249954037545
14.26,5.9987616589862,6.00049403035306,3.99875818458924
14.262,5.9987706589862,6.0004827528628,4.06090180581569
14.264,5.9987796589862,6.00047278220075,4.11840642519881
14.266,5.9987886589862,6.00046403275642,4.17046737561863
14.268,5.9987976589862,6.00045643440445,4.21579223512386
14.27,5.9988066589862,6.00044967321099,4.25474363519133
14.272,5.9988216589862,6.00044367974897,4.28634842112765
14.274,5.9988366589862,6.00043838641558,4.30873603931223
14.276,5.9988516589862,6.00043356180317,4.32219216543581
14.278,5.9988666589862,6.00042910007335,4.32584677739466
14.28,5.9988816589862,6.00042489851712,4.31921180465983
14.282,5.9989016589862,6.0004208900203,4.30195658865818
14.284,5.9989216589862,6.00041704806591,4.27413594689631
14.286,5.9989416589862,6.00041341716141,4.23483654577139
14.288,5.9989616589862,6.00041004081891,4.18575038131842
14.29,5.9989816589862,6.00040705309138,4.12638204610745
14.292,5.99900565898621,6.00040461632186,4.05744930769033
14.294,5.9990296589862,6.0004029208803,3.97988732998356
14.296,5.99905365898621,6.00040224297183,3.89438539010017
14.298,5.9990776589862,6.00040283000976,3.80232778354123
14.3,5.99910165898621,6.00040503040759,3.70473399409505
14.302,5.99912865898621,6.00040911956543,3.60296587418763
14.304,5.99915565898621,6.00041531337504,3.49818548253564
14.306,5.99918265898621,6.00042392478375,3.39128386812738
14.308,5.99920965898621,6.00043490770825,3.28315549241898
14.31,5.99923665898621,6.00044840193429,3.17427014828534
14.312,5.99926565898621,6.00046434736272,3.06499305982392
14.314,5.99929465898621,6.00048278346511,2.95549279481522
14.316,5.99932365898621,6.0005034832061,2.84580128325592
14.318,5.99935265898621,6.0005262341166,2.7358288217833
14.32,5.99938165898621,6.00055093303397,2.6253675743948
14.322,5.99941165898621,6.00057736216008,2.51410031485665
14.324,5.99944165898621,6.00060525127109,2.40162312063282
14.326,5.99947165898621,6.00063432895319,2.28743241982943
14.328,5.99950165898621,6.00066431004842,2.17084591132372
14.33,5.99953165898621,6.00069486179976,2.05119679635522
14.332,5.99956165898621,6.00072567679041,1.92774141564265
14.334,5.99959165898621,6.00075647651945,1.80003423345499
14.336,5.99962165898621,6.00078703697138,1.66764694238068
14.338,5.99965165898621,6.0008171758032,1.53031215165589
14.34,5.99968165898621,6.00084674945001,1.38791448990101
14.342,5.99971165898621,6.0008756519836,1.24045916849765
14.344,5.99974165898621,6.00090381159107,1.08805710771309
14.346,5.99977165898621,6.00093119805918,0.930967378037625
14.348,5.99980165898621,6.00095775166093,0.769226346862819
14.35,5.99983165898621,6.00098356136396,0.603587903512107
14.352,5.99986165898621,6.00100864741384,0.434350662641544
14.354,5.99989165898621,6.00103307267104,0.261996869245059
14.356,5.99992165898621,6.00105692493752,0.0871015713240294
14.358,5.99995165898621,6.00108038853154,-0.0894003292602652
14.36,5.99998165898621,6.00110357367746,-0.266905031437194
14.362,6.00001165898621,6.00112667660549,-0.444457373443111
14.364,6.00004165898621,6.00114992887867,-0.62097440091819
14.366,6.00007165898621,6.00117357205238,-0.795357164332836
14.368,6.00010165898621,6.00119782018871,-0.966634142100132
14.37,6.00013165898622,6.00122295995361,-1.13344677394451
14.372,6.00016065898622,6.00124914655113,-1.29506265690348
14.374,6.00018965898622,6.00127664610363,-1.45016947579585
14.376,6.00021865898622,6.00130557947509,-1.59815452240475
14.378,6.00024765898622,6.00133618964148,-1.73778011785967
14.38,6.00027665898622,6.00136863418331,-1.86820627036936
14.382,6.00030365898622,6.00140297376956,-1.98904327615036
14.384,6.00033065898622,6.00143935132959,-2.09943068077618
14.386,6.00035765898622,6.00147778517273,-2.19906322993491
14.388,6.00038465898622,6.00151826012226,-2.28771218062873
14.39,6.00041165898622,6.00156068569105,-2.36546252100064
14.392,6.00043565898622,6.00160489153689,-2.43279193350658
14.394,6.00045965898622,6.00165079560478,-2.48954220218813
14.396,6.00048365898622,6.00169816318456,-2.5363758215314
14.398,6.00050765898622,6.00174680135914,-2.57351535445991
14.4,6.00053165898622,6.00179631390828,-2.60294950759484
14.402,6.00055165898622,6.00184660414714,-2.62393464440392
14.404,6.00057165898622,6.00189733086265,-2.63797728915884
14.406,6.00059165898622,6.0019482279456,-2.64536115764169
14.408,6.00061165898622,6.00199900865259,-2.64748260312035
14.41,6.00063165898622,6.00204942152246,-2.64505736499122
14.412,6.00064665898622,6.00209910444675,-2.6385926371933
14.414,6.00066165898622,6.00214795703173,-2.62952268951724
14.416,6.00067665898622,6.00219552927165,-2.6182306541221
14.418,6.00069165898622,6.00224161418488,-2.60577313266745
14.42,6.00070665898622,6.00228604610258,-2.59294818224423
14.422,6.00071565898622,6.00232845204175,-2.58046165911335
14.424,6.00072465898622,6.00236880081665,-2.56886180225139
14.426,6.00073365898622,6.00240702644903,-2.55849834154817
14.428,6.00074265898622,6.00244279952247,-2.54979847713708
14.43,6.00075165898622,6.00247639885477,-2.54263539895819
14.432,6.00075365898622,6.00250767381632,-2.53705971692288
14.434,6.00075565898622,6.0025367843444,-2.53280353580861
14.436,6.00075765898622,6.00256374517917,-2.52959249383681
14.438,6.00075965898622,6.00258873984059,-2.5269959960671
14.44,6.00076165898622,6.00261184593727,-2.52454584927444
14.442,6.00075565898622,6.0026332964551,-2.52172086827685
14.444,6.00074965898622,6.00265313400153,-2.51787308605245
14.446,6.00074365898622,6.0026716328648,-2.51239676137348
14.448,6.00073765898622,6.00268895402511,-2.5045976852233
14.45,6.00073165898622,6.0027052816871,-2.49365707377705
14.452,6.00071865898622,6.00272082003993,-2.47892416382953
14.454,6.00070565898623,6.00273572790072,-2.45983929124238
14.456,6.00069265898623,6.00275012292002,-2.43599087439612
14.458,6.00067965898623,6.00276407504269,-2.40723671859891
14.46,6.00066665898623,6.00277760753907,-2.37354201999334
14.462,6.00064765898623,6.00279071396627,-2.33509931388439
14.464,6.00062865898623,6.00280333487844,-2.29201452701784
14.466,6.00060965898623,6.00281540776659,-2.24472972917132
14.468,6.00059065898623,6.00282683959543,-2.19366840109655
14.47,6.00057165898623,6.00283748489252,-2.13922000086343
14.472,6.00054765898623,6.0028471878702,-2.08199085541275
14.474,6.00052365898623,6.00285579761778,-2.02272432761379
14.476,6.00049965898623,6.00286318351609,-1.96216258128128
14.478,6.00047565898623,6.00286902513839,-1.90101303341518
14.48,6.00045165898623,6.00287318200061,-1.84018720107369
14.482,6.00042365898623,6.0028754484904,-1.78048055050815
14.484,6.00039565898623,6.00287562399141,-1.72267529998999
14.486,6.00036765898623,6.0028736952935,-1.66728082595647
14.488,6.00033965898623,6.00286946692151,-1.61492448563975
14.49,6.00031165898623,6.00286292438959,-1.56596347966468
14.492,6.00028065898623,6.00285411796377,-1.52057295613494
14.494,6.00024965898623,6.00284294981592,-1.47910746775873
14.496,6.00021865898623,6.0028296072909,-1.44138721143184
14.498,6.00018765898623,6.00281406142133,-1.40754327962505
14.5,6.00015665898623,6.00279666830055,-1.37696326866266
14.502,6.00012365898623,6.00277731701119,-1.34979518578269
14.504,6.00009065898623,6.00275634962468,-1.32530852321217
14.506,6.00005765898623,6.00273397593824,-1.30294442425384
14.508,6.00002465898623,6.00271043994046,-1.28199599136979
14.51,5.99999165898623,6.00268602116272,-1.26163453008261
14.512,5.99995765898623,6.00266102104905,-1.24098244716673
14.514,5.99992365898623,6.00263571788464,-1.21920761358091
14.516,5.99988965898623,6.00261037280932,-1.19541869521876
14.518,5.99985565898623,6.00258525385256,-1.16879777055645
14.52,5.99982165898623,6.00256057982225,-1.13869608399851
14.522,5.99978765898624,6.00253656059838,-1.10442239821402
14.524,5.99975365898624,6.00251334218845,-1.06557826177431
14.526,5.99971965898624,6.00249107605719,-1.0216624349169
14.528,5.99968565898624,6.00246980553876,-0.972688023008945
14.53,5.99965165898624,6.0024496542749,-0.918212499451692
14.532,5.99961765898624,6.00243061262185,-0.85839609085126
14.534,5.99958365898624,6.00241267890814,-0.793297361084616
14.536,5.99954965898624,6.00239583240043,-0.723001431212338
14.538,5.99951565898624,6.00237990997689,-0.648214994195399
14.54,5.99948165898624,6.00236480910898,-0.569308477343294
14.542,5.99944765898624,6.00235039578254,-0.486744167375024
14.544,5.99941365898624,6.0023364465745,-0.401428086941193
14.546,5.99937965898624,6.00232278448813,-0.313992256401633
14.548,5.99934565898624,6.00230919860838,-0.225285397479688
14.55,5.99931165898624,6.00229547216432,-0.136151199989348
14.552,5.99927765898624,6.0022814100497,-0.0474432936746578
14.554,5.99924365898624,6.00226676926836,0.0398784923065738
14.556,5.99920965898624,6.00225137210726,0.12499519405648
14.558,5.99917565898624,6.00223500126678,0.206989947685037
14.56,5.99914165898624,6.00221743134111,0.284899086113766
14.562,5.99910765898624,6.00219857331308,0.358247683843409
14.564,5.99907365898624,6.00217805661655,0.425546901412952
14.566,5.99903965898624,6.00215590325476,0.486736900687512
14.568,5.99900565898624,6.0021319889607,0.541241171156421
14.57,5.99897165898624,6.00210611923571,0.588187131558452
14.572,5.99893865898624,6.0020783600799,0.627689109341417
14.574,5.99890565898624,6.00204875090608,0.659747855095358
14.576,5.99887265898624,6.00201735123408,0.684428322285108
14.578,5.99883965898624,6.00198427258622,0.701987376624234
14.58,5.99880665898624,6.0019496588241,0.712801165373606
14.582,5.99877565898624,6.00191367281208,0.71730963179929
14.584,5.99874465898624,6.00187652249696,0.716135066391249
14.586,5.99871365898624,6.00183840720562,0.709806932015785
14.588,5.99868265898624,6.0017996210669,0.699429372237308
14.59,5.99865165898624,6.00176035871164,0.685507580282174
14.592,5.99862365898624,6.0017208877888,0.668833622932759
14.594,5.99859565898624,6.00168149845852,0.650528820857308
14.596,5.99856765898624,6.00164247556643,0.631474981007539
14.598,5.99853965898624,6.00160409593873,0.612692680223509
14.6,5.99851165898624,6.00156665885246,0.595205102569089
14.602,5.99848765898625,6.00153044878167,0.580009450880315
14.604,5.99846365898625,6.00149574284406,0.568086159289721
14.606,5.99843965898625,6.00146277863722,0.5602954337946
14.608,5.99841565898625,6.00143178429908,0.557433894753207
14.61,5.99839165898625,6.00140286415736,0.559937416915261
14.612,5.99837265898625,6.00137610661,0.568147943015077
14.614,5.99835365898625,6.00135164306094,0.58247720458713
14.616,5.99833465898625,6.0013292943497,0.602455916340911
14.618,5.99831565898625,6.00130909332822,0.628136255371591
14.62,5.99829665898625,6.00129088363835,0.659017112328197
14.622,5.99828365898625,6.00127455787249,0.694665955687997
14.624,5.99827065898625,6.00125979975113,0.734063265728541
14.626,5.99825765898625,6.00124643941848,0.776477226530579
14.628,5.99824465898625,6.00123414575315,0.820730383440393
14.63,5.99823165898625,6.00122258913066,0.86565139711502
14.632,5.99822565898625,6.00121146842022,0.910008727465851
14.634,5.99821965898625,6.00120046978684,0.952798263905245
14.636,5.99821365898625,6.00118934671607,0.992940126326975
14.638,5.99820765898625,6.00117787256982,1.02951992081363
14.64,5.99820165898625,6.00116593431175,1.06219262916279
14.642,5.99820365898625,6.00115345155267,1.09057005685107
14.644,5.99820565898625,6.00114036424455,1.11421055799174
14.646,5.99820765898625,6.00112672850686,1.13334436452681
14.648,5.99820965898625,6.00111261099672,1.14806506959119
14.65,5.99821165898625,6.00109813258015,1.15869101279286
14.652,5.99822065898625,6.00108345935734,1.16561469963691
14.654,5.99822965898625,6.00106879934609,1.16954154414499
14.656,5.99823865898625,6.00105436940378,1.17124348163075
14.658,5.99824765898625,6.00104045508231,1.17143902652214
14.66,5.99825665898625,6.00102736464886,1.17120910363873
14.662,5.99827165898625,6.00101543565183,1.17167944233262
14.664,5.99828665898625,6.00100496054947,1.1739259350457
14.666,5.99830165898625,6.00099631222243,1.17915106452854
14.668,5.99831665898625,6.00098980939254,1.18845125282454
14.67,5.99833165898625,6.00098564828642,1.20260943513063
14.672,5.99835165898625,6.00098417337054,1.22267687815101
14.674,5.99837165898625,6.00098557878265,1.24933587094478
14.676,5.99839165898625,6.00098986736268,1.28275589070433
14.678,5.99841165898625,6.00099716932672,1.32333313242721
14.68,5.99843165898625,6.00100756274617,1.37127718295983
14.682,5.99845565898625,6.00102098818049,1.42639425822825
14.684,5.99847965898626,6.00103740836688,1.4884637240523
14.686,5.99850365898626,6.00105654904494,1.55665970338359
14.688,5.99852765898626,6.00107829370913,1.63045584356447
14.69,5.99855165898626,6.00110238389671,1.70894353411181
14.692,5.99857865898626,6.0011286143062,1.79121452691525
14.694,5.99860565898626,6.00115652394467,1.87584973548259
14.696,5.99863265898626,6.00118584966168,1.96174421048696
14.698,5.99865965898626,6.00121619658982,2.04747067413007
14.7,5.99868665898626,6.00124719211847,2.13173999515169
14.702,5.99871565898626,6.00127849665215,2.21323794909425
14.704,5.99874465898626,6.0013097782316,2.29067849709415
14.706,5.99877365898626,6.00134074737029,2.36302610923768
14.708,5.99880265898626,6.00137115180818,2.42936487843879
14.71,5.99883165898626,6.00140066442503,2.48808814474432
14.712,5.99886165898626,6.00142915262406,2.53906870989677
14.714,5.99889165898626,6.0014562433474,2.58029022827265
14.716,5.99892165898626,6.00148195083993,2.61233089742181
14.718,5.99895165898626,6.00150588975707,2.63296395664149
14.72,5.99898165898626,6.00152812450704,2.64278470539447
14.722,5.99901165898626,6.00154853170059,2.64105000590913
14.724,5.99904165898626,6.00156705927633,2.62734215729058
14.726,5.99907165898626,6.0015838928804,2.60264265080824
14.728,5.99910165898626,6.00159893994245,2.56593859348948
14.73,5.99913165898626,6.00161246804266,2.51842966501629
14.732,5.99916165898626,6.00162468710614,2.46080232944714
14.734,5.99919165898626,6.00163587443489,2.39413864225337
14.736,5.99922165898626,6.00164630187117,2.31915580150821
14.738,5.99925165898626,6.00165633724743,2.23768116658629
14.74,5.99928165898626,6.00166627108059,2.150648084543
14.742,5.99931165898626,6.00167644407041,2.05913672209134
14.744,5.99934165898626,6.00168712676726,1.9646535291533
14.746,5.99937165898626,6.00169859706457,1.86817696456442
14.748,5.99940165898626,6.00171109692824,1.7707491604086
14.75,5.99943165898626,6.00172487273577,1.67335619004452
14.752,5.99946165898626,6.00174016464918,1.57695253993702
14.754,5.99949165898626,6.00175711756698,1.48232452552569
14.756,5.99952165898626,6.00177585779057,1.39009843381096
14.758,5.99955165898626,6.00179655338057,1.30089853178495
14.76,5.99958165898627,6.00181918643933,1.21497471228725
14.762,5.99961165898627,6.00184376820279,1.13253431857999
14.764,5.99964165898627,6.00187024692689,1.05361625150668
14.766,5.99967165898627,6.00189855334938,0.978173112858793
14.768,5.99970165898627,6.00192849582372,0.905871084576639
14.77,5.99973165898627,6.00195992763914,0.836408445707937
14.772,5.99976065898627,6.00199269865295,0.769401268696214
14.774,5.99978965898627,6.00202648547425,0.704058578484567
14.776,5.99981865898627,6.00206097184918,0.639568182609239
14.778,5.99984765898627,6.00209587290053,0.575043666689469
14.78,5.99987665898627,6.00213079460155,0.509372976689101
14.782,5.99990365898627,6.00216540080622,0.441663947800896
14.784,5.99993065898627,6.00219933390215,0.370809922493063
14.786,5.99995765898627,6.00223239457888,0.296376328846639
14.788,5.99998465898627,6.00226425743719,0.217379881345217
14.79,6.00001165898627,6.00229487248224,0.133855534289045
14.792,6.00003565898627,6.00232410283128,0.0454861647911451
14.794,6.00005965898627,6.00235183661066,-0.047946377417088
14.796,6.00008365898627,6.0023781244504,-0.146109795150892
14.798,6.00010765898627,6.00240299891811,-0.248736398411272
14.8,6.00013165898627,6.00242649598532,-0.355511135892574
14.802,6.00015165898627,6.00244884500063,-0.465545943505886
14.804,6.00017165898627,6.0024701025551,-0.578397824062589
14.806,6.00019165898627,6.00249051847273,-0.69300625184928
14.808,6.00021165898627,6.00251038644422,-0.808218814546918
14.81,6.00023165898627,6.00252996630098,-0.922916822926858
14.812,6.00024665898627,6.00254954260143,-1.03584811995526
14.814,6.00026165898627,6.00256936180009,-1.14602668315476
14.816,6.00027665898627,6.00258964886197,-1.25233306425472
14.818,6.00029165898627,6.00261054122028,-1.35417161485845
14.82,6.00030665898627,6.00263216552805,-1.45082290637888
14.822,6.00031565898627,6.00265458350262,-1.54189412325152
14.824,6.00032465898627,6.00267787766531,-1.62668574817112
14.826,6.00033365898627,6.00270194967693,-1.70567020517487
14.828,6.00034265898628,6.00272681255327,-1.77833296412869
14.83,6.00035165898628,6.00275235439479,-1.84491061170795
14.832,6.00035365898628,6.00277841215258,-1.90594999011424
14.834,6.00035565898628,6.00280482778908,-1.96153666205543
14.836,6.00035765898628,6.00283136248128,-2.01259431255782
14.838,6.00035965898628,6.00285776812126,-2.05950659720818
14.84,6.00036165898628,6.00288377570109,-2.1032290063495
14.842,6.00035565898628,6.00290910522034,-2.14451305453456
14.844,6.00034965898628,6.0029334448149,-2.18421431556843
14.846,6.00034365898628,6.00295657778899,-2.22321274940074
14.848,6.00033765898628,6.00297819000971,-2.26228807828082
14.85,6.00033165898628,6.00299801321688,-2.3022834940491
14.852,6.00031865898628,6.00301588043322,-2.34386969483848
14.854,6.00030565898628,6.00303151753491,-2.38773892086024
14.856,6.00029265898628,6.00304480405246,-2.43437777624109
14.858,6.00027965898628,6.00305561969775,-2.48417834736854
14.86,6.00026665898628,6.003063878489,-2.53742834806441
14.862,6.00024765898628,6.00306955422193,-2.59425776609814
14.864,6.00022865898628,6.0030726467119,-2.65467326405865
14.866,6.00020965898628,6.00307314026373,-2.71860436738601
14.868,6.00019065898628,6.00307121818666,-2.78561751567911
14.87,6.00017165898628,6.00306698427294,-2.85533661662791
14.872,6.00014765898628,6.00306033105143,-2.92747195639049
14.874,6.00012365898628,6.00305183909153,-3.00107883832899
14.876,6.00009965898628,6.00304127462336,-3.07579572993244
14.878,6.00007565898628,6.00302901103885,-3.1507691285667
14.88,6.00005165898628,6.00301523541704,-3.22529113752406
14.882,6.00002365898628,6.00300005235055,-3.29848852357856
14.884,5.99999565898628,6.00298369468123,-3.369489196035
14.886,5.99996765898628,6.00296639341474,-3.43751519427622
14.888,5.99993965898628,6.00294832160745,-3.50163639806814
14.89,5.99991165898628,6.00292968168129,-3.56094023671414
14.892,5.99988065898628,6.0029106776793,-3.61450747256987
14.894,5.99984965898628,6.00289151348079,-3.66126962834429
14.896,5.99981865898628,6.00287239681876,-3.70038661689801
14.898,5.99978765898628,6.00285353622801,-3.73080033333252
14.9,5.99975665898628,6.00283508048699,-3.75235426690269
14.902,5.99972365898629,6.00281721625671,-3.76370872822244
14.904,5.99969065898629,6.00280008811834,-3.76421507025476
14.906,5.99965765898629,6.00278382371828,-3.75309029301058
14.908,5.99962465898629,6.00276844330809,-3.73050206117289
14.91,5.99959165898629,6.00275398371376,-3.69597831246931
14.912,5.99955765898629,6.00274042751254,-3.64931203196561
14.914,5.99952365898629,6.00272765185337,-3.59134779430011
14.916,5.99948965898629,6.00271559039752,-3.52159045688384
14.918,5.99945565898629,6.00270403926713,-3.44132217191677
14.92,5.99942165898629,6.00269281641159,-3.3505066848108
14.922,5.99938765898629,6.00268165118458,-3.25065559088956
14.924,5.99935365898629,6.00267027441977,-3.14268048938002
14.926,5.99931965898629,6.00265842916169,-3.0280781920799
14.928,5.99928565898629,6.00264574725629,-2.9073394350799
14.93,5.99925165898629,6.00263187524393,-2.78207346278644
14.932,5.99921765898629,6.00261678044818,-2.65400698547018
14.934,5.99918365898629,6.00259987683576,-2.52368790118118
14.936,5.99914965898629,6.00258106067093,-2.39256481429276
14.938,5.99911565898629,6.00256025702951,-2.26150759567307
14.94,5.99908165898629,6.00253719938517,-2.13130395214184
14.942,5.99904765898629,6.00251191485944,-2.00246884781157
14.944,5.99901365898629,6.00248443758191,-1.87529251157217
14.946,5.99897965898629,6.00245494780055,-1.74978204097708
14.948,5.99894565898629,6.00242346214415,-1.62595826794287
14.95,5.99891165898629,6.00239026152157,-1.50349479383105
14.952,5.99887765898629,6.00235562785664,-1.38197179756676
14.954,5.99884365898629,6.00231982572569,-1.26089374481801
14.956,5.99880965898629,6.00228313640207,-1.13958937520606
14.958,5.99877565898629,6.00224594823,-1.01723657772558
14.96,5.99874165898629,6.0022086101814,-0.893158848809123
14.962,5.99870765898629,6.00217143951458,-0.766525521632652
14.964,5.99867365898629,6.00213471681121,-0.636829133213806
14.966,5.99863965898629,6.0020986555666,-0.503703351573582
14.968,5.99860565898629,6.00206342751978,-0.36690757648349
14.97,5.99857165898629,6.00202916270323,-0.226322933421655
14.972,5.99853865898629,6.00199592590816,-0.0820266508930693
14.974,5.99850565898629,6.00196382888815,0.0660779215328723
14.976,5.99847265898629,6.00193287618408,0.217734120184307
14.978,5.9984396589863,6.00190305025941,0.372627799088458
14.98,5.9984066589863,6.00187426041169,0.530239391625397
14.982,5.9983756589863,6.00184645143705,0.690084536580598
14.984,5.9983446589863,6.00181941905224,0.851291076047355
14.986,5.9983136589863,6.00179300697562,1.01296301126838
14.988,5.9982826589863,6.00176693894517,1.17408903173549
14.99,5.9982516589863,6.00174099214762,1.33349114673324
14.992,5.9982236589863,6.00171487140205,1.48993455292755
14.994,5.9981956589863,6.00168832031429,1.64239259532673
14.996,5.9981676589863,6.00166106402754,1.78955463392701
14.998,5.9981396589863,6.0016328608873,1.93033619829199
15,5.9981116589863,6.0016035466389,2.06401112357983
15.002,5.9980876589863,6.00157289214709,2.18935406277246
15.004,5.9980636589863,6.0015408171679,2.3059694409274
15.006,5.9980396589863,6.00150720856074,2.41316348064499
15.008,5.9980156589863,6.00147201078357,2.51050340856827
15.01,5.9979916589863,6.00143522864558,2.59782674047044
15.012,5.9979726589863,6.00139692699844,2.67522891942554
15.014,5.9979536589863,6.00135717813914,2.74270429195136
15.016,5.9979346589863,6.00131612200868,2.80055380293624
15.018,5.9979156589863,6.0012739359987,2.84917711557308
15.02,5.9978966589863,6.00123085891256,2.88926401358481
15.022,5.9978836589863,6.00118715106888,2.92147376280912
15.024,5.9978706589863,6.00114311146685,2.94694215808601
15.026,5.9978576589863,6.00109902896401,2.96637738997893
15.028,5.9978446589863,6.00105521100204,2.98079155623486
15.03,5.9978316589863,6.00101196711676,2.99106095236394
15.032,5.9978256589863,6.00096956731901,2.99823371211232
15.034,5.9978196589863,6.00092828405018,3.00319752095967
15.036,5.9978136589863,6.00088839033435,3.00682161621619
15.038,5.9978076589863,6.00085016806968,3.00994618839084
15.04,5.9978016589863,6.00081389169771,3.01343816281805
15.042,5.9978036589863,6.00077975627242,3.01804460152123
15.044,5.99780565898631,6.00074789143577,3.02433343669835
15.046,5.9978076589863,6.00071857863501,3.03291129467978
15.048,5.9978096589863,6.00069189581356,3.04411350458034
15.05,5.99781165898631,6.00066783754994,3.05805048698818
15.052,5.99782065898631,6.0006464141139,3.07474042864708
15.054,5.99782965898631,6.00062761664462,3.0940884680176
15.056,5.99783865898631,6.00061144115729,3.11590531165316
15.058,5.99784765898631,6.00059769070394,3.13975051309462
15.06,5.99785665898631,6.00058635310116,3.16526960703051
15.062,5.99787165898631,6.00057733940033,3.1919614644522
15.064,5.99788665898631,6.00057035901322,3.2191967516395
15.066,5.99790165898631,6.00056541455382,3.24638275194473
15.068,5.99791665898631,6.0005623216319,3.27277684695875
15.07,5.99793165898631,6.00056080476709,3.29770894802824
15.072,5.99795165898631,6.00056086414835,3.32009868018868
15.074,5.99797165898631,6.00056210455961,3.33942509556931
15.076,5.99799165898631,6.00056448945222,3.35430618291818
15.078,5.99801165898631,6.00056766218883,3.36458028858349
15.08,5.99803165898631,6.00057150127136,3.36930251877809
15.082,5.99805565898631,6.00057585379775,3.36720908009076
15.084,5.99807965898631,6.00058051566458,3.3575098645704
15.086,5.99810365898631,6.00058533298443,3.34033782284658
15.088,5.99812765898631,6.00059022236609,3.3149386131173
15.09,5.99815165898631,6.00059512920603,3.28104382172998
15.092,5.99817865898631,6.00060005139634,3.23837848715494
15.094,5.99820565898631,6.00060503542013,3.18752333627088
15.096,5.99823265898631,6.00061017291568,3.128519777477
15.098,5.99825965898631,6.00061558817134,3.06193207285065
15.1,5.99828665898631,6.00062143780136,2.9882959120852
15.102,5.99831565898631,6.00062792983519,2.90811774107321
15.104,5.99834465898631,6.00063521941813,2.82253870640312
15.106,5.99837365898631,6.00064358999836,2.73208303129152
15.108,5.99840265898631,6.00065329387055,2.63781708707487
15.11,5.99843165898631,6.00066449488548,2.5409029756783
15.112,5.99846165898632,6.00067736012772,2.4421909193582
15.114,5.99849165898631,6.0006922086948,2.34240150314629
15.116,5.99852165898631,6.00070897123051,2.24228495795778
15.118,5.99855165898631,6.00072771972389,2.14228080276134
15.12,5.99858165898632,6.00074841873715,2.04269139014611
15.122,5.99861165898632,6.00077094689553,1.94364926439645
15.124,5.99864165898632,6.00079527869053,1.8451944664568
15.126,5.99867165898632,6.00082114043018,1.74716332750128
15.128,5.99870165898632,6.00084831493316,1.64932978224998
15.13,5.99873165898632,6.00087664665013,1.55136027309741
15.132,5.99876165898632,6.00090584180426,1.45282206785975
15.134,5.99879165898632,6.00093562446381,1.35319463954651
15.136,5.99882165898632,6.00096572254298,1.25188928592642
15.138,5.99885165898632,6.00099584717013,1.14826086529709
15.14,5.99888165898632,6.00102575051615,1.04190333086363
15.142,5.99891165898632,6.00105521528957,0.932306271383231
15.144,5.99894165898632,6.0010840893953,0.819285957571657
15.146,5.99897165898632,6.0011122338991,0.702611148479709
15.148,5.99900165898632,6.00113958624479,0.582360744535983
15.15,5.99903165898632,6.00116607614598,0.458522592987916
15.152,5.99906165898632,6.00119167128411,0.331210495485152
15.154,5.99909165898632,6.0012163913511,0.20070056329489
15.156,5.99912165898632,6.00124021479694,0.0671018076877642
15.158,5.99915165898632,6.00126314763773,-0.0693789140854708
15.16,5.99918165898632,6.0012853568859,-0.208058496439036
15.162,5.99921165898632,6.00130681082151,-0.34886661615991
15.164,5.99924165898632,6.00132764974911,-0.491210885978144
15.166,5.99927165898632,6.0013479657358,-0.634567796353003
15.168,5.99930165898632,6.00136795996847,-0.77820855911118
15.17,5.99933165898632,6.00138776694991,-0.921436434024802
15.172,5.99936065898632,6.00140761261995,-1.06326714461678
15.174,5.99938965898632,6.001427729321,-1.20277534554902
15.176,5.99941865898632,6.0014483456371,-1.33896347925685
15.178,5.99944765898632,6.00146971958728,-1.47065602954755
15.18,5.99947665898632,6.00149209628375,-1.59672654068275
15.182,5.99950365898632,6.00151565136748,-1.71638779744362
15.184,5.99953065898633,6.00154055760123,-1.82882646862155
15.186,5.99955765898633,6.00156710365007,-1.9325942153401
15.188,5.99958465898633,6.00159537641129,-2.02727343379539
15.19,5.99961165898633,6.00162548984346,-2.11224201020485
15.192,5.99963565898633,6.00165754964192,-2.18684869118054
15.194,5.99965965898633,6.00169159165056,-2.25071256507008
15.196,5.99968365898633,6.00172753595714,-2.30398593430295
15.198,5.99970765898633,6.00176531100398,-2.34670218177466
15.2,5.99973165898633,6.0018047975556,-2.37908359251697
15.202,5.99975165898633,6.00184584181407,-2.40148169361611
15.204,5.99977165898633,6.00188829589159,-2.41408929073504
15.206,5.99979165898633,6.00193187776002,-2.41791662914285
15.208,5.99981165898633,6.00197635431416,-2.413502624037
15.21,5.99983165898633,6.00202142762301,-2.40187681804875
15.212,5.99984665898633,6.00206680543073,-2.38384675199191
15.214,5.99986165898633,6.00211215552605,-2.36047046233262
15.216,5.99987665898633,6.00215716359704,-2.33298715202319
15.218,5.99989165898633,6.00220151955973,-2.30235268262677
15.22,5.99990665898633,6.00224491623989,-2.26963506219303
15.222,5.99991565898633,6.00228709469614,-2.23588954431166
15.224,5.99992465898633,6.00232764346626,-2.20212758421792
15.226,5.99993365898633,6.00236638528435,-2.16938688588787
15.228,5.99994265898633,6.00240304167196,-2.13859147822128
15.23,5.99995165898633,6.00243735120978,-2.11062631820263
15.232,5.99995365898633,6.00246917422056,-2.08615264573808
15.234,5.99995565898633,6.00249819598198,-2.06600580657546
15.236,5.99995765898633,6.00252432759984,-2.05061139797568
15.238,5.99995965898633,6.00254750371526,-2.04025466979717
15.24,5.99996165898633,6.00256781921908,-2.03485922758276
15.242,5.99995565898633,6.00258499559825,-2.03493259528044
15.244,5.99994965898633,6.00259916400917,-2.0401881094697
15.246,5.99994365898634,6.0026105294593,-2.05012579547595
15.248,5.99993765898634,6.0026191216496,-2.06443986158155
15.25,5.99993165898634,6.00262515420061,-2.08240203469174
15.252,5.99991865898634,6.00262885233617,-2.10313628220142
15.254,5.99990565898634,6.00263058655547,-2.12549519747154
15.256,5.99989265898634,6.00263065695439,-2.14842625402453
15.258,5.99987965898634,6.00262929953593,-2.17070621541552
15.26,5.99986665898634,6.002626911946,-2.19121124996498
15.262,5.99984765898634,6.00262374839766,-2.20868162186579
15.264,5.99982865898634,6.00262011050045,-2.22212355710468
15.266,5.99980965898634,6.00261622062181,-2.23095394441614
15.268,5.99979065898634,6.00261222558542,-2.23409794314623
15.27,5.99977165898634,6.00260823123458,-2.23140526223703
15.272,5.99974765898634,6.00260426277663,-2.22275960575286
15.274,5.99972365898634,6.00260029032142,-2.20813527677519
15.276,5.99969965898634,6.00259623233221,-2.18769327762153
15.278,5.99967565898634,6.00259196887469,-2.16179626523812
15.28,5.99965165898634,6.00258734064161,-2.13076482379702
15.282,5.99962365898634,6.00258219404556,-2.09535929033467
15.284,5.99959565898634,6.00257630191485,-2.05606498673215
15.286,5.99956765898634,6.00256946842486,-2.01378305371786
15.288,5.99953965898634,6.00256142463036,-1.96933127486444
15.29,5.99951165898634,6.00255196736216,-1.92364490417066
15.292,5.99948065898634,6.00254086333523,-1.87756764730009
15.294,5.99944965898634,6.0025279491973,-1.83186421795768
15.296,5.99941865898634,6.00251313462608,-1.78715487091999
15.298,5.99938765898634,6.00249628682561,-1.74399695577833
15.3,5.99935665898634,6.00247748302283,-1.70269118499082
15.302,5.99932365898634,6.00245660400939,-1.66364367081702
15.304,5.99929065898634,6.0024337799275,-1.62691880945874
15.306,5.99925765898634,6.00240897379509,-1.59270698993536
15.308,5.99922465898634,6.00238251034198,-1.56065290534178
15.31,5.99919165898634,6.00235441707276,-1.53070185493523
15.312,5.99915765898634,6.0023249011235,-1.50248576489519
15.314,5.99912365898634,6.00229415364524,-1.47555554534277
15.316,5.99908965898635,6.00226244815571,-1.44925598993007
15.318,5.99905565898634,6.00223008832199,-1.42288011656691
15.32,5.99902165898635,6.00219732956195,-1.39564335091778
15.322,5.99898765898635,6.00216446466073,-1.36669395212729
15.324,5.99895365898635,6.00213175152711,-1.33537365002983
15.326,5.99891965898635,6.00209944356851,-1.30077359065553
15.328,5.99888565898635,6.00206770950272,-1.26250271091649
15.33,5.99885165898635,6.00203675026388,-1.21981851036303
15.332,5.99881765898635,6.0020066237209,-1.1726755995234
15.334,5.99878365898635,6.00197746609502,-1.12053152085175
15.336,5.99874965898635,6.00194928069901,-1.06348173131172
15.338,5.99871565898635,6.00192215178823,-1.00116468706208
15.34,5.99868165898635,6.00189601247096,-0.933927689489574
15.342,5.99864765898635,6.00187083665841,-0.861867259139093
15.344,5.99861365898635,6.00184659498961,-0.785035724214201
15.346,5.99857965898635,6.00182317427368,-0.703832427092482
15.348,5.99854565898635,6.0018004130066,-0.618862151275597
15.35,5.99851165898635,6.00177814359393,-0.530731048076139
15.352,5.99847765898635,6.00175619216777,-0.439965465282017
15.354,5.99844365898635,6.00173434789917,-0.347417413422644
15.356,5.99840965898635,6.00171241923859,-0.253754171806426
15.358,5.99837565898635,6.00169018919372,-0.159761083169112
15.36,5.99834165898635,6.00166748622317,-0.0662247149819297
15.362,5.99830765898635,6.00164410501532,0.0260483164078489
15.364,5.99827365898635,6.00161985278958,0.116227531008339
15.366,5.99823965898635,6.00159452834343,0.20344584586154
15.368,5.99820565898635,6.00156795542283,0.2868933064099
15.37,5.99817165898635,6.00153997430534,0.365814839503984
15.372,5.99813865898635,6.00151042094502,0.439430078283441
15.374,5.99810565898635,6.00147921290791,0.507238334345144
15.376,5.99807265898635,6.00144625488563,0.568681640881375
15.378,5.99803965898635,6.00141149120379,0.623316308834565
15.38,5.99800665898636,6.00137505481986,0.671398648282268
15.382,5.99797565898636,6.00133699804538,0.712881439315113
15.384,5.99794465898636,6.00129737918123,0.747686200474589
15.386,5.99791365898636,6.00125638700818,0.776264624937812
15.388,5.99788265898636,6.00121420651298,0.799053096618129
15.39,5.99785165898636,6.00117102077335,0.816451509627542
15.392,5.99782365898636,6.00112705655786,0.829032544001987
15.394,5.99779565898636,6.00108255157653,0.837486622769356
15.396,5.99776765898636,6.00103772317995,0.842327000016734
15.398,5.99773965898636,6.0009928009252,0.844233273388688
15.4,5.99771165898636,6.00094802029272,0.843836925242137
15.402,5.99768765898636,6.00090360430726,0.841912994055516
15.404,5.99766365898636,6.00085977872329,0.839198387986389
15.406,5.99763965898636,6.00081684104161,0.836540761559811
15.408,5.99761565898636,6.00077503292085,0.834859423938917
15.41,5.99759165898636,6.0007346439594,0.835108411241876
15.412,5.99757265898636,6.00069592699146,0.838209072974216
15.414,5.99755365898636,6.00065916040291,0.845093063335481
15.416,5.99753465898636,6.00062454869706,0.856517648432002
15.418,5.99751565898636,6.00059214290131,0.872824221861942
15.42,5.99749665898636,6.00056215234649,0.894643255399829
15.422,5.99748365898636,6.0005344841745,0.921852863415609
15.424,5.99747065898636,6.00050923423078,0.954698248737581
15.426,5.99745765898636,6.00048614343801,0.992540360870392
15.428,5.99744465898636,6.00046521668978,1.03529795337495
15.43,5.99743165898636,6.00044624346073,1.08233652263299
15.432,5.99742565898636,6.00042906521007,1.13306511409662
15.434,5.99741965898636,6.00041340178288,1.18656734415025
15.436,5.99741365898636,6.00039903846927,1.24197399909044
15.438,5.99740765898636,6.00038566111313,1.29816865390033
15.44,5.99740165898636,6.00037299048734,1.35403818474015
15.442,5.99740365898636,6.00036072832592,1.40838745208798
15.444,5.99740565898636,6.00034859267489,1.46010334452897
15.446,5.99740765898637,6.0003363470544,1.5082576008998
15.448,5.99740965898637,6.00032378882156,1.55183133465669
15.45,5.99741165898637,6.00031080670024,1.59042721213321
15.452,5.99742065898637,6.00029734384196,1.62371587036279
15.454,5.99742965898637,6.00028335445715,1.65108565862936
15.456,5.99743865898637,6.00026892088337,1.67292018226558
15.458,5.99744765898637,6.00025412686443,1.68919149887888
15.46,5.99745665898637,6.00023912021402,1.70016882863509
15.462,5.99747165898637,6.00022410962172,1.70637238281468
15.464,5.99748665898637,6.00020929595729,1.7087537123737
15.466,5.99750165898637,6.00019496755879,1.70762761316628
15.468,5.99751665898637,6.00018142449177,1.70411298475573
15.47,5.99753165898637,6.00016893311795,1.6992870909343
15.472,5.99755165898637,6.00015784472699,1.69416068841798
15.474,5.99757165898637,6.00014851434731,1.68988869809942
15.476,5.99759165898637,6.00014118142528,1.6874942285437
15.478,5.99761165898637,6.0001360440923,1.68782547712662
15.48,5.99763165898637,6.00013346640733,1.69192391103774
15.482,5.99765565898637,6.00013353745494,1.70038305966873
15.484,5.99767965898637,6.00013638194231,1.71376330070189
15.486,5.99770365898637,6.00014202082374,1.73238116856704
15.488,5.99772765898637,6.00015064147485,1.75680189806992
15.49,5.99775165898637,6.00016204847015,1.78676124573291
15.492,5.99777865898637,6.00017633118545,1.82246662944918
15.494,5.99780565898637,6.00019337824959,1.86362579432575
15.496,5.99783265898637,6.00021290868816,1.90952786139435
15.498,5.99785965898637,6.00023477325598,1.95963103766981
15.5,5.99788665898637,6.00025867839721,2.01304144328818
15.502,5.99791565898637,6.00028442494564,2.06885528911727
15.504,5.99794465898638,6.00031150948846,2.12576094983507
15.506,5.99797365898637,6.00033969308597,2.18255674663295
15.508,5.99800265898638,6.00036852366875,2.23793630537166
15.51,5.99803165898638,6.00039766382003,2.29065511168431
15.512,5.99806165898638,6.00042675653498,2.33927767809242
15.514,5.99809165898638,6.00045549057634,2.38279698799057
15.516,5.99812165898638,6.00048358677054,2.42017413183282
15.518,5.99815165898638,6.0005107521093,2.45017516489596
15.52,5.99818165898638,6.00053667737836,2.47148462996193
15.522,5.99821165898638,6.00056119640755,2.48365876375518
15.524,5.99824165898638,6.00058411107503,2.4858617144953
15.526,5.99827165898638,6.00060520012839,2.47704230163508
15.528,5.99830165898638,6.00062438560238,2.45688696549419
15.53,5.99833165898638,6.00064160017534,2.42498230909539
15.532,5.99836165898638,6.0006569451062,2.38177595939151
15.534,5.99839165898638,6.00067049503918,2.32744381980108
15.536,5.99842165898638,6.00068230388876,2.2618508449673
15.538,5.99845165898638,6.00069270292258,2.18655723948893
15.54,5.99848165898638,6.00070184902717,2.10181716263153
15.542,5.99851165898638,6.00071006512608,2.00885950824447
15.544,5.99854165898638,6.00071771239362,1.9092948082685
15.546,5.99857165898638,6.00072509607759,1.80429825315555
15.548,5.99860165898638,6.00073253324395,1.69510031834418
15.55,5.99863165898638,6.00074036863753,1.58293491838204
15.552,5.99866165898638,6.00074885179066,1.46923187966134
15.554,5.99869165898638,6.00075825899992,1.35505613672633
15.556,5.99872165898638,6.00076882106038,1.24148413022623
15.558,5.99875165898638,6.00078080751363,1.12961014338598
15.56,5.99878165898638,6.00079441040289,1.02041079673851
15.562,5.99881165898638,6.00080981849031,0.914754549038338
15.564,5.99884165898638,6.00082715743107,0.813352539808642
15.566,5.99887165898638,6.00084664044783,0.717068971000257
15.568,5.99890165898639,6.00086820511535,0.626051793611145
15.57,5.99893165898639,6.00089190872435,0.540695011973132
15.572,5.99896065898639,6.00091771049693,0.461118960878794
15.574,5.99898965898639,6.00094552190377,0.387291477966721
15.576,5.99901865898639,6.00097517158355,0.318916812853694
15.578,5.99904765898639,6.00100659749283,0.256025404137343
15.58,5.99907665898639,6.00103946250554,0.197773466492629
15.582,5.99910365898639,6.00107360314734,0.143845174899557
15.584,5.99913065898639,6.00110865976264,0.0932519451103496
15.586,5.99915765898639,6.00114428085157,0.0449755199052714
15.588,5.99918465898639,6.00118011987165,-0.00198368221742667
15.59,5.99921165898639,6.00121578811346,-0.0488086185242899
15.592,5.99923565898639,6.00125090412282,-0.0966805778195069
15.594,5.99925965898639,6.00128507539209,-0.146816059917863
15.596,5.99928365898639,6.00131794323066,-0.200328320234332
15.598,5.99930765898639,6.0013493566287,-0.257745852680726
15.6,5.99933165898639,6.00137891128682,-0.320254585165733
15.602,5.99935165898639,6.00140662046459,-0.387867063590681
15.604,5.99937165898639,6.00143235550684,-0.460949239083671
15.606,5.99939165898639,6.00145612318577,-0.539456669139384
15.608,5.99941165898639,6.00147792700423,-0.623312201614997
15.61,5.99943165898639,6.00149784228806,-0.712185193044302
15.612,5.99944665898639,6.0015161347982,-0.805207949338787
15.614,5.99946165898639,6.00153292700363,-0.901840095305156
15.616,5.99947665898639,6.00154842391899,-1.00123556043097
15.618,5.99949165898639,6.00156292483448,-1.1022469618457
15.62,5.99950665898639,6.00157675106042,-1.20362832293247
15.622,5.99951565898639,6.0015902137181,-1.30416084434959
15.624,5.9995246589864,6.00160362144369,-1.40251341897804
15.626,5.9995336589864,6.00161727137712,-1.49742726869699
15.628,5.9995426589864,6.00163138769161,-1.58793935788587
15.63,5.9995516589864,6.00164616804163,-1.67303176981031
15.632,5.9995536589864,6.00166172696016,-1.75209989664211
15.634,5.9995556589864,6.00167810881456,-1.82484851316266
15.636,5.9995576589864,6.00169542089695,-1.89030047282956
15.638,5.9995596589864,6.00171357367418,-1.94880511084722
15.64,5.9995616589864,6.00173250045853,-2.00038635211106
15.642,5.9995556589864,6.00175212997594,-2.04473316765234
15.644,5.9995496589864,6.00177224993277,-2.08254136342912
15.646,5.9995436589864,6.0017926461432,-2.11432307673584
15.648,5.9995376589864,6.00181306189901,-2.14081439925984
15.65,5.9995316589864,6.00183320479593,-2.16279811498749
15.652,5.9995186589864,6.0018527654579,-2.18133181182211
15.654,5.9995056589864,6.00187141248344,-2.1973630336121
15.656,5.9994926589864,6.00188877448632,-2.21195897297758
15.658,5.9994796589864,6.00190464130567,-2.2262111100827
15.66,5.9994666589864,6.00191859995638,-2.24111168478091
15.662,5.9994476589864,6.00193046998528,-2.25758741752687
15.664,5.9994286589864,6.00194002266325,-2.27643906442438
15.666,5.9994096589864,6.00194700031424,-2.29847406198296
15.668,5.9993906589864,6.00195121213436,-2.32436461688857
15.67,5.9993716589864,6.00195268945985,-2.35437330295975
15.672,5.9993476589864,6.00195135807768,-2.38882131388125
15.674,5.9993236589864,6.00194721340482,-2.4278371703268
15.676,5.9992996589864,6.00194021569137,-2.47151227586923
15.678,5.9992756589864,6.00193046489283,-2.51960879807055
15.68,5.9992516589864,6.00191815518122,-2.57165810832564
15.682,5.9992236589864,6.00190350662365,-2.62711642750257
15.684,5.99919565898641,6.00188649493167,-2.68568940027638
15.686,5.9991676589864,6.00186742820698,-2.74653925718267
15.688,5.99913965898641,6.0018465083581,-2.80889566152551
15.69,5.99911165898641,6.00182401744247,-2.87179670687928
15.692,5.99908065898641,6.00180021691527,-2.93419084228695
15.694,5.99904965898641,6.00177540486286,-2.9949945532286
15.696,5.99901865898641,6.00174986158632,-3.05305292629932
15.698,5.99898765898641,6.00172386779526,-3.1073415350562
15.7,5.99895665898641,6.00169768096284,-3.15680365187232
15.702,5.99892365898641,6.00167155143668,-3.20036899331592
15.704,5.99889065898641,6.00164573858048,-3.23672779286766
15.706,5.99885765898641,6.00162045318193,-3.26533901331549
15.708,5.99882465898641,6.00159594502796,-3.28475765861182
15.71,5.99879165898641,6.00157237554352,-3.29447393622692
15.712,5.99875765898641,6.00154992960547,-3.29351890910211
15.714,5.99872365898641,6.00152869925083,-3.28157825614184
15.716,5.99868965898641,6.0015087850167,-3.25800619293948
15.718,5.99865565898641,6.00149022239752,-3.22251406477927
15.72,5.99862165898641,6.00147299956069,-3.17500172976576
15.722,5.99858765898641,6.00145708879187,-3.1152516544601
15.724,5.99855365898641,6.00144226567969,-3.0447574079572
15.726,5.99851965898641,6.0014285597126,-2.96221113241198
15.728,5.99848565898641,6.00141566228618,-2.86950283279318
15.73,5.99845165898641,6.00140337416535,-2.76715708380859
15.732,5.99841765898641,6.00139142913992,-2.65606779748224
15.734,5.99838365898641,6.00137951457963,-2.53757991773733
15.736,5.99834965898641,6.00136730306407,-2.4130940151238
15.738,5.99831565898641,6.00135447216119,-2.28399573718662
15.74,5.99828165898641,6.00134071439535,-2.15165447917116
15.742,5.99824765898641,6.00132581101383,-2.01746573215073
15.744,5.99821365898641,6.00130932733981,-1.88256477210399
15.746,5.99817965898642,6.00129119067625,-1.74815993400098
15.748,5.99814565898642,6.00127101879646,-1.61548377151657
15.75,5.99811165898642,6.00124869249852,-1.48549556067927
15.752,5.99807765898642,6.00122431815582,-1.35856449316182
15.754,5.99804365898642,6.00119750937631,-1.23578720414363
15.756,5.99800965898642,6.00116853187378,-1.11707074345371
15.758,5.99797565898642,6.00113740905027,-1.00262606295349
15.76,5.99794165898642,6.00110434740049,-0.892239328846363
15.762,5.99790765898642,6.00106953553154,-0.785663328388384
15.764,5.99787365898642,6.0010332328401,-0.682435448560857
15.766,5.99783965898642,6.00099580042876,-0.581791341125559
15.768,5.99780565898642,6.00095753324832,-0.483049298102143
15.77,5.99777165898642,6.00091884158809,-0.385203790475548
15.772,5.99773865898642,6.00088010508234,-0.287292584418642
15.774,5.99770565898642,6.00084166766111,-0.188441630591428
15.776,5.99767265898642,6.00080387999757,-0.0877515243878779
15.778,5.99763965898642,6.00076694811123,0.0152696405910527
15.78,5.99760665898642,6.00073102702506,0.120983470787389
15.782,5.99757565898642,6.00069631966492,0.229864881215192
15.784,5.99754465898642,6.00066286756067,0.341955421650878
15.786,5.99751365898642,6.00063066736342,0.457172074876823
15.788,5.99748265898642,6.00059972698774,0.575439733701696
15.79,5.99745165898642,6.00056996280911,0.696427727739495
15.792,5.99742365898642,6.00054124950733,0.819658895663409
15.794,5.99739565898642,6.00051340691538,0.944484158745993
15.796,5.99736765898642,6.00048624990047,1.07019867611159
15.798,5.99733965898642,6.00045957586583,1.19593247417298
15.8,5.99731165898642,6.00043312626158,1.32070066289407
15.802,5.99728765898642,6.00040662076564,1.44330950344559
15.804,5.99726365898642,6.00037983228078,1.56295755243259
15.806,5.99723965898642,6.00035249571515,1.67835658343693
15.808,5.99721565898643,6.0003244044038,1.78855020219977
15.81,5.99719165898643,6.00029545495535,1.89306571648822
15.812,5.99717265898643,6.0002654515384,1.99066696180024
15.814,5.99715365898643,6.00023443608316,2.08155147363768
15.816,5.99713465898643,6.00020232713013,2.16501141965432
15.818,5.99711565898643,6.00016910149749,2.24061974067561
15.82,5.99709665898643,6.00013478609137,2.3081840993841
15.822,5.99708365898643,6.00009949041117,2.36803645238039
15.824,5.99707065898643,6.00006328152455,2.42002041012802
15.826,5.99705765898643,6.00002630304368,2.46435645309464
15.828,5.99704465898643,5.99998876394467,2.50162255965811
15.83,5.99703165898643,5.99995089078399,2.53222314354221
15.832,5.99702565898643,5.99991296116539,2.5571708005954
15.834,5.99701965898643,5.99987523438605,2.57718541459763
15.836,5.99701365898643,5.99983804737495,2.59283756085959
15.838,5.99700765898643,5.99980165332475,2.6053658960601
15.84,5.99700165898643,5.99976634179822,2.61555332109352
15.842,5.99700365898643,5.99973240380349,2.62427676728532
15.844,5.99700565898643,5.99970011984056,2.63242757079848
15.846,5.99700765898643,5.99966977493013,2.64092102956269
15.848,5.99700965898643,5.99964149045104,2.65049249102362
15.85,5.99701165898643,5.99961542306858,2.66175077868273
15.852,5.99702065898643,5.99959195495894,2.67550431782827
15.854,5.99702965898643,5.99957095381894,2.69197650329519
15.856,5.99703865898643,5.99955249364763,2.71146661412229
15.858,5.99704765898643,5.99953663544202,2.73419520334295
15.86,5.99705665898643,5.99952338261945,2.76022090187212
15.862,5.99707165898644,5.99951261439811,2.78935053745502
15.864,5.99708665898643,5.99950422673451,2.82133445193763
15.866,5.99710165898644,5.99949805287986,2.85578902446661
15.868,5.99711665898644,5.99949408996188,2.8924212345625
15.87,5.99713165898644,5.99949211288188,2.93062831273203
15.872,5.99715165898644,5.99949188848207,2.96983404191982
15.874,5.99717165898644,5.99949336859915,3.00950017948076
15.876,5.99719165898644,5.99949640274283,3.04893524884153
15.878,5.99721165898644,5.99950075556044,3.08745528426801
15.88,5.99723165898644,5.99950627151205,3.12436460722207
15.882,5.99725565898644,5.99951284653268,3.15860672918306
15.884,5.99727965898644,5.99952017235538,3.1897525197436
15.886,5.99730365898644,5.99952816576871,3.21630214944648
15.888,5.99732765898644,5.9995365477878,3.23803327619723
15.89,5.99735165898644,5.99954517390917,3.25361850163231
15.892,5.99737865898644,5.99955386362606,3.26248427117648
15.894,5.99740565898644,5.99956243492718,3.2634649940995
15.896,5.99743265898644,5.999570762005,3.2563748056885
15.898,5.99745965898644,5.99957876748024,3.24092551608646
15.9,5.99748665898644,5.99958636786821,3.21591690868564
15.902,5.99751565898644,5.99959359158325,3.18168745110395
15.904,5.99754465898644,5.99960051204411,3.1386159208111
15.906,5.99757365898644,5.99960722219097,3.08663372540992
15.908,5.99760265898644,5.99961386945934,3.0261452267483
15.91,5.99763165898644,5.99962063127937,2.95778492075518
15.912,5.99766165898644,5.99962771504496,2.88204577253066
15.914,5.99769165898644,5.99963535638777,2.79955017660944
15.916,5.99772165898644,5.99964372769487,2.71149928761574
15.918,5.99775165898644,5.99965307685101,2.61838060253552
15.92,5.99778165898644,5.99966365540544,2.52102848084486
15.922,5.99781165898645,5.99967564334474,2.4204863141059
15.924,5.99784165898645,5.99968927650521,2.31767980084125
15.926,5.99787165898644,5.99970472817726,2.21353129105418
15.928,5.99790165898644,5.99972211337872,2.10885145055031
15.93,5.99793165898645,5.999741579184,2.00432026062036
15.932,5.99796165898645,5.99976297288279,1.90036772680489
15.934,5.99799165898645,5.99978643034139,1.79736976085175
15.936,5.99802165898645,5.99981168755039,1.69539432056275
15.938,5.99805165898645,5.99983868322833,1.59447519711745
15.94,5.99808165898645,5.9998671172438,1.4943893042803
15.942,5.99811165898645,5.99989681514623,1.39488511624996
15.944,5.99814165898645,5.99992749097223,1.29554824495089
15.946,5.99817165898645,5.99995885701057,1.19585197320911
15.948,5.99820165898645,5.99999058776103,1.09526187963155
15.95,5.99823165898645,6.0000223949734,0.99308908655641
15.952,5.99826165898645,6.00005396315691,0.888680089906956
15.954,5.99829165898645,6.0000850798441,0.78171752439846
15.956,5.99832165898645,6.00011547644181,0.671498086846845
15.958,5.99835165898645,6.00014508952399,0.558142214184768
15.96,5.99838165898645,6.00017376053262,0.441299624062739
15.962,5.99841165898645,6.00020143806132,0.321004706398585
15.964,5.99844165898645,6.0002280460483,0.19717078438117
15.966,5.99847165898645,6.00025365176446,0.0701464568854394
15.968,5.99850165898645,6.00027815974638,-0.0602527381029503
15.97,5.99853165898645,6.00030168641367,-0.19357774702747
15.972,5.99856165898645,6.0003242561439,-0.329669810898706
15.974,5.99859165898645,6.00034592980212,-0.468238709142954
15.976,5.99862165898645,6.00036684687885,-0.608750279411437
15.978,5.99865165898645,6.00038715602004,-0.750596167258559
15.98,5.99868165898645,6.00040704763599,-0.892996596609909
15.982,5.99871065898646,6.000426762091,-1.03498734237957
15.984,5.99873965898646,6.00044656462261,-1.17548318401478
15.986,5.99876865898646,6.00046677429501,-1.31317551853554
15.988,5.99879765898646,6.00048765825816,-1.44703994981426
15.99,5.99882665898646,6.00050955068921,-1.5756123898821
15.992,5.99885365898646,6.00053268321915,-1.69791846528448
15.994,5.99888065898646,6.00055733496653,-1.81267270324961
15.996,5.99890765898646,6.00058371985628,-1.91885961416547
15.998,5.99893465898646,6.00061200298339,-2.01563213199267
16,5.99896165898646,6.00064228028644,-2.10240458725596
16.002,5.99898565898646,6.00067466294965,-2.17841270808367
16.004,5.99900965898646,6.00070906293425,-2.2438375125866
16.006,5.99903365898646,6.00074551121322,-2.29814327360663
16.008,5.99905765898646,6.0007838533358,-2.34171330459348
16.01,5.99908165898646,6.00082395845731,-2.37475202189785
16.012,5.99910165898646,6.00086566641996,-2.39756302081835
16.014,5.99912165898646,6.00090876037542,-2.41073307513028
16.016,5.99914165898646,6.00095303230799,-2.414705057538
16.018,5.99916165898646,6.00099821975559,-2.4101413781172
16.02,5.99918165898646,6.00104397450787,-2.39841401377733
16.022,5.99919665898646,6.00108999365798,-2.38027605913467
16.024,5.99921165898646,6.00113593959411,-2.35707322371933
16.026,5.99922665898646,6.00118145709897,-2.32973975928665
16.028,5.99924165898646,6.00122625810122,-2.299639120593
16.03,5.99925665898646,6.00127002669539,-2.26777930752037
16.032,5.99926565898646,6.00131246805278,-2.23524439061192
16.034,5.99927465898646,6.00135325755289,-2.20311415133801
16.036,5.99928365898646,6.001392170315,-2.17241197552727
16.038,5.99929265898647,6.00142895697814,-2.14403193841599
16.04,5.99930165898647,6.00146334782578,-2.1189101680993
16.042,5.99930365898647,6.00149512145764,-2.09785396426782
16.044,5.99930565898647,6.00152409401873,-2.08152231745197
16.046,5.99930765898647,6.00155032230089,-2.07006061595366
16.048,5.99930965898647,6.00157343268064,-2.06432142218425
16.05,5.99931165898647,6.00159354666497,-2.06419353565274
16.052,5.99930765898647,6.00161069075445,-2.0696628234982
16.054,5.99930365898647,6.00162495200223,-2.08054037378468
16.056,5.99929965898647,6.0016362226655,-2.09692326077961
16.058,5.99929565898647,6.00164473415392,-2.11817333006393
16.06,5.99929165898647,6.00165070730973,-2.14358778338939
16.062,5.99928265898647,6.00165435767583,-2.1723609431107
16.064,5.99927365898647,6.00165598735615,-2.20343574302248
16.066,5.99926465898647,6.001655859488,-2.23570343461361
16.068,5.99925565898647,6.00165432481601,-2.26790190222839
16.07,5.99924665898647,6.00165172981473,-2.29881125207263
16.072,5.99923365898647,6.0016483552254,-2.32712203212856
16.074,5.99922065898647,6.00164451410591,-2.35169027427062
16.076,5.99920765898647,6.00164047969217,-2.37157293174505
16.078,5.99919465898647,6.00163650428263,-2.385298952326
16.08,5.99918165898647,6.00163281277467,-2.39230147357791
16.082,5.99916565898647,6.00162957360507,-2.39174137848064
16.084,5.99914965898647,6.00162688965782,-2.38316990598906
16.086,5.99913365898647,6.00162481838836,-2.36602733453087
16.088,5.99911765898647,6.00162330163439,-2.34059467136217
16.09,5.99910165898647,6.00162226137462,-2.30684016403065
16.092,5.99908365898647,6.00162155662316,-2.26528726444712
16.094,5.99906565898647,6.0016210301923,-2.21599323995002
16.096,5.99904765898648,6.00162048984684,-2.16012019207929
16.098,5.99902965898648,6.00161970617134,-2.09780885462697
16.1,5.99901165898648,6.00161842494984,-2.03019545044276
16.102,5.99899265898648,6.00161640022807,-1.95846529685756
16.104,5.99897365898648,6.00161334767874,-1.88361496890954
16.106,5.99895465898648,6.00160893665946,-1.80677658863433
16.108,5.99893565898648,6.00160302576868,-1.72916528910481
16.11,5.99891665898648,6.00159531988831,-1.65172025229837
16.112,5.99889765898648,6.0015857414588,-1.57531105862603
16.114,5.99887865898648,6.00157423893971,-1.50056165272174
16.116,5.99885965898648,6.00156078471289,-1.42796327208301
16.118,5.99884065898648,6.00154539937038,-1.35786289445052
16.12,5.99882165898648,6.00152823704111,-1.29032926458171
16.122,5.99880365898648,6.00150942850942,-1.22534632901731
16.124,5.99878565898648,6.00148919083129,-1.16267280471557
16.126,5.99876765898648,6.00146769292604,-1.10205078893254
16.128,5.99874965898648,6.00144533066912,-1.04276755814854
16.13,5.99873165898648,6.00142232335069,-0.984299984475429
16.132,5.99871465898648,6.00139903017686,-0.92581082933598
16.134,5.99869765898648,6.00137579111395,-0.866437509801349
16.136,5.99868065898648,6.00135294501309,-0.805242279636124
16.138,5.99866365898648,6.00133075649636,-0.7415171924029
16.14,5.99864665898648,6.00130949083262,-0.674474043677063
16.142,5.99863065898648,6.00128936333025,-0.603470931951156
16.144,5.99861465898648,6.0012704303086,-0.528370105542614
16.146,5.99859865898648,6.00125283697925,-0.448702632337231
16.148,5.99858265898648,6.00123663328215,-0.364309156265376
16.15,5.99856665898648,6.00122187859432,-0.274984777027588
16.152,5.99855165898648,6.00120850292438,-0.18095723398401
16.154,5.99853665898649,6.00119645691981,-0.0823826697086304
16.156,5.99852165898649,6.00118572555486,0.0206995700543777
16.158,5.99850665898649,6.00117618903705,0.127886421019468
16.16,5.99849165898649,6.00116763909137,0.238464446078621
16.162,5.99847765898649,6.00115996845848,0.35205890683537
16.164,5.99846365898649,6.00115291107714,0.467737784286553
16.166,5.99844965898649,6.00114626150255,0.584761977595047
16.168,5.99843565898649,6.00113977001614,0.702203425241783
16.17,5.99842165898649,6.00113315911749,0.819010356739588
16.172,5.99840865898649,6.00112615663679,0.934107303769194
16.174,5.99839565898649,6.00111851015486,1.04644584888312
16.176,5.99838265898649,6.00111000901597,1.15510720596185
16.178,5.99836965898649,6.00110040712854,1.25897538986412
16.18,5.99835665898649,6.00108953008377,1.35720610175358
16.182,5.99834465898649,6.00107720956742,1.44894886981648
16.184,5.99833265898649,6.00106326235285,1.53323852530278
16.186,5.99832065898649,6.00104757319877,1.60937249551078
16.188,5.99830865898649,6.00103011972529,1.67703303140941
16.19,5.99829665898649,6.0010108515156,1.73571461242709
16.192,5.99828565898649,6.00098972891603,1.78485225005728
16.194,5.99827465898649,6.00096689185482,1.82472630314308
16.196,5.99826365898649,6.00094243997855,1.85535552234984
16.198,5.99825265898649,6.00091652176609,1.87696316107976
16.2,5.99824165898649,6.00088934817539,1.89011586164918
16.202,5.99823165898649,6.00086106627553,1.89483831897743
16.204,5.99822165898649,6.00083193216958,1.89185516885985
16.206,5.9982116589865,6.00080219572934,1.88185951292971
16.208,5.9982016589865,6.00077209390658,1.86546383130247
16.21,5.9981916589865,6.00074187970456,1.84334838405649
16.212,5.9981836589865,6.00071180381575,1.81648119478777
16.214,5.9981756589865,6.00068211520569,1.78558026518321
16.216,5.9981676589865,6.00065308127412,1.75154832190783
16.218,5.9981596589865,6.00062496464154,1.71534681369797
16.22,5.9981516589865,6.0005980112994,1.67797395982251
16.222,5.9981466589865,6.00057246687812,1.64038854861072
16.224,5.9981416589865,6.00054856566855,1.60353587154636
16.226,5.9981366589865,6.00052647361265,1.56823288217986
16.228,5.9981316589865,6.00050632878086,1.53515062157909
16.23,5.9981266589865,6.00048823342665,1.5048109886454
16.232,5.9981256589865,6.00047221885635,1.47753742637314
16.234,5.9981246589865,6.0004582679802,1.45347697270613
16.236,5.9981236589865,6.00044629411311,1.43256519127479
16.238,5.9981226589865,6.00043604406149,1.4143956928736
16.24,5.9981216589865,6.00042753595486,1.39892738926981
16.242,5.9981256589865,6.00042044524803,1.38552506449106
16.244,5.9981296589865,6.00041469301621,1.37382451172318
16.246,5.9981336589865,6.00040989256218,1.36302347282903
16.248,5.9981376589865,6.00040591448851,1.35252090462553
16.25,5.9981416589865,6.00040247838066,1.34143670534483
16.252,5.9981516589865,6.00039930278477,1.32879701094288
16.254,5.9981616589865,6.00039614341109,1.31394488689075
16.256,5.9981716589865,6.00039280379819,1.29604300012503
16.258,5.99818165898651,6.00038910044681,1.27430589528853
16.26,5.9981916589865,6.00038496454988,1.24859607679885
16.262,5.99820665898651,6.00038032843025,1.21843461895476
16.264,5.99822165898651,6.00037521121485,1.18381085780375
16.266,5.99823665898651,6.00036967208845,1.14477874717166
16.268,5.99825165898651,6.0003638185057,1.10155246775275
16.27,5.99826665898651,6.00035780015864,1.05452882356271
16.272,5.99828565898651,6.00035181177869,1.00402875616801
16.274,5.99830465898651,6.00034606182529,0.951000896767663
16.276,5.99832365898651,6.00034082136076,0.895979327136541
16.278,5.99834265898651,6.00033638515713,0.839955552298509
16.28,5.99836165898651,6.00033301486803,0.784011918774115
16.282,5.99838365898651,6.00033106450144,0.729250740159651
16.284,5.99840565898651,6.00033082734124,0.676826405001518
16.286,5.99842765898651,6.00033254934917,0.627767490571077
16.288,5.99844965898651,6.0003363578798,0.582808007879976
16.29,5.99847165898651,6.00034258109505,0.543085593966307
16.292,5.99849565898651,6.00035113730721,0.508814289175118
16.294,5.99851965898651,6.00036221674018,0.480802583191585
16.296,5.99854365898651,6.00037577066789,0.459270694021303
16.298,5.99856765898651,6.00039181323053,0.444574121592299
16.3,5.99859165898651,6.00041020776203,0.436596126855825
16.302,5.99861665898651,6.00043097986541,0.435655873019251
16.304,5.99864165898651,6.00045396049361,0.441464065914681
16.306,5.99866665898651,6.00047891156247,0.453458926497565
16.308,5.99869165898651,6.00050567336541,0.471277547160408
16.31,5.99871665898651,6.00053392919977,0.494013006272169
16.312,5.99874165898652,6.0005633531783,0.520675898081213
16.314,5.99876665898651,6.00059363258198,0.550290544890674
16.316,5.99879165898651,6.00062436985601,0.581548951944249
16.318,5.99881665898651,6.000655221915,0.613297657685988
16.32,5.99884165898652,6.00068582273783,0.644263958176017
16.322,5.99886565898652,6.00071588875867,0.673416429838256
16.324,5.99888965898652,6.00074507492746,0.69948108799531
16.326,5.99891365898652,6.00077315816346,0.721583236029959
16.328,5.99893765898652,6.00079987779306,0.738692740785231
16.33,5.99896165898652,6.00082498030701,0.749777396306403
16.332,5.99898465898652,6.00084828500062,0.754043049991689
16.334,5.99900765898652,6.00086970108909,0.75101363763228
16.336,5.99903065898652,6.00088912344602,0.740128104141427
16.338,5.99905365898652,6.00090649620087,0.720987431781467
16.34,5.99907665898652,6.00092195296793,0.693938587515453
16.342,5.99909865898652,6.00093555609747,0.659028523881902
16.344,5.99912065898652,6.00094743847943,0.616577068012428
16.346,5.99914265898652,6.00095771637447,0.566793181679456
16.348,5.99916465898652,6.00096667179597,0.51062841059063
16.35,5.99918665898652,6.00097450924381,0.448657569540711
16.352,5.99920765898652,6.00098154051769,0.38204183453789
16.354,5.99922865898652,6.00098800375987,0.31155949953272
16.356,5.99924965898652,6.00099419209891,0.238299149342536
16.358,5.99927065898652,6.0010003902317,0.163448952474265
16.36,5.99929165898652,6.00100684999303,0.0880516777883573
16.362,5.99931165898652,6.0010138154568,0.013152665476905
16.364,5.99933165898652,6.00102155010743,-0.0601422386924055
16.366,5.99935165898652,6.00103025732277,-0.130859882571602
16.368,5.99937165898652,6.0010401890008,-0.197895576173196
16.37,5.99939165898652,6.00105148673368,-0.260501390887797
16.372,5.99941065898652,6.00106439263089,-0.317608801501572
16.374,5.99942965898653,6.00107893529078,-0.368896389287466
16.376,5.99944865898653,6.0010952923112,-0.413501837321978
16.378,5.99946765898653,6.00111341079907,-0.451384795867003
16.38,5.99948665898653,6.0011332368381,-0.482502453902796
16.382,5.99950465898653,6.00115475570862,-0.506592493303136
16.384,5.99952265898653,6.00117771261876,-0.524362850683329
16.386,5.99954065898653,6.00120197152289,-0.536016439968549
16.388,5.99955865898653,6.0012273639557,-0.541832094643563
16.39,5.99957665898653,6.00125363823568,-0.54248024359631
16.392,5.99959365898653,6.00128055400056,-0.538541409228958
16.394,5.99961065898653,6.00130781876599,-0.531079208707665
16.396,5.99962765898653,6.00133519635867,-0.520639494985715
16.398,5.99964465898653,6.00136237800383,-0.508256089703939
16.4,5.99966165898653,6.00138905392863,-0.495020968483387
16.402,5.99967765898653,6.00141494287877,-0.482009260692075
16.404,5.99969365898653,6.0014397969803,-0.470210904094896
16.406,5.99970965898653,6.00146323020059,-0.460880318154577
16.408,5.99972565898653,6.001485075565,-0.454870264371173
16.41,5.99974165898653,6.00150512541861,-0.453019248888009
16.412,5.99975665898653,6.00152318052722,-0.456143272208581
16.414,5.99977165898653,6.00153935313083,-0.464197255295825
16.416,5.99978665898653,6.00155364797833,-0.477342096047521
16.418,5.99980165898653,6.0015660608388,-0.49574808724848
16.42,5.99981665898653,6.00157680311662,-0.518941216338252
16.422,5.99983065898653,6.00158603368252,-0.546552792456227
16.424,5.99984465898653,6.00159402864318,-0.577815735782552
16.426,5.99985865898653,6.00160101580367,-0.612046460904427
16.428,5.99987265898653,6.00160732599528,-0.648192804209128
16.43,5.99988665898653,6.00161328972091,-0.68513427962174
16.432,5.99989965898654,6.00161926432448,-0.72164229631275
16.434,5.99991265898653,6.00162559463711,-0.756465952371903
16.436,5.99992565898654,6.00163263946809,-0.788258121705436
16.438,5.99993865898654,6.00164069963677,-0.815855078555142
16.44,5.99995165898654,6.00164999604914,-0.838363148747502
16.442,5.99996365898654,6.0016608444172,-0.854436568701857
16.444,5.99997565898654,6.00167329021441,-0.863796501245477
16.446,5.99998765898654,6.00168750305549,-0.865600445990964
16.448,5.99999965898654,6.00170356841704,-0.859295669306161
16.45,6.00001165898654,6.0017213336329,-0.845347278976828
16.452,6.00002165898654,6.00174087611854,-0.823131104622655
16.454,6.00003165898654,6.00176199137401,-0.793236385534885
16.456,6.00004165898654,6.00178449233197,-0.75613688551664
16.458,6.00005165898654,6.00180812432416,-0.712615124402339
16.46,6.00006165898654,6.00183262811017,-0.663332185789939
16.462,6.00006865898654,6.00185761792997,-0.609847013481451
16.464,6.00007565898654,6.00188279412165,-0.552982978467871
16.466,6.00008265898654,6.00190775227009,-0.494117956960212
16.468,6.00008965898654,6.00193218992398,-0.434626649864174
16.47,6.00009665898654,6.00195570883075,-0.37573397607021
16.472,6.00009965898654,6.00197802762024,-0.318676079944018
16.474,6.00010265898654,6.00199884256264,-0.264638160365569
16.476,6.00010565898654,6.00201788746886,-0.214752299024356
16.478,6.00010865898654,6.0020349397092,-0.170017769637753
16.48,6.00011165898654,6.00204980085522,-0.131362188009751
16.482,6.00010965898654,6.00206236119677,-0.0994521900557111
16.484,6.00010765898655,6.0020724776073,-0.0750441675392716
16.486,6.00010565898654,6.00208014195675,-0.0584571839182483
16.488,6.00010365898655,6.00208538318416,-0.0498594721348296
16.49,6.00010165898655,6.00208816602869,-0.0496259009662561
16.492,6.00009565898655,6.00208868590474,-0.0573203686502955
16.494,6.00008965898655,6.00208711946273,-0.0725347891009932
16.496,6.00008365898655,6.00208350290934,-0.0953851240947433
16.498,6.00007765898655,6.00207820855755,-0.124726619443857
16.5,6.00007165898655,6.00207148334496,-0.159817147677078
16.502,6.00006265898655,6.00206347502215,-0.200297908846154
16.504,6.00005365898655,6.00205449770552,-0.245077192702255
16.506,6.00004465898655,6.00204482964052,-0.293128577128836
16.508,6.00003565898655,6.00203469616398,-0.343606364601133
16.51,6.00002665898655,6.00202433647405,-0.39555869963287
16.512,6.00001565898655,6.00201397981582,-0.448036036852389
16.514,6.00000465898655,6.00200384398136,-0.500101244641801
16.516,5.99999365898655,6.00199414865986,-0.550787707230719
16.518,5.99998265898655,6.00198503900272,-0.599371958850371
16.52,5.99997165898655,6.00197671424549,-0.644917221996666
16.522,5.99995965898655,6.00196929645458,-0.686724164716452
16.524,5.99994765898655,6.0019628266614,-0.724404189329352
16.526,5.99993565898655,6.00195733412183,-0.757575361313003
16.528,5.99992365898655,6.00195280296549,-0.785987099692693
16.53,5.99991165898655,6.00194915103191,-0.809637385556373
16.532,5.99989965898655,6.00194626398571,-0.828640842765223
16.534,5.99988765898656,6.00194399949308,-0.843209790656233
16.536,5.99987565898656,6.00194219517266,-0.853635417716492
16.538,5.99986365898656,6.00194067701265,-0.860199348432917
16.54,5.99985165898656,6.00193926232006,-0.86343831972735
16.542,5.99983965898656,6.00193777800933,-0.86361882579637
16.544,5.99982765898656,6.00193603453992,-0.861088761670829
16.546,5.99981565898656,6.00193387990801,-0.856427123797491
16.548,5.99980365898656,6.00193115648315,-0.850035800245832
16.55,5.99979165898656,6.0019276053604,-0.842328222916475
16.552,5.99977965898656,6.00192318185565,-0.833976979873479
16.554,5.99976765898656,6.00191762770508,-0.825383838530579
16.556,5.99975565898656,6.00191092264473,-0.816977315422281
16.558,5.99974365898656,6.00190301484148,-0.80901310425475
16.56,5.99973165898656,6.00189398719917,-0.801581438659434
16.562,5.99971965898656,6.00188392317784,-0.794680591855614
16.564,5.99970765898656,6.00187288996656,-0.788247313192685
16.566,5.99969565898656,6.00186108956885,-0.782087689790592
16.568,5.99968365898656,6.00184869236484,-0.775967837766698
16.57,5.99967165898656,6.00183589760073,-0.769585031942991
16.572,5.99965965898656,6.0018229168266,-0.762594150684867
16.574,5.99964765898656,6.00180998033234,-0.754523895023968
16.576,5.99963565898656,6.00179730995769,-0.744970688409164
16.578,5.99962365898656,6.00178512252925,-0.733455280388821
16.58,5.99961165898656,6.00177363174686,-0.719482636448353
16.582,5.99959965898656,6.00176299408736,-0.702695279135945
16.584,5.99958765898656,6.0017533714355,-0.68266605980458
16.586,5.99957565898656,6.00174494340653,-0.65887200033144
16.588,5.99956365898656,6.00173772368826,-0.631267446789658
16.59,5.99955165898657,6.00173180000873,-0.599538164662985
16.592,5.99953965898657,6.00172719302117,-0.563548992336798
16.594,5.99952765898657,6.00172388647285,-0.523252337381779
16.596,5.99951565898657,6.00172182536475,-0.478696536546337
16.598,5.99950365898657,6.00172091559019,-0.430029206454329
16.6,5.99949165898657,6.00172100803678,-0.377568568329618
16.602,5.99947965898657,6.001721998056,-0.321402910722303
16.604,5.99946765898657,6.00172363289803,-0.262192605386095
16.606,5.99945565898657,6.00172573074166,-0.200294586653631
16.608,5.99944365898657,6.00172807461971,-0.136177615571033
16.61,5.99943165898657,6.00173042156982,-0.0704909400777096
16.612,5.99941965898657,6.00173252658554,-0.00385698210099579
16.614,5.99940765898657,6.0017341710832,0.0629832502993697
16.616,5.99939565898657,6.00173511215491,0.129316101512896
16.618,5.99938365898657,6.00173511560422,0.194313508949338
16.62,5.99937165898657,6.00173397784708,0.257170278568585
16.622,5.99935965898657,6.00173153316636,0.317132856525985
16.624,5.99934765898657,6.00172764435812,0.37352915670745
16.626,5.99933565898657,6.00172213208624,0.425553534316904
16.628,5.99932365898657,6.0017149087735,0.472612771201978
16.63,5.99931165898657,6.00170604787316,0.514624182998356
16.632,5.99929965898657,6.00169539465994,0.550778659989075
16.634,5.99928765898657,6.0016830958333,0.581235572947106
16.636,5.99927565898657,6.00166911683864,0.605527461998069
16.638,5.99926365898657,6.00165366223036,0.624055394627983
16.64,5.99925165898657,6.00163682180154,0.636809930351296
16.642,5.99923965898657,6.00161873842516,0.64394657534121
16.644,5.99922765898657,6.00159960431702,0.645786969179493
16.646,5.99921565898658,6.00157969949821,0.643094578976702
16.648,5.99920365898658,6.00155924801009,0.636298150967171
16.65,5.99919165898658,6.00153851089547,0.626053965837397
16.652,5.99917965898658,6.00151773935885,0.612981138542737
16.654,5.99916765898658,6.00149716874692,0.597748411858235
16.656,5.99915565898658,6.00147700316076,0.580988885006861
16.658,5.99914365898658,6.00145744130341,0.563324785487349
16.66,5.99913165898658,6.00143872925573,0.545426289363546
16.662,5.99911965898658,6.0014210146804,0.528011070478013
16.664,5.99910765898658,6.0014045001874,0.511791652536478
16.666,5.99909565898658,6.00138933219244,0.497410452831764
16.668,5.99908365898658,6.00137564541447,0.485463754111877
16.67,5.99907165898658,6.00136353389062,0.476457413685537
16.672,5.99905965898658,6.00135297583087,0.470633101210795
16.674,5.99904765898658,6.00134402209323,0.468346290173979
16.676,5.99903565898658,6.001336566153,0.469567045923669
16.678,5.99902365898658,6.00133060024796,0.474456284991465
16.68,5.99901165898658,6.00132602240663,0.482911579900896
16.682,5.99899965898658,6.00132261768671,0.49447993945193
16.684,5.99898765898658,6.00132024379441,0.508854432387659
16.686,5.99897565898658,6.00131874072333,0.525655367378308
16.688,5.99896365898658,6.00131785911183,0.544225605637974
16.69,5.99895165898658,6.00131739103813,0.563996475411001
16.692,5.99894065898658,6.00131710667198,0.584313056784602
16.694,5.99892965898658,6.00131678325906,0.604507949424487
16.696,5.99891865898658,6.00131622474038,0.623958135890671
16.698,5.99890765898658,6.00131523314489,0.641997765721366
16.7,5.99889665898658,6.00131359733686,0.657877570291643
16.702,5.99888765898659,6.00131113467031,0.67090779266891
16.704,5.99887865898659,6.001307692156,0.68048077485776
16.706,5.99886965898659,6.00130297396603,0.68543860580396
16.708,5.99886065898659,6.00129693096882,0.6854831110041
16.71,5.99885165898659,6.00128945535146,0.6800905561659
16.712,5.99884565898659,6.00128037981595,0.668447290716497
16.714,5.99883965898659,6.00126975562765,0.650538898081565
16.716,5.99883365898659,6.00125769630641,0.626613646617329
16.718,5.99882765898659,6.00124419209389,0.596362285699985
16.72,5.99882165898659,6.00122938147696,0.560056793264471
16.722,5.99881965898659,6.00121353573057,0.51862442177593
16.724,5.99881765898659,6.00119676447859,0.472172869810198
16.726,5.99881565898659,6.00117932498754,0.421512045994005
16.728,5.99881365898659,6.00116150071121,0.367662810401715
16.73,5.99881165898659,6.00114355994034,0.311499679996412
16.732,5.99881265898659,6.00112584937564,0.254221857283255
16.734,5.99881365898659,6.00110871300608,0.197173574443956
16.736,5.99881465898659,6.00109248733872,0.141645013745466
16.738,5.99881565898659,6.00107754637243,0.0890548130562607
16.74,5.99881665898659,6.00106424867231,0.0408246145420558
16.742,5.99881965898659,6.00105287325643,-0.00185625668012566
16.744,5.99882265898659,6.00104370537539,-0.0378064407984227
16.746,5.99882565898659,6.00103717094419,-0.0653903489374386
16.748,5.99882865898659,6.00103330923036,-0.0842335370623751
16.75,5.99883165898659,6.00103249579024,-0.0928804254796141
16.752,5.99883565898659,6.00103486715519,-0.0906520430964758
16.754,5.9988396589866,6.00104018349006,-0.0781983920196575
16.756,5.9988436589866,6.00104848243537,-0.0552496474273226
16.758,5.9988476589866,6.00105956625138,-0.0223865797509301
16.76,5.9988516589866,6.00107327416079,0.0199054056965829
16.762,5.9988556589866,6.00108927491139,0.0704878593658542
16.764,5.9988596589866,6.00110722943682,0.1281521520663
16.766,5.9988636589866,6.00112679695321,0.191643542208272
16.768,5.9988676589866,6.00114751260258,0.259225504335279
16.77,5.9988716589866,6.00116899191567,0.32944049862804
16.772,5.9988756589866,6.00119086560407,0.400844679794719
16.774,5.9988796589866,6.00121264878014,0.471566992844452
16.776,5.9988836589866,6.00123394572299,0.540092709856496
16.778,5.9988876589866,6.00125432696878,0.604729592279466
16.78,5.9988916589866,6.00127338176197,0.663859569328472
16.782,5.9988956589866,6.00129075076185,0.716057505485053
16.784,5.9988996589866,6.00130607819629,0.759900919518969
16.786,5.9989036589866,6.00131915041928,0.794529285306524
16.788,5.9989076589866,6.00132975197044,0.819048749192358
16.79,5.9989116589866,6.00133764136626,0.832418940074586
16.792,5.9989156589866,6.00134274607338,0.834244769633892
16.794,5.9989196589866,6.00134521798971,0.825043806255851
16.796,5.9989236589866,6.00134504178531,0.804616777113013
16.798,5.9989276589866,6.00134226639917,0.772988496247215
16.8,5.9989316589866,6.00133729042014,0.731683410699194
16.802,5.9989356589866,6.0013303253494,0.681406091199936
16.804,5.9989396589866,6.0013216986506,0.623351400530283
16.806,5.9989436589866,6.00131179986695,0.559008272128337
16.808,5.99894765898661,6.00130095102622,0.489476797518668
16.81,5.99895165898661,6.00128962634107,0.416606021917528
16.812,5.99895565898661,6.00127822812678,0.342025473989188
16.814,5.99895965898661,6.0012671287362,0.267144377409405
16.816,5.99896365898661,6.00125671490499,0.193500453251684
16.818,5.99896765898661,6.0012473238344,0.122499018972661
16.82,5.99897165898661,6.00123928687036,0.0555273006112472
16.822,5.99897565898661,6.00123279834093,-0.00649974696968672
16.824,5.99897965898661,6.00122816051771,-0.0623459955476161
16.826,5.99898365898661,6.00122563213226,-0.110918098211091
16.828,5.99898765898661,6.0012253034244,-0.151737721297372
16.83,5.99899165898661,6.00122730036169,-0.184220208472324
16.832,5.99899565898661,6.00123183801036,-0.20745091334794
16.834,5.99899965898661,6.00123881845803,-0.221651445217512
16.836,5.99900365898661,6.00124819946404,-0.226844722343291
16.838,5.99900765898661,6.00126001141572,-0.222760483514173
16.84,5.99901165898661,6.00127400838681,-0.210177207288194
16.842,5.99901565898661,6.00128993713463,-0.189919770092606
16.844,5.99901965898661,6.00130762141603,-0.162491559960778
16.846,5.99902365898661,6.0013266909918,-0.12916796028245
16.848,5.99902765898661,6.00134676669762,-0.0912711243452044
16.85,5.99903165898661,6.00136743410975,-0.0503587548675924
16.852,5.99903565898661,6.00138839711718,-0.00743395090829147
16.854,5.99903965898661,6.00140927586646,0.0360712534870978
16.856,5.99904365898661,6.00142975619239,0.0789007521777195
16.858,5.99904765898661,6.00144954044483,0.119886733785329
16.86,5.99905165898661,6.00146828151694,0.157660348728047
16.862,5.99905565898661,6.00148586329875,0.191597878882378
16.864,5.99905965898662,6.00150190575031,0.22022265726342
16.866,5.99906365898662,6.0015162555361,0.242818289053252
16.868,5.99906765898662,6.00152876369808,0.258709857600818
16.87,5.99907165898662,6.00153931882202,0.267363459504881
16.872,5.99907565898662,6.00154778192497,0.268126911422937
16.874,5.99907965898662,6.00155419014229,0.260996007865102
16.876,5.99908365898662,6.00155868795573,0.246376368292726
16.878,5.99908765898662,6.00156128261002,0.224118154395226
16.88,5.99909165898662,6.00156221353735,0.194975116585407
16.882,5.99909565898662,6.00156170309137,0.159640184746115
16.884,5.99909965898662,6.00156004592781,0.119095746245084
16.886,5.99910365898662,6.00155758418335,0.0745345942623809
16.888,5.99910765898662,6.0015546883054,0.0273141526332136
16.89,5.99911165898662,6.00155170450151,-0.0213115523433218
16.892,5.99911565898662,6.00154899667091,-0.0700018192822924
16.894,5.99911965898662,6.00154692585978,-0.117355334803647
16.896,5.99912365898662,6.00154574511243,-0.162299990878254
16.898,5.99912765898662,6.00154579222318,-0.203529931950038
16.9,5.99913165898662,6.00154731281811,-0.239987860857931
16.902,5.99913565898662,6.00155046601093,-0.270895396338498
16.904,5.99913965898662,6.00155538563106,-0.295549113279501
16.906,5.99914365898662,6.00156215302644,-0.313406256301367
16.908,5.99914765898662,6.00157077241676,-0.324186776055028
16.91,5.99915165898662,6.00158113031716,-0.328061699405177
16.912,5.99915565898663,6.00159316926603,-0.32498620034469
16.914,5.99915965898662,6.00160683762127,-0.314839454839542
16.916,5.99916365898662,6.00162182453901,-0.298621386274042
16.918,5.99916765898663,6.0016379393115,-0.276837393531345
16.92,5.99917165898663,6.0016549356535,-0.250191981778347
16.922,5.99917565898663,6.00167245782355,-0.219888831609541
16.924,5.99917965898663,6.00169014171747,-0.187137525751014
16.926,5.99918365898663,6.00170760770264,-0.153358715466941
16.928,5.99918765898663,6.00172445806161,-0.119905771186976
16.93,5.99919165898663,6.00174037155323,-0.0880680077689147
16.932,5.99919465898663,6.00175503775664,-0.0590117485128507
16.934,5.99919765898663,6.00176824089675,-0.0336574255520839
16.936,5.99920065898663,6.00177971573476,-0.0130447107189814
16.938,5.99920365898663,6.00178946681745,0.00254946596904965
16.94,5.99920665898663,6.00179736164202,0.0124654826734378
16.942,5.99920765898663,6.00180346732567,0.0166481207679224
16.944,5.99920865898663,6.00180782957828,0.0149927253909984
16.946,5.99920965898663,6.00181054647931,0.00757471193243307
16.948,5.99921065898663,6.00181177988689,-0.00528354025710735
16.95,5.99921165898663,6.0018116204368,-0.0235345025619032
16.952,5.99920965898663,6.00181032856895,-0.0464618606366892
16.954,5.99920765898663,6.00180808294884,-0.0736681647991169
16.956,5.99920565898663,6.00180516995572,-0.104228592801135
16.958,5.99920365898663,6.00180179823398,-0.137551588366492
16.96,5.99920165898663,6.00179823224538,-0.172732615227492
16.962,5.99919565898663,6.0017947160992,-0.208857222808742
16.964,5.99918965898663,6.00179150179374,-0.245022502701987
16.966,5.99918365898663,6.00178880456592,-0.28031912979625
16.968,5.99917765898663,6.00178679983747,-0.313985588206798
16.97,5.99917165898663,6.00178571486293,-0.34509316804558
16.972,5.99916265898664,6.00178558429218,-0.373249023529747
16.974,5.99915365898664,6.00178647241085,-0.398011210143224
16.976,5.99914465898664,6.0017884487196,-0.418870466084988
16.978,5.99913565898664,6.00179144792697,-0.435782113135536
16.98,5.99912665898664,6.00179536457415,-0.448866920441667
16.982,5.99911565898664,6.00180011334702,-0.458117293114522
16.984,5.99910465898664,6.00180548998332,-0.463998452172176
16.986,5.99909365898664,6.00181128381655,-0.467029025725134
16.988,5.99908265898664,6.00181726602547,-0.467643243906026
16.99,5.99907165898664,6.00182318622699,-0.466621733295308
16.992,5.99905965898664,6.00182880457428,-0.46447824341163
16.994,5.99904765898664,6.00183389003819,-0.461818250030304
16.996,5.99903565898664,6.00183825226397,-0.45920062346214
16.998,5.99902365898664,6.00184171197356,-0.457157271646808
17,5.99901165898664,6.00184411322465,-0.456216388222648
17.002,5.99899965898664,6.0018451561521,-0.457155366261811
17.004,5.99898765898664,6.0018448054098,-0.460407082210406
17.006,5.99897565898664,6.00184288819701,-0.46655763597428
17.008,5.99896365898664,6.00183920429196,-0.476283759506444
17.01,5.99895165898664,6.00183371002807,-0.489933085503679
17.012,5.99893965898664,6.00182642939531,-0.507647828974905
17.014,5.99892765898664,6.00181727801469,-0.529791845197884
17.016,5.99891565898664,6.00180638241059,-0.556192946254849
17.018,5.99890365898664,6.00179377727357,-0.586852369514103
17.02,5.99889165898664,6.00177958148821,-0.621518794724705
17.022,5.99887965898664,6.00176395213653,-0.659795450628805
17.024,5.99886765898664,6.00174718015973,-0.700911956623559
17.026,5.99885565898664,6.00172938513991,-0.744491411269817
17.028,5.99884365898664,6.00171081330883,-0.789781516689458
17.03,5.99883165898664,6.00169178185261,-0.83585130272153
17.032,5.99881965898665,6.0016725042618,-0.88192177697783
17.034,5.99880765898665,6.00165326463924,-0.927007403228392
17.036,5.99879565898665,6.00163435103311,-0.970011169858521
17.038,5.99878365898665,6.00161599577583,-1.01007461975338
17.04,5.99877165898665,6.00159845915042,-1.04613263640721
17.042,5.99875965898665,6.00158198715667,-1.07717442800082
17.044,5.99874765898665,6.0015668463332,-1.10207288032169
17.046,5.99873565898665,6.00155324559388,-1.11994417102952
17.048,5.99872365898665,6.00154138740899,-1.12989554327282
17.05,5.99871165898665,6.00153133751902,-1.13160900904422
17.052,5.99869965898665,6.00152331237919,-1.12402185252504
17.054,5.99868765898665,6.00151723299187,-1.10736549581052
17.056,5.99867565898665,6.00151312792769,-1.08132184662743
17.058,5.99866365898665,6.00151089702567,-1.04613761489312
17.06,5.99865165898665,6.00151041278696,-1.00215690726615
17.062,5.99863965898665,6.0015115121009,-0.949879805782516
17.064,5.99862765898665,6.00151397852616,-0.890050215109938
17.066,5.99861565898665,6.00151756607009,-0.823519076795263
17.068,5.99860365898665,6.00152193403065,-0.751620632168861
17.07,5.99859165898665,6.00152673746852,-0.675682256889119
17.072,5.99857965898665,6.00153162070308,-0.59711701489444
17.074,5.99856765898665,6.00153620527548,-0.517321792386474
17.076,5.99855565898665,6.00154011605622,-0.437826855461614
17.078,5.99854365898665,6.00154301148357,-0.360037779865369
17.08,5.99853165898665,6.00154456674743,-0.285287326931061
17.082,5.99851965898665,6.00154451633351,-0.214733821107965
17.084,5.99850765898665,6.00154245864127,-0.149917949162559
17.086,5.99849565898666,6.00153827230422,-0.091569211588652
17.088,5.99848365898666,6.00153183080157,-0.0403537310605135
17.09,5.99847165898666,6.00152294270318,0.0028435827709449
17.092,5.99845965898666,6.00151166537364,0.0379583571487478
17.094,5.99844765898666,6.00149792562989,0.0644837286839817
17.096,5.99843565898666,6.00148200629471,0.0831772424427655
17.098,5.99842365898666,6.00146393885135,0.0939235059944833
17.1,5.99841165898666,6.00144397410986,0.0974195412849434
17.102,5.99839965898666,6.00142243741,0.0946800476449777
17.104,5.99838765898666,6.00139966343297,0.0868115087605159
17.106,5.99837565898666,6.00137593926211,0.0746899214683168
17.108,5.99836365898666,6.00135170448351,0.0598467589714472
17.11,5.99835165898666,6.00132736365668,0.0437440741585772
17.112,5.99833965898666,6.00130331031466,0.0277422975594632
17.114,5.99832765898666,6.00127993078653,0.0132740703262023
17.116,5.99831565898666,6.00125759076373,0.00167556229629797
17.118,5.99830365898666,6.00123662521719,-0.00580137742092357
17.12,5.99829165898666,6.00121735671502,-0.00796149205279418
17.122,5.99827965898666,6.0012000276898,-0.00387136512515661
17.124,5.99826765898666,6.00118480428761,0.00713978607356481
17.126,5.99825565898666,6.00117181103605,0.0255951699165351
17.128,5.99824365898666,6.00116093919736,0.0512210640373949
17.13,5.99823165898666,6.00115216871052,0.0840319595182518
17.132,5.99821965898666,6.00114543550198,0.123897145563872
17.134,5.99820765898666,6.00114044694148,0.169878317963649
17.136,5.99819565898667,6.0011370119013,0.221367096840517
17.138,5.99818365898667,6.00113485159991,0.27742133544206
17.14,5.99817165898667,6.00113367907798,0.337044885938571
17.142,5.99815965898667,6.00113316527955,0.399062263779505
17.144,5.99814765898667,6.00113293915372,0.462115611440388
17.146,5.99813565898667,6.0011326920054,0.525043401100876
17.148,5.99812365898667,6.00113208245785,0.586524562333456
17.15,5.99811165898667,6.00113080586422,0.645344149662195
17.152,5.99809965898667,6.00112857803793,0.700340272069641
17.154,5.99808765898667,6.00112513729605,0.75042655603251
17.156,5.99807565898667,6.00112011615735,0.794073269195481
17.158,5.99806365898667,6.00111341635732,0.830837381801112
17.16,5.99805165898667,6.00110481773761,0.85976605216514
17.162,5.99803965898667,6.00109409982903,0.879871553707158
17.164,5.99802765898667,6.0010811399971,0.890519114870791
17.166,5.99801565898667,6.0010661088552,0.892285324364604
17.168,5.99800365898667,6.00104897102129,0.884838330750075
17.17,5.99799165898667,6.00102981030574,0.868303328688221
17.172,5.99798065898667,6.00100879146586,0.843110921649649
17.174,5.99796965898667,6.00098619347462,0.81021569328362
17.176,5.99795865898667,6.00096219689453,0.770059084343541
17.178,5.99794765898667,6.00093713618844,0.72378708112228
17.18,5.99793665898667,6.00091136888834,0.672751287512333
17.182,5.99792765898667,6.00088519718654,0.61788225113927
17.184,5.99791865898667,6.00085897287416,0.560610398808567
17.186,5.99790965898667,6.00083304721533,0.502089616893358
17.188,5.99790065898667,6.00080770677949,0.443608066950074
17.19,5.99789165898667,6.00078325359331,0.386302053259602
17.192,5.99788565898668,6.0007599676651,0.331309558156442
17.194,5.99787965898668,6.00073808553208,0.279647188340701
17.196,5.99787365898668,6.00071794307762,0.232599215555342
17.198,5.99786765898668,6.00069964592353,0.190814140551966
17.2,5.99786165898668,6.00068343049396,0.155265639541274
17.202,5.99785965898668,6.00066938412955,0.126471353940492
17.204,5.99785765898668,6.00065764051596,0.10508180950312
17.206,5.99785565898668,6.00064811392778,0.0910125457240107
17.208,5.99785365898668,6.0006407812415,0.0843597981167689
17.21,5.99785165898668,6.0006354817284,0.0847344433110077
17.212,5.99785265898668,6.00063217814834,0.09216967019033
17.214,5.99785365898668,6.00063063334217,0.105983875538881
17.216,5.99785465898668,6.00063059930996,0.125424324368547
17.218,5.99785565898668,6.00063181904867,0.1496693111947
17.22,5.99785665898668,6.00063402365903,0.177814549933396
17.222,5.99785965898668,6.00063693743768,0.208901324744732
17.224,5.99786265898668,6.00064029509217,0.241989712484606
17.226,5.99786565898668,6.00064380503346,0.275952445472148
17.228,5.99786865898668,6.00064721190961,0.309837789570211
17.23,5.99787165898668,6.00065032213514,0.342819217235536
17.232,5.99787565898668,6.00065291415279,0.374000948665741
17.234,5.99787965898668,6.0006548729713,0.402813076184311
17.236,5.99788365898668,6.00065606197325,0.428563160525483
17.238,5.99788765898668,6.00065649746633,0.451126450237274
17.24,5.99789165898668,6.00065613375135,0.470080579471587
17.242,5.99789565898668,6.00065500202203,0.485280886331869
17.244,5.99789965898668,6.00065319424017,0.496836215139708
17.246,5.99790365898668,6.00065081647107,0.50489463097011
17.248,5.99790765898668,6.00064799461153,0.509589969209363
17.25,5.99791165898668,6.00064491572155,0.51140387208404
17.252,5.99791565898668,6.00064176053388,0.510764182721697
17.254,5.99791965898668,6.0006387186808,0.508140142400072
17.256,5.99792365898668,6.00063599241107,0.504025453903868
17.258,5.99792765898668,6.00063377390889,0.499029893399265
17.26,5.99793165898669,6.00063227971709,0.493751109150993
17.262,5.99793565898669,6.00063162189679,0.48876025331761
17.264,5.99793965898669,6.00063202092407,0.484605469903513
17.266,5.99794365898669,6.00063347717058,0.481600896501708
17.268,5.99794765898669,6.00063607080627,0.480046158072837
17.27,5.99795165898669,6.00063979285828,0.480076264650258
17.272,5.99795565898669,6.00064455144404,0.481641972811634
17.274,5.99795965898669,6.00065024939325,0.484631215903231
17.276,5.99796365898669,6.00065677271301,0.48886903485781
17.278,5.99796765898669,6.00066398160984,0.494110451684713
17.28,5.99797165898669,6.00067167817873,0.500002615420078
17.282,5.99797565898669,6.00067970964854,0.506243412695851
17.284,5.99797965898669,6.00068790092148,0.512456024106292
17.286,5.99798365898669,6.0006960565876,0.518211749074973
17.288,5.99798765898669,6.00070401224929,0.523149037819506
17.29,5.99799165898669,6.00071159542953,0.526840519688895
17.292,5.99799565898669,6.00071867971087,0.52898516197129
17.294,5.99799965898669,6.00072509936225,0.529122290167081
17.296,5.99800365898669,6.00073071364922,0.526835693405039
17.298,5.99800765898669,6.00073539815349,0.521725744841517
17.3,5.99801165898669,6.00073900114812,0.513280255600858
17.302,5.99801565898669,6.00074148783527,0.501325298564724
17.304,5.99801965898669,6.00074278547332,0.485553321413685
17.306,5.99802365898669,6.00074287503928,0.465808274426289
17.308,5.99802765898669,6.00074176998842,0.44202439313797
17.31,5.99803165898669,6.00073951481568,0.414224876138543
17.312,5.99803565898669,6.00073618239923,0.382516495318941
17.314,5.99803965898669,6.00073188481311,0.347142336659594
17.316,5.99804365898669,6.00072668604413,0.308111899278112
17.318,5.9980476589867,6.00072083929794,0.266236447909069
17.32,5.9980516589867,6.00071441266597,0.221467753021156
17.322,5.9980556589867,6.00070766746944,0.174693783019935
17.324,5.9980596589867,6.00070078538934,0.126356086481693
17.326,5.9980636589867,6.00069397715438,0.0770769028493025
17.328,5.9980676589867,6.00068745779681,0.0274835795142382
17.33,5.9980716589867,6.00068137976766,-0.0218488379353751
17.332,5.9980756589867,6.00067590838537,-0.0703857653870406
17.334,5.9980796589867,6.00067120536281,-0.117543894676579
17.336,5.9980836589867,6.00066736837835,-0.162846163068477
17.338,5.9980876589867,6.00066462413527,-0.205486437540361
17.34,5.9980916589867,6.00066303617872,-0.245043975880811
17.342,5.9980956589867,6.00066275287245,-0.280887929102354
17.344,5.9980996589867,6.00066395733937,-0.31224719068378
17.346,5.9981036589867,6.00066657596807,-0.339125726483815
17.348,5.9981076589867,6.00067067422374,-0.361121303568355
17.35,5.9981116589867,6.00067635699309,-0.377651782493175
17.352,5.9981156589867,6.0006835195426,-0.388855570615179
17.354,5.9981196589867,6.0006921304023,-0.394633896732986
17.356,5.9981236589867,6.00070209688245,-0.395116623545699
17.358,5.9981276589867,6.00071335222134,-0.390302131319937
17.36,5.9981316589867,6.0007256199249,-0.3810553801352
17.362,5.9981356589867,6.00073877946295,-0.367550936941492
17.364,5.9981396589867,6.00075255705633,-0.350603885796245
17.366,5.9981436589867,6.00076671119633,-0.330917986530339
17.368,5.9981476589867,6.00078099879976,-0.309148197633558
17.37,5.9981516589867,6.00079519433452,-0.286093324198703
17.372,5.9981556589867,6.00080910215609,-0.26232088114197
17.374,5.9981596589867,6.00082253166268,-0.238464182544526
17.376,5.99816365898671,6.00083529932613,-0.215165118750952
17.378,5.9981676589867,6.00084720745855,-0.193117831836554
17.38,5.99817165898671,6.00085803804392,-0.173104517376674
17.382,5.99817565898671,6.00086774372034,-0.155547347907734
17.384,5.99817965898671,6.00087603090157,-0.141395483643676
17.386,5.99818365898671,6.00088279078354,-0.131193280109014
17.388,5.99818765898671,6.00088804343765,-0.125104048350856
17.39,5.99819165898671,6.00089162536731,-0.123767859389744
17.392,5.99819565898671,6.00089354911518,-0.127328056356399
17.394,5.99819965898671,6.00089390540644,-0.135658964557121
17.396,5.99820365898671,6.00089275988595,-0.148677847503052
17.398,5.99820765898671,6.0008901703544,-0.166314066968621
17.4,5.99821165898671,6.00088640169679,-0.187804752519615
17.402,5.99821565898671,6.00088160268144,-0.212736993595468
17.404,5.99821965898671,6.00087597021704,-0.240533276465749
17.406,5.99822365898671,6.00086979028976,-0.270284003172739
17.408,5.99822765898671,6.00086334212644,-0.301058934656822
17.41,5.99823165898671,6.00085690304757,-0.331907925414012
17.412,5.99823465898671,6.00085076275061,-0.361792294240418
17.414,5.99823765898671,6.00084521400004,-0.389641985217919
17.416,5.99824065898671,6.00084054109051,-0.414395670347589
17.418,5.99824365898671,6.00083702752095,-0.434982511194385
17.42,5.99824665898671,6.0008349283065,-0.450421884368994
17.422,5.99824765898671,6.00083443495869,-0.459950307424189
17.424,5.99824865898671,6.00083572048234,-0.462845321019555
17.426,5.99824965898671,6.00083881682147,-0.458890784286228
17.428,5.99825065898671,6.00084380560388,-0.447664393298438
17.43,5.99825165898671,6.0008506168002,-0.429310799358331
17.432,5.99824965898671,6.00085925989509,-0.40364173784258
17.434,5.99824765898671,6.00086948593744,-0.371501156195363
17.436,5.99824565898671,6.00088120055902,-0.333121991641064
17.438,5.99824365898671,6.00089420803885,-0.28915073720007
17.44,5.99824165898672,6.00090826449998,-0.240448181682569
17.442,5.99823565898672,6.00092308791631,-0.188020459466629
17.444,5.99822965898672,6.00093836398988,-0.133003363803496
17.446,5.99822365898672,6.00095372785777,-0.0767734234589476
17.448,5.99821765898672,6.0009687714148,-0.0208290893813505
17.45,5.99821165898672,6.00098309955011,0.0333488392691427
17.452,5.99820265898672,6.00099628026278,0.0841631016460456
17.454,5.99819365898672,6.00100795376638,0.130234985175532
17.456,5.99818465898672,6.00101775697942,0.170200485391011
17.458,5.99817565898672,6.0010252869107,0.202565332949525
17.46,5.99816665898672,6.00103027684155,0.226299153951016
17.462,5.99815565898672,6.00103248995297,0.24048920086107
17.464,5.99814465898672,6.00103159222332,0.243885278499681
17.466,5.99813365898672,6.00102762743513,0.236555653590389
17.468,5.99812265898672,6.00102046630067,0.217970223006099
17.47,5.99811165898672,6.00101020115026,0.188384583204337
17.472,5.99809965898672,6.00099696874336,0.148232987613457
17.474,5.99808765898672,6.0009809068383,0.0979754278653185
17.476,5.99807565898672,6.00096231878986,0.0386894733541537
17.478,5.99806365898672,6.00094138575373,-0.0289569835688325
17.48,5.99805165898672,6.00091850637159,-0.103495650889934
17.482,5.99803965898672,6.00089411176789,-0.183329484388398
17.484,5.99802765898672,6.00086853988474,-0.267171690989953
17.486,5.99801565898672,6.00084222825325,-0.353367658221401
17.488,5.99800365898672,6.00081560390168,-0.440308692708388
17.49,5.99799165898672,6.0007890495421,-0.526517960439528
17.492,5.99797965898672,6.00076294500889,-0.610509138104509
17.494,5.99796765898672,6.00073763783468,-0.690904323055819
17.496,5.99795565898672,6.00071339602659,-0.766640865491155
17.498,5.99794365898672,6.00069061754245,-0.836081797385265
17.5,5.99793165898672,6.00066939040615,-0.898905845970289
17.502,5.99791965898672,6.00065015850414,-0.953263511503651
17.504,5.99790765898673,6.00063305318862,-0.998616715944216
17.506,5.99789565898673,6.00061819562332,-1.03444227195103
17.508,5.99788365898673,6.00060576450263,-1.05994084640832
17.51,5.99787165898673,6.00059584300179,-1.07467784839345
17.512,5.99785965898673,6.00058836918421,-1.07880136284185
17.514,5.99784765898673,6.00058327899803,-1.07243119350122
17.516,5.99783565898673,6.00058050711572,-1.05564264985427
17.518,5.99782365898673,6.00057984205537,-1.02910870434501
17.52,5.99781165898673,6.00058097164353,-0.993940418553136
17.522,5.99779965898673,6.00058361504817,-0.951051780345301
17.524,5.99778765898673,6.00058738111738,-0.901896885425751
17.526,5.99777565898673,6.00059192593626,-0.847681080553578
17.528,5.99776365898673,6.00059688040868,-0.789756303629209
17.53,5.99775165898673,6.00060187817706,-0.729540065198635
17.532,5.99773965898673,6.00060658436124,-0.66834053828346
17.534,5.99772765898673,6.00061067228424,-0.607383680650988
17.536,5.99771565898673,6.00061383909753,-0.547889119936745
17.538,5.99770365898673,6.00061576153113,-0.491109668557861
17.54,5.99769165898673,6.0006161933906,-0.438065438740691
17.542,5.99767965898673,6.00061489126555,-0.389744400364158
17.544,5.99766765898673,6.00061162976256,-0.347028887832026
17.546,5.99765565898673,6.00060621970465,-0.31068110210632
17.548,5.99764365898673,6.00059866129891,-0.280856223408186
17.55,5.99763165898673,6.00058894623458,-0.257694575037512
17.552,5.99761965898673,6.00057699744535,-0.241541302757167
17.554,5.99760765898673,6.00056299065665,-0.231928543438384
17.556,5.99759565898673,6.00054702272113,-0.228618826296398
17.558,5.99758365898673,6.00052941933024,-0.230610752100651
17.56,5.99757165898673,6.00051033048182,-0.237444908284285
17.562,5.99755965898674,6.00049005457239,-0.248150407003592
17.564,5.99754765898673,6.00046899217192,-0.261393861045255
17.566,5.99753565898673,6.00044744336792,-0.27614705679535
17.568,5.99752365898674,6.00042574701888,-0.291235086194387
17.57,5.99751165898674,6.00040425535218,-0.305403637983411
17.572,5.99749965898674,6.00038325147382,-0.317657743833631
17.574,5.99748765898674,6.00036310262756,-0.326657443226644
17.576,5.99747565898674,6.00034400351367,-0.331709738450601
17.578,5.99746365898674,6.00032627281708,-0.331638899132204
17.58,5.99745165898674,6.00031008837701,-0.325783076086791
17.582,5.99743965898674,6.00029561321166,-0.313518022378131
17.584,5.99742765898674,6.00028290625075,-0.294595658788039
17.586,5.99741565898674,6.00027195860089,-0.2690137813976
17.588,5.99740365898674,6.00026275085957,-0.236802977310649
17.59,5.99739165898674,6.00025525679525,-0.198008873323289
17.592,5.99737965898674,6.00024930872451,-0.153208815693664
17.594,5.99736765898674,6.00024464926388,-0.103330361861929
17.596,5.99735565898674,6.00024104650298,-0.0492023850037815
17.598,5.99734365898674,6.00023824687409,0.00829286890231029
17.6,5.99733165898674,6.00023585104578,0.0676935044998309
17.602,5.99731965898674,6.00023348848749,0.127621550530432
17.604,5.99730765898674,6.00023079489898,0.186747857162891
17.606,5.99729565898674,6.00022738766569,0.243642156660683
17.608,5.99728365898674,6.0002229820484,0.29719081418801
17.61,5.99727165898674,6.00021729204184,0.346281227743375
17.612,5.99725965898674,6.00021014584726,0.390187654367658
17.614,5.99724765898674,6.00020124275911,0.427688132464713
17.616,5.99723565898674,6.00019067320567,0.458981234462837
17.618,5.99722365898674,6.00017818662903,0.482980901828058
17.62,5.99721165898674,6.00016392431305,0.500071030850864
17.622,5.99719965898674,6.00014786689395,0.510020116517468
17.624,5.99718765898674,6.00013005060777,0.512791682190202
17.626,5.99717565898674,6.00011057647401,0.508592745451178
17.628,5.99716365898674,6.0000896070528,0.497861801212906
17.63,5.99715165898674,6.00006744237823,0.481683563134319
17.632,5.99713965898674,6.00004414791424,0.460029049506014
17.634,5.99712765898675,6.00002007752176,0.434133876785305
17.636,5.99711565898675,5.99999556281625,0.405254743795882
17.638,5.99710365898675,5.99997088627896,0.374221361527633
17.64,5.99709165898675,5.9999463947611,0.342370594980746
17.642,5.99707965898675,5.99992237721298,0.310782158648429
17.644,5.99706765898675,5.99989919023814,0.280670770428231
17.646,5.99705565898675,5.99987705674771,0.252972639014321
17.648,5.99704365898675,5.99985627492529,0.228740932313469
17.65,5.99703165898675,5.99983701184356,0.208674155743837
17.652,5.99702065898675,5.99981942201196,0.193402942895376
17.654,5.99700965898675,5.99980348581034,0.183018472903993
17.656,5.99699865898675,5.99978933819834,0.178043592635674
17.658,5.99698765898675,5.99977684954385,0.178183100049172
17.66,5.99697665898675,5.9997659910656,0.183428753362972
17.662,5.99696765898675,5.99975658003231,0.19327186853816
17.664,5.99695865898675,5.99974850286132,0.207408382212221
17.666,5.99694965898675,5.99974155239309,0.225222094760746
17.668,5.99694065898675,5.99973556543688,0.246227320331517
17.67,5.99693165898675,5.99973033729645,0.269778335410372
17.672,5.99692565898675,5.99972568196496,0.295264376575836
17.674,5.99691965898675,5.99972144159415,0.322138440757566
17.676,5.99691365898675,5.99971741539953,0.349681849051772
17.678,5.99690765898675,5.99971342144436,0.377214106816801
17.68,5.99690165898675,5.99970924495091,0.403925505285275
17.682,5.99689965898675,5.99970464881518,0.42891620522078
17.684,5.99689765898675,5.99969941812487,0.451366212297436
17.686,5.99689565898675,5.99969339877294,0.470678695384435
17.688,5.99689365898675,5.99968633415738,0.485824847471019
17.69,5.99689165898675,5.99967819438107,0.496647735818051
17.692,5.99689265898675,5.99966893294315,0.502901247280359
17.694,5.99689365898675,5.99965845597269,0.504099170061932
17.696,5.99689465898675,5.99964691114269,0.500723255983393
17.698,5.99689565898676,5.99963433383983,0.492725952070182
17.7,5.99689665898676,5.9996209521389,0.480886453452807
17.702,5.99689965898676,5.99960692195427,0.465635365302538
17.704,5.99690265898676,5.99959243645875,0.44749131391348
17.706,5.99690565898676,5.99957775967602,0.427354334132981
17.708,5.99690865898676,5.99956312501129,0.405966890260614
17.71,5.99691165898676,5.99954877731646,0.384099601649104
17.712,5.99691565898676,5.9995349621958,0.362595513933949
17.714,5.99691965898676,5.99952188289534,0.342211579547603
17.716,5.99692365898676,5.99950981769447,0.323853712205732
17.718,5.99692765898676,5.99949892265272,0.308191587688102
17.72,5.99693165898676,5.9994895122529,0.296264544836794
17.722,5.99693565898676,5.99948180261165,0.288879249992266
17.724,5.99693965898676,5.99947591319198,0.286548600897264
17.726,5.99694365898676,5.99947212492904,0.290214686101646
17.728,5.99694765898676,5.99947038630795,0.29983788610859
17.73,5.99695165898676,5.99947092514604,0.316158065203744
17.732,5.99695565898676,5.99947360955536,0.338825710805466
17.734,5.99695965898676,5.99947841609577,0.367771835182511
17.736,5.99696365898676,5.99948535159682,0.402975154958554
17.738,5.99696765898676,5.99949411654534,0.443472826717553
17.74,5.99697165898676,5.99950456438757,0.488708079334618
17.742,5.99697565898676,5.99951643946542,0.537758527813809
17.744,5.99697965898676,5.99952941767931,0.589450516160994
17.746,5.99698365898676,5.99954311629442,0.64239813069774
17.748,5.99698765898676,5.99955711285738,0.695098826362831
17.75,5.99699165898676,5.99957101210988,0.746134188267977
17.752,5.99699565898676,5.99958439769656,0.793934679478623
17.754,5.99699965898676,5.99959691761069,0.837260982490149
17.756,5.99700365898676,5.99960822165465,0.874792603564619
17.758,5.99700765898676,5.99961797214991,0.905262957657389
17.76,5.99701165898676,5.99962579165445,0.927228136176181
17.762,5.99701565898676,5.99963159182943,0.940466070944805
17.764,5.99701965898676,5.99963501911749,0.943568489371037
17.766,5.99702365898676,5.99963598026667,0.936206547713245
17.768,5.99702765898676,5.99963444974642,0.918291844714763
17.77,5.99703165898676,5.99963038749279,0.889635950942039
17.772,5.99703565898677,5.99962393355602,0.850784918710327
17.774,5.99703965898676,5.99961518802624,0.8020815138761
17.776,5.99704365898677,5.99960447226789,0.744798186042889
17.778,5.99704765898676,5.99959207195749,0.680046157949343
17.78,5.99705165898677,5.9995782044278,0.608586548766814
17.782,5.99705565898677,5.99956332990395,0.532264860492628
17.784,5.99705965898677,5.9995477801257,0.452290808744104
17.786,5.99706365898677,5.99953199609584,0.370415216871513
17.788,5.99706765898677,5.99951636141772,0.288081752649906
17.79,5.99707165898677,5.99950126269941,0.206782596350777
17.792,5.99707565898677,5.99948713211414,0.128137293829145
17.794,5.99707965898677,5.99947423219496,0.0532386368718928
17.796,5.99708365898677,5.99946299944663,-0.0163048012132893
17.798,5.99708765898677,5.99945373035693,-0.0793301701530406
17.8,5.99709165898677,5.99944669630059,-0.134780108714585
17.802,5.99709565898677,5.99944215644521,-0.181641958443045
17.804,5.99709965898677,5.99944017453199,-0.219587717467777
17.806,5.99710365898677,5.99944090419433,-0.247976785632368
17.808,5.99710765898677,5.99944430458053,-0.266850901966463
17.81,5.99711165898677,5.9994503122987,-0.2763431309807
17.812,5.99711565898677,5.99945879199103,-0.276851689333116
17.814,5.99711965898677,5.99946956039849,-0.268956528650576
17.816,5.99712365898677,5.99948232221483,-0.253654076552834
17.818,5.99712765898677,5.99949674266211,-0.232104219687678
17.82,5.99713165898677,5.99951257024259,-0.205140257791789
17.822,5.99713565898677,5.99952933172772,-0.174448471029071
17.824,5.99713965898677,5.99954664836114,-0.141372013289701
17.826,5.99714365898677,5.99956413598128,-0.107262249531891
17.828,5.99714765898677,5.99958139137138,-0.0735672845387825
17.83,5.99715165898677,5.99959805053704,-0.0415976584562391
17.832,5.99715565898677,5.99961375972488,-0.0126161861406641
17.834,5.99715965898677,5.99962818127344,0.0121711774984952
17.836,5.99716365898677,5.9996408956341,0.0312954775999804
17.838,5.99716765898677,5.99965189154592,0.0446686836451946
17.84,5.99717165898677,5.99966071675071,0.0507360554886109
17.842,5.99717565898677,5.99966735202248,0.0494021348909958
17.844,5.99717965898677,5.99967161002305,0.0400127155943488
17.846,5.99718365898678,5.99967365060738,0.0230982076423159
17.848,5.99718765898678,5.99967346467637,-0.00137417941046102
17.85,5.99719165898678,5.99967115147837,-0.0330561432082764
17.852,5.99719565898678,5.99966692619974,-0.0711911677224892
17.854,5.99719965898678,5.99966093094026,-0.115248488139662
17.856,5.99720365898678,5.99965349740091,-0.164039143282073
17.858,5.99720765898678,5.99964495517627,-0.216364212591918
17.86,5.99721165898678,5.999635664933,-0.27091311617319
17.862,5.99721565898678,5.99962597719465,-0.326387254874845
17.864,5.99721965898678,5.99961625579513,-0.381439758696229
17.866,5.99722365898678,5.99960685689907,-0.434730203393055
17.868,5.99722765898678,5.99959809527046,-0.485083591943242
17.87,5.99723165898678,5.99959027186887,-0.531362396070824
17.872,5.99723565898678,5.99958372748952,-0.572261184620857
17.874,5.99723965898678,5.99957872087101,-0.606815971556696
17.876,5.99724365898678,5.99957539920813,-0.634490863782764
17.878,5.99724765898678,5.99957404091161,-0.65419280111516
17.88,5.99725165898678,5.99957478388579,-0.66536878775247
17.882,5.99725565898678,5.99957759002752,-0.668146672905204
17.884,5.99725965898678,5.99958248813155,-0.662355807882235
17.886,5.99726365898678,5.9995894155248,-0.64817075539844
17.888,5.99726765898678,5.99959830213961,-0.625762740972088
17.89,5.99727165898678,5.99960886483689,-0.596168776276588
17.892,5.99727465898678,5.9996208898801,-0.560124867324066
17.894,5.99727765898678,5.99963413186949,-0.51844705477725
17.896,5.99728065898678,5.99964822832969,-0.472441439563875
17.898,5.99728365898678,5.99966279981488,-0.423591696661336
17.9,5.99728665898678,5.99967754935147,-0.37283498826103
17.902,5.99728765898678,5.99969211492501,-0.321594424036302
17.904,5.99728865898678,5.99970616256594,-0.271084888444354
17.906,5.99728965898678,5.99971938757873,-0.222466657293772
17.908,5.99729065898678,5.99973143372566,-0.177030191140863
17.91,5.99729165898678,5.99974216121234,-0.13543769885929
17.912,5.99728965898678,5.99975123998395,-0.0988582943508724
17.914,5.99728765898678,5.9997583729535,-0.0683891719172782
17.916,5.99728565898678,5.99976359121925,-0.0440664017034814
17.918,5.99728365898678,5.9997667447417,-0.0264691251346745
17.92,5.99728165898678,5.99976778756385,-0.0158323653900507
17.922,5.99727565898678,5.99976670176907,-0.012289713052884
17.924,5.99726965898678,5.9997636160435,-0.0154693584308865
17.926,5.99726365898679,5.99975864433099,-0.0250344284176877
17.928,5.99725765898678,5.99975196385033,-0.0404199730581606
17.93,5.99725165898679,5.99974374539126,-0.0610652952269002
17.932,5.99724265898679,5.99973427899442,-0.0859799136042839
17.934,5.99723365898679,5.99972376373211,-0.11446245749736
17.936,5.99722465898679,5.99971248218804,-0.145505713769046
17.938,5.99721565898679,5.99970070838397,-0.178120896784283
17.94,5.99720665898679,5.99968868269779,-0.211413182207527
17.942,5.99719565898679,5.99967666678643,-0.244421813409537
17.944,5.99718465898679,5.99966486804346,-0.276363986858688
17.946,5.99717365898679,5.99965343821001,-0.306655903870044
17.948,5.99716265898679,5.99964252794467,-0.334668033874833
17.95,5.99715165898679,5.99963218378937,-0.360181026093536
17.952,5.99713965898679,5.99962245269018,-0.382938979709911
17.954,5.99712765898679,5.99961334348789,-0.402823420458316
17.956,5.99711565898679,5.99960483559332,-0.419825724182903
17.958,5.99710365898679,5.99959688601833,-0.434016850655101
17.96,5.99709165898679,5.99958943205206,-0.445519386191658
17.962,5.99707965898679,5.99958237725369,-0.454569427547697
17.964,5.99706765898679,5.99957559565082,-0.461494993294665
17.966,5.99705565898679,5.99956894435102,-0.466779664614908
17.968,5.99704365898679,5.99956228764055,-0.470729490139785
17.97,5.99703165898679,5.99955546952618,-0.473820072399874
17.972,5.99701965898679,5.99954833631172,-0.476546822687978
17.974,5.99700765898679,5.99954072641187,-0.479431343087348
17.976,5.99699565898679,5.99953248187321,-0.4829756124109
17.978,5.99698365898679,5.99952342828141,-0.487704776368156
17.98,5.99697165898679,5.99951348840451,-0.493939712684669
17.982,5.99695965898679,5.9995025595904,-0.501981990311227
17.984,5.99694765898679,5.99949063826883,-0.511906640969155
17.986,5.99693565898679,5.99947773288513,-0.523718367277845
17.988,5.99692365898679,5.99946386913047,-0.537351335374192
17.99,5.99691165898679,5.99944912866314,-0.552605834503004
17.992,5.99689965898679,5.99943355849616,-0.569317715663672
17.994,5.99688765898679,5.9994172333746,-0.587230081804232
17.996,5.99687565898679,5.9994003498341,-0.605887502771704
17.998,5.99686365898679,5.99938296484753,-0.625005703615859
18,5.99685165898679,5.99936523047451,-0.644100648742162
18.002,5.99683965898679,5.99934730953475,-0.662640526523362
18.004,5.99682765898679,5.99932934896133,-0.68020152686478
18.006,5.99681565898679,5.99931147395999,-0.696300822270285
18.008,5.99680365898679,5.99929380140219,-0.71050825648348
18.01,5.99679165898679,5.99927643330225,-0.722486347556549
18.012,5.9967796589868,5.99925948380774,-0.731817502715446
18.014,5.9967676589868,5.99924311381372,-0.737870259011367
18.016,5.9967556589868,5.99922746083564,-0.740176061438061
18.018,5.9967436589868,5.99921270183411,-0.738057123570791
18.02,5.9967316589868,5.99919890573415,-0.731349758849757
18.022,5.9967196589868,5.99918619734558,-0.719585878646902
18.024,5.9967076589868,5.99917465170949,-0.702514951395574
18.026,5.9966956589868,5.99916430629325,-0.680032972090933
18.028,5.9966836589868,5.99915521490818,-0.65193658748765
18.03,5.9966716589868,5.99914731901209,-0.618490247988196
18.032,5.9966596589868,5.99914052508757,-0.580075905611519
18.034,5.9966476589868,5.99913474979748,-0.536984611919377
18.036,5.9966356589868,5.99912985208755,-0.489712521458086
18.038,5.9966236589868,5.9991255920418,-0.439198518909323
18.04,5.9966116589868,5.99912180902974,-0.385965031869267
18.042,5.9965996589868,5.9991182769644,-0.330855044083364
18.044,5.9965876589868,5.99911480046901,-0.274621261514699
18.046,5.9965756589868,5.99911119556841,-0.217932933750159
18.048,5.9965636589868,5.99910731578156,-0.161448784990025
18.05,5.9965516589868,5.99910299795184,-0.105810755538108
18.052,5.9965396589868,5.99909808741003,-0.0516821579528056
18.054,5.9965276589868,5.99909239220705,0.000163338342530021
18.056,5.9965156589868,5.99908570050617,0.0488722596238392
18.058,5.9965036589868,5.99907788247924,0.0938653560607771
18.06,5.9964916589868,5.99906878637106,0.134522117767973
18.062,5.9964796589868,5.99905818604235,0.169960285935079
18.064,5.9964676589868,5.99904598811975,0.199757460036594
18.066,5.9964556589868,5.99903216869422,0.223751549777289
18.068,5.9964436589868,5.99901668234201,0.241710079737605
18.07,5.9964316589868,5.99899954823608,0.253633307232696
18.072,5.9964196589868,5.99898086955032,0.259830354057414
18.074,5.9964076589868,5.99896063688335,0.260175718918776
18.076,5.9963956589868,5.99893917853675,0.255819478451893
18.078,5.9963836589868,5.99891653177091,0.246795300310034
18.08,5.9963716589868,5.99889294738783,0.233938665203846
18.082,5.9963596589868,5.99886870494946,0.21824300316824
18.084,5.9963476589868,5.99884399433145,0.200333732506328
18.086,5.9963356589868,5.99881905626934,0.181040286367874
18.088,5.9963236589868,5.99879415299106,0.161295404557492
18.09,5.9963116589868,5.99876951628327,0.14195711148122
18.092,5.99629965898681,5.99874542327361,0.123978722553893
18.094,5.99628765898681,5.9987221260025,0.108273172775985
18.096,5.99627565898681,5.9986998615399,0.0956876597206964
18.098,5.99626365898681,5.99867885194382,0.0870026327400918
18.1,5.99625165898681,5.99865931503614,0.0829719506644579
18.102,5.99623965898681,5.9986413978603,0.0841116552612721
18.104,5.99622765898681,5.99862519862858,0.0907590358321908
18.106,5.99621565898681,5.99861070443975,0.102877605726992
18.108,5.99620365898681,5.99859806703247,0.120939922441375
18.11,5.99619165898681,5.99858711034603,0.144349851852988
18.112,5.99617965898681,5.99857776506823,0.172840198569118
18.114,5.99616765898681,5.99857002808445,0.206322988798869
18.116,5.99615565898681,5.99856362750741,0.243850789106551
18.118,5.99614365898681,5.99855842391505,0.284859742774377
18.12,5.99613165898681,5.99855412656919,0.328293840918315
18.122,5.99611965898681,5.99855043779773,0.373043573174447
18.124,5.99610765898681,5.99854702365452,0.41790461191875
18.126,5.99609565898681,5.99854354813872,0.461605202334026
18.128,5.99608365898681,5.99853967862096,0.502938523850548
18.13,5.99607165898681,5.99853509825549,0.540736343382822
18.132,5.99606065898681,5.99852951780403,0.573949317455572
18.134,5.99604965898681,5.99852258102072,0.601236405415376
18.136,5.99603865898681,5.99851411197056,0.622017795359973
18.138,5.99602765898681,5.99850381762626,0.635192279840056
18.14,5.99601665898681,5.99849158114618,0.640376443617143
18.142,5.99600765898681,5.99847740750463,0.637648489789549
18.144,5.99599865898681,5.99846112119697,0.626328054720476
18.146,5.99598965898681,5.99844286397374,0.60700120953786
18.148,5.99598065898681,5.99842260236214,0.579519162565052
18.15,5.99597165898681,5.99840056807111,0.544793079234491
18.152,5.99596565898681,5.99837688269157,0.503265282489558
18.154,5.99595965898681,5.99835180087328,0.455893935210423
18.156,5.99595365898681,5.99832564309874,0.403891809113605
18.158,5.99594765898681,5.99829872840775,0.348447741182063
18.16,5.99594165898681,5.99827142039829,0.290889956371393
18.162,5.99593965898681,5.99824410872337,0.232714577930342
18.164,5.99593765898681,5.99821716361059,0.175260684481519
18.166,5.99593565898681,5.99819099463728,0.120033258135033
18.168,5.99593365898681,5.99816591906492,0.0682337564747135
18.17,5.99593165898681,5.99814228906266,0.0211433654767514
18.172,5.99593265898681,5.99812047040537,-0.0199206100681734
18.174,5.99593365898681,5.99810086476012,-0.0535314528994332
18.176,5.99593465898681,5.99808365901151,-0.0790075108871236
18.178,5.99593565898681,5.99806908674142,-0.0955303834238165
18.18,5.99593665898681,5.99805750708885,-0.101864374210625
18.182,5.99593965898682,5.99804878522485,-0.0984698897281919
18.184,5.99594265898681,5.99804316298712,-0.0845405798026811
18.186,5.99594565898682,5.99804045238002,-0.0607482788196185
18.188,5.99594865898682,5.99804056644391,-0.0274401605574914
18.19,5.99595165898682,5.99804334586943,0.0147729986428331
18.192,5.99595565898682,5.99804859847556,0.0651461675879328
18.194,5.99595965898682,5.99805593433486,0.122269400432813
18.196,5.99596365898682,5.9980651200191,0.185233963930158
18.198,5.99596765898682,5.99807584910355,0.252851943621363
18.2,5.99597165898682,5.99808765694353,0.323460129916428
18.202,5.99597565898682,5.99810022646659,0.395819933121163
18.204,5.99597965898682,5.99811316650911,0.468474031029588
18.206,5.99598365898682,5.99812611247107,0.540083902980802
18.208,5.99598765898682,5.99813873148214,0.609388618289423
18.21,5.99599165898682,5.99815069353618,0.675153155058418
18.212,5.99599565898682,5.9981616619844,0.736108840066494
18.214,5.99599965898682,5.99817126077745,0.79082009549239
18.216,5.99600365898682,5.99817936225648,0.83893211365918
18.218,5.99600765898682,5.99818558334323,0.878913405300601
18.22,5.99601165898682,5.99818980096762,0.910321822335341
18.222,5.99601565898682,5.99819196165284,0.932953021457883
18.224,5.99601965898682,5.9981919726721,0.946385207872778
18.226,5.99602365898682,5.9981898851527,0.950774218664963
18.228,5.99602765898682,5.99818576767223,0.946323255688784
18.23,5.99603165898682,5.99817973173287,0.933398791821888
18.232,5.99603565898682,5.99817194041106,0.912562146495178
18.234,5.99603965898682,5.99816258170383,0.884459325420062
18.236,5.99604365898682,5.99815197549141,0.850325237648865
18.238,5.99604765898682,5.99814033149834,0.810816992306911
18.24,5.99605165898682,5.99812801262226,0.767363954302017
18.242,5.99605565898682,5.99811530664741,0.720935115237262
18.244,5.99605965898682,5.99810255052331,0.672837536799991
18.246,5.99606365898682,5.99809005048758,0.624175561881123
18.248,5.99606765898682,5.99807811618596,0.576083946940517
18.25,5.99607165898682,5.99806703857474,0.529634385384257
18.252,5.99607565898682,5.99805713380894,0.485938560234463
18.254,5.99607965898682,5.99804866519334,0.445954986820968
18.256,5.99608365898682,5.99804178775622,0.410295675866695
18.258,5.99608765898682,5.99803672896327,0.379725427006343
18.26,5.99609165898682,5.99803354885544,0.354505897107804
18.262,5.99609565898682,5.99803220723413,0.334565824362661
18.264,5.99609965898682,5.99803277622477,0.320122145784831
18.266,5.99610365898682,5.99803507582223,0.310635145426847
18.268,5.99610765898682,5.99803897338505,0.305673636044047
18.27,5.99611165898683,5.99804433108926,0.304761217187046
18.272,5.99611565898683,5.99805092131837,0.307134234201455
18.274,5.99611965898683,5.99805848332662,0.311914449736197
18.276,5.99612365898682,5.99806676231016,0.318218015667745
18.278,5.99612765898682,5.99807546951036,0.325063908890619
18.28,5.99613165898683,5.99808431965307,0.331457691406432
18.282,5.99613565898683,5.99809303397038,0.336448567837931
18.284,5.99613965898683,5.99810130432592,0.338946435887953
18.286,5.99614365898683,5.99810891595744,0.338331234167363
18.288,5.99614765898683,5.99811560227589,0.333667921045312
18.29,5.99615165898683,5.99812114659439,0.324264789485558
18.292,5.99615565898683,5.99812533299114,0.309433470445512
18.294,5.99615965898683,5.99812813121478,0.28919821054083
18.296,5.99616365898683,5.99812938855904,0.263091305621852
18.298,5.99616765898683,5.99812908246984,0.231140280623482
18.3,5.99617165898683,5.99812724507881,0.193562701307864
18.302,5.99617565898683,5.9981239697795,0.150788675980978
18.304,5.99617965898683,5.99811925926221,0.102926046014728
18.306,5.99618365898683,5.99811343068428,0.0511918441818634
18.308,5.99618765898683,5.99810653036933,-0.00414330617540764
18.31,5.99619165898683,5.99809882124063,-0.0620389926584454
18.312,5.99619565898683,5.99809062839846,-0.12128912591609
18.314,5.99619965898683,5.99808218942445,-0.180924122487837
18.316,5.99620365898683,5.99807383767615,-0.23967134690373
18.318,5.99620765898683,5.99806586246983,-0.296462414872062
18.32,5.99621165898683,5.99805858294454,-0.350065832253871
18.322,5.99621565898683,5.99805225985193,-0.399525459331153
18.324,5.99621965898683,5.99804712811902,-0.443965027384343
18.326,5.99622365898683,5.99804348127318,-0.482258753022851
18.328,5.99622765898683,5.99804137040482,-0.514260703981884
18.33,5.99623165898683,5.99804097872222,-0.539266366485164
18.332,5.99623565898683,5.99804235837162,-0.55709397509487
18.334,5.99623965898683,5.99804545552701,-0.56797377519813
18.336,5.99624365898683,5.99805035735981,-0.571547429788328
18.338,5.99624765898683,5.99805688683979,-0.56850798312223
18.34,5.99625165898683,5.9980649747361,-0.559100105840079
18.342,5.99625565898683,5.99807454535496,-0.543576182285458
18.344,5.99625965898683,5.9980853833768,-0.522749173414859
18.346,5.99626365898683,5.9980972982638,-0.497304483062177
18.348,5.99626765898683,5.99811003414996,-0.468184991206185
18.35,5.99627165898683,5.99812331177974,-0.436414515675834
18.352,5.99627565898683,5.99813684086084,-0.403036387558956
18.354,5.99627965898683,5.99815031197947,-0.369174833876921
18.356,5.99628365898683,5.99816342634588,-0.335915250520404
18.358,5.99628765898683,5.99817584723545,-0.304431452576376
18.36,5.99629165898683,5.99818729374583,-0.275735751250884
18.362,5.99629565898683,5.9981975873614,-0.250482852006528
18.364,5.99629965898683,5.99820634227417,-0.229938490437938
18.366,5.99630365898683,5.99821354087078,-0.214215102928065
18.368,5.99630765898683,5.99821907193021,-0.203678130485819
18.37,5.99631165898683,5.99822281165484,-0.198711353050094
18.372,5.99631465898683,5.99822476653568,-0.199269731856235
18.374,5.99631765898683,5.99822504985187,-0.204958416777091
18.376,5.99632065898683,5.99822372458469,-0.215522608119907
18.378,5.99632365898683,5.9982209332795,-0.23044970705731
18.38,5.99632665898683,5.99821676679439,-0.249358161527585
18.382,5.99632765898684,5.99821143237458,-0.271499026342828
18.384,5.99632865898683,5.99820516554588,-0.296048669054781
18.386,5.99632965898684,5.99819812321731,-0.322373940707451
18.388,5.99633065898684,5.99819053261002,-0.349632211286467
18.39,5.99633165898684,5.99818263525944,-0.376949178590998
18.392,5.99632965898684,5.99817466338869,-0.403468431124432
18.394,5.99632765898684,5.99816686703314,-0.428285657401888
18.396,5.99632565898684,5.9981595206426,-0.450393311803959
18.398,5.99632365898684,5.99815284992852,-0.469066702498341
18.4,5.99632165898684,5.99814713143988,-0.483289348185856
18.402,5.99631565898684,5.99814252232889,-0.492587827741644
18.404,5.99630965898684,5.99813921729612,-0.496280931486709
18.406,5.99630365898684,5.9981373051752,-0.494106694910052
18.408,5.99629765898684,5.99813679975159,-0.486076298557187
18.41,5.99629165898684,5.99813769532204,-0.472239290100614
18.412,5.99628265898684,5.99813990316255,-0.452954616388557
18.414,5.99627365898684,5.99814328643677,-0.428753536494839
18.416,5.99626465898684,5.99814771578521,-0.400098366330708
18.418,5.99625565898684,5.99815288608195,-0.36818742001815
18.42,5.99624665898684,5.99815863550328,-0.333551598124214
18.422,5.99623565898684,5.99816461780765,-0.297519316429964
18.424,5.99622465898684,5.99817053891086,-0.261135023642313
18.426,5.99621365898684,5.99817606073731,-0.225642855961941
18.428,5.99620265898684,5.99818087058575,-0.192186896824758
18.43,5.99619165898684,5.99818466914202,-0.161847016077738
18.432,5.99617965898684,5.99818715546654,-0.135693737215334
18.434,5.99616765898684,5.99818800763001,-0.114848149229521
18.436,5.99615565898684,5.99818688309715,-0.100480075631108
18.438,5.99614365898684,5.99818365661168,-0.0930180687303519
18.44,5.99613165898684,5.99817802329709,-0.0934571589995434
18.442,5.99611965898684,5.9981697998879,-0.102366371645676
18.444,5.99610765898684,5.99815892158641,-0.119900485786638
18.446,5.99609565898684,5.99814542529986,-0.145864443717767
18.448,5.99608365898684,5.99812928143668,-0.180246320330052
18.45,5.99607165898684,5.99811066192077,-0.222368722271906
18.452,5.99605965898684,5.99808970543125,-0.271629633372607
18.454,5.99604765898684,5.99806671710062,-0.326886818427988
18.456,5.99603565898684,5.99804202236534,-0.386946426664806
18.458,5.99602365898684,5.99801586018283,-0.450791347336121
18.46,5.99601165898684,5.99798869242172,-0.516794716664509
18.462,5.99599965898684,5.99796091441827,-0.583414601916624
18.464,5.99598765898684,5.99793297824081,-0.649135694991812
18.466,5.99597565898684,5.99790529768268,-0.712359308703732
18.468,5.99596365898684,5.99787833938027,-0.771375078529322
18.47,5.99595165898684,5.99785244070458,-0.825082741052957
18.472,5.99593965898684,5.99782807020263,-0.871701135368433
18.474,5.99592765898684,5.99780549672188,-0.910372869962961
18.476,5.99591565898684,5.99778510976631,-0.939657735490824
18.478,5.99590365898684,5.99776716062019,-0.958677882431664
18.48,5.99589165898684,5.99775176439041,-0.967074229412432
18.482,5.99587965898685,5.99773912660141,-0.964079125531463
18.484,5.99586765898684,5.99772916449288,-0.950087846530528
18.486,5.99585565898684,5.9977218449732,-0.925258980285177
18.488,5.99584365898684,5.99771716179321,-0.889613836362647
18.49,5.99583165898685,5.99771485541821,-0.844182384507631
18.492,5.99581965898685,5.99771468033225,-0.78991240480878
18.494,5.99580765898685,5.99771633505482,-0.727958457631937
18.496,5.99579565898685,5.99771944846088,-0.659750984954198
18.498,5.99578365898685,5.99772372209556,-0.586358122063822
18.5,5.99577165898685,5.99772864538876,-0.509782013719096
18.502,5.99575965898685,5.99773384583647,-0.43134937965932
18.504,5.99574765898685,5.99773888951206,-0.35271430504093
18.506,5.99573565898685,5.99774334217707,-0.27546371129853
18.508,5.99572365898685,5.99774684511205,-0.200962480621423
18.51,5.99571165898685,5.99774897243593,-0.130737437755893
18.512,5.99569965898685,5.9977495137076,-0.0656225073049087
18.514,5.99568765898685,5.99774798624647,-0.00731162380152815
18.516,5.99567565898685,5.99774426288314,0.0436726640565706
18.518,5.99566365898685,5.99773810221282,0.0864490458687557
18.52,5.99565165898685,5.99772942835329,0.120707878336296
18.522,5.99563965898685,5.99771811647357,0.145988217615045
18.524,5.99562765898685,5.9977041186466,0.162105328825956
18.526,5.99561565898685,5.99768756170444,0.169488811810031
18.528,5.99560365898685,5.99766857493158,0.168589770477414
18.53,5.99559165898685,5.99764723850919,0.15970350204518
18.532,5.99557965898685,5.99762393661549,0.144165567775377
18.534,5.99556765898685,5.99759887072374,0.122697274547976
18.536,5.99555565898685,5.99757240875461,0.0965927240608615
18.538,5.99554365898685,5.99754498087562,0.0673494170602771
18.54,5.99553165898685,5.9975169506427,0.0362501344801354
18.542,5.99551965898685,5.99748873371946,0.00473319282164339
18.544,5.99550765898685,5.99746071485605,-0.0258673403404941
18.546,5.99549565898685,5.99743325711204,-0.054306799326094
18.548,5.99548365898685,5.99740676351718,-0.0792053945982574
18.55,5.99547165898685,5.99738151433042,-0.0996396916978225
18.552,5.99545965898685,5.99735789570509,-0.114307316962334
18.554,5.99544765898685,5.99733612961777,-0.122491104536728
18.556,5.99543565898685,5.99731644856555,-0.123437164318544
18.558,5.99542365898685,5.99729903871784,-0.116561310184656
18.56,5.99541165898685,5.99728377716563,-0.102345410015963
18.562,5.99539965898685,5.99727075331318,-0.0805533093203689
18.564,5.99538765898685,5.99725993421695,-0.05139014203286
18.566,5.99537565898685,5.99725114243772,-0.0155622816290821
18.568,5.99536365898685,5.99724419578022,0.0261978076212048
18.57,5.99535165898685,5.99723886441424,0.0729873532648639
18.572,5.99533965898685,5.99723484542756,0.123657223811954
18.574,5.99532765898685,5.99723182891107,0.177011731583295
18.576,5.99531565898685,5.99722942065478,0.23168018833839
18.578,5.99530365898685,5.99722734703396,0.286539358885126
18.58,5.99529165898685,5.9972252216434,0.340170698517857
18.582,5.99527965898685,5.99722271430962,0.391430361753783
18.584,5.99526765898685,5.99721951501539,0.43919863852955
18.586,5.99525565898685,5.99721522657417,0.481992899735684
18.588,5.99524365898685,5.99720964816347,0.519210979176337
18.59,5.99523165898685,5.99720242164805,0.549535341031704
18.592,5.99521965898685,5.99719337053655,0.572406227677684
18.594,5.99520765898685,5.99718240414219,0.587564476315525
18.596,5.99519565898685,5.99716931901648,0.5942692665819
18.598,5.99518365898685,5.99715426165304,0.593150467375845
18.6,5.99517165898685,5.99713721464597,0.584164966909361
18.602,5.99515965898686,5.99711818156793,0.567342413898616
18.604,5.99514765898686,5.99709743901771,0.543776484925588
18.606,5.99513565898686,5.99707516272026,0.514148378681426
18.608,5.99512365898686,5.9970514735014,0.47889793559089
18.61,5.99511165898686,5.99702678390355,0.439603111764928
18.612,5.99510065898686,5.99700134383794,0.397178945419554
18.614,5.99508965898686,5.99697548519445,0.352855736939652
18.616,5.99507865898686,5.99694954516935,0.307846285661567
18.618,5.99506765898686,5.99692385212974,0.263368762126755
18.62,5.99505665898686,5.99689871663207,0.22052772034257
18.622,5.99504765898686,5.99687445076625,0.180427897081688
18.624,5.99503865898686,5.99685134465389,0.144080541073569
18.626,5.99502965898686,5.99682960385303,0.112198082644681
18.628,5.99502065898686,5.99680950628397,0.0857071810295809
18.63,5.99501165898686,5.99679114697775,0.0649116149634039
18.632,5.99500565898686,5.9967745959616,0.0500169942627131
18.634,5.99499965898686,5.99675998255333,0.0414085800944659
18.636,5.99499365898686,5.9967472857883,0.0389693489234446
18.638,5.99498765898686,5.99673648923928,0.0425859653697726
18.64,5.99498165898686,5.99672745170156,0.0517364607333656
18.642,5.99497965898686,5.99672007595802,0.0660201959714939
18.644,5.99497765898686,5.99671419176926,0.0847884662005842
18.646,5.99497565898686,5.99670960569851,0.107313460534655
18.648,5.99497365898686,5.99670611468201,0.132820878597555
18.65,5.99497165898686,5.99670351760057,0.160516473190711
18.652,5.99497265898686,5.99670153945634,0.189438910906263
18.654,5.99497365898686,5.99669996978231,0.218784584720507
18.656,5.99497465898686,5.99669857498699,0.247733433143847
18.658,5.99497565898686,5.99669715410526,0.275540425370772
18.66,5.99497665898686,5.99669552950364,0.301591515397577
18.662,5.99497965898686,5.99669356582536,0.325452922626027
18.664,5.99498265898686,5.99669116848881,0.346834904779553
18.666,5.99498565898686,5.99668826222098,0.36551432385788
18.668,5.99498865898686,5.99668479222376,0.381351049456586
18.67,5.99499165898686,5.99668073535364,0.394330772335613
18.672,5.99499565898686,5.99667609593552,0.40453164209482
18.674,5.99499965898686,5.99667091303419,0.41214898522559
18.676,5.99500365898686,5.99666525090322,0.417443358482641
18.678,5.99500765898686,5.99665921777676,0.420823635668052
18.68,5.99501165898686,5.99665296030934,0.422893779617941
18.682,5.99501565898686,5.99664657474541,0.423952678226212
18.684,5.99501965898686,5.99664020287437,0.424516308242457
18.686,5.99502365898686,5.99663397313743,0.425072621071334
18.688,5.99502765898686,5.99662803348404,0.42612081459609
18.69,5.99503165898686,5.99662255376523,0.428234927491621
18.692,5.99503565898686,5.99661771776837,0.432013702917362
18.694,5.99503965898686,5.99661368885807,0.43797641297324
18.696,5.99504365898686,5.9966105732206,0.446446582431459
18.698,5.99504765898686,5.99660851604432,0.457817444504483
18.7,5.99505165898686,5.99660754418313,0.472121802622374
18.702,5.99505565898686,5.99660766629597,0.489315050289493
18.704,5.99505965898686,5.99660894276554,0.509449988488016
18.706,5.99506365898686,5.9966113266755,0.532261777134812
18.708,5.99506765898686,5.9966147339882,0.557379833616693
18.71,5.99507165898686,5.99661909533388,0.584448206028039
18.712,5.99507565898686,5.99662433665276,0.613051856861999
18.714,5.99507965898686,5.99663029662032,0.642616058720965
18.716,5.99508365898686,5.99663690325295,0.67264286376452
18.718,5.99508765898686,5.996643973658,0.702545884873896
18.72,5.99509165898686,5.9966514074432,0.731781848843596
18.722,5.99509565898686,5.99665907223121,0.75974283463463
18.724,5.99509965898686,5.99666681985264,0.785865574472377
18.726,5.99510365898686,5.9966744912054,0.809510723353829
18.728,5.99510765898687,5.99668189574709,0.829936445627178
18.73,5.99511165898686,5.99668878562027,0.846142799308401
18.732,5.99511565898687,5.99669498771785,0.857705670635997
18.734,5.99511965898686,5.99670026449657,0.863707553700821
18.736,5.99512365898686,5.99670437839306,0.863310592840364
18.738,5.99512765898687,5.99670727256396,0.856576585952792
18.74,5.99513165898686,5.99670871094298,0.842611282903514
18.742,5.99513565898687,5.99670872535413,0.821827307799135
18.744,5.99513965898687,5.99670723066114,0.794014453792234
18.746,5.99514365898687,5.99670420318453,0.759226437247369
18.748,5.99514765898687,5.9966997177641,0.717919819305894
18.75,5.99515165898687,5.99669394248069,0.670914637224863
18.752,5.99515565898687,5.99668691081041,0.618404106630448
18.754,5.99515965898687,5.99667879812697,0.561177571863888
18.756,5.99516365898687,5.99666980140503,0.500078860000697
18.758,5.99516765898687,5.99666019073535,0.436241694379719
18.76,5.99517165898687,5.99665017250327,0.370482951134649
18.762,5.99517565898687,5.99664004335716,0.303995089676223
18.764,5.99517965898687,5.99663007897043,0.237855073159301
18.766,5.99518365898687,5.99662055671904,0.17314208120984
18.768,5.99518765898687,5.99661174840804,0.110896567555159
18.77,5.99519165898687,5.99660392062971,0.0521223314410998
18.772,5.99519565898687,5.99659732441588,-0.00224922134287801
18.774,5.99519965898687,5.99659224582799,-0.0511782384454963
18.776,5.99520365898687,5.99658886502698,-0.0940209615035975
18.778,5.99520765898687,5.99658725639301,-0.130525404349701
18.78,5.99521165898687,5.99658759160612,-0.160098946349917
18.782,5.99521565898687,5.99658991309344,-0.182615342275396
18.784,5.99521965898687,5.9965941340891,-0.198405955360859
18.786,5.99522365898687,5.99660023533457,-0.207562495585503
18.788,5.99522765898687,5.99660808737974,-0.210568169539359
18.79,5.99523165898687,5.99661763281732,-0.207658596315993
18.792,5.99523565898687,5.99662862791755,-0.199725268868914
18.794,5.99523965898687,5.99664087565667,-0.187498713848123
18.796,5.99524365898687,5.99665407381797,-0.172067717758832
18.798,5.99524765898687,5.99666798064612,-0.15431381637917
18.8,5.99525165898687,5.99668228215621,-0.135359661493507
18.802,5.99525565898687,5.99669667150896,-0.116284418981404
18.804,5.99525965898687,5.9967108539821,-0.0981173441675673
18.806,5.99526365898687,5.9967245385072,-0.0818547994242954
18.808,5.99526765898687,5.99673739572089,-0.0686140921769378
18.81,5.99527165898687,5.99674917243199,-0.0592159092101884
18.812,5.99527565898687,5.99675951946104,-0.0547989376417172
18.814,5.99527965898687,5.99676830703332,-0.0557222736254397
18.816,5.99528365898687,5.99677527782067,-0.0627661999650574
18.818,5.99528765898687,5.99678033677917,-0.0761458047635398
18.82,5.99529165898687,5.99678346228881,-0.0958220201746111
18.822,5.99529565898687,5.99678466806036,-0.121627780163255
18.824,5.99529965898687,5.99678403653753,-0.15316334295155
18.826,5.99530365898687,5.99678155704723,-0.190277811767937
18.828,5.99530765898687,5.99677753445104,-0.231859646013092
18.83,5.99531165898687,5.99677203772896,-0.277459973675352
18.832,5.99531565898687,5.9967653732126,-0.325918270934819
18.834,5.99531965898687,5.99675783957694,-0.376091982401928
18.836,5.99532365898687,5.99674975527504,-0.426813497448218
18.838,5.99532765898687,5.99674142611385,-0.47684044605642
18.84,5.99533165898687,5.99673320441652,-0.524950215723763
18.842,5.99533565898687,5.99672541359022,-0.569955495523363
18.844,5.99533965898687,5.99671835783794,-0.610804220573964
18.846,5.99534365898687,5.99671242421226,-0.64604134379267
18.848,5.99534765898687,5.99670786752657,-0.674880369571525
18.85,5.99535165898687,5.99670501563309,-0.696162740240079
18.852,5.99535565898687,5.99670405120204,-0.709339007423384
18.854,5.99535965898687,5.99670510304657,-0.714047140386441
18.856,5.99536365898687,5.99670828212644,-0.709961093746246
18.858,5.99536765898687,5.99671362953541,-0.697015838494821
18.86,5.99537165898687,5.99672102475325,-0.675779533254657
18.862,5.99537465898687,5.99673040257586,-0.646579248977103
18.864,5.99537765898687,5.99674164584374,-0.609934468298432
18.866,5.99538065898687,5.9967545683147,-0.566619151173963
18.868,5.99538365898687,5.99676890147544,-0.517705412713357
18.87,5.99538665898687,5.99678436499896,-0.464280634215481
18.872,5.99538765898687,5.99680060561778,-0.407694769104432
18.874,5.99538865898687,5.9968172788805,-0.349257979983041
18.876,5.99538965898687,5.9968340419286,-0.290228427251406
18.878,5.99539065898687,5.99685051951888,-0.232003455876288
18.88,5.99539165898687,5.99686636728288,-0.175836478747224
18.882,5.99538965898687,5.99688127364184,-0.122854760722277
18.884,5.99538765898687,5.99689482389994,-0.0745222356545215
18.886,5.99538565898687,5.99690672437197,-0.0318684557934164
18.888,5.99538365898687,5.99691682726857,0.00460196783035203
18.89,5.99538165898687,5.99692479594943,0.0337543501292962
18.892,5.99537765898688,5.99693047113563,0.0550844778356462
18.894,5.99537365898687,5.99693370421593,0.0681425948411096
18.896,5.99536965898688,5.99693458789295,0.0733066507364251
18.898,5.99536565898688,5.99693308881921,0.0705403481892609
18.9,5.99536165898688,5.99692922379435,0.0599951995519206
18.902,5.99535665898688,5.9969230543954,0.0419976345757692
18.904,5.99535165898688,5.99691490470531,0.0177208132522409
18.906,5.99534665898688,5.99690479956615,-0.01259414962009
18.908,5.99534165898688,5.99689309368522,-0.0476478587836898
18.91,5.99533665898688,5.99688009956631,-0.086283845488385
18.912,5.99533165898688,5.99686614097408,-0.127317824607391
18.914,5.99532665898688,5.9968515294938,-0.169585382055442
18.916,5.99532165898688,5.99683661172002,-0.211852484205408
18.918,5.99531665898688,5.99682171276379,-0.252967868625789
18.92,5.99531165898688,5.99680718117722,-0.29166911582702
18.922,5.99530765898688,5.9967932649082,-0.327231488472784
18.924,5.99530365898688,5.99678027901334,-0.358508842905732
18.926,5.99529965898688,5.99676848398711,-0.384652432860699
18.928,5.99529565898688,5.99675808807708,-0.40502408281739
18.93,5.99529165898688,5.99674919780973,-0.419368234390735
18.932,5.99528865898688,5.99674191539558,-0.427414325365569
18.934,5.99528565898688,5.99673635163192,-0.428843927054501
18.936,5.99528265898688,5.99673239315558,-0.424171505295058
18.938,5.99527965898688,5.99672998881999,-0.413648952354201
18.94,5.99527665898688,5.99672902624542,-0.39774882758524
18.942,5.99527465898688,5.99672941581962,-0.376859403381458
18.944,5.99527265898688,5.99673088320033,-0.352051214713782
18.946,5.99527065898688,5.99673332371054,-0.323773389664255
18.948,5.99526865898688,5.99673652503095,-0.29286780797108
18.95,5.99526665898688,5.99674032328754,-0.260005648034272
18.952,5.99526565898688,5.99674448462828,-0.226071943668829
18.954,5.99526465898688,5.99674881911731,-0.191786992887459
18.956,5.99526365898688,5.99675309495878,-0.158022690912561
18.958,5.99526265898688,5.99675709112043,-0.125533034099227
18.96,5.99526165898688,5.9967606031097,-0.0950306996190395
18.962,5.99526165898688,5.99676343433852,-0.0671710273599953
18.964,5.99526165898688,5.99676540711364,-0.0425198446989421
18.966,5.99526165898688,5.99676640801387,-0.0213974603447251
18.968,5.99526165898688,5.99676632609609,-0.00410237282533878
18.97,5.99526165898688,5.9967651301386,0.0093531723137125
18.972,5.99526265898688,5.99676282197488,0.0190706408641452
18.974,5.99526365898688,5.99675941782476,0.0252050827501688
18.976,5.99526465898688,5.99675507161481,0.0283570779279507
18.978,5.99526565898688,5.99674983146642,0.0287908313514604
18.98,5.99526665898688,5.99674386961898,0.0271794433100233
18.982,5.99526865898688,5.99673736324683,0.0242036467799459
18.984,5.99527065898688,5.99673049732351,0.0205509706269926
18.986,5.99527265898688,5.99672344270686,0.0168836981034936
18.988,5.99527465898688,5.99671639277264,0.0138927291790489
18.99,5.99527665898688,5.99670953629176,0.0122301837813656
18.992,5.99527965898688,5.99670310941699,0.0127370355261844
18.994,5.99528265898688,5.996697309319,0.0160314720481293
18.996,5.99528565898688,5.9966923062267,0.0226364460430726
18.998,5.99528865898688,5.99668834779289,0.0333598290477215
19,5.99529165898688,5.99668544856155,0.0480942070483132
19.002,5.99529565898688,5.99668380050365,0.0673966019228701
19.004,5.99529965898688,5.99668345487534,0.0912708276036921
19.006,5.99530365898688,5.99668443279876,0.119612203199846
19.008,5.99530765898688,5.99668678841971,0.15241986655937
19.01,5.99531165898688,5.99669050727129,0.189458114652117
19.012,5.99531665898688,5.9966956100374,0.230576973729648
19.014,5.99532165898688,5.99670195770502,0.275148740541152
19.016,5.99532665898688,5.99670946984847,0.322726288459544
19.018,5.99533165898688,5.99671810539589,0.372892402954723
19.02,5.99533665898688,5.99672764094164,0.424762911532352
19.022,5.99534265898688,5.99673790167155,0.477566399583855
19.024,5.99534865898688,5.99674869978821,0.530419486564219
19.026,5.99535465898688,5.99675978523378,0.582363299176004
19.028,5.99536065898688,5.99677091779428,0.632376460022558
19.03,5.99536665898688,5.99678185098802,0.679607570300668
19.032,5.99537365898688,5.99679230999397,0.722910130993884
19.034,5.99538065898688,5.99680202697266,0.761292774748969
19.036,5.99538765898688,5.99681086621595,0.794468448888646
19.038,5.99539465898688,5.99681852472052,0.821143218630593
19.04,5.99540165898688,5.99682496077442,0.841444677684472
19.042,5.99540965898688,5.99683002979148,0.854895770454106
19.044,5.99541765898688,5.99683365932732,0.861364044772474
19.046,5.99542565898688,5.9968357967879,0.860779465577992
19.048,5.99543365898688,5.99683641773239,0.853161400886177
19.05,5.99544165898688,5.99683568008214,0.839311892529554
19.052,5.99545065898688,5.9968335609858,0.819153682191332
19.054,5.99545965898688,5.99683025705606,0.79357020244945
19.056,5.99546865898688,5.99682590598136,0.763123706145545
19.058,5.99547765898688,5.99682077180513,0.728911815354854
19.06,5.99548665898688,5.99681506995035,0.691754170312082
19.062,5.99549665898688,5.99680908258236,0.65272458506587
19.064,5.99550665898688,5.99680310182808,0.612945276588472
19.066,5.99551665898688,5.99679740441982,0.573434919294433
19.068,5.99552665898688,5.99679229329504,0.535269597931324
19.07,5.99553665898688,5.99678810284402,0.499611208384932
19.072,5.99554765898688,5.99678508226315,0.467351041575083
19.074,5.99555865898688,5.99678343425389,0.43918252923152
19.076,5.99556965898688,5.99678354214968,0.416314563538202
19.078,5.99558065898688,5.99678549948567,0.399042238617891
19.08,5.99559165898688,5.9967894315143,0.387717920468969
19.082,5.99560365898689,5.99679542668077,0.382550157162097
19.084,5.99561565898689,5.99680352945222,0.383579028886899
19.086,5.99562765898689,5.99681364225542,0.390399397727188
19.088,5.99563965898689,5.99682573130201,0.402759453324691
19.09,5.99565165898689,5.99683973829697,0.420282985141931
19.092,5.99566465898689,5.99685527188939,0.441706279874629
19.094,5.99567765898689,5.99687236636444,0.466822697446501
19.096,5.99569065898689,5.99689068832096,0.494472429020486
19.098,5.99570365898689,5.99691000305902,0.523713421036805
19.1,5.99571665898689,5.99693001720491,0.553466055631399
19.102,5.99573065898689,5.99695043545348,0.582658483543383
19.104,5.99574465898689,5.996970964891,0.610259623032568
19.106,5.99575865898689,5.99699130619644,0.635222510686989
19.108,5.99577265898689,5.99701115890253,0.65652615923826
19.11,5.99578665898689,5.99703017367108,0.672922418654409
19.112,5.99580165898689,5.9970481142016,0.68375934833976
19.114,5.99581665898689,5.9970647231889,0.688213829714605
19.116,5.99583165898689,5.99707970091807,0.685267176081652
19.118,5.99584665898689,5.9970930704032,0.675285630919295
19.12,5.99586165898689,5.99710467411498,0.657775039625723
19.122,5.99587765898689,5.99711451877841,0.632924277698494
19.124,5.99589365898689,5.99712261981653,0.600926604319048
19.126,5.99590965898689,5.99712902815377,0.562111963929038
19.128,5.99592565898689,5.99713398302187,0.517544111852684
19.13,5.99594165898689,5.99713763375643,0.467890147875609
19.132,5.99595965898689,5.9971400965546,0.413682359055333
19.134,5.99597765898689,5.99714173677848,0.356378635999642
19.136,5.99599565898689,5.99714281568087,0.297011319816617
19.138,5.99601365898689,5.99714367763321,0.236899551618781
19.14,5.99603165898689,5.99714466785872,0.17734886741239
19.142,5.99605065898689,5.99714610682661,0.1195406122079
19.144,5.99606965898689,5.99714832763753,0.064689846866549
19.146,5.99608865898689,5.99715166725014,0.0140029297582483
19.148,5.99610765898689,5.99715645394466,-0.0313685348776723
19.15,5.99612665898689,5.99716298742295,-0.0703995174669095
19.152,5.99614565898689,5.99717140195298,-0.102675513678715
19.154,5.99616465898689,5.99718204026962,-0.127047727949488
19.156,5.99618365898689,5.99719496163259,-0.143392182999062
19.158,5.99620265898689,5.99721016704563,-0.151786942803107
19.16,5.99622165898689,5.99722769161682,-0.152195826706655
19.162,5.99623965898689,5.99724757133647,-0.144597179736497
19.164,5.99625765898689,5.99726969663874,-0.129483281393311
19.166,5.99627565898689,5.99729386164108,-0.107665911936503
19.168,5.99629365898689,5.99731985702569,-0.0799629516920905
19.17,5.99631165898689,5.99734752074194,-0.047062129768726
19.172,5.99632865898689,5.9973764652497,-0.0103806802451119
19.174,5.99634565898689,5.99740633092589,0.0287679458366484
19.176,5.99636265898689,5.9974367605071,0.0690632283872645
19.178,5.99637965898689,5.99746737169019,0.109113442890234
19.18,5.99639665898689,5.99749779617529,0.147645782541091
19.182,5.99641265898689,5.99752768908774,0.183432965699855
19.184,5.99642865898689,5.997556683599,0.215192335956584
19.186,5.99644465898689,5.99758440751551,0.241664264773139
19.188,5.99646065898689,5.99761066765882,0.262298814246127
19.19,5.99647665898689,5.99763506396898,0.275738836570598
19.192,5.99649165898689,5.99765741281876,0.281480899405493
19.194,5.99650665898689,5.99767760970928,0.279296814895352
19.196,5.99652165898689,5.99769545944839,0.268622080678091
19.198,5.99653665898689,5.99771103339175,0.24985673817277
19.2,5.99655165898689,5.99772436328259,0.223251280679757
19.202,5.99656565898689,5.99773541055351,0.188833149826865
19.204,5.99657965898689,5.99774446674068,0.147767015530664
19.206,5.99659365898689,5.99775169927026,0.100774660215757
19.208,5.99660765898689,5.99775721381292,0.0484216287523811
19.21,5.99662165898689,5.9977614165559,-0.00777547083613571
19.212,5.99663465898689,5.99776457426298,-0.0667404249065502
19.214,5.99664765898689,5.99776703034309,-0.127193370316908
19.216,5.99666065898689,5.99776908767811,-0.187917346924198
19.218,5.99667365898689,5.99777109106418,-0.247716155395374
19.22,5.99668665898689,5.99777334758131,-0.305445146802493
19.222,5.99669865898689,5.99777615468251,-0.360063264072484
19.224,5.99671065898689,5.99777985837931,-0.410304853206755
19.226,5.99672265898689,5.99778474921389,-0.455192796395272
19.228,5.99673465898689,5.99779109440816,-0.49382784112016
19.23,5.99674665898689,5.9977990360404,-0.525799045974062
19.232,5.99675765898689,5.99780878264088,-0.550388944278367
19.234,5.99676865898689,5.99782035434744,-0.567615982950837
19.236,5.99677965898689,5.99783373320482,-0.577617100631382
19.238,5.99679065898689,5.99784887827642,-0.580604277705391
19.24,5.99680165898689,5.99786577489191,-0.576678583681537
19.242,5.99681165898689,5.99788422476132,-0.566659521373405
19.244,5.99682165898689,5.99790409693406,-0.551086865087174
19.246,5.99683165898689,5.99792517487255,-0.530818287353094
19.248,5.99684165898689,5.99794723684139,-0.506706178793335
19.25,5.99685165898689,5.9979699767234,-0.479903825076784
19.252,5.99686065898689,5.99799311108352,-0.45144262582053
19.254,5.99686965898689,5.99801631137542,-0.422513134322714
19.256,5.99687865898689,5.99803926926857,-0.394193145311005
19.258,5.99688765898689,5.99806165996481,-0.367600388910934
19.26,5.99689665898689,5.99808312230273,-0.343944849687203
19.262,5.99690465898689,5.99810339268027,-0.324092365946211
19.264,5.99691265898689,5.99812219378178,-0.308917234618377
19.266,5.99692065898689,5.99813924737703,-0.299255325205447
19.268,5.99692865898689,5.99815449373454,-0.295220630026478
19.27,5.99693665898689,5.99816771538156,-0.297386456177605
19.272,5.99694365898689,5.9981788638472,-0.305763153548079
19.274,5.99695065898689,5.99818803221814,-0.319920748088293
19.276,5.99695765898689,5.99819522164385,-0.339678191101182
19.278,5.99696465898689,5.99820046113079,-0.364725449802537
19.28,5.99697165898689,5.9982040402883,-0.394036680737313
19.282,5.99697765898689,5.99820598817629,-0.427240935605597
19.284,5.99698365898689,5.99820655914376,-0.463318728110251
19.286,5.99698965898689,5.99820608820033,-0.501099984689998
19.288,5.99699565898689,5.99820482861374,-0.539559858942364
19.29,5.99700165898689,5.99820308888035,-0.577494651911187
19.292,5.99700665898689,5.99820120089298,-0.613815924491746
19.294,5.99701165898689,5.99819945251384,-0.647517666032424
19.296,5.99701665898689,5.9981981717658,-0.677345320504884
19.298,5.99702165898689,5.99819765181942,-0.702363985987087
19.3,5.99702665898689,5.99819812006156,-0.721915537077807
19.302,5.99703065898689,5.99819983812188,-0.735122973779339
19.304,5.99703465898689,5.99820301420516,-0.741382665618763
19.306,5.99703865898689,5.9982076935897,-0.740784427663314
19.308,5.99704265898689,5.99821408645892,-0.732627411135641
19.31,5.99704665898689,5.99822213219517,-0.717364158581452
19.312,5.99704965898689,5.99823181577795,-0.695186025412798
19.314,5.99705265898689,5.99824303604524,-0.666615923733562
19.316,5.99705565898689,5.99825574830121,-0.631921597732689
19.318,5.99705865898689,5.99826967223985,-0.592301597450618
19.32,5.99706165898689,5.99828467669542,-0.548315605290231
19.322,5.9970636589869,5.99830043750205,-0.501269940922334
19.324,5.9970656589869,5.99831666075681,-0.452321561771294
19.326,5.99706765898689,5.99833305581062,-0.402583717074907
19.328,5.9970696589869,5.99834930638984,-0.353259529073319
19.33,5.9970716589869,5.99836511774498,-0.30543390007591
19.332,5.9970726589869,5.99838016698214,-0.260266968801741
19.334,5.9970736589869,5.99839413204724,-0.218883987588891
19.336,5.99707465898689,5.99840681366713,-0.181951795352546
19.338,5.99707565898689,5.99841792300945,-0.150421581944708
19.34,5.9970766589869,5.99842719611542,-0.125121057823153
19.342,5.9970766589869,5.99843453854083,-0.106279809505843
19.344,5.9970766589869,5.99843983095063,-0.0941962256589502
19.346,5.9970766589869,5.99844300054815,-0.0889958673512934
19.348,5.9970766589869,5.99844411689411,-0.0903282294721375
19.35,5.9970766589869,5.99844320501449,-0.0979745161694426
19.352,5.9970756589869,5.99844037974299,-0.111418420670819
19.354,5.9970746589869,5.99843573531754,-0.130173652926315
19.356,5.9970736589869,5.99842947726639,-0.153414421769206
19.358,5.9970726589869,5.99842183701073,-0.180231302698517
19.36,5.9970716589869,5.99841304621397,-0.209696397892122
19.362,5.9970696589869,5.99840339426601,-0.240719245313503
19.364,5.9970676589869,5.99839320000381,-0.272184575491887
19.366,5.9970656589869,5.99838275112492,-0.303062514278726
19.368,5.9970636589869,5.99837234776828,-0.332306497991138
19.37,5.9970616589869,5.99836233135868,-0.358663539601337
19.372,5.9970586589869,5.99835295109781,-0.381472242659748
19.374,5.9970556589869,5.99834452563871,-0.399582793318645
19.376,5.9970526589869,5.99833732159965,-0.412168223793245
19.378,5.9970496589869,5.99833147523153,-0.418930114908701
19.38,5.9970466589869,5.99832717390753,-0.419305530913701
19.382,5.9970426589869,5.99832449333882,-0.413184492786466
19.384,5.9970386589869,5.99832338793122,-0.400901165309416
19.386,5.9970346589869,5.99832386176572,-0.382569253674979
19.388,5.9970306589869,5.99832584654074,-0.358577769706319
19.39,5.9970266589869,5.99832923752279,-0.329444815708744
19.392,5.9970216589869,5.99833391066483,-0.295757725108974
19.394,5.9970166589869,5.99833970486924,-0.258234492396409
19.396,5.9970116589869,5.99834636099256,-0.217911472895042
19.398,5.9970066589869,5.99835365676843,-0.17568533210369
19.4,5.9970016589869,5.99836130847124,-0.132657238801051
19.402,5.9969956589869,5.99836901275094,-0.0899382412583727
19.404,5.9969896589869,5.9983764833808,-0.0485875605379755
19.406,5.9969836589869,5.99838340481454,-0.00974380370788679
19.408,5.9969776589869,5.99838946754467,0.0255123295724909
19.41,5.9969716589869,5.99839433938237,0.0560414479046368
19.412,5.9969656589869,5.9983978591233,0.0813735043517553
19.414,5.9969596589869,5.99839965444283,0.100248104072184
19.416,5.9969536589869,5.99839954259458,0.112159117939074
19.418,5.9969476589869,5.99839749994391,0.117163050609384
19.42,5.9969416589869,5.99839335060552,0.114776571090491
19.422,5.9969356589869,5.99838710952181,0.105202099227201
19.424,5.9969296589869,5.99837881756576,0.0887300347161008
19.426,5.9969236589869,5.99836854309678,0.0657515982253926
19.428,5.9969176589869,5.99835643863196,0.0369422552933563
19.43,5.9969116589869,5.99834262123351,0.00287550654358881
19.432,5.9969056589869,5.99832732333199,-0.0354921307652738
19.434,5.9968996589869,5.99831089825167,-0.0768488382204641
19.436,5.9968936589869,5.99829363223445,-0.120087306572402
19.438,5.9968876589869,5.99827585953848,-0.163970298934539
19.44,5.9968816589869,5.99825791831118,-0.20723607157907
19.442,5.9968756589869,5.99824014386993,-0.248705475131458
19.444,5.9968696589869,5.99822286341729,-0.287221102956316
19.446,5.9968636589869,5.99820644350144,-0.321477459723894
19.448,5.9968576589869,5.99819107060818,-0.351000873105523
19.45,5.9968516589869,5.99817714440213,-0.374344895906479
19.452,5.9968456589869,5.99816489311632,-0.390839969255437
19.454,5.9968396589869,5.99815443181981,-0.400238054506685
19.456,5.9968336589869,5.9981459778895,-0.401865928743244
19.458,5.9968276589869,5.99813951286529,-0.395950523691364
19.46,5.9968216589869,5.99813505697712,-0.382545829268341
19.462,5.9968156589869,5.99813255220515,-0.361993161334265
19.464,5.9968096589869,5.99813200161653,-0.334424433270226
19.466,5.9968036589869,5.99813307126471,-0.301163913698076
19.468,5.9967976589869,5.99813570734144,-0.26254186976561
19.47,5.9967916589869,5.99813961980775,-0.219723637396574
19.472,5.9967856589869,5.99814444603513,-0.174076720724252
19.474,5.9967796589869,5.99814991586296,-0.126665106735352
19.476,5.9967736589869,5.9981556948728,-0.0787563040687391
19.478,5.9967676589869,5.99816144108432,-0.0315819499006129
19.48,5.9967616589869,5.99816683551217,0.0137023685492095
19.482,5.9967556589869,5.99817155993494,0.0559836993151604
19.484,5.9967496589869,5.99817523881714,0.0939452601276314
19.486,5.9967436589869,5.99817765742195,0.126932876905409
19.488,5.9967376589869,5.99817843902561,0.153664724935223
19.49,5.9967316589869,5.99817744448607,0.173787229503471
19.492,5.9967256589869,5.99817449438118,0.186781641471974
19.494,5.9967196589869,5.99816946204901,0.192326409844795
19.496,5.9967136589869,5.99816242057361,0.190810120334458
19.498,5.9967076589869,5.99815334740631,0.182279679214162
19.5,5.9967016589869,5.99814233310681,0.167181680254916
19.502,5.9966956589869,5.99812936972194,0.145661790063117
19.504,5.9966896589869,5.99811482841502,0.119093691360538
19.506,5.9966836589869,5.99809873826575,0.0877582121566987
19.508,5.9966776589869,5.99808142414625,0.052889045874643
19.51,5.9966716589869,5.9980631983318,0.015638335480488
19.512,5.9966656589869,5.99804435506031,-0.0228929544624794
19.514,5.9966596589869,5.99802521935762,-0.0615096472922677
19.516,5.9966536589869,5.99800612325869,-0.099055526802901
19.518,5.9966476589869,5.99798739644259,-0.134376344988431
19.52,5.9966416589869,5.99796941651247,-0.166140441123288
19.522,5.9966356589869,5.99795237758645,-0.193834326548927
19.524,5.9966296589869,5.99793671844207,-0.215886461319269
19.526,5.9966236589869,5.99792255031622,-0.232085790179712
19.528,5.9966176589869,5.99791017214051,-0.241464270703858
19.53,5.9966116589869,5.99789960553385,-0.244106353605842
19.532,5.9966056589869,5.99789100754909,-0.239585363109121
19.534,5.9965996589869,5.99788433676018,-0.228195397896947
19.536,5.9965936589869,5.99787955032416,-0.210230331385556
19.538,5.9965876589869,5.99787654336056,-0.186197527633352
19.54,5.9965816589869,5.9978752676646,-0.156428553169192
19.542,5.9965756589869,5.99787554506173,-0.121692083675985
19.544,5.9965696589869,5.99787713048551,-0.082974999429266
19.546,5.9965636589869,5.99787977173774,-0.0412868721793038
19.548,5.9965576589869,5.99788317368565,0.00224621155724053
19.55,5.9965516589869,5.99788702896496,0.046447296145521
19.552,5.9965456589869,5.9978910090923,0.0901461080231743
19.554,5.9965396589869,5.99789481343292,0.132236359757561
19.556,5.9965336589869,5.99789812044957,0.171565946225982
19.558,5.9965276589869,5.99790059490339,0.20697063694799
19.56,5.9965216589869,5.99790200755285,0.237744038882061
19.562,5.9965156589869,5.99790207000799,0.262918627230003
19.564,5.9965096589869,5.9979005067525,0.281616948072639
19.566,5.9965036589869,5.99789723798996,0.293726615421013
19.568,5.9964976589869,5.99789215742056,0.298999029242573
19.57,5.9964916589869,5.99788512528183,0.297068490686834
19.572,5.9964856589869,5.99787621428112,0.288343098582528
19.574,5.9964796589869,5.99786543024477,0.272979773023133
19.576,5.9964736589869,5.997852822825,0.251305983240549
19.578,5.9964676589869,5.99783873242263,0.224632810158543
19.58,5.9964616589869,5.99782313762594,0.193050102715387
19.582,5.9964556589869,5.99780636963684,0.157829295663417
19.584,5.9964496589869,5.99778870161024,0.120031141383268
19.586,5.9964436589869,5.99777042359969,0.0807547118054667
19.588,5.9964376589869,5.99775184028968,0.0411381316459886
19.59,5.9964316589869,5.99773326463469,0.00231404472389108
19.592,5.9964256589869,5.9977149997448,-0.0346601330669001
19.594,5.9964196589869,5.99769738784981,-0.0685711754264105
19.596,5.9964136589869,5.9976807039293,-0.0985424337214584
19.598,5.9964076589869,5.99766515997254,-0.123915090549791
19.6,5.9964016589869,5.99765116407636,-0.143298950045317
19.602,5.9963956589869,5.99763874036466,-0.156791321097442
19.604,5.9963896589869,5.99762809114685,-0.163789810470461
19.606,5.9963836589869,5.99761934534,-0.163981006234345
19.608,5.9963776589869,5.99761243959487,-0.157730853994524
19.61,5.9963716589869,5.99760736645626,-0.145199653228942
19.612,5.9963656589869,5.99760406326649,-0.126751338614731
19.614,5.9963596589869,5.99760239378232,-0.103011746106981
19.616,5.9963536589869,5.99760216954042,-0.074768595366286
19.618,5.9963476589869,5.99760323031641,-0.0427473217968002
19.62,5.9963416589869,5.99760527155422,-0.00809118274555855
19.622,5.9963356589869,5.99760805348277,0.0282369673228381
19.624,5.9963296589869,5.99761128445638,0.0651223342057631
19.626,5.9963236589869,5.99761464674701,0.101448570096014
19.628,5.9963176589869,5.99761784333142,0.136127674848145
19.63,5.9963116589869,5.9976205477641,0.168006310318458
19.632,5.9963056589869,5.997622424957,0.195949948930779
19.634,5.9962996589869,5.99762325681455,0.219320120919102
19.636,5.9962936589869,5.99762267852758,0.236851518671594
19.638,5.9962876589869,5.99762053372395,0.248171462798635
19.64,5.9962816589869,5.99761670487146,0.253018655242125
19.642,5.9962756589869,5.99761103582895,0.250982250408422
19.644,5.9962696589869,5.99760350564745,0.242159963330165
19.646,5.9962636589869,5.99759410778026,0.226692588501445
19.648,5.9962576589869,5.99758290421468,0.204964809787485
19.65,5.99625165898691,5.99756990644012,0.17720332401946
19.652,5.99624565898691,5.99755543556307,0.144659858909153
19.654,5.99623965898691,5.99753950764272,0.107578814334378
19.656,5.9962336589869,5.9975223931823,0.0670449198468634
19.658,5.9962276589869,5.99750440335736,0.024228615603666
19.66,5.9962216589869,5.99748580316309,-0.0198423768064535
19.662,5.99621565898691,5.99746690778763,-0.0639563818400193
19.664,5.9962096589869,5.9974480493182,-0.106978534574864
19.666,5.9962036589869,5.99742953942885,-0.147775989467747
19.668,5.9961976589869,5.99741172461535,-0.185114951898401
19.67,5.9961916589869,5.99739484379999,-0.218267329504864
19.672,5.9961856589869,5.99737923444818,-0.246044702830554
19.674,5.9961796589869,5.9973651692578,-0.267583047662416
19.676,5.9961736589869,5.99735271421576,-0.28282232182595
19.678,5.9961676589869,5.99734206617514,-0.291165811704461
19.68,5.9961616589869,5.99733329770413,-0.292500153952477
19.682,5.9961556589869,5.99732646441077,-0.286768741708181
19.684,5.9961496589869,5.99732150449355,-0.274334214328303
19.686,5.9961436589869,5.99731833476665,-0.255626243849823
19.688,5.9961376589869,5.99731692177352,-0.230919480668848
19.69,5.9961316589869,5.99731694504915,-0.201441963445214
19.692,5.99612565898691,5.99731837939443,-0.167456370148425
19.694,5.9961196589869,5.99732086978333,-0.130293836520582
19.696,5.99611365898691,5.99732417477143,-0.0909282177551477
19.698,5.99610765898691,5.99732797395463,-0.05056171504848
19.7,5.99610165898691,5.99733195008458,-0.0103370635683517
19.702,5.99609565898691,5.99733581134484,0.0286744041212206
19.704,5.99608965898691,5.99733925363686,0.065397750677053
19.706,5.9960836589869,5.99734192913924,0.0986055151454652
19.708,5.9960776589869,5.99734359845993,0.127556488892161
19.71,5.9960716589869,5.99734398418471,0.151342420017278
19.712,5.99606565898691,5.9973427993744,0.169052773442354
19.714,5.9960596589869,5.99733997752436,0.180616208573129
19.716,5.99605365898691,5.99733525648415,0.18522650321879
19.718,5.99604765898691,5.99732867642573,0.183185468858967
19.72,5.99604165898691,5.9973202040358,0.174516247082298
19.722,5.99603565898691,5.99730988010603,0.159503072461049
19.724,5.99602965898691,5.99729775914748,0.138490949312219
19.726,5.99602365898691,5.99728409542061,0.11248605616727
19.728,5.99601765898691,5.99726890442131,0.0817321400769793
19.73,5.99601165898691,5.99725252267216,0.0474934791960367
19.732,5.99600565898691,5.99723516192134,0.0106533503391064
19.734,5.99599965898691,5.99721711838237,-0.0276713807564316
19.736,5.99599365898691,5.99719868636593,-0.066349130551729
19.738,5.99598765898691,5.9971801817258,-0.104297123441694
19.74,5.99598165898691,5.99716189517635,-0.14045904460517
19.742,5.99597565898691,5.99714414557197,-0.173714503807514
19.744,5.99596965898691,5.99712727637762,-0.202890594266831
19.746,5.99596365898691,5.99711148336564,-0.22744316214749
19.748,5.99595765898691,5.99709712499503,-0.246140436049762
19.75,5.99595165898691,5.99708442226399,-0.258344135384948
19.752,5.99594565898691,5.99707344183726,-0.263981297145524
19.754,5.99593965898691,5.99706439554789,-0.262420103655988
19.756,5.99593365898691,5.99705722726901,-0.254021768525776
19.758,5.99592765898691,5.99705193904149,-0.238916731739347
19.76,5.99592165898691,5.99704841993787,-0.217637480696725
19.762,5.99591565898691,5.99704667561069,-0.190329581177062
19.764,5.99590965898691,5.99704644396392,-0.158052246020511
19.766,5.99590365898691,5.99704760900945,-0.12137419033228
19.768,5.99589765898691,5.9970498871121,-0.0814116286690179
19.77,5.99589165898691,5.9970530253721,-0.0391816113388289
19.772,5.99588565898691,5.99705670333956,0.00413651320330592
19.774,5.99587965898691,5.99706062929089,0.0474204442053835
19.776,5.99587365898691,5.99706448441081,0.0895297604043531
19.778,5.99586765898691,5.9970679515455,0.12933034002832
19.78,5.99586165898691,5.99707067124283,0.165537151697357
19.782,5.99585565898691,5.99707241563445,0.197476030144142
19.784,5.99584965898691,5.99707288930827,0.224132375383042
19.786,5.99584365898691,5.99707175716883,0.244388560537107
19.788,5.99583765898691,5.99706898272377,0.258306043771756
19.79,5.99583165898691,5.99706441157137,0.26545128967413
19.792,5.99582565898691,5.99705795095181,0.265635832764194
19.794,5.99581965898691,5.99704954309775,0.258804065679254
19.796,5.99581365898691,5.99703927425738,0.245412638176172
19.798,5.99580765898691,5.99702721805377,0.225865167352166
19.8,5.99580165898691,5.99701342894673,0.20051859330505
19.802,5.99579565898691,5.99699818473744,0.170455329773184
19.804,5.99578965898691,5.99698161350842,0.136274336361915
19.806,5.99578365898691,5.99696401712277,0.0991324857539321
19.808,5.99577765898691,5.9969457014035,0.0601672183151172
19.81,5.99577165898691,5.99692696898002,0.0205219671440851
19.812,5.99576565898691,5.9969081564894,-0.0185992333627257
19.814,5.99575965898691,5.9968895903457,-0.056027559172051
19.816,5.99575365898691,5.99687158697337,-0.0906775206288376
19.818,5.99574765898691,5.99685449649583,-0.121337577713672
19.82,5.99574165898691,5.99683849607348,-0.147509981187755
19.822,5.99573565898691,5.99682399532437,-0.167770329602403
19.824,5.99572965898691,5.99681105593637,-0.182081869015297
19.826,5.99572365898691,5.99679991790125,-0.189704988242391
19.828,5.99571765898691,5.99679068826593,-0.190414659553358
19.83,5.99571165898691,5.99678336228014,-0.18437799367073
19.832,5.99570565898691,5.99677794294533,-0.171723867111956
19.834,5.99569965898691,5.99677434173957,-0.152899351829992
19.836,5.99569365898691,5.9967725768757,-0.128013164802193
19.838,5.99568765898691,5.99677229754427,-0.0983832797732465
19.84,5.99568165898691,5.99677348638491,-0.0642605591504152
19.842,5.99567565898691,5.99677584433962,-0.026818645249536
19.844,5.99566965898691,5.99677903216587,0.0127039129853394
19.846,5.99566365898691,5.99678280440332,0.0533092765628104
19.848,5.99565765898691,5.99678682970058,0.0937720128090336
19.85,5.99565165898691,5.99679079558002,0.132975439367198
19.852,5.99564565898691,5.99679440738693,0.169897452259744
19.854,5.99563965898691,5.99679730966676,0.203241713573346
19.856,5.99563365898691,5.99679922951379,0.232161916232302
19.858,5.99562765898691,5.99679993646382,0.255937565869785
19.86,5.99562165898691,5.99679907041069,0.273348070373479
19.862,5.99561565898691,5.99679652493176,0.284205473576357
19.864,5.99560965898691,5.99679221155911,0.288339260187096
19.866,5.99560365898691,5.99678591080648,0.285093254996134
19.868,5.99559765898691,5.99677772747846,0.27500811477036
19.87,5.99559165898691,5.9967676697711,0.25825249295607
19.872,5.99558565898691,5.99675585432734,0.235380792498438
19.874,5.99557965898691,5.99674229578548,0.206620205059483
19.876,5.99557365898691,5.9967273354943,0.173278864673617
19.878,5.99556765898691,5.99671104725194,0.135790776220728
19.88,5.99556165898691,5.99669371487605,0.095280681430618
19.882,5.99555565898691,5.99667565837631,0.052934809320745
19.884,5.99554965898691,5.99665714141041,0.00977508466210683
19.886,5.99554365898691,5.99663847088349,-0.0330629221980146
19.888,5.99553765898691,5.99661995666849,-0.0744856881640548
19.89,5.99553165898691,5.99660189059307,-0.113491533876685
19.892,5.99552565898691,5.99658462825584,-0.148812061183464
19.894,5.99551965898691,5.99656842466057,-0.179653720454221
19.896,5.99551365898691,5.99655360150946,-0.204931058565779
19.898,5.99550765898691,5.9965403713151,-0.224017112788058
19.9,5.99550165898691,5.99652886394607,-0.236582722003122
19.902,5.99549565898691,5.99651921421796,-0.242265865285783
19.904,5.99548965898691,5.99651152044939,-0.240847718598799
19.906,5.99548365898691,5.99650567817961,-0.232832396650934
19.908,5.99547765898691,5.9965016746325,-0.218391182644776
19.91,5.99547165898691,5.99649948546231,-0.19775783031637
19.912,5.99546565898691,5.9964988071161,-0.172108569698548
19.914,5.99545965898691,5.9964996287795,-0.141648539844939
19.916,5.99545365898691,5.99650163758547,-0.10757174634871
19.918,5.99544765898691,5.99650461949787,-0.070758841472388
19.92,5.99544165898691,5.99650825835341,-0.0323857245619311
19.922,5.99543565898691,5.99651225829501,0.0064126876206522
19.924,5.99542965898691,5.99651629524848,0.0445132292188696
19.926,5.99542365898691,5.99652006758918,0.080821428504095
19.928,5.99541765898691,5.99652324428074,0.114168109790944
19.93,5.99541165898691,5.99652555009494,0.143662456178857
19.932,5.99540565898691,5.99652667459679,0.168254675427888
19.934,5.99539965898691,5.99652641608353,0.187349878699366
19.936,5.99539365898691,5.99652446924218,0.199972381178671
19.938,5.99538765898691,5.99652081239443,0.206220644356904
19.94,5.99538165898691,5.99651524850155,0.205531833748155
19.942,5.99537565898691,5.99650782639823,0.198240441597061
19.944,5.99536965898691,5.99649853276035,0.184444696902638
19.946,5.99536365898691,5.9964874627034,0.164619242271477
19.948,5.99535765898691,5.99647464386815,0.139022196624435
19.95,5.99535165898691,5.9964602430877,0.108384753499496
19.952,5.99534565898691,5.99644451510285,0.0737110994517955
19.954,5.99533965898691,5.99642767732718,0.035903643051335
19.956,5.99533365898691,5.99641006350351,-0.00381381429616412
19.958,5.99532765898691,5.99639195989323,-0.044347531551224
19.96,5.99532165898691,5.99637369363262,-0.0844838532942206
19.962,5.99531565898691,5.99635558590273,-0.123088715751511
19.964,5.99530965898691,5.9963379349645,-0.15913163576666
19.966,5.99530365898691,5.9963210820218,-0.191400099929308
19.968,5.99529765898691,5.99630529242045,-0.219049231325737
19.97,5.99529165898691,5.99629083320965,-0.241209807515755
19.972,5.99528565898691,5.99627794265328,-0.257154789971737
19.974,5.99527965898691,5.99626680265062,-0.26637499404566
19.976,5.99527365898691,5.99625746398179,-0.268844563418756
19.978,5.99526765898691,5.99625011146621,-0.264038546725476
19.98,5.99526165898691,5.99624461388722,-0.252576184282608
19.982,5.99525565898691,5.99624097973841,-0.234560166408095
19.984,5.99524965898691,5.99623914008929,-0.21037915712475
19.986,5.99524365898691,5.9962389019644,-0.18084919222307
19.988,5.99523765898691,5.99624011847713,-0.146624139485477
19.99,5.99523165898691,5.99624257654106,-0.108598707804748
19.992,5.99522565898691,5.99624596118539,-0.0679761926248609
19.994,5.99521965898691,5.9962499908295,-0.0258403293866233
19.996,5.99521365898691,5.99625435426343,0.0166284390988245
19.998,5.99520765898691,5.99625873256112,0.0582812476176327
20,5.99520165898691,5.99626283390348,0.0980963825765069
