t,x_ref,x_meas,pitch_deg
0,0,0,-0
0.002,0,1.35593028917498e-15,4.50609480099098e-12
0.004,0,3.45936491887329e-13,1.14961619728654e-09
0.006,0,3.94278738964736e-12,1.31026701404572e-08
0.008,0,2.14258611807965e-11,7.12023946777821e-08
0.01,0,8.4681734238023e-11,2.81413863426806e-07
0.012,0,2.28785504703213e-10,7.60297011733968e-07
0.014,0,5.65873776198218e-10,1.88049241746796e-06
0.016,0,1.23212623232037e-09,4.09450712714052e-06
0.018,0,2.32347241914629e-09,7.72105834850666e-06
0.02,0,4.21912534513943e-09,1.40200138672132e-05
0.022,0,7.46381751017827e-09,2.4800404701473e-05
0.024,0,1.19215004064442e-08,3.96091029801502e-05
0.026,0,1.7920527279205e-08,5.95363046283284e-05
0.028,0,2.79451577568345e-08,9.28219156871372e-05
0.03,0,3.92708939507198e-08,0.000130421264914553
0.032,0,5.65853791452513e-08,0.000187869495476448
0.034,0,7.79541847480736e-08,0.000258721856954277
0.036,0,1.06719622245036e-07,0.000354028482590233
0.038,0,1.38356594023316e-07,0.000458791571928324
0.04,0,1.84808969944874e-07,0.00061234437359021
0.042,0,2.31261345866433e-07,0.000765897175252096
0.044,0,2.96496311590437e-07,0.000981018946580404
0.046,0,3.69699436631989e-07,0.00122214117782441
0.048,0,4.57364620859051e-07,0.00151034010027234
0.05,0,5.61958250602982e-07,0.00185331657054782
0.052,0,6.83780191483985e-07,0.00225158074066467
0.054,0,8.21919600306095e-07,0.00270168489272996
0.056,0,9.77370425956431e-07,0.00320594982138543
0.058,0,1.14994180099296e-06,0.00376249303203821
0.06,0,1.34118216917763e-06,0.00437445241919033
0.062,0,1.54386773324653e-06,0.00501951907038557
0.064,0,1.76280189026605e-06,0.00571056425838778
0.066,0,2.00676666458825e-06,0.00646894671050614
0.068,0,2.2558370680574e-06,0.0072403235093946
0.07,0,2.54728846988992e-06,0.00811854552356353
0.072,0,2.83873987172244e-06,0.00899676753773247
0.074,0,3.142476835594e-06,0.00990417363082339
0.076,0,3.50477846891863e-06,0.0109506987914772
0.078,0,3.86708010224325e-06,0.011997223952131
0.08,0,4.25349397976502e-06,0.0130982416757458
0.082,0,4.71104969771871e-06,0.0143600366869161
0.084,0,5.1686054156724e-06,0.0156218316980864
0.086,0,5.6566414517737e-06,0.0169504730196031
0.088,0,6.20576532997123e-06,0.0184130859365403
0.09,0,6.80202991188761e-06,0.019975981100492
0.092,0,7.44819653272614e-06,0.0216426352848204
0.094,0,8.15431259244609e-06,0.0234261524968675
0.096,0,8.90512168914489e-06,0.0252814972195932
0.098,0,9.69529420324435e-06,0.0271718669745597
0.1,0,1.05064826023164e-05,0.029031764117462
0.102,0,1.13189130447575e-05,0.0307892314349235
0.104,0,1.21115755334212e-05,0.0323668109416878
0.106,0,1.286300230195e-05,0.0336865182346148
0.108,0,1.3552849038956e-05,0.0346754407772589
0.11,0,1.41513086060364e-05,0.0352141871385707
0.112,0,1.46625163707205e-05,0.0353416638767798
0.114,0,1.50569114722241e-05,0.0349317915401282
0.116,0,1.53485992428845e-05,0.0340536675703295
0.118,0,1.5550978895661e-05,0.0327659294922799
0.12,0,1.56624858546391e-05,0.0310510621487559
0.122,0,1.5710240988919e-05,0.0290127171975667
0.124,0,1.57253456378378e-05,0.0267619093629122
0.126,0,1.57518330121855e-05,0.0244483284459073
0.128,0,1.58394034401388e-05,0.0222537142044795
0.13,0,1.60396195765639e-05,0.020357485321655
0.132,0,1.64045417348734e-05,0.0189394425068346
0.134,0,1.69825469398457e-05,0.0181653526115562
0.136,0,1.78138766620201e-05,0.0181716835209081
0.138,0,1.89264177240047e-05,0.0190511988591385
0.14,0,2.03568903928782e-05,0.0209167431191278
0.142,0,2.20373530693741e-05,0.0235512672313435
0.144,0,2.39919888557282e-05,0.0270159490170827
0.146,0,2.61832815486712e-05,0.0311655507529263
0.148,0,2.85069342525061e-05,0.0356592883308629
0.15,0,3.09103603264537e-05,0.0402848919095792
0.152,0,3.32897018928021e-05,0.0446998007249924
0.154,0,3.55340554936502e-05,0.0485056344671372
0.156,0,3.75422141210191e-05,0.0513582418074319
0.158,0,3.92068956945828e-05,0.0528900307901776
0.16,0,4.04281684178314e-05,0.0527630672208433
0.162,0,4.11214632094146e-05,0.0506964042740023
0.164,0,4.12373962745111e-05,0.0465356029082665
0.166,0,4.07453187862988e-05,0.040190753614134
0.168,0,3.9615196022374e-05,0.0315752531088705
0.17,0,3.79763969847146e-05,0.0211639976231675
0.172,0,3.59105477140095e-05,0.00925794008651968
0.174,0,3.35920266228749e-05,-0.00351972024835284
0.176,0,3.12168085197942e-05,-0.0164765282794093
0.178,0,2.90349479978033e-05,-0.0287295983619654
0.18,0,2.72662846050435e-05,-0.039512927989506
0.182,0,2.61933623422429e-05,-0.047840266291043
0.184,0,2.59942256569804e-05,-0.0531009102805362
0.186,0,2.6859022323302e-05,-0.0546433382719014
0.188,0,2.90261412658435e-05,-0.0516583590376307
0.19,0,3.24546505268639e-05,-0.0443119388183223
0.192,0,3.72060315423479e-05,-0.032419185146336
0.194,0,4.33661791540923e-05,-0.0157272801138274
0.196,0,5.07640034856606e-05,0.0051304357627891
0.198,0,5.92607593257712e-05,0.0296246016249985
0.2,0,6.86247824953111e-05,0.0569037667333318
0.202,0,7.85592808517799e-05,0.0858871080043331
0.204,0,8.8681358030665e-05,0.115216193096849
0.206,0,9.85826648685232e-05,0.143443802990723
0.208,0,0.000107829264026262,0.169049039917647
0.21,0,0.000115918889188028,0.190268216006472
0.212,0,0.00012256684757088,0.20614893073329
0.214,0,0.000127293376277826,0.215015449724679
0.216,0,0.00012988889824136,0.216181375601748
0.218,0,0.000130211391175639,0.209195284148313
0.22,0,0.000128261901000425,0.194113851344142
0.222,0,0.000123985071314174,0.170791827976038
0.224,0,0.000117582919548493,0.13999618915308
0.226,0,0.000109148716068875,0.102112234234419
0.228,0,9.89950267268484e-05,0.058292388620852
0.23,0,8.73918204436405e-05,0.009536960028543
0.232,0,7.46342255517559e-05,-0.043066717608864
0.234,0,6.10495868411479e-05,-0.0983215115584103
0.236,0,4.69912103312158e-05,-0.154942326158505
0.238,0,3.28182623139119e-05,-0.21166539712661
0.24,0,1.89598868259191e-05,-0.266895691498155
0.242,0,5.65745242952152e-06,-0.319870116088419
0.244,0,-6.60166172396372e-06,-0.368800048858976
0.246,0,-1.74378343944634e-05,-0.412366620988946
0.248,0,-2.65082836564991e-05,-0.449373065879167
0.25,0,-3.35331172789056e-05,-0.478845333932446
0.252,0,-3.82565869103734e-05,-0.499887858509367
0.254,0,-4.05423222206705e-05,-0.512034868982372
0.256,0,-4.00422827494879e-05,-0.51404445700722
0.258,0,-3.69207212197211e-05,-0.506531373275062
0.26,0,-3.11189839430452e-05,-0.489290960684825
0.262,0,-2.27374905341198e-05,-0.462688507603171
0.264,0,-1.19530030247792e-05,-0.427358846489404
0.266,0,9.48343077559134e-07,-0.384327798559574
0.268,0,1.57501455638193e-05,-0.334362660050233
0.27,0,3.20938197362669e-05,-0.278742624060666
0.272,0,4.9574739673287e-05,-0.218915419489555
0.274,0,6.78250884633269e-05,-0.156193235691713
0.276,0,8.64593239665077e-05,-0.0919554841335312
0.278,0,0.00010513682215332,-0.0274241733149314
0.28,0,0.000123505000045607,0.0361350955277778
0.282,0,0.000141250887325779,0.0975888810809952
0.284,0,0.000158087089106674,0.155884651926299
0.286,0,0.000173857680073938,0.210426710090706
0.288,0,0.000188352580894821,0.260425515858634
0.29,0,0.000201330751608467,0.304968089997164
0.292,0,0.000212764422235427,0.343906918278865
0.294,0,0.000222500624887087,0.376644917640451
0.296,0,0.000230213249646414,0.401945724625491
0.298,0,0.000236081774145555,0.420435470271892
0.3,0,0.000239768683629765,0.430841962177498
0.302,0,0.000241162117252043,0.432730391045808
0.304,0,0.000240262687712853,0.426092844899247
0.306,0,0.000237055960715023,0.410869059959802
0.308,0,0.000231509783105234,0.386932761320345
0.31,0,0.000223721268543128,0.354636940951802
0.312,0,0.000213743711621833,0.314164643686637
0.314,0,0.000201972992913031,0.266972394700464
0.316,0,0.00018866216013864,0.213977444982843
0.318,0,0.000174173517817282,0.156501087412351
0.32,0,0.000158905273642458,0.0959973831374632
0.322,0,0.000143273342502114,0.0339883404868059
0.324,0,0.000127679420068749,-0.0280472572023697
0.326,0,0.000112548387911064,-0.0885521063565514
0.328,0,9.82518139821689e-05,-0.146139028524181
0.33,0,8.50794273390332e-05,-0.199712389967315
0.332,0,7.33482882320422e-05,-0.248068490232305
0.334,0,6.33099776865506e-05,-0.290229245793793
0.336,0,5.50737998278863e-05,-0.325730716292403
0.338,0,4.88168942748192e-05,-0.353852751609503
0.34,0,4.46293522539189e-05,-0.37418792836311
0.342,0,4.25010192267859e-05,-0.386701401147255
0.344,0,4.2561677180875e-05,-0.39081181485175
0.346,0,4.4610136639339e-05,-0.387200129498953
0.348,0,4.85502080115767e-05,-0.376138029034209
0.35,0,5.41892360904049e-05,-0.358253559402864
0.352,0,6.11849838438035e-05,-0.334756696378233
0.354,0,6.92556872192989e-05,-0.306580622539482
0.356,0,7.79685848315408e-05,-0.275238106756044
0.358,0,8.68734725866698e-05,-0.242325284415073
0.36,0,9.55489853054249e-05,-0.209336466608934
0.362,0,0.000103553614064719,-0.177796523939065
0.364,0,0.000110493230835762,-0.149115981970899
0.366,0,0.000116036029835591,-0.12448192832208
0.368,0,0.000119981523490761,-0.104657376122861
0.37,0,0.00012204924277028,-0.090633617552583
0.372,0,0.000122247878544821,-0.0824864978870069
0.374,0,0.000120477679922831,-0.0806095314323583
0.376,0,0.000116776725882388,-0.0849450340746337
0.378,0,0.000111053560691679,-0.0958408013225802
0.38,0,0.000103559077302342,-0.112513709369284
0.382,0,9.43204278907057e-05,-0.134886129653279
0.384,0,8.35667322053159e-05,-0.162193200015665
0.386,0,7.16414017819707e-05,-0.193279285942116
0.388,0,5.87884051571457e-05,-0.227294489537588
0.39,0,4.5357782666586e-05,-0.263013220412356
0.392,0,3.17481436527328e-05,-0.299054979348779
0.394,0,1.83482222914723e-05,-0.334051235418005
0.396,0,5.52990326464365e-06,-0.366695538811096
0.398,0,-6.37645457503216e-06,-0.395818968614372
0.4,0,-1.70348333184871e-05,-0.420216594531504
0.402,0,-2.61596254681905e-05,-0.438856925134793
0.404,0,-3.36901865429664e-05,-0.451527916604715
0.406,0,-3.94257712069182e-05,-0.457474626293913
0.408,0,-4.32772920176493e-05,-0.456341512435063
0.41,0,-4.5279826549354e-05,-0.44822256087471
0.412,0,-4.54063120154712e-05,-0.432950959500533
0.414,0,-4.38861254649936e-05,-0.411323495231235
0.416,0,-4.07313477487367e-05,-0.383281596191282
0.418,0,-3.62095938899232e-05,-0.349754882402843
0.42,0,-3.05012776421997e-05,-0.311331716595338
0.422,0,-2.38047373498144e-05,-0.268644379987378
0.424,0,-1.64342323724628e-05,-0.222833020506342
0.426,0,-8.63307232764883e-06,-0.174749667910606
0.428,0,-6.66960810386711e-07,-0.125330904905121
0.43,0,7.19778780766328e-06,-0.0755767997374957
0.432,0,1.470095308157e-05,-0.0264422450364716
0.434,0,2.16116619339198e-05,0.0211798458286877
0.436,0,2.76192630410553e-05,0.0661660257470538
0.438,0,3.25266084659737e-05,0.107728406336754
0.44,0,3.61642707837039e-05,0.145193255811622
0.442,0,3.82489025117316e-05,0.177510048693879
0.444,0,3.87399394545673e-05,0.204426615850724
0.446,0,3.75388598622532e-05,0.225509608876785
0.448,0,3.46612973518242e-05,0.240716112625029
0.45,0,3.00955902393497e-05,0.249898838760363
0.452,0,2.3970333753462e-05,0.253401805344474
0.454,0,1.64234510186631e-05,0.251597250492418
0.456,0,7.65037167450239e-06,0.245064897685828
0.458,0,-2.14855541556264e-06,0.234395878058974
0.46,0,-1.27688804146277e-05,0.220194590402338
0.462,0,-2.39655529040615e-05,0.203272023408639
0.464,0,-3.55621191329136e-05,0.184151133664285
0.466,0,-4.73537581702387e-05,0.163519611796021
0.468,0,-5.91504186127286e-05,0.142018825002928
0.47,0,-7.07543051730589e-05,0.120328826089527
0.472,0,-8.19760581105841e-05,0.0991501848989941
0.474,0,-9.26278944002047e-05,0.0791624388548364
0.476,0,-0.000102446876499244,0.0612603021290562
0.478,0,-0.000111323002287262,0.0459407507105344
0.48,0,-0.000118984885217177,0.0341310998781957
0.482,0,-0.000125335035153039,0.0262608190196925
0.484,0,-0.000130239532196301,0.0228480540927913
0.486,0,-0.000133616487833302,0.0242447745312265
0.488,0,-0.00013551323901208,0.0303769779867017
0.49,0,-0.000135910903990796,0.0413694923269979
0.492,0,-0.000134912917933723,0.056938989577209
0.494,0,-0.000132657174230636,0.0766767944550402
0.496,0,-0.000129303493552438,0.100093348695675
0.498,0,-0.000125065680431633,0.126509096483419
0.5,0,-0.000120220919419113,0.155015859931459
0.502,0,-0.000114974208765844,0.184939957850846
0.504,0,-0.000109611529212645,0.21530476003486
0.506,0,-0.000104391853536366,0.245207455559322
0.508,0,-9.96048913097741e-05,0.273614819368158
0.51,0,-9.54516256101641e-05,0.299791984355653
0.512,0,-9.22152319340497e-05,0.322707602951631
0.514,0,-9.01511723969217e-05,0.341411993684531
0.516,0,-8.93743992723029e-05,0.355451146957188
0.518,0,-9.01258343915814e-05,0.363893952112946
0.52,0,-9.23712850189673e-05,0.36679795853631
0.522,0,-9.62298319978792e-05,0.363644717784634
0.524,0,-0.000101697057175088,0.354359625221794
0.526,0,-0.000108730635045327,0.339004492169036
0.528,0,-0.000117282602380001,0.317655848528255
0.53,0,-0.000127305643038576,0.290361393173482
0.532,0,-0.000138514075839798,0.258139523555675
0.534,0,-0.000150800071625912,0.221282903723926
0.536,0,-0.000163950212103356,0.180484390007422
0.538,0,-0.000177641906686281,0.136888813947106
0.54,0,-0.000191545370909018,0.0916565504872217
0.542,0,-0.000205314111061231,0.0460564967327757
0.544,0,-0.000218575385155009,0.00140964522355099
0.546,0,-0.000230957624027934,-0.0409173827787628
0.548,0,-0.000242160159762126,-0.0797843041960203
0.55,0,-0.000251925050368789,-0.114209210214614
0.552,0,-0.000259888606513697,-0.142863983313437
0.554,0,-0.000266095071813883,-0.165744584616843
0.556,0,-0.000270289969233489,-0.18187909991978
0.558,0,-0.000272504665150049,-0.191235726768448
0.56,0,-0.000272803812638743,-0.193914838271556
0.562,0,-0.000271145498188913,-0.189635727420559
0.564,0,-0.00026766745455227,-0.178743329847936
0.566,0,-0.000262582262021063,-0.161871704318103
0.568,0,-0.000256026320396124,-0.139386175852668
0.57,0,-0.000248197990265273,-0.111884351245684
0.572,0,-0.000239354933782386,-0.0802019325312776
0.574,0,-0.000229806316620539,-0.0453799038130899
0.576,0,-0.000219869820902211,-0.00853616697448829
0.578,0,-0.000209855727742057,0.0292522547902381
0.58,0,-0.000200108814329635,0.0667609868492268
0.582,0,-0.000190921231450189,0.102882713812794
0.584,0,-0.000182662398287705,0.136307160816185
0.586,0,-0.000175589332350911,0.166036119490435
0.588,0,-0.000169942158014242,0.191160977404281
0.59,0,-0.000166098538322891,0.210309616759921
0.592,0,-0.000164081444226302,0.223285708307342
0.594,0,-0.000164023161002549,0.229548666006174
0.596,0,-0.000166013576888729,0.228694809039945
0.598,0,-0.000170124668565493,0.220371454888527
0.6,0,-0.000176117981852605,0.205322420369156
0.602,0,-0.000183919088637375,0.183710943155731
0.604,0,-0.000193338536319115,0.1561090305855
0.606,0,-0.000204179528667375,0.123108953189923
0.608,0,-0.000216189280516961,0.0855191200135241
0.61,0,-0.000229084744928703,0.0442696691242715
0.612,0,-0.00024256571471648,0.000388568968482261
0.614,0,-0.000256343362410387,-0.0451278184892812
0.616,0,-0.000270119297420929,-0.0912143673949622
0.618,0,-0.000283633019562526,-0.136876879061977
0.62,0,-0.000296625995933883,-0.181155169926892
0.622,0,-0.000308821760807803,-0.223000509686652
0.624,0,-0.000320006366432879,-0.261553057477265
0.626,0,-0.00032992345821806,-0.295815678776322
0.628,0,-0.000338306271444858,-0.324746165169615
0.63,0,-0.000345037408130981,-0.347831809847627
0.632,0,-0.0003499177149456,-0.364274255825659
0.634,0,-0.000352787962502408,-0.373405512463192
0.636,0,-0.000353656058581767,-0.375158984749226
0.638,0,-0.000352524224638456,-0.369447601623277
0.64,0,-0.000349446020935846,-0.356364565237651
0.642,0,-0.000344536104998192,-0.336220641638832
0.644,0,-0.00033794862489287,-0.309466942186792
0.646,0,-0.000329902528993539,-0.276794230806275
0.648,0,-0.000320646415154185,-0.238997001550014
0.65,0,-0.000310500964849864,-0.197177556113187
0.652,0,-0.00029974942071265,-0.152296966285923
0.654,0,-0.000288711263434513,-0.105472617644586
0.656,0,-0.000277718177947182,-0.0578780927824364
0.658,0,-0.000267055476297331,-0.0106328408731654
0.66,0,-0.000257004946103533,0.0352233114643355
0.662,0,-0.000247819470286538,0.078700908006943
0.664,0,-0.000239775605033087,0.118736563811749
0.666,0,-0.000233136730277722,0.154283397567952
0.668,0,-0.000228017070120816,0.184789131130414
0.67,0,-0.000224591643402398,0.209514320679112
0.672,0,-0.000223009467900987,0.227789440340756
0.674,0,-0.000223295521991414,0.239364655483898
0.676,0,-0.000225431120379122,0.244151668452097
0.678,0,-0.000229351632019542,0.24223148978509
0.68,0,-0.000234925593338519,0.233941212147009
0.682,0,-0.000242073421016355,0.219406798993987
0.684,0,-0.000250546178563107,0.199417887264417
0.686,0,-0.000260126558201721,0.174639165612538
0.688,0,-0.000270509692875697,0.146064852992236
0.69,0,-0.000281315493277488,0.115074181296404
0.692,0,-0.000292225668271169,0.0827344675972041
0.694,0,-0.000302867079734479,0.0503734015774278
0.696,0,-0.000312881892862999,0.0192982008097894
0.698,0,-0.000321926163150137,-0.00924288636091377
0.7,0,-0.000329652406909757,-0.0339729666456974
0.702,0,-0.000335896660477263,-0.054195907567796
0.704,0,-0.00034041019193799,-0.0689776381129913
0.706,0,-0.000343008412337103,-0.0775630404403622
0.708,0,-0.00034372251172985,-0.079909539518742
0.71,0,-0.000342479888358161,-0.0756374903530529
0.712,0,-0.000339316437045421,-0.0647285929604654
0.714,0,-0.000334398041229937,-0.0476278304212305
0.716,0,-0.000327734458193408,-0.0242329073043649
0.718,0,-0.000319600358533679,0.00459087189689915
0.72,0,-0.000310152148479261,0.0383845441308847
0.722,0,-0.000299644870467328,0.0763022835762264
0.724,0,-0.000288332199173472,0.117504582949164
0.726,0,-0.000276581906130162,0.160684821477431
0.728,0,-0.000264726543993876,0.204663646031003
0.73,0,-0.00025313309203182,0.248106967272974
0.732,0,-0.00024215367030458,0.289713823540159
0.734,0,-0.000232152011231421,0.328134754169219
0.736,0,-0.000223415773380538,0.36227023064523
0.738,0,-0.000216210169438751,0.391096485404819
0.74,0,-0.000210844272794605,0.4134152287761
0.742,0,-0.000207314357151161,0.429124235483783
0.744,0,-0.000205831543957346,0.437335522444637
0.746,0,-0.000206367893189333,0.438009733118954
0.748,0,-0.000208876331084601,0.431164653806698
0.75,0,-0.000213195791170311,0.417237786330774
0.752,0,-0.000219195987253241,0.396546768729224
0.754,0,-0.000226759657066632,0.369302978463851
0.756,0,-0.000235533922031443,0.336729429800365
0.758,0,-0.000245350191661255,0.29925816905755
0.76,0,-0.000255903607146158,0.257890614693526
0.762,0,-0.000266875547553135,0.213763026995323
0.764,0,-0.000277975232414055,0.167882049195151
0.766,0,-0.0002888850758203,0.121354377623765
0.768,0,-0.000299340706700533,0.0752694121186415
0.77,0,-0.000309066767500398,0.0306542322208397
0.772,0,-0.000317746685332717,-0.0113082774458076
0.774,0,-0.000325216991684059,-0.0498455734817252
0.776,0,-0.000331199261053194,-0.0839002867352326
0.778,0,-0.000335460418339338,-0.112521042813305
0.78,0,-0.000337886506191869,-0.135138404308044
0.782,0,-0.00033839747228934,-0.151324601718075
0.784,0,-0.000336930330790157,-0.16070942377862
0.786,0,-0.000333567652460691,-0.163432605449
0.788,0,-0.000328348818822223,-0.159487344573697
0.79,0,-0.000321450178411392,-0.149351681801856
0.792,0,-0.000313078344262289,-0.133620601408855
0.794,0,-0.000303410558215891,-0.112765313927517
0.796,0,-0.000292694820217466,-0.0874989959584704
0.798,0,-0.000281291414634845,-0.0590713804907893
0.8,0,-0.000269405246159578,-0.0280460476559546
0.802,0,-0.000257343366143786,0.0045465158881101
0.804,0,-0.000245378245364626,0.0376670662274858
0.806,0,-0.000233753757091372,0.0704733511134653
0.808,0,-0.000222714673965866,0.102052272095818
0.81,0,-0.000212496436103192,0.13150040861697
0.812,0,-0.000203336166844908,0.157902429370541
0.814,0,-0.00019547950743155,0.180291459759312
0.816,0,-0.000189084017025958,0.197977688173708
0.818,0,-0.000184274549410411,0.210394793049832
0.82,0,-0.000181242716885693,0.216737543430514
0.822,0,-0.000179969728962802,0.216920780494783
0.824,0,-0.000180534481168574,0.210520277478377
0.826,0,-0.000182775079183388,0.197976197994052
0.828,0,-0.00018662449555178,0.179393350669655
0.83,0,-0.000191932998837765,0.155176217518042
0.832,0,-0.000198535820353789,0.125772944413962
0.834,0,-0.000206172682558319,0.0920023861100081
0.836,0,-0.000214557878844201,0.0548011715434309
0.838,0,-0.000223411475693065,0.015096171445032
0.84,0,-0.000232426928733104,-0.0260556645271852
0.842,0,-0.000241271579598123,-0.0674842051343588
0.844,0,-0.000249662633348893,-0.108094355368496
0.846,0,-0.000257307360700625,-0.146808062135565
0.848,0,-0.000263950561229434,-0.182630257178144
0.85,0,-0.000269247548007749,-0.214274632159908
0.852,0,-0.000273130697304837,-0.241335786398996
0.854,0,-0.000275296559693089,-0.262642306895331
0.856,0,-0.000275637714082861,-0.27764344778848
0.858,0,-0.00027421216622505,-0.286371616332825
0.86,0,-0.00027090397232168,-0.288238470936682
0.862,0,-0.00026579446121148,-0.28334894547966
0.864,0,-0.000258983725447999,-0.271887111322849
0.866,0,-0.000250613696481189,-0.254207731071997
0.868,0,-0.000240756176864968,-0.230362984590889
0.87,0,-0.000229743517051505,-0.201497748447999
0.872,0,-0.000217712008274005,-0.167923897550714
0.874,0,-0.000204992131130432,-0.130768481676997
0.876,0,-0.000191920112677404,-0.0912173380941786
0.878,0,-0.000178832861521109,-0.0504657807878513
0.88,0,-0.000166094037517064,-0.00981073316963133
0.882,0,-0.000154046191377952,0.0294614128750892
0.884,0,-0.000143061762498847,0.0659951958503755
0.886,0,-0.000133419706771167,0.0986789608140662
0.888,0,-0.000125330904118992,0.126652858668679
0.89,0,-0.000119086071649507,0.148804342162353
0.892,0,-0.000114757242251279,0.164699532924231
0.894,0,-0.000112381061324144,0.174033354647622
0.896,0,-0.000111968229964068,0.176589047778557
0.898,0,-0.000113453383838521,0.172406702300059
0.9,0,-0.000116755439395324,0.161574629502868
0.902,0,-0.000121697956036149,0.144531049348653
0.904,0,-0.000128103886561913,0.121722437987732
0.906,0,-0.000135732530849128,0.0938708693698801
0.908,0,-0.000144362082093691,0.0616416898012012
0.91,0,-0.000153719127004845,0.0258870462532122
0.912,0,-0.000163460359322524,-0.0121693149991121
0.914,0,-0.000173283162212681,-0.0514790693591654
0.916,0,-0.00018285351665892,-0.0908432750130459
0.918,0,-0.000191841704100681,-0.129025783718642
0.92,0,-0.000199977504846145,-0.164957185815669
0.922,0,-0.000206896415748989,-0.197286197228943
0.924,0,-0.000212356684419105,-0.225025756117876
0.926,0,-0.000216176459465922,-0.247404788996844
0.928,0,-0.000218062250625605,-0.263272549348547
0.93,0,-0.000217984417690311,-0.272364529492143
0.932,0,-0.000215873908055166,-0.274296735602008
0.934,0,-0.000211699778746465,-0.26880821014014
0.936,0,-0.000205548932377565,-0.256051462981032
0.938,0,-0.000197591873636225,-0.236484881616283
0.94,0,-0.00018804077250797,-0.210726506965886
0.942,0,-0.000177031885213267,-0.179062193316419
0.944,0,-0.000164945056851824,-0.14279245772731
0.946,0,-0.000151968983312894,-0.102404426245156
0.948,0,-0.000138439807281711,-0.0590133781037547
0.95,0,-0.000124681894623584,-0.0137881533846968
0.952,0,-0.000110988385833213,0.0323032531645136
0.954,0,-9.76328854589205e-05,0.0781806505547621
0.956,0,-8.48714276441528e-05,0.1228860492643
0.958,0,-7.29966729848278e-05,0.165316843418027
0.96,0,-6.22123517649761e-05,0.204593292151099
0.962,0,-5.28179238489798e-05,0.239540784912062
0.964,0,-4.49090857769412e-05,0.269642396528352
0.966,0,-3.8778723028584e-05,0.293730089365464
0.968,0,-3.45154909064487e-05,0.311311715777784
0.97,0,-3.21932100861868e-05,0.321953481707863
0.972,0,-3.17727099664569e-05,0.325639863924335
0.974,0,-3.33260521094124e-05,0.321930734923487
0.976,0,-3.66808572783633e-05,0.311289682609755
0.978,0,-4.16888564070011e-05,0.294089321153818
0.98,0,-4.81389397042212e-05,0.270947016244105
0.982,0,-5.58572533463382e-05,0.242289639908158
0.984,0,-6.45227620829053e-05,0.209158431351398
0.986,0,-7.38363456119681e-05,0.172543117048358
0.988,0,-8.35025507808888e-05,0.133419626928375
0.99,0,-9.32075189374934e-05,0.0929047726185785
0.992,0,-0.000102645300669393,0.0520743681833278
0.994,0,-0.000111543483692615,0.0119877373730006
0.996,0,-0.000119642430818026,-0.0263528928960267
0.998,0,-0.000126712053710858,-0.0620213361555081
1,0,-0.000132476409908098,-0.0939539767552101
1.002,0,-0.000136737565196884,-0.121295825746326
1.004,0,-0.000139318067419466,-0.143261503848619
1.006,0,-0.000140161267200686,-0.15946692441938
1.008,0,-0.000139151476236759,-0.169332350675381
1.01,0,-0.000136318664525898,-0.172774423619434
1.012,0,-0.000131655478273683,-0.169580553705464
1.014,0,-0.000125300541646824,-0.160074340042287
1.016,0,-0.000117377814727433,-0.144536752921743
1.018,0,-0.00010803679515089,-0.123346077914139
1.02,0,-9.74774418837522e-05,-0.0970700339689377
1.022,0,-8.59599546830056e-05,-0.0665172083994467
1.024,0,-7.38049879800039e-05,-0.0327867151411171
1.026,0,-6.13117758656404e-05,0.00313687517790852
1.028,0,-4.88302415332768e-05,0.0400169127256832
1.03,0,-3.67063202248434e-05,0.0765950284615383
1.032,0,-2.52613552865732e-05,0.111680106422363
1.034,0,-1.47914964648001e-05,0.144146231530081
1.036,0,-5.63136988845363e-06,0.172745812096432
1.038,0,2.0062113656643e-06,0.196592018456317
1.04,0,7.954498806959e-06,0.214964005407179
1.042,0,1.20127483610721e-05,0.227008587205886
1.044,0,1.42362436135121e-05,0.232720417951293
1.046,0,1.46254646321495e-05,0.231929042791632
1.048,0,1.30735220102996e-05,0.224040119769217
1.05,0,9.83863709362969e-06,0.209790122779906
1.052,0,5.0346546058961e-06,0.189412629172796
1.054,0,-1.25729464810081e-06,0.162978455575043
1.056,0,-8.76626579913521e-06,0.131340466089154
1.058,0,-1.72633223204395e-05,0.0952045800402333
1.06,0,-2.64839190883136e-05,0.0554080285310694
1.062,0,-3.60859989754258e-05,0.0131672156482477
1.064,0,-4.57469422975669e-05,-0.030346142667702
1.066,0,-5.51275567725782e-05,-0.0739189264423791
1.068,0,-6.38845137468705e-05,-0.116249051298046
1.07,0,-7.16895552247295e-05,-0.156082434224338
1.072,0,-7.82273914630717e-05,-0.192185029929535
1.074,0,-8.32333496600003e-05,-0.223496891010137
1.076,0,-8.64769578577825e-05,-0.249068582276731
1.078,0,-8.77604701460062e-05,-0.268040670492789
1.08,0,-8.70969608501994e-05,-0.28027350720032
1.082,0,-8.4380691118891e-05,-0.285215081143787
1.084,0,-7.96785025423052e-05,-0.282907466320543
1.086,0,-7.3145515882443e-05,-0.273717347422206
1.088,0,-6.48692902498216e-05,-0.257748697342096
1.09,0,-5.50530274445806e-05,-0.235526022595164
1.092,0,-4.39598853995435e-05,-0.207822762809791
1.094,0,-3.18692587954132e-05,-0.175538427114087
1.096,0,-1.89709081888505e-05,-0.139103922353832
1.098,0,-5.65356029430502e-06,-0.0999768661481091
1.1,0,7.81625568231965e-06,-0.0589710712182862
1.102,0,2.11181013983129e-05,-0.0172626979555713
1.104,0,3.396928878249e-05,0.0240526470760563
1.106,0,4.60778239005924e-05,0.0638865595849495
1.108,0,5.71215612207708e-05,0.101013018218311
1.11,0,6.69031494906503e-05,0.134533734531229
1.112,0,7.51974723720694e-05,0.163527803839568
1.114,0,8.17162040598426e-05,0.186850955453983
1.116,0,8.63348293148348e-05,0.203866236506773
1.118,0,8.90497716939551e-05,0.214373072248777
1.12,0,8.98376492997716e-05,0.21812493552635
1.122,0,8.86093108806452e-05,0.214621872167972
1.124,0,8.55796115104329e-05,0.204454442800538
1.126,0,8.08734443249076e-05,0.187891377906972
1.128,0,7.47064161020291e-05,0.165539772285321
1.13,0,6.72740906111281e-05,0.137908402182779
1.132,0,5.88694228300999e-05,0.10589631320585
1.134,0,4.97905408801413e-05,0.0704464524219456
1.136,0,4.03456286180906e-05,0.0326170318290678
1.138,0,3.08288997813788e-05,-0.00665835004710876
1.14,0,2.15314853778467e-05,-0.0462554513104526
1.142,0,1.27112386273457e-05,-0.0852266399125728
1.144,0,4.6446882572268e-06,-0.122541530584614
1.146,0,-2.44494775048858e-06,-0.157279309186678
1.148,0,-8.29783531699946e-06,-0.188412664667478
1.15,0,-1.27299085123182e-05,-0.215129930478797
1.152,0,-1.55119937852203e-05,-0.236473507722179
1.154,0,-1.65739197816648e-05,-0.252011753557165
1.156,0,-1.57801644534871e-05,-0.26109643374714
1.158,0,-1.30770980939393e-05,-0.263353132272479
1.16,0,-8.5621195434254e-06,-0.258962602700044
1.162,0,-2.21852882965112e-06,-0.247690491281228
1.164,0,5.81052199153514e-06,-0.229889453042909
1.166,0,1.53151875019404e-05,-0.206182059699999
1.168,0,2.61657953661691e-05,-0.176850582528948
1.17,0,3.80759898265885e-05,-0.142800674288167
1.172,0,5.075417975382e-05,-0.104958033508564
1.174,0,6.38742604969454e-05,-0.0644779785412712
1.176,0,7.71461754804759e-05,-0.0222850142728291
1.178,0,9.02253540737858e-05,0.0203799599039338
1.18,0,0.000102820750860768,0.0624025127265838
1.182,0,0.000114642358142627,0.102702995792859
1.184,0,0.000125420761127273,0.140231378724993
1.186,0,0.000134847206464217,0.173807780691011
1.188,0,0.00014285377796887,0.20297990028306
1.19,0,0.000149130857684798,0.226555924194462
1.192,0,0.000153579333446759,0.243979060332794
1.194,0,0.000156181362044569,0.254969768405706
1.196,0,0.000156980808247338,0.259482760099258
1.198,0,0.00015589648276826,0.25700033968549
1.2,0,0.000153135864560811,0.248070844993406
1.202,0,0.00014879377021105,0.23283323620543
1.204,0,0.000143039721342716,0.211718400141266
1.206,0,0.000136059838513718,0.185218632942085
1.208,0,0.000128108944583523,0.154131810918816
1.21,0,0.000119453378695114,0.11926178692918
1.212,0,0.000110456072770186,0.0819639798671418
1.214,0,0.00010142158377011,0.0432575302680187
1.216,0,9.27059608925048e-05,0.00442981880274629
1.218,0,8.46369277599592e-05,-0.0332614994638452
1.22,0,7.75118125267514e-05,-0.0686662036158778
1.222,0,7.16922403962415e-05,-0.100443768955934
1.224,0,6.74308931269051e-05,-0.127563903824099
1.226,0,6.48418658198278e-05,-0.149456155038464
1.228,0,6.42116024751622e-05,-0.164997618456621
1.23,0,6.55520335366e-05,-0.173935229425851
1.232,0,6.87967095387085e-05,-0.17630726176927
1.234,0,7.40087396632536e-05,-0.171690967274837
1.236,0,8.09977564680892e-05,-0.160552423929998
1.238,0,8.95983141202275e-05,-0.14329601897246
1.24,0,9.97113675807113e-05,-0.120055038083582
1.242,0,0.000111105662717843,-0.0914725491451433
1.244,0,0.000123473408126756,-0.0585733168103904
1.246,0,0.00013663684673167,-0.0217923589585533
1.248,0,0.000150229915753128,0.017544831841826
1.25,0,0.000163958746850393,0.058420629519936
1.252,0,0.000177488495602557,0.0996594744336085
1.254,0,0.000190513757696526,0.140054647042622
1.256,0,0.000202714134533283,0.178409089608992
1.258,0,0.000213735799094942,0.213374846811159
1.26,0,0.000223367041630266,0.244036333174524
1.262,0,0.000231361034911433,0.269398395941256
1.264,0,0.000237473962772585,0.288453440152148
1.266,0,0.000241591933772078,0.300617038480909
1.268,0,0.000243730344812066,0.305768961867091
1.27,0,0.000243811079222367,0.30344680564038
1.272,0,0.000241909153684898,0.293715403998875
1.274,0,0.00023824172718697,0.277177969158496
1.276,0,0.000232956423408565,0.254172598575175
1.278,0,0.000226271338808534,0.225295836496822
1.28,0,0.000218461078951278,0.191399580512008
1.282,0,0.000209748801073825,0.153091713868521
1.284,0,0.000200489402717085,0.111581380830685
1.286,0,0.000190987203808118,0.0679247408042347
1.288,0,0.000181554862415071,0.023186548183975
1.29,0,0.000172480208643176,-0.0215041609813795
1.292,0,0.000164032805963938,-0.0651277232190956
1.294,0,0.000156472541637884,-0.106651013815263
1.296,0,0.000150082919685538,-0.144957124164974
1.298,0,0.000145027399471735,-0.179269821381902
1.3,0,0.00014161873346395,-0.208367901062737
1.302,0,0.000139908489741147,-0.231849963649798
1.304,0,0.000140143511250778,-0.248676036801871
1.306,0,0.000142285377462797,-0.258785640181646
1.308,0,0.000146411088799782,-0.261721026941586
1.31,0,0.000152399248692977,-0.25774779881921
1.312,0,0.000160221598598251,-0.246781125740185
1.314,0,0.000169653608098363,-0.229474259331652
1.316,0,0.000180535178687132,-0.206218873156151
1.318,0,0.00019259577513822,-0.177835290881606
1.32,0,0.000205572668915233,-0.145076069253083
1.322,0,0.000219094432300773,-0.109298698590548
1.324,0,0.000232910676576546,-0.0711844378120265
1.326,0,0.000246681686942415,-0.0319835729341426
1.328,0,0.000260117906664446,0.00725154074246869
1.33,0,0.000272939504926875,0.0454945597132893
1.332,0,0.000284880189956198,0.0817174169853804
1.334,0,0.000295715828620531,0.115000770440523
1.336,0,0.000305172262122936,0.144266315735129
1.338,0,0.00031314467314727,0.168953257006152
1.34,0,0.000319404867954838,0.188113004318005
1.342,0,0.000323819334435634,0.201080619652898
1.344,0,0.000326426581403893,0.207776894892066
1.346,0,0.00032724814068732,0.20810018323146
1.348,0,0.000326211072138189,0.201585691753518
1.35,0,0.000323479260993191,0.188634820035051
1.352,0,0.000319207941747997,0.169632286595018
1.354,0,0.000313595724489458,0.145144684916118
1.356,0,0.000306802461149909,0.115555310225732
1.358,0,0.000299131678395462,0.0818486913522476
1.36,0,0.000290882280223973,0.0450358897263279
1.362,0,0.000282355279412901,0.00610964686534413
1.364,0,0.000273882333048368,-0.033711982727327
1.366,0,0.000265797131079687,-0.0732382469544857
1.368,0,0.000258389268761335,-0.111331690018239
1.37,0,0.000251942278538908,-0.146898774652517
1.372,0,0.000246795555841909,-0.178667835239095
1.374,0,0.000243068270469688,-0.206031059116324
1.376,0,0.000241063726256193,-0.227825060711616
1.378,0,0.00024092962098757,-0.243343608228218
1.38,0,0.000242597347193889,-0.252626034221875
1.382,0,0.000246175488802203,-0.255102919057986
1.384,0,0.000251603489333254,-0.250774345485226
1.386,0,0.000258757932466102,-0.239879507881224
1.388,0,0.000267486265453803,-0.222783035694948
1.39,0,0.000277711870177367,-0.199528491774592
1.392,0,0.000289168569315508,-0.170932247633756
1.394,0,0.00030160681400876,-0.13781053858702
1.396,0,0.000314835830728901,-0.100646227952623
1.398,0,0.000328488542294707,-0.0608096993780971
1.4,0,0.00034227139708605,-0.0192608134053385
1.402,0,0.000355829376350683,0.0226880295335596
1.404,0,0.000368840071873217,0.0637911717576417
1.406,0,0.000380982511951709,0.10284103638885
1.408,0,0.000391868094259726,0.138398095793748
1.41,0,0.000401347794267042,0.169735006019896
1.412,0,0.000409101453064933,0.195638444929707
1.414,0,0.000414925528102451,0.215223008567217
1.416,0,0.000418801603520963,0.228223242911332
1.418,0,0.000420632153171917,0.234105411745049
1.42,0,0.000420556802089649,0.233161144681389
1.422,0,0.000418568354815308,0.225146881263977
1.424,0,0.000414865415518043,0.210568566730824
1.426,0,0.000409580525304018,0.189674214234245
1.428,0,0.000403035921736782,0.163488451558846
1.43,0,0.000395385160568626,0.132361858433364
1.432,0,0.000386896226248743,0.0970950086335784
1.434,0,0.000377919840225662,0.058920510558192
1.436,0,0.000368745878146631,0.018852285300104
1.438,0,0.000359691897118282,-0.0220529416717715
1.44,0,0.000351065427831422,-0.0625772385668409
1.442,0,0.000343150667843162,-0.10162636584317
1.444,0,0.00033624816160313,-0.138036872713496
1.446,0,0.000330584596004259,-0.17084396627598
1.448,0,0.000326456295927275,-0.198890279525368
1.45,0,0.00032405629054365,-0.221325094844694
1.452,0,0.000323569470162639,-0.237318146420872
1.454,0,0.000325026052033536,-0.246583693539459
1.456,0,0.000328519801360224,-0.2486163175559
1.458,0,0.00033397777812061,-0.243500731056031
1.46,0,0.000341297673135067,-0.231436534121497
1.462,0,0.000350326464475919,-0.212802887023262
1.464,0,0.000360875032584625,-0.188104721571316
1.466,0,0.000372689359053295,-0.158095177908947
1.468,0,0.000385515538696259,-0.123522660551156
1.47,0,0.000399025193857058,-0.0854667230549747
1.472,0,0.00041291793849767,-0.0448934168675597
1.474,0,0.000426871688074794,-0.00292047706727062
1.476,0,0.000440580413676293,0.0393582867252503
1.478,0,0.000453788920402687,0.0809457513411112
1.48,0,0.000466202467270567,0.120770154859702
1.482,0,0.000477613125474861,0.157936519875725
1.484,0,0.00048771529153181,0.191272946606469
1.486,0,0.000496423621737362,0.220263937624667
1.488,0,0.000503408767223658,0.243636689548019
1.49,0,0.000508572898094726,0.260838562078653
1.492,0,0.000511869280665745,0.27151184492575
1.494,0,0.000513229467283494,0.27523356217373
1.496,0,0.000512714171757189,0.272041311559614
1.498,0,0.000510384583444472,0.26198301875388
1.5,0,0.000506352147895809,0.245285399263554
1.502,0,0.000500767881525618,0.22231213954585
1.504,0,0.000493892983101573,0.193866238488966
1.506,0,0.000485966418320036,0.160650913010717
1.508,0,0.000477289361963998,0.123647710200484
1.51,0,0.000468172109804372,0.0839186811858123
1.512,0,0.00045892299938249,0.0425234172519615
1.514,0,0.000449868614724863,0.000617304590451839
1.516,0,0.000441298595171822,-0.040679084212643
1.518,0,0.000433482911586244,-0.0803211166505678
1.52,0,0.000426679053054637,-0.11729693326198
1.522,0,0.000421183583350924,-0.150469784747236
1.524,0,0.000417183623857684,-0.179009599828108
1.526,0,0.000414846048383926,-0.202166567399627
1.528,0,0.000414292971938755,-0.219337843843791
1.53,0,0.000415595886076076,-0.230078545070092
1.532,0,0.000418780017096811,-0.234097376415109
1.534,0,0.00042372745957269,-0.231624661924681
1.536,0,0.000430387217956926,-0.222657855331879
1.538,0,0.000438693850097706,-0.207228248939771
1.54,0,0.000448424972879465,-0.18598940797648
1.542,0,0.000459410721412183,-0.159386119966015
1.544,0,0.00047140708568227,-0.128177668005015
1.546,0,0.000484127587933447,-0.0933170348835769
1.548,0,0.000497282218775761,-0.0557453449619667
1.55,0,0.000510523118689087,-0.0167564834833892
1.552,0,0.000523500038984724,0.0224552743412703
1.554,0,0.000535906263703157,0.0606648963037983
1.556,0,0.000547417311012282,0.0966757611646417
1.558,0,0.000557730600617549,0.129325007086757
1.56,0,0.00056659666564173,0.157608184197623
1.562,0,0.000573750199313962,0.180478397620691
1.564,0,0.000578992101071101,0.197077876243783
1.566,0,0.000582363490656942,0.207341082681701
1.568,0,0.000583808939707228,0.210896817907632
1.57,0,0.000583353961888053,0.207640871368007
1.572,0,0.000581055361084105,0.197562227109444
1.574,0,0.000577108189523543,0.181171100991128
1.576,0,0.000571637655198434,0.158719252912026
1.578,0,0.000564895511922435,0.130971078710441
1.58,0,0.000557043444915338,0.0983292350918211
1.582,0,0.000548359837741472,0.0616775795598981
1.584,0,0.000539187246159798,0.0222347237072711
1.586,0,0.000529817140747365,-0.0189817174499843
1.588,0,0.00052058163514682,-0.0608029984149629
1.59,0,0.000511807933526466,-0.101966653763667
1.592,0,0.000503779930768747,-0.141357113127911
1.594,0,0.000496871728409832,-0.177588245104351
1.596,0,0.000491303804377034,-0.209712730768713
1.598,0,0.000487368366642208,-0.236583134738287
1.6,0,0.000485293144522118,-0.257245415728584
1.602,0,0.000485147909681256,-0.271273109699586
1.604,0,0.000486983947484238,-0.278321591416093
1.606,0,0.00049085308327437,-0.278035422006924
1.608,0,0.000496665794477082,-0.270552099823042
1.61,0,0.000504312620118988,-0.256077984482456
1.612,0,0.000513577665005652,-0.235219628192687
1.614,0,0.000524288698093476,-0.208387274961454
1.616,0,0.000536104149555952,-0.176726977475658
1.618,0,0.000548850782670569,-0.140650963827896
1.62,0,0.000562180569799696,-0.101339475407843
1.622,0,0.000575788449800628,-0.0598201885748442
1.624,0,0.000589368725763364,-0.0172004739561766
1.626,0,0.000602619778994575,0.0254309267290837
1.628,0,0.000615251611081491,0.0669752676500823
1.63,0,0.000627028764933436,0.106453762720739
1.632,0,0.000637630002701461,0.142653850544742
1.634,0,0.000646826792601421,0.174597851563015
1.636,0,0.000654503349310241,0.201703612994858
1.638,0,0.000660333216913357,0.222694514615028
1.64,0,0.0006642299908913,0.237067229906983
1.642,0,0.000666216528353006,0.244726514743291
1.644,0,0.000666186119856624,0.245120115844393
1.646,0,0.000664292319621111,0.238627282231366
1.648,0,0.000660618935317341,0.225381249699475
1.65,0,0.000655365855666154,0.205949468524874
1.652,0,0.000648655033925516,0.180567444830158
1.654,0,0.00064081777377014,0.150318147879812
1.656,0,0.000632102624032609,0.115939228753727
1.658,0,0.00062282486752507,0.0784867541267421
1.66,0,0.00061329610360186,0.0390220331380302
1.662,0,0.00060382641009997,-0.00135823021571103
1.664,0,0.000594710523673824,-0.0415652039331436
1.666,0,0.000586212658035325,-0.0805804660490098
1.668,0,0.000578586210218264,-0.117415255708883
1.67,0,0.000572122020207604,-0.150956780630344
1.672,0,0.000566943687299747,-0.180585991674873
1.674,0,0.000563373941847471,-0.205071338152998
1.676,0,0.000561463743368681,-0.224039804457111
1.678,0,0.000561406241418597,-0.236652218109476
1.68,0,0.000563178995650261,-0.242803467158903
1.682,0,0.000566807033393806,-0.242232469198239
1.684,0,0.000572270478938203,-0.234837258902437
1.686,0,0.000579426550850673,-0.220976701520611
1.688,0,0.000588140263147453,-0.200987539361086
1.69,0,0.000598229952958409,-0.175390805081957
1.692,0,0.000609523073560885,-0.144645805442093
1.694,0,0.000621711899139278,-0.109772174863569
1.696,0,0.000634504130199421,-0.0717434807725559
1.698,0,0.000647589615664777,-0.0316223013536318
1.7,0,0.000660637045195928,0.00940035285048678
1.702,0,0.000673324614120322,0.0501556655861061
1.704,0,0.000685343806450548,0.0894899144209795
1.706,0,0.00069642539601747,0.126348321560322
1.708,0,0.000706221542408701,0.15944219677228
1.71,0,0.000714653553926774,0.188295748642436
1.712,0,0.000721398935290366,0.211697593972954
1.714,0,0.000726352082234218,0.229098463619385
1.716,0,0.000729443217823277,0.240068917024876
1.718,0,0.000730676455900709,0.244440343920128
1.72,0,0.000730001113035017,0.241831453681879
1.722,0,0.000727620344140936,0.232792078074655
1.724,0,0.000723609432872892,0.217410170433625
1.726,0,0.000718094191426235,0.195951588043013
1.728,0,0.000711350125801981,0.169307146729401
1.73,0,0.000703495013373581,0.137705142442041
1.732,0,0.000694841822745433,0.102181621123741
1.734,0,0.000685732194472236,0.0639902843232736
1.736,0,0.00067645295313501,0.0240874230694453
1.738,0,0.000667344486774171,-0.0162799979026362
1.74,0,0.000658744521406096,-0.0558480274788943
1.742,0,0.000650947263987111,-0.093464316134088
1.744,0,0.000644320063099183,-0.127772496310576
1.746,0,0.000639131371791649,-0.157686194382311
1.748,0,0.000635518310673389,-0.182576835073835
1.75,0,0.000633813309565935,-0.20117626762101
1.752,0,0.000634072517829921,-0.213105004490476
1.754,0,0.000636252219886825,-0.218348706746428
1.756,0,0.000640442109076867,-0.216419983106809
1.758,0,0.000646444013055605,-0.207851311986885
1.76,0,0.000654211303437009,-0.192623267682344
1.762,0,0.000663529014850014,-0.171332300000352
1.764,0,0.000674219997661847,-0.144434192003182
1.766,0,0.000685986420848966,-0.112906935225358
1.768,0,0.000698646287370314,-0.077229185987491
1.77,0,0.000711842654950013,-0.0386780111242326
1.772,0,0.000725306090177406,0.00185103336601878
1.774,0,0.000738709779721431,0.043182678084581
1.776,0,0.000751734490444252,0.0841199688361846
1.778,0,0.000764087439260609,0.123530642827713
1.78,0,0.000775476043221641,0.160280297621589
1.782,0,0.000785620336113575,0.193263733973097
1.784,0,0.000794228877943854,0.221341143294189
1.786,0,0.00080103916755384,0.243450682209033
1.788,0,0.000805946813276319,0.259052450559362
1.79,0,0.000808918397751658,0.26787653412368
1.792,0,0.000809876498670403,0.269497788178809
1.794,0,0.000808860365009041,0.263898768752828
1.796,0,0.000805970888934728,0.251276960934962
1.798,0,0.000801403381923872,0.232191663177306
1.8,0,0.000795251153402431,0.206783275559244
1.802,0,0.000787842855587307,0.176127182131816
1.804,0,0.000779379597372761,0.140785977150651
1.806,0,0.000770190377524793,0.101853918011565
1.808,0,0.000760594591842642,0.060435654893913
1.81,0,0.000750892828956162,0.0175932611898826
1.812,0,0.000741392108224879,-0.0255837732278158
1.814,0,0.000732370074783231,-0.0680240296725098
1.816,0,0.000724112517119517,-0.108647055664297
1.818,0,0.000716853775963407,-0.14649341856281
1.82,0,0.000710859253483272,-0.180509933124172
1.822,0,0.000706328416929246,-0.209851886389181
1.824,0,0.000703466569228367,-0.233648617791057
1.826,0,0.000702448083342422,-0.25112569355056
1.828,0,0.000703269207511643,-0.262131885003545
1.83,0,0.000706039525706274,-0.266125833479533
1.832,0,0.000710713833651756,-0.263115995907536
1.834,0,0.000717240821050345,-0.253137203839578
1.836,0,0.000725466688677439,-0.236604235133503
1.838,0,0.000735206163982496,-0.214056956367133
1.84,0,0.000746276842768602,-0.186004966845886
1.842,0,0.000758417341558651,-0.153257013095159
1.844,0,0.000771295826016937,-0.116936144738335
1.846,0,0.000784617247066896,-0.0780493492249343
1.848,0,0.000798066782515824,-0.0376748665222137
1.85,0,0.000811324968155561,0.00303916887365406
1.852,0,0.000824093518221052,0.042991139559543
1.854,0,0.000836099767069144,0.0811326760049081
1.856,0,0.000847103585277756,0.116513510401415
1.858,0,0.00085678309755236,0.147928806040735
1.86,0,0.000865073715587103,0.17496107052348
1.862,0,0.000871667313543915,0.196436770169043
1.864,0,0.000876497206854849,0.211947235369767
1.866,0,0.000879477645711408,0.221023642897594
1.868,0,0.000880580970747717,0.22340052590449
1.87,0,0.000879886078315429,0.219196830516838
1.872,0,0.000877463960841864,0.208511221516677
1.874,0,0.00087343669392133,0.191632903425546
1.876,0,0.000867924516139494,0.1688332278317
1.878,0,0.000861218160903614,0.141078068865537
1.88,0,0.000853467906764453,0.108751036049354
1.882,0,0.000844992582840889,0.0729447242464761
1.884,0,0.000836092539756477,0.0346833175516155
1.886,0,0.000827095315163898,-0.00483532321367355
1.888,0,0.000818334230464673,-0.0444299548798389
1.89,0,0.000810116462840754,-0.0829170571522931
1.892,0,0.000802742636534609,-0.11915435215808
1.894,0,0.000796526285792856,-0.151955419644662
1.896,0,0.000791673109663981,-0.180468882117389
1.898,0,0.000788483307610151,-0.203553523173405
1.9,0,0.000787135233993387,-0.220437661074836
1.902,0,0.000787582519611442,-0.231125689376276
1.904,0,0.000789998306927892,-0.234862743682039
1.906,0,0.00079429477320201,-0.231790066377689
1.908,0,0.000800346828898995,-0.222196405295706
1.91,0,0.000808064321694263,-0.206244633952646
1.912,0,0.00081731089779907,-0.184262968314481
1.914,0,0.000827837146525977,-0.157042184765347
1.916,0,0.000839509131523711,-0.124908104393072
1.918,0,0.000852050057614928,-0.0887749724695579
1.92,0,0.000865137444086847,-0.0497835785569379
1.922,0,0.000878478187363282,-0.00896709633775955
1.924,0,0.000891738387978092,0.0324957807112002
1.926,0,0.000904590468316517,0.0733423064003877
1.928,0,0.00091674096470176,0.112452197471649
1.93,0,0.000927818036960924,0.148460101819054
1.932,0,0.000937527659877781,0.180211553165191
1.934,0,0.000945671147067066,0.206879399461466
1.936,0,0.000951950537809667,0.227310396387479
1.938,0,0.000956349568081972,0.241288289648267
1.94,0,0.000958757633922875,0.248288509241786
1.942,0,0.000959200610879032,0.24825290839606
1.944,0,0.000957636334307469,0.240861629821174
1.946,0,0.000954320822393666,0.226887097698726
1.948,0,0.000949367084253302,0.206580818939053
1.95,0,0.00094293267222556,0.180334621338834
1.952,0,0.000935341998701175,0.14923925215435
1.954,0,0.000926793137574951,0.11388042988965
1.956,0,0.000917578665579237,0.0752046071704983
1.958,0,0.000908032150193319,0.0344114640589918
1.96,0,0.000898459819215945,-0.0074166069168408
1.962,0,0.000889173551923841,-0.0491288913591042
1.964,0,0.000880457743383816,-0.0896356126718083
1.966,0,0.000872566605268928,-0.127933260571327
1.968,0,0.00086586030492622,-0.162685690947447
1.97,0,0.00086047059581592,-0.193260968693403
1.972,0,0.000856718550277275,-0.218438284448782
1.974,0,0.000854803042293892,-0.237368964608829
1.976,0,0.000854711141599336,-0.249953270101877
1.978,0,0.0008566023410478,-0.255502108866666
1.98,0,0.000860498237861717,-0.253800036496287
1.982,0,0.000866299639816041,-0.245072628720312
1.984,0,0.00087388602586448,-0.229625042528464
1.986,0,0.000883082313731474,-0.207962920301465
1.988,0,0.000893722859854174,-0.180532001569847
1.99,0,0.000905490780007829,-0.148392271882737
1.992,0,0.000918157264839808,-0.112215819016001
1.994,0,0.000931360046149673,-0.0732968774962119
1.996,0,0.00094481677701725,-0.0325584966943029
1.998,0,0.000958206057822693,0.00885287711278202
2,0,0.000971246991808528,0.0498678334958117
2.002,0,0.000983654806147779,0.0894469164844389
2.004,0,0.000995187036261214,0.126628524265223
2.006,0,0.00100553141963458,0.160238562797188
2.008,0,0.00101461446142469,0.189843469438476
2.01,0,0.00102206564174863,0.214073411785448
2.012,0,0.00102781789808361,0.232532608943313
2.014,0,0.00103168660780992,0.244432563069992
2.016,0,0.00103373628933487,0.249863692093999
2.018,0,0.00103385391202081,0.248288065313149
2.02,0,0.00103213522839653,0.239914438810095
2.022,0,0.00102868484115691,0.22499134252754
2.024,0,0.00102368012701904,0.204046512278367
2.026,0,0.00101723093552253,0.177331607511758
2.028,0,0.00100959786475334,0.145679237478795
2.03,0,0.0010010917263992,0.11015738153849
2.032,0,0.000991964543751733,0.0715835146396766
2.034,0,0.00098254200686904,0.0311259856901688
2.036,0,0.000973142823056007,-0.010099887136008
2.038,0,0.00096406296755011,-0.0509462222889797
2.04,0,0.000955590728273071,-0.0903445361718695
2.042,0,0.00094803501216218,-0.12713914218271
2.044,0,0.000941688883544641,-0.160200034023868
2.046,0,0.000936684431893295,-0.188926369009119
2.048,0,0.000933333020504838,-0.212141746681326
2.05,0,0.000931726963658812,-0.229382677733117
2.052,0,0.000931973941453666,-0.24013552381865
2.054,0,0.000934035898633995,-0.244398458844485
2.056,0,0.000938001692525489,-0.241702528603525
2.058,0,0.000943671101703292,-0.232637738530631
2.06,0,0.000950985954824716,-0.217277380722909
2.062,0,0.000959883607303906,-0.195688817659752
2.064,0,0.000970013643635633,-0.169092330011818
2.066,0,0.000981310518144299,-0.137568549644205
2.068,0,0.000993443276435008,-0.102283226142867
2.07,0,0.00100614226755064,-0.0641369390304415
2.072,0,0.00101906754191383,-0.0243638065658453
2.074,0,0.00103188504467415,0.0158318431294204
2.076,0,0.00104425873459557,0.0552012040626487
2.078,0,0.00105588438589668,0.0925900584470109
2.08,0,0.00106637364375849,0.126587964944146
2.082,0,0.00107550271554068,0.156279011951449
2.084,0,0.00108309317245313,0.180940809534737
2.086,0,0.00108879111499181,0.199247638646602
2.088,0,0.00109260388314343,0.211075676734493
2.09,0,0.00109451726556339,0.216252376697231
2.092,0,0.00109446314097928,0.21440282102351
2.094,0,0.00109246262444244,0.20544984076402
2.096,0,0.00108878559569581,0.190239724883272
2.098,0,0.00108347408446807,0.168778856959416
2.1,0,0.00107676260092823,0.141799746987754
2.102,0,0.00106884515939476,0.109893436862375
2.104,0,0.00105997598612112,0.0738943830430543
2.106,0,0.00105047066704222,0.0348964426677006
2.108,0,0.00104063934078444,-0.00599646605851637
2.11,0,0.00103079764605633,-0.047643910021495
2.112,0,0.00102128165265754,-0.0888146219183427
2.114,0,0.00101237596007659,-0.128402174522359
2.116,0,0.00100441830959358,-0.165150912704811
2.118,0,0.000997718498929486,-0.19787026402385
2.12,0,0.000992474626123832,-0.225750874017543
2.122,0,0.000988954068343457,-0.24775890165336
2.124,0,0.000987359876327045,-0.263061293765806
2.126,0,0.00098770174267105,-0.271509535846935
2.128,0,0.000990041553621152,-0.272775793126822
2.13,0,0.00099444298812333,-0.266506051728502
2.132,0,0.00100066767092479,-0.253449830382997
2.134,0,0.00100860084886883,-0.2339052602839
2.136,0,0.00101814260375431,-0.208080619611255
2.138,0,0.00102892143963746,-0.177259085390246
2.14,0,0.00104078997382858,-0.141827341496917
2.142,0,0.00105340828540884,-0.102941132091258
2.144,0,0.0010664512219724,-0.0617695886698987
2.146,0,0.00107963608257883,-0.0192743049658205
2.148,0,0.0010926449371326,0.023389465332094
2.15,0,0.00110521662305079,0.0651974204316086
2.152,0,0.00111706532441069,0.105091155265746
2.154,0,0.00112787018121236,0.141863134153243
2.156,0,0.00113746849415929,0.174793472293773
2.158,0,0.00114562120914916,0.202958231384704
2.16,0,0.00115202012559192,0.225172791604395
2.162,0,0.00115665376623523,0.241264642875965
2.164,0,0.00115931405552886,0.25039134601736
2.166,0,0.00115999864426875,0.252426602829585
2.168,0,0.00115879608974203,0.2475776489506
2.17,0,0.00115575177763659,0.235897552419078
2.172,0,0.00115100002594438,0.217758765358935
2.174,0,0.00114471259672053,0.193671174755221
2.176,0,0.00113711522593476,0.164347709862901
2.178,0,0.00112845566191853,0.130583888076171
2.18,0,0.00111904283226861,0.0934431569068922
2.182,0,0.00110916650412604,0.0539223483470869
2.184,0,0.00109914167816041,0.0131415821103678
2.186,0,0.00108927393616137,-0.0277748851620135
2.188,0,0.00107984932122037,-0.0677619286507356
2.19,0,0.00107113215259198,-0.105806409709512
2.192,0,0.00106337293528482,-0.140944719303533
2.194,0,0.00105685478574857,-0.172103360164226
2.196,0,0.00105182334351684,-0.198318374702292
2.198,0,0.00104836995124134,-0.219151287589421
2.2,0,0.0010466831751352,-0.233839747116223
2.202,0,0.00104685529969608,-0.241940247491774
2.204,0,0.00104886855180603,-0.243402068583135
2.206,0,0.00105272005842711,-0.238123604737593
2.208,0,0.001058312750056,-0.226350123335141
2.21,0,0.00106553714560775,-0.208376177283106
2.212,0,0.00107425285444479,-0.184613828715996
2.214,0,0.00108428744499701,-0.155590776042117
2.216,0,0.00109539089643497,-0.122135073643956
2.218,0,0.00110724837483246,-0.0853605708820481
2.22,0,0.00111959862937784,-0.0461387928589599
2.222,0,0.00113208569333478,-0.00576205605138436
2.224,0,0.00114438618337556,0.0345755626794903
2.226,0,0.00115618777332053,0.0737269910550855
2.228,0,0.00116718448296528,0.11054707566065
2.23,0,0.00117711629594791,0.14403986437078
2.232,0,0.00118561712857272,0.172857155347614
2.234,0,0.00119259005169149,0.196542745808102
2.236,0,0.00119775380475886,0.214022378090857
2.238,0,0.00120114106253156,0.225291857360071
2.24,0,0.00120263071376897,0.229819045586028
2.242,0,0.00120223862117348,0.227543951354532
2.244,0,0.0012000416547507,0.218626500859
2.246,0,0.00119613646944642,0.203303860865461
2.248,0,0.00119058931739794,0.181687699507704
2.25,0,0.00118372856802468,0.154906618463342
2.252,0,0.00117569740364757,0.123395413886191
2.254,0,0.00116669124259623,0.0877540776049629
2.256,0,0.0011571060769661,0.049448156426676
2.258,0,0.00114720047139507,0.00935117223742282
2.26,0,0.0011373266008589,-0.0312481235879142
2.262,0,0.00112781210170982,-0.0711214009748947
2.264,0,0.00111895678184434,-0.109144868253686
2.266,0,0.00111114618856063,-0.143912895093023
2.268,0,0.0011046145467692,-0.174500205493977
2.27,0,0.00109965693630539,-0.199798658386465
2.272,0,0.00109647856703541,-0.218997103979458
2.274,0,0.00109520872665826,-0.231543513183164
2.276,0,0.00109587636175662,-0.23724269715786
2.278,0,0.00109854683938441,-0.235764317102754
2.28,0,0.00110316302842223,-0.227204310398175
2.282,0,0.0011095401148718,-0.21212984165541
2.284,0,0.00111759317389814,-0.190732827332914
2.286,0,0.00112710891789355,-0.163682208697499
2.288,0,0.0011378108160042,-0.131917022910189
2.29,0,0.00114954288431584,-0.0958910590015692
2.292,0,0.0011619391401471,-0.0569206683274752
2.294,0,0.00117474166796054,-0.015887639605284
2.296,0,0.00118762382901134,0.0260207670190484
2.298,0,0.00120027885409009,0.067660825484562
2.3,0,0.00121241724202344,0.107945784129705
2.302,0,0.00122371861249615,0.145682124809606
2.304,0,0.00123393450082913,0.179899534571854
2.306,0,0.00124278897071249,0.209556154705674
2.308,0,0.00124999249846265,0.23355373089012
2.31,0,0.00125533332522616,0.251051465950432
2.312,0,0.00125883126278879,0.26203126200822
2.314,0,0.00126032003267104,0.26581965851547
2.316,0,0.00125981702675972,0.262387033930694
2.318,0,0.00125740682694397,0.251946687473393
2.32,0,0.00125321096647671,0.234844653915872
2.322,0,0.00124730572922639,0.211240509001569
2.324,0,0.0012400980658707,0.182565084501495
2.326,0,0.00123165496660422,0.148941464985319
2.328,0,0.0012223014920868,0.111489170991669
2.33,0,0.00121234869925519,0.0712927984664866
2.332,0,0.00120210334287114,0.0294557267562977
2.334,0,0.00119187117511198,-0.0129374238758888
2.336,0,0.00118193313495022,-0.0548107688514844
2.338,0,0.00117257114571748,-0.0951236181683687
2.34,0,0.00116405968888709,-0.132834639058438
2.342,0,0.0011567017769928,-0.166802646757064
2.344,0,0.00115061095894387,-0.196522251652575
2.346,0,0.00114612543889967,-0.22073752591492
2.348,0,0.00114333595230318,-0.239033201465647
2.35,0,0.00114237780477353,-0.250844067759611
2.352,0,0.00114333054144278,-0.255799344766171
2.354,0,0.00114617472938979,-0.253882972470609
2.356,0,0.00115088781471556,-0.245091911970581
2.358,0,0.00115734542539781,-0.229795104252918
2.36,0,0.00116538443734543,-0.20850970469946
2.362,0,0.00117490725409992,-0.181492059640154
2.364,0,0.00118562328987031,-0.149733410400283
2.366,0,0.00119726760952172,-0.114127097396722
2.368,0,0.00120951896202657,-0.0758217902629253
2.37,0,0.00122210202550862,-0.0357607726319458
2.372,0,0.00123468215350675,0.00483584394995439
2.374,0,0.00124695820345295,0.0448598399713222
2.376,0,0.00125863384567699,0.0832119556633831
2.378,0,0.00126945412853816,0.118919096227765
2.38,0,0.00127908384271619,0.150747570692784
2.382,0,0.00128744518888651,0.178319238108898
2.384,0,0.00129418464453513,0.200338116836942
2.386,0,0.00129918663660918,0.216303792404434
2.388,0,0.0013023649527352,0.225821742580658
2.39,0,0.00130377348205841,0.229002731455448
2.392,0,0.00130327907392413,0.225280869884554
2.394,0,0.0013009990532744,0.214991347340164
2.396,0,0.00129705180140753,0.198480288443817
2.398,0,0.001291604299793,0.176282539424058
2.4,0,0.00128476303381581,0.148697603545525
2.402,0,0.00127678143636404,0.116586636472648
2.404,0,0.0012679503794526,0.0809720548262519
2.406,0,0.00125853963379784,0.0427884672455497
2.408,0,0.00124888444812768,0.00325762587361526
2.41,0,0.00123930604709399,-0.0364586495878044
2.412,0,0.00123013227067513,-0.0751484130873051
2.414,0,0.00122167058504261,-0.111665771363409
2.416,0,0.00121426950730939,-0.144730423233768
2.418,0,0.001208194885816,-0.173334189835129
2.42,0,0.0012035943260562,-0.196890823751361
2.422,0,0.00120087232877439,-0.213918755262959
2.424,0,0.00119990611248454,-0.224766103914506
2.426,0,0.00120089307428891,-0.228663492853933
2.428,0,0.00120381197229467,-0.225603138443672
2.43,0,0.00120854728873824,-0.215918627987495
2.432,0,0.00121501934222003,-0.199815963013943
2.434,0,0.00122306576737814,-0.177808965307011
2.436,0,0.00123259294184347,-0.150148557489911
2.438,0,0.00124327872895284,-0.117975017421556
2.44,0,0.00125500727899158,-0.0816259930519976
2.442,0,0.0012673919708055,-0.0425102061137941
2.444,0,0.00128016440837472,-0.00159327037423942
2.446,0,0.00129301318770181,0.0400088822347255
2.448,0,0.00130559426414351,0.0810238778093785
2.45,0,0.00131760634551056,0.120321807048242
2.452,0,0.00132868862418669,0.156582249814824
2.454,0,0.00133853442874754,0.188657414031771
2.456,0,0.00134693492351519,0.215748585594613
2.458,0,0.00135354860325192,0.236595636109936
2.46,0,0.00135830885657783,0.250890202991459
2.462,0,0.00136113943239545,0.258299670940848
2.464,0,0.00136198103611468,0.258546171316415
2.466,0,0.00136090106781387,0.251804029481359
2.468,0,0.00135790992786489,0.238030498004555
2.47,0,0.00135320976792339,0.217886103577289
2.472,0,0.00134690858146805,0.191676322255909
2.474,0,0.00133933490258414,0.160554213030106
2.476,0,0.00133062687325192,0.124942533143043
2.478,0,0.00132111471459442,0.0860017448624853
2.48,0,0.00131112090198455,0.0449019978792881
2.482,0,0.00130092870729453,0.00264846421866371
2.484,0,0.00129085874069164,-0.0395850476699195
2.486,0,0.0012812017969654,-0.0807088810687983
2.488,0,0.00127222022853963,-0.11973121039083
2.49,0,0.00126424832239838,-0.155422796761019
2.492,0,0.00125754478904695,-0.186798556575856
2.494,0,0.00125224303500226,-0.213323123693082
2.496,0,0.00124868669380883,-0.233726421095893
2.498,0,0.00124695368227748,-0.247667686879274
2.5,0,0.0012471100342315,-0.25485616643381
2.502,0,0.00124927201990686,-0.254815595354637
2.504,0,0.00125337024884937,-0.247734757723226
2.506,0,0.00125929711083748,-0.233941651604149
2.508,0,0.00126690858377002,-0.213896420534123
2.51,0,0.00127608404119681,-0.187962671276297
2.512,0,0.00128655947734044,-0.157042033151488
2.514,0,0.00129810522967766,-0.121893244321832
2.516,0,0.00131033626086874,-0.0839182397674709
2.518,0,0.00132302985322713,-0.0438566352823009
2.52,0,0.00133584828677502,-0.00293747808536752
2.522,0,0.00134849928166322,0.037754163436076
2.524,0,0.00136069255216916,0.0771574157417502
2.526,0,0.00137216346705909,0.114272075578549
2.528,0,0.00138266550507915,0.148167823613859
2.53,0,0.00139189769910904,0.177726486383378
2.532,0,0.00139973879781863,0.202456794375396
2.534,0,0.00140593025469103,0.221392966458414
2.536,0,0.0014103278641853,0.233965151164785
2.538,0,0.00141288615844051,0.239954499808862
2.54,0,0.0014135270159785,0.239024371742205
2.542,0,0.00141235021708293,0.231478457066382
2.544,0,0.00140940733334798,0.217446902891769
2.546,0,0.00140481787814779,0.197306342661551
2.548,0,0.00139872091603393,0.17150426187096
2.55,0,0.0013913336969905,0.140779398592893
2.552,0,0.00138290923077647,0.106009703490635
2.554,0,0.00137373168020583,0.0682029472022579
2.556,0,0.00136409244516148,0.0283993518153374
2.558,0,0.00135431214418529,-0.012240532560231
2.56,0,0.00134470165262525,-0.0525639504571334
2.562,0,0.00133555553805292,-0.0914827136227706
2.564,0,0.00132718216319093,-0.127858917801351
2.566,0,0.00131992569971816,-0.160427078215706
2.568,0,0.0013138996114925,-0.188724571181114
2.57,0,0.00130947892625271,-0.211385593273629
2.572,0,0.00130677712763078,-0.227951834808833
2.574,0,0.00130587155586295,-0.2380956346651
2.576,0,0.00130681464840739,-0.241576101190764
2.578,0,0.00130963575379453,-0.238228246017513
2.58,0,0.00131422129767522,-0.228406966708242
2.582,0,0.0013205290385956,-0.212206677176783
2.584,0,0.00132846364466831,-0.189914487761019
2.586,0,0.00133771766753949,-0.162624053272413
2.588,0,0.00134821948842075,-0.130544211399205
2.59,0,0.00135969735426748,-0.0946357561206656
2.592,0,0.00137181997777206,-0.0561024607999847
2.594,0,0.00138430810515257,-0.0159373673948339
2.596,0,0.0013968079602712,0.0245668333544027
2.598,0,0.00140898749961543,0.0641842828774761
2.6,0,0.00142052427802064,0.101734751723839
2.602,0,0.00143101987221363,0.135775091806776
2.604,0,0.00144026999947639,0.165526267914847
2.606,0,0.00144799907261213,0.189980298116757
2.608,0,0.0014540033176544,0.20837469961935
2.61,0,0.00145809454507198,0.219996598822063
2.612,0,0.00146023996563131,0.224683341639819
2.614,0,0.00146043348227257,0.22236690694223
2.616,0,0.00145867197632361,0.212985790242999
2.618,0,0.00145517602904302,0.197289879861475
2.62,0,0.0014499108991326,0.175098796559024
2.622,0,0.00144319233060467,0.147520231151434
2.624,0,0.0014352157509702,0.115234155179004
2.626,0,0.00142612608065685,0.0787223588169915
2.628,0,0.00141631155691475,0.039391696558964
2.63,0,0.00140603740246643,-0.00181439171133051
2.632,0,0.00139564193422572,-0.0436594724285559
2.634,0,0.00138543862289013,-0.0849880692819073
2.636,0,0.00137573210865614,-0.124679135525556
2.638,0,0.00136688488858002,-0.161406617970461
2.64,0,0.0013591253143967,-0.194313856284427
2.642,0,0.00135272010053499,-0.222422557904859
2.644,0,0.00134797263379954,-0.244621428368813
2.646,0,0.00134503726653794,-0.260327907390896
2.648,0,0.00134397613583886,-0.269292571024957
2.65,0,0.00134499334518577,-0.270749156891104
2.652,0,0.00134796662064374,-0.265103041420376
2.654,0,0.00135284795239426,-0.252487605482672
2.656,0,0.00135948984681765,-0.233394938227935
2.658,0,0.00136781009423845,-0.208068971311693
2.66,0,0.00137752450498131,-0.17750419097486
2.662,0,0.00138841247978248,-0.142461111963615
2.664,0,0.00140018650809436,-0.103953052017628
2.666,0,0.00141252835276328,-0.0631285174023012
2.668,0,0.00142516334335605,-0.0209726358054041
2.67,0,0.00143778034711429,0.0213723543007281
2.672,0,0.00145009980026485,0.0628646247607018
2.674,0,0.00146183082052206,0.102428286880012
2.676,0,0.00147272504672832,0.139130949171347
2.678,0,0.00148245634520875,0.171775123729415
2.68,0,0.00149089082950993,0.199846540674121
2.682,0,0.00149770976186206,0.222183522956989
2.684,0,0.00150271559326616,0.238049919921647
2.686,0,0.00150593465765007,0.247512934687445
2.688,0,0.00150722108816591,0.250021699810008
2.69,0,0.00150656786073799,0.24551722522657
2.692,0,0.00150402386704666,0.234139122240833
2.694,0,0.00149973207644433,0.216366556030486
2.696,0,0.00149385597555213,0.192755309443189
2.698,0,0.00148656115583052,0.163867504483795
2.7,0,0.0014780868510364,0.130538735234941
2.702,0,0.00146871834179262,0.0937861265875879
2.704,0,0.00145871772200119,0.0545408527126602
2.706,0,0.00144841118025685,0.013989606083363
2.708,0,0.00143809941549789,-0.0267614444254888
2.71,0,0.00142806373074471,-0.066677099675119
2.712,0,0.00141860851387629,-0.104637963903413
2.714,0,0.00141000133989301,-0.139651592352803
2.716,0,0.00140250505986747,-0.17074794478223
2.718,0,0.0013963855440741,-0.19695201706955
2.72,0,0.00139184400503012,-0.217517816431092
2.722,0,0.00138899924628425,-0.231995823712184
2.724,0,0.00138794520725442,-0.240022373315957
2.726,0,0.00138880510689302,-0.241122937598577
2.728,0,0.00139144482445472,-0.235753434954717
2.73,0,0.00139585307256278,-0.223925396249567
2.732,0,0.0014019799049617,-0.20578939721891
2.734,0,0.00140972792518658,-0.181668589895515
2.736,0,0.00141876013167267,-0.152778079824064
2.738,0,0.00142901755433556,-0.11930051731407
2.74,0,0.00144015909116771,-0.0824699782188184
2.742,0,0.0014519081762069,-0.0432801940086557
2.744,0,0.00146392559743168,-0.00296686728392478
2.746,0,0.00147587891174329,0.0372596981778616
2.748,0,0.00148744709922381,0.076220968887468
2.75,0,0.00149831022392777,0.112746463678529
2.752,0,0.00150810638237055,0.145519372922302
2.754,0,0.00151667101681506,0.173924530575749
2.756,0,0.00152369953827901,0.196856971102157
2.758,0,0.00152897531834622,0.213521194187153
2.76,0,0.00153243771762454,0.223679132116775
2.762,0,0.00153406684941721,0.227240722287411
2.764,0,0.00153373040664959,0.223707175020702
2.766,0,0.00153156335375732,0.213542477482255
2.768,0,0.00152766254295799,0.19707598037129
2.77,0,0.00152204747026493,0.1743553965583
2.772,0,0.00151497682813302,0.146304296227331
2.774,0,0.0015066956256962,0.113803893382486
2.776,0,0.00149733315831266,0.0773080830056398
2.778,0,0.00148727636830785,0.0382224400872129
2.78,0,0.00147680518006528,-0.00243931138945243
2.782,0,0.00146626397089321,-0.0434217883482521
2.784,0,0.00145598165707982,-0.0835209597343632
2.786,0,0.00144628260412675,-0.121554585522105
2.788,0,0.00143753937125173,-0.156171069641731
2.79,0,0.00142997316017291,-0.186566857632247
2.792,0,0.00142388310707735,-0.211662488330131
2.794,0,0.00141955038245802,-0.230442563596423
2.796,0,0.00141704170691776,-0.242660858663525
2.798,0,0.00141649832317159,-0.247801060504338
2.8,0,0.00141796369584114,-0.245693690231045
2.802,0,0.00142135826078599,-0.23660762469733
2.804,0,0.00142659005551543,-0.220853925639787
2.806,0,0.00143355474037298,-0.198787371325454
2.808,0,0.00144200679085361,-0.171280648232215
2.81,0,0.00145182249882671,-0.13876552290512
2.812,0,0.00146273597558361,-0.102197491994662
2.814,0,0.00147442399504213,-0.0627493095754827
2.816,0,0.00148661957351781,-0.0213932038895361
2.818,0,0.00149902520817472,0.0207813450044357
2.82,0,0.00151133139422609,0.062631907313572
2.822,0,0.0015232508579878,0.103099612958305
2.824,0,0.00153448472860801,0.141088111004577
2.826,0,0.00154468443278767,0.175328582861189
2.828,0,0.0015536788638668,0.205202826680025
2.83,0,0.00156111277036379,0.229430352913005
2.832,0,0.00156678712837067,0.247297283381501
2.834,0,0.00157066785472951,0.258684317417405
2.836,0,0.00157260743221757,0.263058163511952
2.838,0,0.00157249635961188,0.260016385351201
2.84,0,0.00157050094263271,0.250148077205524
2.842,0,0.00156667283244534,0.233624099881673
2.844,0,0.00156116140455716,0.210968725231179
2.846,0,0.00155414010393305,0.182794185524834
2.848,0,0.00154578014710547,0.149705930761059
2.85,0,0.00153642035773871,0.112927701234704
2.852,0,0.0015262851494486,0.073266023875276
2.854,0,0.00151570807790023,0.0319380394318481
2.856,0,0.00150497731469405,-0.0100026392825835
2.858,0,0.0014943925989177,-0.0514519116478098
2.86,0,0.00148423522215823,-0.0913732957023786
2.862,0,0.00147476503214189,-0.128811760094193
2.864,0,0.00146628655976552,-0.162655882744961
2.866,0,0.00145905851694081,-0.191966912060903
2.868,0,0.00145331662577124,-0.215894090518401
2.87,0,0.00144917350836155,-0.234034071475472
2.872,0,0.00144684330122148,-0.245614155697742
2.874,0,0.00144638607992275,-0.250415893547819
2.876,0,0.00144778165209975,-0.248507590039891
2.878,0,0.00145102723566991,-0.23989191158196
2.88,0,0.00145610248635621,-0.224632449259743
2.882,0,0.00146284795450676,-0.203297166951337
2.884,0,0.00147111208278265,-0.17642591082117
2.886,0,0.00148068046299995,-0.144787824189524
2.888,0,0.00149130466948449,-0.10927812807623
2.89,0,0.00150266603080955,-0.0710537292269365
2.892,0,0.00151449884911055,-0.031079458753261
2.894,0,0.00152646362363611,0.00940335190396308
2.896,0,0.00153824917385083,0.0492519533250146
2.898,0,0.00154955773399528,0.0873736418673116
2.9,0,0.0015601180509888,0.122774813317017
2.902,0,0.00156957919821239,0.154177394379887
2.904,0,0.00157780927348346,0.181106438743251
2.906,0,0.00158448062680796,0.202379454267929
2.908,0,0.00158948748679463,0.217622163029671
2.91,0,0.00159268938373715,0.22633307680953
2.912,0,0.00159404428123721,0.228365365712769
2.914,0,0.00159348586862683,0.223482131740308
2.916,0,0.00159116812117139,0.21224096881723
2.918,0,0.00158712465114947,0.19476462786193
2.92,0,0.00158143501958047,0.171344140572565
2.922,0,0.00157437711637842,0.14298867009915
2.924,0,0.00156605771186691,0.110092246946365
2.926,0,0.00155676984008385,0.0737218773422008
2.928,0,0.00154685784448612,0.035128147108186
2.93,0,0.00153658441417566,-0.00472691886854969
2.932,0,0.00152631120783835,-0.0445248664704046
2.934,0,0.00151635843305679,-0.0831036664988648
2.936,0,0.00150703273878651,-0.11935193145996
2.938,0,0.00149871755199637,-0.151884762296295
2.94,0,0.00149163703251011,-0.179906419767045
2.942,0,0.00148607091931824,-0.202418036268841
2.944,0,0.0014822766333844,-0.218503797533855
2.946,0,0.00148029515142643,-0.228030245725466
2.948,0,0.00148020135538466,-0.230737211230435
2.95,0,0.00148203747952436,-0.22647978139108
2.952,0,0.00148575269737159,-0.215446389805928
2.954,0,0.00149125682215903,-0.197967602860584
2.956,0,0.00149847478554645,-0.174324086382206
2.958,0,0.00150710774141292,-0.145606300877778
2.96,0,0.00151700334884715,-0.112379244135132
2.962,0,0.00152800719078779,-0.0752247613205567
2.964,0,0.00153976291427229,-0.0354433352218986
2.966,0,0.00155199311369583,0.00594344456296596
2.968,0,0.00156437736793045,0.0477561255015663
2.97,0,0.00157659285930223,0.0888203121998224
2.972,0,0.0015883280614929,0.128000026605306
2.974,0,0.0015992002364486,0.163905576261656
2.976,0,0.00160897544597152,0.195717163144412
2.978,0,0.00161735871057896,0.222381439680367
2.98,0,0.0016241110458693,0.243056581733283
2.982,0,0.00162901735998077,0.256988288087137
2.984,0,0.00163199739332576,0.263910386624039
2.986,0,0.00163299966455519,0.263655452134414
2.988,0,0.00163199011502768,0.256113768211942
2.99,0,0.00162914067601842,0.241916810685494
2.992,0,0.00162451285449453,0.221294888149083
2.994,0,0.00161821579710062,0.194653671808737
2.996,0,0.00161057723444778,0.163187044871926
2.998,0,0.00160168503962252,0.12722890198182
3,0,0.0015918790526773,0.0880200113411426
3.002,5.00000000000079e-07,0.00158144227245512,0.0465996080356075
3.004,1.00000000000005e-06,0.00157069178200108,0.0041292521289587
3.006,1.50000000000013e-06,0.00155993131187685,-0.038273257898041
3.008,2.00000000000009e-06,0.00154945546154754,-0.079528530231007
3.01,2.50000000000017e-06,0.00153953812169634,-0.118639888144965
3.012,4.00000000000001e-06,0.00153052565413821,-0.154347257802278
3.014,5.50000000000018e-06,0.00152265153082969,-0.185826302986107
3.016,7.00000000000002e-06,0.00151610236497312,-0.212423417746427
3.018,8.50000000000019e-06,0.00151123671929739,-0.232863176757125
3.02,1e-05,0.00150818702815389,-0.246702882468258
3.022,1.30000000000004e-05,0.00150703274243732,-0.253685858057372
3.024,1.60000000000001e-05,0.00150790909071723,-0.253350169766304
3.026,1.90000000000005e-05,0.00151079500836514,-0.245792726545052
3.028,2.20000000000002e-05,0.00151565793535144,-0.231146621159492
3.03,2.50000000000006e-05,0.00152237622940827,-0.209862796670975
3.032,3.00000000000001e-05,0.00153078476858389,-0.182548072798237
3.034,3.50000000000006e-05,0.00154074431414404,-0.149722154624765
3.036,4.00000000000001e-05,0.00155200911683653,-0.112293175819834
3.038,4.50000000000007e-05,0.00156424801558475,-0.0714708636631319
3.04,5.00000000000001e-05,0.00157730302593814,-0.0278738727003943
3.042,5.75000000000011e-05,0.001590840420702,0.0172625595114645
3.044,6.50000000000003e-05,0.00160460075069804,0.0629599364861951
3.046,7.25000000000012e-05,0.00161832170878289,0.108231333902862
3.048,8.00000000000005e-05,0.00163176038706961,0.152172464233917
3.05,8.75000000000014e-05,0.00164463909677307,0.193731629771143
3.052,9.80000000000003e-05,0.00165673787634175,0.232104785362431
3.054,0.000108500000000001,0.00166789120923058,0.266689559981925
3.056,0.000119,0.00167788912784573,0.296696711427668
3.058,0.000129500000000002,0.00168672098113142,0.322107872958517
3.06,0.00014,0.00169428612841308,0.342530301871544
3.062,0.000154000000000002,0.00170055411108495,0.357824052977342
3.064,0.000168000000000001,0.0017056218560718,0.368328393341305
3.066,0.000182000000000002,0.00170956725138543,0.374286983647116
3.068,0.000196000000000001,0.00171253244457743,0.376185594537208
3.07,0.000210000000000003,0.00171464807890513,0.374437312795482
3.072,0.000228000000000001,0.00171612677766997,0.369764204676359
3.074,0.000245999999999999,0.00171723249823846,0.363109895622208
3.076,0.000264000000000001,0.00171821236063579,0.355288416820351
3.078,0.000281999999999999,0.00171936448626079,0.347338049637915
3.08,0.000300000000000001,0.00172101313761567,0.340355634788771
3.082,0.000322499999999998,0.00172345479279572,0.335369832161809
3.084,0.000345000000000001,0.00172699856016541,0.33342493010341
3.086,0.000367499999999998,0.00173198877828415,0.335656130639417
3.088,0.000390000000000001,0.00173866494049356,0.342871050133603
3.09,0.000412499999999998,0.00174733508368614,0.356045395344548
3.092,0.000440000000000001,0.0017583055010161,0.376120062110116
3.094,0.000467499999999998,0.00177161323766893,0.403185836573969
3.096,0.000495000000000001,0.00178736430055178,0.437507349131683
3.098,0.000522499999999998,0.00180570905859258,0.479438583072655
3.1,0.000550000000000002,0.00182662625026913,0.528785624147138
3.102,0.000582999999999998,0.0018500441078204,0.585184409390062
3.104,0.000616000000000002,0.00187592893548628,0.648348701545559
3.106,0.000648999999999998,0.00190423086943079,0.717891701008404
3.108,0.000682000000000002,0.00193464838916169,0.79276362330033
3.11,0.000714999999999998,0.00196717336282941,0.872594780597468
3.112,0.000754000000000002,0.00200149026440197,0.956196165555923
3.114,0.000792999999999998,0.00203732064016176,1.04246082176677
3.116,0.000832000000000003,0.00207438311016659,1.1302088643345
3.118,0.000870999999999999,0.00211234525909991,1.2181323313136
3.12,0.000910000000000003,0.00215088343278476,1.30490421083225
3.122,0.000955499999999998,0.00218965773689793,1.38928532709371
3.124,0.001001,0.00222833316648314,1.46982141688994
3.126,0.0010465,0.00226664810351849,1.54574958638262
3.128,0.001092,0.00230435346296973,1.61592576838397
3.13,0.0011375,0.00234123482504732,1.67942114390376
3.132,0.00119,0.00237721633352463,1.73606118755346
3.134,0.0012425,0.00241222591042036,1.78541152043095
3.136,0.001295,0.00244632311506635,1.82776957614837
3.138,0.0013475,0.00247955027655696,1.86303868759838
3.14,0.0014,0.00251205183198986,1.89171057158342
3.142,0.00146,0.0025440010789899,1.91426790733998
3.144,0.00152,0.00257562867156371,1.93180289174757
3.146,0.00158,0.0026071477082703,1.94459645797652
3.148,0.00164,0.00263886877758819,1.95383684982344
3.15,0.0017,0.00267110762620539,1.96063134621702
3.152,0.00176800000000001,0.00270416982934129,1.96610019272791
3.154,0.001836,0.00273847484496662,1.97139933211357
3.156,0.00190400000000001,0.00277427218609863,1.97765762386017
3.158,0.001972,0.00281191881107035,1.98596429216923
3.16,0.00204000000000001,0.00285188885397997,1.99764509777032
3.162,0.0021165,0.00289425597648556,2.01333176548927
3.164,0.00219300000000001,0.00293953800574529,2.03431766749773
3.166,0.0022695,0.00298801172005083,2.06144825679318
3.168,0.00234600000000001,0.00303955859538974,2.09465436120936
3.17,0.0024225,0.00309461265346177,2.1348610547892
3.172,0.00250800000000001,0.00315317800899289,2.182022593786
3.174,0.0025935,0.00321506857317004,2.23561353497024
3.176,0.00267900000000001,0.00328029285124288,2.29539954608949
3.178,0.0027645,0.00334874492565562,2.360834863881
3.18,0.00285000000000001,0.00342031775467094,2.43125300978437
3.182,0.002945,0.00349462500871163,2.50553549246035
3.184,0.00304000000000001,0.00357163198027011,2.58295805764717
3.186,0.003135,0.0036509346874705,2.66228717685299
3.188,0.00323000000000001,0.0037322998140191,2.74246506800083
3.19,0.003325,0.00381550251691033,2.82239219068002
3.192,0.00343000000000001,0.00390021786738352,2.90104660242058
3.194,0.003535,0.00398623587946531,2.97746512857255
3.196,0.00364000000000001,0.00407333025590521,3.0507131063642
3.198,0.003745,0.00416129124201455,3.11980763834671
3.2,0.00385000000000001,0.00424990187549803,3.18366771093468
3.202,0.003965,0.00433891614338641,3.24186162985655
3.204,0.00408000000000001,0.00442818324192852,3.29359687602772
3.206,0.004195,0.00451757340385823,3.33825229993936
3.208,0.00431000000000001,0.00460700232422185,3.37542038029879
3.21,0.004425,0.0046964467494673,3.40480578789102
3.212,0.00455000000000001,0.00478593537048884,3.42691556807889
3.214,0.004675,0.00487554361587343,3.44176842025263
3.216,0.00480000000000001,0.00496540145406347,3.44946612941516
3.218,0.004925,0.00505565935224039,3.45084537641321
3.22,0.00505000000000002,0.00514653582123613,3.44639237543529
3.222,0.005185,0.00523825367315388,3.4370844987358
3.224,0.00532000000000002,0.00533109701492962,3.42375005902835
3.226,0.005455,0.00542536959954845,3.4074458331326
3.228,0.00559000000000002,0.00552142463539513,3.38926561092851
3.23,0.005725,0.00561953960200995,3.37033917878325
3.232,0.00587000000000002,0.00572003308406867,3.35174349692886
3.234,0.006015,0.00582317228459137,3.33449620065037
3.236,0.00616000000000002,0.00592943463868527,3.31975587068374
3.238,0.006305,0.00603900562114153,3.30839906698686
3.24,0.00645000000000002,0.00615209819192587,3.30116719908735
3.242,0.006605,0.006269001226541,3.2987731224561
3.244,0.00676000000000002,0.00638978068192448,3.30152133784978
3.246,0.006915,0.00651444818493693,3.30950338525537
3.248,0.00707000000000002,0.00664319181960241,3.32292895231443
3.25,0.007225,0.00677582665025642,3.34140916806848
3.252,0.00739000000000002,0.00691243607274036,3.36480338133007
3.254,0.007555,0.00705283700293241,3.39251827837759
3.256,0.00772000000000002,0.00719669962548698,3.42374484379521
3.258,0.007885,0.00734414451421382,3.45793726729496
3.26,0.00805000000000002,0.0074945523671551,3.49376828454335
3.262,0.008225,0.00764780184448715,3.53014632871671
3.264,0.00840000000000003,0.00780338450024047,3.56578897054891
3.266,0.00857500000000001,0.00796104804881102,3.59931119050656
3.268,0.00875000000000003,0.00812035024530493,3.62951155699927
3.27,0.00892500000000001,0.00828094194785456,3.65531101193657
3.272,0.00911000000000003,0.00844255849918727,3.67516604434561
3.274,0.00929500000000001,0.00860484426648689,3.68853808565529
3.276,0.00948000000000003,0.00876759048444367,3.69420713156945
3.278,0.00966500000000001,0.00893057844141882,3.69184044512174
3.28,0.00985000000000003,0.00909367760884902,3.68134742173118
3.282,0.010046,0.00925681993970266,3.66217537405173
3.284,0.010242,0.00941998967287919,3.63458711100803
3.286,0.010438,0.00958322171746202,3.59896248414702
3.288,0.010634,0.00974660516703309,3.55546621149752
3.29,0.01083,0.00991026437580021,3.50492214745174
3.292,0.011038,0.0100743939788333,3.44787482318429
3.294,0.011246,0.0102392219170396,3.38554701160518
3.296,0.011454,0.0104050023789767,3.31909617835456
3.298,0.011662,0.0105720716838321,3.24973685369671
3.3,0.01187,0.0107407021711281,3.17887030500709
3.302,0.012091,0.0109113270615696,3.10783543766047
3.304,0.012312,0.0110842753560396,3.0380754146382
3.306,0.012533,0.0112598774192128,2.97091902897624
3.308,0.012754,0.0114383888792689,2.90751410459188
3.31,0.012975,0.0116203000646895,2.84932580896498
3.312,0.01321,0.011805959051066,2.79761082144887
3.314,0.013445,0.0119953988465942,2.75292389816038
3.316,0.01368,0.0121892504180006,2.71688400507981
3.318,0.013915,0.0123873925974953,2.68954356405068
3.32,0.01415,0.0125900606404339,2.67154361963912
3.322,0.0144,0.0127974512917279,2.66334185993724
3.324,0.01465,0.0130093711139027,2.66447802761355
3.326,0.0149,0.0132257358076236,2.67463195767751
3.328,0.01515,0.0134464801189056,2.69343887884409
3.33,0.0154,0.013671568406642,2.72050415108885
3.332,0.015666,0.0139008060281516,2.75503383256512
3.334,0.015932,0.0141337075875502,2.79574043973396
3.336,0.016198,0.0143704137690168,2.84235821146187
3.338,0.016464,0.014610632586284,2.89384440830876
3.34,0.01673,0.0148539602441398,2.9490744125876
3.342,0.017013,0.0151003011703837,3.00734683059981
3.344,0.017296,0.0153493728806114,3.06775798246109
3.346,0.017579,0.0156011339286175,3.12951573834635
3.348,0.017862,0.0158551636804724,3.19172532421888
3.35,0.018145,0.0161114258710206,3.25367802626307
3.352,0.018446,0.0163697156431193,3.31472483563429
3.354,0.018747,0.0166298372910441,3.37443119469222
3.356,0.019048,0.0168917467107999,3.43245865837832
3.358,0.019349,0.0171554050227888,3.48864221622302
3.36,0.01965,0.0174208264236375,3.54298084038518
3.362,0.01997,0.0176880906146797,3.59561978707039
3.364,0.02029,0.0179573211147157,3.64684861680351
3.366,0.02061,0.0182285792963302,3.69710081229903
3.368,0.02093,0.0185022320676337,3.74680636155485
3.37,0.02125,0.018778241710641,3.79656005988768
3.372,0.02159,0.0190569393904803,3.8469137549411
3.374,0.02193,0.0193386230618009,3.89855344448251
3.376,0.02227,0.0196234929545681,3.95215699803128
3.378,0.02261,0.0199118175952025,4.00846186149642
3.38,0.02295,0.0202039340350208,4.06829313481477
3.382,0.023311,0.0205001634472961,4.13249907999013
3.384,0.023672,0.020800754649216,4.20184286226259
3.386,0.024033,0.0211060438956218,4.27712494274539
3.388,0.024394,0.0214161936550356,4.35885315796809
3.39,0.024755,0.0217317014044977,4.44791302777505
3.392,0.025138,0.0220525938972989,4.54445180705888
3.394,0.025521,0.0223789283397281,4.64854789887161
3.396,0.025904,0.0227108993496957,4.76035845993297
3.398,0.026287,0.0230486847716189,4.87986300150163
3.4,0.02667,0.023391950356789,5.00624349012946
3.402,0.027076,0.0237407451759375,5.13907109632705
3.404,0.027482,0.0240951516192282,5.27770774285207
3.406,0.027888,0.0244544060112885,5.42065165415387
3.408,0.028294,0.0248188547994691,5.56718692551773
3.41,0.0287,0.025188045774626,5.71569741810179
3.412,0.02913,0.0255613598911038,5.86466617914431
3.414,0.02956,0.0259387755690055,6.01260618305191
3.416,0.02999,0.0263197078999134,6.15820138346431
3.418,0.0304200000000001,0.026704063455213,6.30003257437463
3.42,0.03085,0.0270914865703549,6.4370646544141
3.422,0.0313050000000001,0.0274818652970608,6.56806882731653
3.424,0.03176,0.0278749040433313,6.69260444712895
3.426,0.032215,0.0282706979135933,6.80961828173906
3.428,0.03267,0.0286690318611269,6.91927390550898
3.43,0.033125,0.0290699419797064,7.02144985674264
3.432,0.033606,0.0294735421692164,7.11611937154263
3.434,0.034087,0.0298799960535814,7.20348085089157
3.436,0.034568,0.0302893545126955,7.28422984484588
3.438,0.0350490000000001,0.0307018881493039,7.35871335707581
3.44,0.03553,0.0311176795773387,7.42779064250683
3.442,0.0360380000000001,0.0315371715056865,7.49187193070934
3.444,0.036546,0.0319606235485513,7.55192536909238
3.446,0.0370540000000001,0.0323882225852731,7.60902670125861
3.448,0.037562,0.0328203646921463,7.66416226671015
3.45,0.03807,0.0332574728334373,7.71842654864676
3.452,0.038606,0.0336997566566359,7.77291177801612
3.454,0.0391420000000001,0.0341475836732631,7.82865552006006
3.456,0.039678,0.0346013339159958,7.88669601234389
3.458,0.0402140000000001,0.0350612413575844,7.94794769343291
3.46,0.04075,0.0355278338825434,8.01338461580974
3.462,0.0413150000000001,0.0360012672259891,8.08361723642662
3.464,0.04188,0.0364816928566796,8.15903077198532
3.466,0.0424450000000001,0.0369690848250459,8.2396812480801
3.468,0.04301,0.0374639285096625,8.32581761256537
3.47,0.0435750000000001,0.0379657139247502,8.41680694767476
3.472,0.04417,0.0384744898843535,8.512337376213
3.474,0.0447650000000001,0.0389906549631571,8.61216370865635
3.476,0.04536,0.0395135401189818,8.7153707253
3.478,0.0459550000000001,0.0400434629997737,8.82147556679642
3.48,0.04655,0.0405802044163726,8.92961894651209
3.482,0.0471750000000001,0.0411232778019851,9.03882177192153
3.484,0.0478,0.0416727166919119,9.14815595008408
3.486,0.0484250000000001,0.0422281343476298,9.25661844538382
3.488,0.04905,0.0427895323973551,9.36306373018101
3.49,0.0496750000000001,0.0433562913539992,9.46660820759146
3.492,0.05033,0.0439283163749802,9.56615981164839
3.494,0.0509850000000001,0.0445054637261518,9.66051342540609
3.496,0.05164,0.045087444809047,9.748546359206
3.498,0.0522950000000001,0.0456739787089336,9.82910357272862
3.5,0.0529500000000001,0.0462645457753072,9.90183793640289
3.502,0.0536350000000001,0.0468593898238238,9.96504537268042
3.504,0.05432,0.047458182413588,10.0185515991218
3.506,0.0550050000000001,0.048061042322622,10.0616135487418
3.508,0.05569,0.0486677675910406,10.0947958566823
3.51,0.0563750000000001,0.049278451463946,10.1182673930216
3.512,0.05709,0.0498935857781854,10.1316839404069
3.514,0.0578050000000001,0.0505129363869895,10.1366078010048
3.516,0.05852,0.0511370310960821,10.1332649917977
3.518,0.0592350000000001,0.051766082885219,10.1228179677225
3.52,0.0599500000000001,0.0524003671724285,10.1064719669925
3.522,0.0606950000000001,0.0530402711862268,10.0853538700126
3.524,0.06144,0.0536858936676947,10.0608230214243
3.526,0.0621850000000001,0.0543377895347066,10.0339253611793
3.528,0.06293,0.0549961944441445,10.0058276155756
3.53,0.0636750000000001,0.0556615923741559,9.97765757252438
3.532,0.06445,0.0563336911962141,9.95030739603359
3.534,0.0652250000000001,0.05701332160515,9.92469430655355
3.536,0.066,0.0577007019093902,9.90159715471766
3.538,0.0667750000000002,0.0583954913798287,9.88136128019323
3.54,0.0675500000000001,0.0590982145140544,9.86448748286193
3.542,0.0683550000000002,0.0598089327501636,9.85114995634741
3.544,0.0691600000000001,0.0605274171466579,9.84121840507228
3.546,0.0699650000000001,0.0612537309679994,9.83454977739454
3.548,0.07077,0.0619876674851034,9.83077163430647
3.55,0.0715750000000001,0.062729443189428,9.82951168388361
3.552,0.07241,0.0634788131160403,9.83006734297287
3.554,0.0732450000000001,0.0642354170343619,9.83160203710498
3.556,0.0740800000000001,0.0649989422441401,9.83327891317424
3.558,0.0749150000000002,0.0657693258797648,9.83412147098702
3.56,0.0757500000000001,0.066546295011411,9.83309500216548
3.562,0.0766155000000002,0.0673294566228241,9.82926936654043
3.564,0.0774810000000001,0.0681188308250033,9.82147312610262
3.566,0.0783465000000002,0.0689136301028595,9.8091713821069
3.568,0.079212,0.069713778502634,9.79156601581239
3.57,0.0800775000000001,0.0705192899960202,9.76773728813196
3.572,0.080974,0.0713298118617063,9.73735789774757
3.574,0.0818705000000002,0.0721450240321401,9.70035754608186
3.576,0.0827670000000001,0.0729650441422322,9.65624300575336
3.578,0.0836635000000002,0.0737895357410814,9.60543680214186
3.58,0.0845600000000001,0.0746186932979247,9.54784421815469
3.582,0.0854880000000002,0.0754523541415503,9.48411402312898
3.584,0.0864160000000001,0.0762909386104416,9.41435940509881
3.586,0.087344,0.0771340447068224,9.33988035817721
3.588,0.0882720000000001,0.0779821485577084,9.26114238997744
3.59,0.0892,0.0788356552012592,9.17915433345376
3.592,0.0901600000000001,0.0796944710795522,9.09530720535635
3.594,0.09112,0.0805589158198158,9.01077802968805
3.596,0.0920800000000001,0.0814294697666565,8.92689795795006
3.598,0.09304,0.0823064146820597,8.84503677620557
3.6,0.0940000000000001,0.0831899715451224,8.76643129415754
3.602,0.0949925,0.0840804583389927,8.69231064118865
3.604,0.0959850000000001,0.0849781925653035,8.62384976492987
3.606,0.0969775,0.0858835522382483,8.56222369460391
3.608,0.0979700000000001,0.0867967061258807,8.50828216035825
3.61,0.0989625,0.087718003208621,8.46292000235954
3.612,0.0999880000000001,0.088647737486578,8.42685723610681
3.614,0.1010135,0.0895854098413735,8.39972245232113
3.616,0.102039,0.0905316401096989,8.38223992474633
3.618,0.1030645,0.0914860396804986,8.37384563060008
3.62,0.10409,0.0924488196534045,8.37452355095715
3.622,0.105149,0.0934196522299637,8.38357645468295
3.624,0.106208,0.0943984847587153,8.40053515011876
3.626,0.107267,0.0953853131880667,8.42489560471983
3.628,0.108326,0.0963798522637258,8.45586344932754
3.63,0.109385,0.0973819277905886,8.49276362561977
3.632,0.110478,0.0983918311689137,8.53518441656349
3.634,0.111571,0.0994089174478371,8.58202026031579
3.636,0.112664,0.100433202994974,8.63260573201811
3.638,0.113757,0.101464373401229,8.68603945269136
3.64,0.11485,0.102502719910787,8.74151854521759
3.642,0.1159775,0.103547139447876,8.79790710968649
3.644,0.117105,0.104598126948183,8.85442481551076
3.646,0.1182325,0.105655230197658,8.91021788348476
3.648,0.11936,0.106718356259191,8.96456278872954
3.65,0.1204875,0.107787111135747,9.01700352178261
3.652,0.12165,0.108861482238749,9.067177545511
3.654,0.1228125,0.109941395516604,9.11492568783477
3.656,0.123975,0.111026844642841,9.16026979535698
3.658,0.1251375,0.112117960641856,9.20338751986887
3.66,0.1263,0.113214591699586,9.24471235030438
3.662,0.127498,0.114317248992452,9.28460327337209
3.664,0.128696,0.115425859894974,9.32369376468492
3.666,0.129894,0.116540868065315,9.36258274284393
3.668,0.131092,0.11766222422533,9.40191415402711
3.67,0.13229,0.11879057194274,9.44242436153875
3.672,0.133524,0.119925876890033,9.48477451532738
3.674,0.134758,0.121068595878466,9.52975830211169
3.676,0.135992,0.122219090444149,9.57822407075724
3.678,0.137226,0.123377589433132,9.6309114365951
3.68,0.13846,0.124544499571827,9.68858102867094
3.682,0.1397305,0.125720240731529,9.75193085580161
3.684,0.141001,0.12690430852186,9.82089658803507
3.686,0.1422715,0.128097358164006,9.89607211465367
3.688,0.143542,0.129299520407399,9.97755517739027
3.69,0.1448125,0.130510289884994,10.0648439635501
3.692,0.14612,0.131729883023409,10.1577659970888
3.694,0.1474275,0.132958570227406,10.2559295884717
3.696,0.148735,0.134195515023322,10.3581958738669
3.698,0.1500425,0.135440707657667,10.4638387234029
3.7,0.15135,0.13669433178138,10.5719863941794
3.702,0.152695,0.137955755039428,10.6815417135103
3.704,0.15404,0.139225166216338,10.7914381027302
3.706,0.155385,0.140502050554619,10.9006364734413
3.708,0.15673,0.141786492125706,11.0080190128297
3.71,0.158075,0.143077906262006,11.1127117560973
3.712,0.159458,0.144376218925423,11.2138249838185
3.714,0.160841,0.145681445978223,11.3103902685431
3.716,0.162224,0.146993326021369,11.4016556731954
3.718,0.163607,0.148311830320092,11.4866904408065
3.72,0.16499,0.149636454285906,11.5651950226575
3.722,0.1664115,0.15096739355045,11.6362237895087
3.724,0.167833,0.152304526286634,11.6993039092791
3.726,0.1692545,0.153647459012088,11.7545578777049
3.728,0.170676,0.15499628611195,11.8016499730248
3.73,0.1720975,0.156351322764848,11.8401410336005
3.732,0.173558,0.157712034106845,11.8709814154032
3.734,0.1750185,0.159079045927613,11.8937799072149
3.736,0.176479,0.160452037111484,11.9095990247443
3.738,0.1779395,0.16183154545156,11.9186947832208
3.74,0.1794,0.163217798466365,11.9220454653614
3.742,0.1809,0.164610591957687,11.9210461640635
3.744,0.1824,0.166010529215683,11.9165858544423
3.746,0.1839,0.167418035527765,11.9099045357374
3.748,0.1854,0.168833255711701,11.90232172291
3.75,0.1869,0.170256588715471,11.8950390031294
3.752,0.18844,0.171688458539012,11.8892784470968
3.754,0.18998,0.173129419361056,11.8862993687536
3.756,0.19152,0.174578980420858,11.8868219869158
3.758,0.19306,0.176038355232467,11.8921279313174
3.76,0.1946,0.177507317433794,11.9026980694931
3.762,0.19618,0.178986029615047,11.9189792637189
3.764,0.19776,0.180474949155607,11.941411382362
3.766,0.19934,0.181973633992064,11.9697175932953
3.768,0.20092,0.183482444184694,12.003964849936
3.77,0.2025,0.185001565404598,12.0439651528059
3.772,0.20412,0.186530469040037,12.089023839827
3.774,0.20574,0.188068986870723,12.1385557692149
3.776,0.20736,0.18961757841197,12.1920389174486
3.778,0.20898,0.191175609651044,12.248277399323
3.78,0.2106,0.192742252220454,12.3060960603959
3.782,0.21226,0.194317882212942,12.3644080973105
3.784,0.21392,0.195902026688397,12.4218330582478
3.786,0.21558,0.197494004314287,12.4771443000352
3.788,0.21724,0.199093581910872,12.5290868938371
3.79,0.2189,0.200700270573665,12.5765912451173
3.792,0.2206,0.202314375424215,12.6179509098264
3.794,0.2223,0.203934730907174,12.6530031300588
3.796,0.224,0.20556172514782,12.6803464635869
3.798,0.2257,0.20719519463367,12.6992951500886
3.8,0.2274,0.208834439916002,12.7103630242561
3.802,0.22914,0.210480113086451,12.7125262619972
3.804,0.23088,0.2121317384408,12.7065942231318
3.806,0.23262,0.213789779501572,12.6923501320737
3.808,0.23436,0.2154540020293,12.6706696670705
3.81,0.2361,0.21712494316778,12.6417245921048
3.812,0.23788,0.218802110064623,12.6068475800018
3.814,0.23966,0.220486346566481,12.5662867667174
3.816,0.24144,0.222177783609359,12.5212086629386
3.818,0.24322,0.223876316521872,12.4728634149286
3.82,0.245,0.225582730548969,12.4222046028127
3.822,0.24682,0.227296798179527,12.3705142508338
3.824,0.24864,0.229019023248786,12.3188579569354
3.826,0.25046,0.230749865477927,12.2684084553327
3.828,0.252280000000001,0.232489863000695,12.2204235250463
3.83,0.2541,0.234238453728005,12.1756882336036
3.832,0.255960000000001,0.235996702766318,12.1354431593299
3.834,0.25782,0.237764662942895,12.100471834751
3.836,0.259680000000001,0.239542559742793,12.0714300869111
3.838,0.26154,0.241330415235733,12.0486386067839
3.84,0.2634,0.24312866936009,12.0324721303183
3.842,0.2653,0.2449366945834,12.0224255291853
3.844,0.2672,0.246754722417439,12.0183790633651
3.846,0.2691,0.248582677216551,12.0198771627367
3.848,0.271,0.250420630932145,12.0264181521336
3.85,0.2729,0.252268317062961,12.037204169715
3.852,0.27484,0.25412575775647,12.0514677140272
3.854,0.27678,0.255992037793208,12.0681629606087
3.856,0.27872,0.257867779468423,12.0866115879165
3.858,0.28066,0.259752429749584,12.1057860525452
3.86,0.2826,0.26164576922469,12.124774024613
3.862,0.28458,0.263547564486942,12.1426440261969
3.864,0.28656,0.265457495032372,12.1584953012797
3.866,0.28854,0.267375715009585,12.1711849568915
3.868,0.29052,0.269301276805742,12.1801658451472
3.87,0.2925,0.271234283585132,12.1845181797115
3.872,0.29452,0.273174821456603,12.1832913270141
3.874,0.29654,0.275122203086197,12.1763543315131
3.876,0.29856,0.277076665592491,12.1630615600491
3.878,0.30058,0.279037636391661,12.1437414342665
3.88,0.3026,0.281005467814747,12.1181584760195
3.882,0.30466,0.282980079719061,12.0867360559515
3.884,0.30672,0.284961547910848,12.0499670742424
3.886,0.30878,0.286950010134659,12.0084580315039
3.888,0.31084,0.288945644995244,11.9629463365493
3.89,0.3129,0.290948686702313,11.9142990673705
3.892,0.315,0.292959287956792,11.8634789470159
3.894,0.3171,0.294978008428869,11.8114926886101
3.896,0.3192,0.297004667390639,11.7594490145278
3.898,0.3213,0.299039734806117,11.7083483516599
3.9,0.3234,0.301083291136784,11.6591444192896
3.902,0.32554,0.303136329801529,11.6130686654483
3.904,0.32768,0.305198324204458,11.5707412019683
3.906,0.32982,0.307269474510074,11.5328308066125
3.908,0.33196,0.309350566576269,11.500248872446
3.91,0.3341,0.311441497831343,11.4733299562386
3.912,0.33628,0.313541896695459,11.4520847734052
3.914,0.33846,0.315652280243135,11.4369392115314
3.916,0.34064,0.31777212661325,11.4275692255163
3.918,0.34282,0.319902101487027,11.424232511434
3.92,0.345,0.322041419783093,11.4262028488287
3.922,0.34722,0.324190262122717,11.4332167789584
3.924,0.34944,0.326348696976568,11.4448100054088
3.926,0.35166,0.328516243976787,11.4601642249974
3.928,0.35388,0.330692999635788,11.4786392871548
3.93,0.3561,0.332878678971021,11.499398695981
3.932,0.35836,0.335073412637562,11.5215942636321
3.934,0.36062,0.337276455935361,11.5442584941783
3.936,0.36288,0.339487819548282,11.5665040922602
3.938,0.36514,0.341707528629085,11.587326501364
3.94,0.3674,0.34393480897184,11.6059436209547
3.942,0.3697,0.346169810517944,11.6214602852866
3.944,0.372,0.348412512197099,11.6330633769134
3.946,0.3743,0.350662370099047,11.6403883075218
3.948,0.3766,0.352919251702407,11.6430466668343
3.95,0.3789,0.35518300466632,11.6408114408712
3.952,0.38124,0.357453496031905,11.6336017250008
3.954,0.38358,0.359730641693188,11.621481950066
3.956,0.38592,0.362014529040901,11.6045854919463
3.958,0.38826,0.364304865176674,11.5834782265159
3.96,0.3906,0.366601991151736,11.5584260508028
3.962,0.392980000000001,0.368906180765591,11.5299732699365
3.964,0.39536,0.371217376784022,11.4989680820303
3.966,0.39774,0.37353560271277,11.4662534686034
3.968,0.40012,0.375861621811585,11.4326924002783
3.97,0.4025,0.378195225360779,11.3993553328803
3.972,0.40492,0.380536797322461,11.3672354312935
3.974,0.40734,0.38288663466163,11.3373770481838
3.976,0.40976,0.38524530143946,11.3109520529808
3.978,0.412180000000001,0.387612763077428,11.2888557402115
3.98,0.4146,0.389989276298511,11.271936646575
3.982,0.417060000000001,0.392375291488427,11.2610701829328
3.984,0.41952,0.394771165895066,11.2569727545302
3.986,0.42198,0.397176520902894,11.2596643356253
3.988,0.42444,0.399591406253986,11.2692847427725
3.99,0.4269,0.40201612635175,11.2859970946027
3.992,0.429399524361294,0.4044507402427,11.3095944946061
3.994,0.431899048722589,0.406894611788384,11.3392724326463
3.996,0.434398573083882,0.409347884756059,11.3746697131544
3.998,0.436898097445177,0.411810424662846,11.4151711356955
4,0.43939762180647,0.414282247048875,11.4601636449714
4.002,0.4419361960728,0.416763448363387,11.5089429585322
4.004,0.44447477033913,0.419253053827725,11.5604438625428
4.006,0.44701334460546,0.421751758506329,11.6140907493161
4.008,0.449551918871789,0.42425897132961,11.668844344908
4.01,0.452090493138118,0.426774407451338,11.7238003548172
4.012,0.454667644152739,0.42929784258299,11.7780210305681
4.014,0.457244795167358,0.43182907614588,11.8305154455449
4.016,0.459821946181978,0.434368311727636,11.8800302958436
4.018,0.462399097196597,0.436914284642209,11.9259930414419
4.02,0.464976248211218,0.439467600955457,11.9670103034279
4.022,0.467591504251833,0.442027661946398,12.0024681003842
4.024,0.470206760292448,0.44459455838447,12.0313903895742
4.026,0.472822016333063,0.447167552406062,12.0539031649732
4.028,0.475437272373679,0.44974684318491,12.0694413136195
4.03,0.478052528414294,0.452332532532209,12.0777800403683
4.032,0.480705419349625,0.454924274567553,12.0794873928466
4.034,0.483358310284955,0.457522270421935,12.074743294667
4.036,0.486011201220286,0.460126498266382,12.0641300094966
4.038,0.488664092155617,0.462737536201509,12.0478980597145
4.04,0.491316983090947,0.465355218372643,12.0270645423732
4.042,0.494007040563694,0.467979509723505,12.0024629455395
4.044,0.496697098036442,0.470611166939493,11.9746102492547
4.046,0.499387155509189,0.47325023376623,11.944492704296
4.048,0.502077212981936,0.475896987052637,11.9129915977616
4.05,0.504767270454683,0.478551479470179,11.8809825239394
4.052,0.507494028097043,0.481214345263456,11.8493413723743
4.054,0.510220785739402,0.483885736617102,11.8189574515926
4.056,0.512947543381761,0.486565861743909,11.7905774093522
4.058,0.51567430102412,0.489254933177998,11.764847871168
4.06,0.518401058666481,0.491953228597323,11.7423309464812
4.062,0.521164052356195,0.494660709672585,11.7233469011108
4.064,0.523927046045908,0.497377324726139,11.708065639394
4.066,0.526690039735622,0.500103224674763,11.696600881008
4.068,0.529453033425337,0.502838697619381,11.6889535490158
4.07,0.532216027115051,0.505583133827695,11.6846200202722
4.072,0.535014795282544,0.508336691318688,11.6832701818397
4.074,0.537813563450036,0.511099209239243,11.6843474561239
4.076,0.54061233161753,0.513870654684526,11.6872054559276
4.078,0.543411099785023,0.516651249167689,11.6910434675444
4.08,0.546209867952515,0.519439628934542,11.6949749906822
4.082,0.549043951953216,0.52223656619123,11.6981400182498
4.084,0.551878035953918,0.525041620877156,11.6995379238979
4.086,0.554712119954619,0.527854568239457,11.6981799568695
4.088,0.557546203955319,0.530675048330215,11.6931326553325
4.09,0.56038028795602,0.533502614893721,11.6835719135259
4.092,0.56324923252704,0.536337421765789,11.6682011596467
4.094,0.566118177098059,0.539179029566056,11.6461500059414
4.096,0.568987121669078,0.542026856818211,11.6169874784293
4.098,0.571856066240098,0.54488100221488,11.5796141169237
4.1,0.574725010811117,0.54774103794973,11.533787194223
4.102,0.577628364638768,0.55060690808491,11.4790293674413
4.104,0.580531718466417,0.553478248326545,11.4156418035381
4.106,0.583435072294067,0.556355273015926,11.3433602285733
4.108,0.586338426121716,0.55923778606435,11.2628856124325
4.11,0.589241779949367,0.562126044238236,11.1745334052497
4.112,0.592179096384825,0.565019764137939,11.0795785712974
4.114,0.595116412820282,0.56791948314865,10.9784995972524
4.116,0.59805372925574,0.570825490712494,10.872465544791
4.118,0.600991045691198,0.573737545288454,10.7631025342505
4.12,0.603928362126656,0.576656243253908,10.6515369822839
4.122,0.606899200103351,0.57958195475394,10.5392285375983
4.124,0.609870038080046,0.582514618947846,10.4275496658152
4.126,0.612840876056742,0.585454725448587,10.3177856204337
4.128,0.615811714033437,0.58840259726137,10.2112046186832
4.13,0.618782552010132,0.591358722352912,10.1091253625499
4.132,0.621786477241484,0.594322887774128,10.0123177149029
4.134,0.624790402472837,0.597295247417797,9.92151139806794
4.136,0.627794327704189,0.600276732239331,9.83797639495944
4.138,0.630798252935541,0.603266464261797,9.76133050986109
4.14,0.633802178166893,0.606265105346042,9.69226103402924
4.142,0.636838764742358,0.609272755817403,9.6308117127376
4.144,0.639875351317822,0.612288795033185,9.57626852619002
4.146,0.642911937893285,0.615313361876073,9.52844831281221
4.148,0.645948524468749,0.618346489345559,9.4869698760605
4.15,0.648985111044214,0.621387996641531,9.4512020703546
4.152,0.652053943604413,0.62443781723114,9.4204998077732
4.154,0.655122776164612,0.627495273242699,9.39385236252475
4.156,0.658191608724812,0.630560522582796,9.37068190672061
4.158,0.661260441285012,0.63363355034872,9.35015588293671
4.16,0.664329273845212,0.636713595019964,9.33122614623781
4.162,0.667429950618163,0.639800608069165,9.31305052209547
4.164,0.670530627391114,0.64289417407628,9.29471176048733
4.166,0.673631304164066,0.645994343919649,9.27521137555648
4.168,0.676731980937017,0.649100710387965,9.25361097772286
4.17,0.679832657709968,0.652212791144902,9.22924173848127
4.172,0.682964794850998,0.655330640840408,9.20129970557504
4.174,0.686096931992031,0.658453616838029,9.16963984501283
4.176,0.689229069133061,0.661581883152661,9.13376667468122
4.178,0.692361206274092,0.664715160550282,9.09371748073735
4.18,0.695493343415123,0.667853699078452,9.04933104277494
4.182,0.698656581328688,0.670997100677137,9.00117910212633
4.184,0.701819819242252,0.674145562979365,8.94950726239338
4.186,0.704983057155815,0.677299167758847,8.89479820072065
4.188,0.708146295069379,0.6804581093549,8.83764048274773
4.19,0.711309532982944,0.68362251129396,8.77882645521532
4.192,0.714503545555957,0.686792356805182,8.71922584481206
4.194,0.71769755812897,0.689968124314947,8.65974091661434
4.196,0.720891570701983,0.693150120401221,8.60144840812493
4.198,0.724085583274997,0.696338254798125,8.54524609444727
4.2,0.72727959584801,0.699532962741881,8.49216046341207
4.202,0.73050410338166,0.702734741621928,8.44333670288107
4.204,0.733728610915309,0.705943569013118,8.3995654870585
4.206,0.73695311844896,0.709159738221526,8.36170518515525
4.208,0.74017762598261,0.712383573317224,8.33057461409321
4.21,0.74340213351626,0.715615370421853,8.30688581530273
4.212,0.746656918165458,0.718855310735633,8.29109894462245
4.214,0.749911702814657,0.722103044401766,8.28298750093923
4.216,0.753166487463855,0.725359171463781,8.28309259171532
4.218,0.756421272113053,0.72862315502077,8.29067286381997
4.22,0.759676056762252,0.73189511117856,8.3054821309023
4.222,0.762960973369954,0.73517525270672,8.32717243668218
4.224,0.766245889977656,0.738462610742452,8.35435623296338
4.226,0.769530806585357,0.741757846978031,8.3867816222671
4.228,0.772815723193058,0.745060112626821,8.42304923336748
4.23,0.776100639800761,0.748369564500278,8.46231393169907
4.232,0.779415610082711,0.751685659437207,8.50336901847317
4.234,0.782730580364661,0.755008216454931,8.54515124441627
4.236,0.786045550646612,0.758336763496399,8.58663593585946
4.238,0.789360520928563,0.761671269990411,8.62677769726997
4.24,0.792675491210514,0.765011537610085,8.66445041407882
4.242,0.796020481049512,0.768356825149144,8.69891435940352
4.244,0.799365470888509,0.771707088182722,8.72924485694844
4.246,0.802710460727509,0.775062344525838,8.75434835720277
4.248,0.806055450566507,0.778421938296985,8.77408183787433
4.25,0.809400440405504,0.781785923678564,8.78776175167958
4.252,0.812775436988185,0.785154030006123,8.79536030863943
4.254,0.816150433570868,0.788526372297107,8.79657198590596
4.256,0.819525430153548,0.791902842712832,8.79170965888195
4.258,0.822900426736229,0.795283484667608,8.78109866341308
4.26,0.82627542331891,0.798668492009126,8.76512950128929
4.262,0.829680422176355,0.802057879634914,8.74460238143815
4.264,0.833085421033799,0.805451929332598,8.72027885651664
4.266,0.836490419891242,0.808850954409281,8.69317074285671
4.268,0.839895418748686,0.812254965211747,8.66448748001368
4.27,0.843300417606131,0.815664465239538,8.6353129858234
4.272,0.84673446594748,0.819079744027725,8.60686091562369
4.274,0.850168514288829,0.822501121506626,8.5802892989873
4.276,0.853602562630179,0.825928728751016,8.55661632553024
4.278,0.857036610971529,0.829363208959819,8.53708331396973
4.28,0.860470659312879,0.832804556413789,8.52244991974238
4.282,0.863932807718415,0.836253242965477,8.51365470903719
4.284,0.867394956123951,0.839709618070438,8.51142519608634
4.286,0.870857104529489,0.843173310593239,8.51566310628132
4.288,0.874319252935025,0.84664483380102,8.5268906724164
4.29,0.877781401340562,0.85012420796611,8.5450405888954
4.292,0.881270703327422,0.853611487279923,8.5699433407096
4.294,0.884760005314284,0.857106426034759,8.60108031360037
4.296,0.888249307301145,0.860609430987866,8.63830845146412
4.298,0.891738609288006,0.864119860686745,8.68059161142491
4.3,0.895227911274866,0.867637554756153,8.72718422770493
4.302,0.898743423341971,0.871162790451516,8.77730514668577
4.304,0.902258935409074,0.874694668538974,8.82945830688646
4.306,0.905774447476177,0.878233053301479,8.88241055295167
4.308,0.909289959543281,0.881777465397182,8.93478941763258
4.31,0.912805471610385,0.885327701090807,8.98511724017376
4.312,0.916346253476337,0.888883112615992,9.03219394118466
4.314,0.919887035342289,0.892443436078259,9.07476288976718
4.316,0.92342781720824,0.896008342575107,9.11166342208278
4.318,0.926968599074193,0.89957757349178,9.14171891829725
4.32,0.930509380940145,0.903150905971922,9.16373746262445
4.322,0.934074495884069,0.906727820702126,9.17741247441401
4.324,0.937639610827993,0.910308286688309,9.18169198915312
4.326,0.941204725771919,0.91389218583409,9.17590849304709
4.328,0.944769840715844,0.917479358027524,9.15993990308678
4.33,0.948334955659768,0.92106974714932,9.13378814940538
4.332,0.951923470943963,0.924663382015028,9.09752149510574
4.334,0.955511986228161,0.928260311732487,9.05144932208577
4.336,0.959100501512356,0.931860636946257,8.99599983187894
4.338,0.962689016796552,0.935464522267925,8.93176849337142
4.34,0.966277532080748,0.939072037394552,8.85983286942995
4.342,0.969888519460003,0.942683424580295,8.78108192884984
4.344,0.973499506839256,0.946298981215896,8.69659229768129
4.346,0.977110494218509,0.949918966395128,8.60761984614814
4.348,0.980721481597762,0.953543640361257,8.5154506423046
4.35,0.984332468977017,0.957173278436316,8.42131105429124
4.352,0.987965005311944,0.960808094834736,8.32640146336526
4.354,0.991597541646871,0.964448748245713,8.23195411683269
4.356,0.995230077981799,0.968095218875937,8.13904217698237
4.358,0.998862614316726,0.971747956816834,8.04869330752368
4.36,1.00249515065165,0.975407226105935,7.96174181447361
4.362,1.00614831865304,0.979072817908788,7.87851356160062
4.364,1.00980148665442,0.982745209176408,7.79952972315268
4.366,1.0134546546558,0.986424351958231,7.72479984497783
4.368,1.01710782265718,0.990110121911791,7.65409736458391
4.37,1.02076099065857,0.993802321293611,7.587021340538
4.372,1.0244338798006,0.997501229585095,7.52327613274866
4.374,1.02810676894263,1.00120610675857,7.4619659089578
4.376,1.03177965808466,1.00491721848094,7.40253704214911
4.378,1.0354525472267,1.00863416513134,7.34399000764843
4.38,1.03912543636873,1.01235667647156,7.28528843826561
4.382,1.04281714402403,1.01608419958777,7.22538676776514
4.384,1.04650885167932,1.01981667107938,7.16305641992416
4.386,1.05020055933462,1.02355346942924,7.0973451625096
4.388,1.05389226698992,1.0272942711748,7.02724258782204
4.39,1.05758397464522,1.03103880794658,6.95163203257688
4.392,1.06129360751613,1.03478668556848,6.8697623373393
4.394,1.06500324038705,1.03853767832878,6.78080621017058
4.396,1.06871287325796,1.04229139305079,6.68465981484836
4.398,1.07242250612888,1.046047744317,6.58084403517219
4.4,1.07613213899979,1.04980655463966,6.46949186307508
4.402,1.07985881495318,1.0535676912861,6.35100533015957
4.404,1.08358549090657,1.05733118972819,6.2256121796118
4.406,1.08731216685996,1.06109707684271,6.09384255854075
4.408,1.09103884281335,1.06486525279984,5.95673062335477
4.41,1.09476551876674,1.06863591139877,5.81476820038085
4.412,1.09850836922945,1.07240919063334,5.66889699488569
4.414,1.10225121969215,1.07618527999378,5.52027588537691
4.416,1.10599407015486,1.07996423617151,5.37019130075986
4.418,1.10973692061756,1.08374643735722,5.21984946357051
4.42,1.11347977108027,1.08753215185048,5.07061462997254
4.422,1.11723794423119,1.09132144727553,4.92364590971829
4.424,1.12099611738212,1.09511476385261,4.7802564402753
4.426,1.12475429053305,1.09891228404588,4.64152889356114
4.428,1.12851246368398,1.10271440000724,4.50874507057873
4.43,1.13227063683491,1.10652087397382,4.38215135224629
4.432,1.13604330195531,1.11033246967248,4.26335233382462
4.434,1.1398159670757,1.11414895529849,4.15233810855743
4.436,1.1435886321961,1.11797048302321,4.04953513908951
4.438,1.1473612973165,1.12179720057191,3.95524227419659
4.44,1.1511339624369,1.12562884572936,3.86897236953437
4.442,1.1549203159828,1.12946549167785,3.79069720587115
4.444,1.15870666952871,1.13330708727777,3.72010258650094
4.446,1.16249302307461,1.13715339167603,3.65651208508477
4.448,1.16627937662051,1.14100429149984,3.59937749954322
4.45,1.17006573016641,1.1448595139908,3.54787286389063
4.452,1.17386500444848,1.14871893010357,3.50131708382757
4.454,1.17766427873054,1.15258216971231,3.45869313068027
4.456,1.1814635530126,1.15644899324773,3.41909392183981
4.458,1.18526282729466,1.16031907778366,3.38154011998627
4.46,1.18906210157672,1.16419210780543,3.34503787905614
4.462,1.19287357740385,1.16806784416761,3.30855177575927
4.464,1.19668505323098,1.17194571932922,3.27115452135262
4.466,1.20049652905811,1.17582556643076,3.23197986138382
4.468,1.20430800488524,1.17970713954492,3.19012465019074
4.47,1.20811948071237,1.18359004573497,3.14526573022376
4.472,1.21194250585839,1.18747417571195,3.09678305197616
4.474,1.21576553100442,1.19135930635128,3.04469679901531
4.476,1.21958855615045,1.19524536400762,2.98896923583037
4.478,1.22341158129647,1.19913232243364,2.92978158343247
4.48,1.2272346064425,1.20302019708529,2.86752583341127
4.482,1.2310686215098,1.20690905919197,2.80271676538332
4.484,1.2349026365771,1.21079893294186,2.73613834637545
4.486,1.2387366516444,1.21469005970896,2.66844117253978
4.488,1.2425706667117,1.21858252239915,2.60058636264079
4.49,1.246404681779,1.22247663131004,2.5335810758719
4.492,1.25024925107739,1.22637258252252,2.46846384905995
4.494,1.25409382037579,1.23027057997674,2.40619068225956
4.496,1.25793838967419,1.23417095214285,2.34786722225293
4.498,1.26178295897259,1.23807397824035,2.29452051867155
4.5,1.26562752827098,1.24197990712849,2.2470780449503
4.502,1.26948236148639,1.24588905953803,2.20653577435457
4.504,1.27333719470179,1.24980171473808,2.17373379749931
4.506,1.27719202791719,1.25371793789344,2.14894041774207
4.508,1.2810468611326,1.25763787186606,2.13249496854999
4.51,1.284901694348,1.2615616645475,2.12466059983566
4.512,1.2887666349119,1.2654894602614,2.12558643983794
4.514,1.2926315754758,1.26942100173398,2.13446638832555
4.516,1.2964965160397,1.2733563379053,2.15109658874701
4.518,1.3003614566036,1.27729544759236,2.17503532448156
4.52,1.30422639716751,1.28123803083169,2.20526711676282
4.522,1.3081013768455,1.28518403509554,2.24120417642633
4.524,1.3119763565235,1.28913333310429,2.28200050350781
4.526,1.31585133620149,1.29308553625659,2.32641365466324
4.528,1.31972631587949,1.29704039675886,2.37340739998581
4.53,1.32360129555749,1.30099769281783,2.42188006002136
4.532,1.32748628872285,1.30495699431448,2.47064725174285
4.534,1.33137128188821,1.30891803004819,2.51862029592588
4.536,1.33525627505357,1.31288050684199,2.5646086959004
4.538,1.33914126821894,1.3168440364106,2.60764930890979
4.54,1.3430262613843,1.32080836904471,2.64655326882623
4.542,1.34692125909919,1.32477321043898,2.68037291754123
4.544,1.35081625681408,1.3287382998269,2.70886492527803
4.546,1.35471125452896,1.33270348410946,2.7312082834903
4.548,1.35860625224385,1.33666864529641,2.74740205866731
4.55,1.36250124995874,1.34063372921092,2.75725044778198
4.552,1.36640577355756,1.34459874247286,2.76119668765113
4.554,1.37031029715637,1.34856372900254,2.75952968589926
4.556,1.37421482075519,1.35252878074652,2.75262432799825
4.558,1.37811934435401,1.3564940272791,2.74126916533889
4.56,1.38202386795283,1.36045966307404,2.72620364517824
4.562,1.38593744196491,1.36442592092143,2.70843124166416
4.564,1.38985101597699,1.36839304702877,2.68904586527413
4.566,1.39376458998908,1.37236139071065,2.66911799814879
4.568,1.39767816400116,1.37633116810081,2.64974056983399
4.57,1.40159173801325,1.38030271759169,2.63195714035369
4.572,1.40551388894311,1.38427642388341,2.61690635029015
4.574,1.40943603987297,1.3882525475062,2.60553990190704
4.576,1.41335819080283,1.39223143920025,2.59883033731167
4.578,1.4172803417327,1.39621330875712,2.59743404164884
4.58,1.42120249266256,1.40019846564066,2.60207264843099
4.582,1.42513274867492,1.40418695911838,2.61288193089852
4.584,1.42906300468728,1.40817913226339,2.63042956729681
4.586,1.43299326069964,1.41217479494814,2.65420565249027
4.588,1.43692351671201,1.41617404585125,2.68413936702178
4.59,1.44085377272437,1.420176921854,2.71993678301974
4.592,1.44479166365028,1.42418309354628,2.76064973771973
4.594,1.44872955457619,1.42819278477905,2.80601339483068
4.596,1.4526674455021,1.43220537819952,2.85456907966863
4.598,1.45660533642802,1.43622087102462,2.90545099129125
4.6,1.46054322735393,1.44023880172611,2.95725194259125
4.602,1.46448828482354,1.44425887750093,3.00870939876865
4.604,1.46843334229314,1.44828069722354,3.058572854514
4.606,1.47237839976275,1.45230398492474,3.10548882646943
4.608,1.47632345723236,1.45632836771774,3.14840497144856
4.61,1.48026851470197,1.46035353480036,3.1862410913861
4.612,1.48422027234328,1.46437918192383,3.21785023393833
4.614,1.48817202998459,1.46840499146132,3.24205376596767
4.616,1.49212378762591,1.47243066361345,3.25828552007801
4.618,1.49607554526722,1.47645595926509,3.26580618741864
4.62,1.50002730290853,1.48048064057415,3.26361297152014
4.622,1.5039852965979,1.48450456726789,3.25164752618611
4.624,1.50794329028726,1.48852764168423,3.22966213471459
4.626,1.51190128397663,1.49254985488933,3.19800313467588
4.628,1.51585927766599,1.49657119239075,3.15653770582798
4.63,1.51981727135536,1.50059178453731,3.10633656476486
4.632,1.52378103952274,1.50461176630432,3.04818978395018
4.634,1.52774480769011,1.50863129569668,2.98250762945027
4.636,1.53170857585749,1.51265065716793,2.91092041002888
4.638,1.53567234402487,1.51667012793288,2.83457107749447
4.64,1.53963611219224,1.52069001058024,2.75478553744005
4.642,1.54360519619291,1.52471066064174,2.67283770224979
4.644,1.54757428019357,1.52873236777394,2.59008182307384
4.646,1.55154336419423,1.53275547493503,2.50771323539546
4.648,1.55551244819489,1.5367803072253,2.42691767344415
4.65,1.55948153219555,1.5408072022856,2.34886301763219
4.652,1.56345547676656,1.54483648877077,2.27463423387746
4.654,1.56742942133757,1.54886829924687,2.20486419540323
4.656,1.57140336590857,1.55290300577395,2.14049001513667
4.658,1.57537731047958,1.55694062294845,2.08167534887937
4.66,1.57935125505059,1.56098129037232,2.02869134446614
4.662,1.58332960887823,1.56502492790961,1.98128964731707
4.664,1.58730796270588,1.56907149292202,1.93921392446706
4.666,1.59128631653352,1.57312104214659,1.90229020352211
4.668,1.59526467036117,1.57717319243609,1.86953389998314
4.67,1.59924302418881,1.58122799745627,1.84061011429457
4.672,1.60322534062427,1.58528512082013,1.81448380608997
4.674,1.60720765705973,1.58934435550515,1.79020759873665
4.676,1.61118997349518,1.59340527197107,1.76663115912888
4.678,1.61517228993064,1.59746760287384,1.74270136589365
4.68,1.6191546063661,1.60153099469521,1.71730754839534
4.682,1.62314044434279,1.60559510655918,1.68936886353682
4.684,1.62712628231949,1.60965959047844,1.65766669927239
4.686,1.63111212029618,1.61372408880958,1.62164162664382
4.688,1.63509795827287,1.61778832683514,1.58036935086358
4.69,1.63908379624957,1.62185198914496,1.53287317057095
4.692,1.64307272148092,1.62591486976527,1.47901368423968
4.694,1.64706164671227,1.62997683943634,1.41880099288345
4.696,1.65105057194362,1.63403769208792,1.35166072982644
4.698,1.65503949717498,1.63809742685427,1.27817483933636
4.7,1.65902842240633,1.64215603608674,1.19870907487723
4.702,1.66302000898179,1.64621347061444,1.11337860020542
4.704,1.66701159555726,1.6502698333641,1.02299999816313
4.706,1.67100318213272,1.65432530176088,0.928605551719738
4.708,1.67499476870819,1.65837996421746,0.83077431113359
4.71,1.67898635528365,1.66243412081887,0.730932788717951
4.712,1.68298018784385,1.66648802316356,0.630231708684585
4.714,1.68697402040405,1.6705419590793,0.529935504650803
4.716,1.69096785296425,1.67459623962392,0.431352016641591
4.718,1.69496168552445,1.6786511609625,0.335684390796718
4.72,1.69895551808465,1.68270700445373,0.244034113781281
4.722,1.7029511948576,1.68676411361335,0.157723840917809
4.724,1.70694687163055,1.69082261463469,0.0771405277968837
4.726,1.7109425484035,1.6948829109983,0.00378140795740785
4.728,1.71493822517645,1.69894511869684,-0.0620563695346857
4.73,1.7189339019494,1.703009373007,-0.119994049120079
4.732,1.72293103909044,1.70707586272151,-0.16945762511863
4.734,1.72692817623147,1.7111445662751,-0.210669763340384
4.736,1.7309253133725,1.71521547677378,-0.243782688312151
4.738,1.73492245051353,1.71928850089641,-0.269261560352229
4.74,1.73891958765456,1.72336364934285,-0.287207156854111
4.742,1.74291782556812,1.72744077043103,-0.29830316400186
4.744,1.74691606348169,1.7315196136584,-0.303560072512786
4.746,1.75091430139525,1.73559999052728,-0.303759889372718
4.748,1.75491253930882,1.73968162364783,-0.299964793153242
4.75,1.75891077722238,1.74376418500566,-0.293361577939378
4.752,1.76290978979539,1.74784737897419,-0.285009557221715
4.754,1.76690880236841,1.75193087132934,-0.276039319055184
4.756,1.77090781494142,1.75601432659446,-0.267564536985952
4.758,1.77490682751443,1.76009737596774,-0.260749414140143
4.76,1.77890584008745,1.76417974658155,-0.25639088744618
4.762,1.7829053476211,1.76826106645684,-0.255598802013891
4.764,1.78690485515475,1.77234103641963,-0.259156373758105
4.766,1.7909043626884,1.77641954850013,-0.267219735868168
4.768,1.79490387022205,1.78049632977912,-0.280419952582992
4.77,1.7989033777557,1.7845713565433,-0.298600199818022
4.772,1.80290316240489,1.78864450762326,-0.321843227441049
4.774,1.80690294705409,1.79271582101942,-0.349753631025532
4.776,1.81090273170329,1.79678532479153,-0.381926095596412
4.778,1.81490251635249,1.80085312827648,-0.417718462701144
4.78,1.81890230100169,1.80491936276981,-0.456428445499364
4.782,1.82290221760939,1.80898418278575,-0.497238382629174
4.784,1.82690213421709,1.81304779981419,-0.539187544688772
4.786,1.83090205082479,1.81711049128998,-0.581231478669981
4.788,1.8349019674325,1.82117250150501,-0.622259408281497
4.79,1.8389018840402,1.82523415026878,-0.661270163063424
4.792,1.84290185432215,1.82929572119834,-0.697193536642633
4.794,1.8469018246041,1.83335753320861,-0.728842945452202
4.796,1.85090179488605,1.83741986614929,-0.755511175824525
4.798,1.854901765168,1.84148304062073,-0.775972267842122
4.8,1.85890173544995,1.84554730918189,-0.789567500182537
4.802,1.86290172528895,1.84961292433214,-0.795574387267089
4.804,1.86690171512795,1.85367993435065,-0.794254714069371
4.806,1.87090170496694,1.85774859052906,-0.784757083293694
4.808,1.87490169480594,1.86181886870926,-0.767569409606548
4.81,1.87890168464494,1.86589079257427,-0.742860642920672
4.812,1.88290168122762,1.86996430179691,-0.711147739118086
4.814,1.8869016778103,1.87403944033102,-0.672481957223864
4.816,1.89090167439298,1.87811593571586,-0.62821446729754
4.818,1.89490167097567,1.88219378544084,-0.578519652937312
4.82,1.89890166755835,1.88627268758728,-0.524742651188804
4.822,1.90290166641579,1.89035243407831,-0.467795001729824
4.824,1.90690166527323,1.89443270446785,-0.408966622394273
4.826,1.91090166413068,1.89851320000226,-0.349429684967588
4.828,1.91490166298812,1.90259359290424,-0.290410420739041
4.83,1.91890166184557,1.90667355991847,-0.233092963252516
4.832,1.92290166146433,1.91075275492615,-0.178707990764839
4.834,1.92690166108309,1.91483083233678,-0.128438480832352
4.836,1.93090166070185,1.91890760491571,-0.0828646241899504
4.838,1.93490166032061,1.92298268090351,-0.0432591832499596
4.84,1.93890165993938,1.92705590447814,-0.0100063475032389
4.842,1.94290165981225,1.93112709947904,0.0164646799853953
4.844,1.94690165968513,1.93519615107231,0.0359604176856311
4.846,1.95090165955801,1.93926308360006,0.0487576597224805
4.848,1.95490165943088,1.94332786469414,0.0549647685421132
4.85,1.95890165930376,1.94739056255921,0.0550199418617799
4.852,1.96290165926138,1.95145117562403,0.0491960342333481
4.854,1.966901659219,1.95550991111197,0.0383698474006261
4.856,1.97090165917662,1.95956692675384,0.0233052897422757
4.858,1.97490165913425,1.96362244630551,0.0049544342035516
4.86,1.97890165909187,1.96767678328658,-0.0155426393235712
4.862,1.98290165907774,1.97173018819495,-0.0371633815078726
4.864,1.98690165906361,1.97578300409183,-0.0587857372676207
4.866,1.99090165904949,1.97983552191348,-0.0793150893498523
4.868,1.99490165903536,1.98388807375435,-0.0977270020124555
4.87,1.99890165902123,1.98794100672263,-0.112851645670327
4.872,2.00290165901652,1.99199457504787,-0.124083460844522
4.874,2.00690165901181,1.99604913053776,-0.130220753707167
4.876,2.01090165900711,2.00010489431103,-0.130797131820693
4.878,2.0149016590024,2.00416204882479,-0.125424913906949
4.88,2.01890165899769,2.00822071301172,-0.113948661460009
4.882,2.02290165899612,2.01228101026487,-0.0961797864677991
4.884,2.02690165899455,2.01634290318158,-0.0725242795970737
4.886,2.03090165899298,2.02040637073678,-0.0433128912472284
4.888,2.03490165899141,2.02447140843988,-0.00885415095693
4.89,2.03890165898984,2.02853769761909,0.0295263057762871
4.892,2.04290165898932,2.03260525841465,0.0715903426102886
4.894,2.04690165898879,2.03667381920429,0.116158372248695
4.896,2.05090165898827,2.04074314064703,0.162186788515901
4.898,2.05490165898775,2.04481293235218,0.208554753886519
4.9,2.05890165898722,2.0488829253165,0.254103469537943
4.902,2.06290165898705,2.05295281360965,0.297783315689539
4.904,2.06690165898687,2.05702229987179,0.338506552527141
4.906,2.0709016589867,2.06109105713133,0.375125111477793
4.908,2.07490165898653,2.06515880541273,0.406783754447321
4.91,2.07890165898635,2.06922519012277,0.432289993294927
4.912,2.08290165898629,2.07328988453571,0.450654588388954
4.914,2.08690165898623,2.0773528111282,0.461916199297326
4.916,2.09090165898618,2.08141375167942,0.465496962865263
4.918,2.09490165898612,2.08547252967645,0.461016264462844
4.92,2.09890165898606,2.08952915336806,0.448786130181084
4.922,2.10290165898604,2.09358361010877,0.42902487943074
4.924,2.10690165898602,2.09763590192564,0.402025323436893
4.926,2.110901658986,2.10168613499409,0.368453337218645
4.928,2.11490165898598,2.10573458540407,0.329458581063501
4.93,2.11890165898596,2.10978124776892,0.28535895781587
4.932,2.12290165898596,2.11382643215221,0.237430014449419
4.934,2.12690165898595,2.11787046515584,0.186898987749036
4.936,2.13090165898594,2.12191357491058,0.134786002797302
4.938,2.13490165898594,2.12595612399026,0.0823615929105001
4.94,2.13890165898593,2.12999841744536,0.0307532927312885
4.942,2.14290165898593,2.13404077511108,-0.0189409167524704
4.944,2.14690165898593,2.13808354245722,-0.065462159751399
4.946,2.15090165898592,2.14212700004365,-0.107998907941513
4.948,2.15490165898592,2.14617149478825,-0.145328320890444
4.95,2.15890165898592,2.15021720368667,-0.177064333182315
4.952,2.16290165898592,2.15426440371238,-0.202323431946443
4.954,2.16690165898592,2.1583131550989,-0.221136725172223
4.956,2.17090165898592,2.16236359895804,-0.233168036247512
4.958,2.17490165898592,2.16641574199736,-0.238606501222792
4.96,2.17890165898592,2.1704695840612,-0.237654965618023
4.962,2.18290165898592,2.17452503326073,-0.230848826588138
4.964,2.18690165898592,2.17858201960707,-0.218641072047322
4.966,2.19090165898592,2.18264043978285,-0.201597310793131
4.968,2.19490165898592,2.18670002605949,-0.180825269538468
4.97,2.19890165898592,2.19076059441773,-0.15713925367194
4.972,2.20290165898592,2.1948218260828,-0.13174062703301
4.974,2.20690165898592,2.19888345413398,-0.105686412926245
4.976,2.21090165898592,2.20294515041931,-0.0801065270598615
4.978,2.21490165898592,2.20700661333471,-0.0560681787262467
4.98,2.21890165898592,2.21106750127851,-0.0347347262045387
4.982,2.22290165898592,2.21512754380552,-0.0169183300855394
4.984,2.22690165898592,2.21918638511302,-0.00375581661773817
4.986,2.23090165898591,2.22324371324196,0.00386165115994619
4.988,2.23490165898592,2.22729936100313,0.00560579483706363
4.99,2.23890165898592,2.23135318443531,0.00121407552987858
4.992,2.24290165898592,2.23540494201365,-0.00986541129143224
4.994,2.24690165898591,2.23945462308124,-0.0274028680150149
4.996,2.25090165898592,2.243502197217,-0.051226620987069
4.998,2.25490165898592,2.24754774241017,-0.0808266694481149
5,2.25890165898592,2.25159124563026,-0.115908369177377
5.002,2.26290165898591,2.25563286193967,-0.155668624635785
5.004,2.26690165898592,2.2596727918253,-0.199188213009818
5.006,2.27090165898592,2.2637112554317,-0.245441854965539
5.008,2.27490165898592,2.26774855216484,-0.293270381196865
5.01,2.27890165898592,2.27178495611662,-0.341540080975807
5.012,2.28290165898592,2.27582077421648,-0.389045642583008
5.014,2.28690165898592,2.27985632507983,-0.434657440505222
5.016,2.29090165898592,2.2838919171938,-0.477344485653453
5.018,2.29490165898592,2.28792789458946,-0.515767555357314
5.02,2.29890165898592,2.29196452105045,-0.549349226795025
5.022,2.30290165898592,2.29600213493979,-0.576808933304197
5.024,2.30690165898592,2.30004102394633,-0.597323344155832
5.026,2.31090165898591,2.30408132792712,-0.610728634537166
5.028,2.31490165898592,2.30812322908319,-0.61654599563496
5.03,2.31890165898592,2.31216689128502,-0.614372963208631
5.032,2.32290165898592,2.31621226914513,-0.60468811929031
5.034,2.32690165898591,2.32025936499279,-0.587703020652084
5.036,2.33090165898592,2.32430808893321,-0.563994703607336
5.038,2.33490165898592,2.32835840081844,-0.533926829817918
5.04,2.33890165898592,2.33241012491789,-0.498377871263447
5.042,2.34290165898592,2.33646306612921,-0.458265093133578
5.044,2.34690165898592,2.34051697107824,-0.414677387232765
5.046,2.35090165898592,2.34457157336044,-0.368704425043235
5.048,2.35490165898592,2.34862658663458,-0.321471608370084
5.05,2.35890165898592,2.3526816976068,-0.274142710862087
5.052,2.36290165898592,2.35673660675941,-0.227801654213047
5.054,2.36690165898592,2.36079099315708,-0.183569103285868
5.056,2.37090165898592,2.36484449272647,-0.142680863805236
5.058,2.37490165898591,2.36889688315243,-0.105821994910698
5.06,2.37890165898592,2.37294782571345,-0.0740713927311533
5.062,2.38290165898592,2.37699700301155,-0.0483644964397542
5.064,2.38690165898592,2.38104437042756,-0.0286839870332411
5.066,2.39090165898591,2.38508978088049,-0.0153521973235143
5.068,2.39490165898592,2.38913305290691,-0.00874897991545466
5.07,2.39890165898592,2.39317426228054,-0.00842182411534081
5.072,2.40290165898592,2.39721339203255,-0.0141885943929026
5.074,2.40690165898592,2.40125041502873,-0.0258396551146128
5.076,2.41090165898592,2.40528569204542,-0.0421013183316963
5.078,2.41490165898592,2.40931909118888,-0.0629712157055893
5.08,2.41890165898592,2.41335100647973,-0.0870945614356387
5.082,2.42290165898592,2.41738157879046,-0.113679225216503
5.084,2.42690165898592,2.42141116663233,-0.141514154099391
5.086,2.43090165898592,2.42544003597143,-0.169522506183927
5.088,2.43490165898592,2.42946851181713,-0.196556285687102
5.09,2.43890165898592,2.43349691956344,-0.221562172886523
5.092,2.44290165898592,2.43752560027527,-0.243306490825088
5.094,2.44690165898592,2.44155486514179,-0.260924261218586
5.096,2.45090165898592,2.44558495035131,-0.273781649373824
5.098,2.45490165898592,2.44961623500601,-0.28055981362904
5.1,2.45890165898592,2.45364882199241,-0.281310647031716
5.102,2.46290165898592,2.45768297855639,-0.275245850218873
5.104,2.46690165898592,2.46171879074142,-0.262376303356996
5.106,2.47090165898591,2.4657562722897,-0.242941515836077
5.108,2.47490165898592,2.46979545689315,-0.217067642544718
5.11,2.47890165898592,2.47383628970854,-0.1852077658431
5.112,2.48290165898592,2.47787874236437,-0.147730708211769
5.114,2.48690165898592,2.48192260382673,-0.105614884921769
5.116,2.49090165898592,2.48596773289044,-0.0595989229103749
5.118,2.49490165898592,2.49001388358745,-0.0107706423947735
5.12,2.49890165898592,2.49406074248232,0.0396387858212859
5.122,2.50290165898592,2.49810804029292,0.0905021238119892
5.124,2.50690165898592,2.50215545483562,0.140612314156724
5.126,2.51090165898592,2.50620268701606,0.188861680761469
5.128,2.51490165898592,2.51024944523813,0.234224558563306
5.13,2.51890165898592,2.51429537074532,0.275386844137247
5.132,2.52290165898592,2.51834024288391,0.311749279052034
5.134,2.52690165898592,2.52238371933588,0.342149929636996
5.136,2.53090165898592,2.52642557621616,0.365992020560617
5.138,2.53490165898592,2.53046560348548,0.382740796573062
5.14,2.53890165898592,2.53450365677107,0.392107767270675
5.142,2.54290165898592,2.53853958841567,0.393804924775382
5.144,2.54690165898592,2.5425734850644,0.388375258724853
5.146,2.55090165898592,2.54660530759956,0.375907957364279
5.148,2.55490165898591,2.55063505144208,0.356647889219034
5.15,2.55890165898592,2.55466299934093,0.331765793570291
5.152,2.56290165898592,2.55868912216828,0.301454084282689
5.154,2.56690165898592,2.56271371373095,0.266920945102287
5.156,2.57090165898591,2.56673703209357,0.229235785717674
5.158,2.57490165898592,2.57075935355468,0.189485917011874
5.16,2.57890165898592,2.57478095568183,0.148802764791885
5.162,2.58290165898592,2.57880218692423,0.108346443345242
5.164,2.58690165898591,2.58282334285724,0.069193479870193
5.166,2.59090165898592,2.58684475954388,0.0325233071115814
5.168,2.59490165898592,2.59086672407858,-0.000836827621219295
5.17,2.59890165898592,2.59488958421598,-0.029667906179849
5.172,2.60290165898592,2.59891362026878,-0.0531551870903865
5.174,2.60690165898592,2.60293908633904,-0.0705966610714961
5.176,2.61090165898592,2.60696604166223,-0.0820348666943251
5.178,2.61490165898592,2.61099476200324,-0.0866400093844658
5.18,2.61890165898592,2.61502518338389,-0.0848989279038667
5.182,2.62290165898592,2.61905734723866,-0.0768679950130556
5.184,2.62690165898592,2.6230911896647,-0.0629889100446719
5.186,2.63090165898592,2.62712670412669,-0.0435254333255157
5.188,2.63490165898591,2.63116372084235,-0.0192883784844108
5.19,2.63890165898592,2.63520210130772,0.00901445030447734
5.192,2.64290165898592,2.63924160759673,0.0403738212857049
5.194,2.64690165898591,2.64328197096354,0.073721848494661
5.196,2.65090165898591,2.64732293335566,0.10801432159791
5.198,2.65490165898592,2.65136417525967,0.142064039146461
5.2,2.65890165898592,2.65540538063365,0.174756296963725
5.202,2.66290165898591,2.6594462436239,0.205055282673806
5.204,2.66690165898591,2.66348639742627,0.231654871128363
5.206,2.67090165898592,2.66752555862858,0.253727530876791
5.208,2.67490165898592,2.67156346825675,0.270500157246216
5.21,2.67890165898592,2.67559977231772,0.280873423850783
5.212,2.68290165898591,2.67963440841487,0.28491934938739
5.214,2.68690165898592,2.68366718096643,0.282168687024312
5.216,2.69090165898592,2.68769799553045,0.272549722286967
5.218,2.69490165898592,2.69172675007275,0.2559809020955
5.22,2.69890165898592,2.69575349211005,0.232890986141773
5.222,2.70290165898592,2.69977826554104,0.20369282329737
5.224,2.70690165898592,2.70380112020889,0.168850610612387
5.226,2.71090165898592,2.70782232751217,0.129441852946504
5.228,2.71490165898591,2.71184192345654,0.0859281391876051
5.23,2.71890165898592,2.71586021897022,0.0395457890406832
5.232,2.72290165898592,2.7198775230983,-0.00853545662485472
5.234,2.72690165898591,2.72389411506786,-0.057158307613589
5.236,2.73090165898591,2.72791034104622,-0.105120796549393
5.238,2.73490165898592,2.73192650939391,-0.151252736090678
5.24,2.73890165898592,2.7359429448734,-0.194438336837567
5.242,2.74290165898592,2.73995998901474,-0.23347726959285
5.244,2.74690165898591,2.74397788681034,-0.267718417649232
5.246,2.75090165898592,2.74799698142314,-0.295938604803848
5.248,2.75490165898592,2.75201749642495,-0.317563626111448
5.25,2.75890165898592,2.75603958037017,-0.332297791986662
5.252,2.76290165898591,2.7600634176948,-0.33965446374924
5.254,2.76690165898592,2.76408903999274,-0.339767527750835
5.256,2.77090165898592,2.76811647623532,-0.332740117179957
5.258,2.77490165898592,2.77214567389421,-0.318976472190392
5.26,2.77890165898592,2.77617665692548,-0.298597567525817
5.262,2.78290165898592,2.78020921152214,-0.272587951296657
5.264,2.78690165898592,2.78424321142292,-0.241594984345904
5.266,2.79090165898592,2.78827842370923,-0.20663091822941
5.268,2.79490165898592,2.79231455722376,-0.168863464271472
5.27,2.79890165898592,2.79635134814316,-0.129347922281845
5.272,2.80290165898592,2.80038848966353,-0.0892642968059581
5.274,2.80690165898592,2.80442566196613,-0.0497447345221407
5.276,2.81090165898591,2.80846255883564,-0.0118792634880132
5.278,2.81490165898592,2.812498809074,0.0230312322162338
5.28,2.81890165898592,2.81653419164871,0.0543693382345568
5.282,2.82290165898592,2.82056834908117,0.0809437019859569
5.284,2.82690165898592,2.82460092359307,0.10165766183632
5.286,2.83090165898592,2.82863187535716,0.116592596018007
5.288,2.83490165898592,2.83266094984203,0.12504493114183
5.29,2.83890165898592,2.83668805011802,0.126893193758485
5.292,2.84290165898592,2.84071313714175,0.122221627527806
5.294,2.84690165898592,2.8447362207672,0.111282731889246
5.296,2.85090165898592,2.84875731374078,0.0943692445084557
5.298,2.85490165898592,2.85277653115749,0.0721222663695706
5.3,2.85890165898592,2.85679412379574,0.0455275462408825
5.302,2.86290165898592,2.86081013982519,0.0150651870221783
5.304,2.86690165898592,2.864824836635,-0.0182015794342225
5.306,2.87090165898592,2.86883850693421,-0.0531635256753017
5.308,2.87490165898591,2.87285141243065,-0.0887550901183064
5.31,2.87890165898592,2.87686388300982,-0.123864004750021
5.312,2.88290165898592,2.88087621084141,-0.157420876476375
5.314,2.88690165898592,2.8848887255644,-0.188254993227155
5.316,2.89090165898591,2.88890178278501,-0.215191820639328
5.318,2.89490165898592,2.89291562519286,-0.237625648730634
5.32,2.89890165898592,2.89693059984884,-0.254345520666268
5.322,2.90290165898592,2.900946966454,-0.264642447155557
5.324,2.90690165898592,2.90496489199805,-0.26816821063393
5.326,2.91090165898592,2.90898447720433,-0.264807480233996
5.328,2.91490165898592,2.91300589606862,-0.25413984430321
5.33,2.91890165898592,2.91702905689848,-0.236773101090933
5.332,2.92290165898592,2.92105397894343,-0.212859171779707
5.334,2.92690165898592,2.92508065191749,-0.182681220570021
5.336,2.93090165898592,2.92910881907274,-0.147374692721707
5.338,2.93490165898592,2.93313849962201,-0.107109606227408
5.34,2.93890165898592,2.9371694411553,-0.0629901397667488
5.342,2.94290165898592,2.94120135135712,-0.0161914178979181
5.344,2.94690165898592,2.94523396593087,0.0322245450031528
5.346,2.95090165898592,2.94926698985994,0.0810943842555616
5.348,2.95490165898592,2.95330009574574,0.129207425097828
5.35,2.95890165898592,2.95733296491247,0.175424439045569
5.352,2.96290165898592,2.96136529625794,0.218707632087884
5.354,2.96690165898592,2.96539669781982,0.257648960553323
5.356,2.97090165898591,2.9694269865023,0.291789717975104
5.358,2.97490165898592,2.97345581336325,0.319950231829675
5.36,2.97890165898592,2.97748292132408,0.341406666416476
5.362,2.98290165898592,2.98150825677498,0.356195471683797
5.364,2.98690165898592,2.98553162634116,0.36381808270992
5.366,2.99090165898592,2.98955293361231,0.364158616377431
5.368,2.99490165898592,2.99357220242804,0.357518023735572
5.37,2.99890165898592,2.99758950460672,0.34434916777114
5.372,3.00290165898592,3.00160480398816,0.324772463743598
5.374,3.00690165898592,3.00561835549332,0.299845086314524
5.376,3.01090165898592,3.00963026968675,0.27016220106092
5.378,3.01490165898592,3.01364077945217,0.236725236361072
5.38,3.01890165898592,3.01765019752059,0.200734943944104
5.382,3.02290165898592,3.02165882417981,0.163331773979236
5.384,3.02690165898592,3.02566696430126,0.125686467686131
5.386,3.03090165898592,3.02967494637553,0.0889422935879746
5.388,3.03490165898592,3.03368308019479,0.0541464013952498
5.39,3.03890165898592,3.03769171438338,0.0225505967036427
5.392,3.04290165898592,3.04170110707952,-0.0051439455589536
5.394,3.04690165898592,3.04571157999852,-0.0278525607851082
5.396,3.05090165898592,3.04972339467497,-0.04483867282887
5.398,3.05490165898591,3.0537367518549,-0.0555983322712888
5.4,3.05890165898592,3.05775176636572,-0.0599456754232023
5.402,3.06290165898592,3.06176857027035,-0.0576156893833312
5.404,3.06690165898591,3.06578719766874,-0.0487022678392354
5.406,3.07090165898591,3.06980761673558,-0.033525582962102
5.408,3.07490165898592,3.07382975452511,-0.0125453769265691
5.41,3.07890165898592,3.07785353400018,0.0137435957544903
5.412,3.08290165898592,3.08187875881709,0.0444753643473617
5.414,3.08690165898591,3.08590528697665,0.07893300381277
5.416,3.09090165898592,3.08993286860517,0.116062042394499
5.418,3.09490165898592,3.09396118938524,0.154684508112043
5.42,3.09890165898592,3.09798998898744,0.193764134885561
5.422,3.10290165898591,3.10201896238185,0.23214434582146
5.424,3.10690165898592,3.10604779311521,0.268721667312828
5.426,3.11090165898592,3.11007618410042,0.302503933499944
5.428,3.11490165898592,3.11410379092514,0.332290606377271
5.43,3.11890165898592,3.11813027445527,0.356979942212644
5.432,3.12290165898592,3.12215545309143,0.376142074158295
5.434,3.12690165898592,3.12617899633625,0.388730769779262
5.436,3.13090165898592,3.13020071391948,0.394296157741153
5.438,3.13490165898591,3.13422058116626,0.392990026027799
5.44,3.13890165898592,3.13823838927367,0.384291872515313
5.442,3.14290165898592,3.14225428105369,0.368943095224524
5.444,3.14690165898591,3.14626827242974,0.347218216374561
5.446,3.15090165898591,3.15028031588096,0.319226301941431
5.448,3.15490165898592,3.15429072700516,0.286234585045611
5.45,3.15890165898592,3.15829950663335,0.248522632440591
5.452,3.16290165898592,3.16230689683109,0.20713709543318
5.454,3.16690165898591,3.16631323681589,0.163312510060962
5.456,3.17090165898592,3.17031871140551,0.11791727527833
5.458,3.17490165898592,3.17432365487001,0.0721998840648582
5.46,3.17890165898592,3.17832840086603,0.0272776880432534
5.462,3.18290165898591,3.18233325513517,-0.0157342071959691
5.464,3.18690165898592,3.18633857076917,-0.0555720135434235
5.466,3.19090165898592,3.19034460547225,-0.0915306319500144
5.468,3.19490165898592,3.19435172841754,-0.122264917385086
5.47,3.19890165898592,3.19836018420681,-0.147092544202822
5.472,3.20290165898592,3.20237022003122,-0.16528556768434
5.474,3.20690165898592,3.20638191062978,-0.176797584342247
5.476,3.21090165898592,3.21039544141584,-0.181118458192502
5.478,3.21490165898591,3.21441078293909,-0.178569753651287
5.48,3.21890165898592,3.21842795401209,-0.169265615566906
5.482,3.22290165898592,3.22244688393122,-0.153649142484501
5.484,3.22690165898591,3.22646755033151,-0.132003280606695
5.486,3.23090165898591,3.23048975933998,-0.105197552831735
5.488,3.23490165898592,3.23451336592727,-0.0739386911898333
5.49,3.23890165898592,3.23853807955544,-0.0393805348148693
5.492,3.24290165898592,3.24256364736891,-0.00254358808981235
5.494,3.24690165898591,3.24658978774832,0.035465057288043
5.496,3.25090165898592,3.25061617022107,0.0734508175506565
5.498,3.25490165898592,3.2546424924009,0.110320590362796
5.5,3.25890165898592,3.25866845758663,0.145062326301962
5.502,3.26290165898592,3.26269370834966,0.176411411466864
5.504,3.26690165898592,3.26671794186775,0.203424042879537
5.506,3.27090165898592,3.27074090991225,0.225368945795134
5.508,3.27490165898592,3.27476230859524,0.241330875384706
5.51,3.27890165898592,3.27878203230903,0.251159668041129
5.512,3.28290165898592,3.28279993048354,0.254514363741813
5.514,3.28690165898592,3.28681579810598,0.250896690421302
5.516,3.29090165898592,3.29082968740497,0.240696205625713
5.518,3.29490165898591,3.294841603394,0.224136380994336
5.52,3.29890165898592,3.29885163873797,0.201730572724125
5.522,3.30290165898592,3.30285982904096,0.173858842508655
5.524,3.30690165898592,3.30686649165404,0.141715627425469
5.526,3.31090165898591,3.31087170201095,0.105846893107771
5.528,3.31490165898592,3.31487579605758,0.0675298537230747
5.53,3.31890165898592,3.31887905142649,0.0278640598404841
5.532,3.32290165898592,3.32288178550094,-0.0119656224864213
5.534,3.32690165898592,3.3268843080976,-0.0508243783895514
5.536,3.33090165898592,3.33088692910656,-0.0876276097988967
5.538,3.33490165898592,3.33488994287545,-0.121403652061336
5.54,3.33890165898592,3.33889372202616,-0.150798863302486
5.542,3.34290165898592,3.34289845868172,-0.175406412527182
5.544,3.34690165898592,3.34690451505054,-0.193961409556067
5.546,3.35090165898592,3.35091211989376,-0.205869774626968
5.548,3.35490165898592,3.35492135514391,-0.211084463081335
5.55,3.35890165898592,3.35893244761674,-0.208949629289485
5.552,3.36290165898592,3.36294536709366,-0.199813508214664
5.554,3.36690165898592,3.36696013485276,-0.183788871532671
5.556,3.37090165898592,3.3709766595644,-0.161398691307805
5.558,3.37490165898592,3.37499495391072,-0.132804885596407
5.56,3.37890165898592,3.37901477776077,-0.0990517894319057
5.562,3.38290165898592,3.38303601902247,-0.0607322201990442
5.564,3.38690165898592,3.38705841792978,-0.0189302131133241
5.566,3.39090165898591,3.39108168958853,0.0252277448908062
5.568,3.39490165898592,3.39510556228596,0.0706761512485704
5.57,3.39890165898592,3.39912973041424,0.116252452321611
5.572,3.40290165898592,3.403153882318,0.16083939131021
5.574,3.40690165898592,3.4071777033189,0.203309316481538
5.576,3.41090165898592,3.41120083241393,0.242381603296668
5.578,3.41490165898592,3.41522304088934,0.277400823670631
5.58,3.41890165898592,3.41924401822028,0.307307767415048
5.582,3.42290165898592,3.42326343093073,0.331024568585135
5.584,3.42690165898592,3.4272812041865,0.34849368853985
5.586,3.43090165898592,3.43129709578146,0.359004362308118
5.588,3.43490165898592,3.43531103221844,0.362491177720522
5.59,3.43890165898592,3.43932306025545,0.359309271804633
5.592,3.44290165898592,3.44333315392341,0.34955163153941
5.594,3.44690165898592,3.44734138998185,0.333670991097715
5.596,3.45090165898592,3.4513477935674,0.311971155289019
5.598,3.45490165898592,3.45535256020772,0.285297581748216
5.6,3.45890165898592,3.45935586179697,0.254425224932527
5.602,3.46290165898592,3.46335792188443,0.220295715866919
5.604,3.46690165898592,3.46735907186843,0.184109589156731
5.606,3.47090165898591,3.47135956741537,0.146890082884531
5.608,3.47490165898592,3.47535974724638,0.109831502369288
5.61,3.47890165898592,3.4793599347097,0.0740983594644757
5.612,3.48290165898592,3.4833604503645,0.0407482452252378
5.614,3.48690165898592,3.48736166543605,0.0110893121193327
5.616,3.49090165898592,3.49136379160677,-0.0143302610277169
5.618,3.49490165898592,3.49536718251956,-0.0342877132940517
5.62,3.49890165898592,3.49937210432266,-0.0480136226709765
5.622,3.50290165898592,3.50337860743918,-0.0555559286904157
5.624,3.50690165898592,3.50738687779236,-0.0564124696670234
5.626,3.51090165898592,3.51139702009584,-0.0504071376588715
5.628,3.51490165898592,3.51540898337558,-0.0379170086559785
5.63,3.51890165898592,3.51942276193293,-0.0191497648587181
5.632,3.52290165898592,3.5234383588304,0.00568983576633059
5.634,3.52690165898592,3.52745543113128,0.0352641297343872
5.636,3.53090165898592,3.53147402060756,0.0694849654659613
5.638,3.53490165898592,3.53549380062135,0.107086042286473
5.64,3.53890165898592,3.53951454306451,0.147107664559885
5.642,3.54290165898592,3.54353594439486,0.188388027252471
5.644,3.54690165898592,3.54755769897971,0.229738739524055
5.646,3.55090165898592,3.55157948340369,0.270045372317988
5.648,3.55490165898591,3.55560099661536,0.308213375795298
5.65,3.55890165898592,3.5596219163008,0.343117494710209
5.652,3.56290165898592,3.56364194656434,0.373802267807613
5.654,3.56690165898591,3.56766077123668,0.39922716351506
5.656,3.57090165898591,3.57167809708345,0.418486977506233
5.658,3.57490165898592,3.57569379890301,0.431357575724458
5.66,3.57890165898592,3.57970761528598,0.43706234876826
5.662,3.58290165898592,3.58371943354325,0.435405880536639
5.664,3.58690165898591,3.58772929771245,0.426746397587223
5.666,3.59090165898592,3.59173717658278,0.411153774984693
5.668,3.59490165898592,3.59574315697016,0.389117017631615
5.67,3.59890165898591,3.59974726092392,0.360931447017545
5.672,3.60290165898591,3.60374977346543,0.327743264639328
5.674,3.60690165898592,3.60775080883414,0.29016330835295
5.676,3.61090165898592,3.61175063983482,0.249318322276402
5.678,3.61490165898592,3.615749618886,0.206475597862959
5.68,3.61890165898592,3.61974795820475,0.162588330358923
5.682,3.62290165898592,3.62374601124932,0.118891417771358
5.684,3.62690165898592,3.62774407651638,0.0764667553319618
5.686,3.63090165898592,3.6317424521257,0.0363256079945881
5.688,3.63490165898591,3.63574149139621,-0.00026232697596161
5.69,3.63890165898592,3.63974144674139,-0.0325705055055519
5.692,3.64290165898592,3.64374266019609,-0.0594300572703616
5.694,3.64690165898591,3.64774538536121,-0.0801023301591266
5.696,3.65090165898591,3.65174969258452,-0.0945402743988751
5.698,3.65490165898592,3.6557558443062,-0.101921822562565
5.7,3.65890165898592,3.65976392578217,-0.102122726638851
5.702,3.66290165898592,3.66377383811123,-0.095669562124111
5.704,3.66690165898591,3.66778559897008,-0.0826512184350356
5.706,3.67090165898592,3.67179916326009,-0.0633968743557972
5.708,3.67490165898592,3.67581432049772,-0.0388029233497298
5.71,3.67890165898592,3.67983101205814,-0.0092541644308245
5.712,3.68290165898592,3.68384895583501,0.024131020969523
5.714,3.68690165898592,3.68786794821823,0.0604805400280889
5.716,3.69090165898592,3.69188765703235,0.098562016755406
5.718,3.69490165898592,3.69590779948619,0.137286565297641
5.72,3.69890165898592,3.69992805529188,0.17550117272389
5.722,3.70290165898592,3.70394811278671,0.212101862256734
5.724,3.70690165898592,3.70796767644899,0.246083632561631
5.726,3.71090165898591,3.71198635738412,0.276063394327579
5.728,3.71490165898591,3.71600398037836,0.301598910990436
5.73,3.71890165898592,3.72002020933774,0.321558922467957
5.732,3.72290165898591,3.72403480263054,0.335256556144933
5.734,3.72690165898591,3.72804771157819,0.34271328734982
5.736,3.73090165898591,3.73205875361806,0.343448704823083
5.738,3.73490165898592,3.73606786154742,0.337420088544923
5.74,3.73890165898591,3.74007505623121,0.324884727640436
5.742,3.74290165898591,3.74408041297781,0.306275010226772
5.744,3.74690165898591,3.74808388600313,0.281648548268005
5.746,3.75090165898592,3.75208573215189,0.252034278704998
5.748,3.75490165898592,3.75608606996416,0.218009775747301
5.75,3.75890165898591,3.76008508152552,0.180392291347126
5.752,3.76290165898591,3.76408309520892,0.140401942205084
5.754,3.76690165898592,3.76808040210912,0.099134746314664
5.756,3.77090165898592,3.77207730848065,0.0577572546813421
5.758,3.77490165898592,3.77607414752234,0.0174647549834283
5.76,3.77890165898592,3.78007124481119,-0.0206187807471003
5.762,3.78290165898592,3.78406889800478,-0.0554951364481174
5.764,3.78690165898592,3.78806748207657,-0.0858200401457903
5.766,3.79090165898592,3.79206717857047,-0.111144669328959
5.768,3.79490165898592,3.79606831482582,-0.130356563390689
5.77,3.79890165898592,3.8000710711449,-0.14298895546482
5.772,3.80290165898592,3.80407556500248,-0.148793861443076
5.774,3.80690165898592,3.80808193648316,-0.147431074057314
5.776,3.81090165898591,3.81209014044694,-0.13924863993682
5.778,3.81490165898592,3.81610021415283,-0.124270704581338
5.78,3.81890165898592,3.82011209009778,-0.102908137106629
5.782,3.82290165898592,3.82412567599039,-0.0756699316672955
5.784,3.82690165898592,3.828140684845,-0.0436937934354155
5.786,3.83090165898592,3.83215707876579,-0.00730239444171202
5.788,3.83490165898592,3.83617455249968,0.0322966633268954
5.79,3.83890165898592,3.84019278170751,0.0738912357811118
5.792,3.84290165898592,3.84421150248745,0.11642610758523
5.794,3.84690165898592,3.84823037648878,0.158691039828606
5.796,3.85090165898592,3.85224909792216,0.199580894650273
5.798,3.85490165898592,3.85626736700357,0.238065713220305
5.8,3.85890165898592,3.86028482562893,0.272878909530908
5.802,3.86290165898592,3.86430115900611,0.302998778409698
5.804,3.86690165898592,3.86831611509638,0.327651862972743
5.806,3.87090165898592,3.8723294366464,0.346056967070221
5.808,3.87490165898591,3.87634100823073,0.357969853637239
5.81,3.87890165898592,3.8803507351931,0.363200112559861
5.812,3.88290165898592,3.88435839115553,0.361106916350737
5.814,3.88690165898591,3.88836414999561,0.352463889037411
5.816,3.89090165898591,3.892368060217,0.337586947738745
5.818,3.89490165898592,3.89637009707449,0.316580683131914
5.82,3.89890165898592,3.90037053735778,0.290541836745258
5.822,3.90290165898592,3.90436945921205,0.259931914289781
5.824,3.90690165898591,3.90836711581204,0.225784596687361
5.826,3.91090165898592,3.91236383330935,0.189292390876613
5.828,3.91490165898592,3.91635983719796,0.151374115943098
5.83,3.91890165898592,3.92035542848318,0.113187477387422
5.832,3.92290165898592,3.92435093815452,0.0758345169724915
5.834,3.92690165898592,3.92834666894525,0.0404002770858286
5.836,3.93090165898592,3.93234295101179,0.00801983417067717
5.838,3.93490165898592,3.93634006742921,-0.020422013683322
5.84,3.93890165898592,3.940338365734,-0.0437372621860582
5.842,3.94290165898592,3.94433813747589,-0.0610296234852481
5.844,3.94690165898592,3.9483394487737,-0.0722708643842574
5.846,3.95090165898592,3.95234257086847,-0.076601443089249
5.848,3.95490165898591,3.95634757994595,-0.0739240537377014
5.85,3.95890165898592,3.96035444605839,-0.0645103826508011
5.852,3.96290165898592,3.96436317061035,-0.0485047653469603
5.854,3.96690165898592,3.96837365824176,-0.0263961442288624
5.856,3.97090165898592,3.97238585636062,0.00146211923745341
5.858,3.97490165898592,3.97639960306423,0.0343423523653339
5.86,3.97890165898592,3.98041467218824,0.0713116250880636
5.862,3.98290165898592,3.98443083203259,0.111420902722847
5.864,3.98690165898592,3.988447798089,0.153567754183589
5.866,3.99090165898592,3.99246526836155,0.196618422963768
5.868,3.99490165898592,3.99648293536455,0.239413390531615
5.87,3.99890165898592,4.00050048672244,0.28083897779251
5.872,4.00290165898592,4.00451762799166,0.319870597034091
5.874,4.00690165898592,4.00853399919041,0.355199123430827
5.876,4.01090165898592,4.01254935591791,0.386088845939413
5.878,4.01490165898592,4.01656346746796,0.411803642963344
5.88,4.01890165898592,4.02057596283089,0.431093315124654
5.882,4.02290165898592,4.02458679886335,0.444009502386709
5.884,4.02690165898592,4.02859577512528,0.449969462327362
5.886,4.03090165898592,4.03260282325416,0.448893594790974
5.888,4.03490165898592,4.03660791755316,0.440848769711017
5.89,4.03890165898592,4.04061108132058,0.426067231359786
5.892,4.04290165898592,4.04461235861311,0.40485717636296
5.894,4.04690165898592,4.04861189777804,0.377886730455829
5.896,4.05090165898592,4.05260986602498,0.345877748959335
5.898,4.05490165898591,4.05660648641777,0.309739863701804
5.9,4.05890165898592,4.06060201505963,0.270495495246122
5.902,4.06290165898591,4.06459678422017,0.229372478082931
5.904,4.06690165898591,4.06859109351273,0.187512736983264
5.906,4.07090165898591,4.07258527182174,0.146094542845088
5.908,4.07490165898592,4.0765796304112,0.106229155044975
5.91,4.07890165898592,4.08057446522714,0.0689337431481387
5.912,4.08290165898592,4.08457011763745,0.0354146862186491
5.914,4.08690165898591,4.08856685712616,0.00653231065644775
5.916,4.09090165898592,4.09256493027723,-0.0169396973595446
5.918,4.09490165898592,4.09656458094847,-0.0342511821806421
5.92,4.09890165898592,4.10056592884404,-0.0451234354853222
5.922,4.10290165898592,4.10456909051492,-0.0492784544961141
5.924,4.10690165898592,4.10857414683612,-0.0465695878608873
5.926,4.11090165898592,4.11258106422448,-0.0372541157777716
5.928,4.11490165898592,4.11658976187618,-0.0217479642542127
5.93,4.11890165898592,4.12060025443803,-0.000152774026481717
5.932,4.12290165898592,4.12461222978869,0.0263274056342078
5.934,4.12690165898592,4.12862566615958,0.0574528005287555
5.936,4.13090165898592,4.13264024673683,0.0920179431230658
5.938,4.13490165898591,4.13665574082983,0.129086618506494
5.94,4.13890165898592,4.14067182262821,0.167473951738121
5.942,4.14290165898591,4.14468820451247,0.206058444493661
5.944,4.14690165898591,4.14870455737756,0.243715050048612
5.946,4.15090165898591,4.15272057266548,0.279333368797815
5.948,4.15490165898592,4.15673589295661,0.311647452983972
5.95,4.15890165898591,4.16075028580805,0.339965638126212
5.952,4.16290165898591,4.16476339001846,0.363030711983556
5.954,4.16690165898591,4.16877488286065,0.379802122936362
5.956,4.17090165898592,4.17278471379138,0.390291332435181
5.958,4.17490165898592,4.17679275505893,0.39417249039246
5.96,4.17890165898592,4.18079880283539,0.390861681418784
5.962,4.18290165898592,4.18480297713145,0.380944533712027
5.964,4.18690165898592,4.18880527368643,0.364552318801436
5.966,4.19090165898592,4.19280578311766,0.342153699997401
5.968,4.19490165898592,4.19680459803825,0.314237655539287
5.97,4.19890165898592,4.20080190932946,0.281605754719373
5.972,4.20290165898592,4.20479787519857,0.244964849012267
5.974,4.20690165898592,4.20879274468112,0.20531762657414
5.976,4.21090165898592,4.2127868322357,0.163814317684144
5.978,4.21490165898591,4.21678040152996,0.121493435277845
5.98,4.21890165898592,4.2207737877282,0.0795260063856988
5.982,4.22290165898591,4.2247672983822,0.0390188442953622
5.984,4.22690165898591,4.22876124504329,0.00103822986891378
5.986,4.23090165898591,4.23275599632996,-0.033105943720152
5.988,4.23490165898592,4.23675182411462,-0.0625611528134812
5.99,4.23890165898591,4.24074900178615,-0.0864384494791785
5.992,4.24290165898592,4.24474784867154,-0.103685655378699
5.994,4.24690165898591,4.24874836488045,-0.114479865686611
5.996,4.25090165898592,4.25275074741916,-0.118212672483655
5.998,4.25490165898592,4.25675507037532,-0.114750019860187
6,4.25890165898592,4.26076127655138,-0.104429253425452
6.002,4.26290165898591,4.2647693382481,-0.0874751815233342
6.004,4.26690165898592,4.26877921699742,-0.0641651698505427
6.006,4.27090165898592,4.27279056411085,-0.0358437794834704
6.008,4.27490165898592,4.27680338952069,-0.00261640737652318
6.01,4.27890165898592,4.28081738486351,0.0343242036256265
6.012,4.28290165898592,4.28483229382574,0.0739680854599108
6.014,4.28690165898592,4.2888477982105,0.115136091260784
6.016,4.29090165898592,4.29286360253749,0.15670672333675
6.018,4.29490165898591,4.29687938625412,0.197527809202737
6.02,4.29890165898592,4.30089484478078,0.236518067222515
6.022,4.30290165898592,4.30490969304132,0.272697333387083
6.024,4.30690165898591,4.3089235624019,0.304766529187369
6.026,4.31090165898591,4.31293625575266,0.332147237140766
6.028,4.31490165898592,4.31694742313582,0.353661952355789
6.03,4.31890165898592,4.32095692664213,0.3689771264689
6.032,4.32290165898592,4.32496467138051,0.377886382871571
6.034,4.32690165898591,4.32897046137136,0.379819886367364
6.036,4.33090165898592,4.33297429123235,0.374893008620452
6.038,4.33490165898592,4.33697617545902,0.363279379151733
6.04,4.33890165898592,4.3409762167105,0.345452259403323
6.042,4.34290165898592,4.34497442069955,0.321576619255616
6.044,4.34690165898592,4.34897110082586,0.292831138219921
6.046,4.35090165898592,4.35296636659945,0.259743577583502
6.048,4.35490165898592,4.35696052771032,0.223484561378077
6.05,4.35890165898592,4.36095387275557,0.185157392788043
6.052,4.36290165898592,4.36494671335585,0.145925666647681
6.054,4.36690165898592,4.36893936876224,0.106930927369969
6.056,4.37090165898591,4.37293213286369,0.0692396664687732
6.058,4.37490165898591,4.37692530668266,0.0339092663466222
6.06,4.37890165898592,4.380919237283,0.00217817829000107
6.062,4.38290165898592,4.38491411966015,-0.0254151467659954
6.064,4.38690165898591,4.38891031657688,-0.0475898420916234
6.066,4.39090165898591,4.39290804490835,-0.0637131015349589
6.068,4.39490165898592,4.39690738611527,-0.0736456595158122
6.07,4.39890165898592,4.4009085434198,-0.0767660577076297
6.072,4.40290165898591,4.40491165559709,-0.0727095310799042
6.074,4.40690165898591,4.40891659893066,-0.0620528949400856
6.076,4.41090165898592,4.41292338018584,-0.0448857893193771
6.078,4.41490165898592,4.41693190940009,-0.0216456804096664
6.08,4.41890165898592,4.42094208141973,0.00716726319248509
6.082,4.42290165898592,4.42495368194017,0.0406910809500437
6.084,4.42690165898592,4.42896653506317,0.0781824633490399
6.086,4.43090165898592,4.43298035599754,0.118551771793451
6.088,4.43490165898592,4.43699487042696,0.160740284188874
6.09,4.43890165898592,4.44100976248855,0.20358000256175
6.092,4.44290165898592,4.44502471823482,0.245926063335029
6.094,4.44690165898592,4.44903942296353,0.286637319623973
6.096,4.45090165898592,4.45305357742422,0.324678567558727
6.098,4.45490165898591,4.45706681854379,0.358747655813017
6.1,4.45890165898592,4.46107891561066,0.388125830706395
6.102,4.46290165898592,4.46508964093616,0.412068765877775
6.104,4.46690165898591,4.46909863846922,0.429365644589797
6.106,4.47090165898591,4.47310591027198,0.440178149843167
6.108,4.47490165898592,4.4771113606672,0.444267870240506
6.11,4.47890165898592,4.4811148683487,0.441314902847141
6.112,4.48290165898591,4.48511647872741,0.431604745025229
6.114,4.48690165898591,4.48911628690565,0.415591305000674
6.116,4.49090165898592,4.49311429510487,0.393415590875916
6.118,4.49490165898592,4.49711081893607,0.366280745317693
6.12,4.49890165898592,4.50110586618164,0.334349449872614
6.122,4.50290165898592,4.50509972142283,0.298712690139472
6.124,4.50690165898592,4.50909265356162,0.260396084432838
6.126,4.51090165898592,4.51308496303007,0.220507175802908
6.128,4.51490165898592,4.517076960307,0.180192922940897
6.13,4.51890165898592,4.52106897524761,0.140617333405348
6.132,4.52290165898592,4.5250613364614,0.102945600719092
6.134,4.52690165898592,4.52905441117702,0.0684704882385514
6.136,4.53090165898592,4.53304846636203,0.0380458751604117
6.138,4.53490165898591,4.5370437412329,0.0124606959448782
6.14,4.53890165898592,4.54104062452923,-0.00694612535939137
6.142,4.54290165898592,4.54503914277973,-0.0202222571719279
6.144,4.54690165898591,4.5490394815348,-0.0267941930286428
6.146,4.55090165898591,4.55304176062565,-0.0263446943922208
6.148,4.55490165898591,4.55704589534945,-0.0192880833145003
6.15,4.55890165898592,4.56105187934131,-0.00574959649737844
6.152,4.56290165898591,4.56505965546324,0.013957389147901
6.154,4.56690165898591,4.56906905189852,0.0391195954163266
6.156,4.57090165898591,4.57307994921037,0.0692019351992822
6.158,4.57490165898592,4.57709209020873,0.103206423978415
6.16,4.57890165898591,4.58110523875409,0.140200299001439
6.162,4.58290165898591,4.58511906760078,0.178990676885717
6.164,4.58690165898591,4.58913330130959,0.218514452778288
6.166,4.59090165898592,4.59314760659177,0.25758921468718
6.168,4.59490165898591,4.59716168124735,0.295126740995797
6.17,4.59890165898591,4.60117523219703,0.33011133601124
6.172,4.60290165898591,4.60518788124414,0.361191578794321
6.174,4.60690165898592,4.60919943313267,0.387796948659587
6.176,4.61090165898592,4.61320947771619,0.408494534140609
6.178,4.61490165898592,4.61721792267657,0.423115793298335
6.18,4.61890165898592,4.62122453820683,0.43094335055023
6.182,4.62290165898592,4.62522922192098,0.431734379202722
6.184,4.62690165898592,4.62923187822253,0.425267924239341
6.186,4.63090165898591,4.63323260754075,0.412010681583192
6.188,4.63490165898591,4.63723146673498,0.392264344038492
6.19,4.63890165898592,4.64122843449788,0.366081071757828
6.192,4.64290165898591,4.64522389781387,0.334899192864519
6.194,4.64690165898591,4.64921791730457,0.299057489391916
6.196,4.65090165898591,4.65321077100498,0.25963956955845
6.198,4.65490165898592,4.65720279871821,0.217895392119416
6.2,4.65890165898591,4.66119425825891,0.174826834659042
6.202,4.66290165898591,4.66518547472819,0.131647650758617
6.204,4.66690165898591,4.66917675604198,0.0894312146380758
6.206,4.67090165898592,4.67316839435106,0.0492388509498296
6.208,4.67490165898591,4.67716069271013,0.012131954905144
6.21,4.67890165898591,4.68115393238151,-0.0209430347774477
6.212,4.68290165898591,4.68514840820915,-0.0489836383455378
6.214,4.68690165898592,4.68914437645206,-0.0711614643854275
6.216,4.69090165898592,4.69314201976484,-0.0869292058241071
6.218,4.69490165898592,4.69714149259664,-0.0958291913740086
6.22,4.69890165898592,4.70114289206093,-0.09761225453767
6.222,4.70290165898592,4.70514618074765,-0.0925089719357119
6.224,4.70690165898592,4.709151362093,-0.0805888422802955
6.226,4.71090165898592,4.7131583862799,-0.0621164425623121
6.228,4.71490165898591,4.71716713301662,-0.0376157697513498
6.23,4.71890165898592,4.72117731623681,-0.00817207044342579
6.232,4.72290165898591,4.72518888662471,0.0259320859875923
6.234,4.72690165898591,4.72920149068542,0.0633856119862062
6.236,4.73090165898591,4.73321486317074,0.103182426726368
6.238,4.73490165898592,4.73722871478301,0.144233345408102
6.24,4.73890165898591,4.74124271419313,0.185340796365973
6.242,4.74290165898591,4.74525655947019,0.225410888261085
6.244,4.74690165898591,4.74926994330686,0.263349431122821
6.246,4.75090165898592,4.75328258455714,0.298179909618164
6.248,4.75490165898591,4.75729411116194,0.328585431982775
6.25,4.75890165898591,4.76130436491264,0.354095026253041
6.252,4.76290165898591,4.76531306782014,0.373774247287853
6.254,4.76690165898592,4.76932001470992,0.386985146095446
6.256,4.77090165898592,4.77332522081205,0.393887170660022
6.258,4.77490165898592,4.77732854906304,0.394080690653316
6.26,4.77890165898592,4.78132996466641,0.387542122394131
6.262,4.78290165898592,4.78532954643195,0.374643710473678
6.264,4.78690165898592,4.78932740130593,0.355848845212153
6.266,4.79090165898592,4.79332354400963,0.331318318434671
6.268,4.79490165898591,4.79731825339436,0.302096327558538
6.27,4.79890165898592,4.80131164638285,0.268697330997696
6.272,4.80290165898592,4.80530400918691,0.232191063814051
6.274,4.80690165898591,4.80929564985309,0.193706600715765
6.276,4.81090165898591,4.81328686881317,0.154362839193456
6.278,4.81490165898592,4.81727800456342,0.115346608000629
6.28,4.81890165898592,4.82126937869572,0.0778312667921833
6.282,4.82290165898591,4.82526131266539,0.0429338368198547
6.284,4.82690165898591,4.82925416236174,0.0119040118491407
6.286,4.83090165898592,4.83324811095751,-0.014701365737732
6.288,4.83490165898592,4.83724351437342,-0.0356291774136453
6.29,4.83890165898591,4.84124056500439,-0.050289626482795
6.292,4.84290165898592,4.84523936739236,-0.0584056242149449
6.294,4.84690165898592,4.84923999229135,-0.0598151584131241
6.296,4.85090165898592,4.85324252433776,-0.0543055417446384
6.298,4.85490165898592,4.85724691068778,-0.0421573349528094
6.3,4.85890165898592,4.86125309022311,-0.0236773586328835
6.302,4.86290165898592,4.86526102431876,0.00089606814260345
6.304,4.86690165898592,4.86927037666731,0.0303007936098704
6.306,4.87090165898592,4.8732811188525,0.0643346183887599
6.308,4.87490165898592,4.87729296455259,0.101907968408417
6.31,4.87890165898592,4.88130563073045,0.141949392606951
6.312,4.88290165898592,4.88531879962162,0.183297898199104
6.314,4.88690165898591,4.88933216437974,0.224801976956993
6.316,4.89090165898591,4.89334540069113,0.265314739822548
6.318,4.89490165898592,4.89735821450981,0.303794426224762
6.32,4.89890165898592,4.90137024498313,0.338943152818003
6.322,4.90290165898591,4.90538116849436,0.369657144632594
6.324,4.90690165898591,4.90939080305228,0.395373813863141
6.326,4.91090165898592,4.91339874632164,0.414691531624525
6.328,4.91490165898592,4.91740493699369,0.427511954621773
6.33,4.91890165898591,4.9214092495166,0.433469915228277
6.332,4.92290165898592,4.9254116354549,0.432476564048079
6.334,4.92690165898592,4.92941202733695,0.424374039982585
6.336,4.93090165898592,4.93341052118534,0.409585600590189
6.338,4.93490165898592,4.93740720235802,0.388496675821245
6.34,4.93890165898592,4.94140224616759,0.361815540967037
6.342,4.94290165898592,4.9453959286949,0.33057702166522
6.344,4.94690165898592,4.94938832962674,0.295179214515038
6.346,4.95090165898592,4.953379853391,0.257079108427148
6.348,4.95490165898591,4.95737072318666,0.217138121310785
6.35,4.95890165898592,4.96136123667123,0.176477148437783
6.352,4.96290165898592,4.96535171838158,0.136238576529356
6.354,4.96690165898591,4.96934246033673,0.0974784440114437
6.356,4.97090165898591,4.97333378500371,0.0613398552082362
6.358,4.97490165898592,4.97732602426655,0.0289680577091286
6.36,4.97890165898592,4.98131937441563,0.000977417252607219
6.362,4.98290165898591,4.98531418700276,-0.0214081142159251
6.364,4.98690165898591,4.98931068145576,-0.0374942703493324
6.366,4.99090165898592,4.99330894477709,-0.0470589745377564
6.368,4.99490165898592,4.99730909224406,-0.0497648844924123
6.37,4.99890165898591,5.00131119928967,-0.0454169728378446
6.372,5.00290165898591,5.00531518518305,-0.0343731588728821
6.374,5.00690165898592,5.00932101416088,-0.0168282501345206
6.376,5.01090165898592,5.01332862303765,0.00691580762540965
6.378,5.01490165898592,5.01733764324011,0.0355037970180056
6.38,5.01890165898592,5.02134809842868,0.068922169952775
6.382,5.02290165898592,5.02535961371281,0.10580037775154
6.384,5.02690165898592,5.02937196449125,0.145267461198182
6.386,5.03090165898591,5.03338481536111,0.186110876665206
6.388,5.03490165898592,5.0373978795018,0.2272485846038
6.39,5.03890165898592,5.04141084768523,0.267581917553203
6.392,5.04290165898592,5.04542341815765,0.306010128508601
6.394,5.04690165898591,5.04943528874596,0.341461685620639
6.396,5.05090165898591,5.05344614430142,0.372833115713599
6.398,5.05490165898592,5.05745582687527,0.399634014367497
6.4,5.05890165898592,5.06146398849789,0.420643763047024
6.402,5.06290165898591,5.06547044870114,0.435305016203897
6.404,5.06690165898591,5.06947518291071,0.443620898336672
6.406,5.07090165898591,5.07347797879906,0.444901751445329
6.408,5.07490165898592,5.07747891635389,0.439517283405993
6.41,5.07890165898591,5.08147797791362,0.427473257993696
6.412,5.08290165898592,5.08547522572316,0.409060036168718
6.414,5.08690165898591,5.08947067850082,0.384422222140576
6.416,5.09090165898592,5.09346470113708,0.354896533733043
6.418,5.09490165898592,5.09745731738471,0.320652840243888
6.42,5.09890165898592,5.10144888032852,0.282977618447444
6.422,5.10290165898592,5.10543964330085,0.24282919318824
6.424,5.10690165898592,5.10942994188157,0.201429567225044
6.426,5.11090165898592,5.11342009974625,0.159951406999125
6.428,5.11490165898592,5.1174104272059,0.119513689098658
6.43,5.11890165898592,5.12140123168068,0.0812139759461352
6.432,5.12290165898592,5.12539287453636,0.0463534808472306
6.434,5.12690165898592,5.12938552803662,0.0154696241646978
6.436,5.13090165898592,5.13337954265659,-0.0101884039522518
6.438,5.13490165898591,5.13737513302008,-0.0299173849196465
6.44,5.13890165898592,5.14137241492565,-0.0433743115290764
6.442,5.14290165898591,5.14537153699929,-0.0500874150883538
6.444,5.14690165898591,5.14937256804499,-0.0498777318312524
6.446,5.15090165898591,5.15337542955021,-0.0430902787055535
6.448,5.15490165898592,5.15738010507806,-0.0298412934754947
6.45,5.15890165898591,5.16138648658391,-0.0105739233981333
6.452,5.16290165898591,5.16539450195007,0.014388387366716
6.454,5.16690165898591,5.16940394419362,0.0442515423403954
6.456,5.17090165898592,5.17341458980421,0.0781628912525327
6.458,5.17490165898591,5.17742618276487,0.115156708916497
6.46,5.17890165898592,5.1814383856167,0.154013876466554
6.462,5.18290165898591,5.18545092495216,0.19370601402143
6.464,5.18690165898592,5.18946345643494,0.233000395865248
6.466,5.19090165898592,5.19347566421006,0.270764036260977
6.468,5.19490165898592,5.19748725130507,0.305953526946686
6.47,5.19890165898592,5.20149780709952,0.337099352209001
6.472,5.20290165898592,5.20550715465075,0.36364413244681
6.474,5.20690165898592,5.20951500122667,0.384578099798838
6.476,5.21090165898592,5.21352105283997,0.398910780386539
6.478,5.21490165898591,5.21752531593913,0.40674593329362
6.48,5.21890165898592,5.22152766674034,0.40770324713468
6.482,5.22290165898591,5.22552798917629,0.401438355148229
6.484,5.22690165898591,5.22952647667284,0.388703194184107
6.486,5.23090165898591,5.23352320705944,0.369832687928306
6.488,5.23490165898592,5.23751820717714,0.344997934532519
6.49,5.23890165898591,5.2415117800818,0.315323335873679
6.492,5.24290165898591,5.24550402538438,0.281239119597149
6.494,5.24690165898591,5.24949520885981,0.243754853978141
6.496,5.25090165898592,5.25348568086727,0.20411850394
6.498,5.25490165898591,5.25747565915857,0.163184843717641
6.5,5.25890165898591,5.26146548322719,0.122171256187954
6.502,5.26290165898591,5.26545547414295,0.0822368180316821
6.504,5.26690165898592,5.26944594081817,0.0444679200651298
6.506,5.27090165898592,5.27343723363271,0.0101075256430726
6.508,5.27490165898592,5.27742965077731,-0.0198274542203077
6.51,5.27890165898592,5.28142338363042,-0.044713240802657
6.512,5.28290165898592,5.28541883292845,-0.0631392232569219
6.514,5.28690165898592,5.28941602887707,-0.0750837291364122
6.516,5.29090165898591,5.29341510798112,-0.0801098578810931
6.518,5.29490165898592,5.29741622081083,-0.0777292675380034
6.52,5.29890165898592,5.30141922390641,-0.0685140982408584
6.522,5.30290165898592,5.30542408814689,-0.0526138870603058
6.524,5.30690165898591,5.30943070811061,-0.030453837175644
6.526,5.31090165898591,5.31343892243971,-0.00266173581661359
6.528,5.31490165898592,5.31744853529821,0.0300165827091827
6.53,5.31890165898592,5.32145935053683,0.0668268861359755
6.532,5.32290165898592,5.32547102554586,0.106513163101622
6.534,5.32690165898591,5.32948327743966,0.148033436339675
6.536,5.33090165898592,5.33349581334819,0.190298661255062
6.538,5.33490165898592,5.33750831237829,0.232154030322013
6.54,5.33890165898591,5.34152048529137,0.272547347092871
6.542,5.34290165898592,5.34553201315576,0.31032795422366
6.544,5.34690165898592,5.34954258747741,0.344410411207494
6.546,5.35090165898592,5.3535520444866,0.374257634260167
6.548,5.35490165898591,5.3575599923245,0.398481950919949
6.55,5.35890165898592,5.36156626989718,0.416577386385353
6.552,5.36290165898592,5.36557078427059,0.428273844726144
6.554,5.36690165898592,5.36957346064911,0.433357993483476
6.556,5.37090165898591,5.37357410799638,0.431201091268792
6.558,5.37490165898591,5.3775728478827,0.42228495580914
6.56,5.37890165898592,5.3815697194078,0.406790791315643
6.562,5.38290165898592,5.38556485254635,0.385218525155864
6.564,5.38690165898591,5.3895583869555,0.358106081640047
6.566,5.39090165898591,5.39355050575325,0.326145733949659
6.568,5.39490165898592,5.39754154328757,0.290550277241016
6.57,5.39890165898592,5.40153173685616,0.252207644751857
6.572,5.40290165898591,5.40552143524354,0.21237601295153
6.574,5.40690165898591,5.40951094194673,0.172167467814657
6.576,5.41090165898592,5.41350057133792,0.132717890033334
6.578,5.41490165898592,5.41749062813508,0.0951231347548492
6.58,5.41890165898591,5.42148137733073,0.0603145731961208
6.582,5.42290165898591,5.4254731816648,0.0295912498897936
6.584,5.42690165898592,5.42946616406874,0.00333049276438646
6.586,5.43090165898592,5.43346066898265,-0.017254117911876
6.588,5.43490165898592,5.43745686277049,-0.0316245856139905
6.59,5.43890165898592,5.44145482285289,-0.0395592890020992
6.592,5.44290165898592,5.44545468857187,-0.0406060402783422
6.594,5.44690165898592,5.44945639065096,-0.035060655670465
6.596,5.45090165898592,5.45345993374716,-0.0229461642356802
6.598,5.45490165898591,5.4574652478322,-0.00455316940198097
6.6,5.45890165898592,5.46147229384212,0.0199313447416525
6.602,5.46290165898592,5.46548068996098,0.0491197015848125
6.604,5.46690165898591,5.46949043979608,0.0829662287712101
6.606,5.47090165898591,5.47350118280702,0.120159708001477
6.608,5.47490165898592,5.47751266735981,0.159761819935497
6.61,5.47890165898592,5.48152456579649,0.200586045029858
6.612,5.48290165898592,5.48553657127739,0.241504357589941
6.614,5.48690165898591,5.48954835800085,0.281335797473373
6.616,5.49090165898592,5.49355961400533,0.318964941646303
6.618,5.49490165898592,5.49757003545408,0.353309738803061
6.62,5.49890165898592,5.50157926916515,0.383113799392428
6.622,5.50290165898592,5.5055871443357,0.407811722863634
6.624,5.50690165898592,5.50959336552072,0.426369322285842
6.626,5.51090165898592,5.51359779097411,0.438328091867192
6.628,5.51490165898592,5.51760040694206,0.443687200987901
6.63,5.51890165898592,5.5216010893805,0.442039201619473
6.632,5.52290165898592,5.5255999083298,0.433677798681385
6.634,5.52690165898592,5.52959692794264,0.418870506979398
6.636,5.53090165898592,5.53359228435813,0.398141370363362
6.638,5.53490165898591,5.53758600599721,0.371640081186847
6.64,5.53890165898592,5.54157843257523,0.340608950505796
6.642,5.54290165898592,5.5455696449017,0.305386395475031
6.644,5.54690165898591,5.54955996194206,0.267142503527305
6.646,5.55090165898591,5.5535496838419,0.226970322994919
6.648,5.55490165898592,5.55753910748448,0.185961993970207
6.65,5.55890165898592,5.56152857083498,0.145325947264383
6.652,5.56290165898591,5.56551839516201,0.106218806573368
6.654,5.56690165898591,5.56950892429115,0.0698646305865475
6.656,5.57090165898592,5.57350050933466,0.0374987725539182
6.658,5.57490165898592,5.57749333236931,0.00973166346529458
6.66,5.57890165898591,5.58148778437828,-0.0120532206183428
6.662,5.58290165898591,5.58548396745994,-0.0275372607723811
6.664,5.58690165898591,5.58948197449341,-0.0364229060059257
6.666,5.59090165898592,5.59348195918873,-0.0381908416450534
6.668,5.59490165898592,5.59748388812806,-0.0329929263215519
6.67,5.59890165898592,5.60148770842171,-0.0210458794381365
6.672,5.60290165898592,5.60549330051775,-0.00280380332772924
6.674,5.60690165898592,5.60950057752594,0.0213887826635607
6.676,5.61090165898592,5.61350923119485,0.0504092536968507
6.678,5.61490165898592,5.61751917863816,0.0839237217145572
6.68,5.61890165898592,5.62153009990345,0.120764244574968
6.682,5.62290165898592,5.62554169799339,0.15984794743122
6.684,5.62690165898592,5.62955366979427,0.200071199442878
6.686,5.63090165898591,5.63356569540235,0.240266427843448
6.688,5.63490165898591,5.63757747498353,0.279359345188396
6.69,5.63890165898592,5.64158869414775,0.316212779302376
6.692,5.64290165898591,5.64559902464757,0.349659342778008
6.694,5.64690165898591,5.64960820677783,0.378800878163956
6.696,5.65090165898591,5.65361599520729,0.40279015059227
6.698,5.65490165898592,5.65762207358886,0.420533668658663
6.7,5.65890165898591,5.66162638906136,0.431898159224785
6.702,5.66290165898591,5.66562881432,0.436469813673868
6.704,5.66690165898591,5.66962916946013,0.433647760922579
6.706,5.67090165898592,5.67362758196249,0.423921923688969
6.708,5.67490165898592,5.67762408177139,0.407427145638268
6.71,5.67890165898592,5.68161880665799,0.384678321140107
6.712,5.68290165898592,5.68561185300628,0.356050240882807
6.714,5.68690165898592,5.68960356785943,0.322792206875854
6.716,5.69090165898592,5.69359410295959,0.285479697932012
6.718,5.69490165898592,5.69758378655506,0.245308507185191
6.72,5.69890165898592,5.70157295910895,0.203506229642994
6.722,5.70290165898592,5.70556190865924,0.161141719910915
6.724,5.70690165898592,5.70955095094136,0.119350250727547
6.726,5.71090165898592,5.71354037181608,0.0791729102245819
6.728,5.71490165898591,5.717530444247,0.0415890889606803
6.73,5.71890165898592,5.72152149826681,0.00778643901608686
6.732,5.72290165898592,5.72551373498849,-0.0215466667030646
6.734,5.72690165898591,5.72950746818052,-0.0453003963646089
6.736,5.73090165898591,5.73350284551937,-0.0629856192893534
6.738,5.73490165898592,5.73750001860077,-0.0740904180955951
6.74,5.73890165898591,5.74149910819378,-0.0782090103178995
6.742,5.74290165898592,5.74550010216633,-0.0754119366449709
6.744,5.74690165898591,5.74950298786442,-0.0657633803507434
6.746,5.75090165898592,5.75350769265222,-0.0495407385796171
6.748,5.75490165898591,5.7575141429767,-0.0270234714050167
6.75,5.75890165898591,5.76152207799068,0.000833782061260416
6.752,5.76290165898591,5.76553140493323,0.033681657797839
6.754,5.76690165898592,5.76954180204775,0.0703475959222503
6.756,5.77090165898592,5.77355299811532,0.109842329247628
6.758,5.77490165898592,5.77756469897071,0.151092238788984
6.76,5.77890165898592,5.78157657935742,0.192909383548449
6.762,5.78290165898592,5.78558832437697,0.234152661661066
6.764,5.78690165898592,5.78959963343669,0.273729218292094
6.766,5.79090165898592,5.79361021346135,0.310582036954576
6.768,5.79490165898591,5.79761975312679,0.343594131027824
6.77,5.79890165898592,5.80162793925736,0.371651194486563
6.772,5.80290165898592,5.80563468309488,0.394459984746519
6.774,5.80690165898591,5.80963967185277,0.410914488474382
6.776,5.81090165898591,5.81364286694127,0.420901554596744
6.778,5.81490165898592,5.81764426287509,0.424420408637652
6.78,5.81890165898592,5.82164373536725,0.42104167338212
6.782,5.82290165898591,5.82564139663879,0.411182322208236
6.784,5.82690165898591,5.82963734517217,0.395208462156685
6.786,5.83090165898592,5.83363163148546,0.373317114030337
6.788,5.83490165898592,5.83762449724003,0.346387664442299
6.79,5.83890165898591,5.84161603817445,0.314783163547447
6.792,5.84290165898591,5.84560658716953,0.279705794079532
6.794,5.84690165898592,5.84959637211821,0.241991111861706
6.796,5.85090165898592,5.85358574332526,0.202898428796367
6.798,5.85490165898592,5.85757501266499,0.163559218292171
6.8,5.85890165898592,5.86156451475413,0.125174481001913
6.802,5.86290165898592,5.86555457683096,0.0889157398876231
6.804,5.86690165898592,5.86954556364426,0.0560841660054041
6.806,5.87090165898591,5.87353772557533,0.0275543785194171
6.808,5.87490165898592,5.87753126682361,0.00403906071313273
6.81,5.87890165898592,5.88152655281687,-0.0131692670397744
6.812,5.88290165898592,5.88552357955165,-0.024110767982848
6.814,5.88690165898591,5.88952251793321,-0.0281901519657904
6.816,5.89090165898591,5.89352339381429,-0.0253317470879172
6.818,5.89490165898592,5.89752610645486,-0.0159094182070321
6.82,5.89890165898592,5.90153061451453,-8.34076312463929e-05
6.822,5.90290165898591,5.90553685319052,0.0218989798138831
6.824,5.90690165898591,5.90954452896986,0.0489744244191476
6.826,5.91090165898592,5.91355357158844,0.080871207106628
6.828,5.91490165898592,5.91756374100509,0.116709579899323
6.83,5.91890165898591,5.92157465207546,0.155107344917444
6.832,5.92290165898592,5.9255860881513,0.195265775576716
6.834,5.92690165898592,5.92959771107857,0.235956475710161
6.836,5.93090165898592,5.93360919221858,0.275994904401433
6.838,5.93490165898592,5.93762022240226,0.314263179418218
6.84,5.93890165898592,5.94163048382322,0.349621518601916
6.842,5.94290165898592,5.94563969312607,0.381066703106774
6.844,5.94690165898592,5.9496475207661,0.407430123386595
6.846,5.95090165898591,5.95365370992508,0.427816909172347
6.848,5.95490165898592,5.95765809851333,0.44167756544136
6.85,5.95890165898592,5.96166059154308,0.448699183592949
6.852,5.96290165898592,5.9656610977144,0.448576458452251
6.854,5.96690165898591,5.96965964752457,0.441434678759875
6.856,5.97090165898591,5.97365624886646,0.427311637799386
6.858,5.97490165898592,5.9776510811715,0.406855249105712
6.86,5.97890165898592,5.98164423428206,0.380393098644846
6.862,5.98290165898591,5.98563601002342,0.349011529530293
6.864,5.98690165898591,5.98962660450325,0.313421570052138
6.866,5.99090165898592,5.99361629436238,0.274627506276868
6.868,5.99490165898592,5.99760542666304,0.233882528377628
6.87,5.99890165898592,6.00159425586581,0.192121484669715
6.872,6.00290165898592,6.00558311184616,0.15054271375332
6.874,6.00690165898592,6.0095722816918,0.110191366571649
6.876,6.01090165898592,6.01356203439364,0.0720385000102166
6.878,6.01490165898592,6.01755270717204,0.0372999627951299
6.88,6.01890165898592,6.02154453447,0.00680243959345411
6.882,6.02290165898592,6.02553780057697,-0.0184458780758395
6.884,6.02690165898592,6.02953275075178,-0.037583670393387
6.886,6.03090165898591,6.03352942118559,-0.0505010365774478
6.888,6.03490165898591,6.03752799841439,-0.056539113525343
6.89,6.03890165898592,6.04152858818989,-0.0553253669769719
6.892,6.04290115898592,6.04553103866969,-0.0474082944338042
6.894,6.04690065898592,6.04953533102747,-0.0328525769400282
6.896,6.05090015898591,6.05354133535796,-0.0121209681182854
6.898,6.05489965898592,6.05754892080894,0.0143198778985499
6.9,6.05889915898592,6.06155787100893,0.0456951525350303
6.902,6.06289765898592,6.06556792064578,0.0810521514817511
6.904,6.06689615898591,6.0695787734985,0.119325369493771
6.906,6.07089465898592,6.07359012963738,0.1594334302773
6.908,6.07489315898592,6.07760166888757,0.200217701111091
6.91,6.07889165898592,6.08161307625165,0.240534028035388
6.912,6.08288865898592,6.08562405768141,0.279314927244952
6.914,6.08688565898591,6.08963430274807,0.315436190681553
6.916,6.09088265898592,6.09364352984188,0.347883554604703
6.918,6.09487965898592,6.09765143087544,0.375555923300092
6.92,6.09887665898592,6.10165788123436,0.398018680210863
6.922,6.10287165898592,6.10566254898575,0.414099499770228
6.924,6.10686665898592,6.10966525055694,0.423163634085564
6.926,6.11086165898592,6.11366599092159,0.425248558617862
6.928,6.11485665898592,6.11766470547374,0.420140876301366
6.93,6.11885165898592,6.12166132406913,0.407608214251948
6.932,6.12284415898592,6.12565585952356,0.387713299071685
6.934,6.12683665898592,6.12964845817393,0.360992612288574
6.936,6.13082915898592,6.13363926710795,0.327986625367363
6.938,6.13482165898592,6.1376284000904,0.289127575997205
6.94,6.13881415898592,6.14161606727265,0.245194611970978
6.942,6.14280365898592,6.14560259325907,0.197366200490048
6.944,6.14679315898591,6.14958817740871,0.146405543458537
6.946,6.15078265898591,6.15357313546326,0.0934897399327064
6.948,6.15477215898592,6.15755779101351,0.0398060093042701
6.95,6.15876165898592,6.16154242264037,-0.0135937549657628
6.952,6.16274765898592,6.16552733473258,-0.0655589739175335
6.954,6.16673365898592,6.1695127891558,-0.115124340501289
6.956,6.17071965898592,6.17349899996723,-0.161482218800006
6.958,6.17470565898592,6.17748620668389,-0.203694089207562
6.96,6.17869165898592,6.18147452276662,-0.241309652647686
6.962,6.18267365898592,6.18546398705942,-0.274146742111161
6.964,6.18665565898592,6.18945464142559,-0.301974195353656
6.966,6.19063765898592,6.19344644557413,-0.324864419038927
6.968,6.19461965898592,6.19743932340993,-0.34300317784211
6.97,6.19860165898592,6.20143314765709,-0.356767817536499
6.972,6.20257915898592,6.2054277676936,-0.366614532055836
6.974,6.20655665898592,6.20942300158313,-0.373107652467597
6.976,6.21053415898592,6.21341863916617,-0.376881507916381
6.978,6.21451165898591,6.21741440549467,-0.378868988150421
6.98,6.21848915898592,6.22141003955401,-0.379970368232594
6.982,6.22246165898592,6.22540521411438,-0.381183997062125
6.984,6.22643415898592,6.22939960345678,-0.383629616016968
6.986,6.23040665898592,6.23339287507799,-0.388408076495996
6.988,6.23437915898592,6.23738469566532,-0.396619407871064
6.99,6.23835165898592,6.24137468340166,-0.409483778342249
6.992,6.24231865898592,6.24536266753636,-0.427624920872233
6.994,6.24628565898592,6.24934831770934,-0.452038011243943
6.996,6.25025265898592,6.25333138919781,-0.483452635985435
6.998,6.25421965898592,6.25731182020636,-0.522043013528075
7,6.25818665898591,6.26128950928593,-0.56803785231924
7.002,6.26214765898592,6.26526447252377,-0.62128977859959
7.004,6.26610865898592,6.26923672001465,-0.681609680517473
7.006,6.27006965898592,6.27320654050969,-0.748055837412593
7.008,6.27403065898592,6.27717381366513,-0.820664017755778
7.01,6.27799165898592,6.28113896961197,-0.898090377910357
7.012,6.28194615898592,6.28510213464151,-0.979729086946306
7.014,6.28590065898592,6.28906337592139,-1.06493759195217
7.016,6.28985515898592,6.2930231574393,-1.15231613101616
7.018,6.29380965898592,6.29698163758112,-1.24099888863681
7.02,6.29776415898592,6.30093908244967,-1.32986227309542
7.022,6.30171165898592,6.30489578506463,-1.41783525510293
7.024,6.30565915898592,6.30885200083612,-1.50394474855059
7.026,6.30960665898591,6.31280797407456,-1.58697211862024
7.028,6.31355415898592,6.31676397124777,-1.66596764382749
7.03,6.31750165898591,6.32072021654195,-1.74006460909288
7.032,6.32144165898591,6.32467691487952,-1.80831430824016
7.034,6.32538165898591,6.32863421702081,-1.87013594161546
7.036,6.32932165898591,6.33259220776092,-1.92517769364849
7.038,6.33326165898591,6.33655092974453,-1.97313012909989
7.04,6.33720165898592,6.3405103556184,-2.01393348929759
7.042,6.34113365898591,6.34447038108879,-2.04792384998902
7.044,6.34506565898592,6.34843086283434,-2.07558217294596
7.046,6.34899765898592,6.35239162971012,-2.09708768909202
7.048,6.35292965898592,6.35635244664302,-2.11353809381473
7.05,6.35686165898592,6.3603130393882,-2.12543220477001
7.052,6.36078515898592,6.36427312696132,-2.13395600769795
7.054,6.36470865898592,6.3682323808804,-2.14006623971716
7.056,6.36863215898592,6.37219047115247,-2.14484120345922
7.058,6.37255565898591,6.37614706105941,-2.14936546008852
7.06,6.37647915898592,6.38010185470695,-2.15468222082671
7.062,6.38039365898592,6.38405458521683,-2.16175514356351
7.064,6.38430815898591,6.38800479278717,-2.17175952862642
7.066,6.38822265898591,6.3919523232665,-2.1854850990327
7.068,6.39213715898592,6.39589696302828,-2.20364864622476
7.07,6.39605165898592,6.39983827020777,-2.22730662533574
7.072,6.39995665898592,6.40377630067636,-2.25659835735828
7.074,6.40386165898592,6.40771093059917,-2.29184856189025
7.076,6.40776665898592,6.41164192910685,-2.33348402144845
7.078,6.41167165898592,6.41556945147981,-2.3811502048697
7.08,6.41557665898592,6.41949342451564,-2.43479112200213
7.082,6.41947165898592,6.42341402694717,-2.49383276775638
7.084,6.42336665898592,6.42733142334,-2.5576349133626
7.086,6.42726165898592,6.43124570071091,-2.62556088835531
7.088,6.43115665898592,6.43515726384391,-2.69644935710675
7.09,6.43505165898592,6.43906626077924,-2.76935014295018
7.092,6.43893665898592,6.44297306131544,-2.84301554550244
7.094,6.44282165898592,6.44687791762284,-2.91620306182974
7.096,6.44670665898592,6.45078122050801,-2.9877840254534
7.098,6.45059165898591,6.45468321411521,-3.0566471915523
7.1,6.45447665898592,6.45858415644861,-3.12172655846683
7.102,6.45835165898592,6.46248427094156,-3.18187406943639
7.104,6.46222665898592,6.46638381001926,-3.23632411834398
7.106,6.46610165898591,6.47028295180541,-3.28429624618517
7.108,6.46997665898592,6.47418183054156,-3.32522468282952
7.11,6.47385165898592,6.47808052699514,-3.35865136914317
7.112,6.47771665898592,6.48197906712958,-3.38433832897228
7.114,6.48158165898591,6.48587742929986,-3.40251436321753
7.116,6.48544665898592,6.48977554526091,-3.41329149628719
7.118,6.48931165898592,6.49367331186218,-3.41694768958199
7.12,6.49317665898592,6.49757057041751,-3.413620519402
7.122,6.49703165898592,6.50146715960132,-3.40409129204651
7.124,6.50088665898592,6.50536285989899,-3.38901227685537
7.126,6.50474165898592,6.50925741980842,-3.36925103257711
7.128,6.50859665898592,6.51315058166884,-3.34574650753828
7.13,6.51245165898592,6.51704201851898,-3.31951471439492
7.132,6.51629665898592,6.52093140968085,-3.29168510570056
7.134,6.52014165898592,6.5248184395471,-3.26338191934856
7.136,6.52398665898592,6.52870284913505,-3.23569497201336
7.138,6.52783165898592,6.53258416581524,-3.20982961592157
7.14,6.53167665898592,6.53646212466079,-3.18684701113161
7.142,6.53551165898592,6.54033669448744,-3.16737811644231
7.144,6.53934665898591,6.54420734850194,-3.15249049079484
7.146,6.54318165898591,6.5480742475818,-3.1423122027534
7.148,6.54701665898592,6.55193721975615,-3.13722554802921
7.15,6.55085165898592,6.55579630791883,-3.13721515140609
7.152,6.55467665898592,6.55965142493414,-3.14230341942679
7.154,6.55850165898591,6.56350300526815,-3.15176038772516
7.156,6.56232665898592,6.56735086977859,-3.16553247409204
7.158,6.56615165898592,6.57119519888321,-3.18300841691289
7.16,6.56997665898592,6.57503647858437,-3.2032563641345
7.162,6.57379165898592,6.57887460375733,-3.22572659130985
7.164,6.57760665898592,6.58271013070754,-3.24927337711458
7.166,6.58142165898592,6.58654321369978,-3.27294350713581
7.168,6.58523665898592,6.59037417185785,-3.29555185519829
7.17,6.58905165898592,6.59420340697024,-3.31601395549759
7.172,6.59285565898592,6.59803122598014,-3.33323661564773
7.174,6.59665965898592,6.60185793628308,-3.34605324600139
7.176,6.60046365898592,6.60568383550888,-3.35344030646519
7.178,6.60426765898592,6.6095091767008,-3.35436634565858
7.18,6.60807165898592,6.61333419409826,-3.34835327667312
7.182,6.61186365898592,6.61715903083266,-3.33508186313615
7.184,6.61565565898592,6.62098375998592,-3.31418788628289
7.186,6.61944765898591,6.6248083861656,-3.28549447851949
7.188,6.62323965898591,6.62863285773913,-3.24974924902714
7.19,6.62703165898592,6.63245705134669,-3.20699839619456
7.192,6.63081065898592,6.63628082491806,-3.15822052206397
7.194,6.63458965898591,6.64010398299121,-3.104031484834
7.196,6.63836865898591,6.64392625072527,-3.04518269708427
7.198,6.64214765898592,6.64774735177601,-2.98293581657338
7.2,6.64592665898592,6.65156701247857,-2.91854289336163
7.202,6.64969165898592,6.65538482053086,-2.85328019482732
7.204,6.65345665898591,6.65920057494667,-2.78846278604209
7.206,6.65722165898592,6.66301378044921,-2.72545654279669
7.208,6.66098665898592,6.66682415020085,-2.66556783280153
7.21,6.66475165898592,6.67063142392053,-2.60993259572831
7.212,6.66850165898592,6.67443519048147,-2.55986965584385
7.214,6.67225165898592,6.67823530951146,-2.51622657661435
7.216,6.67600165898592,6.68203125577931,-2.48051119202232
7.218,6.67975165898592,6.68582276427684,-2.453746829476
7.22,6.68350165898592,6.68960978130862,-2.43640511416676
7.222,6.68723565898592,6.69339205564368,-2.42927897410481
7.224,6.69096965898592,6.69716897927484,-2.43388474021819
7.226,6.69470365898592,6.70094102761157,-2.44925349386504
7.228,6.69843765898591,6.70470799692401,-2.47580544270922
7.23,6.70217165898592,6.70847004879085,-2.51307051698576
7.232,6.70588865898592,6.71222691182754,-2.56139961189487
7.234,6.70960565898591,6.71597924819794,-2.61907993192493
7.236,6.71332265898591,6.71972695761155,-2.68588529920616
7.238,6.71703965898592,6.72347047189097,-2.76043183558872
7.24,6.72075665898592,6.72721013904668,-2.84145008882621
7.242,6.72445565898592,6.73094620574576,-2.92780593509684
7.244,6.72815465898591,6.73467904522521,-3.01813559291596
7.246,6.73185365898592,6.73840898680809,-3.1111998619699
7.248,6.73555265898592,6.74213629686244,-3.20587412207855
7.25,6.73925165898592,6.74586127310829,-3.3011010686932
7.252,6.74293165898592,6.74958403655386,-3.39589011592632
7.254,6.74661165898592,6.75330484193259,-3.48935349352873
7.256,6.75029165898592,6.75702379665886,-3.58072748944635
7.258,6.75397165898592,6.76074105632063,-3.66959783779735
7.26,6.75765165898592,6.76445659997113,-3.75557969856348
7.262,6.76131165898592,6.76817035865859,-3.83849240277256
7.264,6.76497165898592,6.77188230800584,-3.91849944506672
7.266,6.76863165898592,6.77559230117795,-3.99576382420466
7.268,6.77229165898592,6.77930016852976,-4.07059245034452
7.27,6.77595165898592,6.78300566619065,-4.14336751018658
7.272,6.77959065898592,6.78670853586126,-4.21460384396021
7.274,6.78322965898592,6.79040858738499,-4.28496000177644
7.276,6.78686865898592,6.79410544903658,-4.35508880360292
7.278,6.79050765898592,6.79779898656652,-4.42570567709981
7.28,6.79414665898592,6.80148860685288,-4.49767915066621
7.282,6.79776365898592,6.8051742707373,-4.57170146061359
7.284,6.80138065898591,6.80885567940977,-4.64851336816361
7.286,6.80499765898592,6.81253219341545,-4.72915995721775
7.288,6.80861465898592,6.81620372286491,-4.81423267848069
7.29,6.81223165898592,6.81987035317753,-4.90397703298355
7.292,6.81582565898592,6.82353115338004,-4.99956314401328
7.294,6.81941965898592,6.82718659567471,-5.10064835717498
7.296,6.82301365898592,6.83083644855906,-5.20748301272588
7.298,6.82660765898592,6.83448065891083,-5.32004186730007
7.3,6.83020165898592,6.83811895896877,-5.43840471947128
7.302,6.83377165898592,6.84175178260116,-5.56187586943406
7.304,6.83734165898592,6.84537912656467,-5.69014203068824
7.306,6.84091165898592,6.84900062834457,-5.82305611295077
7.308,6.84448165898591,6.85261703031117,-5.95952654640123
7.31,6.84805165898592,6.85622795707386,-6.09917846479613
7.312,6.85159715898592,6.85983376339718,-6.24094823494547
7.314,6.85514265898592,6.86343468098693,-6.38376717737109
7.316,6.85868815898592,6.86703111636578,-6.52650345354533
7.318,6.86223365898592,6.87062315053487,-6.66791705327519
7.32,6.86577915898592,6.87421115766451,-6.8067949423639
7.322,6.86929965898592,6.87779533392906,-6.94180986334237
7.324,6.87282015898592,6.88137594687742,-7.07160200869626
7.326,6.87634065898592,6.88495342976011,-7.19539839789088
7.328,6.87986115898592,6.88852789925878,-7.31215919346581
7.33,6.88338165898592,6.89209934647438,-7.42063090917702
7.332,6.88687665898592,6.89566807516018,-7.52088150258322
7.334,6.89037165898592,6.89923400078976,-7.61236805212041
7.336,6.89386665898592,6.90279713328367,-7.69528541029221
7.338,6.89736165898592,6.90635723207258,-7.76957444090106
7.34,6.90085665898592,6.90991427460337,-7.83609534835383
7.342,6.90432565898592,6.91346789941827,-7.89515333513237
7.344,6.90779465898592,6.91701794039817,-7.94768064154156
7.346,6.91126365898592,6.92056393336457,-7.99431516574796
7.348,6.91473265898592,6.92410580845787,-8.03637551783552
7.35,6.91820165898592,6.92764310896801,-8.07476092570387
7.352,6.92164415898592,6.93117538193515,-8.1105269029774
7.354,6.92508665898592,6.93470253336513,-8.14487796320524
7.356,6.92852915898592,6.93822406483104,-8.1788234949954
7.358,6.93197165898592,6.94173981322908,-8.2134057645025
7.36,6.93541415898592,6.94524933845946,-8.24958089563123
7.362,6.93882965898592,6.94875251582965,-8.28814148354387
7.364,6.94224515898592,6.9522488854277,-8.32990492635405
7.366,6.94566065898592,6.95573863617446,-8.37521737620078
7.368,6.94907615898592,6.95922166108845,-8.42440189703877
7.37,6.95249165898592,6.96269795455706,-8.47756440166147
7.372,6.95588065898592,6.96616735975603,-8.53471823742208
7.374,6.95926965898592,6.96963017761901,-8.59543137814173
7.376,6.96265865898592,6.97308655419411,-8.65923209714429
7.378,6.96604765898592,6.9765363741523,-8.72562036956629
7.38,6.96943665898592,6.9799801663457,-8.79372709951941
7.382,6.97279965898592,6.98341792731648,-8.86277593206351
7.384,6.97616265898592,6.98685005022456,-8.93180422536862
7.386,6.97952565898592,6.99027662410526,-8.99980281691305
7.388,6.98288865898591,6.99369794349607,-9.06572255745829
7.39,6.98625165898592,6.99711441758391,-9.1286820280592
7.392,6.98958915898592,7.00052613442663,-9.18769189729531
7.394,6.99292665898592,7.00393320977537,-9.24171917627917
7.396,6.99626415898591,7.00733606894126,-9.29015573017778
7.398,6.99960165898592,7.01073468744387,-9.33181443852317
7.4,7.00293915898592,7.01412941641239,-9.36613304865752
7.402,7.00625165898592,7.01752027063108,-9.39201279712735
7.404,7.00956415898592,7.02090766186765,-9.40945259438038
7.406,7.01287665898592,7.02429142745041,-9.41729299499027
7.408,7.01618915898592,7.02767173867282,-9.41549012034043
7.41,7.01950165898591,7.03104869724205,-9.40422122522186
7.412,7.02278965898592,7.03442221971368,-9.3835025846575
7.414,7.02607765898592,7.0377921925103,-9.35361981730463
7.416,7.02936565898592,7.04115836979613,-9.31487900670454
7.418,7.03265365898592,7.04452053189222,-9.26798083777276
7.42,7.03594165898592,7.04787844177234,-9.2138512629364
7.422,7.03920565898592,7.05123222949917,-9.15389156385479
7.424,7.04246965898592,7.05458106102659,-9.08834627609722
7.426,7.04573365898592,7.05792462639232,-9.01842290189309
7.428,7.04899765898592,7.06126295768869,-8.94547023482012
7.43,7.05226165898592,7.06459559016432,-8.8704136621319
7.432,7.05550215898592,7.06792222113679,-8.79431447586112
7.434,7.05874265898592,7.07124262615465,-8.71817995114771
7.436,7.06198315898591,7.07455627971516,-8.64303746723735
7.438,7.06522365898591,7.07786334649135,-8.56963089722582
7.44,7.06846415898591,7.08116345886455,-8.49867763551941
7.442,7.07168165898591,7.0844563737446,-8.43073193426925
7.444,7.07489915898591,7.08774230622227,-8.36595447798678
7.446,7.07811665898591,7.09102133137293,-8.30439585587703
7.448,7.08133415898592,7.09429308071272,-8.24616104458444
7.45,7.08455165898591,7.09755820434698,-8.1907602114705
7.452,7.08774615898592,7.10081662957452,-8.13792721338091
7.454,7.09094065898591,7.10406867544911,-8.08715652167525
7.456,7.09413515898592,7.10731410197881,-8.03795186647202
7.458,7.09732965898591,7.11055364775679,-7.98947121562433
7.46,7.10052415898591,7.11378721009111,-7.94089942219341
7.462,7.10369565898591,7.11701523548862,-7.89128165714968
7.464,7.10686715898592,7.12023812403805,-7.83966718719643
7.466,7.11003865898592,7.1234561006497,-7.78507440879399
7.468,7.11321015898592,7.12666943534046,-7.72652280562214
7.47,7.11638165898592,7.12987846001975,-7.66315113525053
7.472,7.11953015898592,7.13308347436997,-7.59430804319178
7.474,7.12267865898592,7.13628452074319,-7.51915845404871
7.476,7.12582715898592,7.13948198018529,-7.43767545175225
7.478,7.12897565898591,7.14267579073003,-7.34935807583701
7.48,7.13212415898592,7.14586622300314,-7.25458615094539
7.482,7.13524865898592,7.14905315125433,-7.15324503061069
7.484,7.13837315898591,7.15223678474071,-7.04606342559457
7.486,7.14149765898591,7.15541684441622,-6.93310211446757
7.488,7.14462215898592,7.15859323144126,-6.81499669484735
7.49,7.14774665898591,7.16176592443923,-6.69265077611729
7.492,7.15084615898592,7.16493480104615,-6.56695937046104
7.494,7.15394565898591,7.16809955024191,-6.43894026271315
7.496,7.15704515898592,7.17126003277183,-6.3097787643088
7.498,7.16014465898592,7.17441579597152,-6.18081700385893
7.5,7.16324415898592,7.17756687738895,-6.05338567089329
7.502,7.16631765898592,7.18071266249633,-5.92898539968253
7.504,7.16939115898592,7.1838529701115,-5.8089766395859
7.506,7.17246465898592,7.18698770689022,-5.69447852988191
7.508,7.17553815898592,7.19011638804114,-5.58693618271518
7.51,7.17861165898592,7.19323879639685,-5.48749193714295
7.512,7.18165815898592,7.19635447818958,-5.39758139121546
7.514,7.18470465898592,7.19946336947091,-5.31802876220938
7.516,7.18775115898591,7.20256539049925,-5.24950663225073
7.518,7.19079765898591,7.20565992666245,-5.19351615047383
7.52,7.19384415898592,7.2087471529724,-5.15010682356778
7.522,7.19686265898592,7.21182678731555,-5.11995780722907
7.524,7.19988115898592,7.21489930141842,-5.10229711403943
7.526,7.20289965898592,7.21796420533169,-5.0979228215581
7.528,7.20591815898592,7.22102160080201,-5.10646789287669
7.53,7.20893665898592,7.22407205914131,-5.12666897431958
7.532,7.21192615898592,7.22711543484767,-5.15837160091916
7.534,7.21491565898592,7.23015235071663,-5.20009660801821
7.536,7.21790515898592,7.23318274355929,-5.25135352835447
7.538,7.22089465898592,7.23620718081485,-5.31070985194026
7.54,7.22388415898592,7.23922571805785,-5.37739567749404
7.542,7.22684365898592,7.24223882294129,-5.45016035366105
7.544,7.22980315898592,7.24524655538014,-5.52819314863796
7.546,7.23276265898592,7.24824926168781,-5.61045489188841
7.548,7.23572215898592,7.25124723081308,-5.69608301869359
7.55,7.23868165898592,7.25424038436502,-5.78453695983899
7.552,7.24161015898592,7.25722896590495,-5.87514401832931
7.554,7.24453865898592,7.26021298004404,-5.96748153020917
7.556,7.24746715898592,7.26319266035512,-6.06116739066335
7.558,7.25039565898592,7.26616778710808,-6.15608500709097
7.56,7.25332415898592,7.26913844698899,-6.25215566604809
7.562,7.25622065898592,7.27210451138434,-6.34947306195716
7.564,7.25911715898592,7.27506590347335,-6.44820004355863
7.566,7.26201365898592,7.27802225452549,-6.54867104310507
7.568,7.26491015898592,7.28097338072026,-6.65121905856974
7.57,7.26780665898592,7.2839193242534,-6.75607311704387
7.572,7.27067015898592,7.28685946699732,-6.86380042163799
7.574,7.27353365898592,7.28979378768152,-6.97472140611531
7.576,7.27639715898592,7.29272201708573,-7.08929937118064
7.578,7.27926065898592,7.29564359793844,-7.20825255660894
7.58,7.28212415898592,7.29855871906804,-7.33177925779458
7.582,7.28495365898592,7.30146701719119,-7.46040328992725
7.584,7.28778315898592,7.30436793823711,-7.59477839695687
7.586,7.29061265898592,7.30726168201866,-7.73490298852447
7.588,7.29344215898592,7.31014804595479,-7.88102169992449
7.59,7.29627165898592,7.31302702825028,-8.03315268933483
7.592,7.29906715898592,7.3158986097125,-8.19124341904524
7.594,7.30186265898592,7.31876281583685,-8.3551021160345
7.596,7.30465815898592,7.32161979890733,-8.52432872257971
7.598,7.30745365898592,7.32446928247305,-8.69867525198457
7.6,7.31024915898592,7.32731182362176,-8.877207156762
7.602,7.31301065898592,7.3301472746231,-9.05935697946933
7.604,7.31577215898592,7.33297603660118,-9.24412481545535
7.606,7.31853365898592,7.33579813209807,-9.43055090513328
7.608,7.32129515898592,7.33861378310436,-9.61749964404799
7.61,7.32405665898592,7.34142325839744,-9.80374051129949
7.612,7.32678415898592,7.34422677998944,-9.98797005480329
7.614,7.32951165898592,7.34702467329195,-10.1690045107244
7.616,7.33223915898592,7.3498171493418,-10.3456532952428
7.618,7.33496665898592,7.35260439943804,-10.5167746722417
7.62,7.33769415898592,7.35538628895468,-10.6808580832074
7.622,7.34038765898592,7.35816343450326,-10.8376272124953
7.624,7.34308115898592,7.36093578647521,-10.9862336526163
7.626,7.34577465898592,7.36370313484881,-11.1257073083644
7.628,7.34846815898592,7.36646547679159,-11.2557748290133
7.63,7.35116165898592,7.36922308645639,-11.3770583771092
7.632,7.35382115898592,7.37197567179376,-11.4893890093507
7.634,7.35648065898592,7.37472291411235,-11.5928720737577
7.636,7.35914015898592,7.37746476103039,-11.6882879857066
7.638,7.36179965898592,7.38020080810035,-11.7760145995561
7.64,7.36445915898592,7.38293080931802,-11.8567886266459
7.642,7.36708465898592,7.38565480883635,-11.9315642700481
7.644,7.36971015898592,7.38837207541347,-12.0004934643298
7.646,7.37233565898592,7.39108233635618,-12.0642202430147
7.648,7.37496115898592,7.3937853513801,-12.12332172161
7.65,7.37758665898592,7.3964810601477,-12.1784369523251
7.652,7.38017915898592,7.39916855238985,-12.2298355092302
7.654,7.38277165898591,7.40184829707029,-12.27834065514
7.656,7.38536415898592,7.4045192165492,-12.3241226488726
7.658,7.38795665898592,7.40718188045011,-12.3677602121504
7.66,7.39054915898592,7.40983595201016,-12.409426629765
7.662,7.39310965898592,7.41248140757305,-12.4492745252803
7.664,7.39567015898592,7.41511827205176,-12.4873487627838
7.666,7.39823065898592,7.41774660949241,-12.5235845620008
7.668,7.40079115898592,7.4203665133599,-12.5578087862865
7.67,7.40335165898592,7.42297825443398,-12.5897976491778
7.672,7.40588115898592,7.42558166030586,-12.6190986209895
7.674,7.40841065898592,7.42817681561627,-12.6452127573632
7.676,7.41094015898592,7.43076411389269,-12.6676939715625
7.678,7.41346965898592,7.43334364520537,-12.6859266215111
7.68,7.41599915898592,7.43591593332329,-12.6994622071104
7.682,7.41849865898592,7.43848048159554,-12.7069645776201
7.684,7.42099815898592,7.44103793319145,-12.7076570346461
7.686,7.42349765898591,7.44358885101779,-12.700827164264
7.688,7.42599715898591,7.44613303811516,-12.6846647643606
7.69,7.42849665898591,7.44867135377594,-12.6588059575538
7.692,7.43096715898591,7.45120366007352,-12.6212706660502
7.694,7.43343765898591,7.45373061660787,-12.5715685772992
7.696,7.43590815898591,7.45625241490082,-12.5083545015007
7.698,7.43837865898591,7.45876939669619,-12.4308265855139
7.7,7.44084915898591,7.46128173986311,-12.3381561832927
7.702,7.44329165898592,7.46378957719576,-12.2299478298242
7.704,7.44573415898591,7.46629305738206,-12.1065830543798
7.706,7.44817665898591,7.46879208590152,-11.9682938279267
7.708,7.45061915898591,7.47128645226058,-11.81553926801
7.71,7.45306165898591,7.47377628230414,-11.6501799701014
7.712,7.45547715898591,7.47626102455128,-11.472574966827
7.714,7.45789265898591,7.478740779941,-11.2848956570526
7.716,7.46030815898592,7.48121503248708,-11.0881863736992
7.718,7.46272365898591,7.48368392799687,-10.8846170535483
7.72,7.46513915898591,7.48614686196714,-10.6754288838917
7.722,7.46752865898592,7.48860372166546,-10.4626030894773
7.724,7.46991815898591,7.49105429664533,-10.2478323874313
7.726,7.47230765898591,7.49349841304339,-10.0327317994931
7.728,7.47469715898591,7.49593564454985,-9.81887351169403
7.73,7.47708665898591,7.49836594858064,-9.607643378999
7.732,7.47945115898591,7.50078868608447,-9.40055594839396
7.734,7.48181565898591,7.50320415417072,-9.19850840648003
7.736,7.48418015898591,7.505612147339,-9.00243204756064
7.738,7.48654465898591,7.508012079218,-8.81352846213191
7.74,7.48890915898591,7.51040382692412,-8.63249188952898
7.742,7.49124965898591,7.51278785237267,-8.45921126845573
7.744,7.49359015898591,7.51516366968311,-8.29439120808017
7.746,7.49593065898591,7.51753111893378,-8.1382952732725
7.748,7.49827115898591,7.51989059735052,-7.99045451824799
7.75,7.50061165898591,7.52224242506317,-7.85037409866649
7.752,7.50292915898591,7.5245861854278,-7.7181371475797
7.754,7.50524665898591,7.52692277751441,-7.59243739661569
7.756,7.50756415898591,7.52925209061947,-7.47279939205225
7.758,7.50988165898591,7.53157492440033,-7.35789706765356
7.76,7.51219915898591,7.53389143603417,-7.24683383761191
7.762,7.51449265898592,7.53620210368016,-7.13844430111063
7.764,7.51678615898591,7.53850734366642,-7.03160074964061
7.766,7.51907965898591,7.54080754562775,-6.92518217402172
7.768,7.52137315898591,7.5431030562892,-6.8180831861171
7.77,7.52366665898591,7.54539447252434,-6.70950563826782
7.772,7.52593515898591,7.54768174029628,-6.59857281035833
7.774,7.52820365898591,7.54996521439253,-6.48484038568716
7.776,7.53047215898591,7.55224501709876,-6.36804076526923
7.778,7.53274065898592,7.55452122427583,-6.24812703995983
7.78,7.53500915898591,7.55679385185115,-6.12522676141559
7.782,7.53725165898591,7.55906284606227,-5.99964482034358
7.784,7.53949415898591,7.56132811330269,-5.87188750316094
7.786,7.54173665898591,7.56358954085959,-5.7426691391818
7.788,7.54397915898591,7.56584676427908,-5.6129571047349
7.79,7.54622165898591,7.56809991169498,-5.4837982415265
7.792,7.54843715898591,7.57034850853124,-5.35642635099203
7.794,7.55065265898591,7.57259223883137,-5.23219806308546
7.796,7.55286815898591,7.5748308122204,-5.11261934131789
7.798,7.55508365898591,7.57706401054843,-4.99896479103715
7.8,7.55729915898591,7.57929143476253,-4.8927702673454
7.802,7.55948715898592,7.58151266975897,-4.79559491881577
7.804,7.56167515898592,7.5837275869022,-4.70848952561529
7.806,7.56386315898591,7.58593598871347,-4.63246394198971
7.808,7.56605115898591,7.58813723847402,-4.56926981921617
7.81,7.56823915898591,7.5903312080938,-4.51969168217796
7.812,7.57039915898592,7.59251769015731,-4.48452426202612
7.814,7.57255915898591,7.59469670170441,-4.4639841717158
7.816,7.57471915898591,7.59686816288119,-4.4583540536155
7.818,7.57687915898592,7.59903181200688,-4.46816785545301
7.82,7.57903915898591,7.60118811731492,-4.49241402355405
7.822,7.58117065898591,7.6033368968582,-4.53127075646564
7.824,7.58330215898591,7.60547845661365,-4.58387563996291
7.826,7.58543365898591,7.6076129136721,-4.64966516295562
7.828,7.58756515898591,7.60974052349008,-4.7277282322362
7.83,7.58969665898591,7.61186150980052,-4.81712165288327
7.832,7.59179915898592,7.61397642430555,-4.91633556919676
7.834,7.59390165898592,7.61608528935732,-5.02466439437744
7.836,7.59600415898592,7.61818838465134,-5.14088611980343
7.838,7.59810665898592,7.6202862835256,-5.26342137554261
7.84,7.60020915898592,7.62237911290199,-5.39125140454619
7.842,7.60228215898592,7.62446733294663,-5.52298669581596
7.844,7.60435515898592,7.62655082585499,-5.65767227684447
7.846,7.60642815898592,7.62863032110897,-5.79393579987336
7.848,7.60850115898592,7.63070563988601,-5.93090653135109
7.85,7.61057415898592,7.63277712292864,-6.06767548582833
7.852,7.61261715898592,7.63484494282488,-6.20366131326866
7.854,7.61466015898592,7.63690888775963,-6.33837407382095
7.856,7.61670315898592,7.63896912399999,-6.47169954989772
7.858,7.61874615898592,7.64102547905599,-6.60363999253605
7.86,7.62078915898592,7.64307782945827,-6.73439053188896
7.862,7.62280165898592,7.64512575005247,-6.86423398183023
7.864,7.62481415898591,7.6471690516688,-6.99363349751467
7.866,7.62682665898592,7.64920768633948,-7.12307171536037
7.868,7.62883915898592,7.65124103261081,-7.25308956820395
7.87,7.63085165898591,7.65326881503406,-7.38431374794731
7.872,7.63283365898591,7.65529069643998,-7.51740006704357
7.874,7.63481565898591,7.65730623020326,-7.65311103450408
7.876,7.63679765898591,7.65931539493605,-7.79199132190512
7.878,7.63877965898591,7.66131744545938,-7.93487537937742
7.88,7.64076165898591,7.6633123591099,-8.08212963300324
7.882,7.64271315898591,7.66530019300914,-8.23390125508745
7.884,7.64466465898591,7.66728048300672,-8.39055068074357
7.886,7.64661615898591,7.66925344519469,-8.55185378586275
7.888,7.64856765898591,7.67121912047911,-8.71754917998964
7.89,7.65051915898591,7.6731775990912,-8.88719160270679
7.892,7.65244015898591,7.67512867893243,-9.06029021111122
7.894,7.65436115898591,7.67707293838251,-9.23583848855329
7.896,7.65628215898591,7.67901074759763,-9.41300711683048
7.898,7.65820315898592,7.6809415039376,-9.59091275822781
7.9,7.66012415898591,7.68286615293969,-9.76840805641949
7.902,7.66201465898592,7.68478472774778,-9.94443804997519
7.904,7.66390515898591,7.68669736468158,-10.1177912673838
7.906,7.66579565898592,7.68860419526426,-10.2870226156559
7.908,7.66768615898592,7.69050595111843,-10.451343597919
7.91,7.66957665898591,7.6924024371659,-10.6091626416928
7.912,7.67143665898592,7.69429406477062,-10.7596556568158
7.914,7.67329665898592,7.69618087866161,-10.9017098554484
7.916,7.67515665898592,7.6980631580607,-11.0347600295352
7.918,7.67701665898592,7.6999408619337,-11.1577329418938
7.92,7.67887665898592,7.70181414337811,-11.2700358928814
7.922,7.68070615898592,7.703682971224,-11.3707490530644
7.924,7.68253565898591,7.70554759785917,-11.459922270351
7.926,7.68436515898591,7.70740774762938,-11.5363301314243
7.928,7.68619465898591,7.70926342757636,-11.5997723843178
7.93,7.68802415898591,7.71111467145972,-11.6503921131018
7.932,7.68982415898591,7.71296143926308,-11.6883139525811
7.934,7.69162415898592,7.71480323865621,-11.7126591390851
7.936,7.69342415898591,7.71664028046677,-11.7247067814834
7.938,7.69522415898591,7.71847222871286,-11.7244972832882
7.94,7.69702415898591,7.72029891487732,-11.7127629069445
7.942,7.69879465898592,7.72211968077777,-11.6896215020228
7.944,7.70056515898591,7.72393491182788,-11.6573326306105
7.946,7.70233565898591,7.72574390182624,-11.6162429524383
7.948,7.70410615898591,7.72754623631335,-11.5675091349945
7.95,7.70587665898591,7.72934161191142,-11.5124098146848
7.952,7.70761765898591,7.73112975134265,-11.4522032262269
7.954,7.70935865898591,7.73291077448569,-11.3880951318471
7.956,7.71109965898591,7.73468383705754,-11.3207092764718
7.958,7.71284065898591,7.73644918794699,-11.2509987957967
7.96,7.71458165898591,7.73820627671313,-11.1794190883357
7.962,7.71629315898591,7.73995560430223,-11.1064362913054
7.964,7.71800465898592,7.74169707677355,-11.0321819369599
7.966,7.71971615898591,7.7434303353958,-10.9565624793308
7.968,7.72142765898591,7.74515604008017,-10.8794628540119
7.97,7.72313915898591,7.74687418495104,-10.8004717863464
7.972,7.72482115898591,7.74858498952521,-10.7189911594564
7.974,7.72650315898591,7.75028858953763,-10.634108314078
7.976,7.72818515898591,7.75198579840325,-10.5452025735742
7.978,7.72986715898591,7.75367669888341,-10.451173714353
7.98,7.73154915898591,7.75536148192474,-10.350926996237
7.982,7.73320165898591,7.75704091127646,-10.2442933949213
7.984,7.73485415898591,7.75871477266774,-10.130208102991
7.986,7.73650665898591,7.76038375573666,-10.0091305299101
7.988,7.73815915898591,7.7620478168894,-9.88078822800228
7.99,7.73981165898591,7.76370688944529,-9.74510763922788
7.992,7.74143465898591,7.76536132119841,-9.60286388273357
7.994,7.74305765898591,7.7670111214783,-9.45451483837633
7.996,7.74468065898591,7.76865612914707,-9.30049074745796
7.998,7.74630365898591,7.77029629229891,-9.1415551534685
8,7.74792665898591,7.77193181675487,-8.97871372523217
8.002,7.74952015898591,7.77356218142303,-8.81250793209521
8.004,7.75111365898591,7.77518748945329,-8.64404835877781
8.006,7.75270715898591,7.77680750277946,-8.47434906807248
8.008,7.75430065898591,7.77842208572783,-8.30454816825432
8.01,7.75589415898591,7.78003095698167,-8.13591043085402
8.012,7.75745815898591,7.78163402104166,-7.96956711895925
8.014,7.75902215898591,7.78323110790777,-7.80667362424245
8.016,7.76058615898591,7.78482188036504,-7.64845596363887
8.018,7.76215015898591,7.78640607035002,-7.49606735824078
8.02,7.76371415898591,7.78798383929466,-7.35015525981623
8.022,7.76524865898591,7.78955452385534,-7.21219563996262
8.024,7.76678315898591,7.79111840707471,-7.08254836692264
8.026,7.76831765898591,7.79267505724831,-6.96234760456009
8.028,7.76985215898591,7.79422419546213,-6.85254475346247
8.03,7.77138665898591,7.79576617303166,-6.75307271965689
8.032,7.77289165898591,7.79730063670944,-6.66476217493058
8.034,7.77439665898591,7.79882721373587,-6.58839901145927
8.036,7.77590165898591,7.80034690294174,-6.52255616654363
8.038,7.77740665898591,7.80185897385938,-6.46834509502033
8.04,7.77891165898591,7.80336383279507,-6.42506022877656
8.042,7.78038615898591,7.80486106256189,-6.39314891876002
8.044,7.78186065898591,7.80635164640808,-6.37091566180205
8.046,7.78333515898591,7.80783520493847,-6.35863384485234
8.048,7.78480965898591,7.8093119044359,-6.35570554373177
8.05,7.78628415898591,7.81078166782769,-6.36176762680811
8.052,7.78772715898591,7.81224522929227,-6.37541336353517
8.054,7.78917015898591,7.81370228952822,-6.39647070457923
8.056,7.79061315898591,7.81515327003244,-6.42386370031483
8.058,7.79205615898591,7.81659829632901,-6.45689390483881
8.06,7.79349915898591,7.81803751746733,-6.494876389358
8.062,7.79490965898591,7.81947091100636,-6.53733131030499
8.064,7.79632015898591,7.82089873387584,-6.58365364392056
8.066,7.79773065898591,7.82232092823814,-6.6335655691409
8.068,7.79914115898591,7.82373759451786,-6.68678824782102
8.07,7.80055165898591,7.82514879892891,-6.74317238243118
8.072,7.80192865898591,7.82655430949701,-6.80284384958826
8.074,7.80330565898591,7.82795398284165,-6.86598794897173
8.076,7.80468265898591,7.82934762763268,-6.93292198598222
8.078,7.80605965898591,7.8307351732398,-7.00393571879843
8.08,7.80743665898591,7.83211634438828,-7.07945254273224
8.082,7.80878065898591,7.83349095067457,-7.15980055173034
8.084,7.81012465898591,7.83485856001668,-7.24542159686061
8.086,7.81146865898591,7.83621900614598,-7.33647391833796
8.088,7.81281265898591,7.83757225279789,-7.43293143511608
8.09,7.81415665898591,7.83891797020178,-7.53489397403827
8.092,7.81546815898591,7.8402559129284,-7.64227420662997
8.094,7.81677965898591,7.84158671241429,-7.7543348455289
8.096,7.81809115898591,7.84290975241055,-7.87112098215907
8.098,7.81940265898591,7.84422548398707,-7.99199228514199
8.1,7.82071415898591,7.84553400737934,-8.11656106651178
8.102,7.82199365898591,7.84683512079488,-8.24459558680124
8.104,7.82327315898591,7.84812919385763,-8.37561574076514
8.106,7.82455265898591,7.84941647882691,-8.50923806768183
8.108,7.82583215898591,7.85069684012455,-8.64521084205647
8.11,7.82711165898591,7.85197021603369,-8.78317732347398
8.112,7.82836015898591,7.85323738448835,-8.92255164010337
8.114,7.82960865898591,7.85449807314958,-9.06296824521991
8.116,7.83085715898591,7.85575245140497,-9.20385462117496
8.118,7.83210565898591,7.85700045594732,-9.34450001313602
8.12,7.83335415898591,7.85824274349979,-9.48421749972178
8.122,7.83457265898591,7.85947895334516,-9.62204022223639
8.124,7.83579115898591,7.86070967270664,-9.75716526728118
8.126,7.83700965898591,7.86193480448772,-9.88844496165902
8.128,7.83822815898591,7.86315466400632,-10.0148912635004
8.13,7.83944665898591,7.86436953517689,-10.135528265038
8.132,7.84063615898591,7.86557932080235,-10.2488092705971
8.134,7.84182565898591,7.86678456616866,-10.3542661283463
8.136,7.84301515898591,7.86798528673214,-10.4508264275393
8.138,7.84420465898591,7.8691816163405,-10.5378356904444
8.14,7.84539415898591,7.87037352455422,-10.6145709209517
8.142,7.84655565898591,7.87156104736899,-10.6807890800997
8.144,7.84771715898591,7.87274427065124,-10.736749092353
8.146,7.84887865898591,7.87392314197425,-10.782682934711
8.148,7.85004015898591,7.87509735344923,-10.8185652682515
8.15,7.85120165898591,7.87626691855622,-10.8452963743928
8.152,7.85233615898591,7.87743138498113,-10.8630152828315
8.154,7.85347065898591,7.87859088401555,-10.8728915504409
8.156,7.85460515898591,7.87974496912487,-10.8751449904344
8.158,7.85573965898591,7.88089331784474,-10.8702895932043
8.16,7.85687415898591,7.88203578260091,-10.8590921984564
8.162,7.85798265898591,7.88317194735254,-10.8421113565821
8.164,7.85909115898591,7.88430227110305,-10.8205194898217
8.166,7.86019965898591,7.88542580377854,-10.7943661809333
8.168,7.86130815898591,7.88654275369171,-10.7644865011847
8.17,7.86241665898591,7.88765316144377,-10.7314053683792
8.172,7.86350015898591,7.88875692665002,-10.6954823403718
8.174,7.86458365898591,7.88985408149104,-10.6570494918902
8.176,7.86566715898591,7.89094458944823,-10.6163168731004
8.178,7.86675065898591,7.89202881070341,-10.5735133391977
8.18,7.86783415898591,7.89310677750303,-10.5286302128957
8.182,7.86889365898592,7.89417849120527,-10.4815097682077
8.184,7.86995315898591,7.89524417008662,-10.4319246157867
8.186,7.87101265898591,7.8963042257782,-10.3796245088355
8.188,7.87207215898591,7.89735857955419,-10.324046768135
8.19,7.87313165898591,7.8984074910112,-10.2647254480686
8.192,7.87416815898591,7.89945132535033,-10.201337730969
8.194,7.87520465898591,7.9004899602663,-10.1331998781926
8.196,7.87624115898591,7.9015236194092,-10.0599338870058
8.198,7.87727765898591,7.90255233753804,-9.98098783914367
8.2,7.87831415898591,7.90357642315754,-9.89609837123997
8.202,7.87932865898591,7.90459568681633,-9.80424235147567
8.204,7.88034315898591,7.9056106011462,-9.70532340939951
8.206,7.88135765898591,7.90662123823636,-9.59870958931418
8.208,7.88237215898591,7.90762753591393,-9.48352033462989
8.21,7.88338665898591,7.90863013217239,-9.36046875992649
8.212,7.88438065898591,7.90962867388054,-9.22836436110294
8.214,7.88537465898591,7.91062362705651,-9.08804806271499
8.216,7.88636865898591,7.91161476205799,-8.93909459066868
8.218,7.88736265898591,7.91260236041844,-8.78254549591832
8.22,7.88835665898591,7.91358603989221,-8.61838664125975
8.222,7.88932965898591,7.91456596659803,-8.44799218928127
8.224,7.89030265898591,7.91554196903739,-8.27217630768318
8.226,7.89127565898591,7.9165135289517,-8.09160913770669
8.228,7.89224865898591,7.91748057895891,-7.90764846958712
8.23,7.89322165898591,7.91844324204338,-7.72148054920866
8.232,7.89417315898591,7.91940065320123,-7.53394504060418
8.234,7.89512465898591,7.92035299473271,-7.34626052026542
8.236,7.89607615898591,7.92129983291694,-7.1594898554613
8.238,7.89702765898591,7.92224106180877,-6.97464127638711
8.24,7.89797915898591,7.92317652567542,-6.79268007411501
8.242,7.89890865898591,7.92410607619165,-6.61452749835547
8.244,7.89983815898591,7.92502945622008,-6.44113857305137
8.246,7.90076765898591,7.92594640377973,-6.27351155974277
8.248,7.90169715898591,7.92685718500323,-6.11201105847667
8.25,7.90262665898591,7.92776141630779,-5.95754985846637
8.252,7.90353365898591,7.92865918854102,-5.81048245700096
8.254,7.90444065898591,7.92955052550176,-5.67110337850141
8.256,7.90534765898591,7.93043572627328,-5.53923654425744
8.258,7.90625465898591,7.93131486019142,-5.41486909202895
8.26,7.90716165898591,7.93218792362733,-5.29796898087833
8.262,7.90804565898591,7.93305543241048,-5.18777932882586
8.264,7.90892965898591,7.93391751382532,-5.08396356815604
8.266,7.90981365898591,7.93477425059518,-4.98619294311645
8.268,7.91069765898591,7.93562580531765,-4.89400653655865
8.27,7.91158165898591,7.93647279039141,-4.80649784899358
8.272,7.91244215898591,7.93731482227071,-4.72376238868078
8.274,7.91330265898591,7.93815239624874,-4.64503837402813
8.276,7.91416315898591,7.93898545611978,-4.57013886333855
8.278,7.91502365898591,7.93981415509686,-4.49875447105457
8.28,7.91588415898591,7.94063859362091,-4.43071217605985
8.282,7.91672065898591,7.94145889508469,-4.36587974991288
8.284,7.91755715898591,7.9422751107613,-4.30421866981159
8.286,7.91839365898591,7.94308719356334,-4.24578790607175
8.288,7.91923015898591,7.94389520576311,-4.19057643509277
8.29,7.92006665898591,7.94469912510404,-4.13865813282122
8.292,7.92087865898591,7.9454990850152,-4.09000469207464
8.294,7.92169065898591,7.94629501440126,-4.04478598231572
8.296,7.92250265898591,7.94708669751856,-4.00335935351634
8.298,7.92331465898591,7.94787431223081,-3.96577250333707
8.3,7.92412665898591,7.94865742982572,-3.93269689709574
8.302,7.92491365898591,7.94943583979123,-3.90471835578592
8.304,7.92570065898591,7.9502097345525,-3.88201458295037
8.306,7.92648765898591,7.95097867353034,-3.86551680751691
8.308,7.92727465898591,7.95174229425242,-3.85622216305576
8.31,7.92806165898591,7.95250036184333,-3.8550008702191
8.312,7.92882215898591,7.95325264213345,-3.86274456288393
8.314,7.92958265898591,7.95399890228175,-3.88030403484222
8.316,7.93034315898591,7.95473902302239,-3.908280805836
8.318,7.93110365898591,7.95547259929519,-3.94770017860612
8.32,7.93186415898591,7.95619965011852,-3.99876398177409
8.322,7.93259665898591,7.95692048266048,-4.0610371658525
8.324,7.93332915898591,7.95763453018861,-4.13557275772103
8.326,7.93406165898591,7.95834240504447,-4.22118823139076
8.328,7.93479415898591,7.95904415624987,-4.31761642665972
8.33,7.93552665898591,7.95974001165317,-4.42416648361809
8.332,7.93622965898591,7.96043029405529,-4.53990826289461
8.334,7.93693265898591,7.96111512529491,-4.66414786415475
8.336,7.93763565898591,7.96179482407594,-4.79579817417216
8.338,7.93833865898591,7.96246983058568,-4.93362964063495
8.34,7.93904165898591,7.96314029978832,-5.07680574479497
8.342,7.93971365898591,7.96380629442729,-5.22452179541486
8.344,7.94038565898591,7.96446828636882,-5.37564539683471
8.346,7.94105765898591,7.96512613250214,-5.52957224777931
8.348,7.94172965898591,7.9657802124499,-5.6853896817586
8.35,7.94240165898591,7.96643042561004,-5.84254826815062
8.352,7.94304115898591,7.96707675025793,-6.00050321171145
8.354,7.94368065898591,7.96771954991588,-6.15882207992698
8.356,7.94432015898591,7.96835844364947,-6.31723075016157
8.358,7.94495965898591,7.96899357210514,-6.4754948155967
8.36,7.94559915898591,7.96962480393866,-6.63346216713604
8.362,7.94620615898591,7.97025213250694,-6.79106301519226
8.364,7.94681315898591,7.9708754207562,-6.94829061788255
8.366,7.94742015898591,7.97149428685059,-7.1052063066102
8.368,7.94802715898591,7.97210902545748,-7.2619712550327
8.37,7.94863415898591,7.97271889507384,-7.41877071269796
8.372,7.94920865898591,7.9733242296628,-7.57579213079377
8.374,7.94978315898591,7.97392434921781,-7.73325452546386
8.376,7.95035765898591,7.97451918112076,-7.89132901513023
8.378,7.95093215898591,7.97510837319511,-8.05022178145079
8.38,7.95150665898591,7.9756917270216,-8.21017264372551
8.382,7.95204865898591,7.97626908997006,-8.3714727937953
8.384,7.95259065898591,7.97683968742282,-8.5346762870943
8.386,7.95313265898591,7.97740377153804,-8.70007174737618
8.388,7.95367465898591,7.97796063205171,-8.86825270449725
8.39,7.95421665898591,7.97851003046447,-9.0396286185023
8.392,7.95472715898591,7.97905207319713,-9.21435853234596
8.394,7.95523765898591,7.97958633742342,-9.39276275347905
8.396,7.95574815898591,7.98011288564379,-9.57483604604394
8.398,7.95625865898591,7.98063184120615,-9.76042575634659
8.4,7.95676915898591,7.98114291003353,-9.94943018534715
8.402,7.95724915898591,7.98164621047405,-10.1414058518213
8.404,7.95772915898591,7.98214176252404,-10.3357760186394
8.406,7.95820915898591,7.98262976546234,-10.5317412640582
8.408,7.95868915898591,7.98311087040124,-10.728421176362
8.41,7.95916915898591,7.98358438942488,-10.9247415775213
8.412,7.95962065898591,7.98405121191272,-11.1194306225677
8.414,7.96007215898591,7.98451150587144,-11.3111375172064
8.416,7.96052365898591,7.98496564733992,-11.4984346666927
8.418,7.96097515898591,7.98541387539616,-11.6797076334348
8.42,7.96142665898591,7.98585656074717,-11.8533432631836
8.422,7.96185165898591,7.98629426452152,-12.0182330360431
8.424,7.96227665898591,7.98672710699111,-12.1726463104749
8.426,7.96270165898591,7.98715544468109,-12.3154364916435
8.428,7.96312665898591,7.98757950058414,-12.4454125461677
8.43,7.96355165898591,7.98799947488979,-12.5615589100973
8.432,7.96395215898591,7.98841545238985,-12.6627434327624
8.434,7.96435265898591,7.98882763588521,-12.7485929608457
8.436,7.96475315898591,7.98923588754878,-12.8176352347756
8.438,7.96515365898591,7.98964042885245,-12.8702292358675
8.44,7.96555415898591,7.99004105224818,-12.9050244158407
8.442,7.96593215898591,7.99043767470981,-12.9212756668364
8.444,7.96631015898591,7.99083044975387,-12.9194152456969
8.446,7.96668815898591,7.99121920611589,-12.8984614609938
8.448,7.96706615898591,7.99160375661201,-12.8575913813516
8.45,7.96744415898591,7.99198429695213,-12.7980666782028
8.452,7.96780165898591,7.99236014515971,-12.7175275209691
8.454,7.96815915898591,7.99273180909532,-12.6192410886983
8.456,7.96851665898591,7.99309882901364,-12.5024268669657
8.458,7.96887415898591,7.99346112152506,-12.3681777011299
8.46,7.96923165898591,7.99381838364888,-12.2170008923829
8.462,7.96957065898591,7.99416986428402,-12.0487364209655
8.464,7.96990965898591,7.9945162706476,-11.8673805812857
8.466,7.97024865898591,7.99485626459287,-11.6716173914306
8.468,7.97058765898591,7.99519034019252,-11.46478256566
8.47,7.97092665898591,7.99551815813987,-11.2480028594771
8.472,7.97124915898591,7.99583894397772,-11.0220702849949
8.474,7.97157165898591,7.99615311544655,-10.7891711392653
8.476,7.97189415898591,7.99646018734005,-10.5502539197476
8.478,7.97221665898591,7.99676031882613,-10.3066434556285
8.48,7.97253915898591,7.9970532270511,-10.0590641838629
8.482,7.97284715898591,7.99733890109277,-9.80818342549789
8.484,7.97315515898591,7.99761796124362,-9.55459334992383
8.486,7.97346315898591,7.99789045155337,-9.29837847801778
8.488,7.97377115898591,7.99815669875014,-9.03954129839355
8.49,7.97407915898591,7.99841707232485,-8.7779413497839
8.492,7.97437465898591,7.99867196397424,-8.51334555252519
8.494,7.97467015898591,7.99892176791259,-8.24547991365692
8.496,7.97496565898591,7.9991668633544,-7.97407803778691
8.498,7.97526115898591,7.99940760032847,-7.69892207024685
8.5,7.97555665898591,7.99964440495708,-7.41999394409402
8.502,7.97584065898591,7.99987730053258,-7.13699532137051
8.504,7.97612465898591,8.00010662415138,-6.85008370515878
8.506,7.97640865898591,8.00033257558315,-6.5594154257538
8.508,7.97669265898591,8.00055535723115,-6.2652652026345
8.51,7.97697665898591,8.00077496571415,-5.96778076395915
8.512,7.97725015898591,8.00099155159347,-5.66733156097535
8.514,7.97752365898591,8.00120521264527,-5.36425795314911
8.516,7.97779715898591,8.00141606962947,-5.05895701256254
8.518,7.97807065898591,8.00162402209078,-4.7517522295943
8.52,7.97834415898591,8.00182922811723,-4.44321437058844
8.522,7.97860815898591,8.00203159753396,-4.13389422044689
8.524,7.97887215898591,8.00223145854333,-3.82443428711707
8.526,7.97913615898591,8.00242849572574,-3.51551797966568
8.528,7.97940015898591,8.00262266400166,-3.20800567570731
8.53,7.97966415898591,8.00281415050912,-2.90261138288594
8.532,7.97991965898591,8.00300264450516,-2.60046648055479
8.534,7.98017515898591,8.00318838647386,-2.30207405788473
8.536,7.98043065898591,8.00337081159018,-2.00915500250924
8.538,7.98068615898591,8.00355046043336,-1.72154611812237
8.54,7.98094165898591,8.00372694889067,-1.44069753341367
8.542,7.98118965898591,8.00390017202234,-1.16759645199246
8.544,7.98143765898591,8.00407028118766,-0.902534207941847
8.546,7.98168565898591,8.00423716633889,-0.646503909223657
8.548,7.98193365898591,8.00440093755816,-0.399832818787251
8.55,7.98218165898591,8.00456168417623,-0.162802246801519
8.552,7.98242315898591,8.00471941891555,0.0640390218814401
8.554,7.98266465898591,8.00487409823669,0.27993576584421
8.556,7.98290615898591,8.00502604210669,0.485516163004772
8.558,7.98314765898591,8.00517517858021,0.680049879374994
8.56,7.98338915898591,8.00532146630081,0.862886420462565
8.562,7.98362515898591,8.00546490156198,1.0335528739307
8.564,7.98386115898591,8.00560541871409,1.19137010991705
8.566,7.98409715898591,8.00574306563469,1.33623300043848
8.568,7.98433315898591,8.00587783768454,1.46787917145555
8.57,7.98456915898591,8.00600957390349,1.58536204093987
8.572,7.98480065898591,8.00613823819985,1.68833181927289
8.574,7.98503215898591,8.0062639204786,1.77707729136396
8.576,7.98526365898591,8.00638648658506,1.85081876615893
8.578,7.98549515898591,8.00650605056211,1.90995409077468
8.58,7.98572665898591,8.00662262732608,1.95436609245017
8.582,7.98595465898591,8.00673646319174,1.9850417882265
8.584,7.98618265898591,8.00684779367141,2.0029221355125
8.586,7.98641065898591,8.00695672260696,2.00820235116057
8.588,7.98663865898591,8.00706353415005,2.00193197296073
8.59,7.98686665898591,8.00716864205121,1.98585174078339
8.592,7.98709015898591,8.00727237324061,1.96120188687375
8.594,7.98731365898591,8.00737505848827,1.92910653059309
8.596,7.98753715898591,8.00747712496461,1.89126776269356
8.598,7.98776065898591,8.00757895821621,1.8490626167189
8.6,7.98798415898591,8.00768098635115,1.80397550298623
8.602,7.98820215898591,8.00778361188581,1.75755239200123
8.604,7.98842015898591,8.00788717299702,1.71100979781961
8.606,7.98863815898591,8.00799202745556,1.66544980465967
8.608,7.98885615898591,8.00809842134818,1.62173757983459
8.61,7.98907415898591,8.0082065338362,1.5804570045324
8.612,7.98928565898591,8.00831647496721,1.54194149353397
8.614,7.98949715898591,8.00842827213774,1.5062602017031
8.616,7.98970865898591,8.00854188129342,1.47322832072513
8.618,7.98992015898591,8.00865714482395,1.44234435698543
8.62,7.99013165898591,8.00877386810603,1.41293402769948
8.622,7.99033465898591,8.00889178707572,1.38411254683933
8.624,7.99053765898591,8.00901058856193,1.35483450533244
8.626,7.99074065898591,8.00912991840553,1.32392126371301
8.628,7.99094365898591,8.00924938850219,1.29008535916606
8.63,7.99114665898591,8.00936860085876,1.25206892627025
8.632,7.99133915898591,8.00948702887305,1.20785832576578
8.634,7.99153165898591,8.00960442730698,1.15724814821245
8.636,7.99172415898591,8.00972016291418,1.09765816950725
8.638,7.99191665898591,8.00983395220116,1.02852622950092
8.64,7.99210915898591,8.00994521294287,0.947838394187125
8.642,7.99228965898591,8.01005383486177,0.855682846489101
8.644,7.99247015898591,8.0101591906012,0.749870831644033
8.646,7.99265065898591,8.01026102334277,0.629863058896818
8.648,7.99283115898591,8.01035916144362,0.495437774698811
8.65,7.99301165898591,8.01045345808364,0.346474008522608
8.652,7.99317865898591,8.01054359232377,0.182262953357972
8.654,7.99334565898591,8.01062963047428,0.00355650329739735
8.656,7.99351265898591,8.01071156527786,-0.189140264822172
8.658,7.99367965898591,8.01078945178929,-0.395090752631427
8.66,7.99384665898591,8.01086352329142,-0.612967193326119
8.662,7.99399865898591,8.0109338830417,-0.84178153961601
8.664,7.99415065898591,8.01100092491164,-1.07963564344377
8.666,7.99430265898591,8.01106500504966,-1.32474065967446
8.668,7.99445465898591,8.01112659561166,-1.57504303639836
8.67,7.99460665898591,8.0111860183814,-1.82881366287336
8.672,7.99474265898591,8.01124364502759,-2.08415010182717
8.674,7.99487865898591,8.01129989920155,-2.33930629155159
8.676,7.99501465898591,8.01135502901335,-2.59258886557909
8.678,7.99515065898591,8.01140938218429,-2.84272452958777
8.68,7.99528665898591,8.01146314100153,-3.08814985683644
8.682,7.99540565898591,8.01151652665823,-3.32782825321223
8.684,7.99552465898591,8.01156968513191,-3.56086661552146
8.686,7.99564365898591,8.01162271187009,-3.78632568370502
8.688,7.99576265898591,8.0116756525618,-4.0033307680194
8.69,7.99588165898591,8.01172850806103,-4.21181414440784
8.692,7.99598465898591,8.01178123103633,-4.41105941276314
8.694,7.99608765898591,8.01183374476437,-4.60085843138268
8.696,7.99619065898591,8.01188592213702,-4.78060373682621
8.698,7.99629365898591,8.01193769336847,-4.95162007763016
8.7,7.99639665898591,8.01198879217267,-5.11197213611674
8.702,7.99648465898591,8.01203917218554,-5.26363657059909
8.704,7.99657265898591,8.01208854631972,-5.40570765447461
8.706,7.99666065898591,8.01213681301102,-5.53932178233594
8.708,7.99674865898591,8.01218382835923,-5.66486253763831
8.71,7.99683665898591,8.01222922341946,-5.78174880348381
8.712,7.99691065898591,8.01227282201468,-5.89077386333002
8.714,7.99698465898591,8.01231427177716,-5.99183319070477
8.716,7.99705865898591,8.01235355461309,-6.08598223221901
8.718,7.99713265898591,8.01239021013104,-6.17289683929859
8.72,7.99720665898591,8.01242424807913,-6.2535875622812
8.722,7.99726765898591,8.01245474478381,-6.32712755630932
8.724,7.99732865898591,8.01248230927245,-6.39556218808247
8.726,7.99738965898591,8.0125067406832,-6.45898980266966
8.728,7.99745065898591,8.01252686985621,-6.51636896432483
8.73,7.99751165898591,8.01254293009655,-6.56859856588183
8.732,7.99756065898591,8.01255489828379,-6.61582011236663
8.734,7.99760965898591,8.01256254278272,-6.65759576195527
8.736,7.99765865898591,8.01256595319519,-6.69346350322213
8.738,7.99770765898591,8.01256531788763,-6.72272049484034
8.74,7.99775665898591,8.0125609052481,-6.74446701843859
8.742,7.99779465898591,8.01255303562835,-6.75761037896627
8.744,7.99783265898591,8.01254208658541,-6.76095786555742
8.746,7.99787065898591,8.01252844078382,-6.75312538308354
8.748,7.99790865898591,8.01251255283676,-6.7329830613643
8.75,7.99794665898591,8.01249480702774,-6.6991462716353
8.752,7.99797465898591,8.01247563203567,-6.65145677765592
8.754,7.99800265898591,8.01245525937984,-6.58876792079225
8.756,7.99803065898591,8.01243391179546,-6.51059687629209
8.758,7.99805865898591,8.012411762025,-6.41745482642351
8.76,7.99808665898591,8.01238884269621,-6.3090132788491
8.762,7.99810565898591,8.01236515045508,-6.18581037919893
8.764,7.99812465898591,8.01234060715943,-6.04830250449938
8.766,7.99814365898591,8.01231515746517,-5.89810989535358
8.768,7.99816265898591,8.01228859780893,-5.73544642501201
8.77,7.99818165898591,8.01226081367627,-5.56216197478478
8.772,7.99819265898591,8.01223152287753,-5.37900213954199
8.774,7.99820365898591,8.01220066853278,-5.18811951772344
8.776,7.99821465898591,8.01216789864227,-4.99028466012181
8.778,7.99822565898591,8.01213309256601,-4.78720800816952
8.78,7.99823665898591,8.01209601539481,-4.58011723194786
8.782,7.99824065898591,8.01205654587686,-4.37029233647172
8.784,7.99824465898591,8.01201455913253,-4.15885549484912
8.786,7.99824865898591,8.01196997780467,-3.94682428872695
8.788,7.99825265898591,8.01192276916216,-3.73508396907399
8.79,7.99825665898591,8.01187292437639,-3.52439268792635
8.792,7.99825465898591,8.01182051931383,-3.31534991847231
8.794,7.99825265898591,8.01176571647959,-3.10834795390239
8.796,7.99825065898591,8.01170852237787,-2.90384205180919
8.798,7.99824865898591,8.01164924904925,-2.70186435347762
8.8,7.99824665898591,8.01158802488821,-2.50254022134214
8.802,7.99823965898591,8.01152500873164,-2.30590087708594
8.804,7.99823265898591,8.01146042304119,-2.11182517738417
8.806,7.99822565898591,8.01139444115019,-1.92023497030392
8.808,7.99821865898591,8.01132727968375,-1.73093150273515
8.81,7.99821165898591,8.01125904671182,-1.54391907410477
8.812,7.99820065898591,8.01118987315022,-1.35914752240689
8.814,7.99818965898591,8.01111978226023,-1.17684412626535
8.816,7.99817865898591,8.01104887652125,-0.996991875756598
8.818,7.99816765898591,8.01097713783973,-0.819875353307961
8.82,7.99815665898591,8.0109045453253,-0.645761071566086
8.822,7.99814265898591,8.01083105826483,-0.474938222689278
8.824,7.99812865898591,8.01075662190915,-0.307698334542383
8.826,7.99811465898591,8.01068114931016,-0.144403747367076
8.828,7.99810065898591,8.01060460970363,0.0148357278477326
8.83,7.99808665898591,8.01052687892635,0.169604052871715
8.832,7.99807065898591,8.01044790832263,0.319795035074626
8.834,7.99805465898591,8.01036757755679,0.465052679560862
8.836,7.99803865898591,8.01028577694344,0.605061229779342
8.838,7.99802265898591,8.01020247676939,0.73976363710015
8.84,7.99800665898591,8.01011756959699,0.868788675527423
8.842,7.99798965898591,8.01003100964446,0.991932445607127
8.844,7.99797265898591,8.00994279099884,1.10908633989446
8.846,7.99795565898591,8.0098529193474,1.22014136754306
8.848,7.99793865898591,8.00976137325845,1.32484499918782
8.85,7.99792165898591,8.00966824814404,1.4233706484153
8.852,7.99790565898591,8.00957340022608,1.51489856760558
8.854,7.99788965898591,8.00947702165689,1.59992790943407
8.856,7.99787365898591,8.00937912290119,1.67817868577108
8.858,7.99785765898591,8.00927979621227,1.74965972168632
8.86,7.99784165898591,8.00917921126189,1.81468276986777
8.862,7.99782865898591,8.00907748388129,1.87312879321203
8.864,7.99781565898591,8.00897487880453,1.92561767172242
8.866,7.99780265898591,8.00887162889806,1.97250989301492
8.868,7.99778965898591,8.0087679964382,2.01426453766221
8.87,7.99777665898591,8.00866425738844,2.05136863882708
8.872,7.99776765898591,8.00856069359856,2.08434278933758
8.874,7.99775865898591,8.0084576083567,2.11361830055498
8.876,7.99774965898592,8.00835527632942,2.13981622945878
8.878,7.99774065898591,8.00825395564391,2.16338831303845
8.88,7.99773165898591,8.00815396024998,2.18466281765924
8.882,7.99772765898591,8.00805550796742,2.20409175948447
8.884,7.99772365898591,8.00795878996592,2.2220379639011
8.886,7.99771965898591,8.00786408556634,2.23877521338791
8.888,7.99771565898591,8.00777158603655,2.25467172553679
8.89,7.99771165898591,8.00768150669974,2.27006684826445
8.892,7.99771365898591,8.00759386486107,2.28526846172051
8.894,7.99771565898591,8.00750900659172,2.30051680122456
8.896,7.99771765898591,8.00742672875674,2.31595455214625
8.898,7.99771965898591,8.00734714020639,2.33164745308091
8.9,7.99772165898591,8.00727015159149,2.34756700164794
8.902,7.99772865898591,8.00719564890843,2.36361277325669
8.904,7.99773565898591,8.00712343180662,2.37963324228093
8.906,7.99774265898591,8.00705335649839,2.3954514948675
8.908,7.99774965898591,8.00698521436074,2.41088294581909
8.91,7.99775665898591,8.00691887807635,2.42571010866711
8.912,7.99776765898591,8.006854106098,2.43972219508573
8.914,7.99777865898591,8.00679056569659,2.4528094529979
8.916,7.99778965898591,8.00672818333238,2.46461846947372
8.918,7.99780065898591,8.00666668696011,2.47479206311802
8.92,7.99781165898592,8.00660580797817,2.48289423156696
8.922,7.99782565898592,8.0065453012938,2.48837535845581
8.924,7.99783965898591,8.00648491165501,2.49039805520951
8.926,7.99785365898591,8.0064243820114,2.48830887651509
8.928,7.99786765898592,8.00636347587127,2.48133453734517
8.93,7.99788165898591,8.006301962446,2.46854671595947
8.932,7.99789765898591,8.00623964708343,2.4491867250658
8.934,7.99791365898591,8.00617648625891,2.42335856202246
8.936,7.99792965898591,8.00611233021709,2.39014310895295
8.938,7.99794565898591,8.0060471880929,2.34962549247506
8.94,7.99796165898591,8.00598107854358,2.30176521280154
8.942,7.99797865898591,8.00591403689429,2.24642959615938
8.944,7.99799565898591,8.00584617192287,2.18379733918114
8.946,7.99801265898591,8.00577768791682,2.11467715054764
8.948,7.99802965898591,8.00570875952411,2.03950169560184
8.95,7.99804665898591,8.00563960029333,1.95863728419582
8.952,7.99806365898591,8.00557048233956,1.87287209754437
8.954,7.99808065898591,8.00550168904694,1.78301344969151
8.956,7.99809765898591,8.00543354082535,1.68982579755303
8.958,7.99811465898591,8.00536622850592,1.59436808321494
8.96,7.99813165898591,8.00530011260756,1.49715817371797
8.962,7.99814765898592,8.00523537637909,1.39908585255244
8.964,7.99816365898591,8.00517227930258,1.30089845568407
8.966,7.99817965898592,8.00511088896402,1.20333259689811
8.968,7.99819565898591,8.00505141091039,1.10713751244266
8.97,7.99821165898592,8.00499395221593,1.01304393325742
8.972,7.99822665898592,8.00493861350016,0.921739861624908
8.974,7.99824165898591,8.00488541948908,0.83377776285375
8.976,7.99825665898591,8.00483448004942,0.749853193904237
8.978,7.99827165898592,8.00478563151853,0.670124147392624
8.98,7.99828665898591,8.00473884231978,0.594932362942778
8.982,7.99830065898592,8.00469400955999,0.524443708088438
8.984,7.99831465898592,8.00465092537645,0.458498038924561
8.986,7.99832865898592,8.00460941942894,0.396972271722991
8.988,7.99834265898591,8.00456928705435,0.339610419223716
8.99,7.99835665898591,8.00453026172904,0.285961462367637
8.992,7.99836965898592,8.00449203796918,0.235364846639068
8.994,7.99838265898592,8.0044544213317,0.187571551114876
8.996,7.99839565898592,8.00441714241383,0.142020923010876
8.998,7.99840865898592,8.00437997367121,0.0982105383707017
9,7.99842165898592,8.00434272398096,0.0557510182115824
9.002,7.99843365898592,8.00430517039801,0.0142459051013105
9.004,7.99844565898591,8.00426714105375,-0.0268619674586686
9.006,7.99845765898591,8.00422843763757,-0.0680747057881807
9.008,7.99846965898591,8.00418882352592,-0.11002642464147
9.01,7.99848165898591,8.00414820001673,-0.153227434420335
9.012,7.99849265898592,8.00410640436139,-0.198217088249149
9.014,7.99850365898592,8.00406333271354,-0.245459794629535
9.016,7.99851465898591,8.00401903462196,-0.295111777107882
9.018,7.99852565898592,8.00397347991391,-0.34744207687734
9.02,7.99853665898592,8.00392671453231,-0.402547773167065
9.022,7.99854665898592,8.00387881464279,-0.460419725504231
9.024,7.99855665898592,8.00382990419143,-0.520880146283891
9.026,7.99856665898592,8.00378004727146,-0.58385994058753
9.028,7.99857665898592,8.00372950234228,-0.648711484689796
9.03,7.99858665898592,8.00367837767112,-0.715144604870969
9.032,7.99859565898592,8.00362690846742,-0.782465933921486
9.034,7.99860465898592,8.00357534659257,-0.849868430227834
9.036,7.99861365898592,8.00352394384723,-0.916468118802549
9.038,7.99862265898592,8.00347296775507,-0.981261111120201
9.04,7.99863165898592,8.00342270920616,-1.04307542607746
9.042,7.99863965898592,8.00337339998711,-1.10092488442166
9.044,7.99864765898592,8.00332534326592,-1.15347969374372
9.046,7.99865565898592,8.00327874355775,-1.19978955660036
9.048,7.99866365898592,8.00323379096275,-1.23894220947236
9.05,7.99867165898592,8.00319072193396,-1.26977832920033
9.052,7.99867865898592,8.00314968378546,-1.29146661860992
9.054,7.99868565898592,8.00311071299342,-1.30360034324028
9.056,7.99869265898592,8.00307384623427,-1.30569153896571
9.058,7.99869965898592,8.00303901449525,-1.29768248326961
9.06,7.99870665898592,8.0030061206905,-1.27959366703369
9.062,7.99871265898592,8.00297505586351,-1.25140507469002
9.064,7.99871865898592,8.00294555427489,-1.21392519733261
9.066,7.99872465898592,8.00291741986647,-1.16756201678925
9.068,7.99873065898592,8.00289038343432,-1.11313728542512
9.07,7.99873665898592,8.0028641527374,-1.05156910715752
9.072,7.99874165898592,8.00283838335225,-0.984078957833227
9.074,7.99874665898592,8.00281269521113,-0.912085800942222
9.076,7.99875165898592,8.00278675909099,-0.837215001461722
9.078,7.99875665898592,8.0027601957884,-0.760622951403443
9.08,7.99876165898592,8.0027326367212,-0.683923072669807
9.082,7.99876565898592,8.00270386615745,-0.608407337193538
9.084,7.99876965898592,8.0026734518203,-0.535617194071759
9.086,7.99877365898592,8.00264131369902,-0.466473811275746
9.088,7.99877765898592,8.00260721841899,-0.402085101292485
9.09,7.99878165898592,8.00257096484466,-0.343552261483887
9.092,7.99878365898592,8.00253264725399,-0.291095553465104
9.094,7.99878565898592,8.00249215469164,-0.245503052128624
9.096,7.99878765898592,8.00244976856568,-0.206288952695828
9.098,7.99878965898592,8.0024054494974,-0.174028684229668
9.1,7.99879165898592,8.00235956101829,-0.14784028889597
9.102,7.99879065898592,8.00231231187938,-0.127342715904421
9.104,7.99878965898592,8.0022639537267,-0.111996507217855
9.106,7.99878865898592,8.00221484212148,-0.100762340244231
9.108,7.99878765898592,8.00216530071269,-0.0926932163125234
9.11,7.99878665898592,8.00211565873511,-0.0866555742615485
9.112,7.99878165898592,8.00206624263175,-0.0816003245446703
9.114,7.99877665898592,8.00201735462395,-0.0763608386560248
9.116,7.99877165898592,8.00196924041209,-0.0699044047845734
9.118,7.99876665898592,8.00192212621449,-0.0613093339518059
9.12,7.99876165898592,8.00187623157625,-0.0496376692261038
9.122,7.99875165898592,8.00183171468264,-0.0340898657778335
9.124,7.99874165898592,8.00178856366412,-0.0143931573601565
9.126,7.99873165898592,8.00174685223639,0.00995301391466884
9.128,7.99872165898592,8.0017065348958,0.0390633258979086
9.13,7.99871165898592,8.00166745553526,0.0726336217752462
9.132,7.99869765898592,8.00162949961672,0.110481009364174
9.134,7.99868365898592,8.00159250350712,0.152254255233726
9.136,7.99866965898592,8.00155626125038,0.197463124461552
9.138,7.99865565898592,8.001520462137,0.245091113201727
9.14,7.99864165898592,8.00148489620375,0.294587314238049
9.142,7.99862465898592,8.00144925567127,0.344986902651117
9.144,7.99860765898592,8.00141323763705,0.395203891031012
9.146,7.99859065898592,8.00137652986565,0.444142469233127
9.148,7.99857365898592,8.00133881467872,0.490619343932336
9.15,7.99855665898592,8.00129980807922,0.533488139257777
9.152,7.99853765898592,8.00125930692085,0.571831564294836
9.154,7.99851865898592,8.00121705694997,0.604564671906688
9.156,7.99849965898592,8.00117276545576,0.630429891684334
9.158,7.99848065898592,8.00112640311846,0.649070748188364
9.16,7.99846165898592,8.00107766688517,0.659176225071645
9.162,7.99844165898592,8.00102656552039,0.6605332717514
9.164,7.99842165898592,8.00097293691261,0.652269666099547
9.166,7.99840165898592,8.0009170001591,0.634965856712305
9.168,7.99838165898592,8.00085868311178,0.608059383225463
9.17,7.99836165898592,8.00079820284205,0.572128480525826
9.172,7.99834165898592,8.00073564087346,0.52718188654617
9.174,7.99832165898592,8.00067128449727,0.474132432596992
9.176,7.99830165898592,8.00060537680382,0.413745922086428
9.178,7.99828165898592,8.0005381041409,0.346475398112175
9.18,7.99826165898592,8.00046993099037,0.274205938931796
9.182,7.99824165898592,8.00040113711352,0.197782569627799
9.184,7.99822165898592,8.00033215871015,0.119017062349378
9.186,7.99820165898592,8.00026338433183,0.0393556999610283
9.188,7.99818165898592,8.00019519898814,-0.0396056770353461
9.19,7.99816165898592,8.00012796543148,-0.116344318155391
9.192,7.99814165898592,8.00006196088345,-0.189590799573069
9.194,7.99812165898592,7.99999752836458,-0.257865105010478
9.196,7.99810165898592,7.9999348814223,-0.320072660208767
9.198,7.99808165898592,7.9998741621869,-0.375417478764918
9.2,7.99806165898592,7.99981570280495,-0.422411893654626
9.202,7.99804165898592,7.99975952158537,-0.460719862706204
9.204,7.99802165898592,7.99970571720893,-0.489729354277212
9.206,7.99800165898592,7.99965432446434,-0.509056072776119
9.208,7.99798165898592,7.99960536539986,-0.51833863398538
9.21,7.99796165898592,7.99955873439283,-0.517719081619483
9.212,7.99794165898592,7.99951429830959,-0.507476199349005
9.214,7.99792165898592,7.99947193671268,-0.487829479901019
9.216,7.99790165898592,7.99943133231706,-0.459903853682513
9.218,7.99788165898592,7.99939221703247,-0.42462738228763
9.22,7.99786165898592,7.99935431747497,-0.382898346528464
9.222,7.99784165898592,7.99931718876922,-0.33650661361219
9.224,7.99782165898592,7.99928045455063,-0.286872482039379
9.226,7.99780165898592,7.9992437438172,-0.235506226316396
9.228,7.99778165898592,7.99920667443733,-0.18395854317572
9.23,7.99776165898592,7.99916882039306,-0.133900076383217
9.232,7.99774165898592,7.99912991802635,-0.0866046128885384
9.234,7.99772165898592,7.99908964517494,-0.0434093677343277
9.236,7.99770165898592,7.99904764278723,-0.00581752614117349
9.238,7.99768165898592,7.99900388755192,0.0258242748528608
9.24,7.99766165898592,7.99895802276827,0.0500383091862049
9.242,7.99764165898592,7.99891007575886,0.0666470914032286
9.244,7.99762165898592,7.99886019656243,0.0759533762158807
9.246,7.99760165898592,7.99880835229932,0.0775396054260213
9.248,7.99758165898592,7.99875476393723,0.0719325760492928
9.25,7.99756165898592,7.99869962094477,0.059553814590472
9.252,7.99754165898592,7.99864313971032,0.040936713136305
9.254,7.99752165898592,7.99858560786723,0.0169188882578878
9.256,7.99750165898592,7.9985273835624,-0.0112079101615728
9.258,7.99748165898592,7.99846875973718,-0.0424926097495309
9.26,7.99746165898592,7.99841010309243,-0.0756524176031157
9.262,7.99744165898592,7.99835175886668,-0.109273304209113
9.264,7.99742165898592,7.99829407983326,-0.142019978988079
9.266,7.99740165898592,7.99823743098461,-0.17242344976594
9.268,7.99738165898592,7.99818213134282,-0.199107251690159
9.27,7.99736165898592,7.9981283798167,-0.221083817458573
9.272,7.99734165898592,7.9980766112602,-0.236620371171462
9.274,7.99732165898592,7.9980268888902,-0.245188716969606
9.276,7.99730165898592,7.99797941438951,-0.245828429831948
9.278,7.99728165898592,7.99793431119034,-0.237824145003215
9.28,7.99726165898592,7.99789141100533,-0.221544868065945
9.282,7.99724165898592,7.9978506845471,-0.19684274047466
9.284,7.99722165898592,7.99781204512745,-0.163738926587046
9.286,7.99720165898592,7.99777515402887,-0.123259297376708
9.288,7.99718165898592,7.99773976297968,-0.0761100940171425
9.29,7.99716165898592,7.99770561366442,-0.0230294556332866
9.292,7.99714165898592,7.99767235886931,0.0348429847737669
9.294,7.99712165898592,7.99763962219814,0.0961868690159595
9.296,7.99710165898592,7.99760704707541,0.159722757927032
9.298,7.99708165898592,7.99757429834912,0.22415165074164
9.3,7.99706165898592,7.99754105797007,0.288254050369481
9.302,7.99704165898592,7.99750701626509,0.350763427429363
9.304,7.99702165898592,7.99747194825931,0.410612258978091
9.306,7.99700165898592,7.99743556027714,0.46651550233224
9.308,7.99698165898592,7.99739771008194,0.517606822741533
9.31,7.99696165898592,7.99735827641392,0.56313036224292
9.312,7.99694165898592,7.99731708447685,0.602076794791025
9.314,7.99692165898592,7.99727406225946,0.633750274070097
9.316,7.99690165898592,7.99722931679447,0.658186091648038
9.318,7.99688165898592,7.99718281631842,0.674811828377957
9.32,7.99686165898592,7.99713472694496,0.683887246336103
9.322,7.99684165898592,7.99708520817367,0.68563292652528
9.324,7.99682165898592,7.99703447879716,0.680559460894158
9.326,7.99680165898592,7.99698272590597,0.668873841781433
9.328,7.99678165898592,7.996930268693,0.65148671795512
9.33,7.99676165898592,7.99687742472145,0.629462617510137
9.332,7.99674265898592,7.99682450080278,0.603571053421182
9.334,7.99672365898592,7.99677182581196,0.574981411713753
9.336,7.99670465898592,7.99671969677703,0.544796917637186
9.338,7.99668565898592,7.99666837823991,0.514044903921515
9.34,7.99666665898592,7.99661811848052,0.483725262346097
9.342,7.99664965898592,7.99656918619183,0.454867950478747
9.344,7.99663265898592,7.99652181541252,0.428512669854798
9.346,7.99661565898592,7.99647602462343,0.405213661733144
9.348,7.99659865898592,7.99643213455815,0.386111931722069
9.35,7.99658165898592,7.99639009947649,0.37157385894417
9.352,7.99656765898592,7.99634998596941,0.362167070052325
9.354,7.99655365898592,7.99631175670107,0.358159368329163
9.356,7.99653965898592,7.99627538020423,0.35981382069406
9.358,7.99652565898592,7.9962406422031,0.366772198668266
9.36,7.99651165898592,7.99620742739792,0.378939935757789
9.362,7.99650165898592,7.99617553840878,0.395921244545588
9.364,7.99649165898592,7.99614478864975,0.417345493632454
9.366,7.99648165898592,7.99611493568948,0.442592132017885
9.368,7.99647165898592,7.99608575278969,0.4710399953695
9.37,7.99646165898592,7.99605703479345,0.502107453037511
9.372,7.99645465898592,7.99602855640868,0.535002721129379
9.374,7.99644765898592,7.9960001220021,0.569023255875126
9.376,7.99644065898592,7.99597152457939,0.603321524160158
9.378,7.99643365898592,7.99594253571931,0.636948844643796
9.38,7.99642665898592,7.99591307038418,0.669331691497715
9.382,7.99642165898592,7.99588291924108,0.699552308091497
9.384,7.99641665898592,7.99585203148429,0.727095914722191
9.386,7.99641165898592,7.9958203759505,0.751453537806134
9.388,7.99640665898592,7.99578806526063,0.772680019971722
9.39,7.99640165898592,7.99575514530754,0.790391232655387
9.392,7.99639765898592,7.9957217871465,0.804721953248026
9.394,7.99639365898592,7.99568818370688,0.815878470178833
9.396,7.99638965898592,7.99565454849136,0.824151837373007
9.398,7.99638565898592,7.99562112287925,0.829852511814228
9.4,7.99638165898592,7.99558817343075,0.833425410699991
9.402,7.99637765898592,7.9955559371804,0.835346434667069
9.404,7.99637365898592,7.99552465723113,0.836052963585096
9.406,7.99636965898592,7.99549457570316,0.836008140546007
9.408,7.99636565898592,7.99546581400231,0.835704236066202
9.41,7.99636165898592,7.9954386217139,0.835597131107077
9.412,7.99635765898592,7.99541312362896,0.836150009849958
9.414,7.99635365898592,7.99538932659508,0.837681701797543
9.416,7.99634965898592,7.99536729938936,0.840468150155732
9.418,7.99634565898592,7.99534700696035,0.844659368448642
9.42,7.99634165898592,7.99532833438647,0.850269886332913
9.422,7.99633765898592,7.99531115677569,0.857245378479173
9.424,7.99633365898592,7.99529531720515,0.865457820201686
9.426,7.99632965898592,7.99528062249954,0.874714727681214
9.428,7.99632565898592,7.99526691489593,0.884828958302205
9.43,7.99632165898592,7.99525393068132,0.895493209481312
9.432,7.99631765898592,7.99524145225803,0.906415585417571
9.434,7.99631365898592,7.99522923754395,0.917240308987038
9.436,7.99630965898592,7.99521703017341,0.927530122317852
9.438,7.99630565898592,7.99520457411844,0.936836924355356
9.44,7.99630165898592,7.99519162958011,0.944683138534413
9.442,7.99629765898592,7.99517795005253,0.950513654005311
9.444,7.99629365898593,7.99516336232844,0.953895238310361
9.446,7.99628965898592,7.99514759675515,0.954052870241107
9.448,7.99628565898592,7.9951305721309,0.950654999911471
9.45,7.99628165898593,7.9951121459201,0.943158456890157
9.452,7.99627765898593,7.99509211678016,0.930758239572256
9.454,7.99627365898592,7.99507059614609,0.913576394196404
9.456,7.99626965898592,7.99504749361004,0.891075813159666
9.458,7.99626565898592,7.9950228398597,0.863065690457546
9.46,7.99626165898592,7.99499668378468,0.829402203267912
9.462,7.99625765898592,7.99496913476974,0.79015412790564
9.464,7.99625365898592,7.99494034196869,0.745560050750688
9.466,7.99624965898592,7.99491036438758,0.695414211596067
9.468,7.99624565898593,7.9948794721899,0.640449604165877
9.47,7.99624165898593,7.99484788025524,0.581182568716588
9.472,7.99623765898593,7.99481581872643,0.518038266144239
9.474,7.99623365898593,7.99478358444581,0.45188941214638
9.476,7.99622965898592,7.99475148641511,0.383501854489849
9.478,7.99622565898593,7.99471979955397,0.313746305017862
9.48,7.99622165898593,7.99468881241752,0.243441555458345
9.482,7.99621765898593,7.99465877406262,0.173425062147552
9.484,7.99621365898593,7.99462988578374,0.104475928669275
9.486,7.99620965898593,7.99460237419726,0.0374358859388448
9.488,7.99620565898593,7.99457640207764,-0.0269179424477944
9.49,7.99620165898593,7.9945520853129,-0.08790214656029
9.492,7.99619765898593,7.99452969727937,-0.144443953215859
9.494,7.99619365898593,7.99450921910114,-0.196142236768793
9.496,7.99618965898593,7.99449081743609,-0.242138801826948
9.498,7.99618565898593,7.99447447967203,-0.282041068558143
9.5,7.99618165898593,7.99446014494281,-0.315630524378986
9.502,7.99617765898593,7.99444785367471,-0.342356243732315
9.504,7.99617365898593,7.99443738007264,-0.362573084286219
9.506,7.99616965898593,7.9944286222687,-0.376236801272927
9.508,7.99616565898593,7.99442139772454,-0.383611098016242
9.51,7.99616165898593,7.99441550887515,-0.38501238840334
9.512,7.99615765898593,7.9944106906913,-0.381059007141112
9.514,7.99615365898593,7.99440668694196,-0.372294345941131
9.516,7.99614965898593,7.99440321838776,-0.359455965527947
9.518,7.99614565898593,7.99440000915302,-0.343317531335546
9.52,7.99614165898593,7.99439678821037,-0.324553800639131
9.522,7.99613765898593,7.99439330680822,-0.304143817851923
9.524,7.99613365898593,7.99438925886623,-0.282858412810052
9.526,7.99612965898593,7.9943844773253,-0.261659050561442
9.528,7.99612565898593,7.99437867331494,-0.241443057238508
9.53,7.99612165898593,7.99437161045657,-0.22318421403549
9.532,7.99611765898593,7.99436306836208,-0.207836789604929
9.534,7.99611365898593,7.99435297390692,-0.195982276497766
9.536,7.99610965898593,7.99434118904909,-0.188322623707329
9.538,7.99610565898593,7.99432762409535,-0.185462394842093
9.54,7.99610165898593,7.99431242813477,-0.18731345683927
9.542,7.99609765898593,7.99429563059476,-0.194088722218682
9.544,7.99609365898593,7.9942773321468,-0.205798546086767
9.546,7.99608965898593,7.99425772203124,-0.222128433203636
9.548,7.99608565898593,7.99423698856227,-0.242730249668023
9.55,7.99608165898593,7.99421533068809,-0.267217064751686
9.552,7.99607765898593,7.99419304315009,-0.294691439041103
9.554,7.99607365898593,7.99417033333742,-0.324665981694582
9.556,7.99606965898593,7.99414752865985,-0.356053860733492
9.558,7.99606565898593,7.99412493407881,-0.38772945932497
9.56,7.99606165898593,7.99410289557139,-0.418463800100458
9.562,7.99605765898593,7.9940816866514,-0.447100622746777
9.564,7.99605365898593,7.99406162992865,-0.472369196403208
9.566,7.99604965898593,7.99404308651144,-0.492818044897393
9.568,7.99604565898593,7.9940262185118,-0.507629788830404
9.57,7.99604165898593,7.99401119283677,-0.516018891310169
9.572,7.99603765898593,7.99399837817186,-0.516420412492545
9.574,7.99603365898593,7.99398763504643,-0.50907145221841
9.576,7.99602965898593,7.99397904029565,-0.493414457497497
9.578,7.99602565898593,7.99397253227311,-0.469378738891899
9.58,7.99602165898593,7.99396797054828,-0.437179502527814
9.582,7.99601665898593,7.99396519505631,-0.397078156582088
9.584,7.99601165898593,7.99396392311232,-0.349897381539452
9.586,7.99600665898593,7.99396392682422,-0.296229694480883
9.588,7.99600165898593,7.99396491371394,-0.237011570803099
9.59,7.99599665898593,7.9939665747106,-0.173237156403296
9.592,7.99598965898593,7.9939685789975,-0.106114269901546
9.594,7.99598265898593,7.99397055275358,-0.0369903453281845
9.596,7.99597565898593,7.99397216287975,0.0327405552420115
9.598,7.99596865898593,7.99397305675287,0.101728941500025
9.6,7.99596165898593,7.99397285984424,0.168471262446612
9.602,7.99595165898593,7.99397134329486,0.231808171063958
9.604,7.99594165898593,7.99396815517132,0.290275447237011
9.606,7.99593165898593,7.99396309499101,0.342821006668661
9.608,7.99592165898593,7.9939559607114,0.388430250343117
9.61,7.99591165898593,7.99394647659562,0.425804107384286
9.612,7.99589965898593,7.99393448246013,0.453996881618196
9.614,7.99588765898593,7.99392016454839,0.473379932162879
9.616,7.99587565898593,7.9939033175545,0.482839566150386
9.618,7.99586365898593,7.99388414811368,0.482833939472283
9.62,7.99585165898593,7.99386274685777,0.473338130080151
9.622,7.99583865898593,7.99383939482429,0.455123955441925
9.624,7.99582565898593,7.99381431137635,0.428693905937176
9.626,7.99581265898593,7.99378782710174,0.395054168761575
9.628,7.99579965898593,7.99376028213867,0.355240157815091
9.63,7.99578665898593,7.99373207303644,0.310684021543138
9.632,7.99577365898593,7.9937035360062,0.262510036115261
9.634,7.99576065898593,7.99367501370209,0.212019765087334
9.636,7.99574765898593,7.99364683751003,0.160425742482083
9.638,7.99573465898593,7.99361925366442,0.108929487108761
9.64,7.99572165898593,7.99359251743734,0.0585996298830495
9.642,7.99570965898593,7.99356687424584,0.0105421984187144
9.644,7.99569765898593,7.9935425133289,-0.0342556249915209
9.646,7.99568565898593,7.99351961545175,-0.0748701523700962
9.648,7.99567365898593,7.99349838062011,-0.110286855598629
9.65,7.99566165898593,7.993478871007,-0.139948677442487
9.652,7.99565065898593,7.99346122688744,-0.163044367529651
9.654,7.99563965898593,7.99344533600795,-0.179666682556737
9.656,7.99562865898593,7.99343120107269,-0.189520695510661
9.658,7.99561765898593,7.99341876827375,-0.192487944546001
9.66,7.99560665898593,7.9934078226196,-0.189092777659215
9.662,7.99559665898593,7.99339817519968,-0.179760736334073
9.664,7.99558665898593,7.99338964153502,-0.164827439245269
9.666,7.99557665898593,7.99338193514858,-0.145104538177064
9.668,7.99556665898593,7.9933747685485,-0.121570850113313
9.67,7.99555665898593,7.99336791445574,-0.094686738219234
9.672,7.99554765898593,7.99336107772726,-0.0655783730571846
9.674,7.99553865898593,7.99335399770545,-0.0351373053510225
9.676,7.99552965898593,7.99334643549019,-0.00429839526959752
9.678,7.99552065898593,7.99333818451397,0.0260545145615268
9.68,7.99551165898593,7.99332900418102,0.0549908047990367
9.682,7.99550365898593,7.99331873434268,0.0816817090490561
9.684,7.99549565898593,7.99330724534169,0.105409516096323
9.686,7.99548765898593,7.99329447030387,0.125621989679677
9.688,7.99547965898593,7.9932803565792,0.141778198279609
9.69,7.99547165898593,7.99326502281868,0.153896253383156
9.692,7.99546465898593,7.99324849711055,0.161715247828486
9.694,7.99545765898593,7.99323086143782,0.165098645884528
9.696,7.99545065898593,7.99321235634318,0.164577162223465
9.698,7.99544365898593,7.99319313900458,0.160350217726096
9.7,7.99543665898593,7.99317343156359,0.152913375251338
9.702,7.99543065898593,7.99315347082496,0.142693046685639
9.704,7.99542465898593,7.99313353016599,0.130551079806551
9.706,7.99541865898593,7.99311387342736,0.117064298892444
9.708,7.99541265898593,7.99309475440753,0.103059870245
9.71,7.99540665898593,7.99307648882623,0.0894015659103273
9.712,7.99540165898594,7.99305922238057,0.076853148591892
9.714,7.99539665898593,7.99304329696822,0.066405526588777
9.716,7.99539165898593,7.99302891433859,0.0588989410024583
9.718,7.99538665898594,7.9930162101371,0.0549862346988641
9.72,7.99538165898594,7.9930053252331,0.0553115796315067
9.722,7.99537765898594,7.99299628630454,0.0602427341872973
9.724,7.99537365898593,7.99298911577805,0.070129637127503
9.726,7.99536965898594,7.99298366061253,0.0848524016052103
9.728,7.99536565898593,7.99297992805567,0.104740854944782
9.73,7.99536165898594,7.9929776652859,0.129333212165233
9.732,7.99535865898594,7.99297680153781,0.158730558109477
9.734,7.99535565898594,7.99297704765147,0.192267387763646
9.736,7.99535265898594,7.99297821237479,0.229560616086979
9.738,7.99534965898594,7.99298007407666,0.270116451357684
9.74,7.99534665898594,7.99298236222097,0.313217424402514
9.742,7.99534465898594,7.99298479043525,0.35795142841058
9.744,7.99534265898594,7.99298707757347,0.403426141850768
9.746,7.99534065898594,7.99298892636616,0.448560337437511
9.748,7.99533865898594,7.99299007381716,0.492319436703745
9.75,7.99533665898594,7.99299023331367,0.5335705006772
9.752,7.99533565898594,7.99298918079356,0.571315800512668
9.754,7.99533465898594,7.99298669083916,0.604548355795127
9.756,7.99533365898594,7.9929826340168,0.632530438714593
9.758,7.99533265898594,7.99297694261918,0.65473075153707
9.76,7.99533165898594,7.99296956875787,0.670661142697421
9.762,7.99533165898594,7.99296053805456,0.680049374227636
9.764,7.99533165898594,7.99294999926589,0.683098281570562
9.766,7.99533165898594,7.99293805882154,0.679810392810344
9.768,7.99533165898594,7.99292490715445,0.670513850606194
9.77,7.99533165898594,7.99291075105534,0.655555146464976
9.772,7.99533265898594,7.99289583556101,0.63535624924312
9.774,7.99533365898594,7.9928804851266,0.611030414651899
9.776,7.99533465898594,7.99286493348014,0.582963236564187
9.778,7.99533565898594,7.99284948832646,0.551987545684922
9.78,7.99533665898594,7.99283444305082,0.51906833836134
9.782,7.99533865898594,7.99282007367653,0.485161361789909
9.784,7.99534065898594,7.99280665376082,0.451240684173715
9.786,7.99534265898594,7.99279441726464,0.418277076951372
9.788,7.99534465898594,7.99278359561971,0.387252802917846
9.79,7.99534665898594,7.99277438537787,0.359100980141823
9.792,7.99534965898594,7.99276703270981,0.334837268519056
9.794,7.99535265898594,7.99276167635965,0.315255329253918
9.796,7.99535565898594,7.99275847354193,0.301180009953479
9.798,7.99535865898594,7.99275737919768,0.292862187992232
9.8,7.99536165898594,7.99275847086985,0.290828430330008
9.802,7.99536565898594,7.9927617231336,0.295290795936734
9.804,7.99536965898594,7.99276693758069,0.305877353197417
9.806,7.99537365898594,7.99277400444116,0.322439991524278
9.808,7.99537765898594,7.99278272813016,0.344539276239842
9.81,7.99538165898594,7.99279290670949,0.371701474200878
9.812,7.99538665898594,7.99280425040275,0.403141245637582
9.814,7.99539165898594,7.99281644554086,0.437942481380317
9.816,7.99539665898594,7.99282919720882,0.475204852227311
9.818,7.99540165898594,7.99284222011409,0.514030430786894
9.82,7.99540665898594,7.9928552089852,0.553365990912955
9.822,7.99541265898594,7.99286789970941,0.592231988937396
9.824,7.99541865898594,7.99288004650026,0.62967175391891
9.826,7.99542465898594,7.99289142014088,0.664742888003212
9.828,7.99543065898594,7.99290180985576,0.696531550355602
9.83,7.99543665898594,7.9929109661157,0.723946385474119
9.832,7.99544365898594,7.99291874135049,0.746214656881473
9.834,7.99545065898594,7.99292501124046,0.762639381317514
9.836,7.99545765898594,7.99292971506921,0.772750170673524
9.838,7.99546465898594,7.99293268595378,0.775571436821763
9.84,7.99547165898594,7.99293409092226,0.771519404412131
9.842,7.99547965898594,7.99293390938847,0.760175629483537
9.844,7.99548765898594,7.99293223958344,0.741600099627757
9.846,7.99549565898594,7.99292928141689,0.7163180464376
9.848,7.99550365898594,7.99292523804775,0.68487268433377
9.85,7.99551165898594,7.99292030483934,0.647655295384144
9.852,7.99552165898594,7.992914782995,0.605591312742995
9.854,7.99553165898594,7.99290899410887,0.559843099641972
9.856,7.99554165898594,7.99290326036583,0.511365300637276
9.858,7.99555165898594,7.99289791671157,0.461478430770487
9.86,7.99556165898594,7.9928933084079,0.411397880144372
9.862,7.99557265898594,7.99288972962252,0.362338670656724
9.864,7.99558365898594,7.99288748680029,0.315498419602304
9.866,7.99559465898594,7.99288677459782,0.271844848145071
9.868,7.99560565898594,7.99288791596463,0.232612677982514
9.87,7.99561665898594,7.9928910847013,0.198697884392942
9.872,7.99562765898594,7.99289634432791,0.170643600899621
9.874,7.99563865898594,7.99290388404932,0.149326770682117
9.876,7.99564965898594,7.99291365675822,0.134927215085915
9.878,7.99566065898594,7.99292567603638,0.127787555737129
9.88,7.99567165898594,7.99293974175455,0.127522955075201
9.882,7.99568165898594,7.99295582225901,0.134288116962247
9.884,7.99569165898594,7.99297373007461,0.147693337437349
9.886,7.99570165898594,7.99299325709958,0.167235941816421
9.888,7.99571165898594,7.99301415161881,0.19219561508587
9.89,7.99572165898594,7.99303612724079,0.221663214524282
9.892,7.99573065898594,7.99305889055335,0.254689026589186
9.894,7.99573965898594,7.99308206146314,0.289940668496714
9.896,7.99574865898594,7.99310525961364,0.326045641098606
9.898,7.99575765898594,7.99312810084448,0.361565507711465
9.9,7.99576665898594,7.99315018039114,0.394988957782088
9.902,7.99577465898594,7.99317116356347,0.424984576412116
9.904,7.99578265898594,7.9931907523224,0.450356363293126
9.906,7.99579065898594,7.99320855000105,0.469555456780777
9.908,7.99579865898594,7.993224330455,0.481604550575638
9.91,7.99580665898594,7.99323790680527,0.485656995013302
9.912,7.99581365898594,7.99324912419962,0.480951206610382
9.914,7.99582065898594,7.99325799970219,0.467341506277356
9.916,7.99582765898595,7.99326455548931,0.444683465746952
9.918,7.99583465898595,7.99326896240304,0.413399842721137
9.92,7.99584165898594,7.99327122499626,0.373205250491538
9.922,7.99584765898594,7.99327169477039,0.325266169031389
9.924,7.99585365898595,7.99327056930465,0.270155623735061
9.926,7.99585965898594,7.99326803723395,0.208385193006695
9.928,7.99586565898595,7.99326444322491,0.141233232501982
9.93,7.99587165898595,7.99326008511054,0.0697701413917144
9.932,7.99587665898595,7.99325530438833,-0.00471165227278768
9.934,7.99588165898594,7.99325043966465,-0.0808132990582345
9.936,7.99588665898595,7.99324583115627,-0.157223432143541
9.938,7.99589165898595,7.99324181088356,-0.232506257608567
9.94,7.99589665898595,7.99323868279533,-0.305335708591581
9.942,7.99590065898595,7.99323673098709,-0.374446598883703
9.944,7.99590465898595,7.99323626564526,-0.438476315153922
9.946,7.99590865898594,7.99323756900752,-0.496142617874815
9.948,7.99591265898595,7.99324079324271,-0.546624334960784
9.95,7.99591665898595,7.99324610699238,-0.589037797601972
9.952,7.99591965898595,7.99325359930066,-0.6227475072885
9.954,7.99592265898595,7.99326310915756,-0.648109614127245
9.956,7.99592565898595,7.99327459262494,-0.664978281513084
9.958,7.99592865898595,7.99328794076775,-0.673409244259731
9.96,7.99593165898595,7.99330290945349,-0.673996807894036
9.962,7.99593365898595,7.99331921231818,-0.667560292486783
9.964,7.99593565898595,7.99333656238178,-0.654958089797677
9.966,7.99593765898595,7.99335468707906,-0.636825616078064
9.968,7.99593965898595,7.99337321036876,-0.614507235925791
9.97,7.99594165898595,7.99339181081926,-0.589078970279899
9.972,7.99594265898595,7.99341015398524,-0.561636090956749
9.974,7.99594365898595,7.99342795452593,-0.533388929148313
9.976,7.99594465898595,7.99344493186051,-0.505385171645287
9.978,7.99594565898595,7.99346084655404,-0.478659401997974
9.98,7.99594665898595,7.99347537028795,-0.454414782327099
9.982,7.99594665898595,7.99348833827277,-0.433553911755242
9.984,7.99594665898595,7.99349950661807,-0.417090072108498
9.986,7.99594665898595,7.99350870243835,-0.40586441243771
9.988,7.99594665898595,7.99351586541138,-0.400363159842776
9.99,7.99594665898595,7.99352097492331,-0.400888316769826
9.992,7.99594565898595,7.99352402086827,-0.407671905291211
9.994,7.99594465898595,7.99352512601098,-0.420501710747342
9.996,7.99594365898595,7.99352442907573,-0.439078295715181
9.998,7.99594265898595,7.99352208267295,-0.463038004888169
10,7.99594165898595,7.99351834678986,-0.491646305632779
10.002,7.99593965898595,7.99351348995485,-0.524110166450364
10.004,7.99593765898595,7.99350782104221,-0.559459763743434
10.006,7.99593565898595,7.99350167120967,-0.596595476155919
10.008,7.99593365898595,7.99349534715235,-0.634456073002922
10.01,7.99593165898595,7.99348916387097,-0.671897823718038
10.012,7.99592865898595,7.99348338628546,-0.707901705237983
10.014,7.99592565898595,7.99347826793754,-0.741458727139527
10.016,7.99592265898595,7.9934740662294,-0.771504079711311
10.018,7.99591965898595,7.99347099201579,-0.797112647105172
10.02,7.99591665898595,7.99346925176944,-0.817342432272998
10.022,7.99591265898595,7.99346894538122,-0.831642320127163
10.024,7.99590865898595,7.99347024966757,-0.839097803708037
10.026,7.99590465898595,7.99347316914823,-0.839472478491032
10.028,7.99590065898595,7.99347771961625,-0.832449295352366
10.03,7.99589665898595,7.99348384454989,-0.817990493584105
10.032,7.99589165898595,7.99349144560333,-0.79621870806811
10.034,7.99588665898595,7.99350035476597,-0.767559977431706
10.036,7.99588165898595,7.99351037937426,-0.732546675865296
10.038,7.99587665898595,7.99352132279578,-0.691628223542321
10.04,7.99587165898595,7.99353289912089,-0.645675077002218
10.042,7.99586565898595,7.99354477336425,-0.595982654188735
10.044,7.99585965898595,7.99355663136422,-0.543440817398046
10.046,7.99585365898595,7.99356812337771,-0.489395478062405
10.048,7.99584765898595,7.9935788906905,-0.43511712985539
10.05,7.99584165898595,7.99358865795616,-0.381811282511989
10.052,7.99583465898595,7.99359715494418,-0.330566355077636
10.054,7.99582765898595,7.993604008722,-0.282711058037719
10.056,7.99582065898595,7.99360906173957,-0.239123519017157
10.058,7.99581365898595,7.99361224314272,-0.200344699582537
10.06,7.99580665898595,7.99361322863558,-0.16761573414384
10.062,7.99579865898595,7.99361221627544,-0.140710002233634
10.064,7.99579065898595,7.99360907243129,-0.120327227469236
10.066,7.99578265898595,7.99360399102455,-0.106168876570321
10.068,7.99577465898595,7.99359701511268,-0.0983940554866863
10.07,7.99576665898595,7.99358832523564,-0.0966919250064202
10.072,7.99575765898595,7.99357810748915,-0.100702797559592
10.074,7.99574865898595,7.99356660689276,-0.109815002465297
10.076,7.99573965898595,7.99355402553501,-0.123542093023963
10.078,7.99573065898595,7.99354065659611,-0.140998711773653
10.08,7.99572165898595,7.99352679791305,-0.161239741622323
10.082,7.99571165898595,7.99351276382528,-0.183159108708331
10.084,7.99570165898595,7.99349888009058,-0.205636771500657
10.086,7.99569165898595,7.99348544339888,-0.227502857319707
10.088,7.99568165898595,7.99347280568714,-0.247489583428457
10.09,7.99567165898595,7.99346121503719,-0.264552167518124
10.092,7.99566065898595,7.9934509126765,-0.2777238814235
10.094,7.99564965898595,7.99344211028142,-0.286120816914301
10.096,7.99563865898595,7.99343499380879,-0.28891289162008
10.098,7.99562765898595,7.99342961908456,-0.28568717941788
10.1,7.99561665898595,7.99342590475415,-0.276521099402036
10.102,7.99560465898595,7.99342389541947,-0.261026026241248
10.104,7.99559265898595,7.99342342066943,-0.239578825858786
10.106,7.99558065898595,7.99342431423033,-0.21255138885054
10.108,7.99556865898595,7.99342637148797,-0.180469119972071
10.11,7.99555665898595,7.99342940619826,-0.143738027818861
10.112,7.99554365898596,7.99343312942233,-0.103275685383677
10.114,7.99553065898595,7.99343730399742,-0.0597161261408116
10.116,7.99551765898596,7.99344160954658,-0.0141751451464957
10.118,7.99550465898596,7.99344575426989,0.0323787670574578
10.12,7.99549165898596,7.99344943959463,0.0788339329452649
10.122,7.99547765898596,7.99345237875417,0.124086862814627
10.124,7.99546365898595,7.99345432016327,0.167100867062083
10.126,7.99544965898596,7.99345501661013,0.20684519211472
10.128,7.99543565898596,7.99345410448446,0.24191214322809
10.13,7.99542165898596,7.99345153256575,0.271834317356804
10.132,7.99540765898596,7.99344688804335,0.295018690350781
10.134,7.99539365898596,7.99344016256896,0.311155556161077
10.136,7.99537965898596,7.99343128362049,0.319770402607723
10.138,7.99536565898596,7.99342017717482,0.320382004307248
10.14,7.99535165898596,7.99340687355962,0.312868985182323
10.142,7.99533765898596,7.99339155021783,0.297666914646721
10.144,7.99532365898596,7.99337434635894,0.27506875232707
10.146,7.99530965898596,7.99335540343272,0.245331708238526
10.148,7.99529565898596,7.99333511195331,0.20973853995178
10.15,7.99528165898596,7.9933137315008,0.169086409953077
10.152,7.99526765898596,7.99329152781618,0.124113259524144
10.154,7.99525365898596,7.99326888545974,0.0761723930381337
10.156,7.99523965898596,7.99324613287665,0.0264162534764706
10.158,7.99522565898596,7.99322359945103,-0.0239770340779372
10.16,7.99521165898596,7.99320156016661,-0.0738835240384868
10.162,7.99519765898596,7.99318028135773,-0.122264551447041
10.164,7.99518365898596,7.99316001045223,-0.168085468273299
10.166,7.99516965898596,7.99314100618922,-0.210263908800121
10.168,7.99515565898596,7.99312345857601,-0.247901996554732
10.17,7.99514165898596,7.99310760515086,-0.279950907481001
10.172,7.99512765898596,7.99309351804796,-0.305922503031046
10.174,7.99511365898596,7.9930813466944,-0.325069675636533
10.176,7.99509965898596,7.99307119739973,-0.336771333456462
10.178,7.99508565898596,7.9930629509357,-0.341253465038576
10.18,7.99507165898596,7.9930565822028,-0.338400106717226
10.182,7.99505765898596,7.99305198327023,-0.32840377685859
10.184,7.99504365898596,7.99304903877226,-0.311463058885158
10.186,7.99502965898596,7.99304748912108,-0.288365269725345
10.188,7.99501565898596,7.99304712105712,-0.25967497167346
10.19,7.99500165898596,7.99304758586941,-0.226584923416226
10.192,7.99498765898596,7.99304859558256,-0.18999281138717
10.194,7.99497365898596,7.99304980350908,-0.151119822424675
10.196,7.99495965898596,7.99305086443089,-0.11116893037731
10.198,7.99494565898596,7.99305147404817,-0.0713524844471582
10.2,7.99493165898596,7.99305133718245,-0.0327669983672676
10.202,7.99491765898596,7.99305017891645,0.00349725388491081
10.204,7.99490365898596,7.99304776109387,0.0364515515720742
10.206,7.99488965898596,7.99304380057741,0.0649689743968706
10.208,7.99487565898596,7.99303816981609,0.088374555613539
10.21,7.99486165898596,7.99303075015581,0.106055675153901
10.212,7.99484765898596,7.9930213652831,0.117189013405959
10.214,7.99483365898596,7.99301010143466,0.121831530625302
10.216,7.99481965898596,7.99299699252007,0.119884586801532
10.218,7.99480565898596,7.99298210960101,0.11138854314719
10.22,7.99479165898596,7.99296553024996,0.0964038914120132
10.222,7.99477765898596,7.99294742088272,0.0753267497191107
10.224,7.99476365898596,7.99292804781109,0.0489858740844812
10.226,7.99474965898596,7.9929075596522,0.0177330296523632
10.228,7.99473565898596,7.99288627403448,-0.017380908309786
10.23,7.99472165898596,7.99286454250284,-0.0550751141158651
10.232,7.99470765898596,7.99284266281399,-0.0943304522767224
10.234,7.99469365898596,7.99282100115085,-0.133826796746284
10.236,7.99467965898596,7.99279988396204,-0.172272702043372
10.238,7.99466565898596,7.9927796362897,-0.208434563341037
10.24,7.99465165898596,7.99276062073396,-0.240930834583548
10.242,7.99463765898596,7.99274297538177,-0.269078555928404
10.244,7.99462365898596,7.99272704511753,-0.29155761918262
10.246,7.99460965898596,7.99271301110126,-0.307535325833449
10.248,7.99459565898596,7.9927008493142,-0.316894725416264
10.25,7.99458165898596,7.99269065035075,-0.319111621170482
10.252,7.99456765898596,7.99268238456401,-0.31406710871331
10.254,7.99455365898596,7.9926759373698,-0.301951849098295
10.256,7.99453965898596,7.99267113474743,-0.283199036166651
10.258,7.99452565898596,7.99266788581572,-0.257883259643004
10.26,7.99451165898596,7.99266592863876,-0.226789108457176
10.262,7.99449765898596,7.99266498545808,-0.190848328495554
10.264,7.99448365898596,7.99266487853326,-0.150466733363384
10.266,7.99446965898596,7.99266522623174,-0.107080035418635
10.268,7.99445565898596,7.99266573626184,-0.061687363056431
10.27,7.99444165898596,7.99266607004145,-0.0155310522594177
10.272,7.99442765898596,7.9926658931943,0.0300988324376133
10.274,7.99441365898596,7.99266492314353,0.0740506968455205
10.276,7.99439965898596,7.99266279832887,0.114963262498102
10.278,7.99438565898596,7.99265923315322,0.151651750096351
10.28,7.99437165898596,7.99265405318512,0.183303744411629
10.282,7.99435765898596,7.99264699572575,0.208828735426336
10.284,7.99434365898597,7.99263798265066,0.227727567395241
10.286,7.99432965898596,7.99262701828478,0.239807765209097
10.288,7.99431565898596,7.99261406760942,0.244732726448994
10.29,7.99430165898596,7.99259919285418,0.242487339785945
10.292,7.99428765898596,7.9925826089912,0.233631922526787
10.294,7.99427365898597,7.99256446658057,0.218477680449771
10.296,7.99425965898596,7.99254502394677,0.19775903237751
10.298,7.99424565898597,7.99252451966827,0.172147807933876
10.3,7.99423165898597,7.9925031981595,0.142315467999674
10.302,7.99421765898597,7.99248140732215,0.10944426623872
10.304,7.99420365898597,7.99245944202146,0.0744912635414473
10.306,7.99418965898597,7.99243761138772,0.0385833849485575
10.308,7.99417565898597,7.99241618916872,0.00276695678536255
10.31,7.99416165898597,7.99239544210773,-0.0319461437600167
10.312,7.99414765898597,7.99237565713571,-0.0644515360623646
10.314,7.99413365898597,7.99235710078556,-0.0936522999767066
10.316,7.99411965898597,7.99233989028893,-0.118917460255106
10.318,7.99410565898597,7.99232433417053,-0.139059503265421
10.32,7.99409165898597,7.99231057212589,-0.153374891875974
10.322,7.99407765898597,7.99229864362621,-0.161528845612114
10.324,7.99406365898597,7.99228862509238,-0.163080079874469
10.326,7.99404965898597,7.99228055857517,-0.157696053440058
10.328,7.99403565898597,7.99227424865154,-0.145909703966957
10.33,7.99402165898597,7.99226961713828,-0.127840429143411
10.332,7.99400765898597,7.99226649560662,-0.103930982359787
10.334,7.99399365898597,7.99226467963982,-0.0747474856612701
10.336,7.99397965898597,7.99226389994675,-0.0411048667453542
10.338,7.99396565898597,7.99226384824946,-0.00398914901625993
10.34,7.99395165898597,7.9922642126895,0.0355115319070101
10.342,7.99393765898597,7.99226472203688,0.0765514712965749
10.344,7.99392365898597,7.99226504530262,0.117955615017727
10.346,7.99390965898597,7.99226492153963,0.158694021096433
10.348,7.99389565898597,7.99226408514306,0.197777126025534
10.35,7.99388165898597,7.99226228932247,0.234229258208357
10.352,7.99386765898597,7.99225927099561,0.267008151979716
10.354,7.99385365898597,7.99225487531984,0.295392736669187
10.356,7.99383965898597,7.99224888054357,0.318453261044022
10.358,7.99382565898597,7.99224115214385,0.335521531556075
10.36,7.99381165898597,7.99223156732189,0.345954875359701
10.362,7.99379765898597,7.99222025944382,0.350050087897071
10.364,7.99378365898597,7.99220707033872,0.347025801570133
10.366,7.99376965898597,7.99219216174242,0.33729118470628
10.368,7.99375565898597,7.99217558525212,0.320832121343557
10.37,7.99374165898597,7.99215756028069,0.298307536408063
10.372,7.99372765898597,7.99213823171351,0.270059112341018
10.374,7.99371365898597,7.99211784254974,0.236822017638093
10.376,7.99369965898597,7.99209669305315,0.199602428322725
10.378,7.99368565898597,7.99207507315194,0.159387588061508
10.38,7.99367165898597,7.99205329899753,0.117260744816987
10.382,7.99365765898597,7.9920317097031,0.0744385927186008
10.384,7.99364365898597,7.99201059274665,0.0320803044523674
10.386,7.99362965898597,7.99199027112647,-0.00864773394976811
10.388,7.99361565898597,7.99197100631223,-0.0466879490127747
10.39,7.99360165898597,7.99195311677887,-0.0808212733766259
10.392,7.99358765898597,7.99193669656506,-0.110515173214965
10.394,7.99357365898597,7.99192202647069,-0.134675166035721
10.396,7.99355965898597,7.99190919493108,-0.152787168919073
10.398,7.99354565898597,7.99189820773392,-0.164624435657308
10.4,7.99353165898597,7.99188903662884,-0.170085786943765
10.402,7.99351765898597,7.99188165736615,-0.169047316259666
10.404,7.99350365898597,7.99187592597922,-0.161826658074329
10.406,7.99348965898597,7.99187173237794,-0.148621084323757
10.408,7.99347565898597,7.99186894423176,-0.129697600674666
10.41,7.99346165898597,7.99186721639793,-0.10623608918077
10.412,7.99344765898597,7.99186645734553,-0.0783423858718697
10.414,7.99343365898597,7.9918663271858,-0.0471971090351393
10.416,7.99341965898597,7.99186652130272,-0.0138824683620897
10.418,7.99340565898597,7.99186673721838,0.0205850979191007
10.42,7.99339165898597,7.99186661484359,0.0548872255662126
10.422,7.99337765898597,7.99186585731389,0.0878485016071555
10.424,7.99336365898597,7.99186413835495,0.118260147367795
10.426,7.99334965898597,7.99186117177852,0.145003724291307
10.428,7.99333565898597,7.99185664848216,0.166899755928596
10.43,7.99332165898597,7.99185038092921,0.183150238392932
10.432,7.99330765898597,7.99184217661646,0.19293270541019
10.434,7.99329365898597,7.99183208260317,0.196243093807839
10.436,7.99327965898597,7.99182000721647,0.19260504808484
10.438,7.99326565898597,7.99180598663808,0.181967403782462
10.44,7.99325165898597,7.99179022217574,0.164876890008374
10.442,7.99323765898597,7.99177284801954,0.14164982839078
10.444,7.99322365898597,7.99175403289245,0.112718030361091
10.446,7.99320965898597,7.99173401500136,0.0788009534008854
10.448,7.99319565898598,7.99171304760135,0.0407072754506419
10.45,7.99318165898597,7.99169139173323,-0.000744682355561747
10.452,7.99316765898598,7.99166938814569,-0.0442938091452564
10.454,7.99315365898598,7.99164731870953,-0.0889856044141403
10.456,7.99313965898598,7.99162549935872,-0.133623708611184
10.458,7.99312565898598,7.99160423933813,-0.177030121292931
10.46,7.99311165898598,7.9915838149365,-0.218106453821982
10.462,7.99309765898598,7.99156455828712,-0.255565764082369
10.464,7.99308365898598,7.99154668606754,-0.288489542615351
10.466,7.99306965898598,7.99153037654583,-0.31611242173894
10.468,7.99305565898598,7.99151595889861,-0.3371284736023
10.47,7.99304165898598,7.99150348171008,-0.351198709184847
10.472,7.99302765898598,7.99149301104428,-0.357935901179324
10.474,7.99301365898598,7.99148456590642,-0.357112076707196
10.476,7.99299965898598,7.99147804220831,-0.348951069517557
10.478,7.99298565898598,7.99147333133534,-0.333688696036312
10.48,7.99297165898598,7.99147029212035,-0.311655674442806
10.482,7.99295765898598,7.99146863167623,-0.283785839487428
10.484,7.99294365898598,7.99146808291437,-0.250950881788727
10.486,7.99292965898598,7.99146842416397,-0.213763723713953
10.488,7.99291565898598,7.99146929833162,-0.173462979668507
10.49,7.99290165898598,7.99147039169611,-0.131142237170042
10.492,7.99288765898598,7.99147138894732,-0.0879146889772797
10.494,7.99287365898598,7.99147200331947,-0.0448781445379155
10.496,7.99285965898598,7.99147195069483,-0.00308591950564404
10.498,7.99284565898598,7.99147100492007,0.0365215168812742
10.5,7.99283165898598,7.99146889817446,0.0729057590541228
10.502,7.99281765898598,7.99146538163948,0.105054283590882
10.504,7.99280365898598,7.9914602830643,0.132200479723029
10.506,7.99278965898598,7.9914534237098,0.153552389130109
10.508,7.99277565898598,7.99144477223826,0.168820619287294
10.51,7.99276165898598,7.99143427236126,0.17765629843407
10.512,7.99274765898598,7.99142183302334,0.179573472835574
10.514,7.99273365898598,7.99140759274111,0.174914014385889
10.516,7.99271965898598,7.99139159896597,0.16369505845499
10.518,7.99270565898598,7.99137405137109,0.14650123935912
10.52,7.99269165898598,7.99135510922047,0.123760926453044
10.522,7.99267765898598,7.99133502383666,0.0962511318753384
10.524,7.99266365898598,7.99131410243919,0.0650094699095952
10.526,7.99264965898598,7.99129260149162,0.0308548666183702
10.528,7.99263565898598,7.99127084824539,-0.00505394303293851
10.53,7.99262165898598,7.99124915638486,-0.0416140566852696
10.532,7.99260765898598,7.99122780399103,-0.0777485236589401
10.534,7.99259365898598,7.99120710340347,-0.112340523390171
10.536,7.99257965898598,7.9911873023301,-0.144403011224883
10.538,7.99256565898598,7.99116862386855,-0.173047836912793
10.54,7.99255165898598,7.99115134762853,-0.197202690963121
10.542,7.99253765898598,7.99113566625229,-0.216059255515652
10.544,7.99252365898598,7.99112165823242,-0.229203160130792
10.546,7.99250965898598,7.99110944966561,-0.236054706922037
10.548,7.99249565898598,7.9910990794321,-0.23632793102497
10.55,7.99248165898598,7.99109045839576,-0.230202883305363
10.552,7.99246765898598,7.99108355069999,-0.217673252545986
10.554,7.99245365898598,7.99107830432134,-0.198779179482657
10.556,7.99243965898598,7.99107449301171,-0.174237162932874
10.558,7.99242565898598,7.99107198383907,-0.144397806062246
10.56,7.99241165898598,7.99107055788346,-0.109957748109204
10.562,7.99239765898598,7.99106992541362,-0.0719091296048962
10.564,7.99238365898598,7.99106980088185,-0.0312541980120285
10.566,7.99236965898598,7.99106988204085,0.0109530598002225
10.568,7.99235565898598,7.99106983236877,0.0534750526975933
10.57,7.99234165898598,7.99106933051883,0.095106311486227
10.572,7.99232765898598,7.99106806412734,0.134664328541408
10.574,7.99231365898599,7.99106574154012,0.171028555883598
10.576,7.99229965898598,7.99106202613062,0.202923441579092
10.578,7.99228565898598,7.99105683622743,0.229922729396633
10.58,7.99227165898599,7.99104980562623,0.250645201888099
10.582,7.99225765898599,7.99104094186252,0.264957648016266
10.584,7.99224365898599,7.99103018714526,0.272511715691085
10.586,7.99222965898599,7.99101753678312,0.273132666479927
10.588,7.99221565898599,7.99100303902636,0.266818581981608
10.59,7.99220165898599,7.99098690967881,0.254206744439808
10.592,7.99218765898599,7.99096924525604,0.235486088331185
10.594,7.99217365898599,7.9909502603295,0.211312705157625
10.596,7.99215965898599,7.99093011453834,0.182122942520518
10.598,7.99214565898599,7.99090906416171,0.148750726760749
10.6,7.99213165898599,7.99088743619901,0.112369373538966
10.602,7.99211765898599,7.99086551104082,0.0739377833354475
10.604,7.99210365898599,7.99084361964808,0.0346720432711501
10.606,7.99208965898599,7.99082208858041,-0.00420490792992465
10.608,7.99207565898599,7.99080121539791,-0.04155151813914
10.61,7.99206165898599,7.99078136712638,-0.076021386441146
10.612,7.99204765898599,7.99076283550616,-0.106468050089913
10.614,7.99203365898599,7.99074578811445,-0.132178451508446
10.616,7.99201965898599,7.99073058976532,-0.151798169985085
10.618,7.99200565898599,7.9907172663748,-0.165084804465461
10.62,7.99199165898599,7.99070591539712,-0.171578383584957
10.622,7.99197765898599,7.99069655668192,-0.171085585671127
10.624,7.99196365898599,7.99068918900278,-0.163476026109301
10.626,7.99194965898599,7.99068357959,-0.149455430296687
10.628,7.99193565898599,7.99067968526787,-0.129035498178633
10.63,7.99192165898599,7.99067719290255,-0.10322996270908
10.632,7.99190765898599,7.99067589382457,-0.0726857720659345
10.634,7.99189365898599,7.9906755678705,-0.0380817611319324
10.636,7.99187965898599,7.99067588711427,-0.000528764433413589
10.638,7.99186565898599,7.99067653499603,0.0388691923878661
10.64,7.99185165898599,7.99067720252433,0.0789860342192421
10.642,7.99183765898599,7.99067758313821,0.118719871343518
10.644,7.99182365898599,7.99067739484205,0.156994487593361
10.646,7.99180965898599,7.99067634819678,0.192712955470995
10.648,7.99179565898599,7.99067414132331,0.224714007342172
10.65,7.99178165898599,7.99067060815137,0.252294346109906
10.652,7.99176765898599,7.99066545434833,0.274326230947113
10.654,7.99175365898599,7.99065847823439,0.289977055108705
10.656,7.99173965898599,7.990649637005,0.298981084811003
10.658,7.99172565898599,7.99063882197211,0.300846083793977
10.66,7.99171165898599,7.99062606031923,0.295568670103341
10.662,7.99169765898599,7.99061133989439,0.282992680656106
10.664,7.99168365898599,7.99059480701086,0.263543026719071
10.666,7.99166965898599,7.99057659489982,0.237587556353641
10.668,7.99165565898599,7.99055698581241,0.206066789395542
10.67,7.99164165898599,7.99053615949171,0.169513896540064
10.672,7.99162765898599,7.99051445861055,0.129123319074164
10.674,7.99161365898599,7.99049216265403,0.0858295618423963
10.676,7.99159965898599,7.99046960666762,0.0408456377752485
10.678,7.99158565898599,7.99044710264294,-0.0047262034038313
10.68,7.99157165898599,7.99042493400058,-0.0497880134467572
10.682,7.99155765898599,7.9904033715672,-0.0933236328374395
10.684,7.99154365898599,7.99038267179295,-0.134339758425856
10.686,7.99152965898599,7.99036308688638,-0.17185363084565
10.688,7.99151565898599,7.99034484851665,-0.20494051588647
10.69,7.99150165898599,7.99032814728277,-0.23281213267691
10.692,7.99148865898599,7.99031313037946,-0.254831973769281
10.694,7.99147565898599,7.99029992661409,-0.270423553197601
10.696,7.99146265898599,7.99028858115778,-0.279300881356993
10.698,7.99144965898599,7.9902790390076,-0.281548352407317
10.7,7.99143665898599,7.99027130834216,-0.277020429495648
10.702,7.99142465898599,7.99026533282598,-0.265800308206478
10.704,7.991412658986,7.99026092830404,-0.248458206561354
10.706,7.991400658986,7.99025792961551,-0.225497126317057
10.708,7.99138865898599,7.99025615251357,-0.19748555859814
10.71,7.99137665898599,7.99025535991164,-0.165205192816226
10.712,7.99136565898599,7.99025527943379,-0.12960733867573
10.714,7.99135465898599,7.99025563443022,-0.0916491850266558
10.716,7.991343658986,7.99025611517262,-0.0525008363834476
10.718,7.991332658986,7.99025645009733,-0.013147996022329
10.72,7.991321658986,7.9902563560045,0.0253440462117665
10.722,7.991311658986,7.99025557749749,0.0619896762249005
10.724,7.991301658986,7.99025381018527,0.0956557137105846
10.726,7.991291658986,7.99025085360483,0.125520281061306
10.728,7.991281658986,7.99024659705526,0.151082253878874
10.73,7.991271658986,7.99024079813238,0.171382110695869
10.732,7.991262658986,7.99023352801927,0.186525636320919
10.734,7.991253658986,7.99022478194722,0.196373023864608
10.736,7.991244658986,7.99021450990018,0.200593696046947
10.738,7.991235658986,7.99020289253001,0.199702618284435
10.74,7.991226658986,7.9901900320271,0.193929801426133
10.742,7.991218658986,7.99017609440544,0.18375574056131
10.744,7.991210658986,7.99016123704992,0.169612060999325
10.746,7.991202658986,7.99014569178757,0.152226812394012
10.748,7.991194658986,7.99012973580976,0.132558573975162
10.75,7.991186658986,7.99011363612942,0.111488284555473
10.752,7.991179658986,7.99009770877471,0.0901163733599151
10.754,7.991172658986,7.99008225768797,0.0695525511451822
10.756,7.991165658986,7.99006760013243,0.0509158388118382
10.758,7.991158658986,7.99005405983835,0.0353722471601406
10.76,7.991151658986,7.99004191688014,0.0239427520792378
10.762,7.991145658986,7.99003140013519,0.0174763075325589
10.764,7.991139658986,7.99002269755468,0.0166825499488746
10.766,7.991133658986,7.990015938292,0.0220740642741224
10.768,7.991127658986,7.9900111515924,0.0338271104098563
10.77,7.991121658986,7.99000833390422,0.0519971401451731
10.772,7.991116658986,7.99000747063358,0.0765912200118848
10.774,7.991111658986,7.99000838216857,0.107059339682606
10.776,7.991106658986,7.99001094101425,0.143006104554702
10.778,7.991101658986,7.99001496613704,0.183842308781838
10.78,7.991096658986,7.99002030590488,0.229052424406607
10.782,7.991092658986,7.99002663629083,0.277522968569764
10.784,7.991088658986,7.99003372292339,0.328407343366977
10.786,7.991084658986,7.99004126435226,0.380610030416554
10.788,7.991080658986,7.99004895546496,0.433008386861509
10.79,7.991076658986,7.99005648943969,0.484429607096037
10.792,7.991073658986,7.990063592141,0.533839489865725
10.794,7.991070658986,7.99006995777804,0.580045787359972
10.796,7.991067658986,7.9900752934821,0.621907806613033
10.798,7.991064658986,7.99007940095325,0.658655571749386
10.8,7.991061658986,7.9900820201976,0.689235750427595
10.802,7.991059658986,7.99008300033673,0.713017638404868
10.804,7.991057658986,7.99008229303277,0.729766210846257
10.806,7.991055658986,7.99007982490956,0.739109265542629
10.808,7.991053658986,7.99007564663727,0.741159851271004
10.81,7.991051658986,7.99006973819444,0.735671692927633
10.812,7.991050658986,7.99006235882477,0.723582408992816
10.814,7.991049658986,7.99005355930848,0.704847090361747
10.816,7.99104865898601,7.9900437084379,0.680885808610201
10.818,7.99104765898601,7.99003293771688,0.651911755758469
10.82,7.99104665898601,7.99002159300488,0.619191826145121
10.822,7.99104665898601,7.99000997418642,0.583791139304735
10.824,7.99104665898601,7.98999838150263,0.546701871808278
10.826,7.99104665898601,7.98998710688145,0.509063076538129
10.828,7.99104665898601,7.98997642163975,0.471858685765414
10.83,7.99104665898601,7.98996658942618,0.436076249757611
10.832,7.99104765898601,7.98995790092971,0.402764054950125
10.834,7.99104865898601,7.98995051119458,0.37263646103983
10.836,7.99104965898601,7.98994475138001,0.346813496462122
10.838,7.99105065898601,7.98994074907026,0.325884373989964
10.84,7.99105165898601,7.98993865375793,0.310449518904865
10.842,7.99105365898601,7.98993854459575,0.300873904962006
10.844,7.99105565898601,7.98994049859746,0.297489070548313
10.846,7.99105765898601,7.98994443758539,0.300128014455636
10.848,7.99105965898601,7.98995033702253,0.30875458626733
10.85,7.99106165898601,7.98995809247243,0.323064163836965
10.852,7.99106465898601,7.98996755945999,0.342603948488151
10.854,7.99106765898601,7.98997858731789,0.366874024587401
10.856,7.99107065898601,7.98999089701885,0.394953062503803
10.858,7.99107365898601,7.99000421160387,0.425906789035345
10.86,7.99107665898601,7.99001831479965,0.458943744382117
10.862,7.99108065898601,7.99003290800752,0.492986867417767
10.864,7.99108465898601,7.99004768869927,0.526962916877555
10.866,7.99108865898601,7.99006238615226,0.559862718781755
10.868,7.99109265898601,7.99007672929935,0.590676738888714
10.87,7.99109665898601,7.99009047611398,0.618514625983102
10.872,7.99110165898601,7.99010332557178,0.642199325320614
10.874,7.99110665898601,7.99011505277492,0.660899415318257
10.876,7.99111165898601,7.99012550893008,0.674070150098496
10.878,7.99111665898601,7.9901345290583,0.68105476895776
10.88,7.99112165898601,7.9901419697182,0.681250649534884
10.882,7.99112765898601,7.99014790964939,0.674971452360541
10.884,7.99113365898601,7.99015225174026,0.661734619256715
10.886,7.99113965898601,7.99015507153839,0.641767818326638
10.888,7.99114565898601,7.99015649330917,0.615491471864029
10.89,7.99115165898601,7.99015667371911,0.583459621441525
10.892,7.99115865898601,7.99015573779747,0.546038759421861
10.894,7.99116565898601,7.99015391379132,0.504031865482706
10.896,7.99117265898601,7.99015149111977,0.458542427794735
10.898,7.99117965898601,7.9901487400337,0.410500865779189
10.9,7.99118665898601,7.99014598945671,0.361128213444497
10.902,7.99119465898601,7.99014357702328,0.311686108860131
10.904,7.99120265898601,7.99014183400389,0.263415802994712
10.906,7.99121065898601,7.99014107091171,0.217505720444135
10.908,7.99121865898601,7.9901415955887,0.175113149415142
10.91,7.99122665898601,7.99014367979645,0.137278126294209
10.912,7.99123565898601,7.99014760159982,0.105033747205567
10.914,7.99124465898602,7.99015358469011,0.0792439775257376
10.916,7.99125365898601,7.99016159210624,0.0599171068821225
10.918,7.99126265898601,7.99017174905468,0.0475489523736126
10.92,7.99127165898602,7.99018402375733,0.0421200629083694
10.922,7.99128165898602,7.99019838485893,0.0435967750845085
10.924,7.99129165898602,7.99021467108095,0.0514968881682451
10.926,7.99130165898602,7.99023279306156,0.0655625923308173
10.928,7.99131165898602,7.99025248869937,0.0849330737372087
10.93,7.99132165898602,7.990273539443,0.10887316258722
10.932,7.99133265898602,7.99029578692678,0.136827858926807
10.934,7.99134365898602,7.99031884258886,0.167447589768148
10.936,7.99135465898602,7.99034242218802,0.199712836977771
10.938,7.99136565898602,7.99036617610682,0.232367080915863
10.94,7.99137665898602,7.99038976138725,0.264178716861303
10.942,7.99138865898602,7.99041283604102,0.293900372924233
10.944,7.99140065898602,7.99043508791074,0.320408282684386
10.946,7.99141265898602,7.99045622039066,0.342624284664629
10.948,7.99142465898602,7.99047593124423,0.359441382787162
10.95,7.99143665898602,7.99049399992361,0.370047382478649
10.952,7.99144965898602,7.99051040978836,0.374383040112409
10.954,7.99146265898602,7.99052502301325,0.371915268801206
10.956,7.99147565898602,7.99053775784206,0.362300665209233
10.958,7.99148865898602,7.99054881058278,0.346235302223905
10.96,7.99150165898602,7.99055828194451,0.324045142710904
10.962,7.99151565898602,7.99056621270246,0.295795106192832
10.964,7.99152965898602,7.99057295009305,0.262755526785317
10.966,7.99154365898602,7.99057866458778,0.225497241493328
10.968,7.99155765898602,7.99058362199216,0.184942566388771
10.97,7.99157165898602,7.99058816607119,0.142365717145975
10.972,7.99158765898602,7.99059258545165,0.0987912279754386
10.974,7.99160365898602,7.99059720259512,0.0554025124381186
10.976,7.99161965898602,7.99060230762019,0.0132940196135522
10.978,7.99163565898602,7.99060818811384,-0.0264704483063701
10.98,7.99165165898602,7.99061520114086,-0.0625943818660913
10.982,7.99166865898602,7.99062354222438,-0.0943117984964566
10.984,7.99168565898602,7.99063344606156,-0.120758739649698
10.986,7.99170265898602,7.99064534055884,-0.140409796360316
10.988,7.99171965898602,7.99065919779183,-0.15330649206855
10.99,7.99173665898602,7.99067526510427,-0.158560119362723
10.992,7.99175365898602,7.99069365591695,-0.155745759240595
10.994,7.99177065898602,7.99071427160038,-0.145182967601532
10.996,7.99178765898602,7.99073717391781,-0.1266387144158
10.998,7.99180465898602,7.99076217289085,-0.10076389475498
11,7.99182165898602,7.990789111675,-0.0681013220063038
11.002,7.99183765898603,7.99081787144276,-0.0290711475716568
11.004,7.99185365898602,7.99084802801956,0.0148295840894091
11.006,7.99186965898602,7.99087938440548,0.0628862493890366
11.008,7.99188565898602,7.99091157212798,0.113773065532708
11.01,7.99190165898603,7.99094425128859,0.16625333457566
11.012,7.99191665898603,7.99097706965313,0.219033749358247
11.014,7.99193165898603,7.99100970611867,0.27092734249283
11.016,7.99194665898603,7.99104186699885,0.320831860587185
11.018,7.99196165898603,7.99107324594508,0.367589348736698
11.02,7.99197665898603,7.99110358705724,0.410240534753848
11.022,7.99199065898603,7.99113259455777,0.447669420583238
11.024,7.99200465898603,7.99116003185725,0.478994143252351
11.026,7.99201865898603,7.99118572841872,0.503581186935696
11.028,7.99203265898603,7.99120954567769,0.520909653513361
11.03,7.99204665898603,7.9912312522086,0.530085529400122
11.032,7.99205965898603,7.99125085013908,0.531100347695776
11.034,7.99207265898603,7.99126832699295,0.523876941091168
11.036,7.99208565898603,7.99128372484093,0.508537410936757
11.038,7.99209865898603,7.99129713480686,0.485383576157628
11.04,7.99211165898603,7.99130868791387,0.454864017178799
11.042,7.99212365898603,7.99131857685128,0.417660115670407
11.044,7.99213565898603,7.99132700889568,0.374498782431861
11.046,7.99214765898603,7.99133432888079,0.326672768999461
11.048,7.99215965898603,7.99134076212317,0.274969286798275
11.05,7.99217165898603,7.99134665695785,0.220686705574343
11.052,7.99218265898603,7.99135234520638,0.165095589004657
11.054,7.99219365898603,7.99135813064556,0.109311833051638
11.056,7.99220465898603,7.99136431816383,0.054510539622543
11.058,7.99221565898603,7.99137118434474,0.0017544423322564
11.06,7.99222665898603,7.99137899224383,-0.0479497136132402
11.062,7.99223665898603,7.99138799383862,-0.0936352380142476
11.064,7.99224665898603,7.99139842349736,-0.134394479524542
11.066,7.99225665898603,7.99141032768736,-0.169981944100323
11.068,7.99226665898603,7.99142385689584,-0.199786539797411
11.07,7.99227665898603,7.99143905328246,-0.223565938162505
11.072,7.99228565898603,7.99145578794986,-0.241698990024249
11.074,7.99229465898603,7.99147402033251,-0.254243305405545
11.076,7.99230365898603,7.99149364391224,-0.261495805946302
11.078,7.99231265898603,7.99151456375804,-0.263701483671526
11.08,7.99232165898603,7.9915365722982,-0.261538565551453
11.082,7.99232965898603,7.99155947344967,-0.255635587019155
11.084,7.99233765898603,7.99158301153625,-0.246871793172686
11.086,7.99234565898603,7.99160695408491,-0.235994940724103
11.088,7.99235365898603,7.99163098175706,-0.224110191099214
11.09,7.99236165898603,7.99165478252581,-0.212315696876679
11.092,7.99236865898604,7.99167805667149,-0.20164767729872
11.094,7.99237565898603,7.99170041476392,-0.193399835953739
11.096,7.99238265898603,7.99172163851397,-0.188388639135621
11.098,7.99238965898603,7.99174146460555,-0.187497877705788
11.1,7.99239665898603,7.99175955905846,-0.191817911839919
11.102,7.99240265898604,7.9917758537557,-0.201610389071672
11.104,7.99240865898603,7.99179026265223,-0.217153333985419
11.106,7.99241465898604,7.99180273635841,-0.238586827803847
11.108,7.99242065898604,7.99181333000608,-0.265707578963241
11.11,7.99242665898604,7.9918220350927,-0.298475613504565
11.112,7.99243165898604,7.99182895610073,-0.336480258474326
11.114,7.99243665898604,7.99183431276266,-0.378949379901924
11.116,7.99244165898604,7.991838292382,-0.425204369273589
11.118,7.99244665898604,7.99184099705936,-0.474733874012573
11.12,7.99245165898604,7.99184275344552,-0.526379056855695
11.122,7.99245565898604,7.99184385955973,-0.579055066363453
11.124,7.99245965898604,7.99184460453419,-0.631641441486654
11.126,7.99246365898604,7.99184532384461,-0.68289535958112
11.128,7.99246765898604,7.99184633619793,-0.731647338308432
11.13,7.99247165898604,7.99184797666702,-0.776631376802346
11.132,7.99247465898604,7.99185053037243,-0.816828515195879
11.134,7.99247765898604,7.99185424421075,-0.851343326451842
11.136,7.99248065898604,7.99185938359816,-0.879159883278215
11.138,7.99248365898604,7.99186614692064,-0.899535319998162
11.14,7.99248665898604,7.99187455228403,-0.912494790834751
11.142,7.99248865898604,7.9918847385807,-0.917459015827999
11.144,7.99249065898604,7.99189669091414,-0.914483846220872
11.146,7.99249265898604,7.99191028400279,-0.904061194221445
11.148,7.99249465898604,7.99192548408346,-0.886210349642957
11.15,7.99249665898604,7.99194204776963,-0.861865196568092
11.152,7.99249765898604,7.99195979066117,-0.831654766670624
11.154,7.99249865898604,7.99197845279113,-0.796545606450296
11.156,7.99249965898604,7.99199777964474,-0.757381106460997
11.158,7.99250065898604,7.99201744575543,-0.71543882740256
11.16,7.99250165898604,7.99203716120103,-0.671737013520793
11.162,7.99250165898604,7.9920566223938,-0.627422330726783
11.164,7.99250165898604,7.99207553622161,-0.583563501739531
11.166,7.99250165898604,7.99209364691056,-0.54115511548689
11.168,7.99250165898604,7.99211062930687,-0.501333746014931
11.17,7.99250165898604,7.99212628472038,-0.464902728987254
11.172,7.99250065898604,7.9921403892216,-0.432674717495132
11.174,7.99249965898604,7.99215265012468,-0.40564716664472
11.176,7.99249865898604,7.99216304267646,-0.384023100594401
11.178,7.99249765898604,7.99217141386367,-0.368330091521385
11.18,7.99249665898604,7.9921777661795,-0.358612647006737
11.182,7.99249465898605,7.99218198253097,-0.355240337306261
11.184,7.99249265898604,7.99218421412347,-0.357755723600191
11.186,7.99249065898604,7.9921845498235,-0.365858621365082
11.188,7.99248865898605,7.99218315628428,-0.378994647945271
11.19,7.99248665898604,7.99218017626807,-0.396647553137043
11.192,7.99248365898605,7.99217583967788,-0.418013265480712
11.194,7.99248065898605,7.99217042030591,-0.442150957799356
11.196,7.99247765898605,7.99216415936238,-0.468175236720119
11.198,7.99247465898605,7.99215734777594,-0.495057729211446
11.2,7.99247165898605,7.99215025251742,-0.521831591328654
11.202,7.99246765898605,7.99214314473092,-0.547517068245654
11.204,7.99246365898605,7.99213629248571,-0.571147516018833
11.206,7.99245965898605,7.9921299417564,-0.591865158186496
11.208,7.99245565898605,7.99212438301454,-0.608578352956048
11.21,7.99245165898605,7.99211985111215,-0.620485625375116
11.212,7.99244665898605,7.99211652808901,-0.626977163070922
11.214,7.99244165898605,7.99211457124177,-0.627512613550219
11.216,7.99243665898605,7.99211408662808,-0.621737735629102
11.218,7.99243165898605,7.99211515998637,-0.609348925047715
11.22,7.99242665898605,7.99211773895853,-0.590590932651651
11.222,7.99242065898605,7.99212182053008,-0.565469586417169
11.224,7.99241465898605,7.99212727512074,-0.534502024080639
11.226,7.99240865898605,7.99213397731248,-0.498168487276301
11.228,7.99240265898605,7.99214180841848,-0.456892418284981
11.23,7.99239665898605,7.99215055071099,-0.411488737181963
11.232,7.99238965898605,7.99215991518848,-0.363085249417537
11.234,7.99238265898605,7.99216966378884,-0.312557487984221
11.236,7.99237565898605,7.99217950280836,-0.261006011568728
11.238,7.99236865898605,7.99218911547964,-0.209612313905231
11.24,7.99236165898605,7.99219820359561,-0.159511372579479
11.242,7.99235365898605,7.99220646369029,-0.111836367998552
11.244,7.99234565898605,7.99221358085833,-0.0677519704333663
11.246,7.99233765898605,7.99221931090272,-0.0281848921356096
11.248,7.99232965898605,7.99222336632552,0.00581953622722954
11.25,7.99232165898605,7.99222560650157,0.0337210213816401
11.252,7.99231265898605,7.99222577701962,0.0546101858933632
11.254,7.99230365898605,7.99222395397187,0.0687126099552297
11.256,7.99229465898605,7.99222011438831,0.0759327469936135
11.258,7.99228565898605,7.9922141612472,0.0759302722236805
11.26,7.99227665898606,7.99220623750796,0.0691968474512401
11.262,7.99226565898606,7.99219645708497,0.056136786356257
11.264,7.99225465898606,7.99218494922502,0.037220515501612
11.266,7.99224365898606,7.99217192967331,0.0132212971386823
11.268,7.99223265898606,7.99215757519565,-0.0152041003378427
11.27,7.99222165898606,7.99214218713859,-0.0469673544978449
11.272,7.99220765898606,7.99212608211413,-0.0809324138451293
11.274,7.99219365898606,7.99210956431783,-0.115981849824158
11.276,7.99217965898606,7.99209298471543,-0.150867073242835
11.278,7.99216565898606,7.9920766901458,-0.18431956335321
11.28,7.99215165898606,7.99206099981524,-0.215223737988183
11.282,7.99213365898606,7.99204617690524,-0.242647291586094
11.284,7.99211565898606,7.9920325412065,-0.265431323790811
11.286,7.99209765898606,7.99202026877999,-0.282966025521439
11.288,7.99207965898606,7.99200942888748,-0.295025028288973
11.29,7.99206165898606,7.99200011132248,-0.301284229904898
11.292,7.99204065898606,7.99199232399769,-0.301712371325863
11.294,7.99201965898606,7.99198600817692,-0.296512805785527
11.296,7.99199865898606,7.99198097287341,-0.28638143172571
11.298,7.99197765898606,7.99197708474836,-0.27178264277046
11.3,7.99195665898606,7.99197411947295,-0.253520621289235
11.302,7.99193365898606,7.99197184796635,-0.232393093586973
11.304,7.99191065898606,7.99196994032874,-0.209573204987847
11.306,7.99188765898606,7.99196805965924,-0.186279492412075
11.308,7.99186465898606,7.99196587904683,-0.163648008215006
11.31,7.99184165898606,7.99196302805375,-0.142978777892879
11.312,7.99181765898606,7.99195916482317,-0.125474419687777
11.314,7.99179365898606,7.99195396494143,-0.11225847770783
11.316,7.99176965898606,7.99194707013741,-0.104548525107268
11.318,7.99174565898606,7.99193815903109,-0.103419475244446
11.32,7.99172165898606,7.99192687664553,-0.110031226252494
11.322,7.99169765898606,7.99191317771322,-0.124506808880753
11.324,7.99167365898606,7.99189694227488,-0.147196825568268
11.326,7.99164965898606,7.99187793156298,-0.178804934152854
11.328,7.99162565898606,7.99185620034946,-0.219057920736252
11.33,7.99160165898606,7.99183191710512,-0.267302988002507
11.332,7.99157765898607,7.99180522571738,-0.322948545087588
11.334,7.99155365898607,7.99177623462913,-0.385459280818473
11.336,7.99152965898606,7.99174537599028,-0.45330781416803
11.338,7.99150565898607,7.9917129174123,-0.525439004916134
11.34,7.99148165898607,7.9916792322532,-0.600482419011152
11.342,7.99145765898607,7.99164465800686,-0.677094779457818
11.344,7.99143365898607,7.9916096400663,-0.753758851632365
11.346,7.99140965898607,7.99157451954057,-0.829112373312713
11.348,7.99138565898607,7.99153968074465,-0.901724828516864
11.35,7.99136165898607,7.99150544174593,-0.970487278242092
11.352,7.99133765898607,7.9914721524405,-1.03401288225253
11.354,7.99131365898607,7.99144008630708,-1.09134585814169
11.356,7.99128965898607,7.9914094817154,-1.14163180478858
11.358,7.99126565898607,7.99138069711857,-1.18343650075259
11.36,7.99124165898607,7.9913539033295,-1.21618038745947
11.362,7.99121765898607,7.99132929843543,-1.23910513486295
11.364,7.99119365898607,7.99130705827155,-1.25152383860967
11.366,7.99116965898607,7.99128721914418,-1.25333897726718
11.368,7.99114565898607,7.99126988573411,-1.24412035097364
11.37,7.99112165898607,7.99125506971497,-1.2238099696895
11.372,7.99109765898607,7.99124264099051,-1.19292633683238
11.374,7.99107365898607,7.99123238873004,-1.15229957856629
11.376,7.99104965898607,7.99122419205137,-1.10228168509339
11.378,7.99102565898607,7.99121762497243,-1.04456561620491
11.38,7.99100165898607,7.99121239637028,-0.980138011102283
11.382,7.99097765898607,7.99120804211765,-0.910785895348762
11.384,7.99095365898607,7.99120415722614,-0.838079421874131
11.386,7.99092965898607,7.9912003585782,-0.763373473952958
11.388,7.99090565898607,7.9911962262735,-0.688226269456866
11.39,7.99088165898607,7.99119141290878,-0.614004521977984
11.392,7.99085765898607,7.99118556305353,-0.541994475871709
11.394,7.99083365898607,7.99117833754735,-0.473456483413971
11.396,7.99080965898607,7.99116955993874,-0.409147302727413
11.398,7.99078565898607,7.99115886921766,-0.350305432030441
11.4,7.99076165898607,7.99114614122228,-0.297479562743687
11.402,7.99073765898607,7.99113119631386,-0.251335567635457
11.404,7.99071365898607,7.99111398661495,-0.212116315877032
11.406,7.99068965898607,7.99109452023497,-0.179862640218967
11.408,7.99066565898607,7.99107266190688,-0.155038133688266
11.41,7.99064165898607,7.99104857545181,-0.13715415102686
11.412,7.99061765898608,7.99102235785853,-0.125903863156024
11.414,7.99059365898608,7.99099412244632,-0.12090552958827
11.416,7.99056965898608,7.9909640677093,-0.121485471998729
11.418,7.99054565898608,7.99093252302427,-0.126541982024844
11.42,7.99052165898608,7.99089983524257,-0.134907938214262
11.422,7.99049765898608,7.99086634316961,-0.145411548192001
11.424,7.99047365898608,7.99083246855999,-0.156635084747193
11.426,7.99044965898608,7.99079861552395,-0.167202612430425
11.428,7.99042565898608,7.99076518601971,-0.175775272276784
11.43,7.99040165898608,7.99073251939298,-0.181231318020237
11.432,7.99037765898608,7.99070103932293,-0.182137236612884
11.434,7.99035365898608,7.9906710482383,-0.177531860370729
11.436,7.99032965898608,7.99064272361935,-0.166890461455594
11.438,7.99030565898608,7.99061633216069,-0.149365002295834
11.44,7.99028165898608,7.99059193166597,-0.124859811932408
11.442,7.99025765898608,7.99056948853302,-0.0935924055605722
11.444,7.99023365898608,7.99054903247709,-0.055570815160324
11.446,7.99020965898608,7.99053048459535,-0.0111949601018367
11.448,7.99018565898608,7.99051368235347,0.0388518433087619
11.45,7.99016165898608,7.99049845405525,0.0938532138948658
11.452,7.99013765898608,7.99048462423572,0.153055506171548
11.454,7.99011365898608,7.99047189138637,0.215294850224566
11.456,7.99008965898608,7.99045991909002,0.279300953935244
11.458,7.99006565898608,7.99044837434681,0.343804631982774
11.46,7.99004165898608,7.99043689458303,0.407470868860903
11.462,7.99001765898608,7.99042508123428,0.468766905404813
11.464,7.98999365898608,7.99041258832049,0.526498033418158
11.466,7.98996965898608,7.99039906581642,0.579363204857814
11.468,7.98994565898608,7.99038424457312,0.626420809138923
11.47,7.98992165898608,7.99036778603112,0.666398293452218
11.472,7.98989765898609,7.99034946737829,0.698510041162555
11.474,7.98987365898608,7.99032925254853,0.722707173638949
11.476,7.98984965898609,7.99030703093672,0.738588121071515
11.478,7.98982565898609,7.99028279243924,0.746132943669693
11.48,7.98980165898609,7.99025664262295,0.745765342862521
11.482,7.98977765898609,7.99022859254849,0.737489415393631
11.484,7.98975365898609,7.99019890702136,0.722341400076644
11.486,7.98972965898609,7.99016769773382,0.700692847730971
11.488,7.98970565898609,7.99013521382458,0.673459509420691
11.49,7.98968165898609,7.99010179515371,0.641935642832445
11.492,7.98965765898609,7.99006771260914,0.607119111814582
11.494,7.98963365898609,7.99003324171298,0.569968039686045
11.496,7.98960965898609,7.98999870569102,0.531693757828807
11.498,7.98958565898609,7.98996437557549,0.493301190336636
11.5,7.98956165898609,7.98993054913561,0.455815447638267
11.502,7.98953765898609,7.98989751922374,0.420264561040823
11.504,7.98951365898609,7.98986545049838,0.387288520053566
11.506,7.98948965898609,7.98983463142923,0.357825548730374
11.508,7.98946565898609,7.98980521079319,0.332406615562236
11.51,7.98944165898609,7.98977734502996,0.311549047394253
11.512,7.98941765898609,7.98975105787361,0.295354061549729
11.514,7.98939365898609,7.98972649320967,0.284254223534344
11.516,7.98936965898609,7.98970352867724,0.277870371318638
11.518,7.98934565898609,7.9896821499501,0.276120902238493
11.52,7.98932165898609,7.98966228384514,0.278724612215323
11.522,7.98929765898609,7.98964377065104,0.285124471431426
11.524,7.98927365898609,7.9896264389532,0.294699043550396
11.526,7.98924965898609,7.98961002607813,0.306584840782912
11.528,7.98922565898609,7.98959440755415,0.32024629750481
11.53,7.98920165898609,7.98957934441818,0.334823701424874
11.532,7.98917765898609,7.98956459622974,0.349432868316488
11.534,7.98915365898609,7.98954991290404,0.363236619896946
11.536,7.98912965898609,7.98953505778623,0.375371855354159
11.538,7.9891056589861,7.9895197962851,0.385046067175118
11.54,7.9890816589861,7.98950383234309,0.391176902469626
11.542,7.9890576589861,7.989486953299,0.393124468345578
11.544,7.9890336589861,7.98946898790303,0.390373083857294
11.546,7.9890096589861,7.98944965506474,0.381957375978611
11.548,7.9889856589861,7.98942891178841,0.367885623306118
11.55,7.9889616589861,7.98940664982963,0.347864498469829
11.552,7.9889376589861,7.98938279095945,0.32171635914852
11.554,7.9889136589861,7.98935737831997,0.289711678685297
11.556,7.9888896589861,7.98933046099249,0.252124177288287
11.558,7.9888656589861,7.98930213760181,0.209404108365238
11.56,7.9888416589861,7.9892725408105,0.162120611192465
11.562,7.9888176589861,7.98924183556612,0.110960809393654
11.564,7.9887936589861,7.98921023993904,0.0567979705613291
11.566,7.9887696589861,7.98917798049844,0.000527534142408946
11.568,7.9887456589861,7.98914528971458,-0.056921174146277
11.57,7.9887216589861,7.98911244357514,-0.114480213027972
11.572,7.9886986589861,7.98907970937646,-0.171116830152016
11.574,7.9886756589861,7.98904736245643,-0.225776439407179
11.576,7.9886526589861,7.98901567422882,-0.27743053147534
11.578,7.9886296589861,7.9889849117665,-0.325073585408434
11.58,7.9886066589861,7.98895535180053,-0.367668346805981
11.582,7.9885856589861,7.98892715677318,-0.404640734686817
11.584,7.9885646589861,7.98890058082844,-0.43503264626461
11.586,7.9885436589861,7.98887570685636,-0.458575265842805
11.588,7.9885226589861,7.98885259130104,-0.475087510110882
11.59,7.9885016589861,7.98883128125112,-0.48441309093474
11.592,7.98848365898611,7.98881176501393,-0.486618750311398
11.594,7.98846565898611,7.98879395561835,-0.482058215834058
11.596,7.98844765898611,7.98877776936068,-0.471064055847374
11.598,7.98842965898611,7.98876310775467,-0.45402174636285
11.6,7.98841165898611,7.98874986874597,-0.43132459638508
11.602,7.98839765898611,7.98873776488432,-0.404097848562837
11.604,7.98838365898611,7.98872667630978,-0.372791337679223
11.606,7.98836965898611,7.98871639949236,-0.338166623370277
11.608,7.98835565898611,7.98870662937337,-0.301387010288357
11.61,7.98834165898611,7.98869713086731,-0.263290920667786
11.612,7.98833065898611,7.98868760038702,-0.225003405005333
11.614,7.98831965898611,7.9886778150024,-0.187341619153645
11.616,7.98830865898611,7.98866748922799,-0.151298682477019
11.618,7.98829765898611,7.98865649851517,-0.11735982258421
11.62,7.98828665898611,7.98864470762556,-0.0860059596692825
11.622,7.98827765898611,7.98863202820238,-0.0575536345462777
11.624,7.98826865898611,7.98861840696922,-0.0321884476730159
11.626,7.98825965898611,7.98860386887493,-0.00982545540190385
11.628,7.98825065898611,7.98858846500232,0.00971586401448852
11.63,7.98824165898611,7.98857228690738,0.0267544258817502
11.632,7.98823365898611,7.98855545567076,0.0417103373747444
11.634,7.98822565898611,7.98853811725327,0.055090848742296
11.636,7.98821765898611,7.98852047402316,0.0675846291520786
11.638,7.98820965898611,7.98850271864807,0.0798497360570243
11.64,7.98820165898611,7.98848507633402,0.0926555374686783
11.642,7.98819365898611,7.98846779855642,0.106838490968219
11.644,7.98818565898611,7.98845111526258,0.123143274444135
11.646,7.98817765898611,7.98843524764099,0.142273023513631
11.648,7.98816965898611,7.98842050206234,0.16519370635296
11.65,7.98816165898611,7.98840698254123,0.192165042151908
11.652,7.98815365898611,7.98839484331339,0.223608622608201
11.654,7.98814565898611,7.98838423680673,0.259915771306048
11.656,7.98813765898611,7.98837528526801,0.301348273371968
11.658,7.98812965898612,7.98836796239279,0.347693974423557
11.66,7.98812165898612,7.98836225047844,0.398761208800581
11.662,7.98811365898612,7.98835819449728,0.454502215656005
11.664,7.98810565898612,7.98835566200096,0.514327949768
11.666,7.98809765898612,7.98835454074019,0.577673340150045
11.668,7.98808965898612,7.98835460830126,0.643692620345997
11.67,7.98808165898612,7.98835575040679,0.711721060449837
11.672,7.98807365898612,7.98835766975718,0.780709645495894
11.674,7.98806565898612,7.98836014266084,0.849617908588934
11.676,7.98805765898612,7.98836286785105,0.917377773574795
11.678,7.98804965898612,7.98836557203531,0.982842739346744
11.68,7.98804165898612,7.98836798127712,1.04500025098789
11.682,7.98803365898612,7.98836981737952,1.10270486426901
11.684,7.98802565898612,7.98837084203564,1.15512443974965
11.686,7.98801765898612,7.98837081117779,1.20134429945118
11.688,7.98800965898612,7.98836938893844,1.23999978286501
11.69,7.98800165898612,7.98836646011634,1.27087941651222
11.692,7.98799365898612,7.98836177991264,1.29304126008045
11.694,7.98798565898612,7.98835513722904,1.30570770885711
11.696,7.98797765898612,7.98834650071142,1.30891145071862
11.698,7.98796965898612,7.98833577299684,1.30230910017207
11.7,7.98796165898612,7.98832298859732,1.28612740467276
11.702,7.98795365898612,7.98830814664241,1.26037599241123
11.704,7.98794565898612,7.98829142075083,1.22582129732696
11.706,7.98793765898612,7.98827295745997,1.1830506303598
11.708,7.98792965898612,7.9882529239119,1.13267242831073
11.71,7.98792165898612,7.98823162721172,1.07585789823764
11.712,7.98791365898612,7.98820945822825,1.0141889085182
11.714,7.98790565898612,7.98818672885232,0.948794653330527
11.716,7.98789765898612,7.98816380648302,0.880991228696405
11.718,7.98788965898613,7.98814106050903,0.812244328123597
11.72,7.98788165898613,7.98811882696567,0.743767281657439
11.722,7.98787365898613,7.98809743379542,0.676770788082908
11.724,7.98786565898613,7.98807719871047,0.612407651410323
11.726,7.98785765898613,7.98805844180595,0.551825986616446
11.728,7.98784965898613,7.9880413479165,0.495770029244275
11.73,7.98784165898613,7.98802615465455,0.445072814779403
11.732,7.98783365898613,7.98801307647122,0.400482822802603
11.734,7.98782565898613,7.9880020818067,0.36199385114258
11.736,7.98781765898613,7.9879933541354,0.330190541347485
11.738,7.98780965898613,7.98798677257615,0.304728852575415
11.74,7.98780165898613,7.98798234461517,0.285612244718514
11.742,7.98779365898613,7.98797991092682,0.272323236662448
11.744,7.98778565898613,7.98797936349977,0.264468709531344
11.746,7.98777765898613,7.98798048174944,0.261306682281398
11.748,7.98776965898613,7.98798309960997,0.262204661492049
11.75,7.98776165898613,7.98798687207831,0.266007505429823
11.752,7.98775365898613,7.9879914679137,0.271586395368913
11.754,7.98774565898613,7.98799653409543,0.277753173110287
11.756,7.98773765898613,7.98800169753508,0.283200191843869
11.758,7.98772965898613,7.98800659213478,0.286776051348131
11.76,7.98772165898613,7.98801084836337,0.287223001882574
11.762,7.98771365898613,7.9880140611889,0.283191237611402
11.764,7.98770565898613,7.9880159217095,0.273745631753657
11.766,7.98769765898613,7.98801621102361,0.258251931688924
11.768,7.98768965898613,7.98801468218185,0.235956813388695
11.77,7.98768165898614,7.98801112532063,0.20626417229759
11.772,7.98767365898614,7.98800560911557,0.16957679342665
11.774,7.98766565898614,7.98799801289612,0.125625045678799
11.776,7.98765765898614,7.98798846576737,0.0750340999318492
11.778,7.98764965898614,7.98797706067007,0.0182990814000333
11.78,7.98764165898614,7.98796397903322,-0.0437897513353563
11.782,7.98763365898614,7.98794935607295,-0.110562193091936
11.784,7.98762565898614,7.98793349572864,-0.180822016494693
11.786,7.98761765898614,7.98791667516821,-0.253432935075897
11.788,7.98760965898614,7.9878992402705,-0.327048334892591
11.79,7.98760165898614,7.98788155054589,-0.40034618293544
11.792,7.98759365898614,7.98786395752889,-0.471936773595815
11.794,7.98758565898614,7.98784682904871,-0.540485380974975
11.796,7.98757765898614,7.98783053681663,-0.604601418943575
11.798,7.98756965898614,7.98781542637763,-0.66305555288526
11.8,7.98756165898614,7.98780177853934,-0.714875667860483
11.802,7.98755365898614,7.98778993140652,-0.758820078944744
11.804,7.98754565898614,7.98778007957896,-0.794255841684798
11.806,7.98753765898614,7.98777235550071,-0.820752493293405
11.808,7.98752965898614,7.9877669103432,-0.837760789544637
11.81,7.98752165898614,7.98776360286922,-0.845899873489064
11.812,7.98751365898614,7.9877625089859,-0.844853499740868
11.814,7.98750565898614,7.98776339667772,-0.835554134678005
11.816,7.98749765898614,7.9877661201726,-0.818547289974234
11.818,7.98748965898614,7.9877704167619,-0.794841342205243
11.82,7.98748165898614,7.98777607225334,-0.765190107554438
11.822,7.98747365898614,7.98778268815054,-0.731124696658899
11.824,7.98746565898614,7.98778996858725,-0.693727822469682
11.826,7.98745765898614,7.98779757975405,-0.654237725306776
11.828,7.98744965898615,7.98780519570602,-0.613822282250552
11.83,7.98744165898615,7.98781251083434,-0.573596748359313
11.832,7.98743365898615,7.98781919640538,-0.534698653099311
11.834,7.98742565898615,7.9878249941064,-0.498052019100652
11.836,7.98741765898615,7.98782967398751,-0.464445226691433
11.838,7.98740965898615,7.98783292218041,-0.434874843613979
11.84,7.98740165898615,7.98783461419025,-0.409767829940814
11.842,7.98739365898615,7.98783459607518,-0.389594658959518
11.844,7.98738565898615,7.98783282550014,-0.374475674582317
11.846,7.98737765898615,7.98782913810477,-0.364850904197196
11.848,7.98736965898615,7.98782368466336,-0.360227892398667
11.85,7.98736165898615,7.98781649063826,-0.360447600602451
11.852,7.98735365898615,7.9878076979558,-0.365002812000163
11.854,7.98734565898615,7.98779735818666,-0.373582612640747
11.856,7.98733765898615,7.98778573447953,-0.385281060833905
11.858,7.98732965898615,7.98777304843344,-0.399291369505236
11.86,7.98732165898615,7.98775953101707,-0.414746682801438
11.862,7.98731365898615,7.98774546157121,-0.430649447608348
11.864,7.98730565898615,7.98773111511751,-0.446009428592675
11.866,7.98729765898615,7.98771677975216,-0.459834943531889
11.868,7.98728965898615,7.98770272957039,-0.471210179013412
11.87,7.98728165898615,7.98768927572003,-0.479012198571276
11.872,7.98727365898615,7.98767664161927,-0.482618959002844
11.874,7.98726565898615,7.98766515239952,-0.480866204796694
11.876,7.98725765898616,7.98765492838107,-0.473548641582837
11.878,7.98724965898615,7.98764619423782,-0.45995098172642
11.88,7.98724165898616,7.98763903172758,-0.439951820159107
11.882,7.98723365898616,7.98763350786388,-0.413460405219822
11.884,7.98722565898616,7.98762962222662,-0.380632216021654
11.886,7.98721765898616,7.98762733587564,-0.341752550049362
11.888,7.98720965898616,7.98762657685237,-0.297220807911426
11.89,7.98720165898616,7.98762721664691,-0.247632722414657
11.892,7.98719265898616,7.98762918632329,-0.193377914504197
11.894,7.98718365898616,7.98763225417311,-0.135422133723256
11.896,7.98717465898616,7.98763615440934,-0.0748097185025304
11.898,7.98716565898616,7.98764071235765,-0.0123063585893652
11.9,7.98715665898616,7.98764561865759,0.0508894390067646
11.902,7.98714565898616,7.98765057601092,0.113642581042762
11.904,7.98713465898616,7.98765528829043,0.174805481981461
11.906,7.98712365898616,7.98765945067738,0.233229731294155
11.908,7.98711265898616,7.98766278246439,0.287877549172807
11.91,7.98710165898616,7.98766493893079,0.337444200576427
11.912,7.98708765898616,7.98766581250889,0.381627853325606
11.914,7.98707365898616,7.98766503061618,0.419005873624004
11.916,7.98705965898616,7.98766244537092,0.44909981150314
11.918,7.98704565898616,7.98765795216982,0.471590663753277
11.92,7.98703165898616,7.9876514722704,0.486252858944227
11.922,7.98701365898616,7.98764300705163,0.493164105493884
11.924,7.98699565898616,7.98763255081623,0.49236883498582
11.926,7.98697765898616,7.98762018024404,0.484224952278074
11.928,7.98695965898616,7.98760601324941,0.46924316500424
11.93,7.98694165898616,7.98759010899024,0.447712623784201
11.932,7.98692065898616,7.9875726390316,0.420348581973608
11.934,7.98689965898616,7.98755375457017,0.387780894780601
11.936,7.98687865898617,7.98753365824749,0.350817671988929
11.938,7.98685765898617,7.98751254148735,0.310213966041277
11.94,7.98683665898617,7.98749067993869,0.267003784344722
11.942,7.98681365898617,7.98746829412686,0.222014613712897
11.944,7.98679065898617,7.98744568268002,0.17632854106485
11.946,7.98676765898617,7.98742309693095,0.130852283109165
11.948,7.98674465898617,7.987400767706,0.0864081388364597
11.95,7.98672165898617,7.9873788965619,0.0437081415272379
11.952,7.98669765898617,7.9873576497147,0.00333088623882169
11.954,7.98667365898617,7.9873371250929,-0.0344000145075166
11.956,7.98664965898617,7.9873173709976,-0.0693441224738259
11.958,7.98662565898617,7.98729844369024,-0.101338144395798
11.96,7.98660165898617,7.98728029585966,-0.130587831318777
11.962,7.98657765898617,7.9872628721981,-0.157321262379911
11.964,7.98655365898617,7.98724607041179,-0.181924316497999
11.966,7.98652965898617,7.98722974865177,-0.204913026629293
11.968,7.98650565898617,7.98721374313316,-0.226870745009818
11.97,7.98648165898617,7.98719790449017,-0.248330160732704
11.972,7.98645865898617,7.98718207139179,-0.269854751229873
11.974,7.98643565898617,7.98716608156158,-0.291989488558863
11.976,7.98641265898617,7.98714978037448,-0.315229001770054
11.978,7.98638965898617,7.98713299993595,-0.340080391459449
11.98,7.98636665898617,7.98711566471364,-0.366715216734393
11.982,7.98634465898617,7.98709763948721,-0.395478006628987
11.984,7.98632265898617,7.98707884591477,-0.42650134064063
11.986,7.98630065898617,7.987059249776,-0.459771504522516
11.988,7.98627865898617,7.98703878591696,-0.495340593132971
11.99,7.98625665898617,7.98701743503371,-0.533115979496998
11.992,7.98623565898618,7.9869951592287,-0.573010855789199
11.994,7.98621465898618,7.9869720352463,-0.614666263758271
11.996,7.98619365898618,7.98694808832681,-0.657825661589574
11.998,7.98617265898618,7.98692329393069,-0.702204320500078
12,7.98615165898618,7.98689788942575,-0.74715195270132
12.002,7.98613165898618,7.98687187678128,-0.792211304692888
12.004,7.98611165898618,7.98684542773861,-0.836655998257673
12.006,7.98609165898618,7.98681871359467,-0.879959375614715
12.008,7.98607165898618,7.98679186330749,-0.921322215785793
12.01,7.98605165898618,7.98676505552136,-0.960008506980105
12.012,7.98603265898618,7.98673846552121,-0.995323682237888
12.014,7.98601365898618,7.98671228102396,-1.02655195202881
12.016,7.98599465898618,7.98668670810234,-1.0528681195883
12.018,7.98597565898618,7.98666197305562,-1.07342330442082
12.02,7.98595665898618,7.98663825889366,-1.08763955062291
12.022,7.98593865898618,7.98661576398804,-1.09483070014414
12.024,7.98592065898618,7.98659466086884,-1.09447234814722
12.026,7.98590265898618,7.98657510640995,-1.08612569237579
12.028,7.98588465898618,7.98655714078354,-1.06990412215408
12.03,7.98586665898618,7.98654094525815,-1.04520198528385
12.032,7.98584965898618,7.98652643681535,-1.01263212757341
12.034,7.98583265898618,7.9865137294367,-0.971832025764366
12.036,7.98581565898619,7.98650263809422,-0.923751471797507
12.038,7.98579865898619,7.98649307784405,-0.868833295122205
12.04,7.98578165898619,7.98648496145339,-0.807498919744403
12.042,7.98576565898619,7.98647810355592,-0.740566549136267
12.044,7.98574965898619,7.98647218604373,-0.669411293648765
12.046,7.98573365898619,7.98646703278508,-0.594745608193486
12.048,7.98571765898619,7.98646236960376,-0.517673795755876
12.05,7.98570165898619,7.98645787758788,-0.439524380692247
12.052,7.98568665898619,7.98645330525111,-0.361280505319151
12.054,7.98567165898619,7.9864483787206,-0.284022310074121
12.056,7.98565665898619,7.98644279082645,-0.208930905179224
12.058,7.98564165898619,7.98643634132523,-0.136806737751798
12.06,7.98562665898619,7.98642870570971,-0.068860744845538
12.062,7.98561265898619,7.98641973232658,-0.00567869076115449
12.064,7.98559865898619,7.98640923013872,0.0520331087293737
12.066,7.98558465898619,7.98639705331926,0.103738666814723
12.068,7.98557065898619,7.98638316099368,0.149283408564871
12.07,7.98555665898619,7.98636752523811,0.188561562092391
12.072,7.98554365898619,7.98635023531194,0.221888516660095
12.074,7.98553065898619,7.98633135898575,0.249503330853154
12.076,7.98551765898619,7.98631099558649,0.271759655532096
12.078,7.98550465898619,7.98628924055624,0.288997810460876
12.08,7.98549165898619,7.98626630038019,0.301955342647126
12.082,7.9854796589862,7.98624238176689,0.311364366918239
12.084,7.98546765898619,7.98621771804744,0.318043259574144
12.086,7.9854556589862,7.98619252353041,0.322719453995527
12.088,7.9854436589862,7.98616711646202,0.326479264711924
12.09,7.9854316589862,7.98614178518711,0.33028641434178
12.092,7.9854206589862,7.98611683947905,0.335152891686792
12.094,7.9854096589862,7.98609262568701,0.342193454594841
12.096,7.9853986589862,7.98606947424294,0.352457552058076
12.098,7.9853876589862,7.98604770697637,0.366938188016225
12.1,7.9853766589862,7.98602760085093,0.386453370044667
12.102,7.9853666589862,7.98600940218481,0.41168146414051
12.104,7.9853566589862,7.98599320898485,0.442809033764865
12.106,7.9853466589862,7.98597910106445,0.47992655773171
12.108,7.9853366589862,7.98596714118358,0.523018750847048
12.11,7.9853266589862,7.98595727447781,0.571693935359988
12.112,7.9853176589862,7.98594940680668,0.625416764502535
12.114,7.9853086589862,7.98594342860101,0.683576729708917
12.116,7.9852996589862,7.985939179617,0.745389383516418
12.118,7.9852906589862,7.98593640759426,0.809826642980277
12.12,7.9852816589862,7.98593485440516,0.875789986621066
12.122,7.9852736589862,7.9859341877236,0.942010889199302
12.124,7.9852656589862,7.98593407023038,1.00725553745258
12.126,7.9852576589862,7.98593416296966,1.07018411205102
12.128,7.9852496589862,7.98593409041369,1.12939946290625
12.13,7.9852416589862,7.98593350686268,1.18373777906462
12.132,7.98523465898621,7.98593202710616,1.23173415040124
12.134,7.98522765898621,7.98592931262071,1.27227751733794
12.136,7.98522065898621,7.98592512492426,1.30468060439877
12.138,7.98521365898621,7.98591905826627,1.32734062748334
12.14,7.98520665898621,7.98591106678255,1.34042546861229
12.142,7.98520065898621,7.98590103186239,1.34358874511379
12.144,7.98519465898621,7.98588876372147,1.33609001716962
12.146,7.98518865898621,7.98587446061214,1.31895101412127
12.148,7.98518265898621,7.98585818091482,1.29244224999333
12.15,7.98517665898621,7.98584013307191,1.25747800826013
12.152,7.98517165898621,7.98582044861197,1.21450989071535
12.154,7.98516665898621,7.98579955009179,1.16537022619963
12.156,7.98516165898621,7.9857776546109,1.11077890842884
12.158,7.98515665898621,7.98575517288335,1.05244712499354
12.16,7.98515165898621,7.98573242950457,0.99160002696188
12.162,7.98514765898621,7.98570977247393,0.929521394663583
12.164,7.98514365898621,7.98568753121554,0.867505554117173
12.166,7.98513965898621,7.98566600155046,0.806644404283553
12.168,7.98513565898621,7.98564556946212,0.748228437157427
12.17,7.98513165898621,7.98562642624002,0.693044852261379
12.172,7.98512865898621,7.9856088906371,0.642135526109277
12.174,7.98512565898621,7.98559324508443,0.596423495895923
12.176,7.98512265898621,7.98557957517096,0.55623547977938
12.178,7.98511965898622,7.98556810063397,0.522229964855115
12.18,7.98511665898622,7.98555880149558,0.494355480733572
12.182,7.98511465898622,7.98555174557093,0.472773297823026
12.184,7.98511265898622,7.98554693596778,0.457426183245125
12.186,7.98511065898622,7.98554433555175,0.44809908307199
12.188,7.98510865898622,7.98554362607732,0.443788181268203
12.19,7.98510665898622,7.98554482802722,0.444343184521179
12.192,7.98510565898622,7.98554760216152,0.448636056270028
12.194,7.98510465898622,7.98555173378233,0.455807153518345
12.196,7.98510365898622,7.98555687045997,0.464678029686081
12.198,7.98510265898622,7.98556272785459,0.474188057405638
12.2,7.98510165898622,7.98556898016705,0.483254900940587
12.202,7.98510165898622,7.98557532267704,0.490802949695457
12.204,7.98510165898622,7.98558144433767,0.495813509120324
12.206,7.98510165898622,7.98558702153239,0.497216977745691
12.208,7.98510165898622,7.98559180648857,0.494319842581881
12.21,7.98510165898622,7.98559553386134,0.486305254078075
12.212,7.98510365898622,7.98559793191427,0.472343703817999
12.214,7.98510565898622,7.98559894619829,0.452522724710742
12.216,7.98510765898622,7.98559845739277,0.426578708227412
12.218,7.98510965898622,7.98559640802647,0.394497538808606
12.22,7.98511165898622,7.98559279435083,0.356456370336582
12.222,7.98511665898623,7.98558767508566,0.312856997907286
12.224,7.98512165898623,7.9855810916484,0.264039739670737
12.226,7.98512665898623,7.98557331588284,0.211137709267792
12.228,7.98513165898623,7.98556440775743,0.154533574515704
12.23,7.98513665898623,7.98555462700697,0.0953083868840244
12.232,7.98514565898623,7.98554430443532,0.0347199043523068
12.234,7.98515465898623,7.98553371595143,-0.0261316377785157
12.236,7.98516365898623,7.98552320924132,-0.0859291627326312
12.238,7.98517265898623,7.98551311315139,-0.143482935066228
12.24,7.98518165898623,7.98550375500424,-0.197585678088381
12.242,7.98519565898623,7.98549545830022,-0.247075135631339
12.244,7.98520965898623,7.98548853773603,-0.290839228063882
12.246,7.98522365898623,7.985483250335,-0.328005889559695
12.248,7.98523765898623,7.98548000794954,-0.357108957591413
12.25,7.98525165898623,7.98547890889799,-0.377925554654949
12.252,7.98527165898623,7.98548019092198,-0.389682173995968
12.254,7.98529165898623,7.98548407470843,-0.391689169575072
12.256,7.98531165898623,7.98549061807686,-0.383883633709047
12.258,7.98533165898623,7.98549974230148,-0.36669846225968
12.26,7.98535165898623,7.98551148332211,-0.34015665304567
12.262,7.98537665898623,7.98552580591444,-0.304559162758553
12.264,7.98540165898623,7.98554273715577,-0.260020916553538
12.266,7.98542665898623,7.98556197861238,-0.207779778292143
12.268,7.98545165898623,7.98558354267672,-0.148038318967451
12.27,7.98547665898623,7.98560712217108,-0.0820385935544027
12.272,7.98550565898624,7.98563249164438,-0.0107423745851067
12.274,7.98553465898624,7.98565946705656,0.0649798940177246
12.276,7.98556365898624,7.98568764495957,0.143659012939202
12.278,7.98559265898624,7.98571674469064,0.224191738440573
12.28,7.98562165898624,7.985746476027,0.30533204759413
12.282,7.98565365898624,7.98577644878448,0.385888815020933
12.284,7.98568565898624,7.98580640725818,0.464647921917468
12.286,7.98571765898624,7.98583609896725,0.540828473469652
12.288,7.98574965898624,7.98586530500024,0.613527150561024
12.29,7.98578165898624,7.98589391874402,0.682456514842847
12.292,7.98581565898624,7.98592185174055,0.747275339939681
12.294,7.98584965898624,7.98594907748029,0.807919975373665
12.296,7.98588365898624,7.98597559456775,0.864358025574974
12.298,7.98591765898624,7.98600150580035,0.917066521943496
12.3,7.98595165898624,7.98602688906164,0.96624793661309
12.302,7.98598665898624,7.98605190317759,1.01251073057477
12.304,7.98602165898624,7.98607670626109,1.05639983200759
12.306,7.98605665898624,7.98610145860421,1.09844731844049
12.308,7.98609165898624,7.98612632125847,1.13922065369293
12.31,7.98612665898624,7.98615147717478,1.17920338149123
12.312,7.98616165898624,7.98617706795791,1.21891382176157
12.314,7.98619665898624,7.98620323900396,1.25873698751275
12.316,7.98623165898624,7.98623016138959,1.29902599683572
12.318,7.98626665898624,7.98625794173793,1.34000725755239
12.32,7.98630165898625,7.98628664530759,1.38179201819428
12.322,7.98633565898625,7.98631637813905,1.42446329125989
12.324,7.98636965898625,7.98634714464299,1.46796693020266
12.326,7.98640365898625,7.98637904285362,1.51226729033881
12.328,7.98643765898625,7.98641204725978,1.55717673016949
12.33,7.98647165898625,7.98644615648635,1.60246106176188
12.332,7.98650465898625,7.98648128840788,1.64781369480578
12.334,7.98653765898625,7.98651746020042,1.69282524867088
12.336,7.98657065898625,7.98655455792974,1.73699421261208
12.338,7.98660365898625,7.98659250693641,1.77965228503622
12.34,7.98663665898625,7.98663108602237,1.820429268122
12.342,7.98666865898625,7.98667023549452,1.85831671725786
12.344,7.98670065898625,7.98670974162209,1.8926523137457
12.346,7.98673265898625,7.9867494148828,1.92262896939039
12.348,7.98676465898625,7.98678903654899,1.94726773484724
12.35,7.98679665898625,7.98682839295902,1.96599127022553
12.352,7.98682765898625,7.98686722145333,1.97757657417879
12.354,7.98685865898625,7.98690526462839,1.98124889258151
12.356,7.98688965898625,7.98694223311474,1.97598590249457
12.358,7.98692065898626,7.98697791733934,1.96135522306443
12.36,7.98695165898626,7.98701197014027,1.93599108006999
12.362,7.98698165898626,7.98704436806358,1.90052070853796
12.364,7.98701165898626,7.98707481972875,1.85381685584217
12.366,7.98704165898626,7.98710333537695,1.79643906169583
12.368,7.98707165898626,7.98712980352121,1.72813330953434
12.37,7.98710165898626,7.98715422434607,1.64916190742823
12.372,7.98713065898626,7.9871768417758,1.56091984665377
12.374,7.98715965898626,7.98719778664428,1.46410533545165
12.376,7.98718865898626,7.98721723840294,1.35957373194432
12.378,7.98721765898626,7.98723546363233,1.24850653153146
12.38,7.98724665898626,7.98725284776209,1.13261959474953
12.382,7.98727465898626,7.98726973680456,1.0134061182379
12.384,7.98730265898626,7.98728646346291,0.89217766463025
12.386,7.98733065898626,7.98730339075865,0.770449870089072
12.388,7.98735865898626,7.98732082678223,0.64949953106405
12.39,7.98738665898626,7.98733909695833,0.530590988130209
12.392,7.98741365898626,7.98735844363585,0.414743831694072
12.394,7.98744065898626,7.98737918632608,0.303170192381701
12.396,7.98746765898626,7.98740152863575,0.196717987472199
12.398,7.98749465898626,7.98742558644867,0.0959076263847247
12.4,7.98752165898626,7.9874515764711,0.0015824431114796
12.402,7.98754765898626,7.98747961741365,-0.0857352193251781
12.404,7.98757365898626,7.98750974714775,-0.165803416644851
12.406,7.98759965898627,7.98754182167622,-0.239032949597796
12.408,7.98762565898627,7.9875758284528,-0.305387440083167
12.41,7.98765165898627,7.98761168798686,-0.365071630144299
12.412,7.98767665898627,7.98764918447625,-0.418792968099734
12.414,7.98770165898627,7.98768827341338,-0.466632811864469
12.416,7.98772665898627,7.98772870557496,-0.509412989211006
12.418,7.98775165898627,7.98777019343806,-0.548099926802895
12.42,7.98777665898627,7.98781252269124,-0.583358817304818
12.422,7.98780065898627,7.98785539710397,-0.616120785524216
12.424,7.98782465898627,7.98789847996889,-0.647481004432448
12.426,7.98784865898627,7.98794144662274,-0.678418292257011
12.428,7.98787265898627,7.98798394299803,-0.710009007332446
12.43,7.98789665898627,7.98802562804599,-0.743278499899182
12.432,7.98791965898627,7.98806608640852,-0.77938824266876
12.434,7.98794265898627,7.9881051680493,-0.81879857178663
12.436,7.98796565898627,7.9881425179388,-0.862387773135146
12.438,7.98798865898627,7.98817794223954,-0.910563183477389
12.44,7.98801165898627,7.98821130959154,-0.963488610434242
12.442,7.98803365898627,7.98824262765381,-1.02094482398492
12.444,7.98805565898627,7.98827176575077,-1.08292950833046
12.446,7.98807765898627,7.98829885692832,-1.14881676600762
12.448,7.98809965898627,7.98832399719278,-1.21802247125466
12.45,7.98812165898627,7.98834725108593,-1.28988827320606
12.452,7.98814265898628,7.98836894950236,-1.36329732050877
12.454,7.98816365898628,7.98838925777438,-1.437218832468
12.456,7.98818465898628,7.98840855674446,-1.51030537783712
12.458,7.98820565898628,7.98842719524342,-1.58126210270343
12.46,7.98822665898628,7.98844553559553,-1.64861708452959
12.462,7.98824665898628,7.98846396999326,-1.71094031514407
12.464,7.98826665898628,7.98848286306889,-1.76711617899068
12.466,7.98828665898628,7.98850257646146,-1.81578008904338
12.468,7.98830665898628,7.98852346461344,-1.85573109971806
12.47,7.98832665898628,7.98854592638519,-1.88545492419204
12.472,7.98834565898628,7.98857007939316,-1.90502869518241
12.474,7.98836465898628,7.98859626430931,-1.91302701781697
12.476,7.98838365898628,7.98862456332206,-1.90940086060194
12.478,7.98840265898628,7.98865507718063,-1.89382942304208
12.48,7.98842165898628,7.98868764603585,-1.86726221932821
12.482,7.98843965898628,7.9887222169604,-1.82995186329797
12.484,7.98845765898628,7.98875864380866,-1.78253157560695
12.486,7.98847565898628,7.98879668762242,-1.72600711071235
12.488,7.98849365898629,7.9888359476056,-1.66227442012626
12.49,7.98851165898629,7.9888762383958,-1.59183774009068
12.492,7.98852865898629,7.98891712475411,-1.5167035119134
12.494,7.98854565898629,7.98895829575016,-1.43804460363736
12.496,7.98856265898629,7.98899940858675,-1.35727287813626
12.498,7.98857965898629,7.98904009460137,-1.2757003483493
12.5,7.98859665898629,7.98908009054957,-1.19454544824176
12.502,7.98861265898629,7.98911898175182,-1.11510509477423
12.504,7.98862865898629,7.9891565245318,-1.03837841015469
12.506,7.98864465898629,7.98919247126133,-0.965245085688367
12.508,7.98866065898629,7.98922651808711,-0.896669241725348
12.51,7.98867665898629,7.98925855490935,-0.833086228460263
12.512,7.98869165898629,7.98928842146869,-0.7749862778579
12.514,7.98870665898629,7.9893160483565,-0.722582840897491
12.516,7.98872165898629,7.98934142423266,-0.675891712508234
12.518,7.98873665898629,7.98936460209244,-0.634720226715153
12.52,7.98875165898629,7.98938562153146,-0.598862916652194
12.522,7.98876565898629,7.98940461330486,-0.567829844045233
12.524,7.98877965898629,7.98942181818072,-0.540828115769502
12.526,7.98879365898629,7.98943745098103,-0.517102724863286
12.528,7.98880765898629,7.98945172514664,-0.495834132742964
12.53,7.98882165898629,7.98946497778568,-0.475955351429177
12.532,7.9888346589863,7.98947749155875,-0.456472461254279
12.534,7.9888476589863,7.98948959736187,-0.436369292783339
12.536,7.9888606589863,7.9895016079685,-0.414633360108002
12.538,7.9888736589863,7.9895138311981,-0.390388178873594
12.54,7.9888866589863,7.98952657880814,-0.362630115125394
12.542,7.9888976589863,7.98954011633885,-0.33070189066652
12.544,7.9889086589863,7.98955469472072,-0.293965377992588
12.546,7.9889196589863,7.98957042773357,-0.252343003748713
12.548,7.9889306589863,7.98958750636531,-0.205414366923393
12.55,7.9889416589863,7.98960592551372,-0.153514620242115
12.552,7.9889496589863,7.98962572967215,-0.0967545250088735
12.554,7.9889576589863,7.9896468972456,-0.0354834933255419
12.556,7.9889656589863,7.98966936668054,0.0298208830509196
12.558,7.9889736589863,7.98969306005731,0.0986106540363002
12.56,7.9889816589863,7.98971780957764,0.170079679134288
12.562,7.9889856589863,7.98974344564957,0.243348708049847
12.564,7.9889896589863,7.98976963468868,0.317223032887413
12.566,7.9889936589863,7.98979614640908,0.390650878616222
12.568,7.9889976589863,7.98982265490513,0.462322553990641
12.57,7.9890016589863,7.98984882075636,0.530963569567832
12.572,7.98900065898631,7.98987433702932,0.595445412990534
12.574,7.98899965898631,7.98989889928359,0.654640152840325
12.576,7.98899865898631,7.98992218494284,0.707340865378802
12.578,7.98899765898631,7.98994398093643,0.752875097126466
12.58,7.98899665898631,7.98996393108888,0.789889048849823
12.582,7.98898965898631,7.98998176007702,0.817460997690728
12.584,7.98898265898631,7.98999734740797,0.835324094501786
12.586,7.98897565898631,7.99001039002883,0.84242638831975
12.588,7.98896865898631,7.99002095168361,0.839248285852394
12.59,7.98896165898631,7.99002877200329,0.824923483861997
12.592,7.98894765898631,7.99003389479889,0.799831723295122
12.594,7.98893365898631,7.99003633725227,0.764239989928743
12.596,7.98891965898631,7.99003613356788,0.718490202056058
12.598,7.98890565898631,7.99003337057004,0.663141522944808
12.6,7.98889165898631,7.99002820832581,0.599021034400804
12.602,7.98886965898631,7.99002075967748,0.526772301876881
12.604,7.98884765898631,7.99001122401361,0.447327795115551
12.606,7.98882565898631,7.98999973432888,0.361396029200892
12.608,7.98880365898631,7.98998667292009,0.270472681229519
12.61,7.98878165898631,7.98997223059736,0.175409968143749
12.612,7.98875265898632,7.98995669230473,0.0773861346961968
12.614,7.98872365898631,7.98994042634174,-0.0222460914813686
12.616,7.98869465898632,7.98992369232192,-0.122452801246634
12.618,7.98866565898632,7.98990674657336,-0.222271309630615
12.62,7.98863665898632,7.98988980469371,-0.320836424258277
12.622,7.98860165898632,7.98987302810712,-0.417583021032842
12.624,7.98856665898632,7.98985652513738,-0.512095343926532
12.626,7.98853165898632,7.98984033184567,-0.604274051647161
12.628,7.98849665898632,7.98982445337612,-0.694009845062417
12.63,7.98846165898632,7.98980880398898,-0.781632552917904
12.632,7.98842165898632,7.9897932588584,-0.867490557180503
12.634,7.98838165898632,7.98977764424629,-0.952151558920458
12.636,7.98834165898632,7.98976176163682,-1.03623685507494
12.638,7.98830165898632,7.98974538805014,-1.12039509983072
12.64,7.98826165898632,7.98972831819229,-1.20525822794364
12.642,7.98821765898632,7.98971028899587,-1.29150317162641
12.644,7.98817365898632,7.98969113603224,-1.37960467746911
12.646,7.98812965898632,7.98967067200761,-1.46998075023534
12.648,7.98808565898632,7.98964860573296,-1.56314924337827
12.65,7.98804165898632,7.98962492087371,-1.65904896941914
12.652,7.98799465898633,7.98959951256619,-1.75770355549192
12.654,7.98794765898633,7.98957226407846,-1.85907143263343
12.656,7.98790065898633,7.98954311983992,-1.96293287695822
12.658,7.98785365898633,7.98951213512164,-2.06887531835659
12.66,7.98780665898633,7.98947928705611,-2.17653952410395
12.662,7.98775765898633,7.98944463647604,-2.28544128234436
12.664,7.98770865898633,7.98940812957745,-2.39509097404251
12.666,7.98765965898633,7.98936989127931,-2.50481282865444
12.668,7.98761065898633,7.98933008542056,-2.61400189437735
12.67,7.98756165898633,7.98928874376924,-2.72186887428412
12.672,7.98751165898633,7.98924605790284,-2.82758264777862
12.674,7.98746165898633,7.98920222320275,-2.93010825765046
12.676,7.98741165898633,7.98915751442473,-3.02846917646081
12.678,7.98736165898633,7.98911218289977,-3.12141500212266
12.68,7.98731165898633,7.98906652381611,-3.20813489171768
12.682,7.98726165898633,7.98902081321035,-3.28711939908618
12.684,7.98721165898633,7.98897534015689,-3.35752130857073
12.686,7.98716165898633,7.98893039117121,-3.41817158528934
12.688,7.98711165898633,7.98888622786567,-3.46834757283618
12.69,7.98706165898633,7.98884320543305,-3.50632168330139
12.692,7.98701165898633,7.98880154036774,-3.53183459754508
12.694,7.98696165898634,7.98876152432815,-3.54369133276692
12.696,7.98691165898634,7.98872340032027,-3.54107028409342
12.698,7.98686165898634,7.98868725639999,-3.52408783281075
12.7,7.98681165898634,7.98865329954553,-3.49176692721548
12.702,7.98676165898634,7.98862144426488,-3.44494566706755
12.704,7.98671165898634,7.98859167772999,-3.38367640948595
12.706,7.98666165898634,7.98856384821455,-3.30865975967657
12.708,7.98661165898634,7.98853757264121,-3.22199730631172
12.71,7.98656165898634,7.98851267309054,-3.12397659960673
12.712,7.98651165898634,7.98848869160068,-3.01676579786692
12.714,7.98646165898634,7.98846521384799,-2.90210854535815
12.716,7.98641165898634,7.98844183852026,-2.78180683904018
12.718,7.98636165898634,7.98841816602517,-2.65731255553114
12.72,7.98631165898634,7.98839376637234,-2.53022603042092
12.722,7.98626165898634,7.98836833309722,-2.4021119146714
12.724,7.98621165898634,7.9883415212202,-2.27421664089351
12.726,7.98616165898634,7.98831304311956,-2.14770661556868
12.728,7.98611165898634,7.98828255322311,-2.0237587807111
12.73,7.98606165898634,7.98824999793896,-1.90297678780437
12.732,7.98601165898635,7.98821512731027,-1.78611753077602
12.734,7.98596165898635,7.98817777054339,-1.67373174524178
12.736,7.98591165898635,7.98813808462351,-1.56564933587677
12.738,7.98586165898635,7.98809610074817,-1.46183115689694
12.74,7.98581165898635,7.98805174092178,-1.36237243755969
12.742,7.98576165898635,7.98800522141031,-1.26676302978328
12.744,7.98571165898635,7.98795676662455,-1.1744475871701
12.746,7.98566165898635,7.98790643562148,-1.08509363985767
12.748,7.98561165898635,7.98785447166337,-0.997995100397909
12.75,7.98556165898635,7.98780118323165,-0.912353238896308
12.752,7.98551165898635,7.98774681390272,-0.827430271187265
12.754,7.98546165898635,7.98769163472835,-0.742392525844016
12.756,7.98541165898635,7.98763598021153,-0.656414142364325
12.758,7.98536165898635,7.98758014819275,-0.56861568787229
12.76,7.98531165898635,7.98752446504764,-0.478201983211495
12.762,7.98526165898635,7.98746925073398,-0.384315731542428
12.764,7.98521165898635,7.98741472250487,-0.286640766835459
12.766,7.98516165898635,7.98736115572328,-0.184475172081924
12.768,7.98511165898635,7.98730864518036,-0.0779442129598604
12.77,7.98506165898636,7.98725736567457,0.0331821143678139
12.772,7.98501165898636,7.98720727627136,0.148325991827716
12.774,7.98496165898636,7.98715843702363,0.267265694773252
12.776,7.98491165898636,7.98711087268148,0.389586315648248
12.778,7.98486165898636,7.98706446768283,0.514481110801351
12.78,7.98481165898636,7.98701916090323,0.641300254638184
12.782,7.98476165898636,7.98697482042097,0.769228423051743
12.784,7.98471165898636,7.98693133310504,0.897340078752004
12.786,7.98466165898636,7.98688844273345,1.02447429653602
12.788,7.98461165898636,7.98684590510394,1.14944154093598
12.79,7.98456165898636,7.9868034407919,1.27113766025089
12.792,7.98451165898636,7.9867607565912,1.38816369014207
12.794,7.98446165898636,7.98671756354345,1.49949261090336
12.796,7.98441165898636,7.98667355842172,1.6038669547311
12.798,7.98436165898636,7.98662839337378,1.69983590227318
12.8,7.98431165898636,7.98658187458209,1.78699203518173
12.802,7.98426165898637,7.9865335385924,1.86317008798438
12.804,7.98421165898636,7.9864832871005,1.92840242422361
12.806,7.98416165898636,7.98643094886933,1.9820913753592
12.808,7.98411165898636,7.98637625617704,2.02303174849475
12.81,7.98406165898636,7.98631939085226,2.05231784058768
12.812,7.98401165898637,7.98626023117752,2.06929176387295
12.814,7.98396165898637,7.98619896975319,2.07486926657883
12.816,7.98391165898637,7.98613577446559,2.06972039884872
12.818,7.98386165898637,7.98607093030794,2.05504396105276
12.82,7.98381165898637,7.98600468605765,2.03171044356645
12.822,7.98376165898637,7.98593740143354,2.00116398609809
12.824,7.98371165898637,7.98586941606007,1.96472280612707
12.826,7.98366165898637,7.98580104892854,1.9235400374619
12.828,7.98361165898637,7.98573263310378,1.87866421891511
12.83,7.98356165898637,7.98566447406512,1.83140539991863
12.832,7.98351165898637,7.9855968252424,1.78260769924989
12.834,7.98346165898637,7.98552993602146,1.73304497710473
12.836,7.98341165898637,7.98546403694387,1.68341942200213
12.838,7.98336165898637,7.98539931923487,1.63431986208644
12.84,7.98331165898637,7.98533590061533,1.58617079086039
12.842,7.98326165898637,7.98527385218065,1.53924550639532
12.844,7.98321165898637,7.98521333456596,1.49381896105363
12.846,7.98316165898638,7.9851542923131,1.44986003363173
12.848,7.98311165898638,7.98509672573996,1.40729996752684
12.85,7.98306165898638,7.98504058798822,1.36594230278057
12.852,7.98301165898638,7.98498580928116,1.32546988786164
12.854,7.98296165898638,7.98493228527824,1.28542321575619
12.856,7.98291165898638,7.98487979444132,1.24526242170996
12.858,7.98286165898638,7.98482821625353,1.20435778884357
12.86,7.98281165898638,7.98477732759984,1.16194830801394
12.862,7.98276165898638,7.98472688249534,1.11731041010405
12.864,7.98271165898638,7.98467662799827,1.06949155401412
12.866,7.98266165898638,7.98462628408794,1.01788166588328
12.868,7.98261165898638,7.98457561860918,0.961873189189859
12.87,7.98256165898638,7.98452438628697,0.900756726086029
12.872,7.98251165898638,7.98447235627523,0.834049708760385
12.874,7.98246165898638,7.98441934269257,0.76148577007364
12.876,7.98241165898638,7.98436522054838,0.683080159299304
12.878,7.98236165898638,7.98430988874722,0.598902680395987
12.88,7.98231165898639,7.98425326262688,0.509057861303637
12.882,7.98226165898639,7.98419541113256,0.414251852796339
12.884,7.98221165898638,7.98413626507148,0.314604200364116
12.886,7.98216165898639,7.9840759842864,0.211081626816641
12.888,7.98211165898639,7.98401461186014,0.104232179196779
12.89,7.98206165898639,7.98395230666531,-0.00499891610082447
12.892,7.98201265898639,7.98388930215304,-0.11556043935611
12.894,7.98196365898639,7.98382575907514,-0.226518255095472
12.896,7.98191465898639,7.98376193663227,-0.336745615234456
12.898,7.98186565898639,7.98369809218656,-0.4451235660057
12.9,7.98181665898639,7.98363448456947,-0.550600299271145
12.902,7.98176965898639,7.98357137284188,-0.652147720652497
12.904,7.98172265898639,7.98350900772504,-0.748797136516562
12.906,7.98167565898639,7.98344770509883,-0.839227535217839
12.908,7.98162865898639,7.98338766668708,-0.922760179736493
12.91,7.98158165898639,7.98332904907455,-0.998882625828046
12.912,7.98153765898639,7.98327216168862,-1.06627546009415
12.914,7.98149365898639,7.98321694235791,-1.12545035628238
12.916,7.98144965898639,7.98316359527654,-1.17553519248146
12.918,7.98140565898639,7.98311202548976,-1.21706213232424
12.92,7.9813616589864,7.98306225730253,-1.24993139392604
12.922,7.9813216589864,7.98301417147682,-1.27469475784755
12.924,7.9812816589864,7.98296769303955,-1.29167055112341
12.926,7.9812416589864,7.98292269149156,-1.30144277816807
12.928,7.9812016589864,7.98287901446659,-1.30471491341504
12.93,7.9811616589864,7.98283662656412,-1.30161960761631
12.932,7.9811266589864,7.98279543494402,-1.29254928397371
12.934,7.9810916589864,7.98275523865172,-1.27840726088033
12.936,7.9810566589864,7.98271597803429,-1.25932057803363
12.938,7.9810216589864,7.98267747291353,-1.23593345366846
12.94,7.9809866589864,7.98263952873187,-1.20892748320661
12.942,7.9809576589864,7.98260197619176,-1.17880404047286
12.944,7.9809286589864,7.98256463449578,-1.14615654314011
12.946,7.9808996589864,7.98252735789526,-1.11143844467178
12.948,7.9808706589864,7.98249002685403,-1.07500073316895
12.95,7.9808416589864,7.98245253401325,-1.03703251836546
12.952,7.98081965898641,7.9824148122297,-0.99771299395037
12.954,7.98079765898641,7.98237682991818,-0.957055755046502
12.956,7.98077565898641,7.98233859746558,-0.914943320490061
12.958,7.98075365898641,7.98230016666181,-0.871110576420257
12.96,7.98073165898641,7.98226163020618,-0.825195900899605
12.962,7.98071765898641,7.98222311286087,-0.776749818267633
12.964,7.98070365898641,7.98218478124243,-0.72509646597737
12.966,7.98068965898641,7.98214680422195,-0.669787332571563
12.968,7.98067565898641,7.98210940893123,-0.609953884813625
12.97,7.98066165898641,7.98207285124282,-0.544786195301656
12.972,7.98065465898641,7.98203739235995,-0.47353965979637
12.974,7.98064765898641,7.98200331088036,-0.395439328795059
12.976,7.98064065898641,7.98197089930758,-0.309719513885774
12.978,7.98063365898641,7.98194046524857,-0.215592870331623
12.98,7.98062665898641,7.98191232020148,-0.112334900059101
12.982,7.98062565898641,7.98188664877834,0.000236731028658632
12.984,7.98062465898641,7.9818636248895,0.12226323779618
12.986,7.98062365898641,7.98184339492661,0.253767850107522
12.988,7.98062265898642,7.98182594952051,0.394237299906718
12.99,7.98062165898641,7.98181140869016,0.543513982682473
12.992,7.98062565898642,7.98179950026913,0.700265678063478
12.994,7.98062965898642,7.98179016694147,0.863788081072134
12.996,7.98063365898642,7.98178321904916,1.03295686360701
12.998,7.98063765898642,7.98177845702652,1.20650774431133
13,7.98064165898642,7.98177533600009,1.38259129645879
13.002,7.98064965898642,7.98177374483055,1.55997210575962
13.004,7.98065765898642,7.98177326272488,1.73700655201739
13.006,7.98066565898642,7.98177348070734,1.91218881659212
13.008,7.98067365898642,7.98177411402483,2.08390626766168
13.01,7.98068165898642,7.98177482168466,2.25080947961458
13.012,7.98069365898642,7.9817753193231,2.41165625227864
13.014,7.98070565898642,7.98177537574802,2.56553747738729
13.016,7.98071765898642,7.98177475070482,2.71117344002483
13.018,7.98072965898642,7.98177326320199,2.84786474082908
13.02,7.98074165898642,7.98177071262647,2.97451999453826
13.022,7.98075765898643,7.98176697864765,3.09057829607057
13.024,7.98077365898643,7.98176205414065,3.19619853972039
13.026,7.98078965898643,7.98175576446707,3.28986642683849
13.028,7.98080565898643,7.98174821255034,3.37229743426295
13.03,7.98082165898643,7.98173939723072,3.44314948714374
13.032,7.98084165898643,7.9817294160123,3.50286343103464
13.034,7.98086165898643,7.98171828688486,3.55088509280987
13.036,7.98088165898643,7.98170619815588,3.58812414244113
13.038,7.98090165898643,7.98169333219882,3.61519487620981
13.04,7.98092165898643,7.98167991944389,3.63305141404357
13.042,7.98094565898643,7.98166621641031,3.64218474386602
13.044,7.98096965898643,7.98165254681793,3.6438919905178
13.046,7.98099365898643,7.98163924613152,3.6393635033327
13.048,7.98101765898643,7.98162668400593,3.62976476881115
13.05,7.98104165898643,7.98161523367524,3.61631195377756
13.052,7.98106965898643,7.98160524368431,3.60023291570989
13.054,7.98109765898643,7.98159715244915,3.58263533503751
13.056,7.98112565898643,7.98159125646717,3.56459663874332
13.058,7.98115365898644,7.98158789713638,3.54693025207118
13.06,7.98118165898644,7.9815871682582,3.53016149212833
13.062,7.98121365898644,7.98158931559741,3.51462343980812
13.064,7.98124565898644,7.9815943716463,3.50035005741925
13.066,7.98127765898644,7.98160234786165,3.48719449218974
13.068,7.98130965898644,7.98161326314643,3.47486077509837
13.07,7.98134165898644,7.981626915624,3.46285354212084
13.072,7.98137765898644,7.98164321852575,3.45058633245203
13.074,7.98141365898644,7.98166192935149,3.43734892061751
13.076,7.98144965898644,7.98168288534294,3.42215540431857
13.078,7.98148565898644,7.98170572116659,3.40397062917682
13.08,7.98152165898644,7.98173010847388,3.38168192177497
13.082,7.98156165898644,7.98175566758671,3.35418911920754
13.084,7.98160165898644,7.98178202340662,3.32056568642553
13.086,7.98164165898644,7.98180885537787,3.27943415299151
13.088,7.98168165898644,7.98183580533347,3.22986324459939
13.09,7.98172165898644,7.98186257837503,3.17128522419206
13.092,7.98176565898645,7.98188893098119,3.10312298286725
13.094,7.98180965898645,7.98191468026763,3.02502109773694
13.096,7.98185365898645,7.98193972732779,2.93703708205887
13.098,7.98189765898645,7.98196406344188,2.83978781938421
13.1,7.98194165898645,7.98198766436164,2.73319041402359
13.102,7.98198965898645,7.98201064277953,2.61846493799658
13.104,7.98203765898645,7.9820331003879,2.49632244272925
13.106,7.98208565898645,7.98205517980382,2.367446134463
13.108,7.98213365898645,7.98207710030408,2.2333176320866
13.11,7.98218165898645,7.98209908741289,2.09494665385375
13.112,7.98223365898645,7.98212139270519,1.95381385743102
13.114,7.98228565898645,7.98214431285702,1.81111082675862
13.116,7.98233765898645,7.9821680949352,1.66820518880247
13.118,7.98238965898645,7.98219305265221,1.52638172946501
13.12,7.98244165898645,7.98221940262029,1.3867563955011
13.122,7.98249765898645,7.98224747029316,1.2505702047638
13.124,7.98255365898645,7.98227751153317,1.11891747087124
13.126,7.98260965898645,7.9823096599839,0.99249914900065
13.128,7.98266565898646,7.98234425271015,0.872473702472351
13.13,7.98272165898646,7.98238144681567,0.759501832595807
13.132,7.98278165898646,7.98242123679019,0.653720539599272
13.134,7.98284165898646,7.98246389293132,0.555985721221761
13.136,7.98290165898646,7.98250931389516,0.466073916271611
13.138,7.98296165898646,7.98255746932552,0.383914500049092
13.14,7.98302165898646,7.98260830279564,0.309324774366043
13.142,7.98308565898646,7.98266172759045,0.241993225601098
13.144,7.98314965898646,7.98271758775932,0.181369777894301
13.146,7.98321365898646,7.9827756041354,0.126547984411736
13.148,7.98327765898646,7.98283557422231,0.0768190901898899
13.15,7.98334165898646,7.9828972784038,0.0314072614459229
13.152,7.98340965898646,7.9829603869303,-0.0107184146688909
13.154,7.98347765898646,7.9830246137964,-0.0504645431935627
13.156,7.98354565898646,7.98308958524237,-0.0888630212748994
13.158,7.98361365898646,7.98315507420477,-0.126604050931069
13.16,7.98368165898647,7.98322079546561,-0.164422914632174
13.162,7.98375365898647,7.98328650246353,-0.202850892874249
13.164,7.98382565898647,7.98335199556079,-0.242291549615572
13.166,7.98389765898647,7.9834171233708,-0.282941353961412
13.168,7.98396965898647,7.98348177467517,-0.32487063983633
13.17,7.98404165898647,7.98354588807073,-0.367995810212426
13.172,7.98411765898647,7.98360940731026,-0.412141948438579
13.174,7.98419365898647,7.98367240408924,-0.456867591113929
13.176,7.98426965898647,7.98373493715013,-0.501746044214791
13.178,7.98434565898647,7.98379707375644,-0.546235219676201
13.18,7.98442165898647,7.98385894597424,-0.589631368303198
13.182,7.98450165898647,7.98392072112643,-0.631232324316967
13.184,7.98458165898647,7.98398257604457,-0.670265824511862
13.186,7.98466165898647,7.98404473357548,-0.705748007320147
13.188,7.98474165898647,7.98410741446912,-0.736939731036163
13.19,7.98482165898647,7.98417085472662,-0.76297234015209
13.192,7.98490565898647,7.98423530518416,-0.782963583582097
13.194,7.98498965898647,7.98430107646418,-0.795768587142704
13.196,7.98507365898648,7.98436839624169,-0.800743830412704
13.198,7.98515765898648,7.98443761115984,-0.796662857954895
13.2,7.98524165898648,7.98450882965065,-0.783443278118985
13.202,7.98532965898648,7.98458233895072,-0.760152838792719
13.204,7.98541765898648,7.98465821706721,-0.726795954180571
13.206,7.98550565898648,7.98473659229021,-0.68314994467084
13.208,7.98559365898648,7.98481739182816,-0.629811996567767
13.21,7.98568165898648,7.98490064014659,-0.566977706430769
13.212,7.98577365898648,7.98498635157672,-0.494916409373718
13.214,7.98586565898648,7.98507445437859,-0.414253762655364
13.216,7.98595765898648,7.98516465572064,-0.326341612700515
13.218,7.98604965898648,7.98525698958291,-0.231407428654773
13.22,7.98614165898648,7.98535119038472,-0.13069810657606
13.222,7.98623765898648,7.98544696304793,-0.0254877548005746
13.224,7.98633365898648,7.98554403307212,0.0830306552113982
13.226,7.98642965898649,7.98564210596902,0.193594193701671
13.228,7.98652565898649,7.98574082481798,0.304849199119014
13.23,7.98662165898649,7.98583987221253,0.415526192706256
13.232,7.98672165898649,7.9859389144638,0.524341863765983
13.234,7.98682165898649,7.98603759877256,0.62989725804654
13.236,7.98692165898649,7.98613568017131,0.73141414947771
13.238,7.98702165898649,7.98623285587983,0.827603445329611
13.24,7.98712165898649,7.98632892675911,0.91774208487392
13.242,7.98722565898649,7.98642383593336,1.0017049703614
13.244,7.98732965898649,7.98651747387679,1.07896238455667
13.246,7.98743365898649,7.98660987111985,1.14959745251914
13.248,7.98753765898649,7.986701151756,1.21409348179514
13.25,7.98764165898649,7.98679141862227,1.27274300561656
13.252,7.98774765898649,7.98688084406494,1.32613592287626
13.254,7.98785365898649,7.98696964410714,1.37502286556935
13.256,7.98795965898649,7.98705806869526,1.42025875526629
13.258,7.98806565898649,7.98714639499563,1.462833125043
13.26,7.9881716589865,7.98723491300842,1.50366670939832
13.262,7.9882776589865,7.98732394361297,1.54375336955307
13.264,7.9883836589865,7.98741381199812,1.58407340913021
13.266,7.9884896589865,7.98750483439504,1.62555758480371
13.268,7.9885956589865,7.98759731107656,1.66901163817337
13.27,7.9887016589865,7.98769150230295,1.71507428814731
13.272,7.9888056589865,7.98778757456287,1.7641195644166
13.274,7.9889096589865,7.98788576804303,1.81652949304241
13.276,7.9890136589865,7.98798606453471,1.87216669309236
13.278,7.9891176589865,7.98808855334015,1.93094886570149
13.28,7.9892216589865,7.9881932504577,1.99256468034521
13.282,7.9893216589865,7.98829992911054,2.05630043661071
13.284,7.9894216589865,7.98840849906593,2.12154799821297
13.286,7.9895216589865,7.98851883910394,2.18746533731498
13.288,7.9896216589865,7.98863068293822,2.25283558163493
13.29,7.9897216589865,7.9887435301121,2.31675422939464
13.292,7.98981765898651,7.98885728896627,2.37736490493227
13.294,7.98991365898651,7.98897143771398,2.4344198456995
13.296,7.99000965898651,7.98908570446651,2.48574646270133
13.298,7.99010565898651,7.98919963582631,2.52998077412118
13.3,7.99020165898651,7.98931289931729,2.56636072077528
13.302,7.99029365898651,7.98942502346801,2.59273074777956
13.304,7.99038565898651,7.98953569718291,2.60847166798468
13.306,7.99047765898651,7.98964455861766,2.61235066382091
13.308,7.99056965898651,7.98975114777676,2.60260790830274
13.31,7.99066165898651,7.98985519000591,2.57855481604323
13.312,7.99074965898651,7.98995636926495,2.5391794680809
13.314,7.99083765898651,7.99005430034765,2.48307450000272
13.316,7.99092565898651,7.99014897733757,2.41069806122927
13.318,7.99101365898651,7.99024030713287,2.3219215919445
13.32,7.99110165898651,7.99032808351325,2.21600304385902
13.322,7.99118565898651,7.99041254880908,2.09424576682756
13.324,7.99126965898652,7.99049394283034,1.95782186396899
13.326,7.99135365898652,7.99057263607211,1.80843107745335
13.328,7.99143765898652,7.9906489424262,1.64741412045531
13.33,7.99152165898652,7.99072341078434,1.47719377442702
13.332,7.99160165898652,7.99079649164843,1.2996955025695
13.334,7.99168165898652,7.99086859818636,1.11656046449445
13.336,7.99176165898652,7.99094027995392,0.930148784039035
13.338,7.99184165898652,7.99101195988031,0.742307497099767
13.34,7.99192165898652,7.99108404875651,0.554604324388261
13.342,7.99199765898652,7.99115691907184,0.368622779093161
13.344,7.99207365898652,7.9912309472066,0.185870171078132
13.346,7.99214965898652,7.9913062980506,0.00718908571291373
13.348,7.99222565898652,7.99138324908792,-0.166271721783537
13.35,7.99230165898652,7.9914620610261,-0.333333609466709
13.352,7.99237365898652,7.99154272091761,-0.493745668685851
13.354,7.99244565898652,7.99162533319511,-0.646837763358094
13.356,7.99251765898653,7.99170994451124,-0.792103272105975
13.358,7.99258965898653,7.99179655777514,-0.929162630195028
13.36,7.99266165898653,7.99188507647025,-1.05802210172826
13.362,7.99272965898653,7.99197533526084,-1.17899945842375
13.364,7.99279765898653,7.99206730230367,-1.29175452073415
13.366,7.99286565898653,7.99216064215905,-1.39741301146052
13.368,7.99293365898653,7.99225526897333,-1.49574905059741
13.37,7.99300165898653,7.99235084880185,-1.58775847993021
13.372,7.99306565898653,7.99244707128406,-1.67427921904194
13.374,7.99312965898653,7.99254358813849,-1.75622405027362
13.376,7.99319365898653,7.99264001625167,-1.83471921935648
13.378,7.99325765898653,7.99273599881444,-1.91086209731951
13.38,7.99332165898653,7.99283109999054,-1.98562241421173
13.382,7.99338165898654,7.99292500436496,-2.06004296138138
13.384,7.99344165898654,7.99301724262087,-2.13510061315506
13.386,7.99350165898654,7.9931075455172,-2.21156510269336
13.388,7.99356165898654,7.99319574817668,-2.28988264234058
13.39,7.99362165898654,7.9932814134679,-2.37063033150065
13.392,7.99367765898654,7.99336447349972,-2.45386978301906
13.394,7.99373365898654,7.99344485188621,-2.5395321432647
13.396,7.99378965898654,7.99352241324702,-2.62745466599918
13.398,7.99384565898654,7.9935972891191,-2.71713672283919
13.4,7.99390165898654,7.99366938549442,-2.80802235235705
13.402,7.99395365898654,7.99373907758613,-2.89917238988171
13.404,7.99400565898654,7.99380648001961,-2.98959100957982
13.406,7.99405765898654,7.99387190614158,-3.07804588203639
13.408,7.99410965898654,7.99393570166102,-3.16314627351495
13.41,7.99416165898654,7.99399826680215,-3.24335193760099
13.412,7.99420965898654,7.99406004213952,-3.31726540326179
13.414,7.99425765898654,7.99412143950688,-3.38341820030046
13.416,7.99430565898655,7.99418288604318,-3.44007280126881
13.418,7.99435365898655,7.99424480367585,-3.48598761987515
13.42,7.99440165898655,7.99430756415333,-3.51989253332666
13.422,7.99444565898655,7.99437145364488,-3.54122686258696
13.424,7.99448965898655,7.99443676286346,-3.54883962407241
13.426,7.99453365898655,7.9945036928985,-3.54216046811607
13.428,7.99457765898655,7.99457225082999,-3.52177868741588
13.43,7.99462165898655,7.99464249886672,-3.48734274468807
13.432,7.99466165898655,7.9947143240786,-3.43953355676315
13.434,7.99470165898655,7.99478748411107,-3.37974775736173
13.436,7.99474165898655,7.99486175640771,-3.30897010583404
13.438,7.99478165898655,7.99493684567504,-3.2287028311041
13.44,7.99482165898655,7.99501247449449,-3.1399372109564
13.442,7.99485765898655,7.99508828508651,-3.0443847909882
13.444,7.99489365898655,7.99516393849014,-2.94351578375717
13.446,7.99492965898656,7.99523911225103,-2.8388963456061
13.448,7.99496565898656,7.99531347505361,-2.73179478446121
13.45,7.99500165898656,7.99538664675555,-2.62354929831241
13.452,7.99503365898656,7.99545840146027,-2.51540464957165
13.454,7.99506565898656,7.99552842027028,-2.40842927548874
13.456,7.99509765898656,7.9955964955071,-2.30352882470174
13.458,7.99512965898656,7.99566227701967,-2.20169930174454
13.46,7.99516165898656,7.99572568674459,-2.10348374131548
13.462,7.99519065898656,7.99578659781472,-2.00935521801847
13.464,7.99521965898656,7.995844970678,-1.91955265701295
13.466,7.99524865898656,7.99590065377121,-1.83442336897668
13.468,7.99527765898656,7.99595376833529,-1.75375536783511
13.47,7.99530665898656,7.9960044229248,-1.67729277660832
13.472,7.99533365898656,7.99605264521353,-1.60484681315108
13.474,7.99536065898656,7.99609861777367,-1.53591243931183
13.476,7.99538765898656,7.99614255789371,-1.46990971152969
13.478,7.99541465898657,7.99618454519289,-1.40640369188724
13.48,7.99544165898657,7.99622483001711,-1.34467305491544
13.482,7.99546765898657,7.9962636518006,-1.28399662327701
13.484,7.99549365898657,7.99630123332861,-1.22361304180224
13.486,7.99551965898657,7.99633790995176,-1.1627252608615
13.488,7.99554565898657,7.99637391420063,-1.10042038519494
13.49,7.99557165898657,7.9964095892704,-1.03593774596576
13.492,7.99559765898657,7.99644520567441,-0.968583773446088
13.494,7.99562365898657,7.99648104552303,-0.897579258290647
13.496,7.99564965898657,7.99651734031669,-0.822574135477272
13.498,7.99567565898657,7.99655428944154,-0.743232096477826
13.5,7.99570165898657,7.99659202788807,-0.659492876300215
13.502,7.99572865898657,7.99663071271705,-0.571142139568292
13.504,7.99575565898657,7.99667031739328,-0.478753145301839
13.506,7.99578265898657,7.99671087305468,-0.382547222984106
13.508,7.99580965898658,7.99675232418955,-0.283064296067582
13.51,7.99583665898658,7.99679464593994,-0.180748632892294
13.512,7.99586565898658,7.99683767481044,-0.0764758512753138
13.514,7.99589465898658,7.99688132606667,0.02911738943857
13.516,7.99592365898658,7.9969254345983,0.135201214846254
13.518,7.99595265898658,7.9969698649924,0.240961665807187
13.52,7.99598165898658,7.99701443907898,0.345602042790931
13.522,7.99601365898658,7.99705899004021,0.448324218462011
13.524,7.99604565898658,7.99710332173129,0.548156218530857
13.526,7.99607765898658,7.99714723235223,0.644233909653293
13.528,7.99610965898658,7.99719050772532,0.735586746536943
13.53,7.99614165898658,7.99723305183536,0.821967300642913
13.532,7.99617565898658,7.99727465850905,0.902309310461349
13.534,7.99620965898658,7.99731522830592,0.976187212885659
13.536,7.99624365898659,7.99735479039308,1.043851088434
13.538,7.99627765898659,7.99739332548921,1.10516209602097
13.54,7.99631165898659,7.99743086373693,1.16019850813181
13.542,7.99634665898659,7.9974674943679,1.20931351558757
13.544,7.99638165898659,7.99750332631893,1.25287695167528
13.546,7.99641665898659,7.9975385306365,1.29157981740323
13.548,7.99645165898659,7.99757327555928,1.32605057516671
13.55,7.99648665898659,7.99760772980411,1.35687528611582
13.552,7.99652165898659,7.9976420696618,1.38463137313787
13.554,7.99655665898659,7.9976764771483,1.40996617685901
13.556,7.99659165898659,7.99771113384998,1.43343648117287
13.558,7.99662665898659,7.99774623586691,1.45563481582326
13.56,7.99666165898659,7.99778195687183,1.47709410269679
13.562,7.99669565898659,7.99781850387216,1.49825417837155
13.564,7.99672965898659,7.99785596209586,1.51947529832355
13.566,7.9967636589866,7.99789446436953,1.54099827767318
13.568,7.9967976589866,7.9979341513213,1.56301027862222
13.57,7.9968316589866,7.99797502066195,1.5855614966671
13.572,7.9968646589866,7.99801719152618,1.60867439963516
13.574,7.9968976589866,7.99806062741884,1.63222505905652
13.576,7.9969306589866,7.99810533228976,1.65603413183673
13.578,7.9969636589866,7.99815129446424,1.67980377052179
13.58,7.9969966589866,7.99819844420704,1.70308464720611
13.582,7.9970286589866,7.9982466299291,1.72528401546032
13.584,7.9970606589866,7.9982956657836,1.74572268038012
13.586,7.9970926589866,7.99834534530745,1.76354902070306
13.588,7.9971246589866,7.99839539119732,1.77751133175163
13.59,7.9971566589866,7.99844544579832,1.78664442251601
13.592,7.9971876589866,7.99849517941495,1.78985445029561
13.594,7.9972186589866,7.99854417206284,1.78547046772096
13.596,7.99724965898661,7.99859207452892,1.77263034100941
13.598,7.99728065898661,7.99863846254888,1.74986895207643
13.6,7.99731165898661,7.99868297639003,1.71616112845233
13.602,7.99734165898661,7.9987252119828,1.6702466239154
13.604,7.99737165898661,7.99876519276258,1.61294119268476
13.606,7.99740165898661,7.99880240833051,1.54228494170997
13.608,7.99743165898661,7.99883700074344,1.45942693835257
13.61,7.99746165898661,7.9988690152941,1.36486497161198
13.612,7.99749065898661,7.9988983868128,1.25852886140569
13.614,7.99751965898661,7.99892552021244,1.14235151185134
13.616,7.99754865898661,7.99895067290161,1.0175248439899
13.618,7.99757765898661,7.99897404083948,0.884926088498275
13.62,7.99760665898661,7.99899608233759,0.746525740872919
13.622,7.99763465898662,7.99901718541081,0.603956352530187
13.624,7.99766265898661,7.99903768191336,0.458551879039877
13.626,7.99769065898662,7.99905801874494,0.312163986641811
13.628,7.99771865898662,7.99907854445249,0.1661581765102
13.63,7.99774665898662,7.99909964274214,0.0220449354652256
13.632,7.99777365898662,7.99912160549703,-0.11901260839574
13.634,7.99780065898662,7.99914478592955,-0.255642172405819
13.636,7.99782765898662,7.99916940553143,-0.386939351636151
13.638,7.99785465898662,7.99919569599456,-0.511946648082661
13.64,7.99788165898662,7.99922392481118,-0.629525240647529
13.642,7.99790765898662,7.9992541306363,-0.739387524989024
13.644,7.99793365898662,7.9992864592507,-0.840813616882589
13.646,7.99795965898662,7.99932104986002,-0.933076725961517
13.648,7.99798565898662,7.99935790514001,-1.01599031725993
13.65,7.99801165898662,7.9993970775242,-1.08914506037353
13.652,7.99803665898663,7.99943838526489,-1.15312531777312
13.654,7.99806165898663,7.99948178545944,-1.20791592494066
13.656,7.99808665898663,7.99952724445777,-1.25338534744258
13.658,7.99811165898663,7.99957439132211,-1.29089688419786
13.66,7.99813665898663,7.99962306208765,-1.32079682974177
13.662,7.99816065898663,7.99967290497097,-1.34425399327287
13.664,7.99818465898663,7.99972355868562,-1.36238177669837
13.666,7.99820865898663,7.99977464808738,-1.37658176164427
13.668,7.99823265898663,7.99982580737145,-1.3878039894063
13.67,7.99825665898663,7.99987659595755,-1.39741999718478
13.672,7.99827965898663,7.99992670417541,-1.40664470863444
13.674,7.99830265898663,7.99997573641969,-1.41648159182561
13.676,7.99832565898663,8.00002332017432,-1.42799156761708
13.678,7.99834865898663,8.00006921107342,-1.44196992393077
13.68,7.99837165898663,8.00011311254599,-1.45916258052616
13.682,7.99839265898664,8.00015486973706,-1.47998143536469
13.684,7.99841365898664,8.00019440104371,-1.50461135075525
13.686,7.99843465898664,8.0002314593201,-1.53341876325304
13.688,7.99845565898664,8.00026604241481,-1.56623191681606
13.69,7.99847665898664,8.00029831901228,-1.6025253372968
13.692,7.99849465898664,8.00032829044432,-1.64193027360797
13.694,7.99851265898664,8.00035613384542,-1.68369972378334
13.696,7.99853065898664,8.00038207505865,-1.72689377962093
13.698,7.99854865898664,8.00040641720495,-1.77033624440225
13.7,7.99856665898664,8.00042954242123,-1.81276251662003
13.702,7.99858065898664,8.00045181159932,-1.85281140847235
13.704,7.99859465898664,8.00047362552086,-1.88918427404743
13.706,7.99860865898664,8.00049536547309,-1.92052278637725
13.708,7.99862265898664,8.00051744073706,-1.9452958446302
13.71,7.99863665898665,8.00054019646382,-1.9626200238315
13.712,7.99864565898665,8.00056397697505,-1.97121651929444
13.714,7.99865465898665,8.00058898737945,-1.97067143928846
13.716,7.99866365898665,8.0006154688092,-1.96004361180091
13.718,7.99867265898665,8.00064343908343,-1.93963331541419
13.72,7.99868165898665,8.00067292601354,-1.90941621899957
13.722,7.99868465898665,8.00070382443381,-1.87001199917273
13.724,7.99868765898665,8.00073600047389,-1.82201704868937
13.726,7.99869065898665,8.00076924374289,-1.76631265344053
13.728,7.99869365898665,8.00080326325642,-1.70421675475603
13.73,7.99869665898665,8.00083776739432,-1.63693827826882
13.732,7.99869265898665,8.00087244230308,-1.56576692710876
13.734,7.99868865898665,8.00090690867062,-1.49204650005642
13.736,7.99868465898665,8.00094080716001,-1.41739299850082
13.738,7.99868065898665,8.00097376270256,-1.34320050937539
13.74,7.99867665898666,8.00100536130152,-1.27096782909005
13.742,7.99866665898666,8.001035215003,-1.20214133645235
13.744,7.99865665898666,8.00106295623123,-1.138059600674
13.746,7.99864665898666,8.00108825668036,-1.0799043287445
13.748,7.99863665898666,8.00111083781901,-1.02867148809737
13.75,7.99862665898666,8.00113028332906,-0.985661028555269
13.752,7.99861165898666,8.00114664423417,-0.950876023783864
13.754,7.99859665898666,8.00115976883249,-0.924783506586208
13.756,7.99858165898666,8.00116940569738,-0.908068355043931
13.758,7.99856665898666,8.00117568240919,-0.900338761712259
13.76,7.99855165898666,8.00117854447301,-0.901624136038292
13.762,7.99853265898666,8.00117827953801,-0.911006179509436
13.764,7.99851365898666,8.0011748381894,-0.92837240867867
13.766,7.99849465898666,8.0011687730319,-0.952058702637816
13.768,7.99847565898666,8.00116008587151,-0.981670156112781
13.77,7.99845665898667,8.00114932579342,-1.01550606740294
13.772,7.99843465898667,8.00113680430259,-1.05239113591643
13.774,7.99841265898667,8.00112288127954,-1.09101750572869
13.776,7.99839065898667,8.0011079620051,-1.13004526535497
13.778,7.99836865898667,8.00109239575842,-1.16828273744569
13.78,7.99834665898667,8.00107652009804,-1.20462504824939
13.782,7.99832265898667,8.00106067018114,-1.23781282974866
13.784,7.99829865898667,8.00104514286405,-1.26706035711349
13.786,7.99827465898667,8.00103023497135,-1.29130232507519
13.788,7.99825065898667,8.00101616856776,-1.30998524686876
13.79,7.99822665898667,8.00100313073669,-1.32257021175747
13.792,7.99820165898667,8.00099130534671,-1.32845985071938
13.794,7.99817665898667,8.00098069860106,-1.32789153937354
13.796,7.99815165898668,8.00097135082001,-1.32079197053711
13.798,7.99812665898668,8.00096327394461,-1.30715010104509
13.8,7.99810165898668,8.00095635571475,-1.28750485659302
13.802,7.99807665898668,8.0009504983528,-1.26224609142321
13.804,7.99805165898668,8.00094555685806,-1.23194252151392
13.806,7.99802665898668,8.00094136199052,-1.1972614927479
13.808,7.99800165898668,8.00093774362877,-1.15883898998356
13.81,7.99797665898668,8.00093451815148,-1.11737206022559
13.812,7.99795165898668,8.0009314918383,-1.07362612449699
13.814,7.99792665898668,8.00092847825386,-1.02826145264568
13.816,7.99790165898668,8.00092527803034,-0.982031645594072
13.818,7.99787665898668,8.00092165332146,-0.935713605907702
13.82,7.99785165898668,8.0009173952738,-0.890117985390537
13.822,7.99782665898668,8.00091223290642,-0.846113883209052
13.824,7.99780165898668,8.00090603524034,-0.804257984302903
13.826,7.99777665898668,8.00089860371211,-0.765163139131827
13.828,7.99775165898669,8.00088974785453,-0.729390933484142
13.83,7.99772665898669,8.00087934577063,-0.697281476400897
13.832,7.99770165898669,8.00086745649064,-0.66867784615449
13.834,7.99767665898669,8.00085405029755,-0.643581931990805
13.836,7.99765165898669,8.00083917278963,-0.621762154512225
13.838,7.99762665898669,8.00082293102432,-0.602803517784038
13.84,7.99760165898669,8.00080546404324,-0.586185263730419
13.842,7.99757665898669,8.00078691860533,-0.571320477426818
13.844,7.99755165898669,8.00076750435432,-0.557518499798957
13.846,7.99752665898669,8.00074736708519,-0.544141306441022
13.848,7.99750165898669,8.00072672400291,-0.530499892877965
13.85,7.99747665898669,8.00070577115038,-0.515938048690431
13.852,7.99745165898669,8.00068470552401,-0.499833247398779
13.854,7.99742665898669,8.00066375529316,-0.481323747475215
13.856,7.99740165898669,8.00064314248108,-0.459829624914174
13.858,7.9973766589867,8.00062304963494,-0.434857190295441
13.86,7.9973516589867,8.00060368548181,-0.405741679138808
13.862,7.9973266589867,8.00058515530928,-0.372361157871355
13.864,7.9973016589867,8.00056756443758,-0.334540997233646
13.866,7.9972766589867,8.00055098417649,-0.292264125002749
13.868,7.9972516589867,8.00053549936249,-0.245457573251166
13.87,7.9972266589867,8.00052110085055,-0.194423614152561
13.872,7.9972016589867,8.00050780313798,-0.139352530640488
13.874,7.9971766589867,8.00049558435114,-0.0805773916019256
13.876,7.9971516589867,8.0004843407154,-0.0186893956637901
13.878,7.9971266589867,8.00047397128258,0.0457374125612005
13.88,7.9971016589867,8.0004643205969,0.111931517874661
13.882,7.99707665898671,8.00045511919217,0.178813272415098
13.884,7.99705165898671,8.0004461187204,0.245323899549505
13.886,7.99702665898671,8.00043701287877,0.310278257749415
13.888,7.99700165898671,8.0004274617517,0.372334175424506
13.89,7.99697665898671,8.00041716566683,0.430417921186323
13.892,7.99695165898671,8.0004058571589,0.48357076957779
13.894,7.99692665898671,8.00039320038673,0.530513916156443
13.896,7.99690165898671,8.00037900890659,0.570651025231093
13.898,7.99687665898671,8.00036318416497,0.60372182459259
13.9,7.99685165898671,8.00034554315029,0.629091624305686
13.902,7.99682765898671,8.00032598523275,0.646485807381044
13.904,7.99680365898671,8.00030454216162,0.656163241938381
13.906,7.99677965898671,8.00028122255685,0.658261676178136
13.908,7.99675565898672,8.00025596688645,0.652632208696373
13.91,7.99673165898672,8.00022899417534,0.640206256770111
13.912,7.99670965898672,8.00020043209577,0.621512523903312
13.914,7.99668765898672,8.00017042510687,0.597116392669393
13.916,7.99666565898672,8.00013925486198,0.568090342456538
13.918,7.99664365898672,8.0001071953886,0.53543613027471
13.92,7.99662165898672,8.00007460659512,0.500485624414793
13.922,7.99660265898672,8.00004180515586,0.464362115753847
13.924,7.99658365898672,8.00000913931487,0.428312457346808
13.926,7.99656465898672,7.99997692959802,0.393464150052089
13.928,7.99654565898672,7.99994549690173,0.3609271183795
13.93,7.99652665898672,7.99991522620769,0.331997003214766
13.932,7.99651165898672,7.99988629450629,0.307290261097834
13.934,7.99649665898672,7.99985906214701,0.287973367850302
13.936,7.99648165898673,7.99983376500073,0.27479400059468
13.938,7.99646665898673,7.99981059065822,0.268317869809389
13.94,7.99645165898673,7.99978962384059,0.268765572089889
13.942,7.99644165898673,7.99977100656514,0.276513116742256
13.944,7.99643165898673,7.99975471586824,0.291400707496057
13.946,7.99642165898673,7.99974074661629,0.313299996577848
13.948,7.99641165898673,7.99972894473413,0.341611796064235
13.95,7.99640165898673,7.99971927945973,0.376071562818297
13.952,7.99639765898673,7.99971156434306,0.415922304205465
13.954,7.99639365898673,7.99970550841973,0.460143955496147
13.956,7.99638965898673,7.99970107790632,0.508378982799169
13.958,7.99638565898673,7.99969808026622,0.55980527139191
13.96,7.99638165898673,7.99969624674759,0.613474519157236
13.962,7.99638265898673,7.9996954413055,0.668683685512972
13.964,7.99638365898674,7.9996954155018,0.724537948736458
13.966,7.99638465898674,7.99969594768799,0.780222003972419
13.968,7.99638565898674,7.99969684120094,0.834945192038882
13.97,7.99638665898674,7.99969787358225,0.887824318560949
13.972,7.99639165898674,7.99969885458326,0.938328789371186
13.974,7.99639665898674,7.99969960059388,0.985594098193182
13.976,7.99640165898674,7.99969999315896,1.02938969344436
13.978,7.99640665898674,7.9996999205087,1.06920645356212
13.98,7.99641165898674,7.99969934657642,1.1049642420296
13.982,7.99641965898674,7.99969828207164,1.1367115799355
13.984,7.99642765898674,7.99969677564861,1.16455585188258
13.986,7.99643565898674,7.99969493898353,1.18887864826449
13.988,7.99644365898674,7.99969291226304,1.21016340134019
13.99,7.99645165898674,7.9996908518128,1.22885635999628
13.992,7.99646165898675,7.99968892029097,1.24547598923286
13.994,7.99647165898675,7.99968727766146,1.26050356429847
13.996,7.99648165898675,7.99968607749997,1.27437167781394
13.998,7.99649165898675,7.99968542795348,1.28748844254258
14,7.99650165898675,7.99968549062108,1.3001901798509
14.002,7.99651265898675,7.99968643065061,1.31288116606943
14.004,7.99652365898675,7.9996883104688,1.32592130318879
14.006,7.99653465898675,7.99969130635048,1.339638523071
14.008,7.99654565898675,7.99969554429807,1.35430053363389
14.01,7.99655665898675,7.99970104810119,1.37001768091802
14.012,7.99656765898675,7.99970785104083,1.38684161508079
14.014,7.99657865898675,7.99971606811412,1.40484310938052
14.016,7.99658965898675,7.99972565821776,1.4239077840265
14.018,7.99660065898675,7.99973663429927,1.44390604033661
14.02,7.99661165898676,7.99974895090012,1.46460626480199
14.022,7.99662265898676,7.99976255878495,1.4857028358902
14.024,7.99663365898676,7.99977736671299,1.50679072959725
14.026,7.99664465898676,7.99979328868426,1.52730420082982
14.028,7.99665565898676,7.99981007480839,1.5466582802285
14.03,7.99666665898676,7.99982757435065,1.56390934811265
14.032,7.99667765898676,7.99984548367353,1.5781718043229
14.034,7.99668865898676,7.99986350178941,1.58831646926659
14.036,7.99669965898676,7.99988129827779,1.59325576917553
14.038,7.99671065898676,7.99989852363632,1.59168526457924
14.04,7.99672165898676,7.99991488200101,1.58284887878558
14.042,7.99673265898676,7.99993011498601,1.56596253522263
14.044,7.99674365898676,7.99994386651902,1.53959688350405
14.046,7.99675465898676,7.99995608643531,1.50414165792035
14.048,7.99676565898677,7.99996662607221,1.45920282210144
14.05,7.99677665898677,7.99997535346583,1.40448139268061
14.052,7.99678765898677,7.99998218404766,1.33988357253056
14.054,7.99679865898677,7.99998719962318,1.2660955136807
14.056,7.99680965898677,7.99999041749913,1.1833645758665
14.058,7.99682065898677,7.99999203095948,1.09272504413808
14.06,7.99683165898677,7.99999217233873,0.994815380154637
14.062,7.99684265898677,7.99999113651975,0.890999457481802
14.064,7.99685365898677,7.99998918024959,0.782386099770318
14.066,7.99686465898677,7.9999866176332,0.670309430217889
14.068,7.99687565898677,7.99998379328419,0.556183946424478
14.07,7.99688665898677,7.99998107016905,0.441532938162696
14.072,7.99689765898678,7.99997879764268,0.327740552327353
14.074,7.99690865898678,7.99997734520127,0.216279147208213
14.076,7.99691965898678,7.9999769775069,0.108251488419512
14.078,7.99693065898678,7.99997805170735,0.00502163036885683
14.08,7.99694165898678,7.99998084354598,-0.0923185505085414
14.082,7.99695265898678,7.99998563473085,-0.182677647978614
14.084,7.99696365898678,7.99999257157062,-0.265450015932108
14.086,7.99697465898678,8.00000190473419,-0.33965628576155
14.088,7.99698565898678,8.00001354649026,-0.405528899440422
14.09,7.99699665898678,8.000027650935,-0.462427564127573
14.092,7.99700765898678,8.00004414158288,-0.510544683070312
14.094,7.99701865898678,8.00006292266702,-0.550143247206608
14.096,7.99702965898678,8.00008387191174,-0.581582631396796
14.098,7.99704065898678,8.0001068106164,-0.605423055027192
14.1,7.99705165898679,8.00013147921619,-0.622518623026843
14.102,7.99706265898679,8.000157564134,-0.633917921137527
14.104,7.99707365898679,8.00018473813752,-0.640717018859525
14.106,7.99708465898679,8.00021264645778,-0.644122267296245
14.108,7.99709565898679,8.00024095281429,-0.645231370483901
14.11,7.99710665898679,8.000269292066,-0.64527576433758
14.112,7.99711765898679,8.00029732170497,-0.645378903499815
14.114,7.99712865898679,8.00032467972506,-0.64669554632788
14.116,7.99713965898679,8.00035107664124,-0.650203093157511
14.118,7.99715065898679,8.00037607457438,-0.657196229737835
14.12,7.99716165898679,8.0003995442577,-0.668153214267377
14.122,7.99717265898679,8.00042118417038,-0.683930683029066
14.124,7.99718365898679,8.00044076494975,-0.705155961750695
14.126,7.99719465898679,8.00045823756265,-0.731921251568584
14.128,7.9972056589868,8.00047348795893,-0.764430309026218
14.13,7.9972166589868,8.00048655167757,-0.802443346509033
14.132,7.9972266589868,8.00049746921782,-0.845656174567022
14.134,7.9972366589868,8.00050640089159,-0.893416573753285
14.136,7.9972466589868,8.00051348981969,-0.945066896290747
14.138,7.9972566589868,8.00051896487139,-0.99970177907571
14.14,7.9972666589868,8.00052308463529,-1.05626614358884
14.142,7.9972746589868,8.0005261914179,-1.11353543474521
14.144,7.9972826589868,8.00052860192515,-1.17029594322178
14.146,7.9972906589868,8.00053065733244,-1.22525452745635
14.148,7.9972986589868,8.0005326979147,-1.2772625958089
14.15,7.9973066589868,8.00053502099797,-1.32525116857899
14.152,7.9973116589868,8.00053796236037,-1.36785041255305
14.154,7.9973166589868,8.00054180214356,-1.40415943852655
14.156,7.99732165898681,8.00054678576817,-1.43331928928637
14.158,7.99732665898681,8.00055318050548,-1.45426803805899
14.16,7.99733165898681,8.00056118818321,-1.46622917093629
14.162,7.99733265898681,8.00057080574172,-1.4694199584577
14.164,7.99733365898681,8.00058216914808,-1.46320584116862
14.166,7.99733465898681,8.0005953526031,-1.44721462904409
14.168,7.99733565898681,8.00061018319829,-1.42231795086126
14.17,7.99733665898681,8.00062660123979,-1.38869506857588
14.172,7.99733265898681,8.00064443566176,-1.34702830710305
14.174,7.99732865898681,8.00066346514381,-1.29813415271247
14.176,7.99732465898681,8.00068336545393,-1.24331926219441
14.178,7.99732065898681,8.00070379177385,-1.18394963552221
14.18,7.99731665898681,8.00072435741574,-1.1213569187014
14.182,7.99730865898682,8.00074460887364,-1.05729298710049
14.184,7.99730065898682,8.00076411051654,-0.993399084558779
14.186,7.99729265898682,8.00078241836966,-0.931307955287692
14.188,7.99728465898682,8.00079907692093,-0.87265120851436
14.19,7.99727665898682,8.00081372020584,-0.818796510549957
14.192,7.99726565898682,8.00082589466693,-0.771286007086171
14.194,7.99725465898682,8.000835400369,-0.730944730458459
14.196,7.99724365898682,8.00084202506065,-0.698529670404848
14.198,7.99723265898682,8.00084536278852,-0.675296125615283
14.2,7.99722165898682,8.00084548014572,-0.661118357018695
14.202,7.99720865898682,8.00084240860787,-0.655910338151989
14.204,7.99719565898682,8.00083597386836,-0.660113763272466
14.206,7.99718265898682,8.00082644033365,-0.672896233662063
14.208,7.99716965898683,8.00081387183022,-0.693928939045846
14.21,7.99715665898683,8.00079849208909,-0.722385053019745
14.212,7.99714265898683,8.00078076405772,-0.756793082089792
14.214,7.99712865898683,8.00076082768395,-0.79644112082446
14.216,7.99711465898683,8.00073921278883,-0.839643070838252
14.218,7.99710065898683,8.00071626466782,-0.885075215340488
14.22,7.99708665898683,8.00069245473974,-0.931168222842536
14.222,7.99707265898683,8.00066819578585,-0.976431690709386
14.224,7.99705865898683,8.00064393331398,-1.0192963262912
14.226,7.99704465898683,8.00062006791089,-1.05848578580862
14.228,7.99703065898683,8.00059701343674,-1.0924647025205
14.23,7.99701665898683,8.00057514241437,-1.12000815277527
14.232,7.99700365898683,8.00055487253184,-1.13964674088246
14.234,7.99699065898683,8.0005363633335,-1.1510539808693
14.236,7.99697765898684,8.00052003082376,-1.15265084030995
14.238,7.99696465898684,8.00050596205966,-1.14429318603748
14.24,7.99695165898684,8.00049427323311,-1.12561069858636
14.242,7.99693965898684,8.00048492607399,-1.09684347553544
14.244,7.99692765898684,8.00047789245793,-1.0581417609707
14.246,7.99691565898684,8.00047300713603,-1.01020952787478
14.248,7.99690365898684,8.00047012468721,-0.953634742154157
14.25,7.99689165898684,8.000468994882,-0.889431163680985
14.252,7.99688065898684,8.00046941813623,-0.81836210357766
14.254,7.99686965898684,8.00047108871479,-0.741615359307931
14.256,7.99685865898684,8.00047358836301,-0.660923438065412
14.258,7.99684765898684,8.00047671737122,-0.576978919883747
14.26,7.99683665898685,8.00048013068459,-0.491144197494735
14.262,7.99682665898685,8.00048352125289,-0.404648608953612
14.264,7.99681665898685,8.00048660702656,-0.318569693261681
14.266,7.99680665898685,8.00048909926471,-0.23401755928461
14.268,7.99679665898685,8.00049069508137,-0.152135161283841
14.27,7.99678665898685,8.00049109579377,-0.0740526339988227
14.272,7.99677765898685,8.0004901044263,-0.000543478453280878
14.274,7.99676865898685,8.0004874685043,0.0674462190401985
14.276,7.99675965898685,8.00048305753817,0.129384139203289
14.278,7.99675065898685,8.00047674880151,0.184761339330161
14.28,7.99674165898685,8.00046854762344,0.233508653385467
14.282,7.99673365898685,8.0004584881842,0.275659280913795
14.284,7.99672565898685,8.00044664718858,0.311391704649805
14.286,7.99671765898685,8.0004331740454,0.341143758518156
14.288,7.99670965898686,8.00041826733452,0.365538908625198
14.29,7.99670165898686,8.00040208572469,0.385045289921432
14.292,7.99669465898686,8.0003848911485,0.400528442578868
14.294,7.99668765898686,8.0003669012217,0.412679896066667
14.296,7.99668065898686,8.00034837027357,0.422317907669626
14.298,7.99667365898686,8.00032957548533,0.430324945733493
14.3,7.99666665898686,8.00031080496848,0.437655910461602
14.302,7.99666065898686,8.00029235978537,0.445245846957159
14.304,7.99665465898686,8.0002745329946,0.454040514943941
14.306,7.99664865898686,8.00025760812204,0.464911901912426
14.308,7.99664265898686,8.0002418197177,0.478580476254721
14.31,7.99663665898686,8.00022743272634,0.495799295169487
14.312,7.99663165898686,8.00021455726334,0.516882083743108
14.314,7.99662665898687,8.00020329639032,0.542076718064987
14.316,7.99662165898687,8.00019373214248,0.571533709240894
14.318,7.99661665898687,8.00018586929987,0.605154251644147
14.32,7.99661165898687,8.00017963010819,0.642592950678432
14.322,7.99660765898687,8.00017491889442,0.683414743382129
14.324,7.99660365898687,8.00017160547085,0.727053953566324
14.326,7.99659965898687,8.00016947859656,0.772716183522413
14.328,7.99659565898687,8.00016832814869,0.819519728919227
14.33,7.99659165898687,8.00016784938821,0.866469083085093
14.332,7.99658865898687,8.00016781148287,0.912509526753567
14.334,7.99658565898687,8.00016789970987,0.956523584115521
14.336,7.99658265898687,8.00016782849351,0.99745003284947
14.338,7.99657965898688,8.00016733059015,1.03430056682535
14.34,7.99657665898688,8.0001661287755,1.06602824399914
14.342,7.99657465898688,8.00016402538419,1.09201238892673
14.344,7.99657265898688,8.00016077403623,1.11126509323853
14.346,7.99657065898688,8.00015631188405,1.12379988713205
14.348,7.99656865898688,8.00015037978544,1.12849668032056
14.35,7.99656665898688,8.0001430094438,1.12575835625174
14.352,7.99656565898688,8.00013412072169,1.11532456126183
14.354,7.99656465898688,8.00012368928917,1.09716051898274
14.356,7.99656365898688,8.0001117669156,1.07153678074709
14.358,7.99656265898688,8.00009840518429,1.03863656734642
14.36,7.99656165898688,8.00008390766975,0.999864998343117
14.362,7.99656165898688,8.00006832507331,0.955257204887045
14.364,7.99656165898688,8.0000519016142,0.905730408379011
14.366,7.99656165898689,8.00003498509291,0.852772013105058
14.368,7.99656165898689,8.00001782621698,0.797196598354152
14.37,7.99656165898689,8.00000075861335,0.740285099859584
14.372,7.99656265898689,7.99998410723652,0.683247433227492
14.374,7.99656365898689,7.99996815470076,0.627189430545175
14.376,7.99656465898689,7.99995324646625,0.573321728211375
14.378,7.99656565898689,7.99993965901152,0.522682991086187
14.38,7.99656665898689,7.99992757024451,0.47599643784868
14.382,7.99656965898689,7.99991728237191,0.434284236571446
14.384,7.99657265898689,7.99990887801484,0.397930115498728
14.386,7.99657565898689,7.99990247478354,0.367371116583666
14.388,7.99657865898689,7.99989807103859,0.342663544107509
14.39,7.9965816589869,7.99989568720412,0.323899481366999
14.392,7.9965876589869,7.99989528502953,0.310970580217734
14.394,7.9965936589869,7.99989673860164,0.303484549057138
14.396,7.9965996589869,7.99989987104319,0.300880857907313
14.398,7.9966056589869,7.99990460109568,0.302851806225871
14.4,7.9966116589869,7.99991067895185,0.308580535015184
14.402,7.9966216589869,7.99991791981202,0.317422851506465
14.404,7.9966316589869,7.99992613094915,0.328676090971505
14.406,7.9966416589869,7.99993503596152,0.3414250410455
14.408,7.9966516589869,7.9999444276369,0.354896984322541
14.41,7.9966616589869,7.99995404063581,0.368185981425666
14.412,7.9966746589869,7.9999635986683,0.380323721270048
14.414,7.9966876589869,7.999972880122,0.390634969499309
14.416,7.9967006589869,7.99998163934759,0.398219636997103
14.418,7.99671365898691,7.99998968955483,0.402485659146719
14.42,7.99672665898691,7.99999688827364,0.402983268745411
14.422,7.99674165898691,8.0000031628447,0.399520322126271
14.424,7.99675665898691,8.00000844956208,0.391906755297776
14.426,7.99677165898691,8.00001276136214,0.380238709341646
14.428,7.99678665898691,8.00001614305546,0.364706592644086
14.43,7.99680165898691,8.00001867352219,0.345606941164118
14.432,7.99681765898691,8.00002052683582,0.323614830655545
14.434,7.99683365898691,8.00002178702675,0.29899807920562
14.436,7.99684965898691,8.00002264493,0.272456933047469
14.438,7.99686565898691,8.00002327656852,0.244650995687543
14.44,7.99688165898691,8.00002384779556,0.216178488251622
14.442,7.99689765898692,8.00002455286859,0.187730524354504
14.444,7.99691365898692,8.000025571197,0.15999543135086
14.446,7.99692965898692,8.00002709079192,0.133659004289882
14.448,7.99694565898692,8.00002936664967,0.109619471480814
14.45,7.99696165898692,8.00003262260092,0.0886850261539035
14.452,7.99697665898692,8.00003707257634,0.071611104129455
14.454,7.99699165898692,8.0000429375033,0.0591599504106161
14.456,7.99700665898692,8.000050416179,0.0520046942079996
14.458,7.99702165898692,8.00005958712492,0.0504055732778866
14.46,7.99703665898692,8.00007051191589,0.0545517837043057
14.462,7.99705065898692,8.00008328608348,0.0647276435903077
14.464,7.99706465898692,8.00009787614088,0.0807789545843895
14.466,7.99707865898692,8.00011414894335,0.102215342222905
14.468,7.99709265898692,8.00013197108744,0.1285413561285
14.47,7.99710665898693,8.00015130805706,0.159533171189673
14.472,7.99711965898693,8.00017176356979,0.19384754416628
14.474,7.99713265898693,8.00019320049858,0.230900023086857
14.476,7.99714565898693,8.0002152559861,0.269399173252302
14.478,7.99715865898693,8.00023759010504,0.308126400981281
14.48,7.99717165898693,8.00025986119359,0.345852610995307
14.482,7.99718365898693,8.0002817185721,0.381308790942115
14.484,7.99719565898693,8.0003028254055,0.41328330304478
14.486,7.99720765898693,8.00032286789077,0.440664913608874
14.488,7.99721965898693,8.0003415799202,0.462536015234746
14.49,7.99723165898693,8.00035860845371,0.47763475181186
14.492,7.99724265898693,8.00037369631452,0.485091341973619
14.494,7.99725365898693,8.00038659685353,0.484069008579397
14.496,7.99726465898694,8.00039718234249,0.474183942191478
14.498,7.99727565898694,8.000405450455,0.455505876871922
14.5,7.99728665898694,8.00041121635562,0.427409281769102
14.502,7.99729665898694,8.00041452315974,0.390126032846713
14.504,7.99730665898694,8.00041556340434,0.344433489023178
14.506,7.99731665898694,8.00041442331379,0.290709071033889
14.508,7.99732665898694,8.00041139364938,0.230080629936432
14.51,7.99733665898694,8.00040681938061,0.16385993483907
14.512,7.99734565898694,8.00040094748477,0.0930050248993914
14.514,7.99735465898694,8.00039421357684,0.0191522308089347
14.516,7.99736365898695,8.00038703177785,-0.0561472420917685
14.518,7.99737265898695,8.00037980826,-0.13137684936207
14.52,7.99738165898695,8.0003729581886,-0.204984915937699
14.522,7.99738965898695,8.00036686857664,-0.275533012756497
14.524,7.99739765898695,8.00036185859696,-0.341844556535594
14.526,7.99740565898695,8.00035838308577,-0.402219725559352
14.528,7.99741365898695,8.00035663258138,-0.455977714612542
14.53,7.99742165898695,8.00035690440207,-0.50200901969318
14.532,7.99742865898695,8.00035944352265,-0.539384500538109
14.534,7.99743565898695,8.00036428057874,-0.567966005699531
14.536,7.99744265898695,8.0003714212197,-0.587692200120133
14.538,7.99744965898695,8.00038094360447,-0.598204248395704
14.54,7.99745665898695,8.00039266015461,-0.600159957196378
14.542,7.99746265898695,8.00040645646058,-0.593926625922183
14.544,7.99746865898696,8.00042209923013,-0.580329870566397
14.546,7.99747465898696,8.00043942780907,-0.559879060219639
14.548,7.99748065898696,8.00045809599398,-0.533817280012648
14.55,7.99748665898696,8.00047776303108,-0.503339175865568
14.552,7.99749165898696,8.00049803537536,-0.469900561287069
14.554,7.99749665898696,8.00051859460587,-0.434557344789205
14.556,7.99750165898696,8.00053903516551,-0.398760140005293
14.558,7.99750665898696,8.00055899605788,-0.363818728455455
14.56,7.99751165898696,8.00057811679099,-0.330984371314561
14.562,7.99751565898696,8.00059607679569,-0.301394174813914
14.564,7.99751965898696,8.00061242559579,-0.27655194751683
14.566,7.99752365898696,8.00062691680236,-0.257338700325815
14.568,7.99752765898696,8.00063941461565,-0.244244655816219
14.57,7.99753165898696,8.00064956577659,-0.23840591988961
14.572,7.99753465898697,8.00065724534886,-0.240227469595868
14.574,7.99753765898697,8.00066256361664,-0.249353880633319
14.576,7.99754065898697,8.00066543410278,-0.266013247374418
14.578,7.99754365898697,8.00066590836369,-0.289976116518614
14.58,7.99754665898697,8.00066418365216,-0.320542783339644
14.582,7.99754865898697,8.00066044490675,-0.357036123329252
14.584,7.99755065898697,8.00065478752978,-0.398992806095564
14.586,7.99755265898697,8.00064760838554,-0.445046025094722
14.588,7.99755465898697,8.00063919640402,-0.494119669873859
14.59,7.99755665898697,8.0006298933723,-0.544968702870633
14.592,7.99755765898697,8.00062004779323,-0.596354399110623
14.594,7.99755865898697,8.00060998573411,-0.647037198686307
14.596,7.99755965898698,8.00060004184794,-0.695820474625691
14.598,7.99756065898698,8.00059052831819,-0.741563859192043
14.6,7.99756165898698,8.0005817528357,-0.783143902085644
14.602,7.99756165898698,8.0005740193646,-0.819462215115269
14.604,7.99756165898698,8.00056757722725,-0.849648579876366
14.606,7.99756165898698,8.0005626719867,-0.872797470122517
14.608,7.99756165898698,8.00055947652762,-0.888287599696876
14.61,7.99756165898698,8.00055811867554,-0.895633831939619
14.612,7.99756065898698,8.00055861037521,-0.89480350671522
14.614,7.99755965898698,8.0005609322859,-0.885852379015213
14.616,7.99755865898698,8.00056497344826,-0.869199735821148
14.618,7.99755765898698,8.00057072402636,-0.844751286456364
14.62,7.99755665898699,8.00057785364623,-0.813835276596706
14.622,7.99755465898699,8.00058621586801,-0.776881207027703
14.624,7.99755265898699,8.00059551150763,-0.734935429427626
14.626,7.99755065898699,8.00060534250944,-0.689625095506687
14.628,7.99754865898699,8.00061543998419,-0.641808382344799
14.63,7.99754665898699,8.00062543935319,-0.592784203045986
14.632,7.99754365898699,8.00063501915559,-0.543836532195573
14.634,7.99754065898699,8.00064386649417,-0.496081634614224
14.636,7.99753765898699,8.00065171617932,-0.450531938390897
14.638,7.99753465898699,8.00065818134795,-0.408494143719051
14.64,7.99753165898699,8.00066311723604,-0.370611434975852
14.642,7.997526658987,8.00066619118802,-0.337997370066082
14.644,7.997521658987,8.00066735992622,-0.310912166525637
14.646,7.997516658987,8.00066655557596,-0.289637025381756
14.648,7.997511658987,8.00066365795477,-0.274580984208005
14.65,7.997506658987,8.00065863168787,-0.265875857361895
14.652,7.997498658987,8.00065168801439,-0.262887770823705
14.654,7.997490658987,8.00064292541695,-0.265298405775797
14.656,7.997482658987,8.00063238122974,-0.272942877897745
14.658,7.997474658987,8.00062032239518,-0.284949872701676
14.66,7.997466658987,8.0006069681313,-0.300568765585073
14.662,7.997456658987,8.00059254921075,-0.318992229584147
14.664,7.997446658987,8.000577336657,-0.339272042286354
14.666,7.99743665898701,8.00056161500088,-0.360416184792617
14.668,7.99742665898701,8.00054566003351,-0.381480460509942
14.67,7.99741665898701,8.00052975800331,-0.401396552982727
14.672,7.99740565898701,8.0005141781961,-0.419286918378794
14.674,7.99739465898701,8.00049915804334,-0.434316686936422
14.676,7.99738365898701,8.0004849001875,-0.445785605686601
14.678,7.99737265898701,8.0004715879829,-0.453049620376006
14.68,7.99736165898701,8.00045931542346,-0.455819312942983
14.682,7.99735065898701,8.000448173448,-0.453786334494745
14.684,7.99733965898701,8.00043814851246,-0.44705185933216
14.686,7.99732865898701,8.00042925260672,-0.435576450224441
14.688,7.99731765898701,8.00042145436641,-0.419466732989955
14.69,7.99730665898701,8.00041459312133,-0.399346383274235
14.692,7.99729565898702,8.00040859315528,-0.375448564410129
14.694,7.99728465898702,8.00040326163171,-0.348488429843334
14.696,7.99727365898702,8.00039842937261,-0.319058682748572
14.698,7.99726265898702,8.00039388249036,-0.287926164042127
14.7,7.99725165898702,8.00038938862138,-0.255962045192405
14.702,7.99724065898702,8.00038472308093,-0.223976700487186
14.704,7.99722965898702,8.00037962838479,-0.192874304997845
14.706,7.99721865898702,8.00037387783315,-0.163495687655461
14.708,7.99720765898702,8.00036731144987,-0.136443775049108
14.71,7.99719665898702,8.00035966163743,-0.112628245103345
14.712,7.99718565898702,8.00035089922778,-0.092228184919824
14.714,7.99717465898702,8.00034091322681,-0.0756443103328528
14.716,7.99716365898702,8.00032969107179,-0.062958995305223
14.718,7.99715265898703,8.00031710324233,-0.0546154127879226
14.72,7.99714165898703,8.00030327446872,-0.0502374210806077
14.722,7.99713065898703,8.00028820460581,-0.0498365265888521
14.724,7.99711965898703,8.00027198540589,-0.0531234755530254
14.726,7.99710865898703,8.00025468451026,-0.0598783342128757
14.728,7.99709765898703,8.00023646417921,-0.0695705575683155
14.73,7.99708665898703,8.0002174939611,-0.0816351315023899
14.732,7.99707565898703,8.00019795659573,-0.0954573834640726
14.734,7.99706465898703,8.00017804963546,-0.110363519687172
14.736,7.99705365898703,8.00015796407472,-0.125680895212991
14.738,7.99704265898703,8.00013792288858,-0.140624722927447
14.74,7.99703165898704,8.00011812877284,-0.154501875697751
14.742,7.99702065898704,8.0000988363388,-0.166406115920792
14.744,7.99700965898704,8.00008027195291,-0.175557939111015
14.746,7.99699865898704,8.00006259133417,-0.181435327406104
14.748,7.99698765898704,8.00004603397159,-0.18320561553391
14.75,7.99697665898704,8.00003067049193,-0.180651802215104
14.752,7.99696565898704,8.00001662294717,-0.17336744252118
14.754,7.99695465898704,8.00000393921975,-0.161214711696217
14.756,7.99694365898704,7.99999260684872,-0.144268852322286
14.758,7.99693265898704,7.99998266866052,-0.122408095676503
14.76,7.99692165898704,7.99997400525437,-0.0960798706317727
14.762,7.99691065898704,7.99996650547752,-0.065697465554207
14.764,7.99689965898704,7.99996003324578,-0.0317586657023446
14.766,7.99688865898705,7.99995440457951,0.00507361003262658
14.768,7.99687765898705,7.99994946349893,0.0442248641171506
14.77,7.99686665898705,7.99994500822788,0.0849568495778028
14.772,7.99685565898705,7.99994083444234,0.126519890228661
14.774,7.99684465898705,7.99993676939525,0.168238784234445
14.776,7.99683365898705,7.99993262281883,0.209394339486007
14.778,7.99682265898705,7.9999282051225,0.24925008251656
14.78,7.99681165898705,7.99992330029777,0.286975038550915
14.782,7.99680065898705,7.99991772565424,0.321888516206606
14.784,7.99678965898705,7.99991118631793,0.35286236361584
14.786,7.99677865898705,7.99990349738054,0.379232093517639
14.788,7.99676765898706,7.99989451052689,0.400466128305431
14.79,7.99675665898706,7.9998839269145,0.4154404386028
14.792,7.99674565898706,7.99987176177323,0.424251125463771
14.794,7.99673465898706,7.99985789510844,0.426451181869673
14.796,7.99672365898706,7.99984226254739,0.421796368623658
14.798,7.99671265898706,7.99982492162738,0.410495611768385
14.8,7.99670165898706,7.99980602105685,0.393094026937728
14.802,7.99669065898706,7.9997856622072,0.36993931758872
14.804,7.99667965898706,7.99976401998692,0.341658771151138
14.806,7.99666865898706,7.99974125793042,0.308819325685437
14.808,7.99665765898706,7.99971761922576,0.272297297783429
14.81,7.99664665898706,7.99969338797751,0.23315752976483
14.812,7.99663565898707,7.99966878345292,0.192164121643282
14.814,7.99662465898707,7.99964410561908,0.150436102442235
14.816,7.99661365898707,7.99961962413797,0.108977551923118
14.818,7.99660265898707,7.99959561894638,0.0688143850083582
14.82,7.99659165898707,7.99957238551202,0.0310266083728626
14.822,7.99658065898707,7.99955022802546,-0.00327714064307029
14.824,7.99656965898707,7.99952931373303,-0.0334585942870192
14.826,7.99655865898707,7.9995099600474,-0.0583925543345462
14.828,7.99654765898707,7.99949236101148,-0.0773683266475097
14.83,7.99653665898707,7.99947651914001,-0.0903420691680166
14.832,7.99652565898707,7.99946258445219,-0.0967741405748198
14.834,7.99651465898707,7.99945053380286,-0.0967229225299294
14.836,7.99650365898708,7.99944033698187,-0.0902781732450444
14.838,7.99649265898708,7.99943191144907,-0.0777171598058436
14.84,7.99648165898708,7.99942515741225,-0.0593859093460719
14.842,7.99647065898708,7.9994197792813,-0.0363147263864114
14.844,7.99645965898708,7.99941569345418,-0.00881262659058332
14.846,7.99644865898708,7.99941259591705,0.0220396007630436
14.848,7.99643765898708,7.99941014862645,0.0550410403493266
14.85,7.99642665898708,7.99940802945817,0.0890391376057591
14.852,7.99641565898708,7.99940590231161,0.122824129144738
14.854,7.99640465898708,7.99940341702471,0.155137437129673
14.856,7.99639365898708,7.99940026739552,0.184888624290448
14.858,7.99638265898708,7.99939607860942,0.210731318120746
14.86,7.99637165898709,7.99939059483291,0.231772068475193
14.862,7.99636065898709,7.99938359474025,0.247237960703277
14.864,7.99634965898709,7.99937475418397,0.255983406116515
14.866,7.99633865898709,7.99936406265485,0.258006470268719
14.868,7.99632765898709,7.99935139824458,0.252893263234524
14.87,7.99631665898709,7.99933663219603,0.240206272168224
14.872,7.99630565898709,7.99931986229298,0.220321454920866
14.874,7.99629465898709,7.99930116152086,0.193521934260135
14.876,7.99628365898709,7.99928054016355,0.15987177638252
14.878,7.99627265898709,7.99925830940011,0.12050835427423
14.88,7.99626165898709,7.99923461168282,0.0759702377304505
14.882,7.99625065898709,7.99920970799925,0.0272234676439056
14.884,7.9962396589871,7.99918397290519,-0.0243690053635329
14.886,7.9962286589871,7.99915770580839,-0.0776975631817782
14.888,7.9962176589871,7.99913127655315,-0.131412147162896
14.89,7.9962066589871,7.99910503303745,-0.18422531076496
14.892,7.9961956589871,7.99907930851336,-0.234910832108906
14.894,7.9961846589871,7.99905442111468,-0.282298291389789
14.896,7.9961736589871,7.9990307292019,-0.325067840211577
14.898,7.9961626589871,7.99900841356432,-0.362581182412411
14.9,7.9961516589871,7.99898787766951,-0.393348080997779
14.902,7.9961416589871,7.99896920681962,-0.417078240842217
14.904,7.9961316589871,7.99895260187975,-0.433029966723905
14.906,7.99612165898711,7.99893814360809,-0.440898637009861
14.908,7.99611165898711,7.99892581440137,-0.440734422425574
14.91,7.99610165898711,7.9989155474831,-0.432761709535478
14.912,7.99609365898711,7.99890722368224,-0.417395280090412
14.914,7.99608565898711,7.99890078631017,-0.39480152597791
14.916,7.99607765898711,7.99889597423767,-0.36592572967816
14.918,7.99606965898711,7.99889260409394,-0.331406934017216
14.92,7.99606165898711,7.99889032828763,-0.292533288319254
14.922,7.99605465898711,7.99888896274259,-0.249944133643264
14.924,7.99604765898711,7.9988881808076,-0.204848033450265
14.926,7.99604065898711,7.99888768606396,-0.158353121585908
14.928,7.99603365898711,7.99888721153307,-0.111444125537057
14.93,7.99602665898712,7.99888647735682,-0.0651591062212885
14.932,7.99601965898712,7.99888521886165,-0.0204809007796254
14.934,7.99601265898712,7.99888308672012,0.0213294429830653
14.936,7.99600565898712,7.99887996653664,0.0598089704092644
14.938,7.99599865898712,7.99887548927617,0.0936448929517546
14.94,7.99599165898712,7.99886958384275,0.122541374238649
14.942,7.99598465898712,7.99886203460277,0.14570779711999
14.944,7.99597765898712,7.99885292874789,0.16340918011557
14.946,7.99597065898712,7.99884215001314,0.175193367969116
14.948,7.99596365898712,7.99882979518794,0.181354597518444
14.95,7.99595665898712,7.99881598235792,0.18226396240726
14.952,7.99594965898713,7.99880085410413,0.178382202188372
14.954,7.99594265898713,7.99878456365763,0.170208059220835
14.956,7.99593565898713,7.99876732994684,0.158484807385018
14.958,7.99592865898713,7.99874939051945,0.144035554825117
14.96,7.99592165898713,7.99873094909138,0.127541811460765
14.962,7.99591465898713,7.99871231609553,0.110110634477768
14.964,7.99590765898713,7.99869374275022,0.0926130115352956
14.966,7.99590065898713,7.99867551194355,0.07603232807302
14.968,7.99589365898713,7.9986579272406,0.0614162285400445
14.97,7.99588665898713,7.9986412240109,0.0495855552533508
14.972,7.99587965898713,7.99862561122478,0.041257327499601
14.974,7.99587265898713,7.99861131021393,0.0371777153970382
14.976,7.99586565898714,7.99859845316961,0.0377910738271831
14.978,7.99585865898714,7.99858707550085,0.0432126076529496
14.98,7.99585165898714,7.99857722285323,0.0535792191932202
14.982,7.99584465898714,7.99856890841311,0.06891047447538
14.984,7.99583765898714,7.99856206276269,0.0889460300631077
14.986,7.99583065898714,7.9985565802415,0.113298993291152
14.988,7.99582365898714,7.9985523199025,0.141458597052203
14.99,7.99581665898714,7.99854910302652,0.17278067808712
14.992,7.99580965898714,7.99854673403412,0.206544062238278
14.994,7.99580265898714,7.99854494582817,0.241807977946808
14.996,7.99579565898714,7.99854350776148,0.277702016558338
14.998,7.99578865898714,7.99854212263066,0.313142329700088
15,7.99578165898714,7.99854053298608,0.347229478841308
15.002,7.99577465898715,7.99853842329167,0.378744895438391
15.004,7.99576765898715,7.99853556734574,0.406925235606213
15.006,7.99576065898715,7.99853174479963,0.430972193587897
15.008,7.99575365898715,7.99852669741745,0.449926757360179
15.01,7.99574665898715,7.9985202454003,0.463149426351139
15.012,7.99573965898715,7.99851235522954,0.470570783036843
15.014,7.99573265898715,7.99850287449737,0.471631441515489
15.016,7.99572565898715,7.99849172596245,0.466064205719538
15.018,7.99571865898715,7.99847896773615,0.454120338956671
15.02,7.99571165898715,7.99846461326358,0.435850912961166
15.022,7.99570465898715,7.99844882873792,0.411892058170444
15.024,7.99569765898716,7.99843166414897,0.382401031345482
15.026,7.99569065898716,7.99841332302657,0.34812900916533
15.028,7.99568365898716,7.99839400662819,0.309803408178441
15.03,7.99567665898716,7.9983739891152,0.268443508161481
15.032,7.99566965898716,7.99835350878626,0.224903750586687
15.034,7.99566265898716,7.99833286048372,0.18028382612127
15.036,7.99565565898716,7.99831232597723,0.135621609495429
15.038,7.99564865898716,7.99829218284616,0.0919492236706561
15.04,7.99564165898716,7.99827269643598,0.0502539730244396
15.042,7.99563465898716,7.99825413395587,0.0115184294344213
15.044,7.99562765898717,7.9982367783966,-0.0232326298339371
15.046,7.99562065898717,7.99822082436151,-0.0532762196764243
15.048,7.99561365898717,7.99820647136891,-0.0778837180602966
15.05,7.99560665898717,7.99819378580516,-0.0967898988679061
15.052,7.99559965898717,7.99818293637207,-0.109386704838604
15.054,7.99559265898717,7.99817385955761,-0.115868632841374
15.056,7.99558565898717,7.99816659365502,-0.116082421935962
15.058,7.99557865898717,7.99816100955644,-0.110456430625339
15.06,7.99557165898717,7.99815699696293,-0.0993576956479494
15.062,7.99556465898717,7.99815438007866,-0.0833859875423146
15.064,7.99555765898717,7.99815303133594,-0.0629785733463837
15.066,7.99555065898717,7.99815271173648,-0.0389711610575018
15.068,7.99554365898718,7.99815314952819,-0.0123242750282612
15.07,7.99553665898718,7.99815411989851,0.0161552529462051
15.072,7.99552965898718,7.9981553482666,0.0454772316109381
15.074,7.99552265898718,7.99815655823186,0.0746436553723352
15.076,7.99551565898718,7.99815746734605,0.10263400960758
15.078,7.99550865898718,7.99815781374563,0.128512323957297
15.08,7.99550165898718,7.99815725248843,0.15104411305526
15.082,7.99549465898718,7.99815555725217,0.169442322504779
15.084,7.99548765898718,7.99815252007921,0.182984893752093
15.086,7.99548065898718,7.99814780873014,0.190508769416115
15.088,7.99547365898718,7.99814138380093,0.191905197251329
15.09,7.99546665898718,7.99813318785778,0.186993577354062
15.092,7.99545965898719,7.99812307731563,0.175287679140739
15.094,7.99545265898719,7.99811117380187,0.157241246845419
15.096,7.99544565898719,7.99809753764945,0.133089691132462
15.098,7.99543865898719,7.99808231550881,0.103375163719744
15.1,7.99543165898719,7.99806555258796,0.068293096275857
15.102,7.99542465898719,7.99804759059003,0.0290749769410202
15.104,7.99541765898719,7.99802852180652,-0.0139024444307323
15.106,7.99541065898719,7.9980086467691,-0.0595378453484711
15.108,7.99540365898719,7.99798823381909,-0.106830439117294
15.11,7.99539665898719,7.9979675791268,-0.154680385770746
15.112,7.99538965898719,7.99794698502071,-0.201958377549874
15.114,7.99538265898719,7.99792674296455,-0.247584639986187
15.116,7.9953756589872,7.9979071381503,-0.290504012012005
15.118,7.9953686589872,7.99788847475553,-0.329589126435315
15.12,7.9953616589872,7.99787099062272,-0.363983117437638
15.122,7.9953546589872,7.9978550068785,-0.392499030818969
15.124,7.9953476589872,7.99784069814111,-0.41451986723336
15.126,7.9953406589872,7.99782820749612,-0.429533312994927
15.128,7.9953336589872,7.99781767990714,-0.437005328942879
15.13,7.9953266589872,7.99780915757263,-0.436780669709974
15.132,7.9953196589872,7.99780254708847,-0.429210377069501
15.134,7.9953126589872,7.99779785954476,-0.414232433673189
15.136,7.99530565898721,7.99779498266412,-0.392247607635153
15.138,7.99529865898721,7.99779369849531,-0.364055383508678
15.14,7.99529165898721,7.99779376119977,-0.330560638030416
15.142,7.99528465898721,7.99779501071072,-0.292301386563212
15.144,7.99527765898721,7.99779701834241,-0.250881418383868
15.146,7.99527065898721,7.99779950556422,-0.207292215166717
15.148,7.99526365898721,7.99780212185994,-0.162809878463716
15.15,7.99525665898721,7.99780451916883,-0.118716104522128
15.152,7.99524965898721,7.9978063784222,-0.0761792260598446
15.154,7.99524265898721,7.99780740506225,-0.0362791397612632
15.156,7.99523565898721,7.99780723063087,-0.000333171285918143
15.158,7.99522865898722,7.99780571076159,0.0311039792125294
15.16,7.99522165898722,7.99780248906177,0.0567809414647935
15.162,7.99521465898722,7.99779744467852,0.0762484848053554
15.164,7.99520765898722,7.99779052802635,0.0893158733118939
15.166,7.99520065898722,7.9977816316903,0.0956012246714033
15.168,7.99519365898722,7.99777072284926,0.0949828527853204
15.17,7.99518665898722,7.99775789010225,0.0877626669141426
15.172,7.99517865898722,7.99774315154542,0.0740089740479798
15.174,7.99517065898722,7.99772681710953,0.0547999814973707
15.176,7.99516265898722,7.99770904472151,0.0306981741054555
15.178,7.99515465898722,7.99768996564451,0.00219359697846013
15.18,7.99514665898722,7.99766998507488,-0.0292893953880842
15.182,7.99513865898722,7.99764936227558,-0.0628093223740572
15.184,7.99513065898723,7.9976284397928,-0.0971392148241295
15.186,7.99512265898723,7.99760754818876,-0.131092199079528
15.188,7.99511465898723,7.99758700414953,-0.16353221748064
15.19,7.99510665898723,7.99756711729541,-0.193356405485485
15.192,7.99509965898723,7.99754824532287,-0.219288476937092
15.194,7.99509265898723,7.9975305760082,-0.240694576322642
15.196,7.99508565898723,7.99751439611235,-0.256562146770764
15.198,7.99507865898723,7.99749999057354,-0.26589505026131
15.2,7.99507165898723,7.99748731133998,-0.268911106133975
15.202,7.99506565898723,7.99747657884867,-0.26483826254094
15.204,7.99505965898724,7.99746781926019,-0.253609236508665
15.206,7.99505365898723,7.99746087378704,-0.235818538653524
15.208,7.99504765898724,7.99745567778495,-0.21171588233014
15.21,7.99504165898724,7.99745220384487,-0.181421204005323
15.212,7.99503665898724,7.99745015624967,-0.146020328320899
15.214,7.99503165898724,7.99744943524583,-0.105901100056024
15.216,7.99502665898724,7.99744973754323,-0.0621821028873227
15.218,7.99502165898724,7.99745082991607,-0.0157377327756462
15.22,7.99501665898724,7.99745241743299,0.0323351206928634
15.222,7.99501265898724,7.99745420472481,0.080939574900676
15.224,7.99500865898724,7.99745590877932,0.129021487188406
15.226,7.99500465898724,7.99745723452137,0.175487179171457
15.228,7.99500065898724,7.99745790520337,0.219321714470545
15.23,7.99499665898725,7.99745763382288,0.259464546328692
15.232,7.99499365898725,7.99745622695113,0.295212650201652
15.234,7.99499065898725,7.99745343373746,0.325630229795662
15.236,7.99498765898725,7.99744922019886,0.350600985019163
15.238,7.99498465898725,7.99744348271317,0.369725662818375
15.24,7.99498165898725,7.99743620641944,0.382928853002226
15.242,7.99497965898725,7.99742744170749,0.390369099697993
15.244,7.99497765898725,7.9974172176476,0.392102178816055
15.246,7.99497565898725,7.99740569559749,0.38868693282326
15.248,7.99497365898725,7.99739304252467,0.380701772549126
15.25,7.99497165898726,7.99737938318739,0.368529637988873
15.252,7.99497065898726,7.99736498050028,0.35310828482476
15.254,7.99496965898726,7.99735007216572,0.33527654416015
15.256,7.99496865898726,7.99733490127231,0.315845837242269
15.258,7.99496765898726,7.99731976041831,0.295885083849202
15.26,7.99496665898726,7.99730491947515,0.276327053027823
15.262,7.99496665898726,7.99729067160472,0.258185654228535
15.264,7.99496665898726,7.99727730150679,0.242454265631151
15.266,7.99496665898726,7.99726505408316,0.229982128800565
15.268,7.99496665898726,7.99725413524754,0.221475369487195
15.27,7.99496665898726,7.9972448135696,0.217808213929932
15.272,7.99496765898727,7.99723715043908,0.219203164557001
15.274,7.99496865898727,7.99723127902738,0.226073916198954
15.276,7.99496965898727,7.99722718674963,0.238367470312966
15.278,7.99497065898727,7.99722496202166,0.256314049041971
15.28,7.99497165898727,7.99722446745855,0.279435254903945
15.282,7.99497365898727,7.9972256325479,0.307435213483485
15.284,7.99497565898727,7.99722832086012,0.339797831132849
15.286,7.99497765898727,7.99723238267917,0.375943233897102
15.288,7.99497965898727,7.99723759270243,0.415047883326377
15.29,7.99498165898727,7.99724373813727,0.456284209483475
15.292,7.99498465898727,7.99725054416136,0.498699192092873
15.294,7.99498765898727,7.99725779107049,0.541384417020505
15.296,7.99499065898728,7.99726520562634,0.58331751687045
15.298,7.99499365898728,7.99727252922471,0.623550264942127
15.3,7.99499665898728,7.99727950642315,0.661126025084218
15.302,7.99500065898728,7.9972858790702,0.695084212138219
15.304,7.99500465898728,7.99729138079127,0.724438567537077
15.306,7.99500865898728,7.99729578473274,0.74838314608411
15.308,7.99501265898728,7.99729880644127,0.765823815638186
15.31,7.99501665898728,7.99730041082566,0.776788940651323
15.312,7.99502165898728,7.99730049800043,0.780936120657578
15.314,7.99502665898728,7.99729895144962,0.777814321520149
15.316,7.99503165898729,7.9972957512003,0.767352337284971
15.318,7.99503665898729,7.99729106418224,0.75025325114808
15.32,7.99504165898729,7.99728499320302,0.726900188529712
15.322,7.99504765898729,7.99727760501848,0.697459981122849
15.324,7.99505365898729,7.99726918709307,0.663087008549421
15.326,7.99505965898729,7.99725990814422,0.62432352899205
15.328,7.99506565898729,7.9972500811124,0.582406928700966
15.33,7.99507165898729,7.99723996705242,0.538247538632424
15.332,7.99507865898729,7.99722987283291,0.492992977477817
15.334,7.99508565898729,7.99722008759643,0.447746265649691
15.336,7.99509265898729,7.99721093393105,0.4036370627082
15.338,7.99509965898729,7.99720267649145,0.361687989474206
15.34,7.9951066589873,7.99719568177899,0.323170169250159
15.342,7.9951146589873,7.99719010724642,0.28873922378793
15.344,7.9951226589873,7.99718629394191,0.259546773064298
15.346,7.9951306589873,7.99718445190996,0.236347372817432
15.348,7.9951386589873,7.99718457783789,0.219199354958127
15.35,7.9951466589873,7.99718682914619,0.208626036888755
15.352,7.9951556589873,7.99719122120716,0.204689050810169
15.354,7.9951646589873,7.99719768835278,0.207172445400522
15.356,7.9951736589873,7.9972061511194,0.215794928514996
15.358,7.9951826589873,7.99721656369608,0.230349335782571
15.36,7.9951916589873,7.99722854617896,0.249596734524206
15.362,7.99520165898731,7.9972421055388,0.273433808609097
15.364,7.99521165898731,7.99725690155964,0.300685477306428
15.366,7.99522165898731,7.99727261739696,0.33025140319703
15.368,7.99523165898731,7.99728898715342,0.361139988976383
15.37,7.99524165898731,7.99730568392003,0.392139767772741
15.372,7.99525265898731,7.99732236988142,0.422112048444158
15.374,7.99526365898731,7.99733873801168,0.449938560009236
15.376,7.99527465898731,7.99735446988237,0.474484155808051
15.378,7.99528565898731,7.99736929412432,0.49483070510277
15.38,7.99529665898731,7.99738290289307,0.509868886275353
15.382,7.99530865898731,7.99739505715239,0.518785875005942
15.384,7.99532065898731,7.99740567639552,0.521393960083015
15.386,7.99533265898732,7.99741461383062,0.517194021081021
15.388,7.99534465898732,7.99742180327042,0.505993848750525
15.39,7.99535665898732,7.99742729845787,0.488053796042363
15.392,7.99536965898732,7.99743112291033,0.463490463289547
15.394,7.99538265898732,7.9974333516749,0.432609729715551
15.396,7.99539565898732,7.99743419244886,0.396227462123422
15.398,7.99540865898732,7.99743374527619,0.354714132375858
15.4,7.99542165898732,7.99743227341485,0.309066422209111
15.402,7.99543565898732,7.99743009661855,0.260490530005647
15.404,7.99544965898732,7.99742749235126,0.210003571691077
15.406,7.99546365898733,7.99742480387508,0.158882725476584
15.408,7.99547765898733,7.99742237018821,0.108380538126339
15.41,7.99549165898733,7.99742050706984,0.059667675721604
15.412,7.99550665898733,7.99741950399959,0.0138132253703665
15.414,7.99552165898733,7.9974197427521,-0.0278096745026273
15.416,7.99553665898733,7.99742137414955,-0.0646329534808866
15.418,7.99555165898733,7.99742480915275,-0.0952075714072662
15.42,7.99556665898733,7.99743017060283,-0.119092495378758
15.422,7.99558265898733,7.99743761845284,-0.135729048676205
15.424,7.99559865898733,7.99744730947973,-0.144576392280821
15.426,7.99561465898734,7.997459241508,-0.145651265469395
15.428,7.99563065898734,7.99747337177829,-0.139116203506955
15.43,7.99564665898734,7.99748962691443,-0.125246277276891
15.432,7.99566365898734,7.99750793608952,-0.10431770511934
15.434,7.99568065898734,7.99752800792116,-0.0773717470050864
15.436,7.99569765898734,7.99754978521077,-0.0446599324036649
15.438,7.99571465898734,7.99757295822075,-0.00731162014779832
15.44,7.99573165898734,7.99759716368877,0.0333680087685753
15.442,7.99574965898734,7.99762212547791,0.0763597386447718
15.444,7.99576765898734,7.99764753922101,0.120538911119633
15.446,7.99578565898734,7.99767308492882,0.164735973938415
15.448,7.99580365898734,7.99769845362645,0.207811785311201
15.45,7.99582165898734,7.99772335484708,0.248725943444417
15.452,7.99583865898735,7.99774743982588,0.286191533157422
15.454,7.99585565898735,7.99777050733785,0.319538948346743
15.456,7.99587265898735,7.99779227592632,0.347748965658958
15.458,7.99588965898735,7.99781251017413,0.369992371489709
15.46,7.99590665898735,7.99783106091038,0.385758523240553
15.462,7.99592265898735,7.9978478429127,0.394762146980226
15.464,7.99593865898735,7.99786275781312,0.396648647625712
15.466,7.99595465898735,7.99787594397695,0.39194838293495
15.468,7.99597065898735,7.99788743394449,0.380776074385096
15.47,7.99598665898736,7.99789735386683,0.363595789288074
15.472,7.99600165898736,7.99790581796879,0.340820781429718
15.474,7.99601665898736,7.99791301608814,0.313149565892439
15.476,7.99603165898736,7.99791923701891,0.281665465196361
15.478,7.99604665898736,7.99792462770954,0.246891747269552
15.48,7.99606165898736,7.99792950323989,0.210004235126791
15.482,7.99607565898736,7.99793412935797,0.171980780154474
15.484,7.99608965898736,7.99793877916615,0.133820029691511
15.486,7.99610365898736,7.99794374750414,0.096586324296694
15.488,7.99611765898736,7.99794930965733,0.0612770263025969
15.49,7.99613165898736,7.99795572701369,0.0288238555262282
15.492,7.99614465898737,7.99796318702523,-0.000101726246799242
15.494,7.99615765898737,7.99797194334423,-0.0246128003010228
15.496,7.99617065898737,7.99798208936006,-0.0443777714231127
15.498,7.99618365898737,7.99799364630975,-0.0593207259089659
15.5,7.99619665898737,7.99800665974748,-0.069287172466316
15.502,7.99620865898737,7.99802114245924,-0.0742373499279735
15.504,7.99622065898737,7.99803692714646,-0.074747934592386
15.506,7.99623265898737,7.99805392705522,-0.0711228570015594
15.508,7.99624465898737,7.99807197949264,-0.063927758981066
15.51,7.99625665898737,7.998090949764,-0.0536407752014765
15.512,7.99626765898737,7.99811057133439,-0.0411907870526271
15.514,7.99627865898737,7.99813063278984,-0.0273249439252992
15.516,7.99628965898737,7.99815087618489,-0.012956838508374
15.518,7.99630065898738,7.99817102875476,0.000964236336845835
15.52,7.99631165898738,7.99819083136717,0.0135298373986133
15.522,7.99632165898738,7.99820996765399,0.0236390179903445
15.524,7.99633165898738,7.99822823785731,0.0306289978722269
15.526,7.99634165898738,7.99824538290213,0.0336242615904154
15.528,7.99635165898738,7.99826115517055,0.031809356623571
15.53,7.99636165898738,7.9982754884375,0.0250113624977264
15.532,7.99637065898738,7.99828814841834,0.0124865805169673
15.534,7.99637965898738,7.99829904645872,-0.0059879446567287
15.536,7.99638865898739,7.9983081958796,-0.0302855542759341
15.538,7.99639765898739,7.99831562234891,-0.0602361119145241
15.54,7.99640665898739,7.99832125081657,-0.0959749889066895
15.542,7.99641465898739,7.9983253701342,-0.13646797039678
15.544,7.99642265898739,7.99832791460461,-0.181773277928893
15.546,7.99643065898739,7.99832922621813,-0.230683205973227
15.548,7.99643865898739,7.99832942141556,-0.282637839669112
15.55,7.99644665898739,7.99832878651424,-0.33655212269487
15.552,7.99645365898739,7.99832762576557,-0.391307887184645
15.554,7.99646065898739,7.99832621067908,-0.445802712955608
15.556,7.99646765898739,7.99832483524145,-0.499004199478729
15.558,7.99647465898739,7.99832376697517,-0.549873741215488
15.56,7.9964816589874,7.99832332253165,-0.597157151348318
15.562,7.9964876589874,7.99832371762663,-0.640156011438876
15.564,7.9964936589874,7.99832514537763,-0.67817595546213
15.566,7.9964996589874,7.9983279115363,-0.709999670179268
15.568,7.9965056589874,7.99833212875547,-0.735290453315844
15.57,7.9965116589874,7.99833786751316,-0.753845608609971
15.572,7.9965166589874,7.99834522712512,-0.765299557844562
15.574,7.9965216589874,7.99835424388819,-0.769523962810087
15.576,7.9965266589874,7.99836481225621,-0.766962917164042
15.578,7.9965316589874,7.99837687760097,-0.757799759903536
15.58,7.9965366589874,7.99839034914638,-0.742336445235121
15.582,7.99654065898741,7.99840501977118,-0.721364127132971
15.584,7.99654465898741,7.9984207069744,-0.695530940250126
15.586,7.99654865898741,7.99843715258091,-0.665814593654291
15.588,7.99655265898741,7.99845412904537,-0.633012098737284
15.59,7.99655665898741,7.99847134540059,-0.598200676861785
15.592,7.99655965898741,7.99848851943985,-0.562446987308073
15.594,7.99656265898741,7.99850537777604,-0.52673416987037
15.596,7.99656565898741,7.99852163740824,-0.49208472105949
15.598,7.99656865898741,7.99853697741683,-0.459610716558109
15.6,7.99657165898741,7.99855109590348,-0.430384884897628
15.602,7.99657365898742,7.99856384730602,-0.404988956618159
15.604,7.99657565898742,7.99857486119799,-0.384607751293482
15.606,7.99657765898742,7.99858395303747,-0.369871339077522
15.608,7.99657965898742,7.99859113344341,-0.360784450257656
15.61,7.99658165898742,7.99859625199106,-0.357793510454695
15.612,7.99658265898742,7.9985992957938,-0.36090370277566
15.614,7.99658365898742,7.99860036450121,-0.36975997851294
15.616,7.99658465898742,7.99859953060482,-0.384060590390751
15.618,7.99658565898742,7.99859689941223,-0.40338047761006
15.62,7.99658665898742,7.99859265152079,-0.427057482183345
15.622,7.99658665898742,7.9985869691236,-0.454396169377482
15.624,7.99658665898742,7.99858007916091,-0.484554583918838
15.626,7.99658665898743,7.99857224979404,-0.516582550218217
15.628,7.99658665898743,7.99856371962901,-0.549531015994434
15.63,7.99658665898743,7.9985548007418,-0.582307492283931
15.632,7.99658565898743,7.99854577999719,-0.613891050236551
15.634,7.99658465898743,7.9985369460248,-0.643246446796608
15.636,7.99658365898743,7.99852862346242,-0.669148936252631
15.638,7.99658265898743,7.99852109038551,-0.690707309542124
15.64,7.99658165898743,7.99851464190608,-0.706861797531624
15.642,7.99657965898743,7.99850952274992,-0.716799008793938
15.644,7.99657765898743,7.9985059263005,-0.719886546310065
15.646,7.99657565898744,7.99850395549452,-0.715845351401619
15.648,7.99657365898743,7.99850371442283,-0.704339837080086
15.65,7.99657165898744,7.99850521107708,-0.685407039809732
15.652,7.99656865898744,7.99850836935038,-0.659403697252086
15.654,7.99656565898744,7.9985131059803,-0.626688259210188
15.656,7.99656265898744,7.99851926018458,-0.58792323510408
15.658,7.99655965898744,7.99852671629823,-0.543545248442708
15.66,7.99655665898744,7.9985351924729,-0.494667310905353
15.662,7.99655265898744,7.99854440195036,-0.442379066797194
15.664,7.99654865898744,7.99855402467698,-0.387896775358532
15.666,7.99654465898744,7.99856373338076,-0.332462120768731
15.668,7.99654065898744,7.99857317094943,-0.277375371745734
15.67,7.99653665898745,7.99858203607846,-0.2238080482537
15.672,7.99653165898745,7.99859000898553,-0.172928375749829
15.674,7.99652665898745,7.99859673938843,-0.126002372141177
15.676,7.99652165898745,7.99860204453876,-0.0837339032669292
15.678,7.99651665898745,7.99860558141481,-0.0473218505368944
15.68,7.99651165898745,7.99860717932067,-0.0173803047504421
15.682,7.99650565898745,7.99860669913478,0.00560475122851326
15.684,7.99649965898745,7.99860402266993,0.0212343258199125
15.686,7.99649365898745,7.99859907377999,0.0292638628925806
15.688,7.99648765898745,7.99859199607348,0.0301955859761636
15.69,7.99648165898745,7.99858281508497,0.0241481248643769
15.692,7.99647465898746,7.99857153291065,0.0111848045988617
15.694,7.99646765898746,7.99855850865908,-0.00744744582393977
15.696,7.99646065898746,7.99854381146381,-0.0314343086730782
15.698,7.99645365898746,7.9985277702845,-0.0596007359095172
15.7,7.99644665898746,7.99851067717274,-0.090876825154912
15.702,7.99643865898746,7.99849289048886,-0.123998755041458
15.704,7.99643065898746,7.99847471927082,-0.157828514851363
15.706,7.99642265898746,7.99845650611763,-0.191160309005608
15.708,7.99641465898746,7.9984385682746,-0.222862527367261
15.71,7.99640665898746,7.99842126132826,-0.25166005125105
15.712,7.99639765898747,7.99840481192771,-0.276839212430565
15.714,7.99638865898747,7.99838954538606,-0.297238560489851
15.716,7.99637965898747,7.99837572564807,-0.311970815749844
15.718,7.99637065898747,7.9983634707858,-0.320693826880576
15.72,7.99636165898747,7.99835290965565,-0.323003851700166
15.722,7.99635165898747,7.99834413116787,-0.318636283646946
15.724,7.99634165898747,7.99833711150578,-0.307733395716325
15.726,7.99633165898747,7.99833178450529,-0.290582299806979
15.728,7.99632165898747,7.9983280283291,-0.267669054806936
15.73,7.99631165898747,7.99832577958062,-0.239267923611426
15.732,7.99629965898747,7.99832469803108,-0.20665073824805
15.734,7.99628765898747,7.9983247227161,-0.170079969952136
15.736,7.99627565898748,7.99832545137821,-0.131035446237789
15.738,7.99626365898748,7.99832664036821,-0.0904290554485705
15.74,7.99625165898748,7.99832794995551,-0.0494998810052673
15.742,7.99623865898748,7.99832905327639,-0.00944573009017265
15.744,7.99622565898748,7.99832964153803,0.0286234228108939
15.746,7.99621265898748,7.99832937281607,0.0634816887252015
15.748,7.99619965898748,7.99832788152676,0.093837466681173
15.75,7.99618665898748,7.99832496466919,0.119008271939862
15.752,7.99617365898749,7.99832036612456,0.138118390938685
15.754,7.99616065898749,7.99831369014546,0.149813928145292
15.756,7.99614765898749,7.99830497580421,0.154298591888946
15.758,7.99613465898749,7.99829411709726,0.151254649392413
15.76,7.99612165898749,7.99828098589722,0.140299585480558
15.762,7.99610865898749,7.99826566472279,0.121791528738116
15.764,7.99609565898749,7.9982482397996,0.0961049546315315
15.766,7.99608265898749,7.99822874899827,0.0634653938362652
15.768,7.99606965898749,7.99820746569842,0.0248999479155498
15.77,7.99605665898749,7.99818458810447,-0.0188272570804791
15.772,7.99604365898749,7.99816024447583,-0.0671449725111065
15.774,7.99603065898749,7.99813480281054,-0.118702214859647
15.776,7.9960176589875,7.99810859354351,-0.172285240307081
15.778,7.9960046589875,7.99808193110564,-0.226702349306167
15.78,7.9959916589875,7.99805516942143,-0.280654542606899
15.782,7.9959786589875,7.99802863677544,-0.33294745640599
15.784,7.9959656589875,7.99800265472448,-0.382410633034067
15.786,7.9959526589875,7.99797751685976,-0.427998751533221
15.788,7.9959396589875,7.99795358361605,-0.468380144622568
15.79,7.9959266589875,7.99793110693912,-0.502698493752525
15.792,7.9959136589875,7.99791034224376,-0.530052851765814
15.794,7.9959006589875,7.99789140809905,-0.550071728867901
15.796,7.99588765898751,7.99787455100728,-0.561848693161022
15.798,7.99587465898751,7.99785967867373,-0.56579509921976
15.8,7.99586165898751,7.99784684262832,-0.56173321979196
15.802,7.99584865898751,7.99783599219275,-0.54987504758423
15.804,7.99583565898751,7.99782708000369,-0.530407701604054
15.806,7.99582265898751,7.99781993485842,-0.503992083457773
15.808,7.99580965898751,7.9978142494865,-0.471814094081403
15.81,7.99579665898751,7.99780992613424,-0.434214400152626
15.812,7.99578365898751,7.9978066247051,-0.392472453789507
15.814,7.99577065898751,7.99780402560024,-0.347772107773059
15.816,7.99575765898751,7.99780179265908,-0.301366065134582
15.818,7.99574465898752,7.99779960086858,-0.254444882903512
15.82,7.99573165898752,7.99779713183943,-0.208177228792231
15.822,7.99571865898752,7.99779407235192,-0.163699676353144
15.824,7.99570565898752,7.99779012821208,-0.122070368883575
15.826,7.99569265898752,7.99778494215879,-0.0845415695180936
15.828,7.99567965898752,7.99777837887957,-0.0516044425928107
15.83,7.99566665898752,7.99777004930956,-0.0245791029250313
15.832,7.99565365898752,7.99775983526726,-0.00386300935215756
15.834,7.99564065898752,7.99774771026201,0.0104663689935123
15.836,7.99562765898752,7.99773348833415,0.0178106066393288
15.838,7.99561465898753,7.9977172824833,0.0185797667127118
15.84,7.99560165898753,7.99769916007499,0.0130423468420541
15.842,7.99558865898753,7.99767917010652,0.00142458149389964
15.844,7.99557565898753,7.99765759633935,-0.0152723753378641
15.846,7.99556265898753,7.99763453120782,-0.0366518142697961
15.848,7.99554965898753,7.9976102345147,-0.061750337180585
15.85,7.99553665898753,7.99758508074801,-0.0892667246214747
15.852,7.99552365898753,7.99755932540219,-0.118252139314576
15.854,7.99551065898753,7.99753329492894,-0.147514844865221
15.856,7.99549765898753,7.99750732897601,-0.175892525319523
15.858,7.99548465898753,7.99748174144356,-0.202268579093329
15.86,7.99547165898753,7.99745688417747,-0.225405262557586
15.862,7.99545865898754,7.99743299702559,-0.244543298290924
15.864,7.99544565898754,7.99741042275043,-0.258483806183493
15.866,7.99543265898754,7.99738946474849,-0.266218279618732
15.868,7.99541965898754,7.99737014351638,-0.267796620621616
15.87,7.99540665898754,7.9973527232365,-0.262335031766723
15.872,7.99539365898754,7.99733724834153,-0.24977120501244
15.874,7.99538065898754,7.99732365916405,-0.230407489229537
15.876,7.99536765898754,7.9973119351711,-0.204398507226252
15.878,7.99535465898754,7.99730200879108,-0.172074783501961
15.88,7.99534165898755,7.99729364148687,-0.134364878757555
15.882,7.99532865898755,7.99728678535768,-0.0915443823652092
15.884,7.99531565898755,7.99728114472974,-0.0447440167339376
15.886,7.99530265898755,7.99727641142747,0.00486637860501072
15.888,7.99528965898755,7.99727227132198,0.0561242552108727
15.89,7.99527665898755,7.99726842886569,0.107894093839514
15.892,7.99526365898755,7.99726452690393,0.158848408820126
15.894,7.99525065898755,7.99726023260707,0.207776792485141
15.896,7.99523765898755,7.99725524847827,0.253613189945799
15.898,7.99522465898755,7.99724919464805,0.294954956289723
15.9,7.99521165898756,7.99724188893552,0.331212659350774
15.902,7.99519865898756,7.99723306573698,0.361438873653849
15.904,7.99518565898756,7.99722247463656,0.384759220705424
15.906,7.99517265898756,7.99721007967957,0.401122831085737
15.908,7.99515965898756,7.99719577764227,0.410203294851299
15.91,7.99514665898756,7.99717953424927,0.411928019300158
15.912,7.99513365898756,7.99716140615065,0.4065575112784
15.914,7.99512065898756,7.99714149241644,0.394498987682897
15.916,7.99510765898756,7.99711977212917,0.375707746459412
15.918,7.99509465898756,7.99709655952709,0.351379242204488
15.92,7.99508165898756,7.9970719304439,0.321811766750469
15.922,7.99506865898757,7.99704620339316,0.288191710783583
15.924,7.99505565898757,7.99701967825058,0.251623927351135
15.926,7.99504265898757,7.99699264705199,0.213176466051999
15.928,7.99502965898757,7.99696543157226,0.17401832089045
15.93,7.99501665898757,7.99693834544564,0.135282641145707
15.932,7.99500365898757,7.99691170312115,0.0980921936876742
15.934,7.99499065898757,7.99688584862017,0.0636612714270473
15.936,7.99497765898757,7.99686096937413,0.0326409937122753
15.938,7.99496465898757,7.99683738608731,0.00613559707946639
15.94,7.99495165898757,7.99681537191133,-0.0149353726295482
15.942,7.99493865898758,7.99679495689547,-0.0305038030105177
15.944,7.99492565898758,7.99677632747812,-0.039968518362075
15.946,7.99491265898758,7.99675955080756,-0.0431473202248401
15.948,7.99489965898758,7.99674458972423,-0.0402161433559256
15.95,7.99488665898758,7.99673143207264,-0.0312720639046031
15.952,7.99487365898758,7.99671996070392,-0.0167715876086402
15.954,7.99486065898758,7.99671006462309,0.00283961473779867
15.956,7.99484765898758,7.9967015696665,0.0268947587140741
15.958,7.99483465898758,7.99669430693069,0.0547193829071277
15.96,7.99482165898758,7.99668793824669,0.0851342019835409
15.962,7.99480865898759,7.99668231034967,0.117481076618231
15.964,7.99479565898759,7.99667711338544,0.150630325082848
15.966,7.99478265898759,7.99667205415292,0.1835424141693
15.968,7.99476965898759,7.99666686023494,0.215217110078783
15.97,7.99475665898759,7.99666124130872,0.244620726557581
15.972,7.99474365898759,7.99665487117735,0.270584918415135
15.974,7.99473065898759,7.99664752771509,0.292410442638149
15.976,7.99471765898759,7.9966388759326,0.30891067009791
15.978,7.99470465898759,7.99662870798005,0.319430247392562
15.98,7.99469165898759,7.99661681347892,0.323296384375728
15.982,7.99467865898759,7.99660317125967,0.32053724410113
15.984,7.99466565898759,7.99658761373163,0.310613664227241
15.986,7.9946526589876,7.99657026023574,0.294049542676907
15.988,7.9946396589876,7.99655114728533,0.271046653781197
15.99,7.9946266589876,7.99653042387557,0.242215704532229
15.992,7.9946136589876,7.99650815795217,0.207880393793454
15.994,7.9946006589876,7.99648459468406,0.168998642749397
15.996,7.9945876589876,7.99645993968649,0.126386667989971
15.998,7.9945746589876,7.99643444054359,0.0810067001128928
16,7.9945616589876,7.99640839946245,0.0339911227023903
16.002,7.9945486589876,7.99638208413941,-0.0136304273771556
16.004,7.9945356589876,7.99635580017235,-0.0607465035947128
16.006,7.99452265898761,7.99632985045975,-0.106224384623913
16.008,7.99450965898761,7.99630452625958,-0.149023536290714
16.01,7.99449665898761,7.99628017773705,-0.187878144758794
16.012,7.99448365898761,7.99625697856906,-0.22222229476581
16.014,7.99447065898761,7.99623528149611,-0.25078832117161
16.016,7.99445765898761,7.9962153110717,-0.272819978639632
16.018,7.99444465898761,7.99619708270056,-0.288330783330971
16.02,7.99443165898761,7.99618072732892,-0.296889762919433
16.022,7.99441965898761,7.99616634704659,-0.298172589994424
16.024,7.99440765898761,7.99615379933604,-0.292746855132983
16.026,7.99439565898761,7.99614304555908,-0.280793616000845
16.028,7.99438365898762,7.99613402906353,-0.262564431900377
16.03,7.99437165898762,7.99612642560027,-0.239272548891436
16.032,7.99436165898762,7.99612020527776,-0.211076451431886
16.034,7.99435165898762,7.99611503266797,-0.179224273795402
16.036,7.99434165898762,7.99611064677157,-0.144687797135915
16.038,7.99433165898762,7.99610677632968,-0.108482134994078
16.04,7.99432165898762,7.99610309782052,-0.0717830439828872
16.042,7.99431265898762,7.99609932360426,-0.0356379511054806
16.044,7.99430365898762,7.99609513060307,-0.00121200796980116
16.046,7.99429465898763,7.99609027625669,0.0306585495374126
16.048,7.99428565898763,7.99608446548002,0.0589332750856475
16.05,7.99427665898763,7.99607745369572,0.082781158107288
16.052,7.99426765898763,7.99606911932419,0.101827831112687
16.054,7.99425865898763,7.99605926981286,0.115445272965218
16.056,7.99424965898763,7.99604785377898,0.123518419489751
16.058,7.99424065898763,7.99603485426219,0.126051191365046
16.06,7.99423165898763,7.99602019112,0.122831492130148
16.062,7.99422265898763,7.99600407365148,0.11464327594898
16.064,7.99421365898763,7.99598648126307,0.101485037125967
16.066,7.99420465898763,7.99596762135757,0.0841369786281543
16.068,7.99419565898764,7.99594766690779,0.0632689109932164
16.07,7.99418665898764,7.99592690985224,0.0399301121257602
16.072,7.99417765898764,7.99590557818712,0.0149785082304885
16.074,7.99416865898764,7.99588397399646,-0.0105002621040078
16.076,7.99415965898764,7.99586239758084,-0.0354342193924425
16.078,7.99415065898764,7.99584112715702,-0.0588520899412208
16.08,7.99414165898764,7.99582047378607,-0.0796554192690522
16.082,7.99413265898764,7.99580068401067,-0.0970232712163695
16.084,7.99412365898764,7.99578203339544,-0.110020943275066
16.086,7.99411465898764,7.99576471113837,-0.118053133802109
16.088,7.99410565898765,7.9957489133771,-0.120509033530913
16.09,7.99409665898765,7.99573472171987,-0.117197716217238
16.092,7.99408765898765,7.99572220831282,-0.10795846046289
16.094,7.99407865898765,7.99571148260507,-0.0925080111150151
16.096,7.99406965898765,7.99570240903824,-0.0714132782716843
16.098,7.99406065898765,7.99569495914289,-0.0448689797738479
16.1,7.99405165898765,7.99568909892067,-0.0131137999296966
16.102,7.99404265898765,7.99568449013664,0.0226234358378219
16.104,7.99403365898765,7.99568112940884,0.0621674076679219
16.106,7.99402465898765,7.99567868061733,0.104288209965504
16.108,7.99401565898765,7.9956769242899,0.148102831327252
16.11,7.99400665898766,7.99567556489988,0.192511905798733
16.112,7.99399765898766,7.99567431846691,0.236437267709949
16.114,7.99398865898766,7.9956728986246,0.278829650845177
16.116,7.99397965898766,7.99567103331574,0.318719052724175
16.118,7.99397065898766,7.99566838324381,0.354833453169891
16.12,7.99396165898766,7.99566467634337,0.386255382088448
16.122,7.99395265898766,7.99565972850502,0.41240174290691
16.124,7.99394365898766,7.99565322903876,0.432158436029165
16.126,7.99393465898766,7.99564504038498,0.445124330352088
16.128,7.99392565898766,7.99563514049391,0.451321381082421
16.13,7.99391665898767,7.99562338269587,0.450262201380607
16.132,7.99390765898767,7.99560977282448,0.442043379310986
16.134,7.99389865898767,7.99559446729098,0.427319496985622
16.136,7.99388965898767,7.99557756004887,0.406491237369069
16.138,7.99388065898767,7.99555910630168,0.379811909246329
16.14,7.99387165898767,7.99553934732934,0.348232967709582
16.142,7.99386265898767,7.99551845475952,0.312434573867965
16.144,7.99385365898767,7.99549669695507,0.273445060915704
16.146,7.99384465898767,7.99547431652184,0.232184868096411
16.148,7.99383565898767,7.99545159433256,0.189703599488575
16.15,7.99382665898768,7.99542882934578,0.147099211343496
16.152,7.99381765898768,7.99540631312773,0.105431050897417
16.154,7.99380865898768,7.99538434339588,0.0657628318779497
16.156,7.99379965898768,7.99536326007873,0.0292942660213899
16.158,7.99379065898768,7.99534329619257,-0.00317422225243735
16.16,7.99378165898768,7.99532473929715,-0.0306565825562427
16.162,7.99377265898768,7.99530783703831,-0.0523244386378797
16.164,7.99376365898768,7.99529266693416,-0.0679532937841476
16.166,7.99375465898768,7.99527936920516,-0.0771039074859874
16.168,7.99374565898768,7.99526798285939,-0.0796961509493672
16.17,7.99373665898769,7.99525845651156,-0.0759640574087873
16.172,7.99372765898769,7.99525075229624,-0.0661041172901409
16.174,7.99371865898769,7.995244721188,-0.050694952257364
16.176,7.99370965898769,7.99524022097309,-0.0303024718357456
16.178,7.99370065898769,7.99523710097035,-0.00553421915815313
16.18,7.99369165898769,7.99523509340903,0.0226133165090087
16.182,7.99368265898769,7.99523394734961,0.0531998569917243
16.184,7.99367365898769,7.99523337778902,0.0851728952847005
16.186,7.99366465898769,7.99523308514934,0.117411136543155
16.188,7.99365565898769,7.99523275940961,0.14883984082379
16.19,7.9936466589877,7.99523210840073,0.178398868698236
16.192,7.9936376589877,7.99523084247625,0.205080322845545
16.194,7.9936286589877,7.9952286244227,0.227693581809259
16.196,7.9936196589877,7.99522522316453,0.245502934565345
16.198,7.9936106589877,7.99522034515473,0.257517973461149
16.2,7.9936016589877,7.99521379494121,0.263148141172703
16.202,7.9935926589877,7.9952054613083,0.262106305107541
16.204,7.9935836589877,7.99519526738923,0.254220304999393
16.206,7.9935746589877,7.99518312034931,0.239258936040626
16.208,7.9935656589877,7.99516907782495,0.217531568313244
16.21,7.99355665898771,7.99515325236907,0.18953383655762
16.212,7.99354765898771,7.99513565061231,0.155404857878178
16.214,7.99353865898771,7.99511660894975,0.116413368728516
16.216,7.99352965898771,7.99509622482788,0.0730209024652443
16.218,7.99352065898771,7.99507484854228,0.0265466484118213
16.22,7.99351165898771,7.99505278344136,-0.0218548217829248
16.222,7.99350265898771,7.99503036618706,-0.0709436416271027
16.224,7.99349365898771,7.99500792410246,-0.119463634886772
16.226,7.99348465898771,7.99498577419774,-0.166291269785465
16.228,7.99347565898771,7.99496421433408,-0.210339015271107
16.23,7.99346665898772,7.99494360855143,-0.250271441061253
16.232,7.99345765898772,7.99492415937437,-0.285439506038556
16.234,7.99344865898772,7.99490617246775,-0.314760902235226
16.236,7.99343965898772,7.99488989521085,-0.3374066590167
16.238,7.99343065898772,7.99487543167972,-0.353092245347989
16.24,7.99342165898772,7.99486287320342,-0.36156340445957
16.242,7.99341265898772,7.9948523900426,-0.362264934983236
16.244,7.99340365898772,7.99484382908604,-0.355837083618896
16.246,7.99339465898772,7.99483717014698,-0.342412168326824
16.248,7.99338565898773,7.9948324078858,-0.322075316181762
16.25,7.99337665898773,7.99482920894576,-0.296097075562207
16.252,7.99336765898773,7.99482753144581,-0.264690160306385
16.254,7.99335865898773,7.99482705826885,-0.229054701747013
16.256,7.99334965898773,7.99482750748624,-0.190253800486838
16.258,7.99334065898773,7.99482854733936,-0.14951154343319
16.26,7.99333165898773,7.99482987879756,-0.107939947470968
16.262,7.99332265898773,7.99483116905146,-0.0667434105784203
16.264,7.99331365898773,7.99483208895492,-0.0271125896297148
16.266,7.99330465898773,7.99483232390375,0.00984414498363125
16.268,7.99329565898774,7.9948315235243,0.0428997977786059
16.27,7.99328665898774,7.99482951732038,0.0715025349560355
16.272,7.99327765898774,7.99482593301953,0.0943677716326775
16.274,7.99326865898774,7.99482056829662,0.110854273503698
16.276,7.99325965898774,7.99481343430817,0.121076082921427
16.278,7.99325065898774,7.99480437627531,0.124558510165755
16.28,7.99324165898774,7.99479336639306,0.121285300159959
16.282,7.99323265898774,7.99478047355297,0.111576855909696
16.284,7.99322365898774,7.99476579863031,0.0958652490109
16.286,7.99321465898774,7.99474938454146,0.0744039784217186
16.288,7.99320565898774,7.99473148584677,0.0481485538858424
16.29,7.99319665898775,7.99471221010527,0.0175831935575989
16.292,7.99318765898775,7.99469184381781,-0.0162261816627688
16.294,7.99317865898775,7.99467065671606,-0.052266080805006
16.296,7.99316965898775,7.99464895216484,-0.089421571272482
16.298,7.99316065898775,7.99462705225868,-0.126543902953345
16.3,7.99315165898775,7.99460526492421,-0.162525651048099
16.302,7.99314265898775,7.99458390914406,-0.196242735211413
16.304,7.99313365898775,7.99456333769233,-0.22644342928482
16.306,7.99312465898775,7.99454378832365,-0.252374597679836
16.308,7.99311565898775,7.99452558890345,-0.272893092244948
16.31,7.99310665898776,7.9945089770287,-0.287233621251881
16.312,7.99309765898776,7.99449413341747,-0.294842325352757
16.314,7.99308865898776,7.99448109913653,-0.295674542273743
16.316,7.99307965898776,7.99447005373293,-0.289165073092097
16.318,7.99307065898776,7.9944608561745,-0.275921770294249
16.32,7.99306165898776,7.99445350429528,-0.256034714989869
16.322,7.99305165898776,7.9944479496005,-0.229769965771887
16.324,7.99304165898776,7.99444400965524,-0.1978750035316
16.326,7.99303165898776,7.99444147484242,-0.161179231026521
16.328,7.99302165898776,7.99444016956341,-0.120403978325419
16.33,7.99301165898776,7.99443981267783,-0.0766370432083094
16.332,7.99299965898777,7.99444006419258,-0.0311257072723406
16.334,7.99298765898777,7.99444064902606,0.0150647586429023
16.336,7.99297565898777,7.99444122945944,0.0606954626948458
16.338,7.99296365898777,7.99444149261826,0.104623582594578
16.34,7.99295165898777,7.99444113045008,0.145745330355936
16.342,7.99293865898777,7.99443985085767,0.183033568230058
16.344,7.99292565898777,7.9944372909094,0.215204136591471
16.346,7.99291265898777,7.9944333142682,0.241868152665556
16.348,7.99289965898777,7.9944275249214,0.261638303406563
16.35,7.99288665898778,7.99441974831494,0.273998719152236
16.352,7.99287365898778,7.99440993991655,0.278893738772859
16.354,7.99286065898778,7.99439793391615,0.275815502711837
16.356,7.99284765898778,7.99438377853534,0.265031996175503
16.358,7.99283465898778,7.99436749335066,0.246700419154628
16.36,7.99282165898778,7.99434906677772,0.220882515446944
16.362,7.99280865898778,7.99432884262326,0.188884059232579
16.364,7.99279565898778,7.99430696564334,0.151304625240462
16.366,7.99278265898778,7.99428358374229,0.108786245195793
16.368,7.99276965898778,7.99425909044389,0.0627848556152464
16.37,7.99275665898779,7.99423376475035,0.0143812844471456
16.372,7.99274365898779,7.99420795879835,-0.0351343390450073
16.374,7.99273065898779,7.99418198816255,-0.0845690661563872
16.376,7.99271765898779,7.9941561803607,-0.132734475687109
16.378,7.99270465898779,7.99413084689398,-0.178515877241264
16.38,7.99269165898779,7.99410634644656,-0.220613873032426
16.382,7.99267865898779,7.99408288203694,-0.258401187968358
16.384,7.99266565898779,7.99406080494769,-0.290617844014481
16.386,7.99265265898779,7.99404036673468,-0.316436275576944
16.388,7.99263965898779,7.99402167499401,-0.335566857399753
16.39,7.9926266589878,7.99400486207293,-0.347603120094366
16.392,7.9926136589878,7.99399003736904,-0.352218023766427
16.394,7.9926006589878,7.99397711396931,-0.349800226795772
16.396,7.9925876589878,7.99396612318778,-0.340292925414974
16.398,7.9925746589878,7.99395688429247,-0.324413982435345
16.4,7.9925616589878,7.99394930464171,-0.302558785028391
16.402,7.9925486589878,7.99394319363813,-0.275478623480513
16.404,7.9925356589878,7.99393836601513,-0.243908239899723
16.406,7.9925226589878,7.99393446966307,-0.209151756286475
16.408,7.9925096589878,7.99393129861591,-0.172005317357791
16.41,7.9924966589878,7.9939285395704,-0.133629714429611
16.412,7.99248365898781,7.9939258786845,-0.0951690906532253
16.414,7.99247065898781,7.99392301340198,-0.0577143479111558
16.416,7.99245765898781,7.99391965742512,-0.0222777738851829
16.418,7.99244465898781,7.99391545738169,0.00988546661295448
16.42,7.99243165898781,7.99391015278106,0.0379008733746473
16.422,7.99241865898781,7.99390351753208,0.0610209018336993
16.424,7.99240565898781,7.99389528243009,0.0783588177511606
16.426,7.99239265898781,7.99388540726528,0.0898619689554545
16.428,7.99237965898781,7.99387377984786,0.0952144536089557
16.43,7.99236665898781,7.99386028107695,0.0940924042183524
16.432,7.99235365898782,7.99384496440838,0.0867743053641194
16.434,7.99234065898782,7.99382787769306,0.0735192811701333
16.436,7.99232765898782,7.99380913407559,0.0548086767936575
16.438,7.99231465898782,7.99378879634202,0.0309705809649084
16.44,7.99230165898782,7.99376704708848,0.00273855840701651
16.442,7.99228865898782,7.99374414288953,-0.0289254029459129
16.444,7.99227565898782,7.99372030776845,-0.0631563269957736
16.446,7.99226265898782,7.99369581612017,-0.0989149601047093
16.448,7.99224965898782,7.99367098999004,-0.135042327770495
16.45,7.99223665898782,7.99364613849979,-0.17039766417014
16.452,7.99222365898783,7.99362157215179,-0.20390106700143
16.454,7.99221065898783,7.99359759997678,-0.23445847752639
16.456,7.99219765898783,7.99357449320886,-0.261157486478966
16.458,7.99218465898783,7.9935525871824,-0.282808369554047
16.46,7.99217165898783,7.99353207024278,-0.298844317305631
16.462,7.99215865898783,7.99351317921009,-0.308496531743247
16.464,7.99214565898783,7.99349597130931,-0.311681707130496
16.466,7.99213265898783,7.99348059201427,-0.307965558045295
16.468,7.99211965898783,7.99346710675455,-0.29721990106674
16.47,7.99210665898784,7.99345537582631,-0.280056029060745
16.472,7.99209365898784,7.99344537783424,-0.256641045628814
16.474,7.99208065898784,7.99343700254941,-0.227467070254385
16.476,7.99206765898784,7.99343007486737,-0.193256176450066
16.478,7.99205465898784,7.99342444150289,-0.154657140072907
16.48,7.99204165898784,7.99341980675235,-0.112805399721237
16.482,7.99202865898784,7.9934158896262,-0.0687696730582935
16.484,7.99201565898784,7.99341242682075,-0.0235744315613243
16.486,7.99200265898784,7.99340908721321,0.0215424218121818
16.488,7.99198965898784,7.99340556891351,0.0654999120206089
16.49,7.99197665898784,7.99340158290365,0.107244690896265
16.492,7.99196365898785,7.9933967783169,0.145503203933342
16.494,7.99195065898785,7.99339090511936,0.179438363354827
16.496,7.99193765898785,7.99338371256822,0.20820115314949
16.498,7.99192465898785,7.99337484460007,0.23055448737358
16.5,7.99191165898785,7.99336431172782,0.246659668039836
16.502,7.99189865898785,7.99335187613533,0.255727080991378
16.504,7.99188565898785,7.99333758711314,0.258026558584779
16.506,7.99187265898785,7.99332132494667,0.253206096645999
16.508,7.99185965898785,7.99330327361944,0.242005588866337
16.51,7.99184665898786,7.99328350256812,0.224748285761494
16.512,7.99183365898786,7.9932621392324,0.201972166575003
16.514,7.99182065898786,7.99323940395197,0.174532299831883
16.516,7.99180765898786,7.99321547888141,0.143159723850504
16.518,7.99179465898786,7.99319066263324,0.10897577711753
16.52,7.99178165898786,7.99316524119295,0.0730405829609718
16.522,7.99176865898786,7.9931395083006,0.0364412327093666
16.524,7.99175565898786,7.9931137756671,0.000298149140992917
16.526,7.99174265898786,7.993088351604,-0.0342885940728911
16.528,7.99172965898786,7.99306353752196,-0.0662747396295149
16.53,7.99171665898787,7.99303969350297,-0.0944062905071319
16.532,7.99170365898787,7.9930170140714,-0.118076739185117
16.534,7.99169065898787,7.99299588326904,-0.135966638138628
16.536,7.99167765898787,7.99297636189158,-0.147971978473452
16.538,7.99166465898787,7.99295868059473,-0.153354072616868
16.54,7.99165165898787,7.99294292494923,-0.151908531001335
16.542,7.99163865898787,7.99292910274716,-0.143703262801924
16.544,7.99162565898787,7.99291717681029,-0.128960438084902
16.546,7.99161265898787,7.99290704236145,-0.10813767060509
16.548,7.99159965898788,7.99289869498954,-0.0813726127609417
16.55,7.99158665898788,7.99289176292591,-0.0500182736928211
16.552,7.99157365898788,7.99288625538384,-0.0141998161286315
16.554,7.99156065898788,7.99288180800689,0.0247493681866408
16.556,7.99154765898788,7.99287814642222,0.0657897887158851
16.558,7.99153465898788,7.99287498683895,0.107846538257765
16.56,7.99152165898788,7.99287200650091,0.149713757070308
16.562,7.99150865898788,7.99286889492659,0.190300739975383
16.564,7.99149565898788,7.99286534892291,0.228500436052453
16.566,7.99148265898788,7.99286100535768,0.262982310855637
16.568,7.99146965898789,7.99285568862687,0.293259239837919
16.57,7.99145665898789,7.99284904070543,0.318025209073839
16.572,7.99144365898789,7.99284085625374,0.336642851970934
16.574,7.99143065898789,7.99283091769811,0.348419668241884
16.576,7.99141765898789,7.99281920245121,0.353399064216693
16.578,7.99140465898789,7.99280559572797,0.351253874279167
16.58,7.99139165898789,7.99279000813256,0.341755807720384
16.582,7.99137865898789,7.99277252824289,0.325326269935908
16.584,7.99136565898789,7.99275324957099,0.302391888213221
16.586,7.99135265898789,7.9927322155349,0.273205118056134
16.588,7.9913396589879,7.99270974685153,0.238987109374952
16.59,7.9913266589879,7.99268591554492,0.200086260973213
16.592,7.9913136589879,7.99266103033869,0.157678201589801
16.594,7.9913006589879,7.99263543039473,0.113016742171732
16.596,7.9912876589879,7.99260939613771,0.0671724556516469
16.598,7.9912746589879,7.99258326984007,0.0213808882396848
16.6,7.9912616589879,7.99255735423373,-0.0232431389993372
16.602,7.9912486589879,7.99253196463517,-0.0655642844339652
16.604,7.9912356589879,7.99250745011024,-0.104332016322583
16.606,7.99122265898791,7.99248396269435,-0.139079818865461
16.608,7.99120965898791,7.99246193165402,-0.168267034426196
16.61,7.99119665898791,7.99244143084284,-0.191726767645474
16.612,7.99118365898791,7.99242273053619,-0.208549959031499
16.614,7.99117065898791,7.99240584206199,-0.218780209552032
16.616,7.99115765898791,7.99239091247737,-0.221963413503966
16.618,7.99114465898791,7.99237784077492,-0.218533384565746
16.62,7.99113165898791,7.99236665902929,-0.208448671238222
16.622,7.99111965898791,7.99235723035831,-0.19226789292074
16.624,7.99110765898791,7.99234940713234,-0.17059039923693
16.626,7.99109565898792,7.99234304176715,-0.144016808369501
16.628,7.99108365898792,7.99233790901921,-0.113425270238995
16.63,7.99107165898792,7.99233370802548,-0.0799274870484916
16.632,7.99106165898792,7.992330188544,-0.0444800414808192
16.634,7.99105165898792,7.99232704000512,-0.00823151456271982
16.636,7.99104165898792,7.992323951265,0.0277139668984986
16.638,7.99103165898792,7.99232062487374,0.0622825161929367
16.64,7.99102165898792,7.99231671704745,0.0942436922658491
16.642,7.99101265898792,7.99231198021799,0.122794687989501
16.644,7.99100365898792,7.99230613639217,0.146979822473605
16.646,7.99099465898792,7.9922989127223,0.165888733430564
16.648,7.99098565898793,7.99229019105596,0.179194380345018
16.65,7.99097665898793,7.99227985051553,0.18654485661887
16.652,7.99096765898793,7.99226787488509,0.187967860173451
16.654,7.99095865898793,7.99225424789892,0.183486732771557
16.656,7.99094965898793,7.99223904975823,0.173467427754899
16.658,7.99094065898793,7.99222236720336,0.158301727698255
16.66,7.99093165898793,7.99220436414054,0.138653336288862
16.662,7.99092265898793,7.99218522296597,0.115244066834628
16.664,7.99091365898793,7.99216512459622,0.0887984875469733
16.666,7.99090465898793,7.99214432501034,0.0602756986412608
16.668,7.99089565898794,7.9921230908916,0.0306624666442279
16.67,7.99088665898794,7.99210170446321,0.0010045857759959
16.672,7.99087765898794,7.99208045905339,-0.02768290327542
16.674,7.99086865898794,7.99205965429507,-0.0543333503446582
16.676,7.99085965898794,7.99203964555115,-0.0777025803793907
16.678,7.99085065898794,7.99202068420366,-0.0969865123912784
16.68,7.99084165898794,7.9920030013291,-0.111432883506152
16.682,7.99083265898794,7.99198697629297,-0.119765880134487
16.684,7.99082365898795,7.99197267364347,-0.121879184165775
16.686,7.99081465898795,7.9919602390609,-0.117362558107322
16.688,7.99080565898795,7.99194978884658,-0.105921572083469
16.69,7.99079665898795,7.99194126833213,-0.0878639589950969
16.692,7.99078765898795,7.9919346407481,-0.06343225632946
16.694,7.99077865898795,7.9919298768337,-0.032872495562429
16.696,7.99076965898795,7.99192671862106,0.0028176937578049
16.698,7.99076065898795,7.99192497908515,0.0428835498674422
16.7,7.99075165898795,7.99192449524919,0.0865938405226093
16.702,7.99074265898795,7.99192488099908,0.132548294388711
16.704,7.99073365898796,7.99192584018612,0.179607869726612
16.706,7.99072465898796,7.99192702301414,0.22648188220401
16.708,7.99071565898796,7.99192809075567,0.271945976647308
16.71,7.99070665898796,7.99192872308053,0.314840678787881
16.712,7.99069765898796,7.99192857351998,0.353905526129873
16.714,7.99068865898796,7.99192739267255,0.388338623201173
16.716,7.99067965898796,7.99192486579439,0.41702089321333
16.718,7.99067065898796,7.99192066256515,0.438811228510103
16.72,7.99066165898796,7.99191475030339,0.453767891589919
16.722,7.99065265898797,7.99190693081004,0.461244704352112
16.724,7.99064365898797,7.99189711258895,0.461015755755345
16.726,7.99063465898797,7.9918852325443,0.452951335197622
16.728,7.99062565898797,7.99187132216086,0.437265078787676
16.73,7.99061665898797,7.9918553973334,0.414105227165977
16.732,7.99060765898797,7.99183772100387,0.384521453164792
16.734,7.99059865898797,7.99181846319152,0.349195529285231
16.736,7.99058965898797,7.99179772495998,0.308563370492803
16.738,7.99058065898797,7.99177593751911,0.264233625335118
16.74,7.99057165898797,7.99175336238968,0.217199248304114
16.742,7.99056265898797,7.99173035686905,0.168780038759985
16.744,7.99055365898797,7.99170726219231,0.120234706893061
16.746,7.99054465898798,7.99168440040676,0.0727270336513966
16.748,7.99053565898798,7.99166209471887,0.0274218820761761
16.75,7.99052665898798,7.99164066040636,-0.0145670116027814
16.752,7.99051765898798,7.99162039211438,-0.0522213963517209
16.754,7.99050865898798,7.99160157496856,-0.0845729579559755
16.756,7.99049965898798,7.99158437363863,-0.111099454951818
16.758,7.99049065898798,7.9915690413224,-0.130966019617559
16.76,7.99048165898798,7.99155566269851,-0.143945463653838
16.762,7.99047265898798,7.99154422520617,-0.150146604909977
16.764,7.99046365898799,7.9915348060308,-0.149367119016552
16.766,7.99045465898799,7.99152735347279,-0.141860658668346
16.768,7.99044565898799,7.99152170093381,-0.128274081986653
16.77,7.99043665898799,7.9915178185313,-0.108808139950831
16.772,7.99042765898799,7.99151548324161,-0.0843145392890998
16.774,7.99041865898799,7.99151444989145,-0.0557221748703313
16.776,7.99040965898799,7.99151449776755,-0.0238896542944719
16.778,7.99040065898799,7.99151530069946,0.0100008453699353
16.78,7.99039165898799,7.9915165720632,0.0448842173325856
16.782,7.990382658988,7.99151799158429,0.0796208287243094
16.784,7.99037365898799,7.99151924864764,0.113093111330979
16.786,7.990364658988,7.99152002768292,0.144206834610451
16.788,7.990355658988,7.99151996339969,0.171672792255683
16.79,7.990346658988,7.99151887993847,0.19499427259211
16.792,7.990337658988,7.99151635428569,0.212665924258334
16.794,7.990328658988,7.9915122524553,0.224340345676983
16.796,7.990319658988,7.99150630318953,0.229133393464537
16.798,7.990310658988,7.99149860275024,0.227511508675139
16.8,7.99030165898801,7.99148892880118,0.218767829617282
16.802,7.99029265898801,7.99147743402557,0.203555287226545
16.804,7.99028365898801,7.99146410990942,0.181950616557981
16.806,7.99027465898801,7.99144904536677,0.154390962722236
16.808,7.99026565898801,7.99143252733592,0.121980004046839
16.81,7.99025665898801,7.99141457230786,0.0849179820164322
16.812,7.99024765898801,7.99139549782189,0.0444007387778124
16.814,7.99023865898801,7.99137553089713,0.00132919503808945
16.816,7.99022965898801,7.99135496078678,-0.0432070721260707
16.818,7.99022065898801,7.99133410056189,-0.0880294427485976
16.82,7.99021165898801,7.99131327516799,-0.13200074169424
16.822,7.99020265898802,7.99129279517278,-0.173991909950513
16.824,7.99019365898802,7.99127300243413,-0.212781316682557
16.826,7.99018465898802,7.99125414809842,-0.247550941227477
16.828,7.99017565898802,7.99123660799196,-0.276947977897773
16.83,7.99016665898802,7.99122058857075,-0.300330407853735
16.832,7.99015765898802,7.99120631005327,-0.316983602650729
16.834,7.99014865898802,7.9911938447729,-0.326746013894447
16.836,7.99013965898802,7.99118332687,-0.329211185437393
16.838,7.99013065898802,7.99117468909743,-0.324717544503175
16.84,7.99012165898803,7.99116791807414,-0.3133919833757
16.842,7.99011265898803,7.99116296399352,-0.295499568256226
16.844,7.99010365898803,7.99115959015651,-0.271976302304134
16.846,7.99009465898803,7.99115771863591,-0.243185323111252
16.848,7.99008565898803,7.99115713268067,-0.209991353171629
16.85,7.99007665898803,7.99115746569478,-0.173755328015147
16.852,7.99006765898803,7.99115846975606,-0.135423201496851
16.854,7.99005865898803,7.99115983950517,-0.0961447684251521
16.856,7.99004965898803,7.99116123079604,-0.0571615066013789
16.858,7.99004065898804,7.99116234145331,-0.0195586854357294
16.86,7.99003165898804,7.99116284023197,0.0154821388517347
16.862,7.99002265898804,7.99116246675895,0.047086082731192
16.864,7.99001365898804,7.99116087917292,0.0740703279929902
16.866,7.99000465898804,7.99115782645336,0.0956259584603334
16.868,7.98999565898804,7.99115319232474,0.111442927944076
16.87,7.98998665898804,7.99114673391139,0.120755507396711
16.872,7.98997765898804,7.99113838929766,0.123453662768135
16.874,7.98996865898804,7.99112814011073,0.119573531250429
16.876,7.98995965898805,7.99111595038911,0.109093020418029
16.878,7.98995065898805,7.99110189422773,0.092372168258725
16.88,7.98994165898805,7.99108609432868,0.0699470421369269
16.882,7.98993265898805,7.99106881768894,0.0428139573039222
16.884,7.98992365898805,7.99105019168885,0.0115367548162791
16.886,7.98991465898805,7.99103049640664,-0.0228099121976167
16.888,7.98990565898805,7.99101007235445,-0.0589967659518709
16.89,7.98989665898805,7.9909892077382,-0.0959284505453993
16.892,7.98988765898805,7.99096822994045,-0.132430537979444
16.894,7.98987865898805,7.99094743903739,-0.167426308739655
16.896,7.98986965898805,7.99092711623058,-0.19994389748076
16.898,7.98986065898806,7.99090759127436,-0.228801124360889
16.9,7.98985165898806,7.99088915722146,-0.253018318273815
16.902,7.98984265898806,7.99087200588007,-0.272018975846561
16.904,7.98983365898806,7.99085645462202,-0.284732740376678
16.906,7.98982465898806,7.9908425179545,-0.291259899738655
16.908,7.98981565898806,7.99083042680259,-0.290858528213523
16.91,7.98980665898806,7.99082025791863,-0.283371807465596
16.912,7.98979765898806,7.99081193188973,-0.269197370871078
16.914,7.98978865898806,7.99080542875521,-0.248504913546857
16.916,7.98977965898807,7.99080062162137,-0.221843596003086
16.918,7.98977065898807,7.99079745884239,-0.189510787210928
16.92,7.98976165898807,7.99079574603344,-0.152300474163293
16.922,7.98975165898807,7.99079522787842,-0.111211192282816
16.924,7.98974165898807,7.99079569837179,-0.0670811793268756
16.926,7.98973165898807,7.99079683664515,-0.0211057895519475
16.928,7.98972165898807,7.99079836898994,0.0256625934611814
16.93,7.98971165898807,7.99079998562833,0.072074830049477
16.932,7.98969965898807,7.99080138335781,0.117030495470859
16.934,7.98968765898807,7.99080225907782,0.159439194410446
16.936,7.98967565898807,7.99080232680343,0.198297207275728
16.938,7.98966365898808,7.99080118430471,0.23215021402437
16.94,7.98965165898808,7.99079875892807,0.2608771793271
16.942,7.98963865898808,7.99079462690615,0.282953617907693
16.944,7.98962565898808,7.99078867076687,0.298080582240225
16.946,7.98961265898808,7.99078072322786,0.305753569935196
16.948,7.98959965898808,7.99077077395862,0.306046224794486
16.95,7.98958665898808,7.99075878495753,0.298923084396776
16.952,7.98957365898808,7.99074478810781,0.284601167645154
16.954,7.98956065898809,7.99072885043099,0.263424388194586
16.956,7.98954765898809,7.99071103615341,0.235733377287548
16.958,7.98953465898809,7.99069156692315,0.202412424050223
16.96,7.98952165898809,7.99067055467267,0.163969820349062
16.962,7.98950965898809,7.99064826406869,0.121432533788428
16.964,7.98949765898809,7.99062497925803,0.075882457715113
16.966,7.98948565898809,7.99060102609448,0.0285189105884257
16.968,7.98947365898809,7.99057671469457,-0.0195021468585774
16.97,7.98946165898809,7.99055237802253,-0.0669649658815228
16.972,7.9894506589881,7.99052834588301,-0.112697821638151
16.974,7.9894396589881,7.99050492302935,-0.155628780491859
16.976,7.9894286589881,7.99048247790811,-0.194433896455444
16.978,7.9894176589881,7.990461181437,-0.228594613388167
16.98,7.9894066589881,7.99044131641926,-0.257122099472607
16.982,7.9893966589881,7.99042316118345,-0.279077447348844
16.984,7.9893866589881,7.9904066424349,-0.294846806278146
16.986,7.9893766589881,7.99039199736008,-0.303632270178682
16.988,7.9893666589881,7.99037923959098,-0.305475249831333
16.99,7.9893566589881,7.99036823179128,-0.300952343271785
16.992,7.98934765898811,7.99035895112671,-0.290213858846809
16.994,7.98933865898811,7.99035129675022,-0.273694049525856
16.996,7.98932965898811,7.99034515977882,-0.251859869144037
16.998,7.98932065898811,7.99034034855477,-0.225479705906107
17,7.98931165898811,7.99033659394829,-0.195570941065978
17.002,7.98930365898811,7.99033377645277,-0.162658187843475
17.004,7.98929565898811,7.99033160976093,-0.127820530973859
17.006,7.98928765898811,7.99032981970763,-0.0920635204298753
17.008,7.98927965898811,7.990328153838,-0.0563227973900317
17.01,7.98927165898811,7.99032634377571,-0.021551884865338
17.012,7.98926465898812,7.99032407564146,0.0111217803828564
17.014,7.98925765898812,7.99032111886776,0.0409458638295811
17.016,7.98925065898812,7.9903172218358,0.0670682688962574
17.018,7.98924365898812,7.99031218421583,0.0888519768406669
17.02,7.98923665898812,7.99030584734074,0.105818695927642
17.022,7.98923065898812,7.99029814539076,0.1178299661812
17.024,7.98922465898812,7.99028898056156,0.124628767377056
17.026,7.98921865898812,7.99027843886495,0.126604837296089
17.028,7.98921265898812,7.99026648430514,0.123720370888973
17.03,7.98920665898813,7.99025337118247,0.116926558387285
17.032,7.98920165898813,7.99023913771344,0.106442312381722
17.034,7.98919665898813,7.99022397527158,0.0930105954732645
17.036,7.98919165898813,7.99020810328522,0.0774654829738078
17.038,7.98918665898813,7.99019174411761,0.060622844754414
17.04,7.98918165898813,7.99017508843326,0.0432308490283825
17.042,7.98917765898813,7.99015838723765,0.0261801772743491
17.044,7.98917365898813,7.99014186903787,0.0102724400018633
17.046,7.98916965898813,7.99012579282745,-0.00357327291838455
17.048,7.98916565898814,7.99011042934165,-0.0144468805015858
17.05,7.98916165898814,7.99009602466249,-0.0215471465629425
17.052,7.98915865898814,7.99008281546024,-0.0241215818959322
17.054,7.98915565898814,7.99007103028998,-0.0214697145657145
17.056,7.98915265898814,7.99006083422217,-0.0131388838731606
17.058,7.98914965898814,7.99005231682376,0.00105133338033887
17.06,7.98914665898814,7.99004563091584,0.0214857070044049
17.062,7.98914465898814,7.99004073541073,0.0478831978992566
17.064,7.98914265898814,7.99003771277221,0.0803550834862986
17.066,7.98914065898814,7.99003637388704,0.118126475842992
17.068,7.98913865898814,7.9900366331235,0.160758300587585
17.07,7.98913665898815,7.99003843699722,0.207868290107817
17.072,7.98913565898815,7.9900415775227,0.258579968277021
17.074,7.98913465898815,7.99004577691538,0.311843427108093
17.076,7.98913365898815,7.9900508550826,0.366832985753454
17.078,7.98913265898815,7.99005651770613,0.422409599409178
17.08,7.98913165898815,7.99006247631348,0.477458647851542
17.082,7.98913165898815,7.99006844966773,0.530921027477479
17.084,7.98913165898815,7.99007415672177,0.581741720011227
17.086,7.98913165898816,7.99007932116938,0.628902938294875
17.088,7.98913165898816,7.9900836692529,0.671409189780346
17.09,7.98913165898816,7.99008695717715,0.708397968476086
17.092,7.98913265898816,7.99008894573008,0.739015632012087
17.094,7.98913365898816,7.99008955442632,0.763138613688051
17.096,7.98913465898816,7.99008857214122,0.779989696196786
17.098,7.98913565898816,7.99008596076302,0.789562762204916
17.1,7.98913665898816,7.99008172981996,0.792012552995882
17.102,7.98913865898816,7.99007584183269,0.787247646565945
17.104,7.98914065898816,7.99006837514849,0.775644590765732
17.106,7.98914265898817,7.99005940134091,0.757514050754762
17.108,7.98914465898817,7.99004915352071,0.733832007796131
17.11,7.98914665898817,7.99003771783659,0.704884659280579
17.112,7.98914965898817,7.99002541201032,0.671933654637338
17.114,7.98915265898817,7.99001247446187,0.635827583364832
17.116,7.98915565898817,7.98999923516262,0.59780230764481
17.118,7.98915865898817,7.9899860077462,0.559019552605658
17.12,7.98916165898817,7.98997309420812,0.520561349631968
17.122,7.98916565898817,7.98996083706553,0.483615344182427
17.124,7.98916965898818,7.98994951042858,0.449179417877967
17.126,7.98917365898818,7.98993947487573,0.418462032680808
17.128,7.98917765898818,7.98993086852615,0.391979586907049
17.13,7.98918165898818,7.98992404862998,0.370863364950591
17.132,7.98918665898818,7.98991915649633,0.355560746480667
17.134,7.98919165898818,7.98991625014195,0.346229712818436
17.136,7.98919665898818,7.98991547271057,0.343252232861131
17.138,7.98920165898818,7.98991675940409,0.346359267444107
17.14,7.98920665898819,7.98992010173636,0.355425850591979
17.142,7.98921265898819,7.98992539515181,0.370023255655862
17.144,7.98921865898819,7.9899325977537,0.38986174496982
17.146,7.98922465898819,7.98994150356172,0.414172584219334
17.148,7.98923065898819,7.98995194857048,0.442253219291968
17.15,7.98923665898819,7.98996361520894,0.473011462013149
17.152,7.98924365898819,7.98997629963617,0.505566513095648
17.154,7.98925065898819,7.98998967185362,0.538749150066452
17.156,7.98925765898819,7.99000341614448,0.571440395575638
17.158,7.98926465898819,7.99001722882476,0.602546886371215
17.16,7.9892716589882,7.99003079361428,0.630957708397
17.162,7.9892796589882,7.99004380856215,0.65565900152026
17.164,7.9892876589882,7.99005589356999,0.675243303600027
17.166,7.9892956589882,7.99006683037641,0.689130230031555
17.168,7.9893036589882,7.99007636509832,0.696484061184672
17.17,7.9893116589882,7.99008423475839,0.696413335702401
17.172,7.9893206589882,7.99009045758257,0.689204447845337
17.174,7.9893296589882,7.9900948391505,0.674169111945786
17.176,7.9893386589882,7.99009752924669,0.652042099435886
17.178,7.98934765898821,7.99009854212496,0.622950022578965
17.18,7.98935665898821,7.9900979348264,0.587184687723241
17.182,7.98936665898821,7.99009599199075,0.545952186535234
17.184,7.98937665898821,7.99009288281795,0.499957189249292
17.186,7.98938665898821,7.99008875664407,0.449797300244937
17.188,7.98939665898821,7.99008396879009,0.396879823722307
17.19,7.98940665898821,7.99007878617522,0.342219355722536
17.192,7.98941765898821,7.99007354105797,0.287075542680204
17.194,7.98942865898821,7.99006854879477,0.232624133455725
17.196,7.98943965898821,7.99006412574186,0.180016303534494
17.198,7.98945065898822,7.99006058189694,0.130366549457854
17.2,7.98946165898822,7.99005829827003,0.0850137402424176
17.202,7.98947365898822,7.99005748600719,0.0446967521336787
17.204,7.98948565898822,7.99005850005238,0.0106272998338542
17.206,7.98949765898822,7.99006150156126,-0.0166633661187357
17.208,7.98950965898822,7.99006664560737,-0.0366781222186393
17.21,7.98952165898822,7.9900740538223,-0.0490461433747723
17.212,7.98953465898822,7.99008364641904,-0.0540861035576952
17.214,7.98954765898822,7.99009543188647,-0.0518291642171466
17.216,7.98956065898822,7.99010938154579,-0.0424505496904851
17.218,7.98957365898823,7.99012534644144,-0.0265458158620205
17.22,7.98958665898823,7.99014299455894,-0.00529185346969151
17.222,7.98960165898823,7.99016230779951,0.0211069922058305
17.224,7.98961665898823,7.99018291455932,0.0513130359573642
17.226,7.98963165898823,7.99020452292937,0.0842481641197571
17.228,7.98964665898823,7.99022681741162,0.118752435751101
17.23,7.98966165898823,7.9902494660536,0.15364419051023
17.232,7.98967965898823,7.99027216515528,0.187831701122518
17.234,7.98969765898823,7.99029460472032,0.220220961024868
17.236,7.98971565898824,7.99031648576832,0.249788513488794
17.238,7.98973365898824,7.9903375219766,0.275555608450692
17.24,7.98975165898824,7.99035745535004,0.296670236206657
17.242,7.98977365898824,7.99037610925462,0.312606477135811
17.244,7.98979565898824,7.99039334147498,0.322943363777997
17.246,7.98981765898824,7.99040900643205,0.327234651956285
17.248,7.98983965898824,7.99042316690896,0.325813455521427
17.25,7.98986165898824,7.99043580192245,0.318668343819254
17.252,7.98988665898825,7.99044696771306,0.306068299236927
17.254,7.98991165898825,7.9904568376879,0.288701374882138
17.256,7.98993665898825,7.99046551395053,0.266976960771074
17.258,7.98996165898825,7.99047326222784,0.241887906751015
17.26,7.98998665898825,7.99048037962438,0.214522311595071
17.262,7.99001365898825,7.99048722150126,0.186162328915914
17.264,7.99004065898825,7.99049412355481,0.158006471053819
17.266,7.99006765898825,7.99050145841059,0.131371731857751
17.268,7.99009465898825,7.99050958462555,0.107509316866527
17.27,7.99012165898825,7.99051883191055,0.0875516189709615
17.272,7.99014965898826,7.99052950289275,0.0725184976991155
17.274,7.99017765898826,7.99054199354528,0.063726695860987
17.276,7.99020565898826,7.99055656072288,0.0619902555395696
17.278,7.99023365898826,7.99057345663122,0.0680889291802239
17.28,7.99026165898826,7.99059287321531,0.0825735704366019
17.282,7.99028965898826,7.99061486729065,0.105528824501829
17.284,7.99031765898826,7.99063949566899,0.137020821792249
17.286,7.99034565898826,7.99066670895173,0.1767517941352
17.288,7.99037365898826,7.99069648343272,0.224474068430278
17.29,7.99040165898827,7.99072865617172,0.279484138183888
17.292,7.99042865898827,7.99076304046988,0.340984768346274
17.294,7.99045565898827,7.99079937485405,0.407917214886735
17.296,7.99048265898827,7.99083732903421,0.479025710753436
17.298,7.99050965898827,7.99087652452098,0.552942516369827
17.3,7.99053665898827,7.99091666337382,0.628421103386716
17.302,7.99056265898827,7.99095733229043,0.703969876586482
17.304,7.99058865898827,7.99099814809338,0.778151594127176
17.306,7.99061465898827,7.99103872036327,0.849504438871208
17.308,7.99064065898827,7.99107869517907,0.916787874891174
17.31,7.99066665898828,7.99111769737903,0.978572248616642
17.312,7.99069165898828,7.99115538668466,1.03364849947518
17.314,7.99071665898828,7.99119144141607,1.08088302297525
17.316,7.99074165898828,7.99122545429705,1.11872865299673
17.318,7.99076665898828,7.99125741082082,1.14736608708627
17.32,7.99079165898828,7.99128686307468,1.1649768325178
17.322,7.99081565898828,7.99131370879053,1.17125700932233
17.324,7.99083965898828,7.99133792505616,1.16619645912884
17.326,7.99086365898829,7.99135940310471,1.14939016687187
17.328,7.99088765898829,7.9913783287544,1.12166369347696
17.33,7.99091165898829,7.991394757148,1.08325127663839
17.332,7.99093465898829,7.99140881603733,1.03465936819272
17.334,7.99095765898829,7.99142083309463,0.97720889525392
17.336,7.99098065898829,7.99143113264058,0.912183426485219
17.338,7.99100365898829,7.99144001310625,0.840706151486831
17.34,7.99102665898829,7.9914478417332,0.764145673964701
17.342,7.99104865898829,7.99145507025417,0.684280941962841
17.344,7.99107065898829,7.99146206188668,0.602438835184281
17.346,7.9910926589883,7.99146924002911,0.520143534221212
17.348,7.9911146589883,7.99147696123135,0.438799162940961
17.35,7.9911366589883,7.9914855507666,0.359601190447569
17.352,7.9911576589883,7.99149548073818,0.284176586778893
17.354,7.9911786589883,7.99150690952162,0.213234838545557
17.356,7.9911996589883,7.99152015511104,0.147899360327399
17.358,7.9912206589883,7.9915354767483,0.0891221112352624
17.36,7.9912416589883,7.99155291120692,0.0371252489234079
17.362,7.99126165898831,7.99157262225574,-0.00748415306607975
17.364,7.99128165898831,7.99159443649119,-0.0452149534780779
17.366,7.99130165898831,7.99161834564613,-0.0760603675536115
17.368,7.99132165898831,7.99164425103304,-0.100326294526697
17.37,7.99134165898831,7.99167196790345,-0.11861836657339
17.372,7.99136065898831,7.99170127345245,-0.131679380835379
17.374,7.99137965898831,7.99173193101308,-0.140307085425664
17.376,7.99139865898831,7.99176359335702,-0.145666043987661
17.378,7.99141765898831,7.99179593146714,-0.148860093236843
17.38,7.99143665898831,7.99182860470774,-0.151028537315411
17.382,7.99145465898832,7.99186124683755,-0.153382208460002
17.384,7.99147265898832,7.99189348070201,-0.157154704359267
17.386,7.99149065898832,7.99192492157786,-0.16358215488474
17.388,7.99150865898832,7.99195531534579,-0.173450706027092
17.39,7.99152665898832,7.99198418663379,-0.18824728028194
17.392,7.99154365898832,7.99201137117849,-0.208419689711929
17.394,7.99156065898832,7.99203653803986,-0.234919520198118
17.396,7.99157765898832,7.99205961242487,-0.267865816512412
17.398,7.99159465898832,7.99208049563194,-0.307425689064292
17.4,7.99161165898833,7.99209920332975,-0.353388049195922
17.402,7.99162765898833,7.99211577072388,-0.40545002545083
17.404,7.99164365898833,7.99213036049268,-0.462910945256141
17.406,7.99165965898833,7.99214306999412,-0.525213143513971
17.408,7.99167565898833,7.99215414069824,-0.591363665451101
17.41,7.99169165898833,7.99216386170511,-0.660206990920288
17.412,7.99170665898833,7.99217254938497,-0.730470651759078
17.414,7.99172165898833,7.99218056522132,-0.800851613461866
17.416,7.99173665898833,7.99218822911135,-0.870138307142219
17.418,7.99175165898833,7.99219587201947,-0.936919377108204
17.42,7.99176665898834,7.99220380805727,-1.00019945280398
17.422,7.99178065898834,7.99221234665039,-1.05875294571081
17.424,7.99179465898834,7.99222175522975,-1.11168598742811
17.426,7.99180865898834,7.99223230836234,-1.15797099418881
17.428,7.99182265898834,7.99224426413002,-1.19668376510361
17.43,7.99183665898834,7.99225777168988,-1.22741601101285
17.432,7.99184965898834,7.99227297575769,-1.24968863128786
17.434,7.99186265898834,7.9922900289783,-1.26292795218379
17.436,7.99187565898835,7.99230884298519,-1.26764692939432
17.438,7.99188865898835,7.9923294217015,-1.26383408999375
17.44,7.99190165898835,7.99235168321276,-1.25183450864144
17.442,7.99191365898835,7.99237554456962,-1.23192750558702
17.444,7.99192565898835,7.9924007574389,-1.20515033033364
17.446,7.99193765898835,7.99242714022207,-1.17211827843933
17.448,7.99194965898835,7.99245437172206,-1.13410629048551
17.45,7.99196165898835,7.99248215998588,-1.09222657054028
17.452,7.99197265898835,7.99251020866927,-1.04748634475005
17.454,7.99198365898835,7.99253818950404,-1.00118196564088
17.456,7.99199465898836,7.9925657991773,-0.954383808019953
17.458,7.99200565898836,7.99259270984031,-0.908226181899311
17.46,7.99201665898836,7.9926186058024,-0.863842226000213
17.462,7.99202665898836,7.99264332762163,-0.821930086574067
17.464,7.99203665898836,7.99266651104058,-0.783579529250348
17.466,7.99204665898836,7.992687948599,-0.749500636442792
17.468,7.99205665898836,7.99270763768249,-0.719807901566777
17.47,7.99206665898836,7.99272544244894,-0.694889992474505
17.472,7.99207565898837,7.99274131368778,-0.674873125980251
17.474,7.99208465898837,7.99275531460543,-0.65955668166494
17.476,7.99209365898837,7.99276746849881,-0.648808061130217
17.478,7.99210265898837,7.99277785687505,-0.642317458188944
17.48,7.99211165898837,7.99278662247136,-0.639606529407475
17.482,7.99211965898837,7.99279380079172,-0.640392482188584
17.484,7.99212765898837,7.99279964388806,-0.643864636408195
17.486,7.99213565898837,7.99280438744513,-0.649264829801829
17.488,7.99214365898837,7.99280816253724,-0.655921588600349
17.49,7.99215165898837,7.99281130668838,-0.662806861481255
17.492,7.99215865898837,7.99281407727754,-0.668970441517052
17.494,7.99216565898838,7.9928167781482,-0.673407256405568
17.496,7.99217265898838,7.9928197014302,-0.675175116490661
17.498,7.99217965898838,7.99282316899422,-0.673149708054406
17.5,7.99218665898838,7.99282744437506,-0.666544402242335
17.502,7.99219265898838,7.9928328117295,-0.654408522012732
17.504,7.99219865898838,7.99283943717384,-0.636352217753884
17.506,7.99220465898838,7.992847378614,-0.612371896602621
17.508,7.99221065898838,7.99285681191707,-0.581898802896341
17.51,7.99221665898838,7.99286772233648,-0.545168583392633
17.512,7.99222165898839,7.99288003338043,-0.502618855271468
17.514,7.99222665898839,7.99289368148231,-0.454600753553653
17.516,7.99223165898839,7.9929085483913,-0.401669690889079
17.518,7.99223665898839,7.99292447457273,-0.344532753241756
17.52,7.99224165898839,7.99294126972246,-0.28399590768028
17.522,7.99224565898839,7.99295872210119,-0.220937549525662
17.524,7.99224965898839,7.99297655506885,-0.156463090715361
17.526,7.99225365898839,7.99299451539446,-0.0915781802149897
17.528,7.99225765898839,7.99301230961333,-0.0274331232162901
17.53,7.9922616589884,7.99302968102006,0.0349861321221007
17.532,7.9922636589884,7.99304635277815,0.0946217299075536
17.534,7.9922656589884,7.99306204467793,0.150422044184086
17.536,7.9922676589884,7.9930764248747,0.201156846818244
17.538,7.9922696589884,7.99308935814223,0.246361603129703
17.54,7.9922716589884,7.99310048522718,0.284724080831213
17.542,7.9922706589884,7.99310967834937,0.315821602354787
17.544,7.9922696589884,7.9931168864822,0.339510056535749
17.546,7.9922686589884,7.99312189257178,0.355024274417251
17.548,7.99226765898841,7.99312484408988,0.362945344928679
17.55,7.99226665898841,7.99312566006625,0.363002030450111
17.552,7.99226165898841,7.99312447891467,0.355728814805712
17.554,7.99225665898841,7.99312141838816,0.341583668446147
17.556,7.99225165898841,7.99311668437758,0.321350412449041
17.558,7.99224665898841,7.99311045905485,0.295727730125318
17.56,7.99224165898841,7.99310297144945,0.265582916641704
17.562,7.99223165898841,7.99309441325984,0.231650058740248
17.564,7.99222165898841,7.9930850542233,0.1949340624774
17.566,7.99221165898842,7.99307512937336,0.156303490807049
17.568,7.99220165898842,7.99306487319492,0.116621491428283
17.57,7.99219165898842,7.99305454950149,0.0768328073364825
17.572,7.99217565898842,7.99304437319365,0.0377013605741209
17.574,7.99215965898842,7.99303455242053,-3.51640587097646e-05
17.576,7.99214365898842,7.99302526752258,-0.0357472999431885
17.578,7.99212765898842,7.99301661727047,-0.0691073239459352
17.58,7.99211165898842,7.99300871714652,-0.0997161626438749
17.582,7.99209065898842,7.99300157541258,-0.127556391670643
17.584,7.99206965898843,7.99299523094565,-0.152481069742403
17.586,7.99204865898843,7.99298955879427,-0.174922569837331
17.588,7.99202765898843,7.99298446010041,-0.195203341369099
17.59,7.99200665898843,7.99297979596266,-0.213770989059488
17.592,7.99198165898843,7.99297535563918,-0.23132880203427
17.594,7.99195665898843,7.99297088147047,-0.248723729084741
17.596,7.99193165898843,7.99296611666384,-0.266820600550574
17.598,7.99190665898843,7.99296073974663,-0.286661771079726
17.6,7.99188165898843,7.99295447380628,-0.309159912091436
17.602,7.99185365898843,7.99294697458236,-0.335408111865043
17.604,7.99182565898844,7.99293794239607,-0.366343900141994
17.606,7.99179765898844,7.99292709690645,-0.402810848049793
17.608,7.99176965898844,7.99291420093419,-0.445481415278915
17.61,7.99174165898844,7.99289916443402,-0.494545402345622
17.612,7.99171165898844,7.992881712885,-0.550701746445243
17.614,7.99168165898844,7.99286176153709,-0.614034749929488
17.616,7.99165165898844,7.99283940285924,-0.684099296281176
17.618,7.99162165898844,7.99281453101352,-0.760972639797349
17.62,7.99159165898844,7.99278716700762,-0.84432221486169
17.622,7.99156065898845,7.99275754780841,-0.933259481092416
17.624,7.99152965898845,7.99272566977065,-1.02745803283463
17.626,7.99149865898845,7.99269175336079,-1.12599257220492
17.628,7.99146765898845,7.99265603761476,-1.22782630361766
17.63,7.99143665898845,7.99261883289189,-1.33175778814655
17.632,7.99140565898845,7.99258043827229,-1.43649184152815
17.634,7.99137465898845,7.9925412766777,-1.54057549680227
17.636,7.99134365898845,7.99250169801129,-1.64264512656132
17.638,7.99131265898845,7.99246207049858,-1.74124612870138
17.64,7.99128165898846,7.99242279413762,-1.83472189242667
17.642,7.99125065898846,7.99238418867124,-1.92210413617556
17.644,7.99121965898846,7.99234658045511,-2.00207232971087
17.646,7.99118865898846,7.99231033749552,-2.07309124443636
17.648,7.99115765898846,7.99227566442838,-2.1345694074529
17.65,7.99112665898846,7.99224286069922,-2.18523259448108
17.652,7.99109565898846,7.99221219779172,-2.22392296694725
17.654,7.99106465898846,7.99218370178066,-2.2507264022264
17.656,7.99103365898847,7.99215760156004,-2.26453055398
17.658,7.99100265898847,7.99213393807285,-2.26518306813389
17.66,7.99097165898847,7.99211278268273,-2.25228156874169
17.662,7.99094065898847,7.99209391889665,-2.22687523787115
17.664,7.99090965898847,7.99207722276773,-2.18941687320407
17.666,7.99087865898847,7.9920626240199,-2.13987098006176
17.668,7.99084765898847,7.99204963579947,-2.08049569309365
17.67,7.99081665898847,7.99203803937626,-2.01182259558905
17.672,7.99078565898847,7.99202738577924,-1.93565356040091
17.674,7.99075465898847,7.99201724317887,-1.853770402572
17.676,7.99072365898848,7.99200722641877,-1.76763248632217
17.678,7.99069265898848,7.99199694137957,-1.67867398580756
17.68,7.99066165898848,7.99198595022971,-1.58839247292311
17.682,7.99063065898848,7.99197396655389,-1.49820612365572
17.684,7.99059965898848,7.99196064510425,-1.40929601633629
17.686,7.99056865898848,7.99194562611693,-1.32292410111197
17.688,7.99053765898848,7.99192857471066,-1.2402981286282
17.69,7.99050665898848,7.99190954522106,-1.16169724222793
17.692,7.99047565898849,7.99188799708479,-1.08857002447509
17.694,7.99044465898849,7.99186409791178,-1.02078757988045
17.696,7.99041365898849,7.99183772811056,-0.95875312737273
17.698,7.99038265898849,7.99180885848902,-0.902607866243042
17.7,7.99035165898849,7.9917776250453,-0.852036157996423
17.702,7.99032065898849,7.99174418835882,-0.806602875619041
17.704,7.99028965898849,7.99170875706179,-0.765706411710661
17.706,7.99025865898849,7.99167145526018,-0.728852399320771
17.708,7.99022765898849,7.99163276451074,-0.694725231282198
17.71,7.99019665898849,7.99159292522222,-0.662464412124555
17.712,7.9901656589885,7.99155234081097,-0.630885317198566
17.714,7.9901346589885,7.99151136538073,-0.598841666799804
17.716,7.9901036589885,7.99147039355797,-0.565082883364648
17.718,7.9900726589885,7.99142979712415,-0.528531894594466
17.72,7.9900416589885,7.99138996977581,-0.487946243228707
17.722,7.9900106589885,7.99135122769169,-0.44245586082467
17.724,7.9899796589885,7.99131388095988,-0.391156309684327
17.726,7.9899486589885,7.99127817188913,-0.333408654985104
17.728,7.9899176589885,7.99124423058484,-0.268984725282399
17.73,7.9898866589885,7.9912121815903,-0.197660900922277
17.732,7.98985565898851,7.99118196121256,-0.119879975165758
17.734,7.98982465898851,7.9911536326895,-0.0356469114277279
17.736,7.98979365898851,7.99112703561407,0.0542616250149332
17.738,7.98976265898851,7.99110206528056,0.149255568994505
17.74,7.98973165898851,7.99107854703056,0.248492670729933
17.742,7.98970065898851,7.99105620279689,0.350793043848047
17.744,7.98966965898851,7.99103470467462,0.454854454233266
17.746,7.98963865898851,7.99101373564399,0.559264044654263
17.748,7.98960765898851,7.99099290283302,0.662698879197633
17.75,7.98957665898851,7.99097186072476,0.763604946590093
17.752,7.98954565898852,7.99095020665827,0.860408077049992
17.754,7.98951465898852,7.99092767104659,0.95218743461872
17.756,7.98948365898852,7.99090382558949,1.03710257490592
17.758,7.98945265898852,7.99087850138637,1.11464102315273
17.76,7.98942165898852,7.99085145907329,1.18385041457177
17.762,7.98939065898852,7.99082239030026,1.2434298394058
17.764,7.98935965898852,7.9907912695803,1.29336721291398
17.766,7.98932865898852,7.99075809456972,1.33368494606914
17.768,7.98929765898853,7.99072268203555,1.36350099588446
17.77,7.98926665898853,7.99068517427446,1.38340121228724
17.772,7.98923565898853,7.99064568026526,1.39377570341335
17.774,7.98920465898853,7.99060428865303,1.39485830537695
17.776,7.98917365898853,7.99056119397969,1.38733759586664
17.778,7.98914265898853,7.99051662258939,1.37195808642363
17.78,7.98911165898853,7.99047095037746,1.35020216940609
17.782,7.98908065898853,7.99042446517072,1.32308783196462
17.784,7.98904965898853,7.99037747210733,1.2915896241043
17.786,7.98901865898853,7.99033032900314,1.2570224329004
17.788,7.98898765898854,7.99028335740334,1.220540213286
17.79,7.98895665898854,7.99023690206422,1.18324409910921
17.792,7.98892565898854,7.99019119571239,1.14620145480185
17.794,7.98889465898854,7.99014651198897,1.11024395055732
17.796,7.98886365898854,7.99010307747985,1.07615069083859
17.798,7.98883265898854,7.99006109632319,1.04459413615489
17.8,7.98880165898854,7.99002062634771,1.0158842637885
17.802,7.98877065898854,7.98998175727004,0.990311702759993
17.804,7.98873965898854,7.9899445333213,0.968014687085714
17.806,7.98870865898855,7.98990891149587,0.948892303375338
17.808,7.98867765898855,7.98987481248936,0.932719060364323
17.81,7.98864665898855,7.98984214327363,0.91919840789082
17.812,7.98861565898855,7.98981078038969,0.907939553260866
17.814,7.98858465898855,7.98978061109014,0.898509367901071
17.816,7.98855365898855,7.98975145316741,0.890307162102443
17.818,7.98852265898855,7.98972309347061,0.882675602972605
17.82,7.98849165898855,7.98969535355106,0.874873425940169
17.822,7.98846065898855,7.98966795861091,0.866099953082554
17.824,7.98842965898856,7.98964066331658,0.855484180030389
17.826,7.98839865898856,7.98961318572645,0.84209046843666
17.828,7.98836765898856,7.98958522893747,0.824943126601366
17.83,7.98833665898856,7.98955648258115,0.803036037730508
17.832,7.98830565898856,7.98952669006027,0.775618272106619
17.834,7.98827465898856,7.98949560680408,0.741941987560631
17.836,7.98824365898856,7.98946304731147,0.701509485281637
17.838,7.98821265898856,7.9894289985088,0.654511525007925
17.84,7.98818165898856,7.98939330978208,0.60049184594823
17.842,7.98815065898857,7.98935605936593,0.539938610614447
17.844,7.98811965898857,7.98931736401986,0.47345165969703
17.846,7.98808865898857,7.98927732035392,0.401520428795045
17.848,7.98805765898857,7.98923608961341,0.324882940042342
17.85,7.98802665898857,7.98919380198313,0.244153821513771
17.852,7.98799565898857,7.98915064115135,0.160147446762566
17.854,7.98796465898857,7.98910686919535,0.0739562222097468
17.856,7.98793365898857,7.98906266936945,-0.0136195992576513
17.858,7.98790265898857,7.98901831338929,-0.101475163515222
17.86,7.98787165898857,7.988974057049,-0.188552066331223
17.862,7.98784165898858,7.98893015295979,-0.273835964449501
17.864,7.98781165898858,7.98888685930503,-0.35629115116446
17.866,7.98778165898858,7.98884448896321,-0.434658254121307
17.868,7.98775165898858,7.98880323560968,-0.508206624732723
17.87,7.98772165898858,7.9887633733679,-0.575842192340361
17.872,7.98769365898858,7.98872514130235,-0.636615248145254
17.874,7.98766565898858,7.98868870929063,-0.689845651840481
17.876,7.98763765898858,7.98865415545317,-0.735202683310768
17.878,7.98760965898858,7.98862152626125,-0.772451600298286
17.88,7.98758165898859,7.98859081643438,-0.801532418093363
17.882,7.98755665898859,7.98856189066607,-0.822902752815635
17.884,7.98753165898859,7.98853466556815,-0.836772805501623
17.886,7.98750665898859,7.98850900933255,-0.843532256367131
17.888,7.98748165898859,7.98848471934763,-0.843876729694914
17.89,7.98745665898859,7.98846159177631,-0.838526710163293
17.892,7.98743565898859,7.98843946341707,-0.827991960044303
17.894,7.98741465898859,7.98841811254697,-0.813058718942631
17.896,7.98739365898859,7.98839730333327,-0.794624667036774
17.898,7.9873726589886,7.98837685360234,-0.773182666409846
17.9,7.9873516589886,7.98835651466287,-0.749761583443679
17.902,7.9873356589886,7.98833610139079,-0.724930995353653
17.904,7.9873196589886,7.9883154224733,-0.699329234839151
17.906,7.9873036589886,7.98829433113567,-0.673531549895755
17.908,7.9872876589886,7.98827271374708,-0.647965921088375
17.91,7.9872716589886,7.9882504512417,-0.623019428933468
17.912,7.9872616589886,7.98822748523365,-0.598948754360336
17.914,7.9872516589886,7.9882037872783,-0.57588572960809
17.916,7.98724165898861,7.98817939071124,-0.553789151998582
17.918,7.98723165898861,7.98815432567237,-0.53251803434674
17.92,7.98722165898861,7.98812874246695,-0.511671837072282
17.922,7.98721665898861,7.98810281211479,-0.490720374919387
17.924,7.98721165898861,7.98807674601897,-0.469003340426732
17.926,7.98720665898861,7.98805082024985,-0.445635475623143
17.928,7.98720165898861,7.98802532818033,-0.419709632771992
17.93,7.98719665898861,7.988000623884,-0.390053176942541
17.932,7.98719565898861,7.98797697994975,-0.355880040523778
17.934,7.98719465898862,7.98795477014958,-0.315961832719812
17.936,7.98719365898862,7.98793429073506,-0.269421958493673
17.938,7.98719265898862,7.98791584662902,-0.21535068361792
17.94,7.98719165898862,7.98789963066261,-0.153263355976532
17.942,7.98719365898862,7.98788584009244,-0.0826684785534788
17.944,7.98719565898862,7.98787453458384,-0.00356188492178672
17.946,7.98719765898862,7.98786583159467,0.0842464319474346
17.948,7.98719965898862,7.98785970557695,0.180445226964245
17.95,7.98720165898862,7.98785606505197,0.284496400023844
17.952,7.98720565898863,7.98785494446966,0.396222757708199
17.954,7.98720965898863,7.98785597349745,0.514194541096088
17.956,7.98721365898863,7.98785901585175,0.637704547936184
17.958,7.98721765898863,7.98786391410848,0.765914024019695
17.96,7.98722165898863,7.98787043786591,0.897661876854575
17.962,7.98722665898863,7.98787803788798,1.03125498766001
17.964,7.98723165898863,7.98788663811368,1.16583868987711
17.966,7.98723665898863,7.9878958472307,1.29985490087039
17.968,7.98724165898863,7.98790533087476,1.43213142088554
17.97,7.98724665898863,7.98791479027668,1.56126068776242
17.972,7.98725165898864,7.98792392233055,1.68605976913544
17.974,7.98725665898864,7.98793246049345,1.8054450143079
17.976,7.98726165898864,7.98794013412757,1.91825371697761
17.978,7.98726665898864,7.98794662386183,2.02302543435503
17.98,7.98727165898864,7.9879517657534,2.11926476144857
17.982,7.98727665898864,7.98795533071797,2.20594488173291
17.984,7.98728165898864,7.98795696700316,2.28128431512403
17.986,7.98728665898864,7.98795665438028,2.34535186001681
17.988,7.98729165898864,7.98795426015225,2.39743281941215
17.99,7.98729665898865,7.98794972456029,2.43714480886472
17.992,7.98730165898865,7.98794294783307,2.46377874941665
17.994,7.98730665898865,7.9879340015263,2.47750628100623
17.996,7.98731165898865,7.98792302770065,2.47884745182139
17.998,7.98731665898865,7.98791013254517,2.46800501171267
18,7.98732165898865,7.98789553071187,2.44569909771351
18.002,7.98732665898865,7.98787946370626,2.41260889300375
18.004,7.98733165898865,7.98786233178578,2.37047449388733
18.006,7.98733665898865,7.98784444726218,2.32016730812214
18.008,7.98734165898865,7.9878262214116,2.26342462940372
18.01,7.98734665898866,7.98780802779474,2.20162809022116
18.012,7.98735165898866,7.98779026707863,2.13602227566865
18.014,7.98735665898866,7.98777331077343,2.06818462557504
18.016,7.98736165898866,7.98775751085481,1.99936496238745
18.018,7.98736665898866,7.98774323572585,1.93085087952032
18.02,7.98737165898866,7.98773070859456,1.86368129397906
18.022,7.98737665898866,7.98772023770114,1.79879627328039
18.024,7.98738165898866,7.98771195777813,1.73682159783047
18.026,7.98738665898866,7.98770600048306,1.67820130934827
18.028,7.98739165898867,7.9877022059958,1.622798607989
18.03,7.98739665898867,7.98770061643571,1.57066407863867
18.032,7.98740165898867,7.98770109444572,1.52147690556643
18.034,7.98740665898867,7.98770346913556,1.47477225883065
18.036,7.98741165898867,7.98770753611106,1.42992945124314
18.038,7.98741665898867,7.98771299985447,1.38610898149222
18.04,7.98742165898867,7.98771955060554,1.34231092474016
18.042,7.98742665898867,7.98772676805086,1.29766540063743
18.044,7.98743165898867,7.98773440274459,1.25096615573172
18.046,7.98743665898868,7.98774204653067,1.20112455520572
18.048,7.98744165898868,7.98774935359411,1.14723555767092
18.05,7.98744665898868,7.98775599892001,1.08829825996577
18.052,7.98745165898868,7.98776168109892,1.02346620668104
18.054,7.98745665898868,7.9877661356438,0.952051036082143
18.056,7.98746165898868,7.98776919420817,0.873758462262255
18.058,7.98746665898868,7.98777070644296,0.788278356611644
18.06,7.98747165898868,7.9877706085028,0.69563893643077
18.062,7.98747665898868,7.98776889588542,0.596064406719814
18.064,7.98748165898869,7.98776559802177,0.489879985807086
18.066,7.98748665898869,7.98776084863932,0.377803312540393
18.068,7.98749165898869,7.98775488873657,0.260930229476904
18.07,7.98749665898869,7.98774784401038,0.139886753471594
18.072,7.98750165898869,7.98774009416036,0.0162550725457461
18.074,7.98750665898869,7.98773188960621,-0.10887666055679
18.076,7.98751165898869,7.98772360633311,-0.233982554884181
18.078,7.98751665898869,7.98771555888251,-0.357765521220006
18.08,7.98752165898869,7.98770809195772,-0.478787517693483
18.082,7.98752665898869,7.9877014847856,-0.595898837973117
18.084,7.9875316589887,7.98769601579419,-0.707921448135598
18.086,7.9875366589887,7.98769191065256,-0.813895042740018
18.088,7.9875416589887,7.98768938708484,-0.912871554582026
18.09,7.9875466589887,7.98768857576268,-1.00426580552684
18.092,7.9875516589887,7.98768972509993,-1.08694039797776
18.094,7.9875566589887,7.9876927954666,-1.16100685785939
18.096,7.9875616589887,7.98769786693095,-1.22600657672395
18.098,7.9875666589887,7.9877049960681,-1.28152194965965
18.1,7.9875716589887,7.98771399243828,-1.32823376834403
18.102,7.98757665898871,7.98772482827689,-1.36601853832626
18.104,7.98758165898871,7.98773735816387,-1.39525321980468
18.106,7.98758665898871,7.98775136998398,-1.41658175682771
18.108,7.98759165898871,7.9877666255592,-1.43073527720694
18.11,7.98759665898871,7.98778282883702,-1.43878518942347
18.112,7.98760165898871,7.98779974548093,-1.44127431604376
18.114,7.98760665898871,7.98781702683877,-1.43955507872769
18.116,7.98761165898871,7.98783438723563,-1.43450424567185
18.118,7.98761665898872,7.98785153072834,-1.42716321027274
18.12,7.98762165898872,7.98786811493874,-1.41844607191484
18.122,7.98762665898872,7.98788392379357,-1.40939282774289
18.124,7.98763165898872,7.98789868984181,-1.40072946190664
18.126,7.98763665898872,7.98791221270536,-1.39311535329257
18.128,7.98764165898872,7.98792435842906,-1.38701543857117
18.13,7.98764665898872,7.987935060267,-1.38267750385437
18.132,7.98765165898872,7.98794430191843,-1.38018100639337
18.134,7.98765665898872,7.98795208749975,-1.37948244956587
18.136,7.98766165898872,7.98795853835093,-1.38031449726033
18.138,7.98766665898873,7.98796371191598,-1.38243041028417
18.14,7.98767165898873,7.98796771874876,-1.38547013397923
18.142,7.98767665898873,7.98797065488783,-1.38902437831967
18.144,7.98768165898873,7.98797267362292,-1.39256860466143
18.146,7.98768665898873,7.98797400604714,-1.3956666236017
18.148,7.98769165898873,7.98797471760108,-1.39773905871537
18.15,7.98769665898873,7.98797500212125,-1.39817753905708
18.152,7.98770165898873,7.98797505170993,-1.39633940903579
18.154,7.98770665898873,7.98797508411137,-1.39131847654358
18.156,7.98771165898873,7.98797533913055,-1.38248820679561
18.158,7.98771665898874,7.98797605582784,-1.36902829677599
18.16,7.98772165898874,7.98797756659431,-1.34957734091028
18.162,7.98772665898874,7.98798004801238,-1.32387315996925
18.164,7.98773165898874,7.98798381341994,-1.29068473081909
18.166,7.98773665898874,7.98798899632655,-1.24976344635609
18.168,7.98774165898874,7.98799571679754,-1.20080112733438
18.17,7.98774665898874,7.9880040480856,-1.14363664817965
18.172,7.98775165898874,7.98801396668519,-1.07851524638158
18.174,7.98775665898875,7.98802542086332,-1.00573645671696
18.176,7.98776165898875,7.98803827338344,-0.925960504033171
18.178,7.98776665898875,7.98805245073872,-0.839463249335964
18.18,7.98777165898875,7.98806763256634,-0.747723977682413
18.182,7.98777665898875,7.98808368359898,-0.651216728713162
18.184,7.98778165898875,7.98810030902436,-0.551151864623737
18.186,7.98778665898875,7.98811718377506,-0.448910746828344
18.188,7.98779165898875,7.98813400961819,-0.345656246476091
18.19,7.98779665898875,7.98815045884536,-0.242725358521122
18.192,7.98780165898876,7.98816625813738,-0.141303786796796
18.194,7.98780665898876,7.98818110447119,-0.0426099258135148
18.196,7.98781165898876,7.98819469248428,0.052094414460839
18.198,7.98781665898876,7.98820687521376,0.142079383783252
18.2,7.98782165898876,7.9882174350494,0.226420286974299
18.202,7.98782565898876,7.98822613685634,0.304103594957598
18.204,7.98782965898876,7.98823295795977,0.374875785693386
18.206,7.98783365898876,7.98823783094072,0.43833284683296
18.208,7.98783765898876,7.98824075206043,0.494288718414005
18.21,7.98784165898877,7.98824175303896,0.542668175026323
18.212,7.98784365898877,7.9882410254923,0.584018332034069
18.214,7.98784565898877,7.98823866655212,0.618486819614011
18.216,7.98784765898877,7.98823491368235,0.646777175902324
18.218,7.98784965898877,7.98823000535425,0.669589111502652
18.22,7.98785165898877,7.98822421950321,0.687829392002229
18.222,7.98785065898877,7.98821779303712,0.702163868987422
18.224,7.98784965898877,7.98821102894465,0.713684610920851
18.226,7.98784865898877,7.98820417028334,0.723069705812884
18.228,7.98784765898878,7.98819748739175,0.731255069816768
18.23,7.98784665898878,7.9881912322385,0.739006343564911
18.232,7.98784165898878,7.98818562398168,0.747046183290763
18.234,7.98783665898878,7.98818078109259,0.755883991744254
18.236,7.98783165898878,7.98817691626303,0.766062663187692
18.238,7.98782665898878,7.98817407434037,0.777843914556372
18.24,7.98782165898878,7.98817235771922,0.791500911407982
18.242,7.98781165898878,7.98817175323177,0.807046640604519
18.244,7.98780165898878,7.9881722942866,0.824492941226822
18.246,7.98779165898878,7.98817381876865,0.843464408810246
18.248,7.98778165898878,7.98817631662316,0.863745524905481
18.25,7.98777165898879,7.98817959314095,0.884750445139125
18.252,7.98775565898879,7.98818344590124,0.905828128575424
18.254,7.98773965898879,7.9881876522712,0.926205628787975
18.256,7.98772365898879,7.98819189669487,0.944624923763874
18.258,7.98770765898879,7.98819586599378,0.960363897911526
18.26,7.98769165898879,7.98819919887616,0.971986895184366
18.262,7.98767065898879,7.9882014890202,0.978087066886874
18.264,7.98764965898879,7.98820234334199,0.977342446369795
18.266,7.9876286589888,7.98820144757261,0.968754641049328
18.268,7.9876076589888,7.98819848182722,0.951269381363523
18.27,7.9875866589888,7.98819302828988,0.923435908327401
18.272,7.9875616589888,7.98818484818461,0.884543836763864
18.274,7.9875366589888,7.98817374135905,0.834004086023365
18.276,7.9875116589888,7.98815954163328,0.771348699239477
18.278,7.9874866589888,7.98814231565137,0.696993739265222
18.28,7.9874616589888,7.9881220899226,0.611172905367256
18.282,7.9874336589888,7.98809876996619,0.513674474155105
18.284,7.9874056589888,7.98807263145086,0.405684124355909
18.286,7.9873776589888,7.98804369459587,0.287440918618804
18.288,7.9873496589888,7.9880123886561,0.16068868949582
18.29,7.98732165898881,7.98797886793836,0.0261689928923828
18.292,7.98729165898881,7.98794344825285,-0.114775449386799
18.294,7.98726165898881,7.98790650680338,-0.260593537943014
18.296,7.98723165898881,7.98786841444868,-0.409742735658762
18.298,7.98720165898881,7.98782956209907,-0.560618019196929
18.3,7.98717165898881,7.98779035502259,-0.711604832241047
18.302,7.98714065898881,7.98775116772899,-0.861108640919743
18.304,7.98710965898881,7.98771234693321,-1.00776010334323
18.306,7.98707865898882,7.98767421045991,-1.15019408467406
18.308,7.98704765898882,7.98763705349058,-1.28714607057405
18.31,7.98701665898882,7.98760118831885,-1.41722016824013
18.312,7.98698565898882,7.9875667581007,-1.53982508701624
18.314,7.98695465898882,7.98753403376518,-1.65362511253738
18.316,7.98692365898882,7.98750318824176,-1.7577020888594
18.318,7.98689265898882,7.9874742180665,-1.85197033930407
18.32,7.98686165898882,7.98744723768606,-1.93565879190829
18.322,7.98683165898883,7.9874223364034,-2.00803050386512
18.324,7.98680165898883,7.9873994118071,-2.06932367400026
18.326,7.98677165898883,7.9873784365013,-2.11931928730156
18.328,7.98674165898883,7.98735936886288,-2.15779948738424
18.33,7.98671165898883,7.98734204017168,-2.18521904905501
18.332,7.98668265898883,7.98732635135195,-2.20155861880038
18.334,7.98665365898883,7.98731192629198,-2.20872211072073
18.336,7.98662465898883,7.98729877310801,-2.2056226167646
18.338,7.98659565898883,7.98728654802589,-2.19334794613211
18.34,7.98656665898883,7.98727482064389,-2.1743185908826
18.342,7.98653865898884,7.98726335200547,-2.14875667696285
18.344,7.98651065898884,7.98725176241117,-2.11779178844694
18.346,7.98648265898884,7.98723961673497,-2.08279617552258
18.348,7.98645465898884,7.9872267123725,-2.04546871080616
18.35,7.98642665898884,7.98721263400512,-2.00641885753657
18.352,7.98639965898884,7.98719716339357,-1.96671329792115
18.354,7.98637265898884,7.98718009609677,-1.92702068498106
18.356,7.98634565898884,7.98716142030194,-1.8877163918474
18.358,7.98631865898884,7.9871411236394,-1.84890586320644
18.36,7.98629165898884,7.98711925696512,-1.81047284717383
18.362,7.98626565898885,7.987095940354,-1.77209980003766
18.364,7.98623965898885,7.98707135440956,-1.7332742898102
18.366,7.98621365898885,7.98704579864894,-1.69346727658686
18.368,7.98618765898885,7.98701945238215,-1.65186491777018
18.37,7.98616165898885,7.98699264968124,-1.60762421019655
18.372,7.98613665898885,7.98696571499622,-1.5597652682211
18.374,7.98611165898885,7.98693895729793,-1.50758075530809
18.376,7.98608665898885,7.98691268412225,-1.44998756489369
18.378,7.98606165898885,7.9868871138342,-1.38660723758129
18.38,7.98603665898885,7.9868624911028,-1.31662917394012
18.382,7.98601265898886,7.98683888616739,-1.2402578311473
18.384,7.98598865898886,7.98681644795431,-1.15705824705731
18.386,7.98596465898886,7.98679529187334,-1.06678601285912
18.388,7.98594065898886,7.98677538268372,-0.969930561223455
18.39,7.98591665898886,7.98675673866759,-0.86660413394426
18.392,7.98589365898886,7.98673934989937,-0.75701143211473
18.394,7.98587065898886,7.98672308061454,-0.641919602364209
18.396,7.98584765898886,7.98670783129542,-0.521844826212134
18.398,7.98582465898887,7.98669341929176,-0.397654125921171
18.4,7.98580165898887,7.98667964348207,-0.270244936623401
18.402,7.98577965898887,7.98666623129,-0.140785799718026
18.404,7.98575765898887,7.98665290211709,-0.010542626549529
18.406,7.98573565898887,7.98663939981728,0.119460313235534
18.408,7.98571365898887,7.98662542035947,0.247923191943505
18.41,7.98569165898887,7.98661071116277,0.373740726101495
18.412,7.98567065898887,7.98659501089617,0.495776065799454
18.414,7.98564965898887,7.98657814062664,0.613187102913285
18.416,7.98562865898888,7.98655998799314,0.725382436699424
18.418,7.98560765898888,7.98654036345833,0.83140589394502
18.42,7.98558665898888,7.98651930697078,0.931231871302567
18.422,7.98556665898888,7.98649679811053,1.02456671337898
18.424,7.98554665898888,7.98647283200363,1.11113785677944
18.426,7.98552665898888,7.98644747935203,1.1909868230919
18.428,7.98550665898888,7.98642084146312,1.26427077321066
18.43,7.98548665898888,7.98639302084361,1.33108549555349
18.432,7.98546765898888,7.98636415719795,1.39166673409469
18.434,7.98544865898888,7.98633446165342,1.4466209680939
18.436,7.98542965898889,7.98630409496598,1.49620074573878
18.438,7.98541065898889,7.98627327504145,1.54105354259829
18.44,7.98539165898889,7.98624220552933,1.58157198075446
18.442,7.98537365898889,7.98621112050842,1.61858228670135
18.444,7.98535565898889,7.98618025492023,1.65268597249013
18.446,7.98533765898889,7.98614990486018,1.68459088658982
18.448,7.98531965898889,7.98612031096167,1.71523199471091
18.45,7.98530165898889,7.98609172745832,1.74532531136952
18.452,7.9852846589889,7.98606439179454,1.77552210735269
18.454,7.9852676589889,7.98603840977773,1.80629896192804
18.456,7.9852506589889,7.98601397146031,1.83803832288772
18.458,7.9852336589889,7.98599107670742,1.87088335271554
18.46,7.9852166589889,7.98596973759629,1.9048551696957
18.462,7.9852006589889,7.98594991771769,1.9398257559427
18.464,7.9851846589889,7.98593155167442,1.97552655622017
18.466,7.9851686589889,7.98591447865423,2.01154773514518
18.468,7.9851526589889,7.98589859273488,2.04742283234357
18.47,7.98513665898891,7.98588375075192,2.08257004104251
18.472,7.98512165898891,7.98586977319975,2.11634845496461
18.474,7.98510665898891,7.98585643275557,2.14831025007756
18.476,7.98509165898891,7.98584364454554,2.17766896988166
18.478,7.98507665898891,7.98583124427568,2.20387886931208
18.48,7.98506165898891,7.98581909528247,2.22654811484507
18.482,7.98504765898891,7.98580708582803,2.24511060851174
18.484,7.98503365898891,7.98579508701008,2.25900923190713
18.486,7.98501965898891,7.9857829445643,2.26750994329283
18.488,7.98500565898892,7.98577047291506,2.26986419667053
18.49,7.98499165898892,7.98575749257776,2.26560422482208
18.492,7.98497865898892,7.98574371897388,2.25324171548545
18.494,7.98496565898892,7.98572900390072,2.23271316165083
18.496,7.98495265898892,7.98571315847397,2.2032763576916
18.498,7.98493965898892,7.98569597223151,2.16397066740473
18.5,7.98492665898892,7.98567740026945,2.11485280709959
18.502,7.98491465898892,7.98565741176713,2.05580145373744
18.504,7.98490265898892,7.98563605317346,1.98698388278914
18.506,7.98489065898892,7.98561352090965,1.90943035531965
18.508,7.98487865898893,7.98558992859233,1.82336622086783
18.51,7.98486665898893,7.98556554724071,1.73007462402794
18.512,7.98485565898893,7.98554060750585,1.63046885759146
18.514,7.98484465898893,7.98551538061497,1.52543871312667
18.516,7.98483365898893,7.98549020124689,1.4164391051677
18.518,7.98482265898893,7.98546536541566,1.30480734324784
18.52,7.98481165898893,7.9854411711002,1.19177410330896
18.522,7.98480165898893,7.98541793101696,1.07860532740847
18.524,7.98479165898893,7.98539589000135,0.966494471620071
18.526,7.98478165898894,7.98537530415478,0.856579891953845
18.528,7.98477165898894,7.98535650374916,0.750172789724413
18.53,7.98476165898894,7.98533955155149,0.64796326606359
18.532,7.98475265898894,7.98532475910007,0.551142031205148
18.534,7.98474365898894,7.98531229973714,0.460591888003968
18.536,7.98473465898894,7.98530207874761,0.376370512873526
18.538,7.98472565898894,7.98529425917081,0.299213191942402
18.54,7.98471665898894,7.9852888125962,0.229291066812298
18.542,7.98470965898894,7.98528549925243,0.166071726909991
18.544,7.98470265898895,7.98528418065963,0.109285733670938
18.546,7.98469565898895,7.98528458565313,0.0582087983924524
18.548,7.98468865898895,7.98528648813119,0.0122482060358201
18.55,7.98468165898895,7.9852895002183,-0.0297498377663274
18.552,7.98467765898895,7.9852932398748,-0.0689630445600508
18.554,7.98467365898895,7.98529737018833,-0.106417454940195
18.556,7.98466965898895,7.98530153380147,-0.143208505899372
18.558,7.98466565898895,7.985305415884,-0.180344725929279
18.56,7.98466165898895,7.98530876275698,-0.218607166890052
18.562,7.98466165898895,7.98531133270184,-0.258719306666594
18.564,7.98466165898895,7.98531291462985,-0.30130438843476
18.566,7.98466165898896,7.9853134467306,-0.346568319850403
18.568,7.98466165898896,7.98531281530349,-0.394815905152439
18.57,7.98466165898896,7.98531100491545,-0.446071407675248
18.572,7.98466665898896,7.98530791985318,-0.500525155913751
18.574,7.98467165898896,7.98530365590857,-0.557849982120094
18.576,7.98467665898896,7.98529827478342,-0.61776798200244
18.578,7.98468165898896,7.98529187755974,-0.679858883432968
18.58,7.98468665898896,7.98528461159877,-0.743531991368716
18.582,7.98469765898897,7.98527670191792,-0.807926140546478
18.584,7.98470865898897,7.98526843299039,-0.872031240765249
18.586,7.98471965898897,7.98526010229132,-0.934761397855968
18.588,7.98473065898897,7.9852520836777,-0.994682715805854
18.59,7.98474165898897,7.98524474842916,-1.05050369770584
18.592,7.98475965898897,7.98523846767212,-1.10088786375332
18.594,7.98477765898897,7.98523363508793,-1.14439585425726
18.596,7.98479565898897,7.98523063333649,-1.17962676486301
18.598,7.98481365898897,7.98522972025314,-1.20571322476875
18.6,7.98483165898898,7.98523131450569,-1.22108228315103
18.602,7.98485765898898,7.98523575119061,-1.22454145528201
18.604,7.98488365898898,7.98524315235246,-1.21575516943053
18.606,7.98490965898898,7.98525393238519,-1.19316882730706
18.608,7.98493565898898,7.98526816562589,-1.15659586224917
18.61,7.98496165898898,7.98528584524126,-1.10613971239524
18.612,7.98499465898898,7.98530719616756,-1.04095496630204
18.614,7.98502765898898,7.98533202454928,-0.961862220297708
18.616,7.98506065898898,7.98536021802092,-0.869344533510052
18.618,7.98509365898899,7.98539157830267,-0.764223040360709
18.62,7.98512665898899,7.98542589917938,-0.64734982095968
18.622,7.98516565898899,7.98546278032464,-0.520347861621202
18.624,7.98520465898899,7.98550199580654,-0.384156011605133
18.626,7.98524365898899,7.98554305315085,-0.240774317277628
18.628,7.98528265898899,7.98558555097313,-0.0918532522751838
18.63,7.98532165898899,7.98562912027783,0.0610718060036366
18.632,7.98536565898899,7.98567345786912,0.216672675090222
18.634,7.98540965898899,7.98571819812308,0.373382487387571
18.636,7.985453658989,7.98576306989167,0.52996608459951
18.638,7.985497658989,7.98580781510498,0.685223582105746
18.64,7.985541658989,7.98585217975638,0.837912839992567
18.642,7.985589658989,7.98589598287523,0.987177149179889
18.644,7.985637658989,7.98593898534134,1.13173060402289
18.646,7.985685658989,7.98598114183242,1.27131372770332
18.648,7.985733658989,7.98602226625396,1.40471949073335
18.65,7.985781658989,7.98606233737506,1.53155747654061
18.652,7.985832658989,7.9861013714614,1.65149339203969
18.654,7.985883658989,7.98613948255756,1.76476442165265
18.656,7.98593465898901,7.98617663700354,1.87015887259172
18.658,7.98598565898901,7.9862131975007,1.96982455734296
18.66,7.98603665898901,7.98624913962026,2.06202629784629
18.662,7.98608965898901,7.98628474415847,2.14819860672441
18.664,7.98614265898901,7.98632017983561,2.2277376266899
18.666,7.98619565898901,7.98635568448189,2.30185988804554
18.668,7.98624865898901,7.9863914696801,2.37059827809907
18.67,7.98630165898901,7.98642780516996,2.43434308386355
18.672,7.98635565898902,7.98646488570723,2.49396767126217
18.674,7.98640965898902,7.98650295117186,2.54984011511335
18.676,7.98646365898902,7.98654229873831,2.60226078791482
18.678,7.98651765898902,7.98658298504541,2.65196234273192
18.68,7.98657165898902,7.98662518641636,2.69913935462833
18.682,7.98662565898902,7.98666897998222,2.74403113799585
18.684,7.98667965898902,7.98671445567883,2.7866678611069
18.686,7.98673365898902,7.98676156244713,2.82705423307072
18.688,7.98678765898902,7.98681022020746,2.86502902060038
18.69,7.98684165898903,7.98686032845441,2.90027140391669
18.692,7.98689465898903,7.98691180967969,2.93207713485877
18.694,7.98694765898903,7.98696435797519,2.9600385461277
18.696,7.98700065898903,7.98701774827963,2.98350741574778
18.698,7.98705365898903,7.98707174926463,3.00103220984286
18.7,7.98710665898903,7.98712597176229,3.01152772182708
18.702,7.98715865898903,7.98718004406095,3.01434992804035
18.704,7.98721065898903,7.98723362731087,3.00811713290188
18.706,7.98726265898903,7.98728634106772,2.99144489595303
18.708,7.98731465898903,7.98733788867547,2.96350009697306
18.71,7.98736665898904,7.98738805221672,2.92373114135532
18.712,7.98741765898904,7.98743664178428,2.87158259674914
18.714,7.98746865898904,7.98748357504068,2.80711640100809
18.716,7.98751965898904,7.98752868595779,2.7296676362364
18.718,7.98757065898904,7.98757192790617,2.63933986016582
18.72,7.98762165898904,7.98761339808713,2.53701845103738
18.722,7.98767165898904,7.98765313672261,2.42301934218275
18.724,7.98772165898904,7.9876912303325,2.29776927540169
18.726,7.98777165898905,7.98772792829433,2.16258605697739
18.728,7.98782165898905,7.98776349507279,2.01872832557802
18.73,7.98787165898905,7.98779824502211,1.86764032933491
18.732,7.98792065898905,7.98783252938608,1.7109351138336
18.734,7.98796965898905,7.98786672426034,1.55009977750224
18.736,7.98801865898905,7.98790120556038,1.38706714522828
18.738,7.98806765898905,7.98793636087088,1.22324086150984
18.74,7.98811665898905,7.98797253880798,1.06022350236319
18.742,7.98816465898905,7.98801007056618,0.899431398892108
18.744,7.98821265898905,7.98804924371006,0.742139751216251
18.746,7.98826065898906,7.98809023283546,0.589289434284632
18.748,7.98830865898906,7.98813329589793,0.441984989383456
18.75,7.98835665898906,7.98817847569588,0.300718947165152
18.752,7.98840365898906,7.98822583068817,0.165973645759827
18.754,7.98845065898906,7.98827539943326,0.0381771642620346
18.756,7.98849765898906,7.98832705387958,-0.0827830325253993
18.758,7.98854465898906,7.98838065617692,-0.197080060123867
18.76,7.98859165898906,7.98843606044913,-0.304920866480629
18.762,7.98863765898906,7.98849314284231,-0.406416598659043
18.764,7.98868365898907,7.98855168237912,-0.50203195308145
18.766,7.98872965898907,7.98861143915266,-0.592328429998295
18.768,7.98877565898907,7.98867218340854,-0.677855122475508
18.77,7.98882165898907,7.98873369403793,-0.759121326549815
18.772,7.98886665898907,7.98879571212783,-0.836750290454579
18.774,7.98891165898907,7.98885794654085,-0.911631263388959
18.776,7.98895665898907,7.98892011958253,-0.984502109037644
18.778,7.98900165898907,7.98898192130785,-1.05623028994188
18.78,7.98904665898907,7.98904307322745,-1.1277069496031
18.782,7.98909065898908,7.98910316929918,-1.19989620505284
18.784,7.98913465898908,7.9891620408623,-1.27351975609598
18.786,7.98917865898908,7.98921936660636,-1.34931222540153
18.788,7.98922265898908,7.98927494251871,-1.42776970472051
18.79,7.98926665898908,7.9893286574485,-1.50909283262704
18.792,7.98930965898908,7.98938052358107,-1.59314938104292
18.794,7.98935265898908,7.98943057102631,-1.67966740482499
18.796,7.98939565898908,7.989478885757,-1.76819565623875
18.798,7.98943865898909,7.98952558831151,-1.85815406544191
18.8,7.98948165898909,7.98957074718712,-1.94886388723717
18.802,7.98952365898909,7.98961471369888,-2.03948462219039
18.804,7.98956565898909,7.98965759029648,-2.12924382076848
18.806,7.98960765898909,7.98969958625322,-2.21714556423967
18.808,7.98964965898909,7.98974097185396,-2.30222696806013
18.81,7.98969165898909,7.98978198984889,-2.3833727398052
18.812,7.98973265898909,7.98982289185479,-2.45969686978874
18.814,7.98977365898909,7.98986392189466,-2.52997754206461
18.816,7.9898146589891,7.98990530458255,-2.59341711987464
18.818,7.9898556589891,7.98994727984825,-2.64884283487108
18.82,7.9898966589891,7.98999008433551,-2.69523757432493
18.822,7.9899366589891,7.99003393408175,-2.73180475088926
18.824,7.9899766589891,7.99007906103272,-2.75749368009366
18.826,7.9900166589891,7.99012567346998,-2.77144114111236
18.828,7.9900566589891,7.99017397165754,-2.77274781074454
18.83,7.9900966589891,7.99022406292116,-2.76104246922376
18.832,7.9901356589891,7.99027607530155,-2.73561718962922
18.834,7.9901746589891,7.99032994433813,-2.69690618681151
18.836,7.99021365898911,7.99038558391774,-2.64529022255756
18.838,7.99025265898911,7.99044292217598,-2.5807601950372
18.84,7.99029165898911,7.99050170730323,-2.50436989723689
18.842,7.99032965898911,7.99056161340895,-2.41755759248307
18.844,7.99036765898911,7.99062229368885,-2.32180237418118
18.846,7.99040565898911,7.99068336894764,-2.21853507932491
18.848,7.99044365898911,7.99074441013936,-2.10941655573524
18.85,7.99048165898911,7.99080500304129,-1.99644248738752
18.852,7.99051865898912,7.99086475151209,-1.88117969026083
18.854,7.99055565898912,7.99092322622108,-1.76524535993681
18.856,7.99059265898912,7.99098003327408,-1.65028572331422
18.858,7.99062965898912,7.99103489763849,-1.53766002074054
18.86,7.99066665898912,7.99108751869107,-1.42862029559161
18.862,7.99070265898912,7.99113770046805,-1.32416759905449
18.864,7.99073865898912,7.99118535110137,-1.22499297802757
18.866,7.99077465898912,7.99123035132579,-1.13173377468265
18.868,7.99081065898912,7.99127286220684,-1.04430622156997
18.87,7.99084665898912,7.99131281341031,-0.963082687918091
18.872,7.99088165898913,7.99135048500604,-0.887502849075729
18.874,7.99091665898913,7.99138608197818,-0.817099943024982
18.876,7.99095165898913,7.991419850469,-0.751226386690261
18.878,7.99098665898913,7.99145218631187,-0.688789491402006
18.88,7.99102165898913,7.99148347764529,-0.628655318053831
18.882,7.99105565898913,7.99151416028902,-0.569567440473826
18.884,7.99108965898913,7.99154460508068,-0.510363277397014
18.886,7.99112365898913,7.99157521913005,-0.44981708793297
18.888,7.99115765898913,7.99160632479037,-0.386988308498298
18.89,7.99119165898914,7.99163821433085,-0.320996843253101
18.892,7.99122365898914,7.99167113619163,-0.251119220096631
18.894,7.99125565898914,7.9917052657881,-0.17688755882255
18.896,7.99128765898914,7.99174071184796,-0.0980530791696909
18.898,7.99131965898914,7.99177751112879,-0.0146082119850234
18.9,7.99135165898914,7.9918157239556,0.0735254894093494
18.902,7.99138065898914,7.99185525718432,0.16591540943835
18.904,7.99140965898915,7.99189608528376,0.262341126612557
18.906,7.99143865898914,7.9919380824905,0.362239426653703
18.908,7.99146765898915,7.99198104695567,0.46482590137684
18.91,7.99149665898915,7.99202482179254,0.569433852609725
18.912,7.99152165898915,7.99206922698363,0.675250291408235
18.914,7.99154665898915,7.99211397194164,0.781158358804871
18.916,7.99157165898915,7.9921587584633,0.88592556391682
18.918,7.99159665898915,7.99220334681147,0.988724744799398
18.92,7.99162165898915,7.99224742719943,1.08819523865236
18.922,7.99164165898916,7.9922906882463,1.18307186719501
18.924,7.99166165898916,7.99233292493472,1.27259749920784
18.926,7.99168165898916,7.99237380618687,1.35533692721872
18.928,7.99170165898916,7.99241308200816,1.43027855213505
18.93,7.99172165898916,7.99245059440761,1.49683405653554
18.932,7.99173565898916,7.99248594860896,1.55329359029512
18.934,7.99174965898916,7.99251895935278,1.59893298586549
18.936,7.99176365898916,7.99254935646317,1.63260419741952
18.938,7.99177765898916,7.99257717805081,1.65452328146325
18.94,7.99179165898916,7.99260206873302,1.66307052521298
18.942,7.99179865898917,7.99262417961496,1.65889803960574
18.944,7.99180565898917,7.99264319149985,1.64045370540513
18.946,7.99181265898917,7.99265936453053,1.60879835115017
18.948,7.99181965898917,7.99267286691574,1.56456684857821
18.95,7.99182665898917,7.99268354716732,1.50682921067816
18.952,7.99182565898917,7.99269180616879,1.43728968254237
18.954,7.99182465898917,7.99269769648724,1.35596912690627
18.956,7.99182365898917,7.99270153639553,1.26420738927598
18.958,7.99182265898917,7.99270353165532,1.1627812796941
18.96,7.99182165898917,7.99270398859706,1.05302495611161
18.962,7.99181165898918,7.99270311554167,0.935744549458347
18.964,7.99180165898918,7.99270126935198,0.812615448443811
18.966,7.99179165898918,7.99269867598259,0.684570534004316
18.968,7.99178165898918,7.99269563301514,0.553047037697573
18.97,7.99177165898918,7.99269235889601,0.41909019588837
18.972,7.99175165898918,7.99268904638837,0.283661134262536
18.974,7.99173165898918,7.99268584287389,0.147684387273804
18.976,7.99171165898919,7.99268280627754,0.0117711786561815
18.978,7.99169165898919,7.99267992485356,-0.123716366200068
18.98,7.99167165898919,7.99267710954796,-0.258640623746705
18.982,7.99164265898919,7.99267419794617,-0.393125950234541
18.984,7.99161365898919,7.99267098431092,-0.527453851561031
18.986,7.99158465898919,7.99266720508141,-0.662043262445631
18.988,7.99155565898919,7.99266253919887,-0.797461120951409
18.99,7.99152665898919,7.9926567477052,-0.934205060171014
18.992,7.9914896589892,7.99264951685288,-1.0728448820746
18.994,7.9914526589892,7.99264048959072,-1.21401910496545
18.996,7.9914156589892,7.99262949985541,-1.35803623331176
18.998,7.9913786589892,7.99261635882781,-1.50516968155446
19,7.9913416589892,7.99260082294781,-1.65569922510863
19.002,7.9912976589892,7.99258277491021,-1.80965273818762
19.004,7.9912536589892,7.99256220171535,-1.96687219942551
19.006,7.9912096589892,7.99253908488147,-2.1271743242187
19.008,7.9911656589892,7.9925133302159,-2.29041073784164
19.01,7.9911216589892,7.99248499970802,-2.45621040474106
19.012,7.99107165898921,7.99245416211185,-2.62416225541153
19.014,7.99102165898921,7.9924206979439,-2.79388978105922
19.016,7.99097165898921,7.99238505483623,-2.96461058910485
19.018,7.99092165898921,7.99234707157067,-3.13571918221314
19.02,7.99087165898921,7.99230711222699,-3.30633772831621
19.022,7.99081665898921,7.99226524401756,-3.47534779261128
19.024,7.99076165898921,7.99222187962452,-3.641699214797
19.026,7.99070665898921,7.99217727361056,-3.80412187012264
19.028,7.99065165898921,7.99213173986045,-3.96122010308878
19.03,7.99059665898922,7.99208562908701,-4.11156766464946
19.032,7.99053765898922,7.99203929071465,-4.25398615927789
19.034,7.99047865898922,7.99199303253934,-4.38695418502994
19.036,7.99041965898922,7.9919471517357,-4.50925848859155
19.038,7.99036065898922,7.99190188154659,-4.62013018519919
19.04,7.99030165898922,7.99185748680347,-4.7178784866653
19.042,7.99023965898922,7.99181411920266,-4.8022546617373
19.044,7.99017765898922,7.99177193270533,-4.87243970784264
19.046,7.99011565898923,7.99173109326055,-4.92722019957877
19.048,7.99005365898923,7.99169168582947,-4.96594376887075
19.05,7.98999165898923,7.99165365842141,-4.98905436061316
19.052,7.98992765898923,7.99161696203684,-4.99662079515947
19.054,7.98986365898923,7.99158153904224,-4.98838764159032
19.056,7.98979965898923,7.99154721746654,-4.96492245266999
19.058,7.98973565898923,7.99151372867892,-4.92756366193865
19.06,7.98967165898923,7.99148079781478,-4.8772986695644
19.062,7.98960665898923,7.99144809767304,-4.81543393659149
19.064,7.98954165898924,7.99141529965788,-4.74349519277733
19.066,7.98947665898924,7.99138209631509,-4.66301270660649
19.068,7.98941165898924,7.99134812213394,-4.57484615230327
19.07,7.98934665898924,7.99131303121354,-4.48038004780146
19.072,7.98928165898924,7.99127667554385,-4.38132699761366
19.074,7.98921665898924,7.99123862696706,-4.2783310290157
19.076,7.98915165898924,7.99119869005649,-4.17262685824094
19.078,7.98908665898924,7.99115680324664,-4.06513075456557
19.08,7.98902165898924,7.99111271314483,-3.95640625612971
19.082,7.98895665898925,7.9910663016909,-3.84694113687687
19.084,7.98889165898925,7.99101761855881,-3.73702835931934
19.086,7.98882665898925,7.99096671884701,-3.62675417991347
19.088,7.98876165898925,7.99091371683247,-3.51608288260707
19.09,7.98869665898925,7.99085862737976,-3.40482743387527
19.092,7.98863165898925,7.9908016418307,-3.29270176522501
19.094,7.98856665898925,7.99074301136717,-3.17935616327356
19.096,7.98850165898925,7.99068291664869,-3.06428736459999
19.098,7.98843665898925,7.99062157681868,-2.94686418366826
19.1,7.98837165898926,7.99055929273511,-2.82652608726734
19.102,7.98830665898926,7.99049632356438,-2.70244160148336
19.104,7.98824165898926,7.99043297177342,-2.5739980365126
19.106,7.98817665898926,7.99036952850832,-2.44022032410665
19.108,7.98811165898926,7.99030627560624,-2.30073351136293
19.11,7.98804665898926,7.9902434848601,-2.15458179353615
19.112,7.98798165898926,7.99018133126474,-2.00174738901223
19.114,7.98791665898926,7.99012000233003,-1.84164854243322
19.116,7.98785165898926,7.99005952090347,-1.67480826878327
19.118,7.98778665898927,7.9899999664867,-1.50103534355304
19.12,7.98772165898927,7.98994129408993,-1.32088528456028
19.122,7.98765665898927,7.98988341657436,-1.13504627748503
19.124,7.98759165898927,7.98982626955737,-0.943889832383305
19.126,7.98752665898927,7.98976966541918,-0.748522349047711
19.128,7.98746165898927,7.98971341550199,-0.549909030828738
19.13,7.98739665898927,7.98965728874754,-0.34919172021147
19.132,7.98733165898927,7.98960098569519,-0.147718066125916
19.134,7.98726665898927,7.98954412309586,0.0527739294786885
19.136,7.98720165898928,7.98948648801271,0.251081611735116
19.138,7.98713665898928,7.98942765045221,0.445407644478519
19.14,7.98707165898928,7.98936729579725,0.634206668548796
19.142,7.98700665898928,7.98930518421257,0.816220156948754
19.144,7.98694165898928,7.98924115249793,0.990492724576929
19.146,7.98687665898928,7.98917490542557,1.15548014813897
19.148,7.98681165898928,7.98910636316842,1.31048418840728
19.15,7.98674665898928,7.98903541286535,1.45460679785858
19.152,7.98668165898929,7.98896213681859,1.58778278622899
19.154,7.98661665898929,7.98888660246008,1.70984833363647
19.156,7.98655165898929,7.98880881653461,1.82019853201591
19.158,7.98648665898929,7.98872905829402,1.91956140541714
19.16,7.98642165898929,7.98864751768389,2.00813526276914
19.162,7.98635665898929,7.98856445430476,2.0864171157002
19.164,7.98629165898929,7.98848020320208,2.15541852474052
19.166,7.98622665898929,7.98839505704964,2.21588528186484
19.168,7.98616165898929,7.98830931869012,2.26845740608168
19.17,7.98609665898929,7.98822332006653,2.31443451206074
19.172,7.9860316589893,7.98813734255499,2.35443751572967
19.174,7.9859666589893,7.98805167208106,2.38939844854177
19.176,7.9859016589893,7.9879665542386,2.42010356977087
19.178,7.9858366589893,7.98788217711954,2.44728611662126
19.18,7.9857716589893,7.98779873407574,2.4713783469574
19.182,7.9857066589893,7.98771632329874,2.49287943679897
19.184,7.9856416589893,7.98763503643509,2.51205725425613
19.186,7.9855766589893,7.98755484492707,2.52921442670814
19.188,7.98551165898931,7.98747576710959,2.54438111841357
19.19,7.98544665898931,7.9873977671416,2.55751455907236
19.192,7.98538165898931,7.98732077887416,2.56845095106683
19.194,7.98531665898931,7.98724469261675,2.57697669347331
19.196,7.98525165898931,7.98716938502331,2.58280196946712
19.198,7.98518665898931,7.9870947308562,2.58539282829579
19.2,7.98512165898931,7.98702053100645,2.58440519180139
19.202,7.98505665898931,7.98694660878157,2.57922122739655
19.204,7.98499165898932,7.98687275563613,2.56905178256977
19.206,7.98492665898932,7.98679872373921,2.5529826528935
19.208,7.98486165898932,7.98672427838784,2.53042773233146
19.21,7.98479665898932,7.98664913479936,2.5002220426874
19.212,7.98473165898932,7.98657302543778,2.4615137438361
19.214,7.98466665898932,7.98649577866735,2.41400001483039
19.216,7.98460165898932,7.98641705650485,2.35602357963747
19.218,7.98453665898932,7.9863368976726,2.28839148807422
19.22,7.98447165898932,7.98625524559638,2.21094396933097
19.222,7.98440665898933,7.98617201892463,2.12318678397468
19.224,7.98434165898933,7.98608741038569,2.02622984336539
19.226,7.98427665898933,7.98600147849602,1.92009858354385
19.228,7.98421165898933,7.98591444617779,1.80580966083254
19.23,7.98414665898933,7.98582650857014,1.68402901083952
19.232,7.98408165898933,7.98573795232898,1.55625560993626
19.234,7.98401665898933,7.98564895491782,1.4227852805872
19.236,7.98395165898933,7.98555983013718,1.28501318853939
19.238,7.98388665898933,7.98547084200902,1.1443144709503
19.24,7.98382165898933,7.98538225382997,1.00169849610228
19.242,7.98375665898934,7.98529433788328,0.858357233116405
19.244,7.98369165898934,7.98520734463923,0.715466436034091
19.246,7.98362665898934,7.98512146528753,0.574095134377632
19.248,7.98356165898934,7.98503699680052,0.435490996687709
19.25,7.98349665898934,7.98495407138674,0.300581492749215
19.252,7.98343165898934,7.98487280169636,0.170106238602399
19.254,7.98336665898934,7.98479352151979,0.0454793467648854
19.256,7.98330165898934,7.98471612186398,-0.0732025888064365
19.258,7.98323665898935,7.98464078441962,-0.184973838271721
19.26,7.98317165898935,7.98456737122833,-0.289912445324389
19.262,7.98310765898935,7.98449581597334,-0.387862447665368
19.264,7.98304365898935,7.98442591536567,-0.479188240680218
19.266,7.98297965898935,7.98435747692076,-0.564198475322232
19.268,7.98291565898935,7.98429029787329,-0.643192817316732
19.27,7.98285165898935,7.98422404842295,-0.717177026587253
19.272,7.98278965898935,7.98415855173765,-0.786374826943055
19.274,7.98272765898936,7.98409356704713,-0.851283434622623
19.276,7.98266565898936,7.98402883634431,-0.912827202016816
19.278,7.98260365898936,7.98396414721438,-0.971259318997009
19.28,7.98254165898936,7.98389929304572,-1.02750014226569
19.282,7.98248265898936,7.98383407302856,-1.08185771034247
19.284,7.98242365898936,7.98376830678978,-1.13481925077459
19.286,7.98236465898936,7.98370187899074,-1.18683794854358
19.288,7.98230565898936,7.9836347042688,-1.23822436666856
19.29,7.98224665898936,7.98356669581649,-1.28920471020952
19.292,7.98219165898937,7.9834978070834,-1.33994299955321
19.294,7.98213665898937,7.98342802273951,-1.39050271457013
19.296,7.98208165898937,7.98335734480729,-1.44081987353234
19.298,7.98202665898937,7.98328584279987,-1.49068814838034
19.3,7.98197165898937,7.98321366095973,-1.5398662463986
19.302,7.98192165898937,7.98314084988843,-1.58776049777255
19.304,7.98187165898937,7.98306765317521,-1.63384189139514
19.306,7.98182165898937,7.98299427412207,-1.67745967797509
19.308,7.98177165898938,7.9829209909577,-1.71737815945339
19.31,7.98172165898938,7.98284813653481,-1.75261800541291
19.312,7.98167765898938,7.98277605919691,-1.78190974364274
19.314,7.98163365898938,7.98270511961237,-1.80397205434779
19.316,7.98158965898938,7.98263564198665,-1.81769611677489
19.318,7.98154565898938,7.98256796246255,-1.82184146899417
19.32,7.98150165898938,7.98250249279963,-1.81479126083424
19.322,7.98146465898938,7.98243941883197,-1.79603306752797
19.324,7.98142765898938,7.98237910052173,-1.76416668756863
19.326,7.98139065898939,7.98232166788252,-1.7188369239485
19.328,7.98135365898939,7.98226736804039,-1.65908550017992
19.33,7.98131665898939,7.98221631586601,-1.58451703470276
19.332,7.98128765898939,7.98216833381329,-1.49599772855346
19.334,7.98125865898939,7.98212351533346,-1.39310879967757
19.336,7.98122965898939,7.98208161174194,-1.27694746478705
19.338,7.98120065898939,7.98204241275234,-1.14841069191277
19.34,7.98117165898939,7.98200568717508,-1.00847204131559
19.342,7.9811516589894,7.98197108970473,-0.858619705809002
19.344,7.9811316589894,7.98193828715639,-0.700281373624822
19.346,7.9811116589894,7.98190685473662,-0.535342319885432
19.348,7.9810916589894,7.9818764638756,-0.365268368725967
19.35,7.9810716589894,7.98184682257844,-0.191385689910923
19.352,7.9810616589894,7.98181762270412,-0.0151675146956224
19.354,7.9810516589894,7.98178860153376,0.162065210929568
19.356,7.9810416589894,7.98175955196298,0.339226939206744
19.358,7.98103165898941,7.98173025554424,0.515106994584494
19.36,7.98102165898941,7.98170057886934,0.68885081953696
19.362,7.98102065898941,7.98167040950514,0.859614343363602
19.364,7.98101965898941,7.9816396998867,1.02676930782415
19.366,7.98101865898941,7.9816084622156,1.18986788715724
19.368,7.98101765898941,7.98157678246638,1.34874899789656
19.37,7.98101665898941,7.98154478899784,1.50337851044122
19.372,7.98102365898941,7.98151265123761,1.65367644892424
19.374,7.98103065898941,7.98148058885669,1.80009912999021
19.376,7.98103765898941,7.98144884199776,1.9428724908879
19.378,7.98104465898942,7.98141765199504,2.08248739316677
19.38,7.98105165898942,7.98138732861177,2.21931031979996
19.382,7.98106565898942,7.9813581018123,2.35404866352619
19.384,7.98107965898942,7.98133035796183,2.48722742359164
19.386,7.98109365898942,7.98130432736487,2.61960138680166
19.388,7.98110765898942,7.98128033214655,2.75179207136232
19.39,7.98112165898942,7.98125863222308,2.88437372904947
19.392,7.98114165898942,7.98123950910661,3.01785398782295
19.394,7.98116165898942,7.98122304209357,3.15252853152158
19.396,7.98118165898943,7.98120934045792,3.28857792023544
19.398,7.98120165898943,7.98119860748117,3.42611230300772
19.4,7.98122165898943,7.98119068177117,3.56494030048175
19.402,7.98124665898943,7.98118571945157,3.70488541898635
19.404,7.98127165898943,7.981183526683,3.84550007961865
19.406,7.98129665898943,7.98118407577077,3.9862511120031
19.408,7.98132165898943,7.98118710167618,4.1264562161131
19.41,7.98134665898943,7.98119250052014,4.26524013205632
19.412,7.98137565898944,7.98120012528114,4.40120259240088
19.414,7.98140465898944,7.98120942845905,4.53337324613325
19.416,7.98143365898944,7.98122005279083,4.66104652584203
19.418,7.98146265898944,7.98123189242855,4.78157615226607
19.42,7.98149165898944,7.9812444038497,4.89387317991487
19.422,7.98152365898944,7.98125722629027,4.99671430622456
19.424,7.98155565898944,7.98127002463978,5.08857339297549
19.426,7.98158765898944,7.98128246822034,5.16774917815132
19.428,7.98161965898944,7.98129432366832,5.23382219949196
19.43,7.98165165898945,7.98130530038412,5.28469931024255
19.432,7.98168565898945,7.98131526577811,5.320538738065
19.434,7.98171965898945,7.98132404444038,5.34031958160559
19.436,7.98175365898945,7.98133143356072,5.3424511859657
19.438,7.98178765898945,7.98133737194498,5.32688734386004
19.44,7.98182165898945,7.98134188018818,5.2940691204161
19.442,7.98185665898945,7.98134496049092,5.2438394079266
19.444,7.98189165898945,7.98134662160637,5.17561833579525
19.446,7.98192665898946,7.98134707338257,5.09082752572428
19.448,7.98196165898946,7.98134652091722,4.99038129698934
19.45,7.98199665898946,7.98134523707949,4.87557117804234
19.452,7.98203165898946,7.98134354538078,4.74790993356707
19.454,7.98206665898946,7.98134180778218,4.60906883115777
19.456,7.98210165898946,7.98134040910556,4.46080642646296
19.458,7.98213665898946,7.98133973963219,4.30489489003845
19.46,7.98217165898946,7.98134017790114,4.14305095032153
19.462,7.98220665898947,7.98134203667174,3.97692579040813
19.464,7.98224165898947,7.98134570163774,3.80785423522169
19.466,7.98227665898947,7.98135142715363,3.63727255666872
19.468,7.98231165898947,7.98135947663663,3.46631556410309
19.47,7.98234665898947,7.98136988043897,3.29587810435203
19.472,7.98238165898947,7.98138287361299,3.12672063202683
19.474,7.98241665898947,7.98139832905322,2.95923630732452
19.476,7.98245165898947,7.98141636555806,2.79380817513173
19.478,7.98248665898947,7.98143672441431,2.63040044199977
19.48,7.98252165898947,7.98145936974059,2.46906151757209
19.482,7.98255665898948,7.98148411387818,2.30961753331346
19.484,7.98259165898948,7.98151067207909,2.15170818033818
19.486,7.98262665898948,7.98153887839198,1.99495296139161
19.488,7.98266165898948,7.98156831512473,1.83872117386069
19.49,7.98269665898948,7.98159876485906,1.68239615247812
19.492,7.98273165898948,7.98162989343435,1.52514084824654
19.494,7.98276665898948,7.98166131687282,1.36613690046836
19.496,7.98280165898948,7.98169270780664,1.20456962204688
19.498,7.98283665898949,7.98172376514588,1.03977019301583
19.5,7.98287165898949,7.98175427464966,0.871425427986106
19.502,7.98290665898949,7.98178403708882,0.699091474911
19.504,7.98294165898949,7.98181300814103,0.522990313814127
19.506,7.98297665898949,7.98184112301107,0.343132523628278
19.508,7.98301165898949,7.98186845620396,0.160071444932329
19.51,7.98304665898949,7.98189506098418,-0.0257618549683537
19.512,7.9830816589895,7.98192111959066,-0.21348325893148
19.514,7.9831166589895,7.98194674357461,-0.402466532651471
19.516,7.9831516589895,7.98197211654052,-0.591811015344901
19.518,7.9831866589895,7.98199742044371,-0.780646610573637
19.52,7.9832216589895,7.98202284194854,-0.96803469055994
19.522,7.9832566589895,7.98204860564107,-1.15284652703867
19.524,7.9832916589895,7.98207490683103,-1.33414479436671
19.526,7.9833266589895,7.98210195463912,-1.51083278902821
19.528,7.9833616589895,7.98212996336989,-1.68172593404127
19.53,7.98339665898951,7.98215906042912,-1.84607569378425
19.532,7.98343165898951,7.98218939018802,-2.00296222195516
19.534,7.98346665898951,7.9822211162426,-2.15130242641292
19.536,7.98350165898951,7.98225434962194,-2.2903087728593
19.538,7.98353665898951,7.98228919556195,-2.4192101983156
19.54,7.98357165898951,7.98232580365124,-2.53691076769131
19.542,7.98360665898951,7.98236413701007,-2.64345019790342
19.544,7.98364165898951,7.98240431393432,-2.73777570916133
19.546,7.98367665898951,7.98244634491225,-2.81936451039035
19.548,7.98371165898952,7.98249009165096,-2.88860183242058
19.55,7.98374665898952,7.98253544309473,-2.94562097465144
19.552,7.98378165898952,7.98258234816281,-2.98989326432355
19.554,7.98381665898952,7.98263058675339,-3.0221515463393
19.556,7.98385165898952,7.98267999036284,-3.04262536392287
19.558,7.98388665898952,7.98273030852329,-3.05247207365927
19.56,7.98392165898952,7.98278140640608,-3.05139144812021
19.562,7.98395665898953,7.98283303871523,-3.0404192547657
19.564,7.98399165898953,7.98288499492785,-3.01996759203176
19.566,7.98402665898953,7.98293704510114,-2.9911625693308
19.568,7.98406165898953,7.98298900940669,-2.95493867328094
19.57,7.98409665898953,7.98304071450221,-2.91160344809372
19.572,7.98413165898953,7.98309201433189,-2.86189203688361
19.574,7.98416665898953,7.98314278540469,-2.80636659620569
19.576,7.98420165898953,7.98319294615733,-2.74560970420463
19.578,7.98423665898953,7.9832424708645,-2.68028872202902
19.58,7.98427165898953,7.98329132803432,-2.61072701365246
19.582,7.98430665898954,7.98333954028572,-2.53724490423479
19.584,7.98434165898954,7.9833871832239,-2.46008264461297
19.586,7.98437665898954,7.98343435691315,-2.37915189208108
19.588,7.98441165898954,7.98348124196094,-2.29460768948701
19.59,7.98444665898954,7.98352799382106,-2.20596424822929
19.592,7.98448165898954,7.98357480369362,-2.11303104716271
19.594,7.98451665898954,7.9836218511608,-2.01542670559764
19.596,7.98455165898955,7.98366925812152,-1.91321109857668
19.598,7.98458665898955,7.9837171271366,-1.80623315834386
19.6,7.98462165898955,7.98376554322122,-1.6943209014139
19.602,7.98465665898955,7.98381448126738,-1.57798349678426
19.604,7.98469165898955,7.98386392589365,-1.45740136989545
19.606,7.98472665898955,7.98391381476732,-1.33296516114537
19.608,7.98476165898955,7.98396405991999,-1.20513160809366
19.61,7.98479665898955,7.98401455619991,-1.07439796159357
19.612,7.98483165898956,7.984065188651,-0.941316456447191
19.614,7.98486665898956,7.98411583910403,-0.806275284268126
19.616,7.98490165898956,7.98416637187098,-0.669921432177771
19.618,7.98493665898956,7.98421668878423,-0.532830780468677
19.62,7.98497165898956,7.98426663742395,-0.39545096777068
19.622,7.98500665898956,7.98431605003388,-0.258440732985185
19.624,7.98504165898956,7.98436485001092,-0.122304997482685
19.626,7.98507665898956,7.98441286065893,0.0123666858331838
19.628,7.98511165898956,7.98446001323986,0.145163459007173
19.63,7.98514665898957,7.984506212478,0.275627861587961
19.632,7.98518165898957,7.98455143154012,0.403447761497115
19.634,7.98521665898957,7.98459555339491,0.52801965426726
19.636,7.98525165898957,7.98463855516441,0.648970708763048
19.638,7.98528665898957,7.98468038600049,0.765835530743601
19.64,7.98532165898957,7.98472103996538,0.878286586958896
19.642,7.98535565898957,7.98476049047772,0.985878938364883
19.644,7.98538965898957,7.98479877164698,1.08835619693087
19.646,7.98542365898957,7.98483596711329,1.18565408963678
19.648,7.98545765898958,7.98487217771959,1.27775441221193
19.65,7.98549165898958,7.98490751436,1.36461923991627
19.652,7.98552365898958,7.98494215838448,1.44659404192248
19.654,7.98555565898958,7.98497626105137,1.52379273088514
19.656,7.98558765898958,7.98500998562551,1.59638938270475
19.658,7.98561965898958,7.98504350194765,1.66474252294371
19.66,7.98565165898958,7.98507695605158,1.72864974320292
19.662,7.98568065898959,7.98511048952278,1.78869238377918
19.664,7.98570965898959,7.98514421872338,1.84481773681209
19.666,7.98573865898959,7.98517827120154,1.89694883083593
19.668,7.98576765898959,7.98521276316627,1.94509242809255
19.67,7.98579665898959,7.98524774073607,1.98943647679431
19.672,7.98582165898959,7.9852832890869,2.02951626812748
19.674,7.98584665898959,7.98531937590443,2.06540935704034
19.676,7.98587165898959,7.98535597896238,2.09693911179279
19.678,7.98589665898959,7.98539309596488,2.12352677498046
19.68,7.9859216589896,7.9854306355653,2.14530429663515
19.682,7.9859416589896,7.98546853306482,2.1619933344583
19.684,7.9859616589896,7.98550669577732,2.17344014723562
19.686,7.9859816589896,7.98554501189696,2.17946275950292
19.688,7.9860016589896,7.98558335045097,2.17985537246939
19.69,7.9860216589896,7.98562156882616,2.17448977810205
19.692,7.9860356589896,7.98565949585828,2.16283472851161
19.694,7.9860496589896,7.98569695913801,2.14478030867594
19.696,7.98606365898961,7.98573381164371,2.12030815174987
19.698,7.98607765898961,7.98576982671984,2.08868802937652
19.7,7.98609165898961,7.98580482136026,2.04971106980215
19.702,7.98609865898961,7.9858386086766,2.00303139642417
19.704,7.98610565898961,7.98587099555818,1.94818243404353
19.706,7.98611265898961,7.98590190321138,1.88523256931625
19.708,7.98611965898961,7.98593109840928,1.81333674596127
19.71,7.98612665898961,7.98595860854896,1.73296604775377
19.712,7.98612565898962,7.98598430260996,1.64373741242336
19.714,7.98612465898962,7.98600806952917,1.54538551472921
19.716,7.98612365898962,7.98602988196561,1.43804889175948
19.718,7.98612265898962,7.98604960816742,1.32138316564048
19.72,7.98612165898962,7.98606715066259,1.19523253437626
19.722,7.98611165898962,7.98608264379807,1.06041710765995
19.724,7.98610165898962,7.98609600817461,0.916816042399337
19.726,7.98609165898962,7.98610712501471,0.764184941704992
19.728,7.98608165898963,7.98611617824372,0.603482477359971
19.73,7.98607165898963,7.98612315468334,0.434860162675198
19.732,7.98605165898963,7.98612812458453,0.258787208641282
19.734,7.98603165898963,7.98613114160921,0.0756698362914734
19.736,7.98601165898963,7.98613237920954,-0.113655702059606
19.738,7.98599165898963,7.98613209772786,-0.308089479362782
19.74,7.98597165898963,7.98613035737693,-0.50716994318043
19.742,7.98594265898963,7.98612748988156,-0.709552603216772
19.744,7.98591365898964,7.98612365164872,-0.914397048278116
19.746,7.98588465898964,7.98611910851862,-1.12052207196208
19.748,7.98585565898964,7.98611405558319,-1.32684300070524
19.75,7.98582665898964,7.98610869655599,-1.53227979988878
19.752,7.98578965898964,7.98610320440502,-1.73578552889419
19.754,7.98575265898964,7.98609773137806,-1.93635007214904
19.756,7.98571565898964,7.98609240577109,-2.13302103196984
19.758,7.98567865898964,7.98608732249963,-2.32499848557746
19.76,7.98564165898964,7.98608255534371,-2.51123303936205
19.762,7.98559765898965,7.98607810341323,-2.69129833243877
19.764,7.98555365898965,7.9860739179115,-2.86504810740692
19.766,7.98550965898965,7.98606993352661,-3.03167404912608
19.768,7.98546565898965,7.98606600951074,-3.19138225735259
19.77,7.98542165898965,7.98606197438328,-3.34393487412802
19.772,7.98537165898965,7.98605763124122,-3.48981679402651
19.774,7.98532165898965,7.98605271960336,-3.62891288481924
19.776,7.98527165898965,7.9860470024753,-3.76188254011976
19.778,7.98522165898966,7.98604022876753,-3.88911040214269
19.78,7.98517165898966,7.98603205249271,-4.01070034422604
19.782,7.98511665898966,7.98602216915326,-4.12710222310761
19.784,7.98506165898966,7.98601046097975,-4.23907663536444
19.786,7.98500665898966,7.98599659147865,-4.3466325553544
19.788,7.98495165898966,7.98598035542456,-4.44997376675316
19.79,7.98489665898966,7.98596180076478,-4.54945024910722
19.792,7.98483765898967,7.98594068566247,-4.6447120186741
19.794,7.98477865898967,7.98591721219561,-4.73594460862309
19.796,7.98471965898967,7.98589134676975,-4.82277426559193
19.798,7.98466065898967,7.98586315691748,-4.9048359624703
19.8,7.98460165898967,7.98583286907239,-4.98203599810942
19.802,7.98453965898967,7.98580052601999,-5.05380780884363
19.804,7.98447765898967,7.98576634876091,-5.12004540974372
19.806,7.98441565898967,7.98573047620203,-5.18048243629933
19.808,7.98435365898967,7.98569291977598,-5.23433323991884
19.81,7.98429165898968,7.9856539706247,-5.28205769647117
19.812,7.98422765898968,7.98561359411671,-5.32265529866893
19.814,7.98416365898968,7.98557190183189,-5.35558689947062
19.816,7.98409965898968,7.98552920269932,-5.38178965568853
19.818,7.98403565898968,7.98548543333846,-5.39931186647288
19.82,7.98397165898968,7.98544087069984,-5.40829911546186
19.822,7.98390665898968,7.98539568163715,-5.4076221054071
19.824,7.98384165898969,7.98535011654811,-5.39676358822207
19.826,7.98377665898969,7.98530441337458,-5.37472859124577
19.828,7.98371165898969,7.9852588498735,-5.34004447477275
19.83,7.98364665898969,7.98521369502328,-5.29233446824357
19.832,7.98358165898969,7.98516926153793,-5.22997358412925
19.834,7.98351665898969,7.98512580460049,-5.15233864497513
19.836,7.98345165898969,7.98508349320701,-5.05925736649631
19.838,7.98338665898969,7.98504250767249,-4.94973735764779
19.84,7.98332165898969,7.98500285421055,-4.82420766473663
19.842,7.9832566589897,7.98496450152944,-4.68265958673857
19.844,7.9831916589897,7.98492722772997,-4.52670798315379
19.846,7.9831266589897,7.98489083616334,-4.35707092077542
19.848,7.9830616589897,7.98485506118474,-4.1745132985566
19.85,7.9829966589897,7.98481953467999,-3.98138736464888
19.852,7.9829316589897,7.98478391670486,-3.77899495005413
19.854,7.9828666589897,7.98474781108806,-3.56892578906353
19.856,7.98280165898971,7.98471083806669,-3.35332756724863
19.858,7.98273665898971,7.98467271323188,-3.13400232542234
19.86,7.98267165898971,7.98463306223966,-2.9123697689098
19.862,7.98260665898971,7.98459160059769,-2.68998351457731
19.864,7.98254165898971,7.98454813356355,-2.46815164025214
19.866,7.98247665898971,7.98450245681397,-2.2480412027882
19.868,7.98241165898971,7.98445439080657,-2.0307337393126
19.87,7.98234665898971,7.98440387965964,-1.81709093041834
19.872,7.98228165898972,7.98435084815796,-1.60786840286839
19.874,7.98221665898972,7.98429537951176,-1.40343283869389
19.876,7.98215165898972,7.98423739573267,-1.20440237889206
19.878,7.98208665898972,7.98417688285414,-1.01128134686273
19.88,7.98202165898972,7.98411430152226,-0.823319382249061
19.882,7.98195665898972,7.98404953444901,-0.64114549540743
19.884,7.98189165898972,7.98398286981344,-0.464339080502772
19.886,7.98182665898972,7.98391449051071,-0.292699470522383
19.888,7.98176165898973,7.98384460934237,-0.125911304651464
19.89,7.98169665898973,7.98377345518547,0.0364277086925955
19.892,7.98163165898973,7.98370123795923,0.19467341692411
19.894,7.98156665898973,7.983628192876,0.349249761090679
19.896,7.98150165898973,7.98355460475518,0.500852701918806
19.898,7.98143665898973,7.98348067952304,0.649806639771719
19.9,7.98137165898973,7.98340665212935,0.796549157406117
19.902,7.98130665898974,7.98333271376205,0.941525104131568
19.904,7.98124165898974,7.98325902188953,1.08490546457851
19.906,7.98117665898974,7.98318568652122,1.22682647360127
19.908,7.98111165898974,7.98311277973797,1.36729047018197
19.91,7.98104665898974,7.98304034030892,1.5061661462224
19.912,7.98098165898974,7.98296836988705,1.64320934414208
19.914,7.98091665898974,7.98289683323292,1.77813969001707
19.916,7.98085165898974,7.98282568015914,1.91061210361162
19.918,7.98078665898975,7.98275484673223,2.04003666184683
19.92,7.98072165898975,7.98268422490591,2.16594400381217
19.922,7.98065665898975,7.982613671267,2.28743605368498
19.924,7.98059165898975,7.98254302153516,2.40406957538062
19.926,7.98052665898975,7.9824720589532,2.51448746914741
19.928,7.98046165898975,7.98240058608948,2.61804471109598
19.93,7.98039665898975,7.98232836523834,2.71352893282549
19.932,7.98033165898975,7.98225515638824,2.79982479769299
19.934,7.98026665898975,7.9821807253562,2.87580944404083
19.936,7.98020165898976,7.98210486448417,2.94050423042344
19.938,7.98013665898976,7.98202743428792,2.99330590005578
19.94,7.98007165898976,7.98194826537038,3.03321275812302
19.942,7.98000665898976,7.98186726842486,3.05959518429713
19.944,7.97994165898976,7.98178457009627,3.07318889828521
19.946,7.97987665898976,7.98170015634569,3.07346911729914
19.948,7.97981165898976,7.98161413837384,3.0605696044479
19.95,7.97974665898977,7.98152675428113,3.03545662920805
19.952,7.97968165898977,7.98143821930367,2.99873390609377
19.954,7.97961665898977,7.98134880373537,2.95117596271895
19.956,7.97955165898977,7.98125883822243,2.8944058544612
19.958,7.97948665898977,7.98116859990965,2.82914355440951
19.96,7.97942165898977,7.98107838762064,2.7567711769688
19.962,7.97935665898977,7.98098849209316,2.67832224328062
19.964,7.97929165898977,7.98089915684521,2.59502365790833
19.966,7.97922665898978,7.98081058559559,2.50790628169376
19.968,7.97916165898978,7.98072300631534,2.41772578883758
19.97,7.97909665898978,7.98063650571955,2.32544922715288
19.972,7.97903165898978,7.98055122212621,2.23166812868683
19.974,7.97896665898978,7.98046717176318,2.13697743117252
19.976,7.97890165898978,7.98038433889035,2.04179893837124
19.978,7.97883665898978,7.98030278669176,1.94642309020553
19.98,7.97877165898978,7.98022232629578,1.85101949003684
19.982,7.97870665898979,7.98014290841375,1.75560544227127
19.984,7.97864165898979,7.98006441093525,1.66004053402027
19.986,7.97857665898979,7.97998659415934,1.56408176257375
19.988,7.97851165898979,7.97990930189693,1.46738181247114
19.99,7.97844665898979,7.97983233933957,1.36961082920308
19.992,7.97838165898979,7.97975553387189,1.27039484713411
19.994,7.97831665898979,7.97967872853118,1.16949948325682
19.996,7.97825165898979,7.97960178037377,1.06659404433708
19.998,7.9781866589898,7.97952455890787,0.961465333029129
20,7.9781216589898,7.97944693379632,0.853817017818831
