t,x_ref,x_meas,pitch_deg
0,0,0,-0
0.002,0,1.35593028917498e-15,4.50609480099098e-12
0.004,0,3.45936491887329e-13,1.14961619728654e-09
0.006,0,3.94278738964736e-12,1.31026701404572e-08
0.008,0,2.14258611807965e-11,7.12023946777821e-08
0.01,0,8.4681734238023e-11,2.81413863426806e-07
0.012,0,2.28785504703213e-10,7.60297011733968e-07
0.014,0,5.65873776198218e-10,1.88049241746796e-06
0.016,0,1.23212623232037e-09,4.09450712714052e-06
0.018,0,2.32347241914629e-09,7.72105834850666e-06
0.02,0,4.21912534513943e-09,1.40200138672132e-05
0.022,0,7.46381751017827e-09,2.4800404701473e-05
0.024,0,1.19215004064442e-08,3.96091029801502e-05
0.026,0,1.7920527279205e-08,5.95363046283284e-05
0.028,0,2.79451577568345e-08,9.28219156871372e-05
0.03,0,3.92708939507198e-08,0.000130421264914553
0.032,0,5.65853791452513e-08,0.000187869495476448
0.034,0,7.79541847480736e-08,0.000258721856954277
0.036,0,1.06719622245036e-07,0.000354028482590233
0.038,0,1.38356594023316e-07,0.000458791571928324
0.04,0,1.84808969944874e-07,0.00061234437359021
0.042,0,2.31261345866433e-07,0.000765897175252096
0.044,0,2.96496311590437e-07,0.000981018946580404
0.046,0,3.69699436631989e-07,0.00122214117782441
0.048,0,4.57364620859051e-07,0.00151034010027234
0.05,0,5.61958250602982e-07,0.00185331657054782
0.052,0,6.83780191483985e-07,0.00225158074066467
0.054,0,8.21919600306095e-07,0.00270168489272996
0.056,0,9.77370425956431e-07,0.00320594982138543
0.058,0,1.14994180099296e-06,0.00376249303203821
0.06,0,1.34118216917763e-06,0.00437445241919033
0.062,0,1.54386773324653e-06,0.00501951907038557
0.064,0,1.76280189026605e-06,0.00571056425838778
0.066,0,2.00676666458825e-06,0.00646894671050614
0.068,0,2.2558370680574e-06,0.0072403235093946
0.07,0,2.54728846988992e-06,0.00811854552356353
0.072,0,2.83873987172244e-06,0.00899676753773247
0.074,0,3.142476835594e-06,0.00990417363082339
0.076,0,3.50477846891863e-06,0.0109506987914772
0.078,0,3.86708010224325e-06,0.011997223952131
0.08,0,4.25349397976502e-06,0.0130982416757458
0.082,0,4.71104969771871e-06,0.0143600366869161
0.084,0,5.1686054156724e-06,0.0156218316980864
0.086,0,5.6566414517737e-06,0.0169504730196031
0.088,0,6.20576532997123e-06,0.0184130859365403
0.09,0,6.80202991188761e-06,0.019975981100492
0.092,0,7.44819653272614e-06,0.0216426352848204
0.094,0,8.15431259244609e-06,0.0234261524968675
0.096,0,8.90512168914489e-06,0.0252814972195932
0.098,0,9.69529420324435e-06,0.0271718669745597
0.1,0,1.05064826023164e-05,0.029031764117462
0.102,0,1.13189130447575e-05,0.0307892314349235
0.104,0,1.21115755334212e-05,0.0323668109416878
0.106,0,1.286300230195e-05,0.0336865182346148
0.108,0,1.3552849038956e-05,0.0346754407772589
0.11,0,1.41513086060364e-05,0.0352141871385707
0.112,0,1.46625163707205e-05,0.0353416638767798
0.114,0,1.50569114722241e-05,0.0349317915401282
0.116,0,1.53485992428845e-05,0.0340536675703295
0.118,0,1.5550978895661e-05,0.0327659294922799
0.12,0,1.56624858546391e-05,0.0310510621487559
0.122,0,1.5710240988919e-05,0.0290127171975667
0.124,0,1.57253456378378e-05,0.0267619093629122
0.126,0,1.57518330121855e-05,0.0244483284459073
0.128,0,1.58394034401388e-05,0.0222537142044795
0.13,0,1.60396195765639e-05,0.020357485321655
0.132,0,1.64045417348734e-05,0.0189394425068346
0.134,0,1.69825469398457e-05,0.0181653526115562
0.136,0,1.78138766620201e-05,0.0181716835209081
0.138,0,1.89264177240047e-05,0.0190511988591385
0.14,0,2.03568903928782e-05,0.0209167431191278
0.142,0,2.20373530693741e-05,0.0235512672313435
0.144,0,2.39919888557282e-05,0.0270159490170827
0.146,0,2.61832815486712e-05,0.0311655507529263
0.148,0,2.85069342525061e-05,0.0356592883308629
0.15,0,3.09103603264537e-05,0.0402848919095792
0.152,0,3.32897018928021e-05,0.0446998007249924
0.154,0,3.55340554936502e-05,0.0485056344671372
0.156,0,3.75422141210191e-05,0.0513582418074319
0.158,0,3.92068956945828e-05,0.0528900307901776
0.16,0,4.04281684178314e-05,0.0527630672208433
0.162,0,4.11214632094146e-05,0.0506964042740023
0.164,0,4.12373962745111e-05,0.0465356029082665
0.166,0,4.07453187862988e-05,0.040190753614134
0.168,0,3.9615196022374e-05,0.0315752531088705
0.17,0,3.79763969847146e-05,0.0211639976231675
0.172,0,3.59105477140095e-05,0.00925794008651968
0.174,0,3.35920266228749e-05,-0.00351972024835284
0.176,0,3.12168085197942e-05,-0.0164765282794093
0.178,0,2.90349479978033e-05,-0.0287295983619654
0.18,0,2.72662846050435e-05,-0.039512927989506
0.182,0,2.61933623422429e-05,-0.047840266291043
0.184,0,2.59942256569804e-05,-0.0531009102805362
0.186,0,2.6859022323302e-05,-0.0546433382719014
0.188,0,2.90261412658435e-05,-0.0516583590376307
0.19,0,3.24546505268639e-05,-0.0443119388183223
0.192,0,3.72060315423479e-05,-0.032419185146336
0.194,0,4.33661791540923e-05,-0.0157272801138274
0.196,0,5.07640034856606e-05,0.0051304357627891
0.198,0,5.92607593257712e-05,0.0296246016249985
0.2,0,6.86247824953111e-05,0.0569037667333318
0.202,0,7.85592808517799e-05,0.0858871080043331
0.204,0,8.8681358030665e-05,0.115216193096849
0.206,0,9.85826648685232e-05,0.143443802990723
0.208,0,0.000107829264026262,0.169049039917647
0.21,0,0.000115918889188028,0.190268216006472
0.212,0,0.00012256684757088,0.20614893073329
0.214,0,0.000127293376277826,0.215015449724679
0.216,0,0.00012988889824136,0.216181375601748
0.218,0,0.000130211391175639,0.209195284148313
0.22,0,0.000128261901000425,0.194113851344142
0.222,0,0.000123985071314174,0.170791827976038
0.224,0,0.000117582919548493,0.13999618915308
0.226,0,0.000109148716068875,0.102112234234419
0.228,0,9.89950267268484e-05,0.058292388620852
0.23,0,8.73918204436405e-05,0.009536960028543
0.232,0,7.46342255517559e-05,-0.043066717608864
0.234,0,6.10495868411479e-05,-0.0983215115584103
0.236,0,4.69912103312158e-05,-0.154942326158505
0.238,0,3.28182623139119e-05,-0.21166539712661
0.24,0,1.89598868259191e-05,-0.266895691498155
0.242,0,5.65745242952152e-06,-0.319870116088419
0.244,0,-6.60166172396372e-06,-0.368800048858976
0.246,0,-1.74378343944634e-05,-0.412366620988946
0.248,0,-2.65082836564991e-05,-0.449373065879167
0.25,0,-3.35331172789056e-05,-0.478845333932446
0.252,0,-3.82565869103734e-05,-0.499887858509367
0.254,0,-4.05423222206705e-05,-0.512034868982372
0.256,0,-4.00422827494879e-05,-0.51404445700722
0.258,0,-3.69207212197211e-05,-0.506531373275062
0.26,0,-3.11189839430452e-05,-0.489290960684825
0.262,0,-2.27374905341198e-05,-0.462688507603171
0.264,0,-1.19530030247792e-05,-0.427358846489404
0.266,0,9.48343077559134e-07,-0.384327798559574
0.268,0,1.57501455638193e-05,-0.334362660050233
0.27,0,3.20938197362669e-05,-0.278742624060666
0.272,0,4.9574739673287e-05,-0.218915419489555
0.274,0,6.78250884633269e-05,-0.156193235691713
0.276,0,8.64593239665077e-05,-0.0919554841335312
0.278,0,0.00010513682215332,-0.0274241733149314
0.28,0,0.000123505000045607,0.0361350955277778
0.282,0,0.000141250887325779,0.0975888810809952
0.284,0,0.000158087089106674,0.155884651926299
0.286,0,0.000173857680073938,0.210426710090706
0.288,0,0.000188352580894821,0.260425515858634
0.29,0,0.000201330751608467,0.304968089997164
0.292,0,0.000212764422235427,0.343906918278865
0.294,0,0.000222500624887087,0.376644917640451
0.296,0,0.000230213249646414,0.401945724625491
0.298,0,0.000236081774145555,0.420435470271892
0.3,0,0.000239768683629765,0.430841962177498
0.302,0,0.000241162117252043,0.432730391045808
0.304,0,0.000240262687712853,0.426092844899247
0.306,0,0.000237055960715023,0.410869059959802
0.308,0,0.000231509783105234,0.386932761320345
0.31,0,0.000223721268543128,0.354636940951802
0.312,0,0.000213743711621833,0.314164643686637
0.314,0,0.000201972992913031,0.266972394700464
0.316,0,0.00018866216013864,0.213977444982843
0.318,0,0.000174173517817282,0.156501087412351
0.32,0,0.000158905273642458,0.0959973831374632
0.322,0,0.000143273342502114,0.0339883404868059
0.324,0,0.000127679420068749,-0.0280472572023697
0.326,0,0.000112548387911064,-0.0885521063565514
0.328,0,9.82518139821689e-05,-0.146139028524181
0.33,0,8.50794273390332e-05,-0.199712389967315
0.332,0,7.33482882320422e-05,-0.248068490232305
0.334,0,6.33099776865506e-05,-0.290229245793793
0.336,0,5.50737998278863e-05,-0.325730716292403
0.338,0,4.88168942748192e-05,-0.353852751609503
0.34,0,4.46293522539189e-05,-0.37418792836311
0.342,0,4.25010192267859e-05,-0.386701401147255
0.344,0,4.2561677180875e-05,-0.39081181485175
0.346,0,4.4610136639339e-05,-0.387200129498953
0.348,0,4.85502080115767e-05,-0.376138029034209
0.35,0,5.41892360904049e-05,-0.358253559402864
0.352,0,6.11849838438035e-05,-0.334756696378233
0.354,0,6.92556872192989e-05,-0.306580622539482
0.356,0,7.79685848315408e-05,-0.275238106756044
0.358,0,8.68734725866698e-05,-0.242325284415073
0.36,0,9.55489853054249e-05,-0.209336466608934
0.362,0,0.000103553614064719,-0.177796523939065
0.364,0,0.000110493230835762,-0.149115981970899
0.366,0,0.000116036029835591,-0.12448192832208
0.368,0,0.000119981523490761,-0.104657376122861
0.37,0,0.00012204924277028,-0.090633617552583
0.372,0,0.000122247878544821,-0.0824864978870069
0.374,0,0.000120477679922831,-0.0806095314323583
0.376,0,0.000116776725882388,-0.0849450340746337
0.378,0,0.000111053560691679,-0.0958408013225802
0.38,0,0.000103559077302342,-0.112513709369284
0.382,0,9.43204278907057e-05,-0.134886129653279
0.384,0,8.35667322053159e-05,-0.162193200015665
0.386,0,7.16414017819707e-05,-0.193279285942116
0.388,0,5.87884051571457e-05,-0.227294489537588
0.39,0,4.5357782666586e-05,-0.263013220412356
0.392,0,3.17481436527328e-05,-0.299054979348779
0.394,0,1.83482222914723e-05,-0.334051235418005
0.396,0,5.52990326464365e-06,-0.366695538811096
0.398,0,-6.37645457503216e-06,-0.395818968614372
0.4,0,-1.70348333184871e-05,-0.420216594531504
0.402,0,-2.61596254681905e-05,-0.438856925134793
0.404,0,-3.36901865429664e-05,-0.451527916604715
0.406,0,-3.94257712069182e-05,-0.457474626293913
0.408,0,-4.32772920176493e-05,-0.456341512435063
0.41,0,-4.5279826549354e-05,-0.44822256087471
0.412,0,-4.54063120154712e-05,-0.432950959500533
0.414,0,-4.38861254649936e-05,-0.411323495231235
0.416,0,-4.07313477487367e-05,-0.383281596191282
0.418,0,-3.62095938899232e-05,-0.349754882402843
0.42,0,-3.05012776421997e-05,-0.311331716595338
0.422,0,-2.38047373498144e-05,-0.268644379987378
0.424,0,-1.64342323724628e-05,-0.222833020506342
0.426,0,-8.63307232764883e-06,-0.174749667910606
0.428,0,-6.66960810386711e-07,-0.125330904905121
0.43,0,7.19778780766328e-06,-0.0755767997374957
0.432,0,1.470095308157e-05,-0.0264422450364716
0.434,0,2.16116619339198e-05,0.0211798458286877
0.436,0,2.76192630410553e-05,0.0661660257470538
0.438,0,3.25266084659737e-05,0.107728406336754
0.44,0,3.61642707837039e-05,0.145193255811622
0.442,0,3.82489025117316e-05,0.177510048693879
0.444,0,3.87399394545673e-05,0.204426615850724
0.446,0,3.75388598622532e-05,0.225509608876785
0.448,0,3.46612973518242e-05,0.240716112625029
0.45,0,3.00955902393497e-05,0.249898838760363
0.452,0,2.3970333753462e-05,0.253401805344474
0.454,0,1.64234510186631e-05,0.251597250492418
0.456,0,7.65037167450239e-06,0.245064897685828
0.458,0,-2.14855541556264e-06,0.234395878058974
0.46,0,-1.27688804146277e-05,0.220194590402338
0.462,0,-2.39655529040615e-05,0.203272023408639
0.464,0,-3.55621191329136e-05,0.184151133664285
0.466,0,-4.73537581702387e-05,0.163519611796021
0.468,0,-5.91504186127286e-05,0.142018825002928
0.47,0,-7.07543051730589e-05,0.120328826089527
0.472,0,-8.19760581105841e-05,0.0991501848989941
0.474,0,-9.26278944002047e-05,0.0791624388548364
0.476,0,-0.000102446876499244,0.0612603021290562
0.478,0,-0.000111323002287262,0.0459407507105344
0.48,0,-0.000118984885217177,0.0341310998781957
0.482,0,-0.000125335035153039,0.0262608190196925
0.484,0,-0.000130239532196301,0.0228480540927913
0.486,0,-0.000133616487833302,0.0242447745312265
0.488,0,-0.00013551323901208,0.0303769779867017
0.49,0,-0.000135910903990796,0.0413694923269979
0.492,0,-0.000134912917933723,0.056938989577209
0.494,0,-0.000132657174230636,0.0766767944550402
0.496,0,-0.000129303493552438,0.100093348695675
0.498,0,-0.000125065680431633,0.126509096483419
0.5,0,-0.000120220919419113,0.155015859931459
0.502,0,-0.000114974208765844,0.184939957850846
0.504,0,-0.000109611529212645,0.21530476003486
0.506,0,-0.000104391853536366,0.245207455559322
0.508,0,-9.96048913097741e-05,0.273614819368158
0.51,0,-9.54516256101641e-05,0.299791984355653
0.512,0,-9.22152319340497e-05,0.322707602951631
0.514,0,-9.01511723969217e-05,0.341411993684531
0.516,0,-8.93743992723029e-05,0.355451146957188
0.518,0,-9.01258343915814e-05,0.363893952112946
0.52,0,-9.23712850189673e-05,0.36679795853631
0.522,0,-9.62298319978792e-05,0.363644717784634
0.524,0,-0.000101697057175088,0.354359625221794
0.526,0,-0.000108730635045327,0.339004492169036
0.528,0,-0.000117282602380001,0.317655848528255
0.53,0,-0.000127305643038576,0.290361393173482
0.532,0,-0.000138514075839798,0.258139523555675
0.534,0,-0.000150800071625912,0.221282903723926
0.536,0,-0.000163950212103356,0.180484390007422
0.538,0,-0.000177641906686281,0.136888813947106
0.54,0,-0.000191545370909018,0.0916565504872217
0.542,0,-0.000205314111061231,0.0460564967327757
0.544,0,-0.000218575385155009,0.00140964522355099
0.546,0,-0.000230957624027934,-0.0409173827787628
0.548,0,-0.000242160159762126,-0.0797843041960203
0.55,0,-0.000251925050368789,-0.114209210214614
0.552,0,-0.000259888606513697,-0.142863983313437
0.554,0,-0.000266095071813883,-0.165744584616843
0.556,0,-0.000270289969233489,-0.18187909991978
0.558,0,-0.000272504665150049,-0.191235726768448
0.56,0,-0.000272803812638743,-0.193914838271556
0.562,0,-0.000271145498188913,-0.189635727420559
0.564,0,-0.00026766745455227,-0.178743329847936
0.566,0,-0.000262582262021063,-0.161871704318103
0.568,0,-0.000256026320396124,-0.139386175852668
0.57,0,-0.000248197990265273,-0.111884351245684
0.572,0,-0.000239354933782386,-0.0802019325312776
0.574,0,-0.000229806316620539,-0.0453799038130899
0.576,0,-0.000219869820902211,-0.00853616697448829
0.578,0,-0.000209855727742057,0.0292522547902381
0.58,0,-0.000200108814329635,0.0667609868492268
0.582,0,-0.000190921231450189,0.102882713812794
0.584,0,-0.000182662398287705,0.136307160816185
0.586,0,-0.000175589332350911,0.166036119490435
0.588,0,-0.000169942158014242,0.191160977404281
0.59,0,-0.000166098538322891,0.210309616759921
0.592,0,-0.000164081444226302,0.223285708307342
0.594,0,-0.000164023161002549,0.229548666006174
0.596,0,-0.000166013576888729,0.228694809039945
0.598,0,-0.000170124668565493,0.220371454888527
0.6,0,-0.000176117981852605,0.205322420369156
0.602,0,-0.000183919088637375,0.183710943155731
0.604,0,-0.000193338536319115,0.1561090305855
0.606,0,-0.000204179528667375,0.123108953189923
0.608,0,-0.000216189280516961,0.0855191200135241
0.61,0,-0.000229084744928703,0.0442696691242715
0.612,0,-0.00024256571471648,0.000388568968482261
0.614,0,-0.000256343362410387,-0.0451278184892812
0.616,0,-0.000270119297420929,-0.0912143673949622
0.618,0,-0.000283633019562526,-0.136876879061977
0.62,0,-0.000296625995933883,-0.181155169926892
0.622,0,-0.000308821760807803,-0.223000509686652
0.624,0,-0.000320006366432879,-0.261553057477265
0.626,0,-0.00032992345821806,-0.295815678776322
0.628,0,-0.000338306271444858,-0.324746165169615
0.63,0,-0.000345037408130981,-0.347831809847627
0.632,0,-0.0003499177149456,-0.364274255825659
0.634,0,-0.000352787962502408,-0.373405512463192
0.636,0,-0.000353656058581767,-0.375158984749226
0.638,0,-0.000352524224638456,-0.369447601623277
0.64,0,-0.000349446020935846,-0.356364565237651
0.642,0,-0.000344536104998192,-0.336220641638832
0.644,0,-0.00033794862489287,-0.309466942186792
0.646,0,-0.000329902528993539,-0.276794230806275
0.648,0,-0.000320646415154185,-0.238997001550014
0.65,0,-0.000310500964849864,-0.197177556113187
0.652,0,-0.00029974942071265,-0.152296966285923
0.654,0,-0.000288711263434513,-0.105472617644586
0.656,0,-0.000277718177947182,-0.0578780927824364
0.658,0,-0.000267055476297331,-0.0106328408731654
0.66,0,-0.000257004946103533,0.0352233114643355
0.662,0,-0.000247819470286538,0.078700908006943
0.664,0,-0.000239775605033087,0.118736563811749
0.666,0,-0.000233136730277722,0.154283397567952
0.668,0,-0.000228017070120816,0.184789131130414
0.67,0,-0.000224591643402398,0.209514320679112
0.672,0,-0.000223009467900987,0.227789440340756
0.674,0,-0.000223295521991414,0.239364655483898
0.676,0,-0.000225431120379122,0.244151668452097
0.678,0,-0.000229351632019542,0.24223148978509
0.68,0,-0.000234925593338519,0.233941212147009
0.682,0,-0.000242073421016355,0.219406798993987
0.684,0,-0.000250546178563107,0.199417887264417
0.686,0,-0.000260126558201721,0.174639165612538
0.688,0,-0.000270509692875697,0.146064852992236
0.69,0,-0.000281315493277488,0.115074181296404
0.692,0,-0.000292225668271169,0.0827344675972041
0.694,0,-0.000302867079734479,0.0503734015774278
0.696,0,-0.000312881892862999,0.0192982008097894
0.698,0,-0.000321926163150137,-0.00924288636091377
0.7,0,-0.000329652406909757,-0.0339729666456974
0.702,0,-0.000335896660477263,-0.054195907567796
0.704,0,-0.00034041019193799,-0.0689776381129913
0.706,0,-0.000343008412337103,-0.0775630404403622
0.708,0,-0.00034372251172985,-0.079909539518742
0.71,0,-0.000342479888358161,-0.0756374903530529
0.712,0,-0.000339316437045421,-0.0647285929604654
0.714,0,-0.000334398041229937,-0.0476278304212305
0.716,0,-0.000327734458193408,-0.0242329073043649
0.718,0,-0.000319600358533679,0.00459087189689915
0.72,0,-0.000310152148479261,0.0383845441308847
0.722,0,-0.000299644870467328,0.0763022835762264
0.724,0,-0.000288332199173472,0.117504582949164
0.726,0,-0.000276581906130162,0.160684821477431
0.728,0,-0.000264726543993876,0.204663646031003
0.73,0,-0.00025313309203182,0.248106967272974
0.732,0,-0.00024215367030458,0.289713823540159
0.734,0,-0.000232152011231421,0.328134754169219
0.736,0,-0.000223415773380538,0.36227023064523
0.738,0,-0.000216210169438751,0.391096485404819
0.74,0,-0.000210844272794605,0.4134152287761
0.742,0,-0.000207314357151161,0.429124235483783
0.744,0,-0.000205831543957346,0.437335522444637
0.746,0,-0.000206367893189333,0.438009733118954
0.748,0,-0.000208876331084601,0.431164653806698
0.75,0,-0.000213195791170311,0.417237786330774
0.752,0,-0.000219195987253241,0.396546768729224
0.754,0,-0.000226759657066632,0.369302978463851
0.756,0,-0.000235533922031443,0.336729429800365
0.758,0,-0.000245350191661255,0.29925816905755
0.76,0,-0.000255903607146158,0.257890614693526
0.762,0,-0.000266875547553135,0.213763026995323
0.764,0,-0.000277975232414055,0.167882049195151
0.766,0,-0.0002888850758203,0.121354377623765
0.768,0,-0.000299340706700533,0.0752694121186415
0.77,0,-0.000309066767500398,0.0306542322208397
0.772,0,-0.000317746685332717,-0.0113082774458076
0.774,0,-0.000325216991684059,-0.0498455734817252
0.776,0,-0.000331199261053194,-0.0839002867352326
0.778,0,-0.000335460418339338,-0.112521042813305
0.78,0,-0.000337886506191869,-0.135138404308044
0.782,0,-0.00033839747228934,-0.151324601718075
0.784,0,-0.000336930330790157,-0.16070942377862
0.786,0,-0.000333567652460691,-0.163432605449
0.788,0,-0.000328348818822223,-0.159487344573697
0.79,0,-0.000321450178411392,-0.149351681801856
0.792,0,-0.000313078344262289,-0.133620601408855
0.794,0,-0.000303410558215891,-0.112765313927517
0.796,0,-0.000292694820217466,-0.0874989959584704
0.798,0,-0.000281291414634845,-0.0590713804907893
0.8,0,-0.000269405246159578,-0.0280460476559546
0.802,0,-0.000257343366143786,0.0045465158881101
0.804,0,-0.000245378245364626,0.0376670662274858
0.806,0,-0.000233753757091372,0.0704733511134653
0.808,0,-0.000222714673965866,0.102052272095818
0.81,0,-0.000212496436103192,0.13150040861697
0.812,0,-0.000203336166844908,0.157902429370541
0.814,0,-0.00019547950743155,0.180291459759312
0.816,0,-0.000189084017025958,0.197977688173708
0.818,0,-0.000184274549410411,0.210394793049832
0.82,0,-0.000181242716885693,0.216737543430514
0.822,0,-0.000179969728962802,0.216920780494783
0.824,0,-0.000180534481168574,0.210520277478377
0.826,0,-0.000182775079183388,0.197976197994052
0.828,0,-0.00018662449555178,0.179393350669655
0.83,0,-0.000191932998837765,0.155176217518042
0.832,0,-0.000198535820353789,0.125772944413962
0.834,0,-0.000206172682558319,0.0920023861100081
0.836,0,-0.000214557878844201,0.0548011715434309
0.838,0,-0.000223411475693065,0.015096171445032
0.84,0,-0.000232426928733104,-0.0260556645271852
0.842,0,-0.000241271579598123,-0.0674842051343588
0.844,0,-0.000249662633348893,-0.108094355368496
0.846,0,-0.000257307360700625,-0.146808062135565
0.848,0,-0.000263950561229434,-0.182630257178144
0.85,0,-0.000269247548007749,-0.214274632159908
0.852,0,-0.000273130697304837,-0.241335786398996
0.854,0,-0.000275296559693089,-0.262642306895331
0.856,0,-0.000275637714082861,-0.27764344778848
0.858,0,-0.00027421216622505,-0.286371616332825
0.86,0,-0.00027090397232168,-0.288238470936682
0.862,0,-0.00026579446121148,-0.28334894547966
0.864,0,-0.000258983725447999,-0.271887111322849
0.866,0,-0.000250613696481189,-0.254207731071997
0.868,0,-0.000240756176864968,-0.230362984590889
0.87,0,-0.000229743517051505,-0.201497748447999
0.872,0,-0.000217712008274005,-0.167923897550714
0.874,0,-0.000204992131130432,-0.130768481676997
0.876,0,-0.000191920112677404,-0.0912173380941786
0.878,0,-0.000178832861521109,-0.0504657807878513
0.88,0,-0.000166094037517064,-0.00981073316963133
0.882,0,-0.000154046191377952,0.0294614128750892
0.884,0,-0.000143061762498847,0.0659951958503755
0.886,0,-0.000133419706771167,0.0986789608140662
0.888,0,-0.000125330904118992,0.126652858668679
0.89,0,-0.000119086071649507,0.148804342162353
0.892,0,-0.000114757242251279,0.164699532924231
0.894,0,-0.000112381061324144,0.174033354647622
0.896,0,-0.000111968229964068,0.176589047778557
0.898,0,-0.000113453383838521,0.172406702300059
0.9,0,-0.000116755439395324,0.161574629502868
0.902,0,-0.000121697956036149,0.144531049348653
0.904,0,-0.000128103886561913,0.121722437987732
0.906,0,-0.000135732530849128,0.0938708693698801
0.908,0,-0.000144362082093691,0.0616416898012012
0.91,0,-0.000153719127004845,0.0258870462532122
0.912,0,-0.000163460359322524,-0.0121693149991121
0.914,0,-0.000173283162212681,-0.0514790693591654
0.916,0,-0.00018285351665892,-0.0908432750130459
0.918,0,-0.000191841704100681,-0.129025783718642
0.92,0,-0.000199977504846145,-0.164957185815669
0.922,0,-0.000206896415748989,-0.197286197228943
0.924,0,-0.000212356684419105,-0.225025756117876
0.926,0,-0.000216176459465922,-0.247404788996844
0.928,0,-0.000218062250625605,-0.263272549348547
0.93,0,-0.000217984417690311,-0.272364529492143
0.932,0,-0.000215873908055166,-0.274296735602008
0.934,0,-0.000211699778746465,-0.26880821014014
0.936,0,-0.000205548932377565,-0.256051462981032
0.938,0,-0.000197591873636225,-0.236484881616283
0.94,0,-0.00018804077250797,-0.210726506965886
0.942,0,-0.000177031885213267,-0.179062193316419
0.944,0,-0.000164945056851824,-0.14279245772731
0.946,0,-0.000151968983312894,-0.102404426245156
0.948,0,-0.000138439807281711,-0.0590133781037547
0.95,0,-0.000124681894623584,-0.0137881533846968
0.952,0,-0.000110988385833213,0.0323032531645136
0.954,0,-9.76328854589205e-05,0.0781806505547621
0.956,0,-8.48714276441528e-05,0.1228860492643
0.958,0,-7.29966729848278e-05,0.165316843418027
0.96,0,-6.22123517649761e-05,0.204593292151099
0.962,0,-5.28179238489798e-05,0.239540784912062
0.964,0,-4.49090857769412e-05,0.269642396528352
0.966,0,-3.8778723028584e-05,0.293730089365464
0.968,0,-3.45154909064487e-05,0.311311715777784
0.97,0,-3.21932100861868e-05,0.321953481707863
0.972,0,-3.17727099664569e-05,0.325639863924335
0.974,0,-3.33260521094124e-05,0.321930734923487
0.976,0,-3.66808572783633e-05,0.311289682609755
0.978,0,-4.16888564070011e-05,0.294089321153818
0.98,0,-4.81389397042212e-05,0.270947016244105
0.982,0,-5.58572533463382e-05,0.242289639908158
0.984,0,-6.45227620829053e-05,0.209158431351398
0.986,0,-7.38363456119681e-05,0.172543117048358
0.988,0,-8.35025507808888e-05,0.133419626928375
0.99,0,-9.32075189374934e-05,0.0929047726185785
0.992,0,-0.000102645300669393,0.0520743681833278
0.994,0,-0.000111543483692615,0.0119877373730006
0.996,0,-0.000119642430818026,-0.0263528928960267
0.998,0,-0.000126712053710858,-0.0620213361555081
1,0,-0.000132476409908098,-0.0939539767552101
1.002,0,-0.000136737565196884,-0.121295825746326
1.004,0,-0.000139318067419466,-0.143261503848619
1.006,0,-0.000140161267200686,-0.15946692441938
1.008,0,-0.000139151476236759,-0.169332350675381
1.01,0,-0.000136318664525898,-0.172774423619434
1.012,0,-0.000131655478273683,-0.169580553705464
1.014,0,-0.000125300541646824,-0.160074340042287
1.016,0,-0.000117377814727433,-0.144536752921743
1.018,0,-0.00010803679515089,-0.123346077914139
1.02,0,-9.74774418837522e-05,-0.0970700339689377
1.022,0,-8.59599546830056e-05,-0.0665172083994467
1.024,0,-7.38049879800039e-05,-0.0327867151411171
1.026,0,-6.13117758656404e-05,0.00313687517790852
1.028,0,-4.88302415332768e-05,0.0400169127256832
1.03,0,-3.67063202248434e-05,0.0765950284615383
1.032,0,-2.52613552865732e-05,0.111680106422363
1.034,0,-1.47914964648001e-05,0.144146231530081
1.036,0,-5.63136988845363e-06,0.172745812096432
1.038,0,2.0062113656643e-06,0.196592018456317
1.04,0,7.954498806959e-06,0.214964005407179
1.042,0,1.20127483610721e-05,0.227008587205886
1.044,0,1.42362436135121e-05,0.232720417951293
1.046,0,1.46254646321495e-05,0.231929042791632
1.048,0,1.30735220102996e-05,0.224040119769217
1.05,0,9.83863709362969e-06,0.209790122779906
1.052,0,5.0346546058961e-06,0.189412629172796
1.054,0,-1.25729464810081e-06,0.162978455575043
1.056,0,-8.76626579913521e-06,0.131340466089154
1.058,0,-1.72633223204395e-05,0.0952045800402333
1.06,0,-2.64839190883136e-05,0.0554080285310694
1.062,0,-3.60859989754258e-05,0.0131672156482477
1.064,0,-4.57469422975669e-05,-0.030346142667702
1.066,0,-5.51275567725782e-05,-0.0739189264423791
1.068,0,-6.38845137468705e-05,-0.116249051298046
1.07,0,-7.16895552247295e-05,-0.156082434224338
1.072,0,-7.82273914630717e-05,-0.192185029929535
1.074,0,-8.32333496600003e-05,-0.223496891010137
1.076,0,-8.64769578577825e-05,-0.249068582276731
1.078,0,-8.77604701460062e-05,-0.268040670492789
1.08,0,-8.70969608501994e-05,-0.28027350720032
1.082,0,-8.4380691118891e-05,-0.285215081143787
1.084,0,-7.96785025423052e-05,-0.282907466320543
1.086,0,-7.3145515882443e-05,-0.273717347422206
1.088,0,-6.48692902498216e-05,-0.257748697342096
1.09,0,-5.50530274445806e-05,-0.235526022595164
1.092,0,-4.39598853995435e-05,-0.207822762809791
1.094,0,-3.18692587954132e-05,-0.175538427114087
1.096,0,-1.89709081888505e-05,-0.139103922353832
1.098,0,-5.65356029430502e-06,-0.0999768661481091
1.1,0,7.81625568231965e-06,-0.0589710712182862
1.102,0,2.11181013983129e-05,-0.0172626979555713
1.104,0,3.396928878249e-05,0.0240526470760563
1.106,0,4.60778239005924e-05,0.0638865595849495
1.108,0,5.71215612207708e-05,0.101013018218311
1.11,0,6.69031494906503e-05,0.134533734531229
1.112,0,7.51974723720694e-05,0.163527803839568
1.114,0,8.17162040598426e-05,0.186850955453983
1.116,0,8.63348293148348e-05,0.203866236506773
1.118,0,8.90497716939551e-05,0.214373072248777
1.12,0,8.98376492997716e-05,0.21812493552635
1.122,0,8.86093108806452e-05,0.214621872167972
1.124,0,8.55796115104329e-05,0.204454442800538
1.126,0,8.08734443249076e-05,0.187891377906972
1.128,0,7.47064161020291e-05,0.165539772285321
1.13,0,6.72740906111281e-05,0.137908402182779
1.132,0,5.88694228300999e-05,0.10589631320585
1.134,0,4.97905408801413e-05,0.0704464524219456
1.136,0,4.03456286180906e-05,0.0326170318290678
1.138,0,3.08288997813788e-05,-0.00665835004710876
1.14,0,2.15314853778467e-05,-0.0462554513104526
1.142,0,1.27112386273457e-05,-0.0852266399125728
1.144,0,4.6446882572268e-06,-0.122541530584614
1.146,0,-2.44494775048858e-06,-0.157279309186678
1.148,0,-8.29783531699946e-06,-0.188412664667478
1.15,0,-1.27299085123182e-05,-0.215129930478797
1.152,0,-1.55119937852203e-05,-0.236473507722179
1.154,0,-1.65739197816648e-05,-0.252011753557165
1.156,0,-1.57801644534871e-05,-0.26109643374714
1.158,0,-1.30770980939393e-05,-0.263353132272479
1.16,0,-8.5621195434254e-06,-0.258962602700044
1.162,0,-2.21852882965112e-06,-0.247690491281228
1.164,0,5.81052199153514e-06,-0.229889453042909
1.166,0,1.53151875019404e-05,-0.206182059699999
1.168,0,2.61657953661691e-05,-0.176850582528948
1.17,0,3.80759898265885e-05,-0.142800674288167
1.172,0,5.075417975382e-05,-0.104958033508564
1.174,0,6.38742604969454e-05,-0.0644779785412712
1.176,0,7.71461754804759e-05,-0.0222850142728291
1.178,0,9.02253540737858e-05,0.0203799599039338
1.18,0,0.000102820750860768,0.0624025127265838
1.182,0,0.000114642358142627,0.102702995792859
1.184,0,0.000125420761127273,0.140231378724993
1.186,0,0.000134847206464217,0.173807780691011
1.188,0,0.00014285377796887,0.20297990028306
1.19,0,0.000149130857684798,0.226555924194462
1.192,0,0.000153579333446759,0.243979060332794
1.194,0,0.000156181362044569,0.254969768405706
1.196,0,0.000156980808247338,0.259482760099258
1.198,0,0.00015589648276826,0.25700033968549
1.2,0,0.000153135864560811,0.248070844993406
1.202,0,0.00014879377021105,0.23283323620543
1.204,0,0.000143039721342716,0.211718400141266
1.206,0,0.000136059838513718,0.185218632942085
1.208,0,0.000128108944583523,0.154131810918816
1.21,0,0.000119453378695114,0.11926178692918
1.212,0,0.000110456072770186,0.0819639798671418
1.214,0,0.00010142158377011,0.0432575302680187
1.216,0,9.27059608925048e-05,0.00442981880274629
1.218,0,8.46369277599592e-05,-0.0332614994638452
1.22,0,7.75118125267514e-05,-0.0686662036158778
1.222,0,7.16922403962415e-05,-0.100443768955934
1.224,0,6.74308931269051e-05,-0.127563903824099
1.226,0,6.48418658198278e-05,-0.149456155038464
1.228,0,6.42116024751622e-05,-0.164997618456621
1.23,0,6.55520335366e-05,-0.173935229425851
1.232,0,6.87967095387085e-05,-0.17630726176927
1.234,0,7.40087396632536e-05,-0.171690967274837
1.236,0,8.09977564680892e-05,-0.160552423929998
1.238,0,8.95983141202275e-05,-0.14329601897246
1.24,0,9.97113675807113e-05,-0.120055038083582
1.242,0,0.000111105662717843,-0.0914725491451433
1.244,0,0.000123473408126756,-0.0585733168103904
1.246,0,0.00013663684673167,-0.0217923589585533
1.248,0,0.000150229915753128,0.017544831841826
1.25,0,0.000163958746850393,0.058420629519936
1.252,0,0.000177488495602557,0.0996594744336085
1.254,0,0.000190513757696526,0.140054647042622
1.256,0,0.000202714134533283,0.178409089608992
1.258,0,0.000213735799094942,0.213374846811159
1.26,0,0.000223367041630266,0.244036333174524
1.262,0,0.000231361034911433,0.269398395941256
1.264,0,0.000237473962772585,0.288453440152148
1.266,0,0.000241591933772078,0.300617038480909
1.268,0,0.000243730344812066,0.305768961867091
1.27,0,0.000243811079222367,0.30344680564038
1.272,0,0.000241909153684898,0.293715403998875
1.274,0,0.00023824172718697,0.277177969158496
1.276,0,0.000232956423408565,0.254172598575175
1.278,0,0.000226271338808534,0.225295836496822
1.28,0,0.000218461078951278,0.191399580512008
1.282,0,0.000209748801073825,0.153091713868521
1.284,0,0.000200489402717085,0.111581380830685
1.286,0,0.000190987203808118,0.0679247408042347
1.288,0,0.000181554862415071,0.023186548183975
1.29,0,0.000172480208643176,-0.0215041609813795
1.292,0,0.000164032805963938,-0.0651277232190956
1.294,0,0.000156472541637884,-0.106651013815263
1.296,0,0.000150082919685538,-0.144957124164974
1.298,0,0.000145027399471735,-0.179269821381902
1.3,0,0.00014161873346395,-0.208367901062737
1.302,0,0.000139908489741147,-0.231849963649798
1.304,0,0.000140143511250778,-0.248676036801871
1.306,0,0.000142285377462797,-0.258785640181646
1.308,0,0.000146411088799782,-0.261721026941586
1.31,0,0.000152399248692977,-0.25774779881921
1.312,0,0.000160221598598251,-0.246781125740185
1.314,0,0.000169653608098363,-0.229474259331652
1.316,0,0.000180535178687132,-0.206218873156151
1.318,0,0.00019259577513822,-0.177835290881606
1.32,0,0.000205572668915233,-0.145076069253083
1.322,0,0.000219094432300773,-0.109298698590548
1.324,0,0.000232910676576546,-0.0711844378120265
1.326,0,0.000246681686942415,-0.0319835729341426
1.328,0,0.000260117906664446,0.00725154074246869
1.33,0,0.000272939504926875,0.0454945597132893
1.332,0,0.000284880189956198,0.0817174169853804
1.334,0,0.000295715828620531,0.115000770440523
1.336,0,0.000305172262122936,0.144266315735129
1.338,0,0.00031314467314727,0.168953257006152
1.34,0,0.000319404867954838,0.188113004318005
1.342,0,0.000323819334435634,0.201080619652898
1.344,0,0.000326426581403893,0.207776894892066
1.346,0,0.00032724814068732,0.20810018323146
1.348,0,0.000326211072138189,0.201585691753518
1.35,0,0.000323479260993191,0.188634820035051
1.352,0,0.000319207941747997,0.169632286595018
1.354,0,0.000313595724489458,0.145144684916118
1.356,0,0.000306802461149909,0.115555310225732
1.358,0,0.000299131678395462,0.0818486913522476
1.36,0,0.000290882280223973,0.0450358897263279
1.362,0,0.000282355279412901,0.00610964686534413
1.364,0,0.000273882333048368,-0.033711982727327
1.366,0,0.000265797131079687,-0.0732382469544857
1.368,0,0.000258389268761335,-0.111331690018239
1.37,0,0.000251942278538908,-0.146898774652517
1.372,0,0.000246795555841909,-0.178667835239095
1.374,0,0.000243068270469688,-0.206031059116324
1.376,0,0.000241063726256193,-0.227825060711616
1.378,0,0.00024092962098757,-0.243343608228218
1.38,0,0.000242597347193889,-0.252626034221875
1.382,0,0.000246175488802203,-0.255102919057986
1.384,0,0.000251603489333254,-0.250774345485226
1.386,0,0.000258757932466102,-0.239879507881224
1.388,0,0.000267486265453803,-0.222783035694948
1.39,0,0.000277711870177367,-0.199528491774592
1.392,0,0.000289168569315508,-0.170932247633756
1.394,0,0.00030160681400876,-0.13781053858702
1.396,0,0.000314835830728901,-0.100646227952623
1.398,0,0.000328488542294707,-0.0608096993780971
1.4,0,0.00034227139708605,-0.0192608134053385
1.402,0,0.000355829376350683,0.0226880295335596
1.404,0,0.000368840071873217,0.0637911717576417
1.406,0,0.000380982511951709,0.10284103638885
1.408,0,0.000391868094259726,0.138398095793748
1.41,0,0.000401347794267042,0.169735006019896
1.412,0,0.000409101453064933,0.195638444929707
1.414,0,0.000414925528102451,0.215223008567217
1.416,0,0.000418801603520963,0.228223242911332
1.418,0,0.000420632153171917,0.234105411745049
1.42,0,0.000420556802089649,0.233161144681389
1.422,0,0.000418568354815308,0.225146881263977
1.424,0,0.000414865415518043,0.210568566730824
1.426,0,0.000409580525304018,0.189674214234245
1.428,0,0.000403035921736782,0.163488451558846
1.43,0,0.000395385160568626,0.132361858433364
1.432,0,0.000386896226248743,0.0970950086335784
1.434,0,0.000377919840225662,0.058920510558192
1.436,0,0.000368745878146631,0.018852285300104
1.438,0,0.000359691897118282,-0.0220529416717715
1.44,0,0.000351065427831422,-0.0625772385668409
1.442,0,0.000343150667843162,-0.10162636584317
1.444,0,0.00033624816160313,-0.138036872713496
1.446,0,0.000330584596004259,-0.17084396627598
1.448,0,0.000326456295927275,-0.198890279525368
1.45,0,0.00032405629054365,-0.221325094844694
1.452,0,0.000323569470162639,-0.237318146420872
1.454,0,0.000325026052033536,-0.246583693539459
1.456,0,0.000328519801360224,-0.2486163175559
1.458,0,0.00033397777812061,-0.243500731056031
1.46,0,0.000341297673135067,-0.231436534121497
1.462,0,0.000350326464475919,-0.212802887023262
1.464,0,0.000360875032584625,-0.188104721571316
1.466,0,0.000372689359053295,-0.158095177908947
1.468,0,0.000385515538696259,-0.123522660551156
1.47,0,0.000399025193857058,-0.0854667230549747
1.472,0,0.00041291793849767,-0.0448934168675597
1.474,0,0.000426871688074794,-0.00292047706727062
1.476,0,0.000440580413676293,0.0393582867252503
1.478,0,0.000453788920402687,0.0809457513411112
1.48,0,0.000466202467270567,0.120770154859702
1.482,0,0.000477613125474861,0.157936519875725
1.484,0,0.00048771529153181,0.191272946606469
1.486,0,0.000496423621737362,0.220263937624667
1.488,0,0.000503408767223658,0.243636689548019
1.49,0,0.000508572898094726,0.260838562078653
1.492,0,0.000511869280665745,0.27151184492575
1.494,0,0.000513229467283494,0.27523356217373
1.496,0,0.000512714171757189,0.272041311559614
1.498,0,0.000510384583444472,0.26198301875388
1.5,0,0.000506352147895809,0.245285399263554
1.502,0,0.000500767881525618,0.22231213954585
1.504,0,0.000493892983101573,0.193866238488966
1.506,0,0.000485966418320036,0.160650913010717
1.508,0,0.000477289361963998,0.123647710200484
1.51,0,0.000468172109804372,0.0839186811858123
1.512,0,0.00045892299938249,0.0425234172519615
1.514,0,0.000449868614724863,0.000617304590451839
1.516,0,0.000441298595171822,-0.040679084212643
1.518,0,0.000433482911586244,-0.0803211166505678
1.52,0,0.000426679053054637,-0.11729693326198
1.522,0,0.000421183583350924,-0.150469784747236
1.524,0,0.000417183623857684,-0.179009599828108
1.526,0,0.000414846048383926,-0.202166567399627
1.528,0,0.000414292971938755,-0.219337843843791
1.53,0,0.000415595886076076,-0.230078545070092
1.532,0,0.000418780017096811,-0.234097376415109
1.534,0,0.00042372745957269,-0.231624661924681
1.536,0,0.000430387217956926,-0.222657855331879
1.538,0,0.000438693850097706,-0.207228248939771
1.54,0,0.000448424972879465,-0.18598940797648
1.542,0,0.000459410721412183,-0.159386119966015
1.544,0,0.00047140708568227,-0.128177668005015
1.546,0,0.000484127587933447,-0.0933170348835769
1.548,0,0.000497282218775761,-0.0557453449619667
1.55,0,0.000510523118689087,-0.0167564834833892
1.552,0,0.000523500038984724,0.0224552743412703
1.554,0,0.000535906263703157,0.0606648963037983
1.556,0,0.000547417311012282,0.0966757611646417
1.558,0,0.000557730600617549,0.129325007086757
1.56,0,0.00056659666564173,0.157608184197623
1.562,0,0.000573750199313962,0.180478397620691
1.564,0,0.000578992101071101,0.197077876243783
1.566,0,0.000582363490656942,0.207341082681701
1.568,0,0.000583808939707228,0.210896817907632
1.57,0,0.000583353961888053,0.207640871368007
1.572,0,0.000581055361084105,0.197562227109444
1.574,0,0.000577108189523543,0.181171100991128
1.576,0,0.000571637655198434,0.158719252912026
1.578,0,0.000564895511922435,0.130971078710441
1.58,0,0.000557043444915338,0.0983292350918211
1.582,0,0.000548359837741472,0.0616775795598981
1.584,0,0.000539187246159798,0.0222347237072711
1.586,0,0.000529817140747365,-0.0189817174499843
1.588,0,0.00052058163514682,-0.0608029984149629
1.59,0,0.000511807933526466,-0.101966653763667
1.592,0,0.000503779930768747,-0.141357113127911
1.594,0,0.000496871728409832,-0.177588245104351
1.596,0,0.000491303804377034,-0.209712730768713
1.598,0,0.000487368366642208,-0.236583134738287
1.6,0,0.000485293144522118,-0.257245415728584
1.602,0,0.000485147909681256,-0.271273109699586
1.604,0,0.000486983947484238,-0.278321591416093
1.606,0,0.00049085308327437,-0.278035422006924
1.608,0,0.000496665794477082,-0.270552099823042
1.61,0,0.000504312620118988,-0.256077984482456
1.612,0,0.000513577665005652,-0.235219628192687
1.614,0,0.000524288698093476,-0.208387274961454
1.616,0,0.000536104149555952,-0.176726977475658
1.618,0,0.000548850782670569,-0.140650963827896
1.62,0,0.000562180569799696,-0.101339475407843
1.622,0,0.000575788449800628,-0.0598201885748442
1.624,0,0.000589368725763364,-0.0172004739561766
1.626,0,0.000602619778994575,0.0254309267290837
1.628,0,0.000615251611081491,0.0669752676500823
1.63,0,0.000627028764933436,0.106453762720739
1.632,0,0.000637630002701461,0.142653850544742
1.634,0,0.000646826792601421,0.174597851563015
1.636,0,0.000654503349310241,0.201703612994858
1.638,0,0.000660333216913357,0.222694514615028
1.64,0,0.0006642299908913,0.237067229906983
1.642,0,0.000666216528353006,0.244726514743291
1.644,0,0.000666186119856624,0.245120115844393
1.646,0,0.000664292319621111,0.238627282231366
1.648,0,0.000660618935317341,0.225381249699475
1.65,0,0.000655365855666154,0.205949468524874
1.652,0,0.000648655033925516,0.180567444830158
1.654,0,0.00064081777377014,0.150318147879812
1.656,0,0.000632102624032609,0.115939228753727
1.658,0,0.00062282486752507,0.0784867541267421
1.66,0,0.00061329610360186,0.0390220331380302
1.662,0,0.00060382641009997,-0.00135823021571103
1.664,0,0.000594710523673824,-0.0415652039331436
1.666,0,0.000586212658035325,-0.0805804660490098
1.668,0,0.000578586210218264,-0.117415255708883
1.67,0,0.000572122020207604,-0.150956780630344
1.672,0,0.000566943687299747,-0.180585991674873
1.674,0,0.000563373941847471,-0.205071338152998
1.676,0,0.000561463743368681,-0.224039804457111
1.678,0,0.000561406241418597,-0.236652218109476
1.68,0,0.000563178995650261,-0.242803467158903
1.682,0,0.000566807033393806,-0.242232469198239
1.684,0,0.000572270478938203,-0.234837258902437
1.686,0,0.000579426550850673,-0.220976701520611
1.688,0,0.000588140263147453,-0.200987539361086
1.69,0,0.000598229952958409,-0.175390805081957
1.692,0,0.000609523073560885,-0.144645805442093
1.694,0,0.000621711899139278,-0.109772174863569
1.696,0,0.000634504130199421,-0.0717434807725559
1.698,0,0.000647589615664777,-0.0316223013536318
1.7,0,0.000660637045195928,0.00940035285048678
1.702,0,0.000673324614120322,0.0501556655861061
1.704,0,0.000685343806450548,0.0894899144209795
1.706,0,0.00069642539601747,0.126348321560322
1.708,0,0.000706221542408701,0.15944219677228
1.71,0,0.000714653553926774,0.188295748642436
1.712,0,0.000721398935290366,0.211697593972954
1.714,0,0.000726352082234218,0.229098463619385
1.716,0,0.000729443217823277,0.240068917024876
1.718,0,0.000730676455900709,0.244440343920128
1.72,0,0.000730001113035017,0.241831453681879
1.722,0,0.000727620344140936,0.232792078074655
1.724,0,0.000723609432872892,0.217410170433625
1.726,0,0.000718094191426235,0.195951588043013
1.728,0,0.000711350125801981,0.169307146729401
1.73,0,0.000703495013373581,0.137705142442041
1.732,0,0.000694841822745433,0.102181621123741
1.734,0,0.000685732194472236,0.0639902843232736
1.736,0,0.00067645295313501,0.0240874230694453
1.738,0,0.000667344486774171,-0.0162799979026362
1.74,0,0.000658744521406096,-0.0558480274788943
1.742,0,0.000650947263987111,-0.093464316134088
1.744,0,0.000644320063099183,-0.127772496310576
1.746,0,0.000639131371791649,-0.157686194382311
1.748,0,0.000635518310673389,-0.182576835073835
1.75,0,0.000633813309565935,-0.20117626762101
1.752,0,0.000634072517829921,-0.213105004490476
1.754,0,0.000636252219886825,-0.218348706746428
1.756,0,0.000640442109076867,-0.216419983106809
1.758,0,0.000646444013055605,-0.207851311986885
1.76,0,0.000654211303437009,-0.192623267682344
1.762,0,0.000663529014850014,-0.171332300000352
1.764,0,0.000674219997661847,-0.144434192003182
1.766,0,0.000685986420848966,-0.112906935225358
1.768,0,0.000698646287370314,-0.077229185987491
1.77,0,0.000711842654950013,-0.0386780111242326
1.772,0,0.000725306090177406,0.00185103336601878
1.774,0,0.000738709779721431,0.043182678084581
1.776,0,0.000751734490444252,0.0841199688361846
1.778,0,0.000764087439260609,0.123530642827713
1.78,0,0.000775476043221641,0.160280297621589
1.782,0,0.000785620336113575,0.193263733973097
1.784,0,0.000794228877943854,0.221341143294189
1.786,0,0.00080103916755384,0.243450682209033
1.788,0,0.000805946813276319,0.259052450559362
1.79,0,0.000808918397751658,0.26787653412368
1.792,0,0.000809876498670403,0.269497788178809
1.794,0,0.000808860365009041,0.263898768752828
1.796,0,0.000805970888934728,0.251276960934962
1.798,0,0.000801403381923872,0.232191663177306
1.8,0,0.000795251153402431,0.206783275559244
1.802,0,0.000787842855587307,0.176127182131816
1.804,0,0.000779379597372761,0.140785977150651
1.806,0,0.000770190377524793,0.101853918011565
1.808,0,0.000760594591842642,0.060435654893913
1.81,0,0.000750892828956162,0.0175932611898826
1.812,0,0.000741392108224879,-0.0255837732278158
1.814,0,0.000732370074783231,-0.0680240296725098
1.816,0,0.000724112517119517,-0.108647055664297
1.818,0,0.000716853775963407,-0.14649341856281
1.82,0,0.000710859253483272,-0.180509933124172
1.822,0,0.000706328416929246,-0.209851886389181
1.824,0,0.000703466569228367,-0.233648617791057
1.826,0,0.000702448083342422,-0.25112569355056
1.828,0,0.000703269207511643,-0.262131885003545
1.83,0,0.000706039525706274,-0.266125833479533
1.832,0,0.000710713833651756,-0.263115995907536
1.834,0,0.000717240821050345,-0.253137203839578
1.836,0,0.000725466688677439,-0.236604235133503
1.838,0,0.000735206163982496,-0.214056956367133
1.84,0,0.000746276842768602,-0.186004966845886
1.842,0,0.000758417341558651,-0.153257013095159
1.844,0,0.000771295826016937,-0.116936144738335
1.846,0,0.000784617247066896,-0.0780493492249343
1.848,0,0.000798066782515824,-0.0376748665222137
1.85,0,0.000811324968155561,0.00303916887365406
1.852,0,0.000824093518221052,0.042991139559543
1.854,0,0.000836099767069144,0.0811326760049081
1.856,0,0.000847103585277756,0.116513510401415
1.858,0,0.00085678309755236,0.147928806040735
1.86,0,0.000865073715587103,0.17496107052348
1.862,0,0.000871667313543915,0.196436770169043
1.864,0,0.000876497206854849,0.211947235369767
1.866,0,0.000879477645711408,0.221023642897594
1.868,0,0.000880580970747717,0.22340052590449
1.87,0,0.000879886078315429,0.219196830516838
1.872,0,0.000877463960841864,0.208511221516677
1.874,0,0.00087343669392133,0.191632903425546
1.876,0,0.000867924516139494,0.1688332278317
1.878,0,0.000861218160903614,0.141078068865537
1.88,0,0.000853467906764453,0.108751036049354
1.882,0,0.000844992582840889,0.0729447242464761
1.884,0,0.000836092539756477,0.0346833175516155
1.886,0,0.000827095315163898,-0.00483532321367355
1.888,0,0.000818334230464673,-0.0444299548798389
1.89,0,0.000810116462840754,-0.0829170571522931
1.892,0,0.000802742636534609,-0.11915435215808
1.894,0,0.000796526285792856,-0.151955419644662
1.896,0,0.000791673109663981,-0.180468882117389
1.898,0,0.000788483307610151,-0.203553523173405
1.9,0,0.000787135233993387,-0.220437661074836
1.902,0,0.000787582519611442,-0.231125689376276
1.904,0,0.000789998306927892,-0.234862743682039
1.906,0,0.00079429477320201,-0.231790066377689
1.908,0,0.000800346828898995,-0.222196405295706
1.91,0,0.000808064321694263,-0.206244633952646
1.912,0,0.00081731089779907,-0.184262968314481
1.914,0,0.000827837146525977,-0.157042184765347
1.916,0,0.000839509131523711,-0.124908104393072
1.918,0,0.000852050057614928,-0.0887749724695579
1.92,0,0.000865137444086847,-0.0497835785569379
1.922,0,0.000878478187363282,-0.00896709633775955
1.924,0,0.000891738387978092,0.0324957807112002
1.926,0,0.000904590468316517,0.0733423064003877
1.928,0,0.00091674096470176,0.112452197471649
1.93,0,0.000927818036960924,0.148460101819054
1.932,0,0.000937527659877781,0.180211553165191
1.934,0,0.000945671147067066,0.206879399461466
1.936,0,0.000951950537809667,0.227310396387479
1.938,0,0.000956349568081972,0.241288289648267
1.94,0,0.000958757633922875,0.248288509241786
1.942,0,0.000959200610879032,0.24825290839606
1.944,0,0.000957636334307469,0.240861629821174
1.946,0,0.000954320822393666,0.226887097698726
1.948,0,0.000949367084253302,0.206580818939053
1.95,0,0.00094293267222556,0.180334621338834
1.952,0,0.000935341998701175,0.14923925215435
1.954,0,0.000926793137574951,0.11388042988965
1.956,0,0.000917578665579237,0.0752046071704983
1.958,0,0.000908032150193319,0.0344114640589918
1.96,0,0.000898459819215945,-0.0074166069168408
1.962,0,0.000889173551923841,-0.0491288913591042
1.964,0,0.000880457743383816,-0.0896356126718083
1.966,0,0.000872566605268928,-0.127933260571327
1.968,0,0.00086586030492622,-0.162685690947447
1.97,0,0.00086047059581592,-0.193260968693403
1.972,0,0.000856718550277275,-0.218438284448782
1.974,0,0.000854803042293892,-0.237368964608829
1.976,0,0.000854711141599336,-0.249953270101877
1.978,0,0.0008566023410478,-0.255502108866666
1.98,0,0.000860498237861717,-0.253800036496287
1.982,0,0.000866299639816041,-0.245072628720312
1.984,0,0.00087388602586448,-0.229625042528464
1.986,0,0.000883082313731474,-0.207962920301465
1.988,0,0.000893722859854174,-0.180532001569847
1.99,0,0.000905490780007829,-0.148392271882737
1.992,0,0.000918157264839808,-0.112215819016001
1.994,0,0.000931360046149673,-0.0732968774962119
1.996,0,0.00094481677701725,-0.0325584966943029
1.998,0,0.000958206057822693,0.00885287711278202
2,0,0.000971246991808528,0.0498678334958117
2.002,0,0.000983654806147779,0.0894469164844389
2.004,0,0.000995187036261214,0.126628524265223
2.006,0,0.00100553141963458,0.160238562797188
2.008,0,0.00101461446142469,0.189843469438476
2.01,0,0.00102206564174863,0.214073411785448
2.012,0,0.00102781789808361,0.232532608943313
2.014,0,0.00103168660780992,0.244432563069992
2.016,0,0.00103373628933487,0.249863692093999
2.018,0,0.00103385391202081,0.248288065313149
2.02,0,0.00103213522839653,0.239914438810095
2.022,0,0.00102868484115691,0.22499134252754
2.024,0,0.00102368012701904,0.204046512278367
2.026,0,0.00101723093552253,0.177331607511758
2.028,0,0.00100959786475334,0.145679237478795
2.03,0,0.0010010917263992,0.11015738153849
2.032,0,0.000991964543751733,0.0715835146396766
2.034,0,0.00098254200686904,0.0311259856901688
2.036,0,0.000973142823056007,-0.010099887136008
2.038,0,0.00096406296755011,-0.0509462222889797
2.04,0,0.000955590728273071,-0.0903445361718695
2.042,0,0.00094803501216218,-0.12713914218271
2.044,0,0.000941688883544641,-0.160200034023868
2.046,0,0.000936684431893295,-0.188926369009119
2.048,0,0.000933333020504838,-0.212141746681326
2.05,0,0.000931726963658812,-0.229382677733117
2.052,0,0.000931973941453666,-0.24013552381865
2.054,0,0.000934035898633995,-0.244398458844485
2.056,0,0.000938001692525489,-0.241702528603525
2.058,0,0.000943671101703292,-0.232637738530631
2.06,0,0.000950985954824716,-0.217277380722909
2.062,0,0.000959883607303906,-0.195688817659752
2.064,0,0.000970013643635633,-0.169092330011818
2.066,0,0.000981310518144299,-0.137568549644205
2.068,0,0.000993443276435008,-0.102283226142867
2.07,0,0.00100614226755064,-0.0641369390304415
2.072,0,0.00101906754191383,-0.0243638065658453
2.074,0,0.00103188504467415,0.0158318431294204
2.076,0,0.00104425873459557,0.0552012040626487
2.078,0,0.00105588438589668,0.0925900584470109
2.08,0,0.00106637364375849,0.126587964944146
2.082,0,0.00107550271554068,0.156279011951449
2.084,0,0.00108309317245313,0.180940809534737
2.086,0,0.00108879111499181,0.199247638646602
2.088,0,0.00109260388314343,0.211075676734493
2.09,0,0.00109451726556339,0.216252376697231
2.092,0,0.00109446314097928,0.21440282102351
2.094,0,0.00109246262444244,0.20544984076402
2.096,0,0.00108878559569581,0.190239724883272
2.098,0,0.00108347408446807,0.168778856959416
2.1,0,0.00107676260092823,0.141799746987754
2.102,0,0.00106884515939476,0.109893436862375
2.104,0,0.00105997598612112,0.0738943830430543
2.106,0,0.00105047066704222,0.0348964426677006
2.108,0,0.00104063934078444,-0.00599646605851637
2.11,0,0.00103079764605633,-0.047643910021495
2.112,0,0.00102128165265754,-0.0888146219183427
2.114,0,0.00101237596007659,-0.128402174522359
2.116,0,0.00100441830959358,-0.165150912704811
2.118,0,0.000997718498929486,-0.19787026402385
2.12,0,0.000992474626123832,-0.225750874017543
2.122,0,0.000988954068343457,-0.24775890165336
2.124,0,0.000987359876327045,-0.263061293765806
2.126,0,0.00098770174267105,-0.271509535846935
2.128,0,0.000990041553621152,-0.272775793126822
2.13,0,0.00099444298812333,-0.266506051728502
2.132,0,0.00100066767092479,-0.253449830382997
2.134,0,0.00100860084886883,-0.2339052602839
2.136,0,0.00101814260375431,-0.208080619611255
2.138,0,0.00102892143963746,-0.177259085390246
2.14,0,0.00104078997382858,-0.141827341496917
2.142,0,0.00105340828540884,-0.102941132091258
2.144,0,0.0010664512219724,-0.0617695886698987
2.146,0,0.00107963608257883,-0.0192743049658205
2.148,0,0.0010926449371326,0.023389465332094
2.15,0,0.00110521662305079,0.0651974204316086
2.152,0,0.00111706532441069,0.105091155265746
2.154,0,0.00112787018121236,0.141863134153243
2.156,0,0.00113746849415929,0.174793472293773
2.158,0,0.00114562120914916,0.202958231384704
2.16,0,0.00115202012559192,0.225172791604395
2.162,0,0.00115665376623523,0.241264642875965
2.164,0,0.00115931405552886,0.25039134601736
2.166,0,0.00115999864426875,0.252426602829585
2.168,0,0.00115879608974203,0.2475776489506
2.17,0,0.00115575177763659,0.235897552419078
2.172,0,0.00115100002594438,0.217758765358935
2.174,0,0.00114471259672053,0.193671174755221
2.176,0,0.00113711522593476,0.164347709862901
2.178,0,0.00112845566191853,0.130583888076171
2.18,0,0.00111904283226861,0.0934431569068922
2.182,0,0.00110916650412604,0.0539223483470869
2.184,0,0.00109914167816041,0.0131415821103678
2.186,0,0.00108927393616137,-0.0277748851620135
2.188,0,0.00107984932122037,-0.0677619286507356
2.19,0,0.00107113215259198,-0.105806409709512
2.192,0,0.00106337293528482,-0.140944719303533
2.194,0,0.00105685478574857,-0.172103360164226
2.196,0,0.00105182334351684,-0.198318374702292
2.198,0,0.00104836995124134,-0.219151287589421
2.2,0,0.0010466831751352,-0.233839747116223
2.202,0,0.00104685529969608,-0.241940247491774
2.204,0,0.00104886855180603,-0.243402068583135
2.206,0,0.00105272005842711,-0.238123604737593
2.208,0,0.001058312750056,-0.226350123335141
2.21,0,0.00106553714560775,-0.208376177283106
2.212,0,0.00107425285444479,-0.184613828715996
2.214,0,0.00108428744499701,-0.155590776042117
2.216,0,0.00109539089643497,-0.122135073643956
2.218,0,0.00110724837483246,-0.0853605708820481
2.22,0,0.00111959862937784,-0.0461387928589599
2.222,0,0.00113208569333478,-0.00576205605138436
2.224,0,0.00114438618337556,0.0345755626794903
2.226,0,0.00115618777332053,0.0737269910550855
2.228,0,0.00116718448296528,0.11054707566065
2.23,0,0.00117711629594791,0.14403986437078
2.232,0,0.00118561712857272,0.172857155347614
2.234,0,0.00119259005169149,0.196542745808102
2.236,0,0.00119775380475886,0.214022378090857
2.238,0,0.00120114106253156,0.225291857360071
2.24,0,0.00120263071376897,0.229819045586028
2.242,0,0.00120223862117348,0.227543951354532
2.244,0,0.0012000416547507,0.218626500859
2.246,0,0.00119613646944642,0.203303860865461
2.248,0,0.00119058931739794,0.181687699507704
2.25,0,0.00118372856802468,0.154906618463342
2.252,0,0.00117569740364757,0.123395413886191
2.254,0,0.00116669124259623,0.0877540776049629
2.256,0,0.0011571060769661,0.049448156426676
2.258,0,0.00114720047139507,0.00935117223742282
2.26,0,0.0011373266008589,-0.0312481235879142
2.262,0,0.00112781210170982,-0.0711214009748947
2.264,0,0.00111895678184434,-0.109144868253686
2.266,0,0.00111114618856063,-0.143912895093023
2.268,0,0.0011046145467692,-0.174500205493977
2.27,0,0.00109965693630539,-0.199798658386465
2.272,0,0.00109647856703541,-0.218997103979458
2.274,0,0.00109520872665826,-0.231543513183164
2.276,0,0.00109587636175662,-0.23724269715786
2.278,0,0.00109854683938441,-0.235764317102754
2.28,0,0.00110316302842223,-0.227204310398175
2.282,0,0.0011095401148718,-0.21212984165541
2.284,0,0.00111759317389814,-0.190732827332914
2.286,0,0.00112710891789355,-0.163682208697499
2.288,0,0.0011378108160042,-0.131917022910189
2.29,0,0.00114954288431584,-0.0958910590015692
2.292,0,0.0011619391401471,-0.0569206683274752
2.294,0,0.00117474166796054,-0.015887639605284
2.296,0,0.00118762382901134,0.0260207670190484
2.298,0,0.00120027885409009,0.067660825484562
2.3,0,0.00121241724202344,0.107945784129705
2.302,0,0.00122371861249615,0.145682124809606
2.304,0,0.00123393450082913,0.179899534571854
2.306,0,0.00124278897071249,0.209556154705674
2.308,0,0.00124999249846265,0.23355373089012
2.31,0,0.00125533332522616,0.251051465950432
2.312,0,0.00125883126278879,0.26203126200822
2.314,0,0.00126032003267104,0.26581965851547
2.316,0,0.00125981702675972,0.262387033930694
2.318,0,0.00125740682694397,0.251946687473393
2.32,0,0.00125321096647671,0.234844653915872
2.322,0,0.00124730572922639,0.211240509001569
2.324,0,0.0012400980658707,0.182565084501495
2.326,0,0.00123165496660422,0.148941464985319
2.328,0,0.0012223014920868,0.111489170991669
2.33,0,0.00121234869925519,0.0712927984664866
2.332,0,0.00120210334287114,0.0294557267562977
2.334,0,0.00119187117511198,-0.0129374238758888
2.336,0,0.00118193313495022,-0.0548107688514844
2.338,0,0.00117257114571748,-0.0951236181683687
2.34,0,0.00116405968888709,-0.132834639058438
2.342,0,0.0011567017769928,-0.166802646757064
2.344,0,0.00115061095894387,-0.196522251652575
2.346,0,0.00114612543889967,-0.22073752591492
2.348,0,0.00114333595230318,-0.239033201465647
2.35,0,0.00114237780477353,-0.250844067759611
2.352,0,0.00114333054144278,-0.255799344766171
2.354,0,0.00114617472938979,-0.253882972470609
2.356,0,0.00115088781471556,-0.245091911970581
2.358,0,0.00115734542539781,-0.229795104252918
2.36,0,0.00116538443734543,-0.20850970469946
2.362,0,0.00117490725409992,-0.181492059640154
2.364,0,0.00118562328987031,-0.149733410400283
2.366,0,0.00119726760952172,-0.114127097396722
2.368,0,0.00120951896202657,-0.0758217902629253
2.37,0,0.00122210202550862,-0.0357607726319458
2.372,0,0.00123468215350675,0.00483584394995439
2.374,0,0.00124695820345295,0.0448598399713222
2.376,0,0.00125863384567699,0.0832119556633831
2.378,0,0.00126945412853816,0.118919096227765
2.38,0,0.00127908384271619,0.150747570692784
2.382,0,0.00128744518888651,0.178319238108898
2.384,0,0.00129418464453513,0.200338116836942
2.386,0,0.00129918663660918,0.216303792404434
2.388,0,0.0013023649527352,0.225821742580658
2.39,0,0.00130377348205841,0.229002731455448
2.392,0,0.00130327907392413,0.225280869884554
2.394,0,0.0013009990532744,0.214991347340164
2.396,0,0.00129705180140753,0.198480288443817
2.398,0,0.001291604299793,0.176282539424058
2.4,0,0.00128476303381581,0.148697603545525
2.402,0,0.00127678143636404,0.116586636472648
2.404,0,0.0012679503794526,0.0809720548262519
2.406,0,0.00125853963379784,0.0427884672455497
2.408,0,0.00124888444812768,0.00325762587361526
2.41,0,0.00123930604709399,-0.0364586495878044
2.412,0,0.00123013227067513,-0.0751484130873051
2.414,0,0.00122167058504261,-0.111665771363409
2.416,0,0.00121426950730939,-0.144730423233768
2.418,0,0.001208194885816,-0.173334189835129
2.42,0,0.0012035943260562,-0.196890823751361
2.422,0,0.00120087232877439,-0.213918755262959
2.424,0,0.00119990611248454,-0.224766103914506
2.426,0,0.00120089307428891,-0.228663492853933
2.428,0,0.00120381197229467,-0.225603138443672
2.43,0,0.00120854728873824,-0.215918627987495
2.432,0,0.00121501934222003,-0.199815963013943
2.434,0,0.00122306576737814,-0.177808965307011
2.436,0,0.00123259294184347,-0.150148557489911
2.438,0,0.00124327872895284,-0.117975017421556
2.44,0,0.00125500727899158,-0.0816259930519976
2.442,0,0.0012673919708055,-0.0425102061137941
2.444,0,0.00128016440837472,-0.00159327037423942
2.446,0,0.00129301318770181,0.0400088822347255
2.448,0,0.00130559426414351,0.0810238778093785
2.45,0,0.00131760634551056,0.120321807048242
2.452,0,0.00132868862418669,0.156582249814824
2.454,0,0.00133853442874754,0.188657414031771
2.456,0,0.00134693492351519,0.215748585594613
2.458,0,0.00135354860325192,0.236595636109936
2.46,0,0.00135830885657783,0.250890202991459
2.462,0,0.00136113943239545,0.258299670940848
2.464,0,0.00136198103611468,0.258546171316415
2.466,0,0.00136090106781387,0.251804029481359
2.468,0,0.00135790992786489,0.238030498004555
2.47,0,0.00135320976792339,0.217886103577289
2.472,0,0.00134690858146805,0.191676322255909
2.474,0,0.00133933490258414,0.160554213030106
2.476,0,0.00133062687325192,0.124942533143043
2.478,0,0.00132111471459442,0.0860017448624853
2.48,0,0.00131112090198455,0.0449019978792881
2.482,0,0.00130092870729453,0.00264846421866371
2.484,0,0.00129085874069164,-0.0395850476699195
2.486,0,0.0012812017969654,-0.0807088810687983
2.488,0,0.00127222022853963,-0.11973121039083
2.49,0,0.00126424832239838,-0.155422796761019
2.492,0,0.00125754478904695,-0.186798556575856
2.494,0,0.00125224303500226,-0.213323123693082
2.496,0,0.00124868669380883,-0.233726421095893
2.498,0,0.00124695368227748,-0.247667686879274
2.5,0,0.0012471100342315,-0.25485616643381
2.502,0,0.00124927201990686,-0.254815595354637
2.504,0,0.00125337024884937,-0.247734757723226
2.506,0,0.00125929711083748,-0.233941651604149
2.508,0,0.00126690858377002,-0.213896420534123
2.51,0,0.00127608404119681,-0.187962671276297
2.512,0,0.00128655947734044,-0.157042033151488
2.514,0,0.00129810522967766,-0.121893244321832
2.516,0,0.00131033626086874,-0.0839182397674709
2.518,0,0.00132302985322713,-0.0438566352823009
2.52,0,0.00133584828677502,-0.00293747808536752
2.522,0,0.00134849928166322,0.037754163436076
2.524,0,0.00136069255216916,0.0771574157417502
2.526,0,0.00137216346705909,0.114272075578549
2.528,0,0.00138266550507915,0.148167823613859
2.53,0,0.00139189769910904,0.177726486383378
2.532,0,0.00139973879781863,0.202456794375396
2.534,0,0.00140593025469103,0.221392966458414
2.536,0,0.0014103278641853,0.233965151164785
2.538,0,0.00141288615844051,0.239954499808862
2.54,0,0.0014135270159785,0.239024371742205
2.542,0,0.00141235021708293,0.231478457066382
2.544,0,0.00140940733334798,0.217446902891769
2.546,0,0.00140481787814779,0.197306342661551
2.548,0,0.00139872091603393,0.17150426187096
2.55,0,0.0013913336969905,0.140779398592893
2.552,0,0.00138290923077647,0.106009703490635
2.554,0,0.00137373168020583,0.0682029472022579
2.556,0,0.00136409244516148,0.0283993518153374
2.558,0,0.00135431214418529,-0.012240532560231
2.56,0,0.00134470165262525,-0.0525639504571334
2.562,0,0.00133555553805292,-0.0914827136227706
2.564,0,0.00132718216319093,-0.127858917801351
2.566,0,0.00131992569971816,-0.160427078215706
2.568,0,0.0013138996114925,-0.188724571181114
2.57,0,0.00130947892625271,-0.211385593273629
2.572,0,0.00130677712763078,-0.227951834808833
2.574,0,0.00130587155586295,-0.2380956346651
2.576,0,0.00130681464840739,-0.241576101190764
2.578,0,0.00130963575379453,-0.238228246017513
2.58,0,0.00131422129767522,-0.228406966708242
2.582,0,0.0013205290385956,-0.212206677176783
2.584,0,0.00132846364466831,-0.189914487761019
2.586,0,0.00133771766753949,-0.162624053272413
2.588,0,0.00134821948842075,-0.130544211399205
2.59,0,0.00135969735426748,-0.0946357561206656
2.592,0,0.00137181997777206,-0.0561024607999847
2.594,0,0.00138430810515257,-0.0159373673948339
2.596,0,0.0013968079602712,0.0245668333544027
2.598,0,0.00140898749961543,0.0641842828774761
2.6,0,0.00142052427802064,0.101734751723839
2.602,0,0.00143101987221363,0.135775091806776
2.604,0,0.00144026999947639,0.165526267914847
2.606,0,0.00144799907261213,0.189980298116757
2.608,0,0.0014540033176544,0.20837469961935
2.61,0,0.00145809454507198,0.219996598822063
2.612,0,0.00146023996563131,0.224683341639819
2.614,0,0.00146043348227257,0.22236690694223
2.616,0,0.00145867197632361,0.212985790242999
2.618,0,0.00145517602904302,0.197289879861475
2.62,0,0.0014499108991326,0.175098796559024
2.622,0,0.00144319233060467,0.147520231151434
2.624,0,0.0014352157509702,0.115234155179004
2.626,0,0.00142612608065685,0.0787223588169915
2.628,0,0.00141631155691475,0.039391696558964
2.63,0,0.00140603740246643,-0.00181439171133051
2.632,0,0.00139564193422572,-0.0436594724285559
2.634,0,0.00138543862289013,-0.0849880692819073
2.636,0,0.00137573210865614,-0.124679135525556
2.638,0,0.00136688488858002,-0.161406617970461
2.64,0,0.0013591253143967,-0.194313856284427
2.642,0,0.00135272010053499,-0.222422557904859
2.644,0,0.00134797263379954,-0.244621428368813
2.646,0,0.00134503726653794,-0.260327907390896
2.648,0,0.00134397613583886,-0.269292571024957
2.65,0,0.00134499334518577,-0.270749156891104
2.652,0,0.00134796662064374,-0.265103041420376
2.654,0,0.00135284795239426,-0.252487605482672
2.656,0,0.00135948984681765,-0.233394938227935
2.658,0,0.00136781009423845,-0.208068971311693
2.66,0,0.00137752450498131,-0.17750419097486
2.662,0,0.00138841247978248,-0.142461111963615
2.664,0,0.00140018650809436,-0.103953052017628
2.666,0,0.00141252835276328,-0.0631285174023012
2.668,0,0.00142516334335605,-0.0209726358054041
2.67,0,0.00143778034711429,0.0213723543007281
2.672,0,0.00145009980026485,0.0628646247607018
2.674,0,0.00146183082052206,0.102428286880012
2.676,0,0.00147272504672832,0.139130949171347
2.678,0,0.00148245634520875,0.171775123729415
2.68,0,0.00149089082950993,0.199846540674121
2.682,0,0.00149770976186206,0.222183522956989
2.684,0,0.00150271559326616,0.238049919921647
2.686,0,0.00150593465765007,0.247512934687445
2.688,0,0.00150722108816591,0.250021699810008
2.69,0,0.00150656786073799,0.24551722522657
2.692,0,0.00150402386704666,0.234139122240833
2.694,0,0.00149973207644433,0.216366556030486
2.696,0,0.00149385597555213,0.192755309443189
2.698,0,0.00148656115583052,0.163867504483795
2.7,0,0.0014780868510364,0.130538735234941
2.702,0,0.00146871834179262,0.0937861265875879
2.704,0,0.00145871772200119,0.0545408527126602
2.706,0,0.00144841118025685,0.013989606083363
2.708,0,0.00143809941549789,-0.0267614444254888
2.71,0,0.00142806373074471,-0.066677099675119
2.712,0,0.00141860851387629,-0.104637963903413
2.714,0,0.00141000133989301,-0.139651592352803
2.716,0,0.00140250505986747,-0.17074794478223
2.718,0,0.0013963855440741,-0.19695201706955
2.72,0,0.00139184400503012,-0.217517816431092
2.722,0,0.00138899924628425,-0.231995823712184
2.724,0,0.00138794520725442,-0.240022373315957
2.726,0,0.00138880510689302,-0.241122937598577
2.728,0,0.00139144482445472,-0.235753434954717
2.73,0,0.00139585307256278,-0.223925396249567
2.732,0,0.0014019799049617,-0.20578939721891
2.734,0,0.00140972792518658,-0.181668589895515
2.736,0,0.00141876013167267,-0.152778079824064
2.738,0,0.00142901755433556,-0.11930051731407
2.74,0,0.00144015909116771,-0.0824699782188184
2.742,0,0.0014519081762069,-0.0432801940086557
2.744,0,0.00146392559743168,-0.00296686728392478
2.746,0,0.00147587891174329,0.0372596981778616
2.748,0,0.00148744709922381,0.076220968887468
2.75,0,0.00149831022392777,0.112746463678529
2.752,0,0.00150810638237055,0.145519372922302
2.754,0,0.00151667101681506,0.173924530575749
2.756,0,0.00152369953827901,0.196856971102157
2.758,0,0.00152897531834622,0.213521194187153
2.76,0,0.00153243771762454,0.223679132116775
2.762,0,0.00153406684941721,0.227240722287411
2.764,0,0.00153373040664959,0.223707175020702
2.766,0,0.00153156335375732,0.213542477482255
2.768,0,0.00152766254295799,0.19707598037129
2.77,0,0.00152204747026493,0.1743553965583
2.772,0,0.00151497682813302,0.146304296227331
2.774,0,0.0015066956256962,0.113803893382486
2.776,0,0.00149733315831266,0.0773080830056398
2.778,0,0.00148727636830785,0.0382224400872129
2.78,0,0.00147680518006528,-0.00243931138945243
2.782,0,0.00146626397089321,-0.0434217883482521
2.784,0,0.00145598165707982,-0.0835209597343632
2.786,0,0.00144628260412675,-0.121554585522105
2.788,0,0.00143753937125173,-0.156171069641731
2.79,0,0.00142997316017291,-0.186566857632247
2.792,0,0.00142388310707735,-0.211662488330131
2.794,0,0.00141955038245802,-0.230442563596423
2.796,0,0.00141704170691776,-0.242660858663525
2.798,0,0.00141649832317159,-0.247801060504338
2.8,0,0.00141796369584114,-0.245693690231045
2.802,0,0.00142135826078599,-0.23660762469733
2.804,0,0.00142659005551543,-0.220853925639787
2.806,0,0.00143355474037298,-0.198787371325454
2.808,0,0.00144200679085361,-0.171280648232215
2.81,0,0.00145182249882671,-0.13876552290512
2.812,0,0.00146273597558361,-0.102197491994662
2.814,0,0.00147442399504213,-0.0627493095754827
2.816,0,0.00148661957351781,-0.0213932038895361
2.818,0,0.00149902520817472,0.0207813450044357
2.82,0,0.00151133139422609,0.062631907313572
2.822,0,0.0015232508579878,0.103099612958305
2.824,0,0.00153448472860801,0.141088111004577
2.826,0,0.00154468443278767,0.175328582861189
2.828,0,0.0015536788638668,0.205202826680025
2.83,0,0.00156111277036379,0.229430352913005
2.832,0,0.00156678712837067,0.247297283381501
2.834,0,0.00157066785472951,0.258684317417405
2.836,0,0.00157260743221757,0.263058163511952
2.838,0,0.00157249635961188,0.260016385351201
2.84,0,0.00157050094263271,0.250148077205524
2.842,0,0.00156667283244534,0.233624099881673
2.844,0,0.00156116140455716,0.210968725231179
2.846,0,0.00155414010393305,0.182794185524834
2.848,0,0.00154578014710547,0.149705930761059
2.85,0,0.00153642035773871,0.112927701234704
2.852,0,0.0015262851494486,0.073266023875276
2.854,0,0.00151570807790023,0.0319380394318481
2.856,0,0.00150497731469405,-0.0100026392825835
2.858,0,0.0014943925989177,-0.0514519116478098
2.86,0,0.00148423522215823,-0.0913732957023786
2.862,0,0.00147476503214189,-0.128811760094193
2.864,0,0.00146628655976552,-0.162655882744961
2.866,0,0.00145905851694081,-0.191966912060903
2.868,0,0.00145331662577124,-0.215894090518401
2.87,0,0.00144917350836155,-0.234034071475472
2.872,0,0.00144684330122148,-0.245614155697742
2.874,0,0.00144638607992275,-0.250415893547819
2.876,0,0.00144778165209975,-0.248507590039891
2.878,0,0.00145102723566991,-0.23989191158196
2.88,0,0.00145610248635621,-0.224632449259743
2.882,0,0.00146284795450676,-0.203297166951337
2.884,0,0.00147111208278265,-0.17642591082117
2.886,0,0.00148068046299995,-0.144787824189524
2.888,0,0.00149130466948449,-0.10927812807623
2.89,0,0.00150266603080955,-0.0710537292269365
2.892,0,0.00151449884911055,-0.031079458753261
2.894,0,0.00152646362363611,0.00940335190396308
2.896,0,0.00153824917385083,0.0492519533250146
2.898,0,0.00154955773399528,0.0873736418673116
2.9,0,0.0015601180509888,0.122774813317017
2.902,0,0.00156957919821239,0.154177394379887
2.904,0,0.00157780927348346,0.181106438743251
2.906,0,0.00158448062680796,0.202379454267929
2.908,0,0.00158948748679463,0.217622163029671
2.91,0,0.00159268938373715,0.22633307680953
2.912,0,0.00159404428123721,0.228365365712769
2.914,0,0.00159348586862683,0.223482131740308
2.916,0,0.00159116812117139,0.21224096881723
2.918,0,0.00158712465114947,0.19476462786193
2.92,0,0.00158143501958047,0.171344140572565
2.922,0,0.00157437711637842,0.14298867009915
2.924,0,0.00156605771186691,0.110092246946365
2.926,0,0.00155676984008385,0.0737218773422008
2.928,0,0.00154685784448612,0.0351281471081813
2.93,0,0.00153658441417566,-0.0047269188685438
2.932,0,0.00152631120783834,-0.0445248664704491
2.934,0,0.00151635843305673,-0.083103666499059
2.936,0,0.00150703273878645,-0.119351931460172
2.938,0,0.00149871755199644,-0.151884762296029
2.94,0,0.00149163703250919,-0.179906419770306
2.942,0,0.00148607091931798,-0.202418036269584
2.944,0,0.00148227663340334,-0.218503797465156
2.946,0,0.00148029515150723,-0.228030245433111
2.948,0,0.00148020135532928,-0.230737211428799
2.95,0,0.00148203747976815,-0.22647978050938
2.952,0,0.00148575269710211,-0.215446390773661
2.954,0,0.00149125682211,-0.197967603033474
2.956,0,0.00149847478561271,-0.174324086142531
2.958,0,0.00150710774132484,-0.145606301192399
2.96,0,0.00151700334885417,-0.112379244113007
2.962,0,0.00152800719078492,-0.0752247613363866
2.964,0,0.0015397629142994,-0.0354433351373132
2.966,0,0.00155199311377399,0.00594344481655146
2.968,0,0.00156437736804361,0.0477561258667019
2.97,0,0.00157659285944978,0.088820312671383
2.972,0,0.00158832806167339,0.128000027174776
2.974,0,0.00159920023669075,0.163905577033739
2.976,0,0.001608975446284,0.195717164145615
2.978,0,0.00161735871093756,0.222381440816723
2.98,0,0.00162411104629151,0.243056583064699
2.982,0,0.00162901736047044,0.256988289622641
2.984,0,0.001631997393886,0.263910388369592
2.986,0,0.00163299966518349,0.263655454076175
2.988,0,0.00163199011572659,0.256113770354545
2.99,0,0.00162914067678909,0.241916813028829
2.992,0,0.0016245128553377,0.22129489069131
2.994,0,0.00161821579799272,0.194653674460704
2.996,0,0.00161057723540301,0.163187047680538
2.998,0,0.00160168504061885,0.127228904863974
3,0,0.00159187905372137,0.0880200143166474
3.002,5.00000000000079e-07,0.00158144227351082,0.0465996109730966
3.004,1.00000000000005e-06,0.00157069178304841,0.00412925495601036
3.006,1.50000000000013e-06,0.00155993131289558,-0.0382732552545499
3.008,2.00000000000009e-06,0.00154945546251539,-0.0795285278500101
3.01,2.50000000000017e-06,0.00153953812258828,-0.118639886114191
3.012,4.00000000000001e-06,0.00153052565492553,-0.154347256221027
3.014,5.50000000000018e-06,0.00152265153150703,-0.185826301866319
3.016,7.00000000000002e-06,0.00151610236551354,-0.212423417180053
3.018,8.50000000000019e-06,0.00151123671967818,-0.232863176818522
3.02,1e-05,0.00150818702830697,-0.246702883396268
3.022,1.30000000000004e-05,0.00150703274250883,-0.253685859316894
3.024,1.60000000000001e-05,0.00150790909053945,-0.253350171956351
3.026,1.90000000000005e-05,0.00151079500811779,-0.245792729014831
3.028,2.20000000000002e-05,0.00151565793493152,-0.231146624274413
3.03,2.50000000000006e-05,0.00152237622882555,-0.209862800391601
3.032,3.00000000000001e-05,0.00153078476784214,-0.18254807710614
3.034,3.50000000000006e-05,0.00154074431324163,-0.149722159519179
3.036,4.00000000000001e-05,0.00155200911585987,-0.112293180988689
3.038,4.50000000000007e-05,0.0015642480145734,-0.0714708689639556
3.04,5.00000000000001e-05,0.00157730302492005,-0.0278738780296995
3.042,5.75000000000011e-05,0.00159084041970028,0.0172625542440821
3.044,6.50000000000003e-05,0.00160460074975496,0.0629599314362072
3.046,7.25000000000012e-05,0.00161832170794334,0.108231329233982
3.048,8.00000000000005e-05,0.00163176038638408,0.152172460131465
3.05,8.75000000000014e-05,0.00164463909628289,0.193731626376758
3.052,9.80000000000003e-05,0.0016567378760557,0.232104782687888
3.054,0.000108500000000001,0.00166789120921552,0.266689558274212
3.056,0.000119,0.00167788912812365,0.296696710751945
3.058,0.000129500000000002,0.00168672098174094,0.322107873447663
3.06,0.00014,0.00169428612934336,0.342530303463356
3.062,0.000154000000000002,0.00170055411243344,0.357824056039076
3.064,0.000168000000000001,0.00170562185779714,0.368328397692431
3.066,0.000182000000000002,0.00170956725349635,0.374286989304801
3.068,0.000196000000000001,0.00171253244707388,0.376185601481203
3.07,0.000210000000000003,0.00171464808177933,0.374437320966457
3.072,0.000228000000000001,0.0017161267809471,0.369764214160797
3.074,0.000245999999999999,0.0017172325019057,0.363109906304859
3.076,0.000264000000000001,0.00171821236470418,0.355288428818118
3.078,0.000281999999999999,0.00171936449069488,0.34733806275292
3.08,0.000300000000000001,0.00172101314240893,0.340355648957641
3.082,0.000322499999999998,0.00172345479793721,0.335369847312437
3.084,0.000345000000000001,0.00172699856564523,0.333424946165107
3.086,0.000367499999999998,0.00173198878406059,0.335656147444504
3.088,0.000390000000000001,0.00173866494655159,0.342871067589807
3.09,0.000412499999999998,0.00174733509007528,0.356045413550802
3.092,0.000440000000000001,0.00175830550751445,0.376120080348012
3.094,0.000467499999999998,0.00177161324433404,0.403185854967927
3.096,0.000495000000000001,0.00178736430781269,0.437507368894423
3.098,0.000522499999999998,0.00180570906587558,0.479438602458608
3.1,0.000550000000000002,0.00182662625806108,0.528785644508908
3.102,0.000582999999999998,0.00185004411580236,0.585184429757414
3.104,0.000616000000000002,0.00187592894299093,0.64834872010451
3.106,0.000648999999999998,0.00190423087706811,0.717891719431864
3.108,0.000682000000000002,0.00193464839731086,0.792763642464921
3.11,0.000714999999999998,0.00196717337129688,0.872594799858543
3.112,0.000754000000000002,0.00200149027294056,0.956196184250755
3.114,0.000792999999999998,0.00203732064754457,1.04246083811681
3.116,0.000832000000000003,0.00207438311785279,1.13020888053672
3.118,0.000870999999999999,0.00211234526799745,1.21813234422273
3.12,0.000910000000000003,0.00215088344119105,1.30490422286673
3.122,0.000955499999999998,0.00218965774557706,1.38928534547479
3.124,0.001001,0.00222833317600516,1.46982143759029
3.126,0.0010465,0.00226664811287756,1.54574960107073
3.128,0.001092,0.00230435347161941,1.61592577822219
3.13,0.0011375,0.00234123483614507,1.67942117916812
3.132,0.00119,0.00237721633917317,1.73606119704635
3.134,0.0012425,0.00241222590452158,1.78541146753844
3.136,0.001295,0.00244632309625088,1.82776945372369
3.138,0.0013475,0.00247955024851434,1.86303852405371
3.14,0.0014,0.00251205179880621,1.89171040790322
3.142,0.00146,0.00254400103490464,1.91426769056235
3.144,0.00152,0.00257562861486746,1.93180261759512
3.146,0.00158,0.00260714763323019,1.94459607094503
3.148,0.00164,0.00263886866755576,1.95383631947108
3.15,0.0017,0.00267110746004472,1.96063054399871
3.152,0.00176800000000001,0.00270416957590882,1.96609899862995
3.154,0.001836,0.00273847446324339,1.97139759077292
3.156,0.00190400000000001,0.0027742716364962,1.97765518145608
3.158,0.001972,0.00281191803663737,1.98596096865334
3.16,0.00204000000000001,0.00285188783417063,1.99764077194133
3.162,0.0021165,0.00289425461203807,2.0133261941862
3.164,0.00219300000000001,0.0029395359217776,2.03431001051605
3.166,0.0022695,0.00298801103099783,2.0614425004487
3.168,0.00234600000000001,0.00303955774670337,2.09464701559061
3.17,0.0024225,0.00309460744150753,2.13484308569321
3.172,0.00250800000000001,0.00315317355263472,2.18200331125287
3.174,0.0025935,0.00321506245927557,2.23558711351265
3.176,0.00267900000000001,0.00328028441291777,2.29536341983853
3.178,0.0027645,0.00334872622947919,2.36077454264595
3.18,0.00285000000000001,0.00342029302236924,2.43117545756318
3.182,0.002944,0.00349459936539836,2.50544588277342
3.184,0.00303800000000001,0.00357159858011626,2.58284556482145
3.186,0.003132,0.00365089884343554,2.66214620646212
3.188,0.00322600000000001,0.00373223245678576,2.74226933318255
3.19,0.00332,0.00381540160552873,2.82211872987628
3.192,0.00342200000000001,0.00390008193110652,2.90062469988001
3.194,0.003524,0.00398603736548139,2.97681849481393
3.196,0.00362600000000001,0.0040730379218361,3.04975624304158
3.198,0.003728,0.00416085798198038,3.11851561438058
3.2,0.00383000000000001,0.00424929152691639,3.181925689359
3.202,0.0039395,0.00433807632667133,3.23958518102528
3.204,0.00404900000000001,0.00442702983484567,3.2902255800474
3.206,0.0041585,0.00451596849672181,3.33338234352477
3.208,0.00426800000000001,0.00460476089085231,3.36844072910163
3.21,0.0043775,0.00469333475597929,3.39526491588312
3.212,0.00449400000000001,0.00478167258837763,3.41375103849997
3.214,0.0046105,0.00486980290307067,3.42363269029211
3.216,0.00472700000000001,0.00495782072455014,3.42548585375471
3.218,0.0048435,0.00504585328027863,3.41975040347918
3.22,0.00496000000000001,0.00513407527708629,3.40686850504555
3.222,0.005083,0.00522269492064981,3.38765310589361
3.224,0.00520600000000002,0.00531194037226307,3.36294885585703
3.226,0.005329,0.00540207804597026,3.33358674889833
3.228,0.00545200000000002,0.00549339902518212,3.30057363140022
3.23,0.005575,0.0055861894891863,3.26492894576322
3.232,0.00570400000000002,0.00568072443305826,3.22768587451006
3.234,0.005833,0.00577739270300644,3.18988181656816
3.236,0.00596200000000002,0.00587634147148791,3.15248951762926
3.238,0.006091,0.00597780851130046,3.11629424835352
3.24,0.00622000000000002,0.00608216069579431,3.08210152970697
3.242,0.0063545,0.00618937232908476,3.05030447057634
3.244,0.00648900000000002,0.00629954026018731,3.02121241065813
3.246,0.0066235,0.0064127496805347,2.99500785490435
3.248,0.00675800000000002,0.00652901988601146,2.97168549637713
3.25,0.0068925,0.00664815438401565,2.95092064859754
3.252,0.00703200000000002,0.00677012310486948,2.93245092241465
3.254,0.00717150000000001,0.00689476265897921,2.91582004857879
3.256,0.00731100000000002,0.00702196866652862,2.90049399202425
3.258,0.00745050000000001,0.00715153318200973,2.88573649062921
3.26,0.00759000000000002,0.00728315589603187,2.8706539355039
3.262,0.00773400000000001,0.00741653330640351,2.85435096443596
3.264,0.00787800000000002,0.0075514176650165,2.83569190045775
3.266,0.00802200000000001,0.00768741706605527,2.81379655447476
3.268,0.00816600000000002,0.00782427365044957,2.78752860192579
3.27,0.00831000000000001,0.00796166879327402,2.75583701136646
3.272,0.00845800000000003,0.00809930994058579,2.71826972602032
3.274,0.00860600000000001,0.00823697879254689,2.67396026739687
3.276,0.00875400000000003,0.00837446386283824,2.62228480517649
3.278,0.00890200000000001,0.00851159535894649,2.5628633848299
3.28,0.00905000000000003,0.00864827258077731,2.49591444832039
3.282,0.00920250000000001,0.00878440813018272,2.42126271196476
3.284,0.00935500000000003,0.00891996083784417,2.33899545275071
3.286,0.00950750000000001,0.00905494451052278,2.24948301412873
3.288,0.00966000000000003,0.00918940525054186,2.15305158750551
3.29,0.00981250000000001,0.00932347282400397,2.05076789863435
3.292,0.00997000000000003,0.00945726576704997,1.94299989000024
3.294,0.0101275,0.00959099535453322,1.830863416047
3.296,0.010285,0.00972491794199284,1.71551748081418
3.298,0.0104425,0.00985930945433303,1.5983062067703
3.3,0.0106,0.0099944923027076,1.48048619215108
3.302,0.010763,0.0101307530005555,1.36340303683906
3.304,0.010926,0.0102684371696905,1.24841519167393
3.306,0.011089,0.0104077881699314,1.13666449408756
3.308,0.011252,0.0105490672621469,1.02925234697756
3.31,0.011415,0.0106927197979391,0.927733504436746
3.312,0.011584,0.0108387514226323,0.8324936780019
3.314,0.011753,0.0109875813029577,0.744946906994329
3.316,0.011922,0.0111394017786267,0.665880057040317
3.318,0.012091,0.0112941630067594,0.595321566342251
3.32,0.01226,0.0114520347215821,0.533876265773493
3.322,0.0124355,0.0116130369828784,0.481681059505956
3.324,0.012611,0.0117771387553203,0.438679550232413
3.326,0.0127865,0.0119441509607473,0.404307996098245
3.328,0.012962,0.0121139074293801,0.378040272866376
3.33,0.0131375,0.0122863420606857,0.359609973770682
3.332,0.01332,0.0124611638657587,0.348066677647753
3.334,0.0135025,0.0126381580868246,0.342671722398107
3.336,0.013685,0.0128172038944067,0.342925286508099
3.338,0.0138675,0.0129979872154114,0.347787119623148
3.34,0.01405,0.0131802988408409,0.356502612768012
3.342,0.01424,0.0133638630638106,0.368165671196629
3.344,0.01443,0.0135484971240202,0.382065666205456
3.346,0.01462,0.0137339277145235,0.397297072380663
3.348,0.01481,0.0139198960422807,0.413104551413618
3.35,0.015,0.014106266425291,0.428910665623193
3.352,0.015198,0.0142928538115576,0.444236208542614
3.354,0.015396,0.0144795620474623,0.458775619442248
3.356,0.015594,0.0146663309923731,0.472372052323754
3.358,0.015792,0.0148531462466056,0.485044448530382
3.36,0.01599,0.0150400515010664,0.496882524649452
3.362,0.0161965,0.0152271150799154,0.508248391263929
3.364,0.016403,0.0154144462665494,0.519490631081303
3.366,0.0166095,0.0156022008592967,0.531098751319029
3.368,0.016816,0.0157905511286713,0.543665983317152
3.37,0.0170225,0.0159796511963306,0.557751943277592
3.372,0.017238,0.0161696902971839,0.573977066856318
3.374,0.0174535,0.0163609088494806,0.593106893521793
3.376,0.017669,0.0165535446077596,0.615912699466586
3.378,0.0178845,0.0167477811583451,0.643009288866501
3.38,0.0181,0.0169438727597152,0.675182620263873
3.382,0.018325,0.0171421790794829,0.71350219573035
3.384,0.01855,0.0173428974019762,0.758558446525896
3.386,0.018775,0.0175463163317258,0.811154075810214
3.388,0.019,0.0177526980326881,0.871969647345358
3.39,0.019225,0.0179622120246602,0.941373538985821
3.392,0.01946,0.0181749601836988,1.01950168865195
3.394,0.019695,0.0183911612498158,1.10674836517677
3.396,0.01993,0.0186108656242992,1.20299169803684
3.398,0.0201650000000001,0.0188339590737829,1.30764338023546
3.4,0.0204,0.0190604024093377,1.420276185692
3.402,0.0206455000000001,0.0192903592758985,1.54080977263685
3.404,0.020891,0.0195232847784895,1.66751524458344
3.406,0.0211365000000001,0.0197591575917074,1.79977248433245
3.408,0.021382,0.0199977528721663,1.93628795879255
3.41,0.0216275,0.0202384920607294,2.07525382774274
3.412,0.021884,0.0204811611279854,2.21527507353246
3.414,0.0221405000000001,0.0207253215434558,2.35470918094072
3.416,0.022397,0.0209706330677017,2.49200026550522
3.418,0.0226535000000001,0.0212167512138827,2.62583383336127
3.42,0.02291,0.0214633931899261,2.75511847245362
3.422,0.0231780000000001,0.0217103355980071,2.87838983763988
3.424,0.023446,0.0219573810960009,2.99525935255363
3.426,0.0237140000000001,0.0222044120253874,3.10461491215436
3.428,0.023982,0.0224513743567541,3.20653440403296
3.43,0.0242500000000001,0.0226982786828844,3.30089036569134
3.432,0.02453,0.0229451888238142,3.38762162836769
3.434,0.0248100000000001,0.0231922311129212,3.46683110713595
3.436,0.0250900000000001,0.0234395557971836,3.53920708947611
3.438,0.0253700000000001,0.0236873807369256,3.60502879059531
3.44,0.0256500000000001,0.0239358721131349,3.66540229021432
3.442,0.0259425000000001,0.0241853449507255,3.72061804287643
3.444,0.0262350000000001,0.0244360707243625,3.77178898442323
3.446,0.0265275000000001,0.0246883774530799,3.81992652933106
3.448,0.02682,0.024942536923167,3.86612001101516
3.45,0.0271125000000001,0.025198978592045,3.91139046458016
3.452,0.027418,0.0254579656619683,3.95682043795876
3.454,0.0277235000000001,0.0257199325532125,4.00348369322472
3.456,0.0280290000000001,0.0259851364238381,4.05236572655135
3.458,0.0283345000000001,0.0262540038456441,4.10447947838869
3.46,0.0286400000000001,0.0265266997992308,4.16048420954626
3.462,0.0289570000000001,0.0268035588762895,4.22103621814876
3.464,0.0292740000000001,0.0270845512696388,4.28622089344562
3.466,0.0295910000000001,0.0273698778620354,4.35620799611909
3.468,0.0299080000000001,0.0276595007465578,4.4307524267687
3.47,0.0302250000000001,0.0279534899631631,4.50959187441479
3.472,0.0305520000000001,0.0282516240578303,4.59206358510122
3.474,0.0308790000000001,0.028553822487787,4.67756816727772
3.476,0.0312060000000001,0.0288598500911759,4.76531101506832
3.478,0.0315330000000001,0.0291698630465931,4.854487436993
3.48,0.0318600000000001,0.0294830849438423,4.94392586200791
3.482,0.0321955000000001,0.0297993805408462,5.03271660621757
3.484,0.0325310000000001,0.0301187228715628,5.11944623000673
3.486,0.0328665000000001,0.0304405206923898,5.20303997229884
3.488,0.0332020000000001,0.0307644757295101,5.28223048334784
3.49,0.0335375000000001,0.0310902853414741,5.35556035774022
3.492,0.0338800000000001,0.0314175114284225,5.42211723596346
3.494,0.0342225000000001,0.0317459037322368,5.48009743611835
3.496,0.0345650000000001,0.0320750562850444,5.52870085445409
3.498,0.0349075000000002,0.0324046488752744,5.56672170080037
3.5,0.0352500000000001,0.0327343590803178,5.59275413070131
3.502,0.0355980000000002,0.0330638817546967,5.60527399300383
3.504,0.0359460000000001,0.0333930085859584,5.6044403738606
3.506,0.0362940000000001,0.0337215681967472,5.58907988291072
3.508,0.0366420000000001,0.0340494738484884,5.55873622505231
3.51,0.0369900000000001,0.0343767490969757,5.51382210532266
3.512,0.0373420000000001,0.0347034466183936,5.45403271873622
3.514,0.0376940000000001,0.0350297325530125,5.38061093766597
3.516,0.0380460000000001,0.0353557813443633,5.29418328758047
3.518,0.0383980000000002,0.0356818228492876,5.19563427311223
3.52,0.0387500000000002,0.0360081256687662,5.08615570892634
3.522,0.0391045000000002,0.0363349669259325,4.96722759119936
3.524,0.0394590000000001,0.0366626524959206,4.84000490384567
3.526,0.0398135000000002,0.0369914705695283,4.70591371365928
3.528,0.0401680000000001,0.0373217540193814,4.56622575335027
3.53,0.0405225000000001,0.0376537472855518,4.42236213610707
3.532,0.0408780000000001,0.0379876922364799,4.27552045165673
3.534,0.0412335000000002,0.038323938948694,4.1267761427224
3.536,0.0415890000000002,0.0386627361239574,3.97724635973258
3.538,0.0419445000000002,0.0390041820483504,3.82781631230521
3.54,0.0423000000000002,0.039348491350503,3.67915742845313
3.542,0.0426550000000002,0.0396956935817438,3.53171221688037
3.544,0.0430100000000002,0.0400456903591613,3.38564533815907
3.546,0.0433650000000002,0.0403985064685527,3.24102444708716
3.548,0.0437200000000001,0.040754066758626,3.09773702961192
3.55,0.0440750000000002,0.0411121054826115,2.95547986124603
3.552,0.0444280000000001,0.0414725749517386,2.81392182233804
3.554,0.0447810000000002,0.0418351754645982,2.6725356493048
3.556,0.0451340000000002,0.0421996720668443,2.53067958914763
3.558,0.0454870000000002,0.042565698233121,2.38771475334767
3.56,0.0458400000000002,0.0429330164647626,2.24279199341666
3.562,0.0461905000000002,0.0433012738831265,2.09502282886289
3.564,0.0465410000000002,0.0436700934548297,1.94372175277369
3.566,0.0468915000000002,0.0440391334682608,1.78786954287737
3.568,0.0472420000000002,0.044408022923055,1.62664573478234
3.57,0.0475925000000002,0.0447764472488852,1.45959858182024
3.572,0.0479400000000002,0.0451440713235905,1.28589144032098
3.574,0.0482875000000002,0.0455107238708633,1.10572388075538
3.576,0.0486350000000002,0.0458761870317179,0.918736290132953
3.578,0.0489825000000003,0.0462403444484329,0.725112498922905
3.58,0.0493300000000002,0.0466031254634849,0.5251674126375
3.582,0.0496740000000003,0.0469646014137469,0.319772953097992
3.584,0.0500180000000003,0.0473247975880011,0.10958936826202
3.586,0.0503620000000002,0.0476839357787204,-0.104071488481681
3.588,0.0507060000000003,0.0480420925173893,-0.320390125427381
3.59,0.0510500000000002,0.0483994977626889,-0.53798936226261
3.592,0.0513900000000003,0.0487564048428869,-0.755544034193956
3.594,0.0517300000000002,0.0491130495962417,-0.971649911144831
3.596,0.0520700000000003,0.0494696857511679,-1.18509929131413
3.598,0.0524100000000002,0.0498265432379822,-1.39454866113526
3.6,0.0527500000000003,0.0501838346734379,-1.59892083647659
3.602,0.0530855000000003,0.0505417685874425,-1.7970063726591
3.604,0.0534210000000003,0.0509004831621841,-1.98819700079142
3.606,0.0537565000000003,0.0512601930415114,-2.17119822881816
3.608,0.0540920000000003,0.0516210509819063,-2.345220332574
3.61,0.0544275000000003,0.0519831979292568,-2.509494347487
3.612,0.0547580000000003,0.0523467173283933,-2.66357814243395
3.614,0.0550885000000002,0.0527116534643632,-2.80715491608849
3.616,0.0554190000000003,0.0530780759606996,-2.93950479210955
3.618,0.0557495000000002,0.053445895276314,-3.06082217531041
3.62,0.0560800000000002,0.0538149699749615,-3.17150024862444
3.622,0.0564055000000002,0.0541851335643645,-3.27194730829361
3.624,0.0567310000000003,0.0545561992651243,-3.36243655630389
3.626,0.0570565000000003,0.0549279050848086,-3.44378334347502
3.628,0.0573820000000003,0.0552999792974106,-3.51712115779185
3.63,0.0577075000000003,0.055672161506743,-3.58272531889549
3.632,0.0580280000000003,0.0560441198724443,-3.64139255827017
3.634,0.0583485000000003,0.0564155949313344,-3.69460382918234
3.636,0.0586690000000003,0.0567862366016012,-3.74270846112841
3.638,0.0589895000000003,0.0571557055940615,-3.7866816524634
3.64,0.0593100000000003,0.057523819558233,-3.8275222060225
3.642,0.0596255000000003,0.0578902636608537,-3.86569320468873
3.644,0.0599410000000003,0.0582547544250791,-3.90169874124677
3.646,0.0602565000000003,0.0586172592860208,-3.93603546080703
3.648,0.0605720000000003,0.0589776215125778,-3.96888202575949
3.65,0.0608875000000003,0.0593357705446104,-4.00032988655726
3.652,0.0611980000000004,0.0596917147423554,-4.03036681887597
3.654,0.0615085000000003,0.0600452955309031,-4.05870361121757
3.656,0.0618190000000003,0.0603967481429538,-4.08521408288989
3.658,0.0621295000000003,0.0607460925179236,-4.1095440688075
3.66,0.0624400000000003,0.0610933092302429,-4.1311192973703
3.662,0.0627455000000003,0.0614385248491307,-4.14931470075
3.664,0.0630510000000003,0.0617819899447449,-4.16363814425661
3.666,0.0633565000000003,0.062123876131769,-4.17338166199869
3.668,0.0636620000000004,0.0624643076737666,-4.17732896575643
3.67,0.0639675000000004,0.0628036046005214,-4.17486225993025
3.672,0.0642680000000004,0.063142012129664,-4.16506046554525
3.674,0.0645685000000004,0.0634797952658086,-4.14706622617581
3.676,0.0648690000000004,0.0638172165095186,-4.11940670956107
3.678,0.0651695000000003,0.0641545590602164,-4.08223841802022
3.68,0.0654700000000004,0.0644920666687134,-4.03403334104384
3.682,0.0657655000000004,0.064829965256671,-3.97445978628484
3.684,0.0660610000000004,0.0651684016396848,-3.90362462331066
3.686,0.0663565000000004,0.0655075105075694,-3.82101318843189
3.688,0.0666520000000004,0.0658473309900139,-3.72701303083553
3.69,0.0669475000000004,0.0661878333616835,-3.62221493346615
3.692,0.0672380000000004,0.0665289566649303,-3.50680589926126
3.694,0.0675285000000004,0.0668705162461326,-3.38209548978111
3.696,0.0678190000000004,0.0672122876089684,-3.24936974458989
3.698,0.0681095000000004,0.067553979987667,-3.10960530686843
3.7,0.0684000000000004,0.067895240449888,-2.96468694781106
3.702,0.0686855000000004,0.0682356660183551,-2.81627924627084
3.704,0.0689710000000004,0.0685748538982859,-2.66610881143191
3.706,0.0692565000000004,0.0689125036007853,-2.5158175159475
3.708,0.0695420000000005,0.0692481863375273,-2.36693982187905
3.71,0.0698275000000004,0.0695816907459973,-2.22071832616082
3.712,0.0701080000000005,0.0699126945253251,-2.07838774125968
3.714,0.0703885000000004,0.0702409015480385,-1.94112768223567
3.716,0.0706690000000005,0.0705663605743255,-1.8093465754607
3.718,0.0709495000000004,0.0708886756151895,-1.68423565872666
3.72,0.0712300000000004,0.0712078775623881,-1.56604416602159
3.722,0.0715055000000004,0.0715237896314307,-1.4553785685205
3.724,0.0717810000000005,0.0718365740002568,-1.35199816053502
3.726,0.0720565000000005,0.072146225662535,-1.2559762241993
3.728,0.0723320000000005,0.0724529102066452,-1.16693816776622
3.73,0.0726075000000005,0.0727565870099855,-1.08494749283291
3.732,0.0728780000000005,0.0730575131669095,-1.00932413698403
3.734,0.0731485000000005,0.0733558193728392,-0.93963622720301
3.736,0.0734190000000005,0.0736518532569011,-0.874933769567785
3.738,0.0736895000000005,0.0739458212802416,-0.814567916510636
3.74,0.0739600000000005,0.0742379421838513,-0.75782011831269
3.742,0.0742245000000005,0.074528592333335,-0.703656378807615
3.744,0.0744890000000005,0.0748180188102828,-0.651270724662186
3.746,0.0747535000000005,0.0751065777474343,-0.599668886931518
3.748,0.0750180000000006,0.0753945776941442,-0.547936978396705
3.75,0.0752825000000006,0.0756823297641163,-0.495277748327478
3.752,0.0755400000000006,0.0759700740911559,-0.441029079287491
3.754,0.0757975000000005,0.0762579982707755,-0.384824960523763
3.756,0.0760550000000006,0.0765462220488647,-0.326473840775616
3.758,0.0763125000000005,0.0768348348003098,-0.265857499464871
3.76,0.0765700000000006,0.0771238240432976,-0.20331175783742
3.762,0.0768195000000006,0.0774131796281862,-0.139073652614966
3.764,0.0770690000000006,0.077702833824855,-0.0736133222702473
3.766,0.0773185000000006,0.077992707978408,-0.00742453853291216
3.768,0.0775680000000006,0.0782826432545161,0.058725159371885
3.77,0.0778175000000006,0.0785724652465716,0.124064474789951
3.772,0.0780580000000006,0.0788619269098416,0.187548452666047
3.774,0.0782985000000006,0.0791506608346206,0.247701530499259
3.776,0.0785390000000006,0.0794385188726814,0.30406431511227
3.778,0.0787795000000006,0.0797250304329706,0.354800079998599
3.78,0.0790200000000006,0.0800097930615176,0.398448533843835
3.782,0.0792505000000006,0.080292463891693,0.433818467790183
3.784,0.0794810000000006,0.0805726891616075,0.459691324298393
3.786,0.0797115000000006,0.0808501028466379,0.474829140143616
3.788,0.0799420000000007,0.0811242880097118,0.477833755101973
3.79,0.0801725000000007,0.0813948016757016,0.467265493867478
3.792,0.0803920000000007,0.081661579565424,0.443090429738993
3.794,0.0806115000000007,0.0819244155733456,0.404753408229357
3.796,0.0808310000000007,0.0821828731168821,0.350932207974186
3.798,0.0810505000000006,0.0824372946820414,0.283076921860958
3.8,0.0812700000000007,0.0826873547351145,0.200333938845179
3.802,0.0814775000000007,0.0829332824921878,0.103784259938626
3.804,0.0816850000000007,0.0831752924920967,-0.00555766607029722
3.806,0.0818925000000007,0.0834133866698693,-0.127329253849541
3.808,0.0821000000000007,0.0836479589629756,-0.259904302243756
3.81,0.0823075000000007,0.0838793805665002,-0.401742305215747
3.812,0.0825020000000008,0.0841078459210991,-0.551778417436893
3.814,0.0826965000000007,0.084333931637549,-0.707896634877817
3.816,0.0828910000000007,0.084557895579986,-0.86882299500194
3.818,0.0830855000000007,0.0847801664216014,-1.03283411660808
3.82,0.0832800000000007,0.0850011456579224,-1.19836976373907
3.822,0.0834605000000007,0.0852211684323286,-1.3640800558197
3.824,0.0836410000000008,0.0854405121517711,-1.52861632151114
3.826,0.0838215000000008,0.0856594638438242,-1.69078982129408
3.828,0.0840020000000008,0.0858782145668541,-1.84976202669957
3.83,0.0841825000000008,0.0860968718078952,-2.00480825046674
3.832,0.0843480000000008,0.0863154615427348,-2.15562340716445
3.834,0.0845135000000008,0.0865339339411103,-2.30211481928533
3.836,0.0846790000000008,0.0867521817216045,-2.44436934853162
3.838,0.0848445000000008,0.0869700456366913,-2.58257881099818
3.84,0.0850100000000008,0.0871873030464311,-2.71706492785901
3.842,0.0851605000000009,0.0874037908431753,-2.84860438328639
3.844,0.0853110000000008,0.0876191567315771,-2.97758761294456
3.846,0.0854615000000009,0.087833109122027,-3.10491940625118
3.848,0.0856120000000008,0.0880454261109987,-3.23146311176982
3.85,0.0857625000000008,0.088255570766254,-3.35812045418949
3.852,0.0858980000000008,0.08846333909946,-3.4858409757107
3.854,0.0860335000000009,0.0886683566565788,-3.61552193591548
3.856,0.0861690000000009,0.0888700377035006,-3.74830394937853
3.858,0.0863045000000009,0.0890683313620661,-3.88473705951818
3.86,0.0864400000000009,0.0892627384367607,-4.02568502564838
3.862,0.0865605000000009,0.0894527967046303,-4.17186139226627
3.864,0.0866810000000009,0.08963872031189,-4.32297248184472
3.866,0.0868015000000009,0.0898201265199295,-4.47926986260393
3.868,0.0869220000000009,0.0899970713147544,-4.64030642364596
3.87,0.0870425000000009,0.0901695006392854,-4.80561618973805
3.872,0.0871480000000009,0.0903373122257116,-4.97458676062553
3.874,0.0872535000000009,0.0905009442533694,-5.14609363465144
3.876,0.0873590000000009,0.0906604688067526,-5.31929779112054
3.878,0.087464500000001,0.0908159179373914,-5.49320466091218
3.88,0.087570000000001,0.0909674415986124,-5.6665655702746
3.882,0.087660500000001,0.0911155427635743,-5.83826999192299
3.884,0.087751000000001,0.0912602878458638,-6.00700924881754
3.886,0.087841500000001,0.0914020216085826,-6.17153845295581
3.888,0.087932000000001,0.0915410595152208,-6.33075809989472
3.89,0.088022500000001,0.0916776198223618,-6.48338135202005
3.892,0.088098000000001,0.0918119785724254,-6.62829088537912
3.894,0.088173500000001,0.0919444509796708,-6.76479039910658
3.896,0.088249000000001,0.0920751407539295,-6.89111194168443
3.898,0.088324500000001,0.0922043726607933,-7.00663854534684
3.9,0.088400000000001,0.0923323895856848,-7.11088312435207
3.902,0.088461500000001,0.0924592960159853,-7.20227617894159
3.904,0.088523000000001,0.0925852229641391,-7.28003047413576
3.906,0.0885845000000011,0.0927102560967964,-7.34393974851849
3.908,0.0886460000000011,0.0928344194616309,-7.39397098800552
3.91,0.0887075000000011,0.0929575815433331,-7.42871667026761
3.912,0.0887560000000011,0.0930797796739621,-7.45013099821379
3.914,0.0888045000000011,0.093200731109254,-7.45661078482587
3.916,0.0888530000000011,0.0933204121738298,-7.45031475047157
3.918,0.0889015000000011,0.0934384765124709,-7.43064371172484
3.92,0.0889500000000011,0.0935547822598198,-7.39937013360248
3.922,0.0889865000000011,0.0936690966628936,-7.35759152370062
3.924,0.0890230000000011,0.0937809148101375,-7.30550464553266
3.926,0.0890595000000011,0.0938901661197213,-7.24531007204092
3.928,0.0890960000000011,0.0939964217888152,-7.17783030373046
3.93,0.0891325000000011,0.09409919653801,-7.10419802569356
3.932,0.0891580000000012,0.0941984471880062,-7.0261168784608
3.934,0.0891835000000011,0.0942938341953696,-6.94455809883801
3.936,0.0892090000000011,0.0943848506346299,-6.86042047308627
3.938,0.0892345000000012,0.0944714725989108,-6.77467763671075
3.94,0.0892600000000011,0.0945532399156569,-6.68788792891089
3.942,0.0892755000000012,0.0946303287012331,-6.60048839535732
3.944,0.0892910000000012,0.0947026183636802,-6.51261422650018
3.946,0.0893065000000012,0.0947701624731668,-6.42420699528479
3.948,0.0893220000000012,0.0948331221291859,-6.33500979430136
3.95,0.0893375000000012,0.0948915406909024,-6.24450014705695
3.952,0.0893440000000012,0.0949456707295272,-6.15189928702376
3.954,0.0893505000000012,0.0949960194417559,-6.05640516255918
3.956,0.0893570000000012,0.0950428494217135,-5.956918865611
3.958,0.0893635000000012,0.0950865903159046,-5.85237617811871
3.96,0.0893700000000012,0.0951276232326102,-5.74160848344178
3.962,0.0893685000000012,0.0951664486560494,-5.62397720404927
3.964,0.0893670000000013,0.0952033939374684,-5.49877052429427
3.966,0.0893655000000013,0.0952386728582767,-5.36474786283114
3.968,0.0893640000000013,0.0952727424080592,-5.22260069186121
3.97,0.0893625000000013,0.0953057032059269,-5.07107537508803
3.972,0.0893540000000013,0.095337843771185,-4.911014630721
3.974,0.0893455000000013,0.0953692475459243,-4.74221349299962
3.976,0.0893370000000013,0.0953999674783022,-4.56516187552642
3.978,0.0893285000000013,0.0954299952093747,-4.38078458686947
3.98,0.0893200000000013,0.0954592194303181,-4.18989006591576
3.982,0.0893055000000013,0.0954874812156738,-3.99362284768505
3.984,0.0892910000000013,0.0955145770063941,-3.79331868077404
3.986,0.0892765000000014,0.0955401712641916,-3.59032597431283
3.988,0.0892620000000014,0.0955640993643202,-3.38636179466291
3.99,0.0892475000000014,0.0955860469221626,-3.18275004340174
3.992,0.0892280000000014,0.0956056566416429,-2.98098354392077
3.994,0.0892085000000014,0.0956228212790356,-2.78219587887278
3.996,0.0891890000000014,0.0956373778891446,-2.58734465450926
3.998,0.0891695000000014,0.0956489565543207,-2.39770962331233
4,0.0891500000000014,0.0956577794708266,-2.21338174377878
4.002,0.0891265000000014,0.0956634579736664,-2.03552323775821
4.004,0.0891030000000014,0.0956660343674685,-1.8643733322252
4.006,0.0890795000000014,0.0956656099681236,-1.69993584604684
4.008,0.0890560000000015,0.0956622531956617,-1.54219839337878
4.01,0.0890325000000015,0.0956559984346306,-1.39117428652388
4.012,0.0890060000000015,0.0956468654260632,-1.24686605804202
4.014,0.0889795000000015,0.0956352007431986,-1.1084696896092
4.016,0.0889530000000015,0.0956210118245482,-0.975940291099756
4.018,0.0889265000000015,0.0956046129595359,-0.848501580985185
4.02,0.0889000000000015,0.0955861112502459,-0.725855129034188
4.022,0.0888705000000015,0.0955656854767174,-0.607549349305737
4.024,0.0888410000000015,0.0955434522608454,-0.493294730060195
4.026,0.0888115000000015,0.0955196431778671,-0.382566755419307
4.028,0.0887820000000015,0.0954943444528671,-0.275177361095551
4.03,0.0887525000000016,0.0954677250079839,-0.170757123833266
4.032,0.0887200000000016,0.0954398595883753,-0.0691524539252402
4.034,0.0886875000000016,0.0954110194027907,0.0302211371716594
4.036,0.0886550000000016,0.0953813513737777,0.127646385063188
4.038,0.0886225000000015,0.0953509921420354,0.223339125246917
4.04,0.0885900000000016,0.0953200871077757,0.31748620862293
4.042,0.0885545000000016,0.0952887721371416,0.410225614425438
4.044,0.0885190000000016,0.0952571613630298,0.501626716497257
4.046,0.0884835000000016,0.0952253385471562,0.591623624805922
4.048,0.0884480000000016,0.0951933756445344,0.680104946698154
4.05,0.0884125000000016,0.0951613254532749,0.766924007816676
4.052,0.0883740000000016,0.0951292158995136,0.851888707678446
4.054,0.0883355000000016,0.0950970466986757,0.93458184149836
4.056,0.0882970000000017,0.0950647997033325,1.01473732857741
4.058,0.0882585000000017,0.0950324193333571,1.09167548103637
4.06,0.0882200000000017,0.0949998477403388,1.16522701269637
4.062,0.0881785000000017,0.0949669581591283,1.23436981752866
4.064,0.0881370000000017,0.0949336345006882,1.29867743749548
4.066,0.0880955000000017,0.0948996743578166,1.35704387738469
4.068,0.0880540000000017,0.0948648840145841,1.40871183761315
4.07,0.0880125000000017,0.0948290180425043,1.45264689099805
4.072,0.0879680000000017,0.0947918702997863,1.48818099827439
4.074,0.0879235000000017,0.094753087144145,1.51379158996467
4.076,0.0878790000000017,0.0947123927084918,1.52856388511515
4.078,0.0878345000000017,0.0946697082466841,1.53259228786131
4.08,0.0877900000000017,0.0946246132382072,1.524147340285
4.082,0.0877425000000017,0.0945769609527099,1.5029856788553
4.084,0.0876950000000017,0.0945267392691218,1.46942722149842
4.086,0.0876475000000018,0.0944738211842694,1.42318996386438
4.088,0.0876000000000018,0.0944181509332188,1.36431260040355
4.09,0.0875525000000018,0.0943599135207658,1.29386551075742
4.092,0.0875020000000018,0.0942992519840101,1.21264516799072
4.094,0.0874515000000018,0.0942361763903533,1.12081337192383
4.096,0.0874010000000018,0.0941711362539799,1.02039788904602
4.098,0.0873505000000018,0.0941042846169891,0.912071929947288
4.1,0.0873000000000018,0.094036086647886,0.797819583160811
4.102,0.0872465000000018,0.0939669073069167,0.679149972831761
4.104,0.0871930000000019,0.0938971210292207,0.557579716316292
4.106,0.0871395000000019,0.0938271289937015,0.434720615846954
4.108,0.0870860000000019,0.0937573088862526,0.312087466573375
4.11,0.0870325000000019,0.0936879850301651,0.190980818466087
4.112,0.0869760000000019,0.0936195387886424,0.0728894436135012
4.114,0.0869195000000019,0.0935521439196885,-0.0414449576264614
4.116,0.086863000000002,0.0934861007453114,-0.150840134124247
4.118,0.0868065000000019,0.0934215437318021,-0.254710754276611
4.12,0.086750000000002,0.0933585866203345,-0.352542453170278
4.122,0.086691000000002,0.0932972204508216,-0.444269397648813
4.124,0.086632000000002,0.0932373774562356,-0.53005086264079
4.126,0.086573000000002,0.0931790958923097,-0.609607241101173
4.128,0.086514000000002,0.0931221371234406,-0.683749999682389
4.13,0.086455000000002,0.0930663631620667,-0.752878106714642
4.132,0.086394000000002,0.0930115867248137,-0.817532737385629
4.134,0.086333000000002,0.0929575070620462,-0.878697143573304
4.136,0.086272000000002,0.0929038108856919,-0.937367280793385
4.138,0.086211000000002,0.0928501573050339,-0.994598187416361
4.14,0.086150000000002,0.09279619552324,-1.0515079174863
4.142,0.086087500000002,0.092741570462936,-1.10913724552321
4.144,0.086025000000002,0.0926859350677915,-1.16851297718787
4.146,0.0859625000000021,0.092628891998512,-1.23069405448375
4.148,0.0859000000000021,0.0925701380846824,-1.2964815257331
4.15,0.0858375000000021,0.0925094480597818,-1.36640271670807
4.152,0.0857740000000021,0.0924467312509908,-1.44060442706428
4.154,0.0857105000000021,0.092381655096476,-1.51963153156176
4.156,0.0856470000000021,0.0923143778566864,-1.60291692741598
4.158,0.0855835000000021,0.0922448509650543,-1.69023780180596
4.16,0.0855200000000021,0.0921731952684666,-1.78099561878309
4.162,0.0854560000000022,0.0920993399932649,-1.87473994002715
4.164,0.0853920000000022,0.0920236508975158,-1.97039294340982
4.166,0.0853280000000022,0.0919462375666008,-2.06717163251039
4.168,0.0852640000000022,0.0918672654482338,-2.16400328586304
4.17,0.0852000000000022,0.0917870903695481,-2.25976767097029
4.172,0.0851360000000022,0.0917059745383993,-2.35320857546415
4.174,0.0850720000000022,0.0916242374989006,-2.44310251867802
4.176,0.0850080000000022,0.0915421969905611,-2.52837154987484
4.178,0.0849440000000022,0.0914601673715085,-2.60755796488817
4.18,0.0848800000000022,0.0913784454287242,-2.67987616959578
4.182,0.0848170000000022,0.0912973441406994,-2.74393438028395
4.184,0.0847540000000022,0.091217168058082,-2.79866927173131
4.186,0.0846910000000023,0.0911382028669461,-2.84313443378079
4.188,0.0846280000000023,0.0910606469365571,-2.87683464510477
4.19,0.0845650000000023,0.0909848516830491,-2.89809065427761
4.192,0.0845040000000023,0.0909110256792867,-2.90617695261562
4.194,0.0844430000000023,0.0908392150989025,-2.90122886233582
4.196,0.0843820000000023,0.090769570884493,-2.8825634458855
4.198,0.0843210000000023,0.0907021912562346,-2.84973961686947
4.2,0.0842600000000023,0.0906371430120575,-2.80242012897622
4.202,0.0842020000000024,0.090574141048621,-2.74236337112894
4.204,0.0841440000000024,0.0905132369883613,-2.66914765910786
4.206,0.0840860000000023,0.0904542443933243,-2.58375377572166
4.208,0.0840280000000024,0.0903970448913165,-2.48658016207984
4.21,0.0839700000000024,0.0903413524566046,-2.37895628212161
4.212,0.0839160000000024,0.0902868264756843,-2.26252191955527
4.214,0.0838620000000024,0.0902331852240832,-2.13830047568487
4.216,0.0838080000000024,0.0901800438650947,-2.00818296126361
4.218,0.0837540000000024,0.0901270594409816,-1.87315091502094
4.22,0.0837000000000024,0.0900738081504628,-1.7350814055352
4.222,0.0836510000000024,0.0900199919728198,-1.59548312996608
4.224,0.0836020000000025,0.0899651178498918,-1.45571358783069
4.226,0.0835530000000025,0.0899089588486326,-1.31714094606062
4.228,0.0835040000000025,0.0898512599235041,-1.18075501283082
4.23,0.0834550000000025,0.089791823336937,-1.0473843682939
4.232,0.0834120000000025,0.0897304999261772,-0.917656203433626
4.234,0.0833690000000025,0.0896673851407064,-0.791571648050934
4.236,0.0833260000000025,0.0896024914384725,-0.669189385444204
4.238,0.0832830000000025,0.0895360262328723,-0.550070837421224
4.24,0.0832400000000025,0.0894681926982359,-0.433701057743233
4.242,0.0832040000000026,0.0893992798918763,-0.319317212169953
4.244,0.0831680000000026,0.0893296171705025,-0.205987180613553
4.246,0.0831320000000026,0.0892596250851452,-0.092555254341827
4.248,0.0830960000000026,0.0891897242544129,0.0221189277434736
4.25,0.0830600000000026,0.0891203523943294,0.139258616086433
4.252,0.0830320000000026,0.0890520101199414,0.260222845898311
4.254,0.0830040000000026,0.0889850430540715,0.385803165604769
4.256,0.0829760000000026,0.0889198076676919,0.516839187077166
4.258,0.0829480000000026,0.0888567428571846,0.654342732545059
4.26,0.0829200000000026,0.0887960644829863,0.798592905194525
4.262,0.0829010000000026,0.0887379434172689,0.949705548490521
4.264,0.0828820000000026,0.0886824782519443,1.10756445772445
4.266,0.0828630000000027,0.0886297893193226,1.27201425735509
4.268,0.0828440000000027,0.08857979786123,1.44232992608848
4.27,0.0828250000000027,0.0885323515109075,1.6176207042043
4.272,0.0828160000000027,0.0884874412478375,1.79714120035129
4.274,0.0828070000000027,0.0884448142356832,1.97967212573471
4.276,0.0827980000000027,0.0884042548949526,2.16404469023949
4.278,0.0827890000000027,0.0883655021884668,2.34908303818864
4.28,0.0827800000000028,0.0883284814457492,2.53341504205518
4.282,0.0827820000000028,0.0882926670407266,2.716106016119
4.284,0.0827840000000028,0.0882580450486739,2.89582462900935
4.286,0.0827860000000028,0.0882243767993492,3.0715285605148
4.288,0.0827880000000028,0.0881914726905808,3.24239944041252
4.29,0.0827900000000028,0.0881591767184195,3.40779619422498
4.292,0.0828040000000028,0.0881273841557157,3.56665631827604
4.294,0.0828180000000028,0.0880959601810202,3.71850859144674
4.296,0.0828320000000028,0.0880648105740378,3.86275177387676
4.298,0.0828460000000028,0.0880338702715665,3.99906241401782
4.3,0.0828600000000028,0.0880031210450631,4.12686156606642
4.302,0.0828850000000029,0.0879725633935493,4.24678405945945
4.304,0.0829100000000029,0.0879422733303004,4.35823590384503
4.306,0.0829350000000029,0.0879123456626486,4.46159571434214
4.308,0.0829600000000029,0.0878829135176461,4.55715197097093
4.31,0.0829850000000029,0.0878541521255908,4.64523546506556
4.312,0.083020000000003,0.0878262105796461,4.72660532269404
4.314,0.0830550000000029,0.0877992845693425,4.80169738875309
4.316,0.0830900000000029,0.0877736482922863,4.87079422566822
4.318,0.083125000000003,0.0877495008748644,4.93473538620353
4.32,0.083160000000003,0.0877271511243819,4.99403908456185
4.322,0.083204000000003,0.0877067987016864,5.0495777792577
4.324,0.083248000000003,0.0876888974187393,5.10191140624565
4.326,0.083292000000003,0.0876735041840921,5.15198822262838
4.328,0.083336000000003,0.0876610761598178,5.20026602068824
4.33,0.083380000000003,0.0876518038988062,5.24730439402639
4.332,0.083432000000003,0.0876457964876567,5.29346615255688
4.334,0.0834840000000031,0.0876432202562892,5.33893478777298
4.336,0.0835360000000031,0.0876441639370091,5.38375957545223
4.338,0.0835880000000031,0.0876487944542618,5.42781647363457
4.34,0.0836400000000031,0.0876568344055758,5.47093533393264
4.342,0.0836990000000031,0.0876685650368178,5.51263008662227
4.344,0.0837580000000031,0.0876837300974423,5.55238607354571
4.346,0.0838170000000031,0.0877021046414801,5.58955047128827
4.348,0.0838760000000031,0.0877236077825745,5.62307936274478
4.35,0.0839350000000032,0.0877478156994254,5.65205415795624
4.352,0.0840000000000032,0.0877745623916859,5.67465432036878
4.354,0.0840650000000032,0.0878031479501095,5.69056004872352
4.356,0.0841300000000032,0.0878333793053789,5.69794362381387
4.358,0.0841950000000032,0.0878648592752137,5.6948997719474
4.36,0.0842600000000032,0.0878971014638004,5.68098761544924
4.362,0.0843300000000032,0.0879297735189803,5.65480857613221
4.364,0.0844000000000032,0.0879625311741433,5.61463028062311
4.366,0.0844700000000032,0.0879950581671309,5.5603425529075
4.368,0.0845400000000033,0.0880271185462979,5.49119049908963
4.37,0.0846100000000033,0.0880585485614525,5.40706367894547
4.372,0.0846840000000033,0.0880891955766809,5.30706670461532
4.374,0.0847580000000032,0.0881190383096701,5.19188913927585
4.376,0.0848320000000033,0.0881480974530904,5.06199613937367
4.378,0.0849060000000033,0.0881764474732568,4.91794931035545
4.38,0.0849800000000033,0.0882042489955369,4.76097164210192
4.382,0.0850570000000033,0.0882317046726131,4.59219430538154
4.384,0.0851340000000033,0.0882590824870162,4.41309170350881
4.386,0.0852110000000034,0.0882866884940599,4.22549186688567
4.388,0.0852880000000034,0.0883149154870785,4.03079757687644
4.39,0.0853650000000034,0.0883441736809556,3.83124628003006
4.392,0.0854440000000034,0.0883748174946334,3.6288425965086
4.394,0.0855230000000034,0.0884072598877733,3.42533035154481
4.396,0.0856020000000034,0.0884419543622144,3.22250214340105
4.398,0.0856810000000034,0.0884791892764549,3.02195483248278
4.4,0.0857600000000034,0.0885192850515746,2.82510643310411
4.402,0.0858400000000034,0.0885625102026021,2.63315503266011
4.404,0.0859200000000034,0.0886090924899456,2.44715394769423
4.406,0.0860000000000034,0.0886591477910719,2.26781942992282
4.408,0.0860800000000035,0.0887126988008506,2.09554799125601
4.41,0.0861600000000035,0.088769795876929,1.93069705870492
4.412,0.0862400000000035,0.0888304957431431,1.77356182422359
4.414,0.0863200000000035,0.0888945490963293,1.62369265185217
4.416,0.0864000000000035,0.0889618446551539,1.48085652608233
4.418,0.0864800000000035,0.0890321462940254,1.34448072047406
4.42,0.0865600000000035,0.0891051968308614,1.21387669055071
4.422,0.0866400000000035,0.0891805477665972,1.08789431646741
4.424,0.0867200000000036,0.0892578420589095,0.965528657205287
4.426,0.0868000000000036,0.0893366862651545,0.845652942623112
4.428,0.0868800000000036,0.0894165662522468,0.72695888023574
4.43,0.0869600000000036,0.0894970941770904,0.608284222243211
4.432,0.0870400000000037,0.0895778112693964,0.48844343758167
4.434,0.0871200000000037,0.089658287530239,0.36631042968322
4.436,0.0872000000000037,0.089738133280727,0.24092063299471
4.438,0.0872800000000037,0.089817064374145,0.111679495695893
4.44,0.0873600000000037,0.0898947561501809,-0.0221789243184103
4.442,0.0874400000000037,0.0899710955488491,-0.160606183330625
4.444,0.0875200000000037,0.0900460353593389,-0.303386814552107
4.446,0.0876000000000037,0.0901194878613837,-0.45038645948197
4.448,0.0876800000000037,0.0901914685634809,-0.601079303337768
4.45,0.0877600000000037,0.0902620586555968,-0.754741056329341
4.452,0.0878400000000037,0.0903313995380444,-0.910502483519335
4.454,0.0879200000000037,0.0903996061479196,-1.06744428889514
4.456,0.0880000000000038,0.0904669062540307,-1.22446900146453
4.458,0.0880800000000038,0.0905335020424444,-1.38042474240648
4.46,0.0881600000000038,0.0905996641117782,-1.53420850802659
4.462,0.0882400000000038,0.0906656563854631,-1.68441943735106
4.464,0.0883200000000038,0.0907317699619581,-1.82992737614268
4.466,0.0884000000000039,0.0907982954520697,-1.96946647960064
4.468,0.0884800000000039,0.0908655453871141,-2.10168699830133
4.47,0.0885600000000039,0.0909338120931487,-2.22543656361191
4.472,0.0886400000000039,0.0910033413839296,-2.33984600954619
4.474,0.0887200000000039,0.0910745080223286,-2.44317422628472
4.476,0.0888000000000039,0.0911474599246746,-2.5351297744266
4.478,0.0888800000000039,0.0912225192582563,-2.6141963347418
4.48,0.088960000000004,0.0912999226636746,-2.67930592683947
4.482,0.0890400000000039,0.0913796544071936,-2.73071759965106
4.484,0.0891200000000039,0.0914618406460708,-2.76773190165706
4.486,0.089200000000004,0.0915465178474237,-2.79008918071441
4.488,0.089280000000004,0.0916337425589775,-2.79732137264828
4.49,0.089360000000004,0.0917232107597449,-2.79105263462543
4.492,0.089440000000004,0.09181506707471,-2.77008862173393
4.494,0.089520000000004,0.0919089010219024,-2.73651968787331
4.496,0.089600000000004,0.0920045280110013,-2.69092796756473
4.498,0.089680000000004,0.0921017117884755,-2.63400632564647
4.5,0.0897600000000041,0.0922000047014454,-2.56793160610894
4.502,0.0898400000000041,0.0922991313009913,-2.4933418594963
4.504,0.0899200000000041,0.0923986544929191,-2.41227361644776
4.506,0.0900000000000042,0.0924981954259255,-2.32588586104526
4.508,0.0900800000000042,0.0925973579319706,-2.23591157597859
4.51,0.0901600000000042,0.0926957271381527,-2.1437011877285
4.512,0.0902400000000042,0.0927929125651251,-2.05063030124591
4.514,0.0903200000000042,0.0928887616200383,-1.95781270782034
4.516,0.0904000000000042,0.0929828421333806,-1.86627048665671
4.518,0.0904800000000042,0.0930750036186763,-1.77673607765487
4.52,0.0905600000000042,0.0931651576835116,-1.68964054637351
4.522,0.0906400000000042,0.0932532880561339,-1.60514702689571
4.524,0.0907200000000042,0.0933394277464532,-1.52322111562958
4.526,0.0908000000000042,0.0934236236440733,-1.44368861449822
4.528,0.0908800000000043,0.0935061196002411,-1.36603547996199
4.53,0.0909600000000043,0.0935869664628908,-1.28982144270035
4.532,0.0910400000000043,0.0936665348016386,-1.21419612262561
4.534,0.0911200000000043,0.0937450687225264,-1.13830457931762
4.536,0.0912000000000043,0.0938229119793249,-1.06120951593869
4.538,0.0912800000000043,0.0939003989543687,-0.981918406597602
4.54,0.0913600000000044,0.0939778643211035,-0.899557142349531
4.542,0.0914400000000044,0.0940555943280559,-0.813535376087818
4.544,0.0915200000000044,0.094133894337303,-0.722953037286895
4.546,0.0916000000000045,0.0942129366131101,-0.62776331775203
4.548,0.0916800000000045,0.0942929489645628,-0.527436174673119
4.55,0.0917600000000045,0.0943740461567323,-0.422042654087972
4.552,0.0918400000000045,0.0944563455523066,-0.311564810974727
4.554,0.0919200000000045,0.0945398251537845,-0.196506284429339
4.556,0.0920000000000045,0.0946245230293834,-0.0771086419679112
4.558,0.0920800000000045,0.0947103288592933,0.0458630940501904
4.56,0.0921600000000045,0.0947971610151128,0.171765358395344
4.562,0.0922400000000045,0.0948849090224045,0.29980795113091
4.564,0.0923200000000045,0.0949733539202073,0.42901000812971
4.566,0.0924000000000045,0.0950623915270736,0.558571016329871
4.568,0.0924800000000046,0.0951518024822891,0.687441080942857
4.57,0.0925600000000046,0.0952413831293995,0.814604038665082
4.572,0.0926400000000046,0.09533092966801,0.939148930147738
4.574,0.0927200000000046,0.0954202362290513,1.06004025226518
4.576,0.0928000000000047,0.0955091260090521,1.1765652601455
4.578,0.0928800000000047,0.0955973985437098,1.28777342388884
4.58,0.0929600000000047,0.0956848128664424,1.39251225516108
4.582,0.0930390000000047,0.0957712174127455,1.49032220762316
4.584,0.0931180000000048,0.0958564255222836,1.58042138635111
4.586,0.0931970000000048,0.0959402793065529,1.66220025679101
4.588,0.0932760000000048,0.0960225429855962,1.73457689077928
4.59,0.0933550000000048,0.0961032391836107,1.79790190676544
4.592,0.0934320000000048,0.0961822869248761,1.85181794799054
4.594,0.0935090000000048,0.0962596416981091,1.89607781052499
4.596,0.0935860000000048,0.0963353805145506,1.93101903324076
4.598,0.0936630000000048,0.0964096357099573,1.95722550004684
4.6,0.0937400000000048,0.0964824936350993,1.97495845630329
4.602,0.0938140000000049,0.0965540686430652,1.98460885370109
4.604,0.0938880000000049,0.096624511080215,1.98676258598981
4.606,0.0939620000000049,0.0966939452720099,1.98180469023385
4.608,0.0940360000000049,0.0967625505802432,1.97045122960566
4.61,0.0941100000000049,0.0968304861521701,1.95320368201787
4.612,0.0941800000000049,0.0968979349356986,1.93054725441226
4.614,0.094250000000005,0.0969651309451165,1.90333337659811
4.616,0.094320000000005,0.0970322831881058,1.87225155959278
4.618,0.094390000000005,0.0970995839629914,1.83788016799453
4.62,0.094460000000005,0.0971671864756616,1.80080321012585
4.622,0.094525000000005,0.0972352200237107,1.76134934982507
4.624,0.0945900000000051,0.0973037888905143,1.71978322353494
4.626,0.0946550000000051,0.0973729243144679,1.67635271523116
4.628,0.0947200000000051,0.0974426442622393,1.63109150316245
4.63,0.0947850000000052,0.0975129428121539,1.58386928456793
4.632,0.0948440000000052,0.0975837365163142,1.53455548024328
4.634,0.0949030000000052,0.0976549374807503,1.482742527775
4.636,0.0949620000000052,0.0977263999432963,1.42816146032459
4.638,0.0950210000000052,0.0977979703676396,1.37011806264629
4.64,0.0950800000000052,0.0978694623574287,1.30822910210172
4.642,0.0951320000000053,0.0979406731235686,1.24175234610126
4.644,0.0951840000000053,0.0980113651004012,1.16991744189143
4.646,0.0952360000000053,0.098081317298534,1.09220920489059
4.648,0.0952880000000053,0.0981503071117706,1.00805446009097
4.65,0.0953400000000053,0.0982179933345181,0.916300277560692
4.652,0.0953840000000053,0.0982842298855614,0.816942243413502
4.654,0.0954280000000053,0.0983486891969415,0.709014093408163
4.656,0.0954720000000053,0.0984111648910422,0.592232421302471
4.658,0.0955160000000053,0.0984715543219526,0.466724412322654
4.66,0.0955600000000053,0.0985296183391088,0.332051634967335
4.662,0.0955950000000054,0.0985853061130814,0.188538841753118
4.664,0.0956300000000054,0.098638546473567,0.0364064273586684
4.666,0.0956650000000054,0.098689295444425,-0.124021808373897
4.668,0.0957000000000055,0.0987374974618269,-0.292418858238569
4.67,0.0957350000000055,0.0987833270134357,-0.467702127920065
4.672,0.0957600000000055,0.0988269470163136,-0.64886216246847
4.674,0.0957850000000055,0.0988686083606979,-0.834692964677983
4.676,0.0958100000000056,0.0989083750397612,-1.02427620908514
4.678,0.0958350000000056,0.0989466975095148,-1.21585243318054
4.68,0.0958600000000056,0.0989838180367047,-1.40807940294215
4.682,0.0958740000000056,0.0990200422677681,-1.59944621475716
4.684,0.0958880000000056,0.0990556847259491,-1.78869165571883
4.686,0.0959020000000056,0.099090964480782,-1.97457008832022
4.688,0.0959160000000056,0.099126096201433,-2.15595585465959
4.69,0.0959300000000056,0.0991612600957926,-2.33201244448742
4.692,0.0959320000000057,0.0991965941670197,-2.50175913863443
4.694,0.0959340000000057,0.09923216433831,-2.66501430360508
4.696,0.0959360000000057,0.0992680066843004,-2.82105091595532
4.698,0.0959380000000057,0.0993040796135079,-2.96993566097477
4.7,0.0959400000000057,0.0993402996939841,-3.1116921538039
4.702,0.0959310000000058,0.0993765376703138,-3.24650123714621
4.704,0.0959220000000058,0.0994126317266205,-3.37474609937174
4.706,0.0959130000000058,0.0994484066026136,-3.49696912689061
4.708,0.0959040000000058,0.0994836146718482,-3.61335809445252
4.71,0.0958950000000059,0.0995180065938231,-3.72470640040862
4.712,0.0958760000000059,0.0995513691265807,-3.83189528439707
4.714,0.0958570000000059,0.0995833530998594,-3.9354266157161
4.716,0.0958380000000059,0.0996136821688222,-4.0362068247858
4.718,0.095819000000006,0.0996420556323027,-4.1350343718063
4.72,0.095800000000006,0.0996681033829249,-4.23271842411012
4.722,0.095772000000006,0.0996914153037201,-4.33014505321549
4.724,0.095744000000006,0.0997118589069434,-4.42802747500026
4.726,0.095716000000006,0.0997289501887644,-4.52700171924866
4.728,0.095688000000006,0.0997425776803209,-4.62742174013311
4.73,0.095660000000006,0.0997527437553589,-4.72937273850735
4.732,0.0956240000000061,0.0997590575733222,-4.83294138762176
4.734,0.0955880000000061,0.099761595896657,-4.93782829118639
4.736,0.0955520000000061,0.0997604659242376,-5.04359113438823
4.738,0.0955160000000061,0.0997556703433658,-5.14969994115292
4.74,0.0954800000000061,0.0997473821171969,-5.25548520629118
4.742,0.0954370000000062,0.0997355538778213,-5.3600580412786
4.744,0.0953940000000062,0.0997206183126003,-5.46253705740199
4.746,0.0953510000000062,0.0997027558312243,-5.56186920786576
4.748,0.0953080000000063,0.0996822572536791,-5.65693146841046
4.75,0.0952650000000063,0.0996594485139715,-5.74652228049355
4.752,0.0952160000000063,0.099634671484212,-5.82932660493968
4.754,0.0951670000000063,0.0996082928941944,-5.90362887957872
4.756,0.0951180000000063,0.0995808283672632,-5.96908791561871
4.758,0.0950690000000063,0.09955256169164,-6.02336154522652
4.76,0.0950200000000064,0.0995239272975625,-6.06515750706125
4.762,0.0949660000000064,0.0994952926197083,-6.09401049836998
4.764,0.0949120000000064,0.0994669897725544,-6.10789474910127
4.766,0.0948580000000064,0.0994393139628909,-6.10602681449662
4.768,0.0948040000000065,0.0994125127371592,-6.08745903509761
4.77,0.0947500000000065,0.0993867606232152,-6.0516599162204
4.772,0.0946920000000065,0.09936223969616,-5.99730350575017
4.774,0.0946340000000065,0.0993389125990899,-5.9256488888276
4.776,0.0945760000000065,0.099316909692034,-5.83490740197428
4.778,0.0945180000000066,0.0992960809812981,-5.72671357492087
4.78,0.0944600000000066,0.099276306642965,-5.60179452627041
4.782,0.0943990000000066,0.0992574462728102,-5.46031473467171
4.784,0.0943380000000067,0.0992392197235196,-5.30401753862766
4.786,0.0942770000000067,0.0992213101789097,-5.1344931477512
4.788,0.0942160000000067,0.0992033412596771,-4.95357172990393
4.79,0.0941550000000067,0.0991848832994618,-4.76328356656201
4.792,0.0940920000000068,0.099165452851691,-4.56573538742266
4.794,0.0940290000000067,0.0991445578941439,-4.36330735985654
4.796,0.0939660000000068,0.0991217299349585,-4.15825997368295
4.798,0.0939030000000068,0.099096410077739,-3.95260058367843
4.8,0.0938400000000068,0.0990682854080579,-3.74827235894458
4.802,0.0937760000000068,0.0990368222923849,-3.54703779485692
4.804,0.0937120000000068,0.09900171099519,-3.35035301086688
4.806,0.0936480000000069,0.0989630188938835,-3.15883600405739
4.808,0.0935840000000069,0.0989202655698312,-2.97376625423842
4.81,0.0935200000000069,0.0988734404102489,-2.79562193360506
4.812,0.093456000000007,0.0988226170762992,-2.62455096148148
4.814,0.093392000000007,0.0987677664154674,-2.46076593896691
4.816,0.093328000000007,0.0987090978731675,-2.30393859087057
4.818,0.093264000000007,0.0986468059694652,-2.15365566100689
4.82,0.093200000000007,0.0985813429959079,-2.00895195239642
4.822,0.0931360000000071,0.0985130479511995,-1.86899700156276
4.824,0.0930720000000071,0.0984422765781259,-1.73284094278484
4.826,0.0930080000000071,0.0983695245722645,-1.59924862404512
4.828,0.0929440000000072,0.0982952739431003,-1.46696610624754
4.83,0.0928800000000072,0.0982200108867734,-1.33474206143453
4.832,0.0928160000000072,0.0981441978559704,-1.20139980069836
4.834,0.0927520000000072,0.0980682938115851,-1.0656274624774
4.836,0.0926880000000072,0.0979927119490033,-0.926516089231133
4.838,0.0926240000000072,0.0979178369838927,-0.783056056387773
4.84,0.0925600000000072,0.0978439901120619,-0.634532049895887
4.842,0.0924960000000073,0.0977713839870664,-0.480605836479739
4.844,0.0924320000000073,0.0977001398831347,-0.321244894148876
4.846,0.0923680000000073,0.097630394452709,-0.156354856453555
4.848,0.0923040000000074,0.0975621356478334,0.0135849943851169
4.85,0.0922400000000074,0.0974953080514555,0.187954568661432
4.852,0.0921760000000074,0.0974297817295561,0.365885232363399
4.854,0.0921120000000075,0.0973654146191704,0.546448454068533
4.856,0.0920480000000075,0.0973019953489293,0.728520407707235
4.858,0.0919840000000075,0.0972393241698023,0.911028672462556
4.86,0.0919200000000075,0.0971771866443395,1.09285941976885
4.862,0.0918560000000076,0.0971153604732872,1.27277204981966
4.864,0.0917920000000076,0.097053583013676,1.4494091510295
4.866,0.0917280000000076,0.0969916123797955,1.62199763764177
4.868,0.0916640000000077,0.0969292111371706,1.78926185460406
4.87,0.0916000000000077,0.0968660897929854,1.9497514221378
4.872,0.0915360000000077,0.0968019979360867,2.10242647726712
4.874,0.0914720000000077,0.0967366724130852,2.24612636868309
4.876,0.0914080000000077,0.0966698680881376,2.37978144015136
4.878,0.0913440000000077,0.0966013442339412,2.50231769651907
4.88,0.0912800000000077,0.0965309160548261,2.61293825582428
4.882,0.0912160000000078,0.096458209120282,2.70959660032545
4.884,0.0911520000000078,0.0963833911325158,2.79343658341768
4.886,0.0910880000000078,0.0963061785960068,2.86273406276725
4.888,0.0910240000000078,0.0962265627712255,2.91733724278929
4.89,0.0909600000000079,0.0961445793418134,2.9572609440675
4.892,0.0908960000000079,0.0960601450234367,2.98162307510518
4.894,0.0908320000000079,0.0959736023961419,2.99215510869383
4.896,0.090768000000008,0.0958850139923029,2.98868524248304
4.898,0.090704000000008,0.0957945804514081,2.97169512327144
4.9,0.090640000000008,0.0957026756537294,2.94280507677515
4.902,0.0905760000000081,0.0956096251737159,2.90324404373608
4.904,0.0905120000000081,0.0955157438834705,2.85380699265005
4.906,0.0904480000000082,0.0954214505136396,2.79628961809354
4.908,0.0903840000000082,0.0953271127375452,2.73205452277958
4.91,0.0903200000000082,0.0952331195810318,2.66225355363735
4.912,0.0902560000000082,0.0951398235696782,2.58837564711105
4.914,0.0901920000000083,0.0950474523394949,2.51165768624435
4.916,0.0901280000000083,0.0949563434360404,2.4328415675725
4.918,0.0900640000000083,0.094866725753204,2.3528321249942
4.92,0.0900000000000083,0.0947786322773628,2.27226688662151
4.922,0.0899360000000084,0.0946921945829858,2.19149675068155
4.924,0.0898720000000083,0.0946074431490378,2.11069892130083
4.926,0.0898080000000084,0.0945242804206793,2.02984856184657
4.928,0.0897440000000084,0.0944425761394426,1.94878033394985
4.93,0.0896800000000084,0.094362257520829,1.86715270228633
4.932,0.0896160000000084,0.0942831366889551,1.78444669192696
4.934,0.0895520000000085,0.0942049106303066,1.70019693483525
4.936,0.0894880000000085,0.0941273988915268,1.61368099714393
4.938,0.0894240000000086,0.0940503295582315,1.52419061117407
4.94,0.0893600000000086,0.0939734425583953,1.43120149616259
4.942,0.0892960000000086,0.093896519287618,1.33420820576001
4.944,0.0892320000000086,0.0938193434336599,1.23271441156703
4.946,0.0891680000000087,0.0937417631539643,1.12674199865572
4.948,0.0891040000000087,0.0936636292608026,1.01607632884684
4.95,0.0890400000000087,0.0935848214570334,0.900693860804928
4.952,0.0889760000000087,0.0935052465387273,0.780670666797243
4.954,0.0889120000000088,0.0934248541667747,0.656257832133383
4.956,0.0888480000000088,0.09334356490897,0.527496816525544
4.958,0.0887840000000088,0.0932614380590555,0.395045245567431
4.96,0.0887200000000088,0.0931785506814478,0.259522154686456
4.962,0.0886560000000089,0.0930949329542668,0.12138620820794
4.964,0.0885920000000089,0.0930108127706779,-0.0182632557016427
4.966,0.0885280000000089,0.092926267445774,-0.158816256216813
4.968,0.0884640000000089,0.0928415165271995,-0.299230219183479
4.97,0.0884000000000089,0.0927567665271277,-0.438491868301795
4.972,0.0883360000000089,0.0926722352759242,-0.575556849770367
4.974,0.088272000000009,0.092588105450155,-0.709627497923495
4.976,0.088208000000009,0.0925045947423934,-0.839615685024078
4.978,0.0881440000000091,0.0924218630257564,-0.964821077214994
4.98,0.0880800000000091,0.0923401061728735,-1.08431169038481
4.982,0.0880170000000091,0.092259491499857,-1.19730643645093
4.984,0.0879540000000092,0.0921801368512253,-1.30327579973406
4.986,0.0878910000000092,0.0921021039396057,-1.40196250467913
4.988,0.0878280000000092,0.0920255689041517,-1.49245221166076
4.99,0.0877650000000093,0.0919505400462071,-1.57470979826497
4.992,0.0877040000000093,0.0918770033307717,-1.64876534167127
4.994,0.0876430000000093,0.0918049238095536,-1.71469832642418
4.996,0.0875820000000093,0.0917342802137793,-1.77241469172044
4.998,0.0875210000000094,0.0916649391040497,-1.82237100457035
5,0.0874600000000094,0.0915967494453796,-1.86509447983902
5.002,0.0874020000000094,0.0915296335457026,-1.90058901294846
5.004,0.0873440000000094,0.0914634052513007,-1.92956779344039
5.006,0.0872860000000094,0.0913979613026121,-1.95211677389773
5.008,0.0872280000000095,0.0913331162745378,-1.96903502270225
5.01,0.0871700000000095,0.0912687544937783,-1.98048188848489
5.012,0.0871160000000095,0.091204725745183,-1.98664605093569
5.014,0.0870620000000096,0.0911408443115442,-1.98831740409727
5.016,0.0870080000000096,0.0910769756233795,-1.98575975743593
5.018,0.0869540000000097,0.091013000460392,-1.97923946477906
5.02,0.0869000000000097,0.0909488504583273,-1.9691399968352
5.022,0.0868510000000097,0.0908844839978222,-1.955449676437
5.024,0.0868020000000098,0.0908198920444546,-1.93814076772412
5.026,0.0867530000000098,0.090755098701428,-1.91718706711912
5.028,0.0867040000000098,0.0906901473242259,-1.89244136984958
5.03,0.0866550000000098,0.0906251014080084,-1.86372194704546
5.032,0.0866120000000099,0.0905600431362635,-1.8306674910308
5.034,0.0865690000000099,0.0904950706702874,-1.7931756492946
5.036,0.0865260000000099,0.0904302768596521,-1.75112789105448
5.038,0.0864830000000099,0.0903657991587853,-1.70382774647659
5.04,0.08644000000001,0.0903017571888043,-1.65110045066456
5.042,0.08640400000001,0.0902382332966841,-1.59292932863581
5.044,0.08636800000001,0.0901753997796695,-1.52840244785936
5.046,0.08633200000001,0.0901132962163497,-1.45781878516158
5.048,0.0862960000000101,0.0900520703240701,-1.38057614157815
5.05,0.0862600000000101,0.0899918572578438,-1.29634229679571
5.052,0.0862320000000101,0.0899328058416673,-1.20481673508269
5.054,0.0862040000000102,0.0898751429057789,-1.10534949670139
5.056,0.0861760000000102,0.089819095648809,-0.997414825789248
5.058,0.0861480000000103,0.0897648101365743,-0.880899506742771
5.06,0.0861200000000103,0.0897126617788822,-0.754679953326027
5.062,0.0861010000000103,0.0896626412685991,-0.619365432003649
5.064,0.0860820000000103,0.0896150217538363,-0.474342773685032
5.066,0.0860630000000104,0.0895698650390061,-0.31987701313023
5.068,0.0860440000000104,0.089527304336848,-0.155967099816924
5.07,0.0860250000000104,0.0894873239790116,0.0168500294738714
5.072,0.0860160000000105,0.0894498870301157,0.197957854535546
5.074,0.0860070000000105,0.0894147889833608,0.38620577600012
5.076,0.0859980000000105,0.08938194766596,0.580804546847412
5.078,0.0859890000000105,0.0893510437546367,0.78024578173021
5.08,0.0859800000000105,0.0893217891557725,0.983042115794326
5.082,0.0859820000000106,0.0892938034709333,1.18748666575662
5.084,0.0859840000000106,0.0892667093388226,1.39197824018571
5.086,0.0859860000000106,0.0892402188869815,1.59485812292224
5.088,0.0859880000000107,0.0892140046741519,1.79484161208331
5.09,0.0859900000000107,0.0891878441979873,1.99078350245006
5.092,0.0860040000000107,0.0891615360798164,2.18127630437355
5.094,0.0860180000000108,0.0891349666928433,2.365969727922
5.096,0.0860320000000108,0.0891080356835089,2.54358840247391
5.098,0.0860460000000109,0.0890807722693523,2.71443413788644
5.1,0.0860600000000109,0.0890532206149964,2.87806151842916
5.102,0.0860850000000109,0.0890254957826367,3.03454013085604
5.104,0.086110000000011,0.0889977574536412,3.1843620542638
5.106,0.086135000000011,0.0889702166116994,3.32756301222504
5.108,0.086160000000011,0.088943102394728,3.46482181515917
5.11,0.0861850000000111,0.0889166903885813,3.5966752430641
5.112,0.0862200000000111,0.0888912648108331,3.72386133706246
5.114,0.0862550000000111,0.0888671162580106,3.84713048623364
5.116,0.0862900000000111,0.0888445941471456,3.96713661665711
5.118,0.0863250000000111,0.0888239479850057,4.08474765984466
5.12,0.0863600000000112,0.0888054392857812,4.20064504726771
5.122,0.0864040000000112,0.088789586612058,4.31547173414372
5.124,0.0864480000000112,0.0887763865394565,4.42993563069209
5.126,0.0864920000000113,0.0887663138059035,4.54452641779522
5.128,0.0865360000000113,0.0887595159092737,4.65961125788597
5.13,0.0865800000000114,0.0887559852507366,4.77532063222386
5.132,0.0866320000000114,0.088755963385667,4.89168207856577
5.134,0.0866840000000114,0.0887594314317874,5.00852826868977
5.136,0.0867360000000115,0.0887664857904115,5.12555996804326
5.138,0.0867880000000115,0.0887769046167242,5.24235490351509
5.14,0.0868400000000115,0.0887906988438157,5.35841425226532
5.142,0.0868990000000116,0.0888077717099628,5.47313225089382
5.144,0.0869580000000116,0.0888280515236922,5.58574725440855
5.146,0.0870170000000116,0.0888513858142957,5.69536593950625
5.148,0.0870760000000116,0.0888775608857876,5.80091577157938
5.15,0.0871350000000117,0.0889059993452994,5.90201451741333
5.152,0.0872000000000117,0.0889366762534628,5.99723035327591
5.154,0.0872650000000117,0.088969356483981,6.08510959982286
5.156,0.0873300000000117,0.0890035796083832,6.16455982151138
5.158,0.0873950000000118,0.0890389684642011,6.23384802530578
5.16,0.0874600000000118,0.0890750673149937,6.29270339538686
5.162,0.0875300000000118,0.0891115536721684,6.33824111779497
5.164,0.0876000000000118,0.0891480165469466,6.37002647226778
5.166,0.0876700000000119,0.0891841421505658,6.3869235670421
5.168,0.0877400000000119,0.0892195866608894,6.38649637136229
5.17,0.0878100000000119,0.0892541792556593,6.36943247649938
5.172,0.087884000000012,0.089287731875084,6.33437883343206
5.174,0.087958000000012,0.0893201812398945,6.28135054800605
5.176,0.0880320000000121,0.0893514432859365,6.20920050111249
5.178,0.0881060000000121,0.0893816121329096,6.11887163366485
5.18,0.0881800000000122,0.0894107645218291,6.0103784600783
5.182,0.0882570000000122,0.089439089017897,5.88516140377891
5.184,0.0883340000000122,0.089466746202693,5.74343897868708
5.186,0.0884110000000122,0.0894939922858143,5.58697834844539
5.188,0.0884880000000123,0.0895210988068837,5.41710307807564
5.19,0.0885650000000123,0.0895483810895439,5.23520155058273
5.192,0.0886440000000124,0.0895762030748875,5.04313161209995
5.194,0.0887230000000123,0.0896049310189508,4.84302650074837
5.196,0.0888020000000124,0.0896350067973524,4.63670076374799
5.198,0.0888810000000124,0.0896669427273958,4.42626355488177
5.2,0.0889600000000125,0.0897009989231729,4.21398480929315
5.202,0.0890400000000125,0.0897377572418593,4.00159845940323
5.204,0.0891200000000125,0.0897775961365356,3.79098568602389
5.206,0.0892000000000125,0.0898207789717343,3.58362388008247
5.208,0.0892800000000126,0.0898674833165741,3.38062758049557
5.21,0.0893600000000126,0.0899181072326577,3.18327870021107
5.212,0.0894400000000126,0.0899727479119073,2.99232880572615
5.214,0.0895200000000127,0.0900314113142482,2.8082328708037
5.216,0.0896000000000127,0.0900941702914104,2.63142596014439
5.218,0.0896800000000128,0.090160949686582,2.46199503507786
5.22,0.0897600000000128,0.0902315316346038,2.29964674672038
5.222,0.0898400000000129,0.0903055966823893,2.1437976214598
5.224,0.0899200000000129,0.0903830324528823,1.99414487289479
5.226,0.0900000000000129,0.0904632636586135,1.84943120772446
5.228,0.0900800000000129,0.090545894551068,1.70865047391591
5.23,0.0901600000000129,0.0906304695266894,1.57060202751486
5.232,0.090240000000013,0.0907164783931783,1.43388935735207
5.234,0.090320000000013,0.0908033392091917,1.29698487420249
5.236,0.090400000000013,0.0908905049948929,1.1584466734149
5.238,0.0904800000000131,0.0909774853956621,1.0169479288383
5.24,0.0905600000000131,0.0910638073087077,0.871200379902659
5.242,0.0906400000000131,0.0911490484168297,0.720111504880377
5.244,0.0907200000000131,0.0912327945210296,0.562606618638414
5.246,0.0908000000000132,0.0913149120371729,0.39867421927677
5.248,0.0908800000000132,0.0913950795561214,0.227522271016963
5.25,0.0909600000000132,0.0914732296713441,0.0493579094862462
5.252,0.0910400000000133,0.0915493724589374,-0.135387270579241
5.254,0.0911200000000133,0.0916235461062322,-0.326136376884255
5.256,0.0912000000000134,0.0916960356967996,-0.521547754856173
5.258,0.0912800000000134,0.0917669805301466,-0.72064941570246
5.26,0.0913600000000135,0.0918367049735041,-0.921949358673397
5.262,0.0914400000000135,0.0919055110825663,-1.12402761449278
5.264,0.0915200000000135,0.0919736981096535,-1.32547638766522
5.266,0.0916000000000135,0.0920415658431983,-1.52482324663079
5.268,0.0916800000000135,0.0921094296530609,-1.72065682721516
5.27,0.0917600000000136,0.0921775675135947,-1.91186383994217
5.272,0.0918400000000136,0.0922462985120254,-2.09681508523867
5.274,0.0919200000000136,0.092315931257265,-2.27422858865702
5.276,0.0920000000000137,0.0923867920760995,-2.44264235981844
5.278,0.0920800000000137,0.0924591124236967,-2.60119022534705
5.28,0.0921600000000137,0.0925331777122144,-2.74851733243724
5.282,0.0922400000000138,0.0926092809578912,-2.88314699452764
5.284,0.0923200000000138,0.0926874768692987,-3.00493776858169
5.286,0.0924000000000138,0.0927679462295449,-3.11285996660111
5.288,0.0924800000000139,0.0928509154684486,-3.20551766332208
5.29,0.0925600000000139,0.0929363685732701,-3.28290760922647
5.292,0.0926400000000139,0.0930243563094725,-3.34455781717881
5.294,0.092720000000014,0.0931150921035791,-3.3888688674056
5.296,0.092800000000014,0.0932081590084654,-3.41819825204785
5.298,0.0928800000000141,0.0933039453691979,-3.42966687984316
5.3,0.0929600000000141,0.0934021308327066,-3.42491873534728
5.302,0.0930400000000142,0.0935027807475876,-3.40291191160043
5.304,0.0931200000000142,0.0936053945068927,-3.36657756533181
5.306,0.0932000000000142,0.0937100927134639,-3.31415513469096
5.308,0.0932800000000142,0.0938164020663883,-3.24831505270391
5.31,0.0933600000000143,0.0939241193094202,-3.16933477577656
5.312,0.0934400000000143,0.0940328637444148,-3.07897975774012
5.314,0.0935200000000143,0.094142263348339,-2.97904553949406
5.316,0.0936000000000143,0.0942519363460698,-2.87017880874631
5.318,0.0936800000000144,0.0943613969492632,-2.75496712834478
5.32,0.0937600000000144,0.0944702216594816,-2.63514985226715
5.322,0.0938400000000144,0.0945779073215578,-2.51247044440509
5.324,0.0939200000000144,0.0946840433421346,-2.38871819830548
5.326,0.0940000000000145,0.0947882422031717,-2.26550368815
5.328,0.0940800000000145,0.0948900833668418,-2.14429960738231
5.33,0.0941600000000145,0.0949895535735453,-2.02590166253214
5.332,0.0942400000000146,0.0950863277963306,-1.91127649559857
5.334,0.0943200000000147,0.0951803798189169,-1.8008703211574
5.336,0.0944000000000147,0.095271684557369,-1.69495671836003
5.338,0.0944800000000147,0.0953604454212172,-1.59326248378962
5.34,0.0945600000000148,0.0954468875139132,-1.49533751659061
5.342,0.0946400000000148,0.0955312251951943,-1.40060634357503
5.344,0.0947200000000148,0.0956138361006687,-1.30812816953694
5.346,0.0948000000000148,0.0956951116680159,-1.21683375263358
5.348,0.0948800000000149,0.0957755053776458,-1.12546167931309
5.35,0.0949600000000149,0.0958554985327795,-1.03284639234605
5.352,0.0950400000000149,0.0959355127232553,-0.937653456416005
5.354,0.095120000000015,0.0960159870838032,-0.83875745439277
5.356,0.095200000000015,0.0960973122914995,-0.735110046510141
5.358,0.095280000000015,0.0961797863182081,-0.626039645209599
5.36,0.0953600000000151,0.0962636580330859,-0.511023152594733
5.362,0.0954400000000151,0.0963490741091933,-0.389881675894351
5.364,0.0955200000000151,0.0964362134021375,-0.262296757514265
5.366,0.0956000000000152,0.0965250245520429,-0.128786959993796
5.368,0.0956800000000152,0.0966154505375993,0.0101685231477541
5.37,0.0957600000000152,0.0967073961007948,0.153954948802086
5.372,0.0958400000000153,0.0968007381030306,0.301856639840481
5.374,0.0959200000000154,0.0968952354999436,0.452792935227665
5.376,0.0960000000000154,0.0969906694793199,0.605675437222772
5.378,0.0960800000000154,0.0970866949965574,0.75921161918485
5.38,0.0961600000000155,0.0971831116826507,0.912340059923421
5.382,0.0962390000000155,0.0972795912451072,1.0636290282565
5.384,0.0963180000000156,0.0973758691422571,1.21209458509788
5.386,0.0963970000000156,0.0974716837767473,1.35650950870678
5.388,0.0964760000000156,0.0975667607488789,1.49560187721055
5.39,0.0965550000000156,0.0976609167229785,1.62864157297029
5.392,0.0966320000000157,0.0977538906569464,1.7543404237864
5.394,0.0967090000000157,0.0978455522799937,1.87220172933941
5.396,0.0967860000000157,0.0979356145885699,1.98078823968405
5.398,0.0968630000000157,0.0980238630042337,2.07907418826884
5.4,0.0969400000000158,0.0981102985446504,2.16717526735236
5.402,0.0970140000000158,0.098194719098955,2.24398622041614
5.404,0.0970880000000158,0.0982770116596854,2.30881537761671
5.406,0.0971620000000158,0.0983571445345749,2.36131226629215
5.408,0.0972360000000159,0.0984352498708658,2.40199468464963
5.41,0.0973100000000159,0.0985113443151701,2.43069188554714
5.412,0.097380000000016,0.0985853656705783,2.44661384036825
5.414,0.097450000000016,0.0986575778501672,2.45090975550894
5.416,0.0975200000000161,0.0987281435587981,2.44416131670963
5.418,0.0975900000000161,0.0987971385664307,2.42624646164699
5.42,0.0976600000000161,0.0988647633614835,2.39774685677793
5.422,0.0977250000000162,0.0989312521547712,2.35941593952433
5.424,0.0977900000000162,0.0989968745641751,2.31237370667179
5.426,0.0978550000000162,0.0990618459103187,2.25734577412109
5.428,0.0979200000000163,0.0991263706208312,2.1951035560778
5.43,0.0979850000000163,0.0991906159219754,2.12623225805603
5.432,0.0980440000000164,0.099254714571694,2.05123100519502
5.434,0.0981030000000164,0.0993187552180654,1.9710737518953
5.436,0.0981620000000164,0.0993827746131419,1.88560642562079
5.438,0.0982210000000164,0.0994467769076865,1.79550855683677
5.44,0.0982800000000165,0.0995107252021297,1.7007309584165
5.442,0.0983320000000165,0.0995745501536779,1.60147177515221
5.444,0.0983840000000165,0.0996381369177867,1.4975684996279
5.446,0.0984360000000165,0.099701338661856,1.38890322601639
5.448,0.0984880000000166,0.0997639937731776,1.2753080740215
5.45,0.0985400000000166,0.0998259556827596,1.15669148915895
5.452,0.0985840000000167,0.0998870285840355,1.0326169955407
5.454,0.0986280000000167,0.0999470310637597,0.902816986686398
5.456,0.0986720000000167,0.100005852151047,0.767333998334419
5.458,0.0987160000000168,0.10006339029885,0.626185478205766
5.46,0.0987600000000168,0.100119419682803,0.478904400747029
5.462,0.0987950000000168,0.100173990043377,0.326110971550534
5.464,0.0988300000000169,0.100226951255055,0.167630621892291
5.466,0.0988650000000169,0.100278319110916,0.00389444398473557
5.468,0.0989000000000169,0.100328023934298,-0.164956349482154
5.47,0.098935000000017,0.100376146817458,-0.338320828932226
5.472,0.098960000000017,0.100422734701144,-0.515729760240313
5.474,0.098985000000017,0.100467725732506,-0.696929128424418
5.476,0.0990100000000171,0.100511407884232,-0.880853921143909
5.478,0.0990350000000171,0.100553723770971,-1.067187915363
5.48,0.0990600000000171,0.100594930794614,-1.25501107763222
5.482,0.0990740000000171,0.100635058009521,-1.44368222053585
5.484,0.0990880000000172,0.100674293110354,-1.63232555019525
5.486,0.0991020000000172,0.100712805879475,-1.82023493460758
5.488,0.0991160000000173,0.10075066066536,-2.00662077846102
5.49,0.0991300000000173,0.100787995204402,-2.19095791218401
5.492,0.0991320000000173,0.100824859136396,-2.3725113369787
5.494,0.0991340000000174,0.100861325503058,-2.55070868049366
5.496,0.0991360000000174,0.100897427856122,-2.72507885914765
5.498,0.0991380000000175,0.100933150825691,-2.89516445470456
5.5,0.0991400000000175,0.100968468725627,-3.0610082682477
5.502,0.0991310000000175,0.101003254110333,-3.22213901962158
5.504,0.0991220000000176,0.101037428656937,-3.37888967929335
5.506,0.0991130000000176,0.101070859951071,-3.53131558057774
5.508,0.0991040000000176,0.101103375628616,-3.67943021921538
5.51,0.0990950000000177,0.101134837249865,-3.82349868734487
5.512,0.0990760000000177,0.101165111354938,-3.96381910609434
5.514,0.0990570000000177,0.10119398272815,-4.10050826744574
5.516,0.0990380000000178,0.101221314971232,-4.23392751228991
5.518,0.0990190000000178,0.101246950443167,-4.36433575407488
5.52,0.0990000000000178,0.101270615704972,-4.49180851804822
5.522,0.0989720000000178,0.101292270281537,-4.61670189962678
5.524,0.0989440000000179,0.101311636671734,-4.73901387644233
5.526,0.0989160000000179,0.101328503813991,-4.85880616767718
5.528,0.0988880000000179,0.101342948376498,-4.97629158078879
5.53,0.098860000000018,0.101354599450875,-5.09111024735121
5.532,0.098824000000018,0.101363428465033,-5.20307062208742
5.534,0.0987880000000181,0.101369548927473,-5.31205912758556
5.536,0.0987520000000181,0.101372790543951,-5.4176054832866
5.538,0.0987160000000181,0.101373302120945,-5.51960445807403
5.54,0.0986800000000182,0.101370948368154,-5.61758160456073
5.542,0.0986370000000182,0.101365971378743,-5.7115957819471
5.544,0.0985940000000182,0.101358194405463,-5.8010476421991
5.546,0.0985510000000183,0.101347932603997,-5.88610895507789
5.548,0.0985080000000183,0.101335000488361,-5.96600410614186
5.55,0.0984650000000183,0.101319839650187,-6.04114287781211
5.552,0.0984160000000183,0.101302389616772,-6.1108976235539
5.554,0.0983670000000184,0.101282682795547,-6.17473629497547
5.556,0.0983180000000184,0.101261085439168,-6.23304319320417
5.558,0.0982690000000185,0.101237463466979,-6.28474463007542
5.56,0.0982200000000185,0.10121198472826,-6.32963143322637
5.562,0.0981660000000185,0.101184774945519,-6.36737455178697
5.564,0.0981120000000186,0.101155892473743,-6.39742775752092
5.566,0.0980580000000186,0.101125457262571,-6.4196256938782
5.568,0.0980040000000186,0.101093495468315,-6.43334421785304
5.57,0.0979500000000187,0.101060047404777,-6.43787448828825
5.572,0.0978920000000187,0.101025268116754,-6.43301821496333
5.574,0.0978340000000188,0.100989249342484,-6.41786943923365
5.576,0.0977760000000188,0.100952146323219,-6.39164276317641
5.578,0.0977180000000188,0.100914153278059,-6.353736403397
5.58,0.0976600000000189,0.100875462435451,-6.3033717638745
5.582,0.0975990000000189,0.100836267492258,-6.23950177304274
5.584,0.0975380000000189,0.10079678380606,-6.16113177493209
5.586,0.0974770000000189,0.100757216759819,-6.06807567338312
5.588,0.097416000000019,0.100717714970495,-5.96038003592973
5.59,0.097355000000019,0.100678398363903,-5.83716523899673
5.592,0.097292000000019,0.100639343916516,-5.69802392338131
5.594,0.0972290000000191,0.100600554743185,-5.54354754386679
5.596,0.0971660000000191,0.100561976564281,-5.3744809118691
5.598,0.0971030000000191,0.100523504189705,-5.19100114910631
5.6,0.0970400000000192,0.100484960313341,-4.99452905655704
5.602,0.0969760000000192,0.10044611508096,-4.78643605485236
5.604,0.0969120000000192,0.100406620936171,-4.56773441416184
5.606,0.0968480000000193,0.10036614153473,-4.34082732837543
5.608,0.0967840000000193,0.10032414702173,-4.10728137352202
5.61,0.0967200000000193,0.10028042804434,-3.86968062767243
5.612,0.0966560000000194,0.100234389274885,-3.62958155873993
5.614,0.0965920000000194,0.100185786929055,-3.38897496522663
5.616,0.0965280000000195,0.100134290237125,-3.14942274966908
5.618,0.0964640000000195,0.100079573206908,-2.91242327417989
5.62,0.0964000000000196,0.100021456261338,-2.67924747450851
5.622,0.0963360000000196,0.0999600429817541,-2.45054818065595
5.624,0.0962720000000196,0.0998952174898196,-2.22707784054513
5.626,0.0962080000000196,0.0998271162394505,-2.00908127647032
5.628,0.0961440000000196,0.0997557880913515,-1.79681608242227
5.63,0.0960800000000196,0.0996816664376744,-1.58971415594607
5.632,0.0960160000000197,0.0996049576633586,-1.38750280968384
5.634,0.0959520000000197,0.0995260248669212,-1.18952875245243
5.636,0.0958880000000198,0.0994452926492283,-0.99493831681117
5.638,0.0958240000000198,0.0993631908997015,-0.802806766677091
5.64,0.0957600000000198,0.099280136268877,-0.61219913711264
5.642,0.0956960000000199,0.0991965681212427,-0.422137400629299
5.644,0.0956320000000199,0.0991128928913907,-0.231723476189187
5.646,0.09556800000002,0.0990294688828794,-0.0402144856684271
5.648,0.09550400000002,0.0989465972461143,0.152925517540411
5.65,0.09544000000002,0.0988644619421021,0.347894581494759
5.652,0.0953760000000201,0.0987832365451749,0.54481663418623
5.654,0.0953120000000201,0.0987029414123594,0.743408570099253
5.656,0.0952480000000202,0.0986236152997555,0.943340119438629
5.658,0.0951840000000202,0.0985451988050677,1.14399894493408
5.66,0.0951200000000202,0.0984675749723503,1.34466054701037
5.662,0.0950560000000203,0.098390621573798,1.54456890926672
5.664,0.0949920000000203,0.0983142017156364,1.74290618954614
5.666,0.0949280000000203,0.0982381640676726,1.93885231894033
5.668,0.0948640000000204,0.0981623598320283,2.13126386204718
5.67,0.0948000000000204,0.0980865952202061,2.31950431937294
5.672,0.0947360000000205,0.0980106914807841,2.50212313599346
5.674,0.0946720000000205,0.0979345047960685,2.67899147459186
5.676,0.0946080000000205,0.0978578148926811,2.84854743263715
5.678,0.0945440000000205,0.0977803803822688,3.00959895228344
5.68,0.0944800000000205,0.0977020520145389,3.16175877921559
5.682,0.0944160000000206,0.0976225789965899,3.30362947049444
5.684,0.0943520000000206,0.0975416787574161,3.43366814024081
5.686,0.0942880000000207,0.0974592119548046,3.55142092154405
5.688,0.0942240000000207,0.0973749123767119,3.65534773335752
5.69,0.0941600000000207,0.0972887110433693,3.74530504379525
5.692,0.0940960000000208,0.0972002876041604,3.81921539790996
5.694,0.0940320000000208,0.0971095968593781,3.87688432273162
5.696,0.0939680000000209,0.0970166371953825,3.91828211599949
5.698,0.0939040000000209,0.0969212967618471,3.9424492563656
5.7,0.0938400000000209,0.0968236051247254,3.94930039345017
5.702,0.093776000000021,0.0967236274516741,3.93883228572751
5.704,0.093712000000021,0.0966215735404042,3.91198360009783
5.706,0.093648000000021,0.0965176243029377,3.86928265953891
5.708,0.0935840000000211,0.0964120466949326,3.81176052590995
5.71,0.0935200000000211,0.0963051484798033,3.74064941807892
5.712,0.0934560000000211,0.0961972682098627,3.65733526653587
5.714,0.0933920000000212,0.0960887673114043,3.56331693759192
5.716,0.0933280000000212,0.0959800298420185,3.45991467840568
5.718,0.0932640000000212,0.0958714578304287,3.34928852893412
5.72,0.0932000000000212,0.0957633965358112,3.23291280114103
5.722,0.0931360000000212,0.0956562483510622,3.11214679442099
5.724,0.0930720000000213,0.0955504185739981,2.98859068684105
5.726,0.0930080000000214,0.0954462178864755,2.86378485752613
5.728,0.0929440000000214,0.0953439270936912,2.73895856545859
5.73,0.0928800000000214,0.0952438055325927,2.61519187254884
5.732,0.0928160000000215,0.0951459173139558,2.49320990362924
5.734,0.0927520000000215,0.0950503719813666,2.37358114259065
5.736,0.0926880000000216,0.0949572873765287,2.25675268576485
5.738,0.0926240000000216,0.0948664069511544,2.14255910412215
5.74,0.0925600000000216,0.0947775984395412,2.03081096108691
5.742,0.0924960000000217,0.094690742233423,1.9211902952483
5.744,0.0924320000000217,0.0946055185167307,1.81300065447232
5.746,0.0923680000000217,0.0945216453419355,1.70546048414948
5.748,0.0923040000000218,0.0944387009917339,1.59769762786583
5.75,0.0922400000000218,0.0943564071704298,1.48878333551928
5.752,0.0921760000000219,0.0942743913062878,1.37781578067818
5.754,0.0921120000000218,0.0941923122656907,1.26375173866872
5.756,0.0920480000000219,0.0941098950588723,1.14614184573354
5.758,0.0919840000000219,0.094026853948356,1.02407126892159
5.76,0.0919200000000219,0.0939429667077525,0.89712540715865
5.762,0.0918560000000219,0.093858119303634,0.765241998511589
5.764,0.091792000000022,0.0937721994306642,0.62825682754248
5.766,0.0917280000000221,0.0936851603514343,0.486253682778099
5.768,0.0916640000000221,0.0935970660337503,0.339730655918964
5.77,0.0916000000000221,0.0935079772496358,0.189105579104624
5.772,0.0915360000000222,0.0934180313222749,0.0350791682126309
5.774,0.0914720000000222,0.0933274618577134,-0.121313878615071
5.776,0.0914080000000223,0.0932364709222151,-0.279194016641446
5.778,0.0913440000000223,0.0931453101720545,-0.437482590933245
5.78,0.0912800000000223,0.0930542848664812,-0.594910851130982
5.782,0.0912170000000224,0.0929636889240904,-0.750240946543494
5.784,0.0911540000000224,0.0928737871822187,-0.902343902042413
5.786,0.0910910000000224,0.0927849011904567,-1.04978159926339
5.788,0.0910280000000224,0.0926972203466785,-1.19165739626839
5.79,0.0909650000000225,0.092610944402329,-1.32697079898231
5.792,0.0909040000000225,0.0925262253817788,-1.45490077065237
5.794,0.0908430000000225,0.0924432968955814,-1.57419037691161
5.796,0.0907820000000225,0.0923622667431541,-1.68413777271592
5.798,0.0907210000000226,0.0922831808918591,-1.78431863858732
5.8,0.0906600000000226,0.0922061660263983,-1.87385765127563
5.802,0.0906020000000226,0.0921311964826769,-1.95259977145605
5.804,0.0905440000000227,0.0920583639411311,-2.01967122672802
5.806,0.0904860000000227,0.0919874797071307,-2.07566499462922
5.808,0.0904280000000228,0.091918492323351,-2.12035703511133
5.81,0.0903700000000228,0.0918512646442349,-2.15394325866461
5.812,0.0903160000000229,0.0917856819725942,-2.176338132175
5.814,0.0902620000000229,0.0917214548206654,-2.18867977643927
5.816,0.0902080000000229,0.0916584149366653,-2.19125246410873
5.818,0.090154000000023,0.0915963966633575,-2.18413304515601
5.82,0.090100000000023,0.0915351435267759,-2.16799497047249
5.822,0.090051000000023,0.0914743504180341,-2.1447748195248
5.824,0.0900020000000231,0.0914139045766987,-2.11396300203534
5.826,0.0899530000000231,0.0913536283276026,-2.07648745303329
5.828,0.0899040000000231,0.0912934261619024,-2.03280943909197
5.83,0.0898550000000232,0.0912332667605357,-1.98340321035259
5.832,0.0898120000000232,0.0911731722644512,-1.92838746578316
5.834,0.0897690000000232,0.0911132066611808,-1.86786168090848
5.836,0.0897260000000232,0.0910534784076635,-1.80164628741169
5.838,0.0896830000000232,0.0909940905726977,-1.73011543186508
5.84,0.0896400000000233,0.090935179161169,-1.6530671147044
5.842,0.0896040000000233,0.0908769163870007,-1.57019717405648
5.844,0.0895680000000234,0.0908194674717119,-1.48138992610497
5.846,0.0895320000000234,0.0907629617484082,-1.38671669141687
5.848,0.0894960000000235,0.0907075845621842,-1.28583438547262
5.85,0.0894600000000235,0.0906534779942473,-1.17861961232752
5.852,0.0894320000000236,0.0906007810477063,-1.0649433239928
5.854,0.0894040000000236,0.0905495160196774,-0.94514016600196
5.856,0.0893760000000236,0.0904997892723735,-0.819149985195591
5.858,0.0893480000000237,0.0904517219348482,-0.686879705565335
5.86,0.0893200000000237,0.0904053212100539,-0.54866041937823
5.862,0.0893010000000237,0.0903605606548062,-0.404878779949849
5.864,0.0892820000000238,0.0903174809226924,-0.255657994968039
5.866,0.0892630000000238,0.0902760888663641,-0.101211668231748
5.868,0.0892440000000238,0.0902364073686903,0.0583191175117559
5.87,0.0892250000000238,0.0901984495233339,0.222781463809011
5.872,0.0892160000000239,0.0901621363797923,0.391789327797024
5.874,0.0892070000000239,0.090127529460914,0.565343792392102
5.876,0.0891980000000239,0.0900945147880062,0.74296843453819
5.878,0.089189000000024,0.0900630173079701,0.924282031025398
5.88,0.089180000000024,0.0900330152233264,1.10897325228561
5.882,0.089182000000024,0.0900043077921401,1.29626117565081
5.884,0.0891840000000241,0.0899767805589328,1.48551848226555
5.886,0.0891860000000241,0.0899502374849315,1.67592961518953
5.888,0.0891880000000241,0.0899245375469129,1.86670104656197
5.89,0.0891900000000242,0.0898994917495029,2.05700576067482
5.892,0.0892040000000242,0.0898749618580202,2.2458892807022
5.894,0.0892180000000243,0.0898507685699746,2.43237213959402
5.896,0.0892320000000243,0.0898267751921165,2.61555856667451
5.898,0.0892460000000243,0.0898028876518208,2.79483966678929
5.9,0.0892600000000244,0.0897790777188028,2.96932573760449
5.902,0.0892850000000244,0.0897553696351817,3.13888606713159
5.904,0.0893100000000244,0.0897318483027108,3.30323536429038
5.906,0.0893350000000245,0.0897086440959615,3.46232675174932
5.908,0.0893600000000245,0.0896859234230533,3.6162480588015
5.91,0.0893850000000245,0.0896638844060435,3.76522700300551
5.912,0.0894200000000246,0.0896427547332684,3.90952180837858
5.914,0.0894550000000246,0.0896228413736541,4.04939198870698
5.916,0.0894900000000246,0.0896043463736247,4.18555126298324
5.918,0.0895250000000247,0.0895876324943175,4.31829191935921
5.92,0.0895600000000247,0.0895729785764415,4.44816239846938
5.922,0.0896040000000247,0.0895606670530648,4.57558720322022
5.924,0.0896480000000248,0.0895509664514795,4.70095560144964
5.926,0.0896920000000248,0.0895442239658896,4.824558227642
5.928,0.0897360000000249,0.0895405115374939,4.94667451208351
5.93,0.0897800000000249,0.0895402088190885,5.06723759876092
5.932,0.0898320000000249,0.0895431839991624,5.18621430456124
5.934,0.089884000000025,0.089549709654404,5.30319968294774
5.936,0.089936000000025,0.0895596041640448,5.41789841117589
5.938,0.089988000000025,0.0895728134165879,5.52987426562439
5.94,0.0900400000000251,0.0895894462767795,5.63844377827068
5.942,0.0900990000000251,0.089609146812972,5.74338158673888
5.944,0.0901580000000251,0.0896318974589418,5.84413222577419
5.946,0.0902170000000252,0.0896575724927686,5.94026828334564
5.948,0.0902760000000252,0.0896861021269424,6.03127645810022
5.95,0.0903350000000252,0.0897173038401402,6.11687228548009
5.952,0.0904000000000253,0.0897511306102431,6.19650573182231
5.954,0.0904650000000253,0.0897871655327672,6.270603374098
5.956,0.0905300000000253,0.0898255501822192,6.33825169098775
5.958,0.0905950000000253,0.0898661497395798,6.39918733586646
5.96,0.0906600000000254,0.0899088616956321,6.45308642273166
5.962,0.0907300000000254,0.089953593525326,6.49958524418774
5.964,0.0908000000000255,0.090000255028459,6.53824435201557
5.966,0.0908700000000255,0.0900486229937275,6.56915822941883
5.968,0.0909400000000256,0.09009871619623,6.59123036255799
5.97,0.0910100000000256,0.0901503992542561,6.60373611315691
5.972,0.0910840000000257,0.0902034776545596,6.60612909880767
5.974,0.0911580000000257,0.0902577937365093,6.59724870903564
5.976,0.0912320000000257,0.0903131055034766,6.57643868383359
5.978,0.0913060000000257,0.0903692176307716,6.54226854948877
5.98,0.0913800000000258,0.0904258738382598,6.49434868127454
5.982,0.0914570000000258,0.090482873895959,6.43070583638316
5.984,0.0915340000000258,0.0905399909164757,6.35235914254677
5.986,0.0916110000000259,0.090597076560651,6.2571790173128
5.988,0.0916880000000259,0.0906539971301403,6.14533807584683
5.99,0.091765000000026,0.0907106808942072,6.01656000834147
5.992,0.091844000000026,0.0907671024966916,5.87053267381138
5.994,0.091923000000026,0.0908233051213057,5.70822256007338
5.996,0.092002000000026,0.0908793603145706,5.52979841639334
5.998,0.092081000000026,0.0909353914445686,5.33646808617415
6,0.0921600000000261,0.0909915471936514,5.12954880771666
6.002,0.0922400000000261,0.091048044253664,4.90964777475703
6.004,0.0923200000000262,0.0911051288211709,4.67880573452127
6.006,0.0924000000000262,0.0911631172059268,4.43870775417127
6.008,0.0924800000000263,0.0912223245999113,4.19150804891211
6.01,0.0925600000000263,0.0912830939661157,3.9392418816891
6.012,0.0926400000000264,0.0913457713074298,3.68384405445576
6.014,0.0927200000000264,0.0914107120807116,3.42719823083557
6.016,0.0928000000000264,0.0914782529863154,3.17113724749854
6.018,0.0928800000000264,0.0915487986913319,2.91750606476437
6.02,0.0929600000000265,0.0916223146849487,2.66745314321626
6.022,0.0930400000000265,0.0916992369686445,2.4225506696929
6.024,0.0931200000000265,0.091779552305019,2.18362354377905
6.026,0.0932000000000266,0.0918634470641759,1.95167175752301
6.028,0.0932800000000266,0.091950669733279,1.72667843289783
6.03,0.0933600000000266,0.0920411859399627,1.50892297547947
6.032,0.0934400000000267,0.0921348809631635,1.29843634292624
6.034,0.0935200000000267,0.0922312168158285,1.09417054835348
6.036,0.0936000000000267,0.0923300885888919,0.896011944745216
6.038,0.0936800000000267,0.0924310156549044,0.702904261251147
6.04,0.0937600000000268,0.0925335521028636,0.513812250867999
6.042,0.0938400000000268,0.0926372348446538,0.327616901232231
6.044,0.0939200000000269,0.0927415535257053,0.143059928126468
6.046,0.0940000000000269,0.0928460315850365,-0.0410425224956815
6.048,0.094080000000027,0.0929502441086554,-0.225713648565447
6.05,0.094160000000027,0.0930538117951001,-0.411819442128372
6.052,0.0942400000000271,0.0931564892040255,-0.599843283284841
6.054,0.0943200000000271,0.0932580967623127,-0.790047302745219
6.056,0.0944000000000271,0.0933585043430759,-0.982484840567379
6.058,0.0944800000000271,0.0934576767846027,-1.17692332276722
6.06,0.0945600000000272,0.0935556531250689,-1.3728677999068
6.062,0.0946400000000272,0.0936526114738989,-1.56958214947331
6.064,0.0947200000000272,0.093748667278117,-1.7662800291342
6.066,0.0948000000000273,0.0938440132408927,-1.96179862090699
6.068,0.0948800000000273,0.0939389523829365,-2.15501914180468
6.07,0.0949600000000273,0.0940337495320668,-2.34463861223487
6.072,0.0950400000000274,0.0941286995319454,-2.52933426153128
6.074,0.0951200000000274,0.0942240964205593,-2.7078118096302
6.076,0.0952000000000274,0.0943202377015009,-2.87869923385368
6.078,0.0952800000000275,0.0944174505799558,-3.04042240409182
6.08,0.0953600000000275,0.0945158893806759,-3.19258051055602
6.082,0.0954400000000275,0.0946158623970572,-3.3334268032874
6.084,0.0955200000000276,0.0947176012597157,-3.46170301826418
6.086,0.0956000000000276,0.0948211401466261,-3.57735693834233
6.088,0.0956800000000277,0.0949267349448787,-3.67865298345066
6.09,0.0957600000000277,0.0950344335368778,-3.76519879576368
6.092,0.0958400000000278,0.0951442753495521,-3.83656525123686
6.094,0.0959200000000278,0.0952563634935101,-3.891781830842
6.096,0.0960000000000278,0.09537066611704,-3.93075854460733
6.098,0.0960800000000278,0.0954872326462841,-3.95267567391896
6.1,0.0961600000000279,0.0956058193225781,-3.95890071522457
6.102,0.0962400000000279,0.0957265277311808,-3.94798475342958
6.104,0.0963200000000279,0.0958491235015398,-3.92096895282381
6.106,0.0964000000000279,0.0959734359366327,-3.87803014320567
6.108,0.096480000000028,0.0960990539338928,-3.82176133751924
6.11,0.096560000000028,0.0962258401219943,-3.75167210954924
6.112,0.0966400000000281,0.0963534118054994,-3.66995701088497
6.114,0.0967200000000281,0.0964815017858883,-3.57675873667967
6.116,0.0968000000000281,0.0966097483577146,-3.47558160720788
6.118,0.0968800000000282,0.0967378706509835,-3.36533598291814
6.12,0.0969600000000282,0.0968655955749323,-3.24875720430534
6.122,0.0970400000000282,0.0969926297168418,-3.12667548890309
6.124,0.0971200000000283,0.0971185259406615,-2.99982782017922
6.126,0.0972000000000283,0.0972433807170668,-2.87047932735042
6.128,0.0972800000000284,0.0973666889710692,-2.7389347150979
6.13,0.0973600000000284,0.0974883642598459,-2.60635807021791
6.132,0.0974400000000285,0.0976082350719702,-2.47360188841758
6.134,0.0975200000000285,0.097726225303999,-2.34135186921147
6.136,0.0976000000000285,0.0978423655747768,-2.21005306912411
6.138,0.0976800000000285,0.0979566522691813,-2.08002022046817
6.14,0.0977600000000286,0.0980692044598748,-1.95134203887141
6.142,0.0978400000000286,0.0981802297770881,-1.82387646143413
6.144,0.0979200000000286,0.0982899148496526,-1.69733686944429
6.146,0.0980000000000286,0.0983984802039914,-1.57121999118349
6.148,0.0980800000000287,0.0985063178028052,-1.44486955232171
6.15,0.0981600000000287,0.0986136595249879,-1.31760823262987
6.152,0.0982400000000288,0.0987207971986517,-1.18883776913834
6.154,0.0983200000000288,0.0988279530772612,-1.05805428069356
6.156,0.0984000000000288,0.0989352898155378,-0.924964900670885
6.158,0.0984800000000289,0.0990429182954243,-0.789373933613582
6.16,0.0985600000000289,0.0991509046571381,-0.651235486470532
6.162,0.0986400000000289,0.0992593076331522,-0.510419417956631
6.164,0.098720000000029,0.0993681146564545,-0.367153641138741
6.166,0.098800000000029,0.0994772890373152,-0.22170630327585
6.168,0.0988800000000291,0.0995867989758168,-0.0742434236484441
6.17,0.0989600000000291,0.0996965470215552,0.0747799751838726
6.172,0.0990400000000291,0.0998063939122848,0.224717927456914
6.174,0.0991200000000292,0.0999161815421137,0.374945745352252
6.176,0.0992000000000292,0.100025701417923,0.524617365268499
6.178,0.0992800000000293,0.100134765057156,0.672926659132441
6.18,0.0993600000000293,0.10024307930142,0.818713502805122
6.182,0.0994390000000294,0.100350449048771,0.96108838392184
6.184,0.0995180000000294,0.100456592960444,1.0987979841713
6.186,0.0995970000000294,0.100561399808429,1.23118138616329
6.188,0.0996760000000294,0.10066470776126,1.35733143193577
6.19,0.0997550000000295,0.100766422646595,1.47654613829398
6.192,0.0998320000000295,0.100866446527179,1.58801007403625
6.194,0.0999090000000295,0.100964831172989,1.69151162026245
6.196,0.0999860000000295,0.10106163898032,1.78684291266196
6.198,0.10006300000003,0.101156988744968,1.8740434785302
6.2,0.10014000000003,0.101250906966936,1.95253533947882
6.202,0.10021400000003,0.101343648344856,2.0230519944101
6.204,0.10028800000003,0.101435286277781,2.08502550764347
6.206,0.10036200000003,0.1015261098833,2.13958028196106
6.208,0.10043600000003,0.101616234717339,2.18631398300974
6.21,0.10051000000003,0.101705870108608,2.2258755359205
6.212,0.10058000000003,0.101795153999277,2.2579606121818
6.214,0.10065000000003,0.101884254379282,2.28329001253875
6.216,0.10072000000003,0.101973278228475,2.30178054847882
6.218,0.10079000000003,0.102062309629321,2.31358548020302
6.22,0.10086000000003,0.102151402835805,2.31832422102563
6.222,0.10092500000003,0.10224056186426,2.31653025988335
6.224,0.10099000000003,0.102329766780311,2.30801938892198
6.226,0.10105500000003,0.102418970603021,2.29279424958466
6.228,0.10112000000003,0.102508103845959,2.27085705121331
6.23,0.10118500000003,0.102597075815646,2.24220361672636
6.232,0.10124400000003,0.102685775688708,2.20681613867571
6.234,0.10130300000003,0.102774050448679,2.16437323192784
6.236,0.10136200000003,0.102861811156384,2.11552635444658
6.238,0.10142100000003,0.102948838123583,2.0594848081085
6.24,0.10148000000003,0.103034984961266,1.99643130600593
6.242,0.10153200000003,0.103120098795453,1.92636582796993
6.244,0.10158400000003,0.103203971309897,1.84894102465839
6.246,0.10163600000003,0.103286445586473,1.76407840037182
6.248,0.101688000000031,0.103367350555715,1.67153961116173
6.25,0.101740000000031,0.103446609819326,1.57146083645609
6.252,0.101784000000031,0.103524069991205,1.46357153395698
6.254,0.101828000000031,0.103599718718388,1.34819951433315
6.256,0.101872000000031,0.103673434245592,1.22521238464682
6.258,0.101916000000031,0.103745152898131,1.09474372344604
6.26,0.101960000000031,0.103814857283386,0.957090804672857
6.262,0.101995000000031,0.103882633687037,0.812862695045315
6.264,0.102030000000031,0.103948306854917,0.661782429127412
6.266,0.102065000000031,0.10401202489748,0.504605386857997
6.268,0.102100000000031,0.104073818574192,0.341652446979647
6.27,0.102135000000031,0.104133827209796,0.173528115890874
6.272,0.102160000000031,0.1041921345629,0.000631342085011683
6.274,0.102185000000031,0.104248835298108,-0.176630484167913
6.276,0.102210000000031,0.104303992665025,-0.357943253800536
6.278,0.102235000000031,0.10435778811284,-0.542686993377499
6.28,0.102260000000031,0.104410389550991,-0.730297137944897
6.282,0.102274000000031,0.104461809155892,-0.920554813222945
6.284,0.102288000000031,0.104512231623963,-1.1127957486459
6.286,0.102302000000031,0.104561778736378,-1.30650797002475
6.288,0.102316000000031,0.104610510961508,-1.50124589111489
6.29,0.102330000000031,0.104658497562262,-1.69654354171322
6.292,0.102332000000031,0.10470578634474,-1.89199993800535
6.294,0.102334000000031,0.10475238387178,-2.08721706962055
6.296,0.102336000000031,0.104798303351866,-2.2817275874665
6.298,0.102338000000031,0.104843562644299,-2.47495798326857
6.3,0.102340000000032,0.104888191809254,-2.66618848468924
6.302,0.102331000000032,0.104932248473656,-2.85471099577692
6.304,0.102322000000032,0.104975763914647,-3.03977775429232
6.306,0.102313000000032,0.105018748475197,-3.22070374557907
6.308,0.102304000000032,0.105061176838667,-3.39691338116056
6.31,0.102295000000032,0.105102980237721,-3.56797448609657
6.312,0.102276000000032,0.105144061031073,-3.73371824444734
6.314,0.102257000000032,0.105184204868023,-3.89366908335966
6.316,0.102238000000032,0.105223260255641,-4.04815301695974
6.318,0.102219000000032,0.105260990209267,-4.19722805284481
6.32,0.102200000000032,0.105297134803591,-4.34104772915851
6.322,0.102172000000032,0.105331473952661,-4.47993888244785
6.324,0.102144000000032,0.105363645610065,-4.61392128539042
6.326,0.102116000000032,0.105393478349283,-4.74340020620827
6.328,0.102088000000032,0.105420623704535,-4.86836468940794
6.33,0.102060000000032,0.105445061233725,-4.98915446771686
6.332,0.102024000000032,0.105466336681751,-5.10522777075644
6.334,0.101988000000032,0.1054847074065,-5.21689446084946
6.336,0.101952000000032,0.105499840535928,-5.32342142163201
6.338,0.101916000000032,0.105511884390026,-5.42473266323302
6.34,0.101880000000032,0.10552082416978,-5.5204749918221
6.342,0.101837000000032,0.105526567212486,-5.61012453396711
6.344,0.101794000000032,0.105529409158047,-5.69392411058919
6.346,0.101751000000032,0.105529208045089,-5.77121116303576
6.348,0.101708000000032,0.105526199217255,-5.84203571296602
6.35,0.101665000000032,0.105520528636773,-5.9061678457111
6.352,0.101616000000032,0.105512287247232,-5.96308612563307
6.354,0.101567000000032,0.105501871779409,-6.01305436519719
6.356,0.101518000000033,0.105489369477334,-6.05529835241743
6.358,0.101469000000033,0.105474916639943,-6.08874295734135
6.36,0.101420000000033,0.105459037497839,-6.1142926478642
6.362,0.101366000000033,0.10544194073493,-6.13203904637501
6.364,0.101312000000033,0.105423534752163,-6.13919428299054
6.366,0.101258000000033,0.105404207223957,-6.13635430129931
6.368,0.101204000000033,0.105384144504914,-6.12321545151195
6.37,0.101150000000033,0.105363476303406,-6.09889322819393
6.372,0.101092000000033,0.105342360491047,-6.06337240421024
6.374,0.101034000000033,0.105320914102928,-6.01587932786884
6.376,0.100976000000033,0.105299272603259,-5.95581870774225
6.378,0.100918000000033,0.10527756811283,-5.88317911209219
6.38,0.100860000000033,0.105255918724471,-5.7968237311643
6.382,0.100799000000033,0.105234405026265,-5.69778459318643
6.384,0.100738000000033,0.105213089284567,-5.58532694780599
6.386,0.100677000000033,0.105191994446348,-5.4594701115813
6.388,0.100616000000033,0.105171082386509,-5.32127893852383
6.39,0.100555000000033,0.105150285731008,-5.17067599656454
6.392,0.100492000000033,0.105129480007068,-5.00899228194495
6.394,0.100429000000033,0.105108483178526,-4.83615991816704
6.396,0.100366000000033,0.105087115894926,-4.65424779286435
6.398,0.100303000000033,0.105065165911197,-4.46393680811339
6.4,0.100240000000033,0.10504237203756,-4.26604597279105
6.402,0.100176000000033,0.105018458391866,-4.06181296602357
6.404,0.100112000000033,0.104993212021202,-3.85260440599263
6.406,0.100048000000033,0.104966370825395,-3.63957924391203
6.408,0.0999840000000335,0.104937661948334,-3.42392652822618
6.41,0.0999200000000336,0.104906906606624,-3.20689550581427
6.412,0.0998560000000336,0.104873830254552,-2.98966086458671
6.414,0.0997920000000336,0.104838310559518,-2.77339511642552
6.416,0.0997280000000336,0.104800062192465,-2.55932379140451
6.418,0.0996640000000337,0.10475890421709,-2.34866151979545
6.42,0.0996000000000337,0.104714909841468,-2.14211093465658
6.422,0.0995360000000337,0.104667816187752,-1.94078452320909
6.424,0.0994720000000338,0.104617619415336,-1.74535430660359
6.426,0.0994080000000338,0.10456436153045,-1.556297926934
6.428,0.0993440000000338,0.104508323645948,-1.37344427321769
6.43,0.0992800000000339,0.104449592438477,-1.19696270027516
6.432,0.0992160000000339,0.104388453867401,-1.02650011197722
6.434,0.099152000000034,0.10432526151244,-0.861450208788165
6.436,0.099088000000034,0.104260260256124,-0.701426854723699
6.438,0.0990240000000341,0.104193807797377,-0.545676413514132
6.44,0.0989600000000341,0.104126241102156,-0.393433826973524
6.442,0.0988960000000342,0.104057854641873,-0.244030349044842
6.444,0.0988320000000342,0.10398897795904,-0.0966300637741096
6.446,0.0987680000000342,0.103919901138511,0.0495134729516163
6.448,0.0987040000000343,0.103850918154633,0.195116861349918
6.45,0.0986400000000343,0.103782280035163,0.340863838773292
6.452,0.0985760000000344,0.103714217817348,0.487295260694
6.454,0.0985120000000344,0.103646916847533,0.634829464042911
6.456,0.0984480000000344,0.103580449321942,0.783619709820177
6.458,0.0983840000000345,0.103514923065249,0.933785760556747
6.46,0.0983200000000345,0.103450378517179,1.08523033313192
6.462,0.0982560000000346,0.103386732815163,1.2376002453264
6.464,0.0981920000000346,0.103323926276982,1.39050336481836
6.466,0.0981280000000346,0.103261909353032,1.54336054463158
6.468,0.0980640000000346,0.103200491670277,1.69537782849217
6.47,0.0980000000000347,0.10313947550116,1.84578857123368
6.472,0.0979360000000347,0.103078672807502,1.99343729998507
6.474,0.0978720000000347,0.103017828375711,2.13729729866135
6.476,0.0978080000000348,0.102956667627959,2.27597097879463
6.478,0.0977440000000348,0.102894886666326,2.40803297634099
6.48,0.0976800000000349,0.102832290064642,2.53282853540917
6.482,0.0976160000000349,0.102768596564499,2.64881311773385
6.484,0.097552000000035,0.102703517800594,2.75437461284351
6.486,0.097488000000035,0.102636951149957,2.84915303153467
6.488,0.097424000000035,0.102568712362815,2.93206243091379
6.49,0.0973600000000351,0.102498554853312,3.00155226850724
6.492,0.0972960000000351,0.102426431122113,3.0574201519037
6.494,0.0972320000000352,0.102352124031547,3.0982370228906
6.496,0.0971680000000352,0.102275576826083,3.12359485224226
6.498,0.0971040000000352,0.102196720267272,3.13288688868007
6.5,0.0970400000000353,0.102115718594561,3.12704769555959
6.502,0.0969760000000353,0.102032339574705,3.10398896759168
6.504,0.0969120000000353,0.10194700747533,3.06611588719655
6.506,0.0968480000000354,0.101859906515337,3.01397906963437
6.508,0.0967840000000354,0.101771275146401,2.94821028219877
6.51,0.0967200000000354,0.101681486609039,2.87034474710176
6.512,0.0966560000000355,0.101590944667635,2.78230337957863
6.514,0.0965920000000355,0.101500014180866,2.68543206985323
6.516,0.0965280000000356,0.101409068229068,2.58162014158232
6.518,0.0964640000000356,0.101318481551172,2.47206227899574
6.52,0.0964000000000357,0.101228568406512,2.35860368899914
6.522,0.0963360000000357,0.101139644617356,2.2425580523851
6.524,0.0962720000000357,0.101052020462581,2.12529864137475
6.526,0.0962080000000358,0.100965965684396,2.0081429895232
6.528,0.0961440000000358,0.100881635601508,1.89222510432004
6.53,0.0960800000000358,0.10079920598426,1.77851035905564
6.532,0.0960160000000359,0.100718830488481,1.66790400824934
6.534,0.0959520000000359,0.100640413135234,1.56074965451761
6.536,0.095888000000036,0.100563965398691,1.45743314967056
6.538,0.095824000000036,0.100489327236421,1.3579013334534
6.54,0.0957600000000361,0.1004163196382,1.26192456026982
6.542,0.0956960000000361,0.100344724169547,1.1690704808086
6.544,0.0956320000000361,0.100274152474695,1.07841461238369
6.546,0.0955680000000361,0.100204256291842,0.989046578800736
6.548,0.0955040000000362,0.100134706086504,0.900038227879176
6.55,0.0954400000000362,0.100065159040931,0.810379852948186
6.552,0.0953760000000362,0.0999953094807078,0.719189020741802
6.554,0.0953120000000363,0.09992490367368,0.625686658118878
6.556,0.0952480000000363,0.0998537704682005,0.529367630399308
6.558,0.0951840000000364,0.0997817518396667,0.429715932213882
6.56,0.0951200000000364,0.0997088467197952,0.326749305676741
6.562,0.0950560000000365,0.0996349822184109,0.220178793146611
6.564,0.0949920000000365,0.0995601753536724,0.11002984931981
6.566,0.0949280000000366,0.0994844911878162,-0.00349399366938755
6.568,0.0948640000000366,0.0994079372972834,-0.120413893201649
6.57,0.0948000000000366,0.0993306766421204,-0.240134986037854
6.572,0.0947360000000367,0.0992527354863642,-0.362596356588038
6.574,0.0946720000000367,0.0991742395289126,-0.487333368136448
6.576,0.0946080000000367,0.0990953320282886,-0.613794092428744
6.578,0.0945440000000368,0.0990161632759701,-0.741375885467357
6.58,0.0944800000000368,0.098936911957242,-0.869325376056932
6.582,0.0944170000000369,0.0988577793299167,-0.996746304362932
6.584,0.0943540000000369,0.0987789643280278,-1.1227065270235
6.586,0.0942910000000369,0.0987006850818867,-1.24613360096895
6.588,0.0942280000000369,0.0986231557144594,-1.36592765302128
6.59,0.094165000000037,0.0985465721705941,-1.48104285236993
6.592,0.094104000000037,0.0984711274591379,-1.59042123714282
6.594,0.0940430000000371,0.0983969862636212,-1.69312406480875
6.596,0.0939820000000371,0.0983243593291654,-1.78794776001716
6.598,0.0939210000000372,0.0982534343582328,-1.87374673575416
6.6,0.0938600000000372,0.0981841814324563,-1.95049551778337
6.602,0.0938020000000373,0.0981168194350565,-2.01674209169852
6.604,0.0937440000000373,0.0980513494064099,-2.07210189071331
6.606,0.0936860000000374,0.0979876588046189,-2.11676853659405
6.608,0.0936280000000374,0.097925713903126,-2.15039088820772
6.61,0.0935700000000374,0.0978654053650216,-2.17297534097813
6.612,0.0935160000000375,0.0978066359716234,-2.18432324936713
6.614,0.0934620000000375,0.0977491797396813,-2.18516649657559
6.616,0.0934080000000375,0.0976929664286788,-2.17487957757669
6.618,0.0933540000000376,0.0976376589298202,-2.15528620146333
6.62,0.0933000000000376,0.097583192205654,-2.12561541197031
6.622,0.0932510000000377,0.0975293319140447,-2.08640557150806
6.624,0.0932020000000377,0.0974758170326468,-2.03958218376428
6.626,0.0931530000000377,0.0974225296301921,-1.98471713958651
6.628,0.0931040000000377,0.097369313099181,-1.92278470343397
6.63,0.0930550000000378,0.0973160792226001,-1.85449169549148
6.632,0.0930120000000378,0.0972628022195309,-1.78032714699885
6.634,0.0929690000000379,0.0972095115807273,-1.70067644963233
6.636,0.0929260000000379,0.0971562911272013,-1.61579375586531
6.638,0.092883000000038,0.0971032720389155,-1.5258297437196
6.64,0.092840000000038,0.0970506577024792,-1.43051816016803
6.642,0.0928040000000381,0.0969986009176168,-1.330391129527
6.644,0.0927680000000381,0.0969473675764966,-1.22488053313179
6.646,0.0927320000000382,0.0968972047060569,-1.11383167621293
6.648,0.0926960000000382,0.0968483797581666,-0.996971983035898
6.65,0.0926600000000382,0.0968011336218008,-0.874081431314122
6.652,0.0926320000000383,0.0967556826851917,-0.744992424319414
6.654,0.0926040000000383,0.0967121791341302,-0.609735046196854
6.656,0.0925760000000383,0.0966706180007111,-0.468765768113205
6.658,0.0925480000000384,0.0966311614438423,-0.322069987915628
6.66,0.0925200000000384,0.0965936350281248,-0.170510606711544
6.662,0.0925010000000385,0.0965580554893794,-0.0144132917553085
6.664,0.0924820000000385,0.0965243009951182,0.145597367360143
6.666,0.0924630000000385,0.0964922818411902,0.309014501871492
6.668,0.0924440000000386,0.0964619413767545,0.475414689657686
6.67,0.0924250000000386,0.0964330815568936,0.644169336197201
6.672,0.0924160000000386,0.096405587894193,0.814837374092789
6.674,0.0924070000000387,0.0963792861449819,0.98694083218182
6.676,0.0923980000000387,0.0963540441244924,1.16009975201054
6.678,0.0923890000000388,0.0963297592829789,1.33396378491179
6.68,0.0923800000000388,0.0963062411539535,1.50814313909519
6.682,0.0923820000000389,0.0962833747058082,1.68231056119487
6.684,0.0923840000000389,0.0962610328886122,1.85614443501988
6.686,0.092386000000039,0.0962391298676503,2.02934035731741
6.688,0.092388000000039,0.0962175836187637,2.20169602656844
6.69,0.0923900000000391,0.0961963845174301,2.37289910316466
6.692,0.0924040000000391,0.0961754957165993,2.54269302940685
6.694,0.0924180000000391,0.0961548919828368,2.71077223902116
6.696,0.0924320000000391,0.0961345829120736,2.87659536326937
6.698,0.0924460000000392,0.0961145572843339,3.0399262515494
6.7,0.0924600000000392,0.0960948756548369,3.20022312452804
6.702,0.0924850000000392,0.0960755860841768,3.35740749989406
6.704,0.0925100000000393,0.0960567953339062,3.51122694736455
6.706,0.0925350000000393,0.0960386317000317,3.66157950740009
6.708,0.0925600000000394,0.0960212505682401,3.80844080540259
6.71,0.0925850000000394,0.0960048257120153,3.95186725948082
6.712,0.0926200000000394,0.0959895779722073,4.09190874475285
6.714,0.0926550000000395,0.0959756986835726,4.22876863851428
6.716,0.0926900000000395,0.0959634103565218,4.36254783562611
6.718,0.0927250000000396,0.0959529405750241,4.49334099504541
6.72,0.0927600000000396,0.0959445342293169,4.62121630661849
6.722,0.0928040000000397,0.0959382970599882,4.74640500870965
6.724,0.0928480000000397,0.0959345770271055,4.86887877746217
6.726,0.0928920000000397,0.0959335990667317,4.98878798734383
6.728,0.0929360000000398,0.09593561454567,5.10624792840624
6.73,0.0929800000000399,0.0959407047897071,5.22137668609698
6.732,0.0930320000000399,0.0959492221780492,5.33391162267991
6.734,0.0930840000000399,0.0959610350699238,5.44374439158119
6.736,0.09313600000004,0.0959761606064095,5.55050141902299
6.738,0.09318800000004,0.0959947751870671,5.65343031350034
6.74,0.0932400000000401,0.0960166514782078,5.75208224516463
6.742,0.0932990000000401,0.0960416787352151,5.84584302960881
6.744,0.0933580000000401,0.0960697249263309,5.93411306170242
6.746,0.0934170000000402,0.0961006452821314,6.01634017859373
6.748,0.0934760000000402,0.0961343084031314,6.09198720349528
6.75,0.0935350000000402,0.0961705717634398,6.16059652654513
6.752,0.0936000000000403,0.0962092930705837,6.22175590549776
6.754,0.0936650000000403,0.0962502286081554,6.27542437055558
6.756,0.0937300000000404,0.0962932101837847,6.32137851505761
6.758,0.0937950000000404,0.0963381293368602,6.35907629119154
6.76,0.0938600000000405,0.0963847404250342,6.3884899822198
6.762,0.0939300000000405,0.0964328994124672,6.40903927719428
6.764,0.0940000000000406,0.0964823382501209,6.42094427252232
6.766,0.0940700000000406,0.0965329374102295,6.42336364654504
6.768,0.0941400000000406,0.0965845249487286,6.41600620177548
6.77,0.0942100000000407,0.0966369934759593,6.3983819962654
6.772,0.0942840000000407,0.0966902470954674,6.37054370519102
6.774,0.0943580000000408,0.0967442803377893,6.33195804937287
6.776,0.0944320000000408,0.0967990576777664,6.28289232603973
6.778,0.0945060000000408,0.0968546495739813,6.22234841820578
6.78,0.0945800000000409,0.0969110033953612,6.15103510995923
6.782,0.0946570000000409,0.0969681383397574,6.0684106811347
6.784,0.0947340000000409,0.0970260219717319,5.9743090114289
6.786,0.094811000000041,0.0970846215072508,5.86812271153205
6.788,0.094888000000041,0.097143846951015,5.7499063500136
6.79,0.094965000000041,0.0972036726305116,5.61872240147896
6.792,0.0950440000000411,0.0972640125598206,5.47573239844787
6.794,0.0951230000000412,0.0973249021417388,5.32043152955895
6.796,0.0952020000000412,0.0973864278257448,5.15265998368026
6.798,0.0952810000000413,0.0974486297062191,4.97398191145171
6.8,0.0953600000000413,0.0975116520641713,4.78459288658452
6.802,0.0954400000000414,0.097575684312949,4.58483915644901
6.804,0.0955200000000414,0.0976408312902157,4.37603702793189
6.806,0.0956000000000414,0.0977072364695157,4.1590135923784
6.808,0.0956800000000415,0.0977751042021096,3.9343864486515
6.81,0.0957600000000415,0.0978445651831848,3.70324441157135
6.812,0.0958400000000415,0.0979157151404909,3.46665781506164
6.814,0.0959200000000416,0.0979888106943749,3.22528610734698
6.816,0.0960000000000416,0.098063967812964,2.98031542204367
6.818,0.0960800000000417,0.0981412500138332,2.73290721280171
6.82,0.0961600000000417,0.0982207450154781,2.48412647684653
6.822,0.0962400000000417,0.0983027515058023,2.23511859277475
6.824,0.0963200000000417,0.0983871627159765,1.98703274183622
6.826,0.0964000000000418,0.0984741010971631,1.74092685675876
6.828,0.0964800000000418,0.0985635535314554,1.49772078323577
6.83,0.0965600000000418,0.0986555352897478,1.25830418819469
6.832,0.0966400000000419,0.0987497778139316,1.02300676458256
6.834,0.096720000000042,0.0988463092195401,0.792642669437745
6.836,0.096800000000042,0.0989447210500701,0.567007114202117
6.838,0.0968800000000421,0.0990448566827456,0.346401263397987
6.84,0.0969600000000422,0.099146422072413,0.130752490779797
6.842,0.0970400000000422,0.099249051064545,-0.0803978912896346
6.844,0.0971200000000422,0.0993524693317273,-0.287301007862282
6.846,0.0972000000000423,0.0994564062969783,-0.490103780396579
6.848,0.0972800000000423,0.0995605848342129,-0.689282026235749
6.85,0.0973600000000423,0.0996647948828095,-0.884906806639974
6.852,0.0974400000000424,0.0997688717334353,-1.07738859076221
6.854,0.0975200000000424,0.0998726873621739,-1.26671908907203
6.856,0.0976000000000424,0.0999761396784319,-1.45299175874513
6.858,0.0976800000000425,0.100079150709792,-1.63628339358477
6.86,0.0977600000000425,0.100181664263203,-1.81665700066046
6.862,0.0978400000000426,0.100283652948261,-1.99419564679586
6.864,0.0979200000000426,0.100385079565439,-2.16877676792155
6.866,0.0980000000000426,0.100485972822313,-2.34041078778568
6.868,0.0980800000000427,0.100586414396807,-2.50924780500271
6.87,0.0981600000000427,0.100686396587356,-2.67448155785023
6.872,0.0982400000000428,0.100786073729482,-2.83638961431673
6.874,0.0983200000000428,0.100885523794947,-2.99423878877431
6.876,0.0984000000000429,0.10098488801402,-3.1474256211572
6.878,0.0984800000000429,0.101084290491784,-3.29595974755869
6.88,0.098560000000043,0.101183899169064,-3.43842878399956
6.882,0.098640000000043,0.101283891486567,-3.57423316294634
6.884,0.0987200000000431,0.101384473975032,-3.70230236807875
6.886,0.0988000000000431,0.101485812414902,-3.82194837136014
6.888,0.0988800000000431,0.101588137236944,-3.93169102602787
6.89,0.0989600000000432,0.101691577017532,-4.03096151062217
6.892,0.0990400000000432,0.101796341102384,-4.11833799118845
6.894,0.0991200000000432,0.101902523866814,-4.19337123249747
6.896,0.0992000000000433,0.102010301377646,-4.25484068664681
6.898,0.0992800000000433,0.102119785476058,-4.30200191344816
6.9,0.0993600000000434,0.102231055903256,-4.33424370717311
6.902,0.0994400000000434,0.102344129985105,-4.35132534560013
6.904,0.0995200000000434,0.102459135282911,-4.35184749533283
6.906,0.0996000000000435,0.102575865936393,-4.33707529129777
6.908,0.0996800000000435,0.102694252165098,-4.30694089519558
6.91,0.0997600000000435,0.102814282407952,-4.26040011320704
6.912,0.0998400000000436,0.102935609185925,-4.19956052819592
6.914,0.0999200000000436,0.103058089589441,-4.12428679284998
6.916,0.100000000000044,0.103181450304424,-4.03574016086443
6.918,0.100080000000044,0.103305437525831,-3.93439080047463
6.92,0.100160000000044,0.103429712456017,-3.8225354761562
6.922,0.100240000000044,0.103554018812976,-3.70053272026947
6.924,0.100320000000044,0.103678040222887,-3.57003322113167
6.926,0.100400000000044,0.103801469642027,-3.43227759037866
6.928,0.100480000000044,0.103924039984798,-3.28882186324276
6.93,0.100560000000044,0.104045451503954,-3.14086764543936
6.932,0.100640000000044,0.10416552332117,-2.98980108470394
6.934,0.100720000000044,0.104283790196484,-2.83667864932504
6.936,0.100800000000044,0.104400173215247,-2.68298441067442
6.938,0.100880000000044,0.104514458055354,-2.52977769064562
6.94,0.100960000000044,0.104626601212467,-2.37787716276661
6.942,0.101040000000044,0.104736346610503,-2.22817116762723
6.944,0.101120000000044,0.104843905262492,-2.0809498226401
6.946,0.101200000000044,0.104949288120759,-1.93650443805547
6.948,0.101280000000044,0.105052653927303,-1.79482782802061
6.95,0.101360000000044,0.105154284238441,-1.65558989467152
6.952,0.101440000000044,0.10525445649577,-1.51832551802108
6.954,0.101520000000044,0.105353476495162,-1.38240434303088
6.956,0.101600000000045,0.10545166813013,-1.2470366296425
6.958,0.101680000000045,0.105549417952107,-1.11128899045379
6.96,0.101760000000045,0.105647063142709,-0.974315177993497
6.962,0.101840000000045,0.105744901186976,-0.835339295897596
6.964,0.101920000000045,0.105843167485348,-0.693799831658461
6.966,0.102000000000045,0.105942016524759,-0.549392898389608
6.968,0.102080000000045,0.106041515721903,-0.402064198131587
6.97,0.102160000000045,0.106141767686318,-0.251550384942946
6.972,0.102240000000045,0.106242727647844,-0.098155504377349
6.974,0.102320000000045,0.106344351106282,0.057869010596
6.976,0.102400000000045,0.106446567843232,0.2161910206473
6.978,0.102480000000045,0.106549268414152,0.376333796905447
6.98,0.102560000000045,0.106652316841427,0.537729073889409
6.982,0.102639000000045,0.106755557397661,0.699722933487147
6.984,0.102718000000045,0.106858813334283,0.861587026959271
6.986,0.102797000000045,0.106961895949257,1.02250289379939
6.988,0.102876000000045,0.107064562172578,1.18140206232242
6.99,0.102955000000045,0.107166537290683,1.33706011907883
6.992,0.103032000000045,0.107267605234296,1.48849681847207
6.994,0.103109000000045,0.107367510266868,1.63450677387657
6.996,0.103186000000045,0.107465994151224,1.77381572677826
6.998,0.103263000000045,0.107562779647792,1.90496965650136
7,0.103340000000045,0.107657814459921,2.02753748945686
7.002,0.103414000000046,0.107750788879564,2.13974631312263
7.004,0.103488000000046,0.107841749950094,2.24155315716325
7.006,0.103562000000046,0.107930618891427,2.33225434736244
7.008,0.103636000000046,0.108017182226912,2.41029166540803
7.01,0.103710000000046,0.108101578239564,2.47596571066059
7.012,0.103780000000046,0.108183910292638,2.52940074296653
7.014,0.103850000000046,0.108264063765739,2.5692857068313
7.016,0.103920000000046,0.108342315143172,2.59664813192812
7.018,0.103990000000046,0.108418690609004,2.61084703943049
7.02,0.104060000000046,0.10849347087676,2.61296056009228
7.022,0.104125000000046,0.108566802696512,2.60314380685835
7.024,0.104190000000046,0.10863885950882,2.5816015419905
7.026,0.104255000000046,0.108709900794566,2.54917908254061
7.028,0.104320000000046,0.108780176104363,2.50659508422991
7.03,0.104385000000046,0.1088499568454,2.45519007786532
7.032,0.104444000000046,0.108919441710719,2.39563584621844
7.034,0.104503000000046,0.108988797712816,2.32858242797013
7.036,0.104562000000046,0.109058138279346,2.25467623912621
7.038,0.104621000000046,0.109127501114082,2.17467017838846
7.04,0.104680000000046,0.109196863096689,2.08884015406839
7.042,0.104732000000046,0.10926615575041,1.99758032873168
7.044,0.104784000000047,0.109335249168315,1.90062614729518
7.046,0.104836000000047,0.109404003754689,1.79841615530119
7.048,0.104888000000047,0.109472267638302,1.69100674684592
7.05,0.104940000000047,0.109539840791312,1.57819523066685
7.052,0.104984000000047,0.109606504044768,1.45980882046456
7.054,0.105028000000047,0.109672075135534,1.33586740657744
7.056,0.105072000000047,0.10973639909039,1.20639673586584
7.058,0.105116000000047,0.109799201116878,1.07089998561883
7.06,0.105160000000047,0.109860360544279,0.929513784029022
7.062,0.105195000000047,0.109919776410721,0.782364333042744
7.064,0.105230000000047,0.109977243586872,0.629221532627648
7.066,0.105265000000047,0.110032718105448,0.470343438559783
7.068,0.105300000000047,0.110086076973369,0.305742671578404
7.07,0.105335000000047,0.110137399086184,0.13592906326527
7.072,0.105360000000047,0.110186581003267,-0.0390807025119719
7.074,0.105385000000047,0.110233815409828,-0.218576632243461
7.076,0.105410000000047,0.110279108942171,-0.40231253067329
7.078,0.105435000000047,0.110322636310034,-0.589688953623209
7.08,0.105460000000047,0.110364528769454,-0.780222958393874
7.082,0.105474000000047,0.110404949294819,-0.973386409326869
7.084,0.105488000000047,0.110444041924202,-1.16867560740139
7.086,0.105502000000047,0.110481972587829,-1.36555510126949
7.088,0.105516000000047,0.110518993026657,-1.56341456032381
7.09,0.105530000000048,0.110555139847888,-1.76183041134743
7.092,0.105532000000048,0.110590607487132,-1.9601882813794
7.094,0.105534000000048,0.11062552716128,-2.15802501028826
7.096,0.105536000000048,0.110659945503453,-2.35487842009889
7.098,0.105538000000048,0.11069392501707,-2.55047168065596
7.1,0.105540000000048,0.110727448205121,-2.74439610104747
7.102,0.105531000000048,0.110760514040893,-2.93629374081016
7.104,0.105522000000048,0.110793099409645,-3.12565904914158
7.106,0.105513000000048,0.110825207119825,-3.3121410511022
7.108,0.105504000000048,0.110856788371841,-3.4951927418174
7.11,0.105495000000048,0.110887786208499,-3.67436002458772
7.112,0.105476000000048,0.110918119212568,-3.84924300171697
7.114,0.105457000000048,0.110947680755101,-4.01951021384291
7.116,0.105438000000048,0.110976340296116,-4.18490404839226
7.118,0.105419000000048,0.111003946237154,-4.34523819654551
7.12,0.105400000000048,0.11103032518419,-4.50036934570214
7.122,0.105372000000048,0.111055290719798,-4.65019573307423
7.124,0.105344000000048,0.111078666665762,-4.79473048593153
7.126,0.105316000000048,0.111100262000827,-4.93393301441262
7.128,0.105288000000048,0.111119875863205,-5.06777313821301
7.13,0.105260000000048,0.111137290629136,-5.19622035066273
7.132,0.105224000000048,0.111152245086478,-5.31918483255785
7.134,0.105188000000048,0.111164672433153,-5.43689727949202
7.136,0.105152000000049,0.11117442547583,-5.5492250908717
7.138,0.105116000000049,0.111181286489378,-5.65565298536216
7.14,0.105080000000049,0.111185214827368,-5.75573167959456
7.142,0.105037000000049,0.111186376923282,-5.84928747492278
7.144,0.104994000000049,0.111184751876438,-5.93561647821967
7.146,0.104951000000049,0.111180369758873,-6.01402911824872
7.148,0.104908000000049,0.111173398120237,-6.08425381728792
7.15,0.104865000000049,0.111163903527157,-6.14575067306751
7.152,0.104816000000049,0.111151911204315,-6.19781536118104
7.154,0.104767000000049,0.11113783410205,-6.24134859732288
7.156,0.104718000000049,0.111121494356781,-6.27478988353812
7.158,0.104669000000049,0.111103382231481,-6.29949318837402
7.16,0.104620000000049,0.111083427209649,-6.31399057019802
7.162,0.104566000000049,0.111061947335188,-6.3186809384186
7.164,0.104512000000049,0.111039150110661,-6.31337852725425
7.166,0.104458000000049,0.111015223392872,-6.29740212318308
7.168,0.104404000000049,0.110990415139493,-6.27032604235861
7.17,0.104350000000049,0.110964993291275,-6.23267887980809
7.172,0.104292000000049,0.110939090586012,-6.18366294855938
7.174,0.104234000000049,0.110912829959496,-6.12282768194594
7.176,0.104176000000049,0.110886288901826,-6.05030835072059
7.178,0.104118000000049,0.110859493555185,-5.96626747905846
7.18,0.10406000000005,0.110832428642363,-5.87060095226009
7.182,0.10399900000005,0.110805060809379,-5.76361888946268
7.184,0.10393800000005,0.110777327529933,-5.64541608852065
7.186,0.10387700000005,0.11074916708344,-5.51665163713653
7.188,0.10381600000005,0.110720493745452,-5.37761151965013
7.19,0.10375500000005,0.110691244984491,-5.22898785021577
7.192,0.10369200000005,0.110661348430059,-5.0711560775045
7.194,0.10362900000005,0.110630740628397,-4.90459972798583
7.196,0.10356600000005,0.110599357624155,-4.72981243036055
7.198,0.10350300000005,0.110567129418642,-4.54731166795082
7.2,0.10344000000005,0.110533994515526,-4.35776404240946
7.202,0.10337600000005,0.110499806587057,-4.16145226305474
7.204,0.10331200000005,0.110464488044844,-3.95931690533273
7.206,0.10324800000005,0.110427902651693,-3.75204453885917
7.208,0.10318400000005,0.11038988323705,-3.54037771565746
7.21,0.10312000000005,0.110350244520864,-3.32505184425836
7.212,0.10305600000005,0.110308870660794,-3.10687795391136
7.214,0.10299200000005,0.110265544460308,-2.88642922969514
7.216,0.10292800000005,0.11022025264943,-2.66444562976156
7.218,0.10286400000005,0.110172828702669,-2.44152118817432
7.22,0.10280000000005,0.110123072852678,-2.21838497838221
7.222,0.10273600000005,0.110071008762532,-1.99583623620066
7.224,0.10267200000005,0.110016377020535,-1.77482518055279
7.226,0.102608000000051,0.109959358828651,-1.55595731096558
7.228,0.102544000000051,0.109899674188773,-1.3402193656818
7.23,0.102480000000051,0.109837459655586,-1.12814092882362
7.232,0.102416000000051,0.10977275482098,-0.920272003696497
7.234,0.102352000000051,0.109705677106567,-0.716999609244795
7.236,0.102288000000051,0.10963642653252,-0.518480750926878
7.238,0.102224000000051,0.10956526044831,-0.324710143723778
7.24,0.102160000000051,0.109492451458067,-0.135589616970113
7.242,0.102096000000051,0.109418346187479,0.0492257005736389
7.244,0.102032000000051,0.109343277569523,0.230104131275354
7.246,0.101968000000051,0.109267558887623,0.407432663910166
7.248,0.101904000000051,0.109191506458912,0.581495717200605
7.25,0.101840000000051,0.109115419095089,0.75283819162968
7.252,0.101776000000051,0.109039556186272,0.921630818927082
7.254,0.101712000000051,0.108964148210905,1.08809581018517
7.256,0.101648000000051,0.108889354134866,1.25230217778174
7.258,0.101584000000051,0.108815315849208,1.41402474042345
7.26,0.101520000000051,0.108742028893762,1.57320525561731
7.262,0.101456000000051,0.10866952742398,1.72946972834013
7.264,0.101392000000051,0.108597819410189,1.88237511300991
7.266,0.101328000000051,0.108526819192239,2.03186340241146
7.268,0.101264000000052,0.108456524383993,2.17750032170164
7.27,0.101200000000052,0.108386888031587,2.31909477303325
7.272,0.101136000000052,0.108317844497661,2.4566120665159
7.274,0.101072000000052,0.108249343089608,2.58991265660548
7.276,0.101008000000052,0.108181338895964,2.71864242083244
7.278,0.100944000000052,0.108113716280766,2.84300421172248
7.28,0.100880000000052,0.10804640982371,2.96236774900765
7.282,0.100816000000052,0.107979292791777,3.07657025239763
7.284,0.100752000000052,0.107912232826234,3.18488389257971
7.286,0.100688000000052,0.107845097016374,3.28742824443107
7.288,0.100624000000052,0.107777717892011,3.38274853428178
7.29,0.100560000000052,0.107709986494457,3.47121442537328
7.292,0.100496000000052,0.107641746264021,3.55166398177651
7.294,0.100432000000052,0.107572857201337,3.62327379626616
7.296,0.100368000000052,0.107503236070233,3.68578639193516
7.298,0.100304000000052,0.107432740177431,3.73811850599588
7.3,0.100240000000052,0.107361270498503,3.77975432974145
7.302,0.100176000000052,0.107288694931837,3.80989393391278
7.304,0.100112000000052,0.107214836138573,3.8274268209639
7.306,0.100048000000052,0.107139483273235,3.83113702743701
7.308,0.0999840000000525,0.107062552593823,3.82098450608485
7.31,0.0999200000000525,0.106983921852264,3.79639516036613
7.312,0.0998560000000526,0.1069033512023,3.75570118350558
7.314,0.0997920000000526,0.106820891637778,3.69938010943432
7.316,0.0997280000000527,0.106736565468906,3.62729347357754
7.318,0.0996640000000527,0.106650534517981,3.540101108085
7.32,0.0996000000000528,0.106563031990587,3.43880572098791
7.322,0.0995360000000528,0.106474324412903,3.32446422295262
7.324,0.0994720000000529,0.106384726409723,3.19831188230999
7.326,0.0994080000000529,0.106294580891736,3.06156671673027
7.328,0.099344000000053,0.106204299257988,2.91617929264237
7.33,0.099280000000053,0.106114263628263,2.7638535705882
7.332,0.0992160000000531,0.106024833994162,2.606268930204
7.334,0.0991520000000531,0.10593636497623,2.44490090408605
7.336,0.0990880000000531,0.105849164140771,2.28127930678179
7.338,0.0990240000000531,0.105763534548595,2.11677677912472
7.34,0.0989600000000532,0.105679698042051,1.95268292144563
7.342,0.0988960000000532,0.10559792076661,1.79025590397665
7.344,0.0988320000000533,0.10551824553322,1.63045004919345
7.346,0.0987680000000534,0.105440859195345,1.47424726319877
7.348,0.0987040000000534,0.105365771616995,1.32229595915471
7.35,0.0986400000000535,0.105292988628884,1.17515015140134
7.352,0.0985760000000535,0.105222350315447,1.03289548130985
7.354,0.0985120000000536,0.105153793828594,0.895766597994994
7.356,0.0984480000000536,0.105086942734818,0.763124763664868
7.358,0.0983840000000537,0.105021673656005,0.634908065104721
7.36,0.0983200000000537,0.104957606036036,0.510280495086836
7.362,0.0982560000000538,0.104894460955304,0.388637437802098
7.364,0.0981920000000538,0.104831846035623,0.268949625792
7.366,0.0981280000000538,0.104769468657972,0.150481098717754
7.368,0.0980640000000539,0.104706988830855,0.0323455349504127
7.37,0.0980000000000539,0.104644138466302,-0.0862195493391275
7.372,0.097936000000054,0.104580702811205,-0.205772911234829
7.374,0.097872000000054,0.104516426823062,-0.326933247268442
7.376,0.097808000000054,0.104451235767668,-0.449927666761114
7.378,0.0977440000000541,0.104385036548643,-0.574972948306198
7.38,0.0976800000000541,0.104317785899984,-0.702152080099753
7.382,0.0976170000000542,0.104249452891976,-0.831477833163753
7.384,0.0975540000000542,0.104180127020561,-0.962677596030355
7.386,0.0974910000000543,0.104109870851921,-1.09548768750447
7.388,0.0974280000000544,0.104038787313183,-1.22954783712136
7.39,0.0973650000000544,0.103966924127388,-1.36447905919295
7.392,0.0973040000000545,0.103894479023799,-1.49963959031735
7.394,0.0972430000000545,0.103821605987574,-1.63444213574671
7.396,0.0971820000000546,0.103748460137397,-1.76798560294305
7.398,0.0971210000000546,0.103675286071861,-1.89930101886352
7.4,0.0970600000000546,0.103602325972194,-2.02731463674679
7.402,0.0970020000000547,0.103529814648697,-2.15098374409003
7.404,0.0969440000000547,0.103458027238524,-2.268896327635
7.406,0.0968860000000548,0.103387191783674,-2.37997054040161
7.408,0.0968280000000548,0.103317514504472,-2.48317694940248
7.41,0.0967700000000549,0.103249278543643,-2.57693436650585
7.412,0.0967160000000549,0.103182603322477,-2.66071216051749
7.414,0.0966620000000549,0.103117792269349,-2.73279877378068
7.416,0.096608000000055,0.103054993080099,-2.79245747210241
7.418,0.096554000000055,0.102994392243735,-2.8386711938273
7.42,0.0965000000000551,0.102936212075673,-2.87014057838998
7.422,0.0964510000000551,0.102880407518668,-2.88708823215287
7.424,0.0964020000000552,0.102827065462811,-2.88882412101448
7.426,0.0963530000000552,0.102776207227219,-2.8749341563673
7.428,0.0963040000000553,0.102727824348337,-2.84499084437844
7.43,0.0962550000000553,0.102681566022983,-2.80073230329586
7.432,0.0962120000000554,0.102637522102136,-2.74077653900839
7.434,0.0961690000000554,0.102595229377115,-2.66761864436929
7.436,0.0961260000000555,0.102554668878886,-2.58032749970085
7.438,0.0960830000000556,0.102515346764881,-2.48200941602714
7.44,0.0960400000000556,0.102477147852696,-2.37256538164674
7.442,0.0960040000000556,0.102439842795671,-2.25300283323091
7.444,0.0959680000000557,0.102403181995428,-2.12449899523355
7.446,0.0959320000000557,0.102366936201312,-1.98837591743826
7.448,0.0958960000000558,0.102330927582554,-1.84604421162005
7.45,0.0958600000000558,0.102295039446883,-1.69785241445851
7.452,0.0958320000000558,0.102259161893209,-1.54505437600871
7.454,0.0958040000000559,0.102223230928337,-1.38823224241298
7.456,0.0957760000000559,0.102187225320503,-1.22822315990925
7.458,0.095748000000056,0.10215116489517,-1.0656460983873
7.46,0.095720000000056,0.102115108782755,-0.900949253970265
7.462,0.0957010000000561,0.102079163747961,-0.734391412908631
7.464,0.0956820000000561,0.1020434824932,-0.566175063195029
7.466,0.0956630000000562,0.102008270660788,-0.396281819483694
7.468,0.0956440000000562,0.101973700957705,-0.224744887527611
7.47,0.0956250000000563,0.101940034345229,-0.0513366362287883
7.472,0.0956160000000563,0.101907470010566,0.124072271329146
7.474,0.0956070000000564,0.10187622861666,0.301685449142059
7.476,0.0955980000000564,0.101846484942258,0.481644894421696
7.478,0.0955890000000565,0.101818402571811,0.664073580224755
7.48,0.0955800000000566,0.101792061714119,0.848966749539653
7.482,0.0955820000000566,0.10176752044556,1.03627258338396
7.484,0.0955840000000567,0.101744794822989,1.22585537978944
7.486,0.0955860000000567,0.101723860403318,1.41749297362651
7.488,0.0955880000000568,0.101704656068391,1.61088245744465
7.49,0.0955900000000568,0.101687063127155,1.8056359807842
7.492,0.0956040000000568,0.101671039169774,2.00139387605573
7.494,0.0956180000000569,0.101656411611814,2.19765915995132
7.496,0.0956320000000569,0.101643021560278,2.39396486974088
7.498,0.0956460000000569,0.101630747426184,2.58982409383953
7.5,0.095660000000057,0.101619453242447,2.78471133704893
7.502,0.095685000000057,0.101609014250738,2.9781106291488
7.504,0.0957100000000571,0.101599336066127,3.16956615894898
7.506,0.0957350000000572,0.10159036698717,3.35860492201501
7.508,0.0957600000000572,0.101582043972211,3.54493550716786
7.51,0.0957850000000573,0.101574356563637,3.72806841647968
7.512,0.0958200000000573,0.101567320857347,3.90721045577663
7.514,0.0958550000000574,0.101560862510054,4.08209413682622
7.516,0.0958900000000574,0.101554989188505,4.2520713570631
7.518,0.0959250000000575,0.101549713113776,4.41663323487467
7.52,0.0959600000000575,0.101545074471225,4.57536196834039
7.522,0.0960040000000576,0.101541184351004,4.72766810422842
7.524,0.0960480000000576,0.101538121867016,4.87369360300498
7.526,0.0960920000000577,0.101536036912973,5.01334847883723
7.528,0.0961360000000577,0.101535105272214,5.14666413291756
7.53,0.0961800000000578,0.101535516454852,5.27375963626466
7.532,0.0962320000000578,0.101537429881238,5.39489972919127
7.534,0.0962840000000578,0.101541142459691,5.50989472114222
7.536,0.0963360000000579,0.101546837206501,5.61896145519272
7.538,0.0963880000000579,0.101554520787305,5.72267616022301
7.54,0.0964400000000579,0.101564715181841,5.82027061909711
7.542,0.096499000000058,0.101577217081592,5.91267226752079
7.544,0.0965580000000581,0.101592443421012,5.99918496110176
7.546,0.0966170000000581,0.101610496919343,6.0795857754168
7.548,0.0966760000000582,0.101631269034816,6.15381821373844
7.55,0.0967350000000582,0.101654910316309,6.2209784165596
7.552,0.0968000000000583,0.10168119023782,6.28088284120163
7.554,0.0968650000000583,0.101710084737611,6.33273057372538
7.556,0.0969300000000584,0.101741476762774,6.37589365378377
7.558,0.0969950000000584,0.101775238540341,6.40976673573633
7.56,0.0970600000000585,0.101811267860931,6.43359447606679
7.562,0.0971300000000585,0.101849292826587,6.4474056065648
7.564,0.0972000000000585,0.101889178357249,6.45060117461147
7.566,0.0972700000000586,0.101930719733446,6.44282033901559
7.568,0.0973400000000587,0.10197369842376,6.42373128821497
7.57,0.0974100000000587,0.102017888663745,6.39303606804096
7.572,0.0974840000000587,0.102063065393007,6.35043732681565
7.574,0.0975580000000588,0.102109011242223,6.29562437934962
7.576,0.0976320000000588,0.102155505124215,6.22865188891122
7.578,0.0977060000000589,0.102202374834465,6.14936132218823
7.58,0.0977800000000589,0.102249491494719,6.05783416103604
7.582,0.097857000000059,0.102296775788016,5.9541718194685
7.584,0.097934000000059,0.102344191276853,5.83874631914875
7.586,0.0980110000000591,0.102391733878631,5.71173569685203
7.588,0.0980880000000591,0.102439422527152,5.5731790230347
7.59,0.0981650000000592,0.102487285254208,5.42409001086485
7.592,0.0982440000000593,0.102535374567687,5.26503316755135
7.594,0.0983230000000593,0.102583795373025,5.09611475044204
7.596,0.0984020000000593,0.10263266376272,4.91820649766632
7.598,0.0984810000000594,0.10268205610057,4.73271998588237
7.6,0.0985600000000594,0.102732154856126,4.53972814514467
7.602,0.0986400000000595,0.102783045792098,4.34053822737935
7.604,0.0987200000000595,0.102834873564699,4.13585025159311
7.606,0.0988000000000595,0.102887777936324,3.92650067378447
7.608,0.0988800000000596,0.102941925325839,3.71326733062295
7.61,0.0989600000000597,0.10299740860496,3.49707126799612
7.612,0.0990400000000597,0.103054345903572,3.27860104576664
7.614,0.0991200000000597,0.103112976967749,3.05842762309351
7.616,0.0992000000000598,0.103173272173883,2.83725675098178
7.618,0.0992800000000598,0.10323544239396,2.6155707086114
7.62,0.0993600000000598,0.103299412511205,2.39381442359203
7.622,0.0994400000000599,0.103365298191285,2.17230741418823
7.624,0.09952000000006,0.103433130732655,1.95132291115674
7.626,0.0996000000000601,0.103502926549595,1.73109245158811
7.628,0.0996800000000601,0.103574616356918,1.51177555885012
7.63,0.0997600000000602,0.103648276073356,1.29361343675393
7.632,0.0998400000000602,0.103723831328767,1.07678977998803
7.634,0.0999200000000603,0.103801249162745,0.861555807739992
7.636,0.10000000000006,0.103880580902906,0.648338685309281
7.638,0.10008000000006,0.103961720989725,0.437444108871075
7.64,0.10016000000006,0.104044715912171,0.229405108986134
7.642,0.10024000000006,0.104129381323229,0.0244052486401455
7.644,0.10032000000006,0.10421569063736,-0.177093864108947
7.646,0.10040000000006,0.104303423123251,-0.375039137054496
7.648,0.100480000000061,0.104392412695202,-0.569278206472265
7.65,0.100560000000061,0.104482439775817,-0.759809746059589
7.652,0.100640000000061,0.104573280967487,-0.946657617572902
7.654,0.100720000000061,0.104664710953854,-1.12977493317981
7.656,0.100800000000061,0.104756480678511,-1.30936455325267
7.658,0.100880000000061,0.104848375731674,-1.48528125775662
7.66,0.100960000000061,0.104940193287062,-1.65774132120444
7.662,0.101040000000061,0.10503176077039,-1.82660364191537
7.664,0.101120000000061,0.105122883973756,-1.99164702191929
7.666,0.101200000000061,0.105213437449724,-2.15301502037707
7.668,0.101280000000061,0.105303275353711,-2.31034713972327
7.67,0.101360000000061,0.105392312005265,-2.4632392705123
7.672,0.101440000000061,0.105480563311116,-2.61140668974061
7.674,0.101520000000061,0.105568065330052,-2.75441812464363
7.676,0.101600000000061,0.10565482066404,-2.89118533433377
7.678,0.101680000000061,0.105740945477994,-3.02123914868643
7.68,0.101760000000061,0.105826546660309,-3.14397603284066
7.682,0.101840000000061,0.10591172192133,-3.2586497441331
7.684,0.101920000000061,0.105996583869476,-3.36466061938057
7.686,0.102000000000061,0.106081249833333,-3.4614527861236
7.688,0.102080000000062,0.106165846468264,-3.54827589347235
7.69,0.102160000000062,0.106250519250136,-3.6254045610751
7.692,0.102240000000062,0.106335433586139,-3.69146143035662
7.694,0.102320000000062,0.106420754315733,-3.74658069457999
7.696,0.102400000000062,0.106506562149954,-3.7918670080796
7.698,0.102480000000062,0.106593090497149,-3.82546633762827
7.7,0.102560000000062,0.106680542054894,-3.84689224670731
7.702,0.102640000000062,0.106769076420033,-3.8560804371912
7.704,0.102720000000062,0.106858739701432,-3.85368940008814
7.706,0.102800000000062,0.106949745441345,-3.83845955869222
7.708,0.102880000000062,0.10704203163801,-3.81149099111919
7.71,0.102960000000062,0.107135675794255,-3.77234689087287
7.712,0.103040000000062,0.107230697033671,-3.72099827334326
7.714,0.103120000000062,0.107326993345562,-3.65836404823866
7.716,0.103200000000062,0.107424513752941,-3.58477890946587
7.718,0.103280000000062,0.10752325633017,-3.4999157440301
7.72,0.103360000000062,0.107622994307646,-3.4053030668222
7.722,0.103440000000062,0.107723628237393,-3.30110794928137
7.724,0.103520000000062,0.107824943522848,-3.18869241114378
7.726,0.103600000000062,0.10792683852696,-3.067923502716
7.728,0.103680000000062,0.108029101117711,-2.94018769104141
7.73,0.103760000000063,0.108131589883982,-2.80593846689318
7.732,0.103840000000063,0.108234150867406,-2.66583789305213
7.734,0.103920000000063,0.108336633907072,-2.52053225095259
7.736,0.104000000000063,0.108438892260938,-2.37065319403215
7.738,0.104080000000063,0.108540782194939,-2.21681751027561
7.74,0.104160000000063,0.108642178959571,-2.05968520368151
7.742,0.104240000000063,0.10874290668534,-1.89969765756677
7.744,0.104320000000063,0.108842845346877,-1.7375864019695
7.746,0.104400000000063,0.108941831788525,-1.57389408468044
7.748,0.104480000000063,0.109039750873026,-1.40921536348237
7.75,0.104560000000063,0.109136445068187,-1.24407866826568
7.752,0.104640000000063,0.109231848825202,-1.07899719746759
7.754,0.104720000000063,0.109325848198212,-0.914470041373928
7.756,0.104800000000063,0.109418342951322,-0.751039865102345
7.758,0.104880000000063,0.109509190774851,-0.589354288162665
7.76,0.104960000000063,0.109598279654171,-0.430121815052541
7.762,0.105040000000063,0.109685684373817,-0.273708760489248
7.764,0.105120000000063,0.109771199450202,-0.120951092815346
7.766,0.105200000000063,0.10985491395902,0.0278591418067594
7.768,0.105280000000063,0.109936976286397,0.172646550660221
7.77,0.105360000000064,0.110017511173051,0.31334586576063
7.772,0.105440000000064,0.110096646691658,0.449860359983169
7.774,0.105520000000064,0.110174618793632,0.582392142235914
7.776,0.105600000000064,0.110251710975669,0.711358077102761
7.778,0.105680000000064,0.110328121582431,0.836806134902484
7.78,0.105760000000064,0.110404142432391,0.959174640870553
7.782,0.105839000000064,0.110480031331489,1.0787162209728
7.784,0.105918000000064,0.110556021550312,1.19580815926504
7.786,0.105997000000064,0.110632345192024,1.31058766971558
7.788,0.106076000000064,0.110709193979591,1.42331735393847
7.79,0.106155000000064,0.110786750300595,1.53412438243595
7.792,0.106232000000064,0.110865219365037,1.64306060572016
7.794,0.106309000000064,0.110944657434937,1.75029040537192
7.796,0.106386000000064,0.111025291934256,1.85547346499156
7.798,0.106463000000064,0.111107046547447,1.95857781194528
7.8,0.106540000000064,0.111189981773167,2.05918157455737
7.802,0.106614000000064,0.111274035158103,2.15699229438606
7.804,0.106688000000064,0.111359174201802,2.25153263920494
7.806,0.106762000000064,0.111445283908545,2.34248221146815
7.808,0.106836000000064,0.11153225429585,2.42944633988237
7.81,0.106910000000065,0.111619947470221,2.5120264913979
7.812,0.106980000000065,0.111708221307169,2.58971948896513
7.814,0.107050000000065,0.11179690332966,2.66217827277102
7.816,0.107120000000065,0.111885828579381,2.72887898759696
7.818,0.107190000000065,0.11197482548206,2.78959373946632
7.82,0.107260000000065,0.112063739598553,2.84387327695066
7.822,0.107325000000065,0.112152437178378,2.89163826197943
7.824,0.107390000000065,0.112240790076808,2.93252124426724
7.826,0.107455000000065,0.112328677477867,2.96625472551439
7.828,0.107520000000065,0.112415971837139,2.9924289291625
7.83,0.107585000000065,0.112502558417087,3.01077746407861
7.832,0.107644000000065,0.112588364722773,3.02132430635543
7.834,0.107703000000065,0.11267322761742,3.02313880064233
7.836,0.107762000000065,0.112757078452509,3.01620391625086
7.838,0.107821000000065,0.112839794116258,3.00001146898979
7.84,0.107880000000065,0.112921120173293,2.97318000840781
7.842,0.107932000000065,0.113000973858477,2.93577218149874
7.844,0.107984000000065,0.113079102562633,2.88665529790448
7.846,0.108036000000065,0.113155320712264,2.8252375624725
7.848,0.108088000000065,0.113229235614087,2.74971348856748
7.85,0.108140000000065,0.113300897098413,2.66093804451949
7.852,0.108184000000066,0.113369945047524,2.55724424412117
7.854,0.108228000000066,0.113436315344393,2.438620327734
7.856,0.108272000000066,0.11350000573389,2.30524276945163
7.858,0.108316000000066,0.11356118135707,2.1580670296329
7.86,0.108360000000066,0.113619896976576,1.99733987350329
7.862,0.108395000000066,0.113676227260698,1.82329605834839
7.864,0.108430000000066,0.113730572066947,1.63792603045643
7.866,0.108465000000066,0.113783129071051,1.44205033994428
7.868,0.108500000000066,0.113834203797244,1.23708682666009
7.87,0.108535000000066,0.113884090961128,1.02435700425862
7.872,0.108560000000066,0.113933116957908,0.805383645885129
7.874,0.108585000000066,0.113981630171618,0.582005292279454
7.876,0.108610000000066,0.114029889840104,0.355495411011386
7.878,0.108635000000066,0.114078149028165,0.127352579862763
7.88,0.108660000000066,0.114126603634942,-0.101204279563143
7.882,0.108674000000066,0.114175407622714,-0.32905989126743
7.884,0.108688000000066,0.114224705698055,-0.555121572520939
7.886,0.108702000000066,0.114274586562398,-0.778410909696704
7.888,0.108716000000066,0.114325049728243,-0.998355409101413
7.89,0.108730000000066,0.114376093444066,-1.2142701340946
7.892,0.108732000000067,0.114427630307999,-1.42579495261256
7.894,0.108734000000067,0.11447951633248,-1.63273012694046
7.896,0.108736000000067,0.114531561577327,-1.83518946700183
7.898,0.108738000000067,0.11458353737474,-2.03323825975102
7.9,0.108740000000067,0.114635185992136,-2.22724775653487
7.902,0.108731000000067,0.114686177251319,-2.41754174139868
7.904,0.108722000000067,0.114736262306441,-2.60492852250097
7.906,0.108713000000067,0.114785034876511,-2.78984808992425
7.908,0.108704000000067,0.114832175376571,-2.97313405816001
7.91,0.108695000000067,0.11487722782275,-3.15556551136156
7.912,0.108676000000067,0.114920079061669,-3.33793981289539
7.914,0.108657000000067,0.114960188609644,-3.52092965875182
7.916,0.108638000000067,0.114997258014776,-3.70516763042212
7.918,0.108619000000067,0.11503130531272,-3.8909164642273
7.92,0.108600000000067,0.115061974422177,-4.07846314974874
7.922,0.108572000000067,0.115089374939894,-4.26768757432638
7.924,0.108544000000067,0.115113290603394,-4.45846005589702
7.926,0.108516000000067,0.115133765121964,-4.65033025757494
7.928,0.108488000000067,0.115151103775045,-4.84268477560523
7.93,0.108460000000067,0.115165315381242,-5.03491084311559
7.932,0.108424000000067,0.115176388249525,-5.22614192698841
7.934,0.108388000000068,0.115184643907184,-5.41546061627216
7.936,0.108352000000068,0.115190276907793,-5.60180710895569
7.938,0.108316000000068,0.115193522938104,-5.7840783803106
7.94,0.108280000000068,0.115194642205708,-5.96110569923127
7.942,0.108237000000068,0.11519391163925,-6.13167245167176
7.944,0.108194000000068,0.115191623147156,-6.29451849884006
7.946,0.108151000000068,0.115188069797965,-6.44828042608946
7.948,0.108108000000068,0.115183585249383,-6.59162198875593
7.95,0.108065000000068,0.11517847690483,-6.7236105303992
7.952,0.108016000000068,0.115173013427201,-6.84241907743067
7.954,0.107967000000068,0.115167469624938,-6.94684500157984
7.956,0.107918000000068,0.115162058002756,-7.0361774726891
7.958,0.107869000000068,0.11515695366374,-7.10898254652305
7.96,0.107820000000068,0.115152269286536,-7.16499643283395
7.962,0.107766000000068,0.115148099210238,-7.20312192681422
7.964,0.107712000000068,0.11514452473442,-7.22214375895974
7.966,0.107658000000068,0.115141536202643,-7.22314628810556
7.968,0.107604000000068,0.115139211598692,-7.20410527635489
7.97,0.107550000000068,0.115137530930577,-7.16505801537002
7.972,0.107492000000068,0.115136404396058,-7.10732007600919
7.974,0.107434000000069,0.115135794926015,-7.02894324764113
7.976,0.107376000000069,0.11513550685929,-6.93330293902349
7.978,0.107318000000069,0.115135389308889,-6.82004324708748
7.98,0.107260000000069,0.115135209391741,-6.68933026103335
7.982,0.107199000000069,0.115134720007428,-6.5445705440568
7.984,0.107138000000069,0.115133520107598,-6.38524324768014
7.986,0.107077000000069,0.115131361089319,-6.2149043688401
7.988,0.107016000000069,0.115127680986993,-6.03416219663733
7.99,0.106955000000069,0.115122161863698,-5.84583097534562
7.992,0.106892000000069,0.11511437039067,-5.65180111420694
7.994,0.106829000000069,0.115103824512288,-5.45399895937083
7.996,0.106766000000069,0.115090266733461,-5.25430578050043
7.998,0.106703000000069,0.115073201203426,-5.05428993902406
8,0.106640000000069,0.115052464903084,-4.85529014853975
8.002,0.106576000000069,0.115027830327602,-4.65835081446853
8.004,0.106512000000069,0.114999217009612,-4.46419555075274
8.006,0.106448000000069,0.114966669731177,-4.27318340957472
8.008,0.106384000000069,0.114930213685904,-4.08545690398454
8.01,0.106320000000069,0.11489001287332,-3.90082126020918
8.012,0.106256000000069,0.114846441651268,-3.71872660082016
8.014,0.10619200000007,0.114799754652072,-3.53855247402788
8.016,0.10612800000007,0.114750347198085,-3.35942862265192
8.018,0.10606400000007,0.114698687848141,-3.18030233727284
8.02,0.10600000000007,0.114645266964023,-3.00002701755244
8.022,0.10593600000007,0.114590566010809,-2.81739796024728
8.024,0.10587200000007,0.114535063760552,-2.63109288682499
8.026,0.10580800000007,0.114479261242685,-2.44013346453371
8.028,0.10574400000007,0.114423574305103,-2.24333666473679
8.03,0.10568000000007,0.114368338933962,-2.04018820344149
8.032,0.10561600000007,0.114313821212498,-1.83010924824985
8.034,0.10555200000007,0.114260178230794,-1.61305203078337
8.036,0.10548800000007,0.114207430555057,-1.38950918009194
8.038,0.10542400000007,0.114155582554342,-1.15977418848332
8.04,0.10536000000007,0.114104540543671,-0.92460357310676
8.042,0.10529600000007,0.114054154530756,-0.684945675827457
8.044,0.10523200000007,0.114004241626857,-0.44184650606795
8.046,0.10516800000007,0.113954596173196,-0.196440293262351
8.048,0.10510400000007,0.113904975471821,0.0500384091027423
8.05,0.10504000000007,0.113855149778502,0.296291045455511
8.052,0.104976000000071,0.113804888844759,0.541106000759061
8.054,0.104912000000071,0.113753921912133,0.783109504580151
8.056,0.104848000000071,0.113701948681926,1.02073626534562
8.058,0.104784000000071,0.113648824849973,1.25314209265949
8.06,0.104720000000071,0.113594296001658,1.4789829866638
8.062,0.104656000000071,0.113538108652352,1.69685438979532
8.064,0.104592000000071,0.113480172117214,1.90608934305848
8.066,0.104528000000071,0.113420308926775,2.10555266931692
8.068,0.104464000000071,0.113358392016788,2.29429673733204
8.07,0.104400000000071,0.113294357190048,2.47163923760505
8.072,0.104336000000071,0.113228176120845,2.63703562786564
8.074,0.104272000000071,0.113159765577965,2.78951905622336
8.076,0.104208000000071,0.113089190006888,2.92893066354668
8.078,0.104144000000071,0.11301656242346,3.0554054303196
8.08,0.104080000000071,0.112941626382094,3.16651571997648
8.082,0.104016000000071,0.112864928383209,3.26525061418211
8.084,0.103952000000071,0.112786201513335,3.34892792256909
8.086,0.103888000000071,0.112705656838349,3.41804927791091
8.088,0.103824000000071,0.112623476510394,3.47300932733771
8.09,0.103760000000071,0.112539818647116,3.51393915968813
8.092,0.103696000000071,0.112454846257916,3.54089381083762
8.094,0.103632000000072,0.112368767705073,3.55420561302699
8.096,0.103568000000072,0.112281851214684,3.5550810900475
8.098,0.103504000000072,0.11219429556914,3.54383187891497
8.1,0.103440000000072,0.112106338571802,3.52128107304572
8.102,0.103376000000072,0.112018200307619,3.48816794047887
8.104,0.103312000000072,0.111930084718229,3.445262196438
8.106,0.103248000000072,0.111842167168957,3.39330511528385
8.108,0.103184000000072,0.111754595413627,3.33283940742288
8.11,0.103120000000072,0.111667462951166,3.26476387666531
8.112,0.103056000000072,0.111580841818248,3.18944778424164
8.114,0.102992000000072,0.111494755436489,3.10738627299074
8.116,0.102928000000072,0.111409174645258,3.01920149678795
8.118,0.102864000000072,0.111324086279755,2.92490487370329
8.12,0.102800000000072,0.111239418696617,2.82499161475544
8.122,0.102736000000072,0.111155120285345,2.71969042125624
8.124,0.102672000000072,0.111071147390483,2.60923869327165
8.126,0.102608000000072,0.110987459503125,2.49410986438516
8.128,0.102544000000072,0.11090406965329,2.37433499198451
8.13,0.102480000000072,0.110820977627746,2.25060923712851
8.132,0.102416000000073,0.110738222383599,2.12337849794984
8.134,0.102352000000073,0.11065587614384,1.9930707756087
8.136,0.102288000000073,0.110574006817697,1.86030779491741
8.138,0.102224000000073,0.110492723865224,1.72559132765328
8.14,0.102160000000073,0.110412119221473,1.58952710596205
8.142,0.102096000000073,0.110332211931966,1.45268470663326
8.144,0.102032000000073,0.110253190387486,1.31543612467244
8.146,0.101968000000073,0.110175115944379,1.17828129760101
8.148,0.101904000000073,0.110097999502402,1.04153997618338
8.15,0.101840000000073,0.110021946147528,0.905500331521558
8.152,0.101776000000073,0.109946935546863,0.770320020765995
8.154,0.101712000000073,0.109873001477742,0.63613666530788
8.156,0.101648000000073,0.109800086950927,0.502965839595592
8.158,0.101584000000073,0.109728163892938,0.370818193762166
8.16,0.101520000000073,0.109657145902787,0.239624836961058
8.162,0.101456000000073,0.109586922638954,0.109279372741301
8.164,0.101392000000073,0.109517349024457,-0.0203708968487497
8.166,0.101328000000073,0.109448286018941,-0.149473368850698
8.168,0.101264000000073,0.109379581697462,-0.278185793370179
8.17,0.101200000000073,0.109311077834095,-0.406665529249128
8.172,0.101136000000073,0.109242597434274,-0.535086488932694
8.174,0.101072000000073,0.109173975584672,-0.663606436774183
8.176,0.101008000000073,0.109105030298941,-0.792397800918354
8.178,0.100944000000074,0.109035604656123,-0.921599225679811
8.18,0.100880000000074,0.108965542042245,-1.05131970718267
8.182,0.100817000000074,0.108894689272621,-1.1816090438473
8.184,0.100754000000074,0.108822994854522,-1.31238575224887
8.186,0.100691000000074,0.108750321334627,-1.44356128211574
8.188,0.100628000000074,0.108676608570331,-1.57493022087079
8.19,0.100565000000074,0.10860183501592,-1.70622183989553
8.192,0.100504000000074,0.108525979726603,-1.83705715808003
8.194,0.100443000000074,0.108449102576347,-1.96695151200578
8.196,0.100382000000074,0.108371229236469,-2.09519545883778
8.198,0.100321000000074,0.108292517591785,-2.2211241223405
8.2,0.100260000000074,0.108213111448287,-2.34399124166318
8.202,0.100202000000074,0.108133140566486,-2.4627060875992
8.204,0.100144000000074,0.108052813681853,-2.57666539662178
8.206,0.100086000000074,0.107972297850151,-2.68497772931062
8.208,0.100028000000074,0.107891785077795,-2.78625804020774
8.21,0.0999700000000744,0.107811448608536,-2.88057968987807
8.212,0.0999160000000745,0.107731486564917,-2.96644905823138
8.214,0.0998620000000745,0.107652031273141,-3.04387631411093
8.216,0.0998080000000746,0.107573318283811,-3.11138741150443
8.218,0.0997540000000746,0.107495429561003,-3.16945458407803
8.22,0.0997000000000746,0.107418612399076,-3.21676782495639
8.222,0.0996510000000747,0.107343047485842,-3.25284914404946
8.224,0.0996020000000748,0.107268825689412,-3.27792330162995
8.226,0.0995530000000748,0.107196177042157,-3.29103256172622
8.228,0.0995040000000749,0.107125206485213,-3.2920571245167
8.23,0.0994550000000749,0.10705599557517,-3.28088324059144
8.232,0.099412000000075,0.106988575431463,-3.25753617412463
8.234,0.099369000000075,0.106922931680136,-3.22218621083422
8.236,0.099326000000075,0.106859011298836,-3.17515691225685
8.238,0.0992830000000751,0.106796850815732,-3.11608377201756
8.24,0.0992400000000752,0.106736241447399,-3.04625133093363
8.242,0.0992040000000752,0.106677197121231,-2.96541262025219
8.244,0.0991680000000753,0.106619747776737,-2.87319849036082
8.246,0.0991320000000753,0.106563639271762,-2.77133638137191
8.248,0.0990960000000753,0.106509003505003,-2.65884932451536
8.25,0.0990600000000754,0.106455746212857,-2.53645081847438
8.252,0.0990320000000754,0.106403940600064,-2.40374193233489
8.254,0.0990040000000754,0.106353437593205,-2.26190741251949
8.256,0.0989760000000755,0.106304340950394,-2.11035212710198
8.258,0.0989480000000755,0.10625650615816,-1.95016034179601
8.26,0.0989200000000756,0.106209932099161,-1.78136573623203
8.262,0.0989010000000756,0.106164465433548,-1.60498157213761
8.264,0.0988820000000757,0.106120009833913,-1.42159197638944
8.266,0.0988630000000757,0.106076454282503,-1.23185224886562
8.268,0.0988440000000758,0.106033661814643,-1.03658478746029
8.27,0.0988250000000759,0.105991486116412,-0.836680499438538
8.272,0.0988160000000759,0.10594979499258,-0.632931636903788
8.274,0.0988070000000759,0.105908459725318,-0.426103087472846
8.276,0.098798000000076,0.105867355272576,-0.216994295716747
8.278,0.098789000000076,0.105826383549487,-0.00630763940787362
8.28,0.0987800000000761,0.105785479923752,0.20538411945924
8.282,0.0987820000000762,0.105744614410133,0.417591164775437
8.284,0.0987840000000762,0.105703790139929,0.629866362978962
8.286,0.0987860000000763,0.105663031747862,0.841858073490622
8.288,0.0987880000000763,0.105622386905627,1.05320430699227
8.29,0.0987900000000764,0.105581921649345,1.26353844257098
8.292,0.0988040000000764,0.105541715076051,1.4725996823653
8.294,0.0988180000000765,0.105501905270661,1.68008691864332
8.296,0.0988320000000765,0.105462626468671,1.88597886832594
8.298,0.0988460000000766,0.105424061239276,2.09024234356226
8.3,0.0988600000000766,0.105386428850177,2.29292123518067
8.302,0.0988850000000766,0.105350013256305,2.49410676642157
8.304,0.0989100000000767,0.105315010444875,2.69405075262362
8.306,0.0989350000000768,0.105281660113424,2.89294728156614
8.308,0.0989600000000768,0.105250171134391,3.0909943059139
8.31,0.0989850000000768,0.10522089396882,3.28832244593006
8.312,0.0990200000000769,0.105193918308742,3.48508712473677
8.314,0.099055000000077,0.105169461381068,3.68129281950865
8.316,0.099090000000077,0.10514776394167,3.87678472546889
8.318,0.0991250000000771,0.10512869524413,4.0713404138713
8.32,0.0991600000000771,0.105112477331138,4.26443058311497
8.322,0.0992040000000772,0.105099019885559,4.45549313066441
8.324,0.0992480000000772,0.105088378453243,4.64378147564137
8.326,0.0992920000000773,0.105080336958721,4.82882402557144
8.328,0.0993360000000773,0.105074894157872,5.00999361441746
8.33,0.0993800000000773,0.105072133822476,5.18651656664698
8.332,0.0994320000000774,0.105071762032386,5.3583571544215
8.334,0.0994840000000774,0.105073766378296,5.52506250993512
8.336,0.0995360000000775,0.105078076719089,5.68624539772222
8.338,0.0995880000000776,0.105084660018073,5.84135693486672
8.34,0.0996400000000776,0.105093319599913,5.99025745432695
8.342,0.0996990000000777,0.105103907765868,6.13269909382756
8.344,0.0997580000000777,0.105116321783098,6.268303485736
8.346,0.0998170000000777,0.105130425309873,6.39684190397667
8.348,0.0998760000000778,0.10514610337669,6.51807643552573
8.35,0.0999350000000778,0.105163323380327,6.63136775876962
8.352,0.100000000000078,0.105181872326522,6.73715831172291
8.354,0.100065000000078,0.10520173387343,6.83489720899309
8.356,0.100130000000078,0.105222829880298,6.92436920850429
8.358,0.100195000000078,0.105245082133593,7.00539068898513
8.36,0.100260000000078,0.105268438195522,7.07764991373267
8.362,0.100330000000078,0.105292805630873,7.14127832327037
8.364,0.100400000000078,0.105318237818409,7.19534930164877
8.366,0.100470000000078,0.105344699200052,7.23984862312913
8.368,0.100540000000078,0.105372177257391,7.27459343501452
8.37,0.100610000000078,0.105400681208375,7.29897365688149
8.372,0.100684000000078,0.105430196247774,7.31214003059023
8.374,0.100758000000078,0.105460622080574,7.3135697222586
8.376,0.100832000000078,0.105491802945777,7.3029996404564
8.378,0.100906000000078,0.105523616147176,7.27939502231268
8.38,0.100980000000078,0.105555921654435,7.24094575320065
8.382,0.101057000000079,0.105588509543561,7.18789655306066
8.384,0.101134000000079,0.105621242507663,7.12034885729802
8.386,0.101211000000079,0.105654020825097,7.03643033545193
8.388,0.101288000000079,0.105686790606627,6.93695608902666
8.39,0.101365000000079,0.105719570922351,6.82208177654573
8.392,0.101444000000079,0.105752443599199,6.69246959284456
8.394,0.101523000000079,0.105785558308017,6.54874770623987
8.396,0.101602000000079,0.105819127041077,6.39151775274316
8.398,0.101681000000079,0.105853384949394,6.22211238464866
8.4,0.101760000000079,0.105888552747854,6.0419268061051
8.402,0.101840000000079,0.105924945385125,5.8514758910906
8.404,0.101920000000079,0.105962701136785,5.65253544790326
8.406,0.102000000000079,0.106002088727396,5.44566423147261
8.408,0.102080000000079,0.106043372829631,5.23163780298665
8.41,0.102160000000079,0.106086573125029,5.01185241208296
8.412,0.102240000000079,0.106132040443816,4.78669217875064
8.414,0.102320000000079,0.10617979940615,4.55738430374515
8.416,0.102400000000079,0.106230013775472,4.32476217921447
8.418,0.10248000000008,0.106282816142365,4.08973821371415
8.42,0.10256000000008,0.106338249108223,3.85319273533538
8.422,0.10264000000008,0.106396486456098,3.6158973771628
8.424,0.10272000000008,0.106457486472083,3.37862003865013
8.426,0.10280000000008,0.106521217310255,3.14195071586318
8.428,0.10288000000008,0.106587591084109,2.90635476476317
8.43,0.10296000000008,0.106656614166533,2.67222403033522
8.432,0.10304000000008,0.106728042930819,2.43970109106357
8.434,0.10312000000008,0.10680171165866,2.20884070324949
8.436,0.10320000000008,0.106877462351084,1.97961020319345
8.438,0.10328000000008,0.106954971351521,1.75174757882085
8.44,0.10336000000008,0.107034070704135,1.52502093806461
8.442,0.10344000000008,0.107114444523849,1.29898585658676
8.444,0.10352000000008,0.10719577072112,1.07314446761211
8.446,0.10360000000008,0.107277718665537,0.847059526381162
8.448,0.10368000000008,0.107360038174863,0.620288530179912
8.45,0.10376000000008,0.107442455842109,0.392587930937406
8.452,0.10384000000008,0.107524781371132,0.163831259021956
8.454,0.10392000000008,0.107606846874235,-0.0660342452459083
8.456,0.10400000000008,0.107688556760513,-0.296806044539268
8.458,0.10408000000008,0.107769847644126,-0.528219600931089
8.46,0.10416000000008,0.107850701769649,-0.759869565029662
8.462,0.10424000000008,0.107931142861743,-0.991273307102413
8.464,0.10432000000008,0.108011198956275,-1.22181675801956
8.466,0.10440000000008,0.108090949950671,-1.45077802760514
8.468,0.104480000000081,0.108170502030388,-1.67754092595061
8.47,0.104560000000081,0.108249962474392,-1.90120042578307
8.472,0.104640000000081,0.108329481482105,-2.12083613877847
8.474,0.104720000000081,0.108409228685335,-2.33545892433277
8.476,0.104800000000081,0.108489394942112,-2.54402833281059
8.478,0.104880000000081,0.108570214182108,-2.74520582687839
8.48,0.104960000000081,0.108651883501995,-2.93819443680024
8.482,0.105040000000081,0.10873468066918,-3.12139222793654
8.484,0.105120000000081,0.108818795440712,-3.29395846680637
8.486,0.105200000000081,0.108904496467786,-3.45435542910491
8.488,0.105280000000081,0.108991950663273,-3.60174049148609
8.49,0.105360000000081,0.109081351309111,-3.73501389912992
8.492,0.105440000000081,0.109172868984863,-3.85314901477429
8.494,0.105520000000081,0.109266584740115,-3.95563063467978
8.496,0.105600000000081,0.109362577752162,-4.04178985141261
8.498,0.105680000000081,0.109460838428598,-4.11141648876683
8.5,0.105760000000081,0.10956126842368,-4.16480943055628
8.502,0.105840000000082,0.109663914034509,-4.20100950227553
8.504,0.105920000000082,0.109768549382321,-4.22104401281431
8.506,0.106000000000082,0.109875015847669,-4.22539581369916
8.508,0.106080000000082,0.109983134982515,-4.21460826105933
8.51,0.106160000000082,0.110092702840812,-4.18930339834879
8.512,0.106240000000082,0.110203489056901,-4.14999215522816
8.514,0.106320000000082,0.110315088482556,-4.0993554599734
8.516,0.106400000000082,0.110427313406053,-4.03694233539263
8.518,0.106480000000082,0.110539803502662,-3.96476398534782
8.52,0.106560000000082,0.110652222436618,-3.88353772940274
8.522,0.106640000000082,0.110764216092012,-3.79478924953203
8.524,0.106720000000082,0.110875603663628,-3.70038807480374
8.526,0.106800000000082,0.11098598101603,-3.60036562065257
8.528,0.106880000000082,0.111095249752374,-3.49631603417283
8.53,0.106960000000082,0.111203192655982,-3.38879473467476
8.532,0.107040000000082,0.111309752201961,-3.27846155215483
8.534,0.107120000000082,0.111414889601313,-3.16565726968277
8.536,0.107200000000082,0.111518696565668,-3.05065488329217
8.538,0.107280000000082,0.111621232248619,-2.93345784887256
8.54,0.107360000000082,0.111722604942337,-2.81400190770891
8.542,0.107440000000082,0.111822908854059,-2.6920756400756
8.544,0.107520000000082,0.111922341747492,-2.56765772198612
8.546,0.107600000000082,0.112020982656466,-2.44034887632322
8.548,0.107680000000082,0.112119004413713,-2.30998871212579
8.55,0.107760000000082,0.112216545197623,-2.17631428785512
8.552,0.107840000000083,0.112313752481391,-2.03918043167006
8.554,0.107920000000083,0.112410753848,-1.89835634170211
8.556,0.108000000000083,0.11250767557634,-1.75381605591781
8.558,0.108080000000083,0.112604622643682,-1.60541819999191
8.56,0.108160000000083,0.112701681016549,-1.45328617714042
8.562,0.108240000000083,0.112798906935732,-1.29757537014939
8.564,0.108320000000083,0.112896335114374,-1.13837000039218
8.566,0.108400000000083,0.112993939243983,-0.976191925881743
8.568,0.108480000000083,0.113091660569185,-0.811527513651974
8.57,0.108560000000083,0.113189395004476,-0.644955263226964
8.572,0.108640000000083,0.113286978190326,-0.477308505928628
8.574,0.108720000000083,0.113384242196965,-0.309481637926456
8.576,0.108800000000083,0.113480963550431,-0.14243085846853
8.578,0.108880000000083,0.113576976330593,0.0229933294389979
8.58,0.108960000000083,0.113672096898355,0.185948391618413
8.582,0.109039000000083,0.113766130499686,0.345513987626171
8.584,0.109118000000083,0.113858999430378,0.501135175267589
8.586,0.109197000000083,0.113950531893027,0.65191779189893
8.588,0.109276000000084,0.114040620351285,0.797135733894661
8.59,0.109355000000084,0.114129216917377,0.936285450363758
8.592,0.109432000000084,0.114216277446295,1.06885196225769
8.594,0.109509000000084,0.114301797676715,1.19445196273609
8.596,0.109586000000084,0.114385811164364,1.31283174741533
8.598,0.109663000000084,0.11446838580777,1.42386045950452
8.6,0.109740000000084,0.114549619848609,1.52753385334591
8.602,0.109814000000084,0.114629634002646,1.62392203829819
8.604,0.109888000000084,0.114708531179466,1.71292239719009
8.606,0.109962000000084,0.114786491242708,1.79487408524859
8.608,0.110036000000084,0.114863726355892,1.87048232150106
8.61,0.110110000000084,0.114940330541422,1.93935098125036
8.612,0.110180000000084,0.11501651754479,2.00220804773241
8.614,0.110250000000084,0.115092431332792,2.05910282332608
8.616,0.110320000000084,0.115168227977367,2.11034196728185
8.618,0.110390000000084,0.115244028253151,2.15608432584203
8.62,0.110460000000084,0.115319913092314,2.19637290640638
8.622,0.110525000000084,0.115395914752674,2.23117439829556
8.624,0.110590000000084,0.115472020779441,2.26035380682839
8.626,0.110655000000084,0.115548181681095,2.28377647285032
8.628,0.110720000000084,0.11562432207743,2.30114922782626
8.63,0.110785000000084,0.115700340616435,2.3120698326888
8.632,0.110844000000084,0.115776124434122,2.31628931134354
8.634,0.110903000000084,0.115851563363408,2.31364300815463
8.636,0.110962000000085,0.115926543031627,2.30382770544361
8.638,0.111021000000085,0.116001002412541,2.28712541561661
8.64,0.111080000000085,0.116074798111572,2.26274781328862
8.642,0.111132000000085,0.116147861360118,2.23085986416582
8.644,0.111184000000085,0.116220206977498,2.1922621164892
8.646,0.111236000000085,0.116291644243885,2.1459299360943
8.648,0.111288000000085,0.116362100353492,2.09205819298979
8.65,0.111340000000085,0.116431482381195,2.03066371633084
8.652,0.111384000000085,0.116499658949393,1.96144486030244
8.654,0.111428000000085,0.11656651342745,1.88420264293532
8.656,0.111472000000085,0.116631882249288,1.79845005461713
8.658,0.111516000000085,0.116695703642319,1.70428442113936
8.66,0.111560000000085,0.116757714544028,1.60076064927942
8.662,0.111595000000085,0.116817865462877,1.48807304381836
8.664,0.111630000000085,0.116875997830519,1.36584009381255
8.666,0.111665000000085,0.116931923651069,1.23356650310243
8.668,0.111700000000085,0.11698567135846,1.0917004815582
8.67,0.111735000000085,0.117037285070212,0.940697576617675
8.672,0.111760000000085,0.117086699985096,0.780540997737359
8.674,0.111785000000085,0.117134100373641,0.612233738624165
8.676,0.111810000000086,0.117179402276765,0.435702915873317
8.678,0.111835000000086,0.117222849338019,0.252155887891479
8.68,0.111860000000086,0.117264473247573,0.0619739105505825
8.682,0.111874000000086,0.117304376677515,-0.134177002087889
8.684,0.111888000000086,0.117342675041701,-0.33556706316911
8.686,0.111902000000086,0.117379533924481,-0.541304117349522
8.688,0.111916000000086,0.117415117163516,-0.750491816996833
8.69,0.111930000000086,0.117449591571777,-0.96223942110758
8.692,0.111932000000086,0.117483059773747,-1.17579803942646
8.694,0.111934000000086,0.117515660433847,-1.3903375188735
8.696,0.111936000000086,0.117547491634648,-1.60512390407949
8.698,0.111938000000086,0.117578642134903,-1.81943376705186
8.7,0.111940000000086,0.117609168488,-2.03245564584509
8.702,0.111931000000086,0.117639166799994,-2.24348875045906
8.704,0.111922000000086,0.117668695033074,-2.45174111973375
8.706,0.111913000000086,0.117697803925409,-2.65652924656783
8.708,0.111904000000086,0.117726522888036,-2.85725670484351
8.71,0.111895000000086,0.117754845096967,-3.05329127870232
8.712,0.111876000000086,0.117782756714505,-3.24435296207521
8.714,0.111857000000086,0.117810183349819,-3.42993914312525
8.716,0.111838000000086,0.117837052803898,-3.61001124520614
8.718,0.111819000000087,0.117863255439263,-3.78447585038419
8.72,0.111800000000087,0.117888616218105,-3.95311270510499
8.722,0.111772000000087,0.11791296414512,-4.11603942671402
8.724,0.111744000000087,0.117936115502462,-4.27346201023775
8.726,0.111716000000087,0.117957862059091,-4.4255068972246
8.728,0.111688000000087,0.117977930712099,-4.57219413023193
8.73,0.111660000000087,0.117996133373932,-4.71384905168581
8.732,0.111624000000087,0.118012212444165,-4.85060151361105
8.734,0.111588000000087,0.118025949951431,-4.98261765219107
8.736,0.111552000000087,0.118037135256901,-5.10994500793987
8.738,0.111516000000087,0.118045605436519,-5.23257856201825
8.74,0.111480000000087,0.118051190536506,-5.35035091634781
8.742,0.111437000000087,0.118053900710617,-5.46327044402673
8.744,0.111394000000087,0.118053676463519,-5.57110505082891
8.746,0.111351000000087,0.118050500546451,-5.67357909519553
8.748,0.111308000000087,0.118044424639971,-5.77044231278937
8.75,0.111265000000087,0.118035483149178,-5.86132383602456
8.752,0.111216000000087,0.118023894057898,-5.94622358621204
8.754,0.111167000000087,0.118009460924292,-6.02411132584604
8.756,0.111118000000087,0.117992609600174,-6.09550562528354
8.758,0.111069000000087,0.117973079253065,-6.15899341300706
8.76,0.111020000000087,0.117951327806551,-6.21518805561888
8.762,0.110966000000088,0.117927478019484,-6.26371131764168
8.764,0.110912000000088,0.117901455205963,-6.30297512647399
8.766,0.110858000000088,0.117873641967698,-6.332818019981
8.768,0.110804000000088,0.117844266241196,-6.35193068784381
8.77,0.110750000000088,0.117813700244458,-6.35963913581045
8.772,0.110692000000088,0.117782274710631,-6.35502244475024
8.774,0.110634000000088,0.117750302958872,-6.3364587978817
8.776,0.110576000000088,0.117718116929317,-6.30279245204611
8.778,0.110518000000088,0.11768600897008,-6.2538379800969
8.78,0.110460000000088,0.117654212798364,-6.18877805134386
8.782,0.110399000000088,0.117622945456476,-6.10654188144026
8.784,0.110338000000088,0.117592346231978,-6.00708826985446
8.786,0.110277000000088,0.117562446485993,-5.89142402146282
8.788,0.110216000000088,0.117533289776507,-5.75912283724067
8.79,0.110155000000088,0.117504811067349,-5.61110318952429
8.792,0.110092000000088,0.11747691607332,-5.44781418048367
8.794,0.110029000000088,0.117449407396454,-5.27125319287842
8.796,0.109966000000088,0.117422089776895,-5.08235970039786
8.798,0.109903000000088,0.1173947088138,-4.88274443839103
8.8,0.109840000000089,0.117366976207834,-4.67402019426217
8.802,0.109776000000089,0.117338496893926,-4.45766603221459
8.804,0.109712000000089,0.117309002824723,-4.23614475421876
8.806,0.109648000000089,0.117278109661721,-4.01092553566623
8.808,0.109584000000089,0.117245429281656,-3.78372367491096
8.81,0.109520000000089,0.117210661325313,-3.55621836727409
8.812,0.109456000000089,0.117173592000601,-3.32977286547267
8.814,0.109392000000089,0.117133851880827,-3.10577115202028
8.816,0.109328000000089,0.117091201986011,-2.88548808787865
8.818,0.109264000000089,0.117045717482449,-2.6695133302621
8.82,0.109200000000089,0.116996948063696,-2.45916860034011
8.822,0.109136000000089,0.116944912482621,-2.254968555072
8.824,0.109072000000089,0.116889723203745,-2.05706458497812
8.826,0.109008000000089,0.116831128886969,-1.8662923723946
8.828,0.108944000000089,0.116769623364411,-1.68181655037817
8.83,0.108880000000089,0.116705035293747,-1.50415319451473
8.832,0.108816000000089,0.116637725423294,-1.33258858714534
8.834,0.108752000000089,0.116567917895828,-1.16663608400422
8.836,0.108688000000089,0.116496008542431,-1.00536371388783
8.838,0.108624000000089,0.11642233655869,-0.84792023933849
8.84,0.108560000000089,0.116347256810782,-0.693373978931737
8.842,0.108496000000089,0.116271228761618,-0.5405648085407
8.844,0.108432000000089,0.116194630381249,-0.388485864504332
8.846,0.10836800000009,0.116117862947673,-0.236107813717633
8.848,0.10830400000009,0.11604130370789,-0.0825090070309819
8.85,0.10824000000009,0.115965287642773,0.0731055675557362
8.852,0.10817600000009,0.11589012516256,0.231395078603699
8.854,0.10811200000009,0.115815950385636,0.392473979732501
8.856,0.10804800000009,0.115742941065241,0.556536063301159
8.858,0.10798400000009,0.115671156890703,0.723385013474697
8.86,0.10792000000009,0.115600558115948,0.892530105293655
8.862,0.10785600000009,0.115531058836399,1.06331463804757
8.864,0.10779200000009,0.115462538826896,1.23494364981222
8.866,0.10772800000009,0.115394815565289,1.40642232913238
8.868,0.10766400000009,0.115327660604052,1.57664229200058
8.87,0.10760000000009,0.115260808516291,1.74431015193409
8.872,0.10753600000009,0.115193974741757,1.90803525080901
8.874,0.10747200000009,0.115126844801487,2.06648529097627
8.876,0.10740800000009,0.115059077918522,2.21804762886361
8.878,0.10734400000009,0.114990427912974,2.36185864653743
8.88,0.10728000000009,0.114920573492921,2.49629450268515
8.882,0.107216000000091,0.114849177533519,2.61963346957426
8.884,0.107152000000091,0.114776178813088,2.7319369382487
8.886,0.107088000000091,0.11470134328049,2.83188749346674
8.888,0.107024000000091,0.114624433303858,2.91808235432184
8.89,0.106960000000091,0.114545514853475,2.99101830945283
8.892,0.106896000000091,0.114464286529815,3.04864690840784
8.894,0.106832000000091,0.11438096736674,3.09229016059492
8.896,0.106768000000091,0.114295291150718,3.11993173382403
8.898,0.106704000000091,0.114207497613411,3.13289490564117
8.9,0.106640000000091,0.114117657467711,3.13132055252726
8.902,0.106576000000091,0.114025748199953,3.11447004532607
8.904,0.106512000000091,0.113932116227757,3.08414395215408
8.906,0.106448000000091,0.113836931667374,3.0405805776163
8.908,0.106384000000091,0.113740587132557,2.98566524908037
8.91,0.106320000000091,0.113643395710602,2.92027453489132
8.912,0.106256000000091,0.113545777191135,2.8461572430596
8.914,0.106192000000091,0.11344814136202,2.76503186468392
8.916,0.106128000000091,0.113350880408907,2.67842932439555
8.918,0.106064000000091,0.113254435367533,2.58774079721193
8.92,0.106000000000091,0.113159114398295,2.49464499697855
8.922,0.105936000000091,0.1130652347999,2.4002971971137
8.924,0.105872000000091,0.112973127298245,2.30582110674099
8.926,0.105808000000091,0.112882872977718,2.21208047379992
8.928,0.105744000000091,0.112794619242507,2.11969997017515
8.93,0.105680000000092,0.112708422661908,2.02907690455649
8.932,0.105616000000092,0.112624113297308,1.94022345961231
8.934,0.105552000000092,0.112541699727202,1.85316986361894
8.936,0.105488000000092,0.112460940655644,1.76756694068331
8.938,0.105424000000092,0.112381633064105,1.68297812837008
8.94,0.105360000000092,0.112303575420736,1.59877551811684
8.942,0.105296000000092,0.112226380594461,1.51410732561539
8.944,0.105232000000092,0.112149732765429,1.42804569328916
8.946,0.105168000000092,0.112073276431937,1.33956689266848
8.948,0.105104000000092,0.111996646515171,1.24768788807921
8.95,0.105040000000092,0.111919534960195,1.1516073445022
8.952,0.104976000000092,0.111841696643262,1.05077135981138
8.954,0.104912000000092,0.111762876711533,0.944465402418155
8.956,0.104848000000092,0.111682937473652,0.832519439806043
8.958,0.104784000000092,0.11160181128017,0.714995489138274
8.96,0.104720000000092,0.111519435699032,0.59190576430354
8.962,0.104656000000092,0.111435782118487,0.463381694934099
8.964,0.104592000000092,0.111350884197652,0.329787351378565
8.966,0.104528000000093,0.111264894109157,0.191919875951235
8.968,0.104464000000093,0.111177867134294,0.050165458332127
8.97,0.104400000000093,0.111089940206169,-0.0947611791830363
8.972,0.104336000000093,0.111001343024916,-0.241860719769534
8.974,0.104272000000093,0.110912223515164,-0.39040400157383
8.976,0.104208000000093,0.110822817205465,-0.539319817483723
8.978,0.104144000000093,0.110733391865094,-0.687484942779719
8.98,0.104080000000093,0.110644185588764,-0.833837158728929
8.982,0.104017000000093,0.110555454548455,-0.977201533352252
8.984,0.103954000000093,0.110467392044845,-1.11671903684981
8.986,0.103891000000093,0.11038022461904,-1.25127667703213
8.988,0.103828000000093,0.110294141880929,-1.37994249662369
8.99,0.103765000000093,0.110209273291536,-1.50208359609285
8.992,0.103704000000093,0.110125839744557,-1.61656456374614
8.994,0.103643000000093,0.110044056499234,-1.72226912136369
8.996,0.103582000000093,0.109963900416969,-1.81931444540004
8.998,0.103521000000093,0.109885587237477,-1.9065029356639
9,0.103460000000093,0.109809221474155,-1.98315957340142
9.002,0.103402000000093,0.109734854910495,-2.04879750122407
9.004,0.103344000000093,0.109662373891391,-2.10378072445336
9.006,0.103286000000093,0.109591763329825,-2.14785743796941
9.008,0.103228000000093,0.109522975136488,-2.18085916818474
9.01,0.103170000000093,0.109455803151779,-2.2035407425559
9.012,0.103116000000094,0.109390265699409,-2.21509149619278
9.014,0.103062000000094,0.109325947671571,-2.21767617096883
9.016,0.103008000000094,0.109262905365753,-2.21006628751006
9.018,0.102954000000094,0.109200817426397,-2.19384216609198
9.02,0.102900000000094,0.109139544155331,-2.16904847993804
9.022,0.102851000000094,0.109078870383784,-2.13632441111509
9.024,0.102802000000094,0.109018585133768,-2.09699774483958
9.026,0.102753000000094,0.108958586164901,-2.05085546830562
9.028,0.102704000000094,0.108898754830445,-1.99864958289091
9.03,0.102655000000094,0.108839034055325,-1.94062555693428
9.032,0.102612000000094,0.108779397954166,-1.8772723239097
9.034,0.102569000000094,0.108719856487625,-1.80845009511675
9.036,0.102526000000094,0.108660428623957,-1.73471908262092
9.038,0.102483000000094,0.108601163393766,-1.65606297402146
9.04,0.102440000000094,0.108542131039076,-1.57255361608036
9.042,0.102404000000094,0.108483420584216,-1.48427536104137
9.044,0.102368000000094,0.108425183920067,-1.39085084080061
9.046,0.102332000000094,0.108367542794902,-1.29242956031493
9.048,0.102296000000094,0.108310701450298,-1.18848463418581
9.05,0.102260000000095,0.108254806540057,-1.07894276209339
9.052,0.102232000000095,0.108200072276618,-0.963313145234166
9.054,0.102204000000095,0.108146604996336,-0.841629556310861
9.056,0.102176000000095,0.108094621938494,-0.713389124808104
9.058,0.102148000000095,0.108044118921056,-0.579029986135268
9.06,0.102120000000095,0.107995183234519,-0.438537578610409
9.062,0.102101000000095,0.107947827536962,-0.29218750872048
9.064,0.102082000000095,0.107902037748208,-0.140336214383915
9.066,0.102063000000095,0.107857783426533,0.0166153677633266
9.068,0.102044000000095,0.107815027300464,0.178254440197764
9.07,0.102025000000095,0.107773710823431,0.344121878214714
9.072,0.102016000000095,0.107733869441255,0.514029363034568
9.074,0.102007000000095,0.107695410875245,0.687435305700069
9.076,0.101998000000095,0.107658300207031,0.863974583608977
9.078,0.101989000000095,0.107622505622908,1.04327306894841
9.08,0.101980000000095,0.107588014185699,1.22492671051865
9.082,0.101982000000095,0.107554652339183,1.4082551651717
9.084,0.101984000000095,0.107522447691564,1.59283956183181
9.086,0.101986000000095,0.107491227247922,1.77797942319878
9.088,0.101988000000095,0.107460963877949,1.96299685709585
9.09,0.101990000000095,0.107431491916217,2.14713805402438
9.092,0.102004000000096,0.107402717993865,2.32963683927489
9.094,0.102018000000096,0.107374536323153,2.509846994173
9.096,0.102032000000096,0.10734691809719,2.68690944636356
9.098,0.102046000000096,0.107319790761764,2.86056033842148
9.1,0.102060000000096,0.107293170183262,3.03036364584996
9.102,0.102085000000096,0.107267094577514,3.19609640381417
9.104,0.102110000000096,0.10724163760483,3.35767140754089
9.106,0.102135000000096,0.10721688833424,3.51520734646862
9.108,0.102160000000096,0.107193014787681,3.66868721358239
9.11,0.102185000000096,0.107170182327133,3.81841622593338
9.112,0.102220000000096,0.107148580702149,3.96476376743575
9.114,0.102255000000096,0.107128364221399,4.10817799515278
9.116,0.102290000000096,0.1071098855632,4.24878772276877
9.118,0.102325000000096,0.107093212936896,4.38713683123136
9.12,0.102360000000096,0.107078603362969,4.52339542338009
9.122,0.102404000000096,0.107066219765201,4.65779692510484
9.124,0.102448000000096,0.107056357814932,4.79042181189094
9.126,0.102492000000096,0.107049119143941,4.92137377945331
9.128,0.102536000000096,0.107044677909666,5.0505473498676
9.13,0.102580000000096,0.107043084602022,5.17775321425159
9.132,0.102632000000096,0.107044453328519,5.30264575799589
9.134,0.102684000000097,0.107048728309988,5.42494923386058
9.136,0.102736000000097,0.107055981277667,5.54424246281448
9.138,0.102788000000097,0.10706616088729,5.66021685773334
9.14,0.102840000000097,0.107079248189373,5.77252633954287
9.142,0.102899000000097,0.107095199493688,5.8808321384898
9.144,0.102958000000097,0.10711393188645,5.98481061649722
9.146,0.103017000000097,0.107135445297852,6.08394227365604
9.148,0.103076000000097,0.107159546514394,6.17795484396392
9.15,0.103135000000097,0.107186060576621,6.26658147723378
9.152,0.103200000000097,0.107215220992587,6.34832795168281
9.154,0.103265000000097,0.107246333438634,6.42426436567843
9.156,0.103330000000097,0.107279583726825,6.49302398303951
9.158,0.103395000000097,0.107314832972163,6.55409208388326
9.16,0.103460000000097,0.107352012173684,6.60667675723704
9.162,0.103530000000097,0.107390945321633,6.65050229792587
9.164,0.103600000000097,0.107431534738651,6.68515629439539
9.166,0.103670000000097,0.107473727975242,6.709995674997
9.168,0.103740000000098,0.107517447290845,6.72450165377519
9.17,0.103810000000098,0.107562626618522,6.72795679832354
9.172,0.103884000000098,0.107609123971016,6.72000377480112
9.174,0.103958000000098,0.107656811984222,6.69991295743815
9.176,0.104032000000098,0.107705562748825,6.66632246259234
9.178,0.104106000000098,0.107755104182194,6.61969123182871
9.18,0.104180000000098,0.10780529234967,6.5573095375589
9.182,0.104257000000098,0.107855823051717,6.48031644402909
9.184,0.104334000000098,0.10790649935616,6.38698362298812
9.186,0.104411000000098,0.107957086848367,6.27645432144784
9.188,0.104488000000098,0.108007402964874,6.14824213319285
9.19,0.104565000000098,0.108057344231319,6.00237496199196
9.192,0.104644000000098,0.108106902081571,5.83898534900582
9.194,0.104723000000098,0.108156179973302,5.65928481866782
9.196,0.104802000000098,0.108205371985722,5.46392383334548
9.198,0.104881000000098,0.108254761004608,5.25470098984746
9.2,0.104960000000098,0.10830468877452,5.03346085062837
9.202,0.105040000000098,0.108355499241411,4.80242182576549
9.204,0.105120000000098,0.108407668433904,4.56314282054287
9.206,0.105200000000098,0.108461488925242,4.31826347700765
9.208,0.105280000000098,0.108517413134239,4.06950259601657
9.21,0.105360000000098,0.108575717220178,3.8187995936599
9.212,0.105440000000098,0.108636655534412,3.56775963041924
9.214,0.105520000000099,0.108700574794428,3.31789456775021
9.216,0.105600000000099,0.108767527943924,3.07041081656791
9.218,0.105680000000099,0.10883764552704,2.82630481841196
9.22,0.105760000000099,0.108911028622488,2.58644525763282
9.222,0.105840000000099,0.108987757505559,2.35156323043648
9.224,0.105920000000099,0.10906760621601,2.12174395387355
9.226,0.106000000000099,0.10915060911952,1.89735273267785
9.228,0.106080000000099,0.109236368197818,1.67789146003199
9.23,0.106160000000099,0.109324790117549,1.46330048385245
9.232,0.106240000000099,0.109415381653932,1.25270995115011
9.234,0.106320000000099,0.109507942971635,1.04572368957137
9.236,0.106400000000099,0.109601957823759,0.841327168022993
9.238,0.106480000000099,0.109697166566454,0.638938044737833
9.24,0.106560000000099,0.109793122899448,0.437658559781961
9.242,0.106640000000099,0.109889516855739,0.236847476118828
9.244,0.106720000000099,0.109986029813457,0.0359187962056145
9.246,0.106800000000099,0.11008239264076,-0.165565155755434
9.248,0.106880000000099,0.110178408888207,-0.367824617874908
9.25,0.1069600000001,0.11027391018924,-0.570981935664515
9.252,0.1070400000001,0.110368790069857,-0.774978941406719
9.254,0.1071200000001,0.110462969198191,-0.97965617657409
9.256,0.1072000000001,0.110556401452099,-1.1847005662456
9.258,0.1072800000001,0.110649132783091,-1.38966352633473
9.26,0.1073600000001,0.110741194442106,-1.59393278438384
9.262,0.1074400000001,0.110832720065579,-1.79669454940077
9.264,0.1075200000001,0.110923879850685,-1.99704141928698
9.266,0.1076000000001,0.111014873601826,-2.19386410973184
9.268,0.1076800000001,0.11110595121446,-2.38595331142958
9.27,0.1077600000001,0.111197369585544,-2.57211993196233
9.272,0.1078400000001,0.111289384402009,-2.75119925482341
9.274,0.1079200000001,0.111382241333286,-2.92204586698489
9.276,0.1080000000001,0.111476218534012,-3.08318080053499
9.278,0.1080800000001,0.111571474483022,-3.23402247515006
9.28,0.1081600000001,0.11166825685545,-3.37314788744211
9.282,0.1082400000001,0.111766697590994,-3.49994473822216
9.284,0.1083200000001,0.111866988025237,-3.61323201817833
9.286,0.1084000000001,0.111969222911092,-3.71240027877437
9.288,0.1084800000001,0.112073409563475,-3.79730135477075
9.29,0.1085600000001,0.112179599489149,-3.86731806889008
9.292,0.1086400000001,0.112287772875229,-3.92221467751595
9.294,0.108720000000101,0.112397923849072,-3.96148908191765
9.296,0.108800000000101,0.112509927053672,-3.98538688756971
9.298,0.108880000000101,0.112623579523047,-3.99476240047799
9.3,0.108960000000101,0.112738779022404,-3.9893614102392
9.302,0.109040000000101,0.112855208159179,-3.97094795772328
9.304,0.109120000000101,0.112972784698144,-3.93802625848438
9.306,0.109200000000101,0.113090996472725,-3.89450132969631
9.308,0.109280000000101,0.113209649303653,-3.84008688998132
9.31,0.109360000000101,0.11332844293437,-3.7759782538013
9.312,0.109440000000101,0.113447036142907,-3.70263973387104
9.314,0.109520000000101,0.113565181167138,-3.62220841012032
9.316,0.109600000000101,0.113682613956612,-3.53512900516894
9.318,0.109680000000101,0.113799152116764,-3.44238618639837
9.32,0.109760000000101,0.113914640483298,-3.34472023914257
9.322,0.109840000000101,0.114028964334232,-3.24272137377418
9.324,0.109920000000101,0.114142088135074,-3.13694052791387
9.326,0.110000000000102,0.114254006957825,-3.02773097372249
9.328,0.110080000000102,0.114364776025855,-2.91535019481558
9.33,0.110160000000102,0.114474428655316,-2.79972316187927
9.332,0.110240000000102,0.114583125636687,-2.68087787944455
9.334,0.110320000000102,0.114691018642387,-2.55865795357947
9.336,0.110400000000102,0.114798257625761,-2.43279084285021
9.338,0.110480000000102,0.11490501466649,-2.30310091582194
9.34,0.110560000000102,0.115011423315019,-2.16924779210496
9.342,0.110640000000102,0.115117616250797,-2.03141138245837
9.344,0.110720000000102,0.115223661962353,-1.88939649523469
9.346,0.110800000000102,0.115329610744789,-1.74353958532086
9.348,0.110880000000102,0.115435470243711,-1.59418235299828
9.35,0.110960000000102,0.11554121940302,-1.44166726957345
9.352,0.111040000000102,0.115646822690378,-1.28650295301871
9.354,0.111120000000102,0.115752240980354,-1.12920867348998
9.356,0.111200000000102,0.115857442639403,-0.970263174201231
9.358,0.111280000000102,0.115962397630198,-0.810037492206089
9.36,0.111360000000102,0.116067093595748,-0.648906756980409
9.362,0.111440000000102,0.116171541789531,-0.487220334599186
9.364,0.111520000000102,0.116275733097442,-0.325255135541213
9.366,0.111600000000102,0.116379651496209,-0.163337207954239
9.368,0.111680000000102,0.116483267976728,-0.00186017674628244
9.37,0.111760000000102,0.116586569065546,0.158833112274619
9.372,0.111840000000103,0.116689496458513,0.318308348030158
9.374,0.111920000000103,0.116791976636509,0.476018141846441
9.376,0.112000000000103,0.116893967369807,0.631552871163407
9.378,0.112080000000103,0.116995341354617,0.784136403741962
9.38,0.112160000000103,0.117095973624836,0.932997986036816
9.382,0.112239000000103,0.117195763529703,1.07750268793835
9.384,0.112318000000103,0.117294581238481,1.21685515240437
9.386,0.112397000000103,0.117392327549564,1.35038512952984
9.388,0.112476000000103,0.117488934287142,1.47753820580833
9.39,0.112555000000103,0.117584371122221,1.59790311239168
9.392,0.112632000000103,0.117678647442203,1.71122160610173
9.394,0.112709000000103,0.117771803964541,1.81733584639423
9.396,0.112786000000103,0.117863928320365,1.91631532950935
9.398,0.112863000000103,0.117955099169681,2.00808659479856
9.4,0.112940000000103,0.118045465506182,2.09304737840082
9.402,0.113014000000103,0.118135151685717,2.17145960626287
9.404,0.113088000000103,0.118224247485618,2.24312473302667
9.406,0.113162000000104,0.118312906115527,2.30846215825818
9.408,0.113236000000104,0.118401253529105,2.36776409591715
9.41,0.113310000000104,0.118489392837992,2.42061127433005
9.412,0.113380000000104,0.118577449521762,2.46786092278892
9.414,0.113450000000104,0.118665486678719,2.50905149112349
9.416,0.113520000000104,0.118753545603737,2.543969006624
9.418,0.113590000000104,0.11884162384206,2.57284350553546
9.42,0.113660000000104,0.11892969396573,2.59515302455343
9.422,0.113725000000104,0.119017705231231,2.6107801754433
9.424,0.113790000000104,0.119105578999871,2.61922918153509
9.426,0.113855000000104,0.11919323552444,2.62068838531701
9.428,0.113920000000104,0.119280546423925,2.6144160261192
9.43,0.113985000000104,0.119367387169541,2.6002990194862
9.432,0.114044000000104,0.11945362063442,2.57808206581518
9.434,0.114103000000104,0.119539095578575,2.54738217790689
9.436,0.114162000000104,0.119623657101803,2.50783245492894
9.438,0.114221000000104,0.119707186813169,2.45938693778024
9.44,0.114280000000104,0.11978952003897,2.40155873374321
9.442,0.114332000000105,0.119870539724156,2.33423798887301
9.444,0.114384000000105,0.119950215995963,2.25778717271809
9.446,0.114436000000105,0.12002837856801,2.17152319177332
9.448,0.114488000000105,0.120105024536541,2.07578688013682
9.45,0.114540000000105,0.120180185514597,1.9710194501793
9.452,0.114584000000105,0.120253773611668,1.8569242512195
9.454,0.114628000000105,0.12032583754391,1.73402732768388
9.456,0.114672000000105,0.12039629760834,1.60215759626416
9.458,0.114716000000105,0.120465166685825,1.46170605600529
9.46,0.114760000000105,0.120532442227386,1.31299262604667
9.462,0.114795000000105,0.120598030674138,1.15592086166234
9.464,0.114830000000105,0.120662017485855,0.991288745322112
9.466,0.114865000000105,0.120724415318411,0.819488819447241
9.468,0.114900000000105,0.120785099562459,0.640357774634747
9.47,0.114935000000105,0.120844202072504,0.454822777233608
9.472,0.114960000000105,0.12090177997957,0.26344918162531
9.474,0.114985000000105,0.12095788506825,0.0667801878583119
9.476,0.115010000000105,0.121012636756583,-0.134403977267232
9.478,0.115035000000105,0.12106616575939,-0.339327995572833
9.48,0.115060000000105,0.121118546909116,-0.547355940708756
9.482,0.115074000000106,0.121169900147004,-0.757746058993279
9.484,0.115088000000106,0.121220324751185,-0.96976341000288
9.486,0.115102000000106,0.121269942216753,-1.18270969277183
9.488,0.115116000000106,0.121318775143744,-1.39602819673755
9.49,0.115130000000106,0.121366862647793,-1.60918875380124
9.492,0.115132000000106,0.121414224475157,-1.8217507297665
9.494,0.115134000000106,0.121460856787995,-2.03324941626576
9.496,0.115136000000106,0.121506723693805,-2.24304010762699
9.498,0.115138000000106,0.121551904943304,-2.45069143873378
9.5,0.115140000000106,0.121596403187541,-2.6556758843517
9.502,0.115131000000106,0.121640168119047,-2.85728976401634
9.504,0.115122000000106,0.1216831768438,-3.05515047465998
9.506,0.115113000000106,0.121725416148397,-3.24921220300224
9.508,0.115104000000106,0.121766762019196,-3.43911519692679
9.51,0.115095000000106,0.121807100468013,-3.62480385753257
9.512,0.115076000000106,0.121846309027325,-3.80638746191464
9.514,0.115057000000106,0.121884248142392,-3.98402496549292
9.516,0.115038000000107,0.12192072890063,-4.15783415122905
9.518,0.115019000000107,0.121955597205886,-4.3280503597378
9.52,0.115000000000107,0.121988724130693,-4.49488134349566
9.522,0.114972000000107,0.122019903507411,-4.65834284907142
9.524,0.114944000000107,0.122049044429515,-4.81858189815031
9.526,0.114916000000107,0.122075956968088,-4.9755444496926
9.528,0.114888000000107,0.122100511368024,-5.12920624059079
9.53,0.114860000000107,0.122122627465822,-5.27947900280249
9.532,0.114824000000107,0.122142083715659,-5.42586581232885
9.534,0.114788000000107,0.12215910410118,-5.56833618029485
9.536,0.114752000000107,0.122173439573907,-5.7059423434062
9.538,0.114716000000107,0.122185280513074,-5.83839825000613
9.54,0.114680000000107,0.122194548887283,-5.96488804054743
9.542,0.114637000000107,0.122201371025946,-6.08511116607391
9.544,0.114594000000107,0.122205743499711,-6.1985598256989
9.546,0.114551000000107,0.122207740514501,-6.30505273606424
9.548,0.114508000000107,0.122207376185443,-6.40433494700946
9.55,0.114465000000107,0.122204594506599,-6.49595743590817
9.552,0.114416000000108,0.122199466062721,-6.57984303676455
9.554,0.114367000000108,0.12219206956765,-6.65591747737452
9.556,0.114318000000108,0.122182511792519,-6.72412967487649
9.558,0.114269000000108,0.122170874289746,-6.78424826707328
9.56,0.114220000000108,0.122156995179008,-6.83473557570801
9.562,0.114166000000108,0.122141719008341,-6.87873946509458
9.564,0.114112000000108,0.122124369019287,-6.9121154154551
9.566,0.114058000000108,0.122105379476937,-6.93581416888241
9.568,0.114004000000108,0.12208485317929,-6.94916428909808
9.57,0.113950000000108,0.122062906153383,-6.95166547458826
9.572,0.113892000000108,0.122039621391664,-6.94266446055587
9.574,0.113834000000108,0.122015141342014,-6.92221641965288
9.576,0.113776000000108,0.121989477439899,-6.88905027958414
9.578,0.113718000000108,0.121962801855542,-6.84345769480444
9.58,0.113660000000108,0.121935186835516,-6.78423423531071
9.582,0.113599000000108,0.121906790437686,-6.71101470865805
9.584,0.113538000000108,0.121877769684368,-6.62319134902671
9.586,0.113477000000108,0.121848282482476,-6.52053217296086
9.588,0.113416000000108,0.121818454697557,-6.40246284452689
9.59,0.113355000000108,0.121788390557885,-6.26929413174317
9.592,0.113292000000109,0.121758131346094,-6.12106078983093
9.594,0.113229000000109,0.12172767345823,-5.95871025549165
9.596,0.113166000000109,0.121696938464294,-5.78215845947018
9.598,0.113103000000109,0.121665816862998,-5.59289673182997
9.6,0.113040000000109,0.121634152629559,-5.39212502909467
9.602,0.112976000000109,0.121601746423347,-5.18087533431573
9.604,0.112912000000109,0.121568394900111,-4.96057210334465
9.606,0.112848000000109,0.121533821073909,-4.73237278393559
9.608,0.112784000000109,0.121497782135274,-4.49790149034442
9.61,0.112720000000109,0.121460080889434,-4.25865597551707
9.612,0.112656000000109,0.121420469047895,-4.01588788753556
9.614,0.112592000000109,0.121378749267047,-3.77087290363151
9.616,0.112528000000109,0.121334749349909,-3.52476397304807
9.618,0.112464000000109,0.121288286331552,-3.27865317524862
9.62,0.112400000000109,0.121239178819285,-3.03363945751098
9.622,0.112336000000109,0.121187486602374,-2.79052118837672
9.624,0.11227200000011,0.121132945593483,-2.55029171267999
9.626,0.11220800000011,0.121075554041522,-2.31364001054539
9.628,0.11214400000011,0.1210154134213,-2.08097148670803
9.63,0.11208000000011,0.12095243345489,-1.85289129912458
9.632,0.11201600000011,0.1208866981441,-1.6296626351492
9.634,0.11195200000011,0.120818453262927,-1.41115409659386
9.636,0.11188800000011,0.1207478383422,-1.19733571705501
9.638,0.11182400000011,0.120674987910001,-0.98813478060129
9.64,0.11176000000011,0.120600200003068,-0.783077095233829
9.642,0.11169600000011,0.120523735042954,-0.581714207145262
9.644,0.11163200000011,0.120445866355857,-0.383536141742118
9.646,0.11156800000011,0.120366963178016,-0.187801907297351
9.648,0.11150400000011,0.120287328913626,0.00607806852096013
9.65,0.11144000000011,0.120207260680048,0.198652009768742
9.652,0.11137600000011,0.120127040178005,0.390375294471717
9.654,0.11131200000011,0.120046918204651,0.581640723984461
9.656,0.11124800000011,0.119967099346316,0.772692464284159
9.658,0.11118400000011,0.119887772913834,0.963662627119106
9.66,0.11112000000011,0.119809047197823,1.15457284002574
9.662,0.11105600000011,0.119731058403486,1.34530853109729
9.664,0.11099200000011,0.119653803930509,1.53566897153764
9.666,0.110928000000111,0.119577374303576,1.72527007612998
9.668,0.110864000000111,0.119501723996191,1.91363384271449
9.67,0.110800000000111,0.119426771337264,2.10018558913294
9.672,0.110736000000111,0.11935241263281,2.28417338610713
9.674,0.110672000000111,0.119278483188523,2.46463403526318
9.676,0.110608000000111,0.119204769628506,2.64035353353408
9.678,0.110544000000111,0.11913099908622,2.81014515701007
9.68,0.110480000000111,0.119056910054195,2.97294035566739
9.682,0.110416000000111,0.118982210187954,3.12720861514743
9.684,0.110352000000111,0.118906620511059,3.27172108189322
9.686,0.110288000000111,0.118829904981417,3.4054831621665
9.688,0.110224000000111,0.118751837368112,3.52743585975262
9.69,0.110160000000111,0.118672169083046,3.63626140388571
9.692,0.110096000000111,0.118590728169131,3.73119550270625
9.694,0.110032000000111,0.118507322900325,3.81115110128027
9.696,0.109968000000112,0.118421904318296,3.87593900699791
9.698,0.109904000000112,0.118334444362714,3.92532833347661
9.7,0.109840000000112,0.118244882167819,3.95866913331108
9.702,0.109776000000112,0.1181533725955,3.97685013177403
9.704,0.109712000000112,0.118059789577784,3.97845501172919
9.706,0.109648000000112,0.117964409572715,3.96517793177604
9.708,0.109584000000112,0.117867354374186,3.93744457228853
9.71,0.109520000000112,0.117768673399083,3.89472178339382
9.712,0.109456000000112,0.11766870908618,3.83894233445423
9.714,0.109392000000112,0.117567687918564,3.77083713142898
9.716,0.109328000000112,0.117465901237293,3.69156906249864
9.718,0.109264000000112,0.117363664874164,3.60239634068099
9.72,0.109200000000112,0.117261303790777,3.50474856691324
9.722,0.109136000000112,0.117159185710329,3.39955035995169
9.724,0.109072000000112,0.117057649898361,3.28863662862164
9.726,0.109008000000112,0.116956981032948,3.17328089168972
9.728,0.108944000000112,0.116857479194045,3.05452180971897
9.73,0.108880000000112,0.11675942150495,2.93338852020737
9.732,0.108816000000112,0.116662967688313,2.81083848840215
9.734,0.108752000000112,0.116568235033107,2.68749612467019
9.736,0.108688000000113,0.11647519446942,2.56378469315917
9.738,0.108624000000113,0.116383874212795,2.43986815405685
9.74,0.108560000000113,0.116294154350946,2.31570470503056
9.742,0.108496000000113,0.116205870047631,2.19108203946526
9.744,0.108432000000113,0.116118880482953,2.06557947151702
9.746,0.108368000000113,0.116032855727793,1.93884041762186
9.748,0.108304000000113,0.115947648923271,1.81027233134492
9.75,0.108240000000113,0.115863021248593,1.67910328914577
9.752,0.108176000000113,0.115778671628885,1.54512091008824
9.754,0.108112000000113,0.115694404239891,1.40753086717439
9.756,0.108048000000113,0.115610009970641,1.26610053302409
9.758,0.107984000000113,0.115525338505796,1.12071512172126
9.76,0.107920000000113,0.115440284330354,0.971363073735602
9.762,0.107856000000113,0.115354782476906,0.818218720689989
9.764,0.107792000000113,0.115268790431114,0.661498746704702
9.766,0.107728000000113,0.115182334121065,0.501789279587612
9.768,0.107664000000113,0.115095422362415,0.339464195085436
9.77,0.107600000000114,0.115008094595013,0.175048140577329
9.772,0.107536000000114,0.114920404664357,0.0091229715833773
9.774,0.107472000000114,0.114832451633858,-0.15760191489308
9.776,0.107408000000114,0.114744303909961,-0.324547859602703
9.778,0.107344000000114,0.114656046404616,-0.491039653772669
9.78,0.107280000000114,0.114567776960558,-0.656437915682492
9.782,0.107217000000114,0.114479600278663,-0.820033343806158
9.784,0.107154000000114,0.114391630708,-0.981111137347458
9.786,0.107091000000114,0.11430398984529,-1.13895516157292
9.788,0.107028000000114,0.114216823587296,-1.29267916230356
9.79,0.106965000000114,0.114130249242626,-1.44165224769604
9.792,0.106904000000114,0.114044404948193,-1.58509624275009
9.794,0.106843000000114,0.1139594564854,-1.72207143684088
9.796,0.106782000000114,0.113875612488859,-1.85139706197797
9.798,0.106721000000114,0.113792953491241,-1.97278289984678
9.8,0.106660000000114,0.113711616452306,-2.08550267692258
9.802,0.106602000000115,0.113631800553696,-2.18841774054412
9.804,0.106544000000115,0.113553644388707,-2.28075383678001
9.806,0.106486000000115,0.113477128202338,-2.3626662211115
9.808,0.106428000000115,0.113402356497226,-2.43343665796829
9.81,0.106370000000115,0.113329318422073,-2.49298164949917
9.812,0.106316000000115,0.113258028092616,-2.54092692395362
9.814,0.106262000000115,0.113188311743742,-2.57807126431239
9.816,0.106208000000115,0.113120119245196,-2.60432669194468
9.818,0.106154000000115,0.113053394709567,-2.6195380709225
9.82,0.106100000000115,0.112987910708922,-2.62483085188076
9.822,0.106051000000115,0.112923636605952,-2.61973650968508
9.824,0.106002000000115,0.112860370428677,-2.60507370675396
9.826,0.105953000000115,0.112797946175826,-2.58140045802089
9.828,0.105904000000115,0.112736220428401,-2.54901499423769
9.83,0.105855000000115,0.112675029819348,-2.50873453794487
9.832,0.105812000000115,0.11261428766469,-2.46070548413785
9.834,0.105769000000115,0.112553923433125,-2.40533431092078
9.836,0.105726000000115,0.112493905967714,-2.34286543081622
9.838,0.105683000000115,0.112434235231319,-2.27344786993161
9.84,0.105640000000116,0.112374932252119,-2.19722724710739
9.842,0.105604000000116,0.112316037433821,-2.11426955405263
9.844,0.105568000000116,0.112257612795503,-2.02454975744817
9.846,0.105532000000116,0.11219972039951,-1.92818894724032
9.848,0.105496000000116,0.112142416481825,-1.8254535108825
9.85,0.105460000000116,0.112085844544026,-1.71582395921993
9.852,0.105432000000116,0.112030131114353,-1.59921503650055
9.854,0.105404000000116,0.111975399712661,-1.47554266325137
9.856,0.105376000000116,0.111921809059657,-1.34448150892793
9.858,0.105348000000116,0.111869419986879,-1.20628280293997
9.86,0.105320000000116,0.111818417443545,-1.06044082568332
9.862,0.105301000000116,0.111768855836061,-0.907189125894127
9.864,0.105282000000116,0.111720871222808,-0.74635810699602
9.866,0.105263000000116,0.111674377463362,-0.578784037432932
9.868,0.105244000000116,0.111629451555358,-0.40452212819452
9.87,0.105225000000117,0.111586104756438,-0.223958947132535
9.872,0.105216000000117,0.111544246415384,-0.0378694168925772
9.874,0.105207000000117,0.111503796646137,0.153047076897109
9.876,0.105198000000117,0.111464692036331,0.348150444332773
9.878,0.105189000000117,0.111426831754424,0.546695739868772
9.88,0.105180000000117,0.111390209513864,0.748166137644767
9.882,0.105182000000117,0.111354702203558,0.951752069672438
9.884,0.105184000000117,0.111320186605557,1.15678051893342
9.886,0.105186000000117,0.111286694890184,1.362783428509
9.888,0.105188000000117,0.111254172911827,1.56911598466849
9.89,0.105190000000117,0.11122251303297,1.7752240525188
9.892,0.105204000000117,0.111191758139711,1.98062990031815
9.894,0.105218000000117,0.111161915772406,2.18492454043763
9.896,0.105232000000117,0.111132987712184,2.38780336844311
9.898,0.105246000000117,0.111105022171569,2.58889140047983
9.9,0.105260000000117,0.111078061503709,2.78775753074012
9.902,0.105285000000117,0.111052098616785,2.98407914110705
9.904,0.105310000000118,0.111027185577511,3.17742376978179
9.906,0.105335000000118,0.111003331989477,3.36755582344954
9.908,0.105360000000118,0.110980591950574,3.55420365029676
9.91,0.105385000000118,0.110959013648687,3.73720419424164
9.912,0.105420000000118,0.110938672252564,3.91638697098684
9.914,0.105455000000118,0.11091961124389,4.09175524442687
9.916,0.105490000000118,0.110901881004756,4.26335350931295
9.918,0.105525000000118,0.110885596161756,4.43111360786329
9.92,0.105560000000118,0.110870821810259,4.59512067108906
9.922,0.105604000000118,0.110857625869295,4.75541214782342
9.924,0.105648000000118,0.110846087036395,4.9119404271208
9.926,0.105692000000118,0.110836227829244,5.06473868263896
9.928,0.105736000000118,0.110828161149339,5.21364444318779
9.93,0.105780000000118,0.110822005702337,5.35853452495499
9.932,0.105832000000118,0.110817908573298,5.499292283702
9.934,0.105884000000118,0.110815838691266,5.63612436296601
9.936,0.105936000000118,0.110815973477146,5.76872985199693
9.938,0.105988000000118,0.110818545595456,5.89652609177102
9.94,0.106040000000119,0.110823355162715,6.01962621023089
9.942,0.106099000000119,0.110830563156763,6.13727155245838
9.944,0.106158000000119,0.110840138159107,6.24896707070024
9.946,0.106217000000119,0.110851995330701,6.3542963209802
9.948,0.106276000000119,0.110866114859003,6.45264074877988
9.95,0.106335000000119,0.11088243588696,6.54345048863436
9.952,0.106400000000119,0.110900884451647,6.62618656963381
9.954,0.106465000000119,0.110921373251386,6.700323331575
9.956,0.106530000000119,0.110943820508111,6.76525484745769
9.958,0.106595000000119,0.110968154836679,6.82020377561223
9.96,0.106660000000119,0.11099409764897,6.86572678995712
9.962,0.106730000000119,0.111021692626088,6.90045019328655
9.964,0.106800000000119,0.111050769542778,6.92437145970295
9.966,0.106870000000119,0.111081204811498,6.93739261622085
9.968,0.106940000000119,0.111113023002383,6.93821563946729
9.97,0.107010000000119,0.111145970416017,6.92828083291707
9.972,0.107084000000119,0.111180149536346,6.90608303642259
9.974,0.10715800000012,0.111215540123703,6.87169038657442
9.976,0.10723200000012,0.111252100855347,6.82580328959464
9.978,0.10730600000012,0.111289977498291,6.76753567683803
9.98,0.10738000000012,0.111329166395109,6.69751214544238
9.982,0.10745700000012,0.111369729528826,6.61564158738662
9.984,0.10753400000012,0.111411707874854,6.52175332178307
9.986,0.10761100000012,0.111455089171709,6.41573035264292
9.988,0.10768800000012,0.111499848830444,6.29706343625211
9.99,0.10776500000012,0.111545847511815,6.16582731824018
9.992,0.10784400000012,0.111593015753772,6.02110996967552
9.994,0.10792300000012,0.111641145006713,5.86371983326953
9.996,0.10800200000012,0.111690173404396,5.69297111176229
9.998,0.10808100000012,0.111740004234133,5.50922674639888
10,0.10816000000012,0.111790573672466,5.31321437243214
10.002,0.108240000000121,0.1118418960338,5.10531002589948
10.004,0.108320000000121,0.111893996240798,4.88672006734743
10.006,0.108400000000121,0.111946961447219,4.65852210624468
10.008,0.108480000000121,0.112000898440311,4.42205703284992
10.01,0.108560000000121,0.112056003567782,4.17845258662635
10.012,0.108640000000121,0.112112461248222,3.92923111889447
10.014,0.108720000000121,0.112170448269613,3.67590508269237
10.016,0.108800000000121,0.112230127719002,3.41981557644652
10.018,0.108880000000121,0.1122917262006,3.16213572194604
10.02,0.108960000000121,0.112355298289122,2.90399972822257
10.022,0.109040000000121,0.112420964945201,2.64630754577203
10.024,0.109120000000121,0.112488778585985,2.38988850961501
10.026,0.109200000000121,0.112558763722658,2.13541508264154
10.028,0.109280000000121,0.112630916371527,1.88344091979559
10.03,0.109360000000121,0.112705210248069,1.63441684894208
10.032,0.109440000000121,0.112781479708341,1.38850290054463
10.034,0.109520000000121,0.112859633841524,1.14588086588915
10.036,0.109600000000121,0.112939649830867,0.906853134971215
10.038,0.109680000000121,0.113021336430147,0.671377048429032
10.04,0.109760000000121,0.113104554775631,0.439454701309267
10.042,0.109840000000122,0.113189191279259,0.21114070711386
10.044,0.109920000000122,0.113275067666516,-0.0137039490494271
10.046,0.110000000000122,0.113362086327458,-0.234997215577238
10.048,0.110080000000122,0.11345010741024,-0.452779560671795
10.05,0.110160000000122,0.113539025614001,-0.666965117929695
10.052,0.110240000000122,0.113628730235646,-0.877509661122609
10.054,0.110320000000122,0.113719150451922,-1.08419114248272
10.056,0.110400000000122,0.113810212526051,-1.28678798378541
10.058,0.110480000000122,0.113901843327153,-1.48510101867096
10.06,0.110560000000122,0.11399396866519,-1.67892595402503
10.062,0.110640000000122,0.114086501609951,-1.86804858936792
10.064,0.110720000000122,0.11417931563468,-2.05259511022961
10.066,0.110800000000122,0.114272292921678,-2.2324770848366
10.068,0.110880000000122,0.114365298021901,-2.4077850286163
10.07,0.110960000000123,0.114458174660577,-2.5783820671641
10.072,0.111040000000123,0.114550812360868,-2.74480308073992
10.074,0.111120000000123,0.114643031812711,-2.90642840378653
10.076,0.111200000000123,0.114734793715904,-3.06390123832474
10.078,0.111280000000123,0.114826022149127,-3.21703991444993
10.08,0.111360000000123,0.114916624288048,-3.36529896636596
10.082,0.111440000000123,0.115006595648853,-3.50838186497051
10.084,0.111520000000123,0.115095987823095,-3.64602983347752
10.086,0.111600000000123,0.115184871246285,-3.77751454886253
10.088,0.111680000000123,0.11527337528328,-3.90213746075592
10.09,0.111760000000123,0.115361665812406,-4.0188303044067
10.092,0.111840000000123,0.115449945259742,-4.12670236164328
10.094,0.111920000000123,0.115538416014142,-4.22495598293165
10.096,0.112000000000123,0.115627300154601,-4.31236560344347
10.098,0.112080000000123,0.115716832037319,-4.38775083361596
10.1,0.112160000000123,0.115807222190276,-4.45037361391
10.102,0.112240000000124,0.115898637451077,-4.4998162543881
10.104,0.112320000000124,0.115991377373481,-4.534150637178
10.106,0.112400000000124,0.11608558131352,-4.55327159904469
10.108,0.112480000000124,0.116181360487612,-4.55702998027624
10.11,0.112560000000124,0.116278901052423,-4.54440586707517
10.112,0.112640000000124,0.116378312495334,-4.51486860125648
10.114,0.112720000000124,0.11647950175833,-4.46936780649621
10.116,0.112800000000124,0.116582421486094,-4.4081875938753
10.118,0.112880000000124,0.116687069359172,-4.33089745088197
10.12,0.112960000000124,0.116793157414756,-4.23945454948034
10.122,0.113040000000124,0.116900528182384,-4.13428137982877
10.124,0.113120000000124,0.117008918656013,-4.01637111896076
10.126,0.113200000000124,0.1171179694405,-3.88755053457638
10.128,0.113280000000124,0.117227338281981,-3.74971974047401
10.13,0.113360000000124,0.117336709796927,-3.603780936663
10.132,0.113440000000124,0.117445708005307,-3.4512659521398
10.134,0.113520000000124,0.117553970447209,-3.2937284898102
10.136,0.113600000000124,0.117661264790344,-3.13277668486371
10.138,0.113680000000125,0.117767232431099,-2.96937893170719
10.14,0.113760000000125,0.117871593316114,-2.80480389410846
10.142,0.113840000000125,0.117974251561914,-2.64002833980002
10.144,0.113920000000125,0.118074928977925,-2.47586994212072
10.146,0.114000000000125,0.118173537191421,-2.31296380445693
10.148,0.114080000000125,0.118270120475837,-2.15165903685728
10.15,0.114160000000125,0.118364719425642,-1.99212655167482
10.152,0.114240000000125,0.118457281867229,-1.83452297668188
10.154,0.114320000000125,0.118548012480585,-1.67865946772737
10.156,0.114400000000125,0.118637017307186,-1.52435914855547
10.158,0.114480000000125,0.118724418406958,-1.3713424785128
10.16,0.114560000000125,0.118810563893655,-1.2191298651866
10.162,0.114640000000125,0.118895518795867,-1.06739448354352
10.164,0.114720000000126,0.11897949964611,-0.91562291236847
10.166,0.114800000000126,0.119062789330429,-0.763281323212551
10.168,0.114880000000126,0.11914561660339,-0.609817524084784
10.17,0.114960000000126,0.119228241118507,-0.454798848240661
10.172,0.115040000000126,0.119310887719685,-0.297841959441088
10.174,0.115120000000126,0.119393747233281,-0.13879346384269
10.176,0.115200000000126,0.119476967179219,0.0223545468740881
10.178,0.115280000000126,0.119560703500311,0.185647409266877
10.18,0.115360000000126,0.119645042439565,0.350820600190405
10.182,0.115439000000126,0.119730047422379,0.517562228772738
10.184,0.115518000000126,0.119815770736148,0.685507724325428
10.186,0.115597000000126,0.119902238394748,0.854186240096143
10.188,0.115676000000126,0.119989407952778,1.02305175482753
10.19,0.115755000000126,0.120077307461821,1.19152453229499
10.192,0.115832000000127,0.12016584183728,1.35902138328646
10.194,0.115909000000126,0.120254954898029,1.5247938609365
10.196,0.115986000000127,0.120344516777821,1.68802303050406
10.198,0.116063000000127,0.120434345549201,1.84779484574443
10.2,0.116140000000127,0.120524233901406,2.00304816115159
10.202,0.116214000000127,0.120613950790171,2.15268769960189
10.204,0.116288000000127,0.120703254227131,2.29567593964193
10.206,0.116362000000127,0.120791887687439,2.43082957020813
10.208,0.116436000000127,0.120879601348705,2.55705598487994
10.21,0.116510000000127,0.120966171530055,2.67349335468963
10.212,0.116580000000127,0.121051297184246,2.77864571535905
10.214,0.116650000000127,0.121134855680945,2.87234846352815
10.216,0.116720000000127,0.121216535164498,2.95296322850219
10.218,0.116790000000127,0.121296167416454,3.01985366996128
10.22,0.116860000000127,0.121373661833308,3.07279229395802
10.222,0.116925000000127,0.121448977453266,3.11173191510697
10.224,0.116990000000127,0.121521945082587,3.13571606407468
10.226,0.117055000000128,0.121592611362268,3.1450820449413
10.228,0.117120000000128,0.121661036784083,3.14020225214351
10.23,0.117185000000128,0.12172713507471,3.12046941176056
10.232,0.117244000000128,0.121791193474093,3.08759793377791
10.234,0.117303000000128,0.1218532115298,3.04140332256486
10.236,0.117362000000128,0.121913268846347,2.98210063463335
10.238,0.117421000000128,0.121971594242932,2.91079744013378
10.24,0.117480000000128,0.122028356205549,2.82808913051453
10.242,0.117532000000128,0.122083806139092,2.73512176296659
10.244,0.117584000000128,0.122138133999416,2.63252171981929
10.246,0.117636000000128,0.122191601142616,2.5215727736222
10.248,0.117688000000128,0.122244384443838,2.40285391186798
10.25,0.117740000000128,0.122296691101542,2.27745589372322
10.252,0.117784000000129,0.122348668398222,2.14605041828193
10.254,0.117828000000129,0.12240044278263,2.00933742466886
10.256,0.117872000000129,0.122452104115726,1.86760972802493
10.258,0.117916000000129,0.12250371532969,1.72144115007661
10.26,0.117960000000129,0.122555289535339,1.57121485346488
10.262,0.117995000000129,0.122606788555483,1.41687833984786
10.264,0.118030000000129,0.122658120660996,1.25841212715453
10.266,0.118065000000129,0.122709140021882,1.0955762888297
10.268,0.118100000000129,0.122759696909349,0.928245567563107
10.27,0.118135000000129,0.122809589118653,0.755898112725728
10.272,0.118160000000129,0.122858598360337,0.578071599550428
10.274,0.118185000000129,0.122906580934873,0.394719467710958
10.276,0.118210000000129,0.122953298063204,0.205305570721361
10.278,0.118235000000129,0.122998613213361,0.00985134864789664
10.28,0.11826000000013,0.12304234836187,-0.191768145141655
10.282,0.11827400000013,0.123084502566158,-0.398998791318509
10.284,0.11828800000013,0.123124962387294,-0.611666199326228
10.286,0.11830200000013,0.123163804826665,-0.828952221079863
10.288,0.11831600000013,0.123201027364085,-1.05025556577617
10.29,0.11833000000013,0.123236691019679,-1.27475706608128
10.292,0.11833200000013,0.123270836383755,-1.50161091822432
10.294,0.11833400000013,0.123303691394559,-1.72976267971159
10.296,0.11833600000013,0.123335192742361,-1.9584851406887
10.298,0.11833800000013,0.123365495096073,-2.18694969796541
10.3,0.11834000000013,0.123394671476262,-2.41450060144066
10.302,0.11833100000013,0.123422620942566,-2.64027695805213
10.304,0.11832200000013,0.123449479086921,-2.86386345017622
10.306,0.11831300000013,0.123475147215809,-3.0846871750039
10.308,0.11830400000013,0.123499543030845,-3.30239528850604
10.31,0.118295000000131,0.123522642425153,-3.51693947967537
10.312,0.118276000000131,0.12354429959385,-3.72799515125437
10.314,0.118257000000131,0.123564371069296,-3.93516108828295
10.316,0.118238000000131,0.123582957559951,-4.13852429724906
10.318,0.118219000000131,0.123599890829974,-4.33734750950819
10.32,0.118200000000131,0.123615193933934,-4.53124684444015
10.322,0.118172000000131,0.123628894808592,-4.71978527315623
10.324,0.118144000000131,0.123641031782714,-4.90251981823608
10.326,0.118116000000131,0.123651635098219,-5.0789565755338
10.328,0.118088000000131,0.12366079466781,-5.24891048738477
10.33,0.118060000000131,0.1236684200344,-5.41135721286573
10.332,0.118024000000131,0.12367465855061,-5.56647192291924
10.334,0.117988000000131,0.123679552463029,-5.71407567493208
10.336,0.117952000000131,0.123683041604414,-5.85339987256232
10.338,0.117916000000131,0.123685140591926,-5.98413988153838
10.34,0.117880000000132,0.123686008770469,-6.107094004855
10.342,0.117837000000132,0.123685444941213,-6.22091692619695
10.344,0.117794000000132,0.123683451117836,-6.32578867633478
10.346,0.117751000000132,0.123679979213509,-6.42178594796038
10.348,0.117708000000132,0.123674942677781,-6.50880005254474
10.35,0.117665000000132,0.123668261813964,-6.5866767605955
10.352,0.117616000000132,0.123659814068638,-6.65480914481247
10.354,0.117567000000132,0.123649649829001,-6.71322668876006
10.356,0.117518000000132,0.123637719301516,-6.76108937753195
10.358,0.117469000000132,0.123624157781944,-6.79842611263802
10.36,0.117420000000132,0.123609004779848,-6.82453248656596
10.362,0.117366000000132,0.123592349900695,-6.83887932822286
10.364,0.117312000000132,0.12357426651019,-6.84061307166593
10.366,0.117258000000133,0.123554867335933,-6.82900978901001
10.368,0.117204000000133,0.12353436509026,-6.80451202782645
10.37,0.117150000000133,0.123512843347098,-6.76631379854107
10.372,0.117092000000133,0.123490378240905,-6.71340962332513
10.374,0.117034000000133,0.123467176086162,-6.64725087941616
10.376,0.116976000000133,0.123443302562711,-6.56760784368252
10.378,0.116918000000133,0.123418747199976,-6.47250413487464
10.38,0.116860000000133,0.123393606321369,-6.36295961112345
10.382,0.116799000000133,0.123367911656065,-6.23970956599121
10.384,0.116738000000133,0.123341605827849,-6.10235374436822
10.386,0.116677000000133,0.123314671147908,-5.95222563015714
10.388,0.116616000000133,0.123286967961,-5.78903145539176
10.39,0.116555000000133,0.123258396003679,-5.61407374815278
10.392,0.116492000000134,0.123228764534257,-5.42808320864514
10.394,0.116429000000134,0.123197886243008,-5.23235513617763
10.396,0.116366000000134,0.123165544580104,-5.02805639685683
10.398,0.116303000000134,0.12313154437616,-4.81651166012724
10.4,0.116240000000134,0.123095644500076,-4.59883174375316
10.402,0.116176000000134,0.123057706128661,-4.37638804354821
10.404,0.116112000000134,0.123017684869562,-4.15040250742822
10.406,0.116048000000134,0.122975310455438,-3.92172140611966
10.408,0.115984000000134,0.122930668738755,-3.69147530929432
10.41,0.115920000000134,0.122883670002269,-3.46047785758553
10.412,0.115856000000134,0.12283436508645,-3.22948135535135
10.414,0.115792000000134,0.122782789891913,-2.99912495745135
10.416,0.115728000000134,0.122729029694576,-2.7699415552441
10.418,0.115664000000134,0.122673103195988,-2.54247144616229
10.42,0.115600000000134,0.122615263264549,-2.31690287994304
10.422,0.115536000000134,0.122555485733342,-2.09364722319107
10.424,0.115472000000135,0.12249407726035,-1.87262815351172
10.426,0.115408000000135,0.122431081818408,-1.65405192580551
10.428,0.115344000000135,0.122366770645033,-1.43774493687158
10.43,0.115280000000135,0.122301236006181,-1.22379199438821
10.432,0.115216000000135,0.122234681277756,-1.01205869368809
10.434,0.115152000000135,0.122167233589056,-0.802541351347418
10.436,0.115088000000135,0.122099035283274,-0.595187120363547
10.438,0.115024000000135,0.122030195545867,-0.3900390687102
10.44,0.114960000000135,0.12196085561409,-0.186993554164464
10.442,0.114896000000135,0.121891117938873,0.0139547728038918
10.444,0.114832000000135,0.121821098024073,0.212911518931743
10.446,0.114768000000136,0.121750893565706,0.409851822958602
10.448,0.114704000000136,0.121680618832114,0.604994979488565
10.45,0.114640000000136,0.121610376469612,0.79839988234688
10.452,0.114576000000136,0.121540272018433,0.990228647983798
10.454,0.114512000000136,0.121470399774526,1.18058163076335
10.456,0.114448000000136,0.1214008194976,1.36957307761443
10.458,0.114384000000136,0.121331609621166,1.55705589599783
10.46,0.114320000000136,0.121262766450882,1.74303290065541
10.462,0.114256000000136,0.121194310108687,1.92728087592309
10.464,0.114192000000136,0.121126238665035,2.10959042394032
10.466,0.114128000000136,0.12105856947789,2.28961938285055
10.468,0.114064000000136,0.120991301688458,2.46715534191976
10.47,0.114000000000136,0.120924421903043,2.64212835152035
10.472,0.113936000000137,0.120857985621201,2.8139115855963
10.474,0.113872000000137,0.120791969947926,2.98219075467929
10.476,0.113808000000137,0.120726341124985,3.14656212703004
10.478,0.113744000000137,0.120661057109126,3.306493228281
10.48,0.113680000000137,0.120596065970557,3.46110861021445
10.482,0.113616000000137,0.12053127268775,3.60971988239409
10.484,0.113552000000137,0.120466563845402,3.75165173357393
10.486,0.113488000000137,0.120401806995626,3.88594313637417
10.488,0.113424000000137,0.120336835426653,4.01150992350903
10.49,0.113360000000137,0.120271495902622,4.12792141316764
10.492,0.113296000000137,0.120205513745363,4.2327824419089
10.494,0.113232000000137,0.120138752233017,4.32633272828257
10.496,0.113168000000137,0.120070953098396,4.40685219653161
10.498,0.113104000000137,0.120001932134131,4.47348336614596
10.5,0.113040000000138,0.119931603600073,4.52619057193458
10.502,0.112976000000138,0.119859730008189,4.56309720848227
10.504,0.112912000000138,0.11978630163405,4.58435358923451
10.506,0.112848000000138,0.119711333437189,4.58998922299073
10.508,0.112784000000138,0.119634849087578,4.57980531292668
10.51,0.112720000000138,0.119556912978133,4.55370687889933
10.512,0.112656000000138,0.119477698859947,4.51263383026826
10.514,0.112592000000138,0.119397297699451,4.45648885501098
10.516,0.112528000000138,0.119315844838051,4.38570156288245
10.518,0.112464000000138,0.119233458907345,4.30051495277743
10.52,0.112400000000138,0.119150269840374,4.2014174757305
10.522,0.112336000000138,0.119066387042638,4.08874528247625
10.524,0.112272000000139,0.118981929076575,3.96301406003086
10.526,0.112208000000139,0.118897024965121,3.82473258681142
10.528,0.112144000000139,0.118811845337873,3.67470449665898
10.53,0.112080000000139,0.118726623713791,3.51396986455476
10.532,0.112016000000139,0.118641636193501,3.34407995850157
10.534,0.111952000000139,0.118557208830882,3.16638414550547
10.536,0.111888000000139,0.118473723919956,2.98253415414096
10.538,0.111824000000139,0.118391530195269,2.79434986840991
10.54,0.111760000000139,0.118310952700269,2.60345910045997
10.542,0.111696000000139,0.118232299744989,2.41132039494571
10.544,0.111632000000139,0.118155692074472,2.21922594967346
10.546,0.11156800000014,0.118081189715113,2.02807331239267
10.548,0.11150400000014,0.118009001215644,1.83877547398648
10.55,0.11144000000014,0.117939048989503,1.65192382450081
10.552,0.11137600000014,0.117871076547756,1.46768300769896
10.554,0.11131200000014,0.117805092310039,1.28642936107848
10.556,0.11124800000014,0.117740902524214,1.10819767403076
10.558,0.11118400000014,0.117678295462852,0.932907840674276
10.56,0.11112000000014,0.117617032198684,0.760368066413095
10.562,0.11105600000014,0.117556879582179,0.59039256825256
10.564,0.11099200000014,0.117497590903535,0.422736254722384
10.566,0.11092800000014,0.117439005244832,0.257394527318926
10.568,0.11086400000014,0.117380918538553,0.0942304159451225
10.57,0.11080000000014,0.11732315972839,-0.0668393379010884
10.572,0.11073600000014,0.117265568311956,-0.225877866210004
10.574,0.11067200000014,0.117207973327142,-0.382990259009323
10.576,0.110608000000141,0.117150227137913,-0.53839659688951
10.578,0.110544000000141,0.117092159859826,-0.69215601383914
10.58,0.110480000000141,0.117033647750104,-0.844587577735594
10.582,0.110417000000141,0.116974501628669,-0.99583460958066
10.584,0.110354000000141,0.116914623600994,-1.14623471749365
10.586,0.110291000000141,0.116853866064959,-1.29603235637098
10.588,0.110228000000141,0.116792124492931,-1.44550805232974
10.59,0.110165000000141,0.116729225750216,-1.59494103889551
10.592,0.110104000000141,0.116665148883279,-1.74457462876687
10.594,0.110043000000141,0.116599759270506,-1.89461063478967
10.596,0.109982000000141,0.116533002614901,-2.04517444094066
10.598,0.109921000000141,0.116464821110507,-2.19631984223329
10.6,0.109860000000142,0.116395267534878,-2.3479719589993
10.602,0.109802000000142,0.116324278684677,-2.49997080661782
10.604,0.109744000000142,0.116251960676624,-2.65192629322202
10.606,0.109686000000142,0.116178427895446,-2.80332293947895
10.608,0.109628000000142,0.116103783269145,-2.95337008888691
10.61,0.109570000000142,0.116028288866446,-3.10132240948904
10.612,0.109516000000142,0.115952119503403,-3.24615517583201
10.614,0.109462000000142,0.115875517511267,-3.38673670470427
10.616,0.109408000000142,0.115798746891461,-3.52194850911958
10.618,0.109354000000142,0.115722079677537,-3.65058522104948
10.62,0.109300000000142,0.115645791884322,-3.77158107400964
10.622,0.109251000000143,0.115570222485939,-3.88310910240694
10.624,0.109202000000143,0.115495636875099,-3.98434429567176
10.626,0.109153000000143,0.115422384432581,-4.07355545948819
10.628,0.109104000000143,0.115350628561724,-4.15044154098219
10.63,0.109055000000143,0.115280703148775,-4.21317346799826
10.632,0.109012000000143,0.115212638402624,-4.26207684757666
10.634,0.108969000000143,0.115146734393612,-4.29537626404669
10.636,0.108926000000143,0.115083116438167,-4.31249359540927
10.638,0.108883000000143,0.115021406614103,-4.31628515580492
10.64,0.108840000000143,0.114962178094166,-4.30294758407001
10.642,0.108804000000143,0.11490544924457,-4.27254215768661
10.644,0.108768000000143,0.11485100811645,-4.22655695541551
10.646,0.108732000000143,0.114799044797234,-4.16362185611324
10.648,0.108696000000144,0.114749439751878,-4.08432984951768
10.65,0.108660000000144,0.114702085420298,-3.98908781710225
10.652,0.108632000000144,0.114656852443367,-3.87834046252826
10.654,0.108604000000144,0.11461358200075,-3.75266968625447
10.656,0.108576000000144,0.114572101628384,-3.61270783358448
10.658,0.108548000000144,0.114532227601097,-3.45917192335207
10.66,0.108520000000144,0.114493801596701,-3.2925637465568
10.662,0.108501000000144,0.11445664833687,-3.1134983029571
10.664,0.108482000000144,0.114420494659911,-2.92367432841647
10.666,0.108463000000144,0.11438518158209,-2.72366661159112
10.668,0.108444000000144,0.114350507908368,-2.5143284856753
10.67,0.108425000000144,0.114316236357309,-2.29715962351232
10.672,0.108416000000145,0.114282169500967,-2.07309171023302
10.674,0.108407000000145,0.114248105014472,-1.84360066372164
10.676,0.108398000000145,0.114213878598796,-1.60966046145502
10.678,0.108389000000145,0.114179349975345,-1.37232415973131
10.68,0.108380000000145,0.114144404368251,-1.13252970272137
10.682,0.108382000000145,0.114108972869861,-0.891211646040607
10.684,0.108384000000145,0.114073046818226,-0.649168164280059
10.686,0.108386000000145,0.114036593905263,-0.407017272518538
10.688,0.108388000000145,0.113999689844224,-0.16527453261868
10.69,0.108390000000145,0.113962409856798,0.0756954900109006
10.692,0.108404000000145,0.113924881861689,0.315639441970364
10.694,0.108418000000145,0.113887275069811,0.554454773884599
10.696,0.108432000000146,0.113849791321414,0.792049559944663
10.698,0.108446000000146,0.113812599037617,1.02849900516135
10.7,0.108460000000146,0.11377591450765,1.26364874168485
10.702,0.108485000000146,0.113739933272703,1.4973999421474
10.704,0.108510000000146,0.113704836014302,1.72961571540583
10.706,0.108535000000146,0.113670803971845,1.9601299736336
10.708,0.108560000000146,0.113638026579894,2.1887853123244
10.71,0.108585000000146,0.113606761346202,2.41538785547848
10.712,0.108620000000146,0.113577161061171,2.63995796336772
10.714,0.108655000000146,0.113549440172992,2.86248465785849
10.716,0.108690000000146,0.11352395462825,3.082911863062
10.718,0.108725000000146,0.113500869472425,3.30147823114681
10.72,0.108760000000147,0.113480440766255,3.51842725387775
10.722,0.108804000000147,0.113462929312934,3.73409753743405
10.724,0.108848000000147,0.113448593081144,3.94886621370405
10.726,0.108892000000147,0.113437637429721,4.16314991468986
10.728,0.108936000000147,0.113430260174438,4.37731463228827
10.73,0.108980000000147,0.11342661360581,4.59164266788844
10.732,0.109032000000147,0.113426856666994,4.80628489171244
10.734,0.109084000000147,0.113431121995881,5.02119934075561
10.736,0.109136000000147,0.113439230310267,5.23605716716318
10.738,0.109188000000147,0.113451309857829,5.45017496249975
10.74,0.109240000000148,0.113466996711292,5.66259363966015
10.742,0.109299000000148,0.113485993160057,5.87225975015992
10.744,0.109358000000148,0.113508096026133,6.07776581605993
10.746,0.109417000000148,0.113533034583517,6.27745420269954
10.748,0.109476000000148,0.113560345854433,6.4700696994348
10.75,0.109535000000148,0.113589693026988,6.65420493490448
10.752,0.109600000000148,0.113620751754252,6.82851470239214
10.754,0.109665000000148,0.113653276194441,6.99138066696195
10.756,0.109730000000148,0.113686940078996,7.14244557187173
10.758,0.109795000000148,0.113721575119478,7.28012742878673
10.76,0.109860000000148,0.113756971992888,7.4033873099896
10.762,0.109930000000148,0.113792926067397,7.51110973752123
10.764,0.110000000000148,0.113829220452217,7.60317374853848
10.766,0.110070000000149,0.113865669647788,7.6778689310975
10.768,0.110140000000149,0.113902047252691,7.73441638542034
10.77,0.110210000000149,0.113938141364161,7.77241386345947
10.772,0.110284000000149,0.113973762964292,7.79172961748283
10.774,0.110358000000149,0.114008645291188,7.78998870799335
10.776,0.110432000000149,0.11404267237082,7.76849231303715
10.778,0.110506000000149,0.114075647996557,7.72534723046679
10.78,0.110580000000149,0.114107628576755,7.66256464492641
10.782,0.110657000000149,0.114138591645554,7.57915094495627
10.784,0.110734000000149,0.11416868956947,7.47625959368678
10.786,0.110811000000149,0.114198081592153,7.35397075996812
10.788,0.110888000000149,0.114227032431508,7.21447368059106
10.79,0.11096500000015,0.114255771260822,7.05809948185956
10.792,0.11104400000015,0.114284573190444,6.88614485583769
10.794,0.11112300000015,0.11431374032202,6.69988667217465
10.796,0.11120200000015,0.114343506448584,6.501601585237
10.798,0.11128100000015,0.114374161750577,6.29202106625945
10.8,0.11136000000015,0.114405986152043,6.07258689216616
10.802,0.11144000000015,0.11443917129164,5.84505379944353
10.804,0.11152000000015,0.114473965140606,5.61068858485589
10.806,0.11160000000015,0.114510668320027,5.37073259966457
10.808,0.11168000000015,0.114549399778114,5.12686325386716
10.81,0.11176000000015,0.114590608159717,4.8802871547393
10.812,0.111840000000151,0.114634204079009,4.63255176270056
10.814,0.111920000000151,0.114680745169117,4.3848947119435
10.816,0.112000000000151,0.114730140634005,4.13851453494825
10.818,0.112080000000151,0.114782719901069,3.89457503532677
10.82,0.112160000000151,0.114838465476454,3.65389000791827
10.822,0.112240000000151,0.114897472197187,3.41721166143897
10.824,0.112320000000151,0.114959666655897,3.18494137581825
10.826,0.112400000000151,0.115024975422458,2.95735897122155
10.828,0.112480000000151,0.115093247550928,2.73452421990299
10.83,0.112560000000151,0.115164440906994,2.51660910112185
10.832,0.112640000000151,0.115238341303965,2.30344649917637
10.834,0.112720000000152,0.11531453187217,2.09443929149322
10.836,0.112800000000152,0.115393009264361,1.8897118520022
10.838,0.112880000000152,0.115473494840737,1.68887033244367
10.84,0.112960000000152,0.115555762752177,1.49159538285926
10.842,0.113040000000152,0.115639463041471,1.29726668545684
10.844,0.113120000000152,0.115724528380043,1.10582443256289
10.846,0.113200000000152,0.11581048758721,0.9163194866745
10.848,0.113280000000152,0.115897129149855,0.728322878739602
10.85,0.113360000000152,0.115984094435103,0.541059062626889
10.852,0.113440000000152,0.116071044038724,0.353771487298055
10.854,0.113520000000152,0.116157657277974,0.165743992544906
10.856,0.113600000000153,0.116243650799063,-0.0236402487757151
10.858,0.113680000000153,0.116328784406472,-0.21487204141661
10.86,0.113760000000153,0.116412860436478,-0.40830631797838
10.862,0.113840000000153,0.116495730886159,-0.604134117773817
10.864,0.113920000000153,0.116577272570524,-0.802409293068746
10.866,0.114000000000153,0.116657472389844,-1.00288514275973
10.868,0.114080000000153,0.116736307882882,-1.20522739288603
10.87,0.114160000000153,0.116813885685422,-1.40886140064134
10.872,0.114240000000153,0.116890221081259,-1.61318292477066
10.874,0.114320000000153,0.116965449484688,-1.81736719381932
10.876,0.114400000000153,0.117039762396836,-2.02054502613397
10.878,0.114480000000153,0.117113287874987,-2.22143911383631
10.88,0.114560000000153,0.117186315024878,-2.41915622537297
10.882,0.114640000000154,0.117259050562348,-2.61228329169948
10.884,0.114720000000154,0.117331751101014,-2.79957220599027
10.886,0.114800000000154,0.117404637716005,-2.98003129482163
10.888,0.114880000000154,0.117477933520943,-3.15222525759044
10.89,0.114960000000154,0.11755180723782,-3.31540224348995
10.892,0.115040000000154,0.117626413439168,-3.46868039099531
10.894,0.115120000000154,0.117701955991309,-3.61055016018201
10.896,0.115200000000154,0.117778541108811,-3.74072176866507
10.898,0.115280000000154,0.11785633393803,-3.85822819476246
10.9,0.115360000000155,0.11793563457135,-3.9610069080104
10.902,0.115440000000155,0.118016454314617,-4.049807154502
10.904,0.115520000000155,0.118099112659325,-4.12253102938844
10.906,0.115600000000155,0.118183790311278,-4.17844495709447
10.908,0.115680000000155,0.118270711359983,-4.21647349103317
10.91,0.115760000000155,0.118359887096541,-4.23708997098595
10.912,0.115840000000155,0.118451546234758,-4.23895307727291
10.914,0.115920000000155,0.118545775158988,-4.22165676266785
10.916,0.116000000000155,0.118642527928124,-4.18550568426453
10.918,0.116080000000155,0.118741693280095,-4.13106913173867
10.92,0.116160000000155,0.118843284720343,-4.05772498772496
10.922,0.116240000000156,0.118946934652321,-3.9676827309195
10.924,0.116320000000156,0.119052597224528,-3.86035337537757
10.926,0.116400000000156,0.119159907005223,-3.7374918950506
10.928,0.116480000000156,0.119268484465767,-3.60100057042604
10.93,0.116560000000156,0.119377991099517,-3.45224386963946
10.932,0.116640000000156,0.119488023951236,-3.29285405496553
10.934,0.116720000000156,0.119598151293754,-3.12486880215682
10.936,0.116800000000156,0.119707931581754,-2.95007847413876
10.938,0.116880000000156,0.119816918100798,-2.77054661011585
10.94,0.116960000000156,0.119924680888484,-2.58822226947335
10.942,0.117040000000156,0.120030901607407,-2.40493270180073
10.944,0.117120000000156,0.120135131959822,-2.22232622829357
10.946,0.117200000000156,0.120237061160386,-2.04203954156065
10.948,0.117280000000157,0.120336382722509,-1.8654824382943
10.95,0.117360000000157,0.120432937598801,-1.69373858502353
10.952,0.117440000000157,0.120526608543619,-1.52764484735084
10.954,0.117520000000157,0.120617339805948,-1.36780242746937
10.956,0.117600000000157,0.120705242569861,-1.21435999810451
10.958,0.117680000000157,0.120790263957164,-1.06777807739839
10.96,0.117760000000157,0.1208726558943,-0.927755784127449
10.962,0.117840000000157,0.120952533390388,-0.794285506249367
10.964,0.117920000000157,0.121030164580853,-0.666922167901592
10.966,0.118000000000157,0.121105602439902,-0.545792627598169
10.968,0.118080000000157,0.121179126241333,-0.430386395977936
10.97,0.118160000000158,0.121250964112103,-0.320310294072727
10.972,0.118240000000158,0.12132145699035,-0.214759636127961
10.974,0.118320000000158,0.121390822622638,-0.113341414142682
10.976,0.118400000000158,0.121459445501659,-0.0150248184758967
10.978,0.118480000000158,0.121527635881954,0.0809713104849165
10.98,0.118560000000158,0.121595743939048,0.175587843962949
10.982,0.118639000000158,0.121664121404554,0.269809491642388
10.984,0.118718000000158,0.121733166582216,0.364698823122924
10.986,0.118797000000158,0.121803229225546,0.461285250511709
10.988,0.118876000000158,0.1218746917071,0.560623782686544
10.99,0.118955000000159,0.121947694770785,0.663221850273421
10.992,0.119032000000159,0.122022594081201,0.769979707674948
10.994,0.119109000000159,0.12209955449737,0.881336565199632
10.996,0.119186000000159,0.122178615269762,0.997377027686223
10.998,0.119263000000159,0.122259886941908,1.11828627339425
11,0.119340000000159,0.122343338444404,1.24389094498704
11.002,0.119414000000159,0.122429181698932,1.37446883158453
11.004,0.119488000000159,0.122517131765607,1.50920711326602
11.006,0.119562000000159,0.122607307851458,1.64803012766733
11.008,0.119636000000159,0.122699532477782,1.79016227318409
11.01,0.119710000000159,0.122793564508164,1.93465485924044
11.012,0.11978000000016,0.122889183007514,2.08054929448906
11.014,0.11985000000016,0.122986167162615,2.2267239652123
11.016,0.11992000000016,0.123084197950627,2.37180791908959
11.018,0.11999000000016,0.123182886850678,2.51451771608847
11.02,0.12006000000016,0.123281894304579,2.65309088387446
11.022,0.12012500000016,0.123380814627266,2.78615161024291
11.024,0.12019000000016,0.123479269351533,2.91213821909799
11.026,0.12025500000016,0.123576775896662,3.02860983627151
11.028,0.12032000000016,0.123673165652177,3.13583621476325
11.03,0.12038500000016,0.123767903492676,3.23082560986592
11.032,0.12044400000016,0.123860838259763,3.31344835659099
11.034,0.120503000000161,0.123951573351559,3.3817671796633
11.036,0.120562000000161,0.12403981831105,3.43460306663862
11.038,0.120621000000161,0.124125355147336,3.47113205125885
11.04,0.120680000000161,0.124207998287015,3.49064539337314
11.042,0.120732000000161,0.12428750573088,3.492064188409
11.044,0.120784000000161,0.12436387311994,3.47560874997438
11.046,0.120836000000161,0.124436857545443,3.44005816435212
11.048,0.120888000000161,0.124506564607452,3.38609012648884
11.05,0.120940000000161,0.124572961334618,3.31355678209996
11.052,0.120984000000161,0.12463589617878,3.22162219781588
11.054,0.121028000000161,0.124695550178958,3.11129037043802
11.056,0.121072000000161,0.124751942330177,2.98262518001827
11.058,0.121116000000162,0.124805310087131,2.83688598372818
11.06,0.121160000000162,0.124855519945033,2.67317450340192
11.062,0.121195000000162,0.124903105120962,2.4943332864177
11.064,0.121230000000162,0.124948111165626,2.30034831010508
11.066,0.121265000000162,0.124990904316009,2.09294615200147
11.068,0.121300000000162,0.125031886734414,1.87404001134728
11.07,0.121335000000162,0.125071451178561,1.64549447798117
11.072,0.121360000000162,0.125109983472951,1.40908075500693
11.074,0.121385000000162,0.1251479215057,1.16712280188188
11.076,0.121410000000162,0.125185603252543,0.921229334945861
11.078,0.121435000000162,0.125223388994522,0.673185271004664
11.08,0.121460000000163,0.125261588588448,0.424747444301283
11.082,0.121474000000163,0.125300542365801,0.177586035224983
11.084,0.121488000000163,0.125340421545724,-0.067079462673328
11.086,0.121502000000163,0.125381512768149,-0.307778400893652
11.088,0.121516000000163,0.125423938433695,-0.543526820487347
11.09,0.121530000000163,0.125467691034397,-0.773840210951725
11.092,0.121532000000163,0.125512728726555,-0.998359293330487
11.094,0.121534000000163,0.125559013828813,-1.21649076219817
11.096,0.121536000000163,0.125606244582073,-1.42887568075073
11.098,0.121538000000163,0.12565426396815,-1.63530062320903
11.1,0.121540000000164,0.125702779925794,-1.83642091695377
11.102,0.121531000000164,0.125751591326162,-2.03198780035125
11.104,0.121522000000164,0.125800397904085,-2.22225906671943
11.106,0.121513000000164,0.125848922855192,-2.40793806251867
11.108,0.121504000000164,0.12589684145495,-2.5889179117448
11.11,0.121495000000164,0.125943899610083,-2.76608137849623
11.112,0.121476000000164,0.125989780243972,-2.93977032351586
11.114,0.121457000000164,0.126034002901448,-3.11035195901094
11.116,0.121438000000164,0.126076168362499,-3.2787359971559
11.118,0.121419000000164,0.12611614316977,-3.44585175926249
11.12,0.121400000000164,0.126153059871979,-3.61249438425767
11.122,0.121372000000165,0.126186872451315,-3.77965342575156
11.124,0.121344000000165,0.126216794365977,-3.94836526525288
11.126,0.121316000000165,0.126242758215695,-4.11931488466798
11.128,0.121288000000165,0.126264374870354,-4.29318940610051
11.13,0.121260000000165,0.126281390855948,-4.47047590728399
11.132,0.121224000000165,0.126293481651974,-4.65155106145859
11.134,0.121188000000165,0.126300856020347,-4.83616705432828
11.136,0.121152000000165,0.126303202014497,-5.02422521223971
11.138,0.121116000000165,0.126300632901488,-5.21505726559082
11.14,0.121080000000165,0.126293627361988,-5.40769202467167
11.142,0.121037000000165,0.126282001235258,-5.60120564849764
11.144,0.120994000000166,0.126266304076021,-5.79431651474195
11.146,0.120951000000166,0.126246847318968,-5.98573273061203
11.148,0.120908000000166,0.126223836016376,-6.17385363220612
11.15,0.120865000000166,0.126197777787191,-6.35722043233261
11.152,0.120816000000166,0.126169073579956,-6.5342493240768
11.154,0.120767000000166,0.126138144602708,-6.70327304732857
11.156,0.120718000000166,0.12610544763596,-6.86304312704815
11.158,0.120669000000166,0.126071316451732,-7.01112682165853
11.16,0.120620000000166,0.126036278624373,-7.14679471630027
11.162,0.120566000000166,0.126000679027913,-7.26800054636534
11.164,0.120512000000166,0.125964905483401,-7.37353479899165
11.166,0.120458000000167,0.12592929174338,-7.46182262955182
11.168,0.120404000000167,0.125894157688705,-7.53147524963105
11.17,0.120350000000167,0.125859758700111,-7.58207143553819
11.172,0.120292000000167,0.125826315075848,-7.61293427125901
11.174,0.120234000000167,0.125794101533581,-7.6222205071255
11.176,0.120176000000167,0.125763270572378,-7.60993584262511
11.178,0.120118000000167,0.125733933731192,-7.57597313714024
11.18,0.120060000000167,0.125706218262889,-7.51939821239849
11.182,0.119999000000167,0.125680036285625,-7.44170165240527
11.184,0.119938000000167,0.125655453364762,-7.34183481752213
11.186,0.119877000000168,0.125632360543873,-7.22074407711765
11.188,0.119816000000168,0.125610625528177,-7.07931964124891
11.19,0.119755000000168,0.125590066082601,-6.91876957254983
11.192,0.119692000000168,0.125570494897313,-6.73970793214973
11.194,0.119629000000168,0.12555160922808,-6.54404974388201
11.196,0.119566000000168,0.12553309991026,-6.33400307146587
11.198,0.119503000000168,0.125514635689438,-6.1102105961157
11.2,0.119440000000168,0.125495847360129,-5.87557922662924
11.202,0.119376000000168,0.125476342892733,-5.63174771712375
11.204,0.119312000000168,0.125455680303862,-5.38068383358593
11.206,0.119248000000168,0.125433604926952,-5.1248474268618
11.208,0.119184000000169,0.125409557622317,-4.86569085936041
11.21,0.119120000000169,0.125383225882449,-4.60536586126217
11.212,0.119056000000169,0.125354462189109,-4.34542339966345
11.214,0.118992000000169,0.125322735394133,-4.08741714480132
11.216,0.118928000000169,0.125287815150779,-3.83271020535016
11.218,0.118864000000169,0.125249520960392,-3.58239929766975
11.22,0.118800000000169,0.125207560045433,-3.33760184081982
11.222,0.118736000000169,0.125161780331046,-3.09917806009125
11.224,0.118672000000169,0.125112276219875,-2.86741310655949
11.226,0.118608000000169,0.125058918862304,-2.6428887839624
11.228,0.118544000000169,0.125001621668816,-2.42606911008318
11.23,0.118480000000169,0.12494041347543,-2.21713905362635
11.232,0.11841600000017,0.124875473949903,-2.01591454343824
11.234,0.11835200000017,0.124806973225957,-1.82216249322705
11.236,0.11828800000017,0.124735210541214,-1.63531884362798
11.238,0.11822400000017,0.124660512089755,-1.4547033801288
11.24,0.11816000000017,0.12458312805317,-1.27974140117934
11.242,0.11809600000017,0.124503512470906,-1.1093757743606
11.244,0.11803200000017,0.124422176122041,-0.942419807282855
11.246,0.11796800000017,0.124339476397899,-0.777968830721897
11.248,0.11790400000017,0.124255859386522,-0.614898749595601
11.25,0.11784000000017,0.1241718194195,-0.452047322226781
11.252,0.11777600000017,0.124087769243949,-0.288368814943507
11.254,0.117712000000171,0.12400409010546,-0.122993517132283
11.256,0.117648000000171,0.123921181575308,0.045057470678208
11.258,0.117584000000171,0.123839404427701,0.216576122717324
11.26,0.117520000000171,0.12375902215229,0.392025875275555
11.262,0.117456000000171,0.123680248267919,0.571722686249538
11.264,0.117392000000171,0.123603339739172,0.755960355108907
11.266,0.117328000000171,0.123528266335705,0.944224864078252
11.268,0.117264000000171,0.12345496717154,1.135923135859
11.27,0.117200000000171,0.123383510568841,1.33049412042853
11.272,0.117136000000171,0.123313660246316,1.52668485460717
11.274,0.117072000000172,0.123245154049223,1.72327574298138
11.276,0.117008000000172,0.123177832038528,1.91888633288369
11.278,0.116944000000172,0.123111351821303,2.1122033356402
11.28,0.116880000000172,0.123045471091393,2.30168114901492
11.282,0.116816000000172,0.12297989183224,2.48596895225598
11.284,0.116752000000172,0.122914328386293,2.66367316153109
11.286,0.116688000000172,0.122848468272049,2.83305980281235
11.288,0.116624000000172,0.122782091980476,2.99386014372854
11.29,0.116560000000172,0.122714742567955,3.1426481451752
11.292,0.116496000000173,0.122646426890315,3.28132316455294
11.294,0.116432000000173,0.122576675203741,3.40639355659009
11.296,0.116368000000173,0.122505221256311,3.5168411761511
11.298,0.116304000000173,0.122431778560669,3.61142577763942
11.3,0.116240000000173,0.122356241581225,3.6902115461019
11.302,0.116176000000173,0.122278239254235,3.75119868697465
11.304,0.116112000000173,0.122197466292955,3.79298076006656
11.306,0.116048000000173,0.12211388673437,3.8158559565011
11.308,0.115984000000173,0.122027336598361,3.81919856115788
11.31,0.115920000000173,0.12193762949546,3.80213777906579
11.312,0.115856000000173,0.121844744250555,3.76469454257843
11.314,0.115792000000173,0.121748806691593,3.70758275665569
11.316,0.115728000000174,0.121649968596388,3.63140555467833
11.318,0.115664000000174,0.121548593155493,3.53794689631259
11.32,0.115600000000174,0.121444948951092,3.42810792241074
11.322,0.115536000000174,0.121339557954093,3.3044235707488
11.324,0.115472000000174,0.121232864367957,3.16874420286723
11.326,0.115408000000174,0.121125349764147,3.02301869511608
11.328,0.115344000000174,0.121017540185397,2.86958886588183
11.33,0.115280000000174,0.120909948251835,2.71063789107789
11.332,0.115216000000174,0.120803056160357,2.548341136266
11.334,0.115152000000174,0.120697418246793,2.38478392067206
11.336,0.115088000000174,0.12059331953565,2.22179423197923
11.338,0.115024000000175,0.120491244347306,2.06105120420494
11.34,0.114960000000175,0.120391554053914,1.90409981843287
11.342,0.114896000000175,0.120294349784399,1.75181663863155
11.344,0.114832000000175,0.120200033783425,1.60555020924816
11.346,0.114768000000175,0.120108548789547,1.46562121342758
11.348,0.114704000000175,0.120020067328408,1.33274503362999
11.35,0.114640000000175,0.119934614396028,1.20724210086809
11.352,0.114576000000175,0.119852119434862,1.0891289863934
11.354,0.114512000000175,0.119772522914895,0.978394000729701
11.356,0.114448000000175,0.119695586003017,0.874512602657654
11.358,0.114384000000175,0.119621035692632,0.776814792095317
11.36,0.114320000000176,0.119548571530958,0.68451200489627
11.362,0.114256000000176,0.119477879883239,0.596734696210991
11.364,0.114192000000176,0.119408555670201,0.51233146482896
11.366,0.114128000000176,0.119340128351172,0.429953360243083
11.368,0.114064000000176,0.119272178035677,0.348329583194714
11.37,0.114000000000176,0.11920426036748,0.266179942921166
11.372,0.113936000000176,0.119135977245504,0.182318272744704
11.374,0.113872000000176,0.119066877726598,0.0953841301834699
11.376,0.113808000000176,0.118996711553366,0.00474615453614718
11.378,0.113744000000177,0.11892514638656,-0.0905453096294055
11.38,0.113680000000177,0.118851935376551,-0.191126589859987
11.382,0.113617000000177,0.118776755704967,-0.297840266072603
11.384,0.113554000000177,0.118699395406165,-0.411128894580694
11.386,0.113491000000177,0.118619808486303,-0.530915383301909
11.388,0.113428000000177,0.118537876608462,-0.657309561242014
11.39,0.113365000000177,0.118453555186005,-0.790118249747506
11.392,0.113304000000177,0.118366954559474,-0.928670092805431
11.394,0.113243000000177,0.118278237124435,-1.07211160117168
11.396,0.113182000000177,0.118187608527733,-1.21943197125352
11.398,0.113121000000177,0.11809531873501,-1.36947293379519
11.4,0.113060000000177,0.118001654194586,-1.52095745117549
11.402,0.113002000000178,0.117906931963524,-1.67251072485382
11.404,0.112944000000178,0.117811491571292,-1.8225944161975
11.406,0.112886000000178,0.117715719748518,-1.96982856302135
11.408,0.112828000000178,0.117619996844848,-2.11232408193858
11.41,0.112770000000178,0.117524691540586,-2.24902270065553
11.412,0.112716000000178,0.117430285097455,-2.3774863072349
11.414,0.112662000000178,0.11733713982283,-2.49660110464484
11.416,0.112608000000178,0.117245630947695,-2.60478501075431
11.418,0.112554000000178,0.117156196193268,-2.70005274391872
11.42,0.112500000000178,0.117069084012804,-2.78143140774954
11.422,0.112451000000178,0.116984497282741,-2.84802019403815
11.424,0.112402000000179,0.116902604096756,-2.8990043331684
11.426,0.112353000000179,0.116823545828249,-2.93365146494778
11.428,0.112304000000179,0.116747513603039,-2.95090937310958
11.43,0.112255000000179,0.116674647756473,-2.95001606445457
11.432,0.112212000000179,0.116604882042303,-2.93140582880128
11.434,0.112169000000179,0.116538411828299,-2.89402690697192
11.436,0.112126000000179,0.116475180460626,-2.83820927795367
11.438,0.112083000000179,0.116415286984708,-2.76342700820017
11.44,0.112040000000179,0.116358532206187,-2.67078902822828
11.442,0.112004000000179,0.116304669336365,-2.56162549686719
11.444,0.11196800000018,0.116253763458884,-2.43539379701693
11.446,0.11193200000018,0.116205415694983,-2.29411703389161
11.448,0.11189600000018,0.11615939989573,-2.13867879801007
11.45,0.11186000000018,0.116115280507199,-1.97104569973891
11.452,0.11183200000018,0.116072529313889,-1.79378941709511
11.454,0.11180400000018,0.116030756831926,-1.60848893642064
11.456,0.11177600000018,0.115989478880033,-1.41722365573395
11.458,0.11174800000018,0.11594821535291,-1.22226392780297
11.46,0.11172000000018,0.11590654364075,-1.02555277959935
11.462,0.11170100000018,0.115864144533589,-0.828729444887533
11.464,0.111682000000181,0.11582067229574,-0.633299499045671
11.466,0.111663000000181,0.115775934016751,-0.440501060874836
11.468,0.111644000000181,0.115729919922469,-0.250933271587439
11.47,0.111625000000181,0.115682512419036,-0.0654250890548097
11.472,0.111616000000181,0.115633748196706,0.115561769559429
11.474,0.111607000000181,0.115583823655527,0.292133645987438
11.476,0.111598000000181,0.115532899566884,0.464298574037343
11.478,0.111589000000181,0.115481215891424,0.632341782171197
11.48,0.111580000000181,0.115429062476026,0.796631166337568
11.482,0.111582000000181,0.115376827318963,0.95814140016026
11.484,0.111584000000182,0.115324899596602,1.1176509506225
11.486,0.111586000000182,0.115273715550256,1.27625232217575
11.488,0.111588000000182,0.115223834580348,1.43523022801551
11.49,0.111590000000182,0.115175675507705,1.59585374733572
11.492,0.111604000000182,0.115129734511937,1.75940892689588
11.494,0.111618000000182,0.115086550604841,1.92725707379698
11.496,0.111632000000182,0.115046513670656,2.10043413984498
11.498,0.111646000000182,0.115009803315014,2.27943824571155
11.5,0.111660000000182,0.114976764767105,2.46490026604497
11.502,0.111685000000182,0.114947530543578,2.65689783934402
11.504,0.111710000000182,0.114922094244676,2.85513367543305
11.506,0.111735000000183,0.114900461446337,3.05919781283739
11.508,0.111760000000183,0.114882385350865,3.26821412284912
11.51,0.111785000000183,0.114867697335704,3.48138811946125
11.512,0.111820000000183,0.1148564570655,3.6979914988796
11.514,0.111855000000183,0.11484807941513,3.91667178921263
11.516,0.111890000000183,0.114842589700994,4.13653705661037
11.518,0.111925000000183,0.114839744920193,4.35629865711672
11.52,0.111960000000183,0.114839089535305,4.57486156764691
11.522,0.112004000000183,0.114840501110429,4.79088792967617
11.524,0.112048000000183,0.114843588234619,5.00349520930535
11.526,0.112092000000183,0.114848267116455,5.21074871946539
11.528,0.112136000000184,0.114854092417291,5.41183101121155
11.53,0.112180000000184,0.114860859849942,5.60501207098734
11.532,0.112232000000184,0.114868276693381,5.78942961719634
11.534,0.112284000000184,0.114876148507813,5.96330662558277
11.536,0.112336000000184,0.114884270438941,6.12606242225511
11.538,0.112388000000184,0.11489250462218,6.27660943159167
11.54,0.112440000000184,0.114900754025543,6.41398133132384
11.542,0.112499000000184,0.114908961485872,6.53702509459085
11.544,0.112558000000184,0.114917113564307,6.64596783591067
11.546,0.112617000000184,0.11492521971835,6.73941528148805
11.548,0.112676000000184,0.114933310917224,6.81732880723255
11.55,0.112735000000185,0.114941431196531,6.87862068141667
11.552,0.112800000000185,0.114949629441117,6.9231832331809
11.554,0.112865000000185,0.114957948059627,6.95126111039955
11.556,0.112930000000185,0.114966455775344,6.961168090778
11.558,0.112995000000185,0.114975198519077,6.95424192198278
11.56,0.113060000000185,0.114984258324793,6.93015359590819
11.562,0.113130000000185,0.114993769297561,6.88874229347629
11.564,0.113200000000185,0.115003921126061,6.83040150841344
11.566,0.113270000000185,0.115014913571791,6.75637731162657
11.568,0.113340000000186,0.11502700361143,6.6674742672111
11.57,0.113410000000186,0.115040483370964,6.56468626122473
11.572,0.113484000000186,0.115055653181425,6.44926391270391
11.574,0.113558000000186,0.115072592895063,6.32349310733927
11.576,0.113632000000186,0.115091764916858,6.18745509539252
11.578,0.113706000000186,0.115113179834493,6.04323882026237
11.58,0.113780000000186,0.1151369793431,5.89178768869331
11.582,0.113857000000186,0.115163235328771,5.73400383417141
11.584,0.113934000000186,0.11519197757528,5.5705683203897
11.586,0.114011000000186,0.115223119657121,5.40207608700191
11.588,0.114088000000186,0.115256564499981,5.22887016697995
11.59,0.114165000000187,0.115292110315057,5.05132410819473
11.592,0.114244000000187,0.115329755779624,4.8692517703844
11.594,0.114323000000187,0.115369173652483,4.68308580447857
11.596,0.114402000000187,0.115410301121541,4.49265556510218
11.598,0.114481000000187,0.115452970864768,4.29803801777162
11.6,0.114560000000187,0.115497094839914,4.09919968774697
11.602,0.114640000000187,0.11554256169285,3.8963540735771
11.604,0.114720000000187,0.115589319920011,3.68975659018546
11.606,0.114800000000187,0.115637387224696,3.47970468202216
11.608,0.114880000000187,0.11568671223737,3.2668053869807
11.61,0.114960000000187,0.115737350782085,3.05152138776856
11.612,0.115040000000188,0.11578947095988,2.83429283086465
11.614,0.115120000000188,0.115843075890119,2.61585703924112
11.616,0.115200000000188,0.115898258261571,2.39677710762256
11.618,0.115280000000188,0.115955171216892,2.17761817420726
11.62,0.115360000000188,0.116013800761279,1.95886453183584
11.622,0.115440000000188,0.116074379178725,1.74101203336396
11.624,0.115520000000188,0.116136743323028,1.52427195524977
11.626,0.115600000000188,0.116200949277194,1.30886785151596
11.628,0.115680000000188,0.116266951108298,1.09491449180704
11.63,0.115760000000188,0.116334688660294,0.882481223862723
11.632,0.115840000000188,0.116403934624566,0.671450396393503
11.634,0.115920000000189,0.116474540512601,0.461740273245539
11.636,0.116000000000189,0.116546261238256,0.253153063986002
11.638,0.116080000000189,0.116618816344165,0.0454386709120003
11.64,0.116160000000189,0.116691923174929,-0.161655731447613
11.642,0.116240000000189,0.116765294678067,-0.368368955089864
11.644,0.116320000000189,0.116838647687812,-0.57489100308033
11.646,0.116400000000189,0.116911741996161,-0.781325767191621
11.648,0.116480000000189,0.116984340505816,-0.987654044888449
11.65,0.11656000000019,0.117056252923598,-1.19363934270455
11.652,0.11664000000019,0.117127450726719,-1.398919754358
11.654,0.11672000000019,0.117197821836741,-1.60267349369754
11.656,0.11680000000019,0.11726749400908,-1.80406732786347
11.658,0.11688000000019,0.117336575495694,-2.00209970457565
11.66,0.11696000000019,0.117405194028669,-2.19519544046718
11.662,0.11704000000019,0.117473572288983,-2.3824990468939
11.664,0.11712000000019,0.117541889794508,-2.5625007473618
11.666,0.11720000000019,0.117610341661247,-2.73406488157904
11.668,0.11728000000019,0.117679098588819,-2.89634470660066
11.67,0.11736000000019,0.117748330375296,-3.04817014881856
11.672,0.117440000000191,0.11781818850042,-3.18862461734222
11.674,0.117520000000191,0.117888760133912,-3.31773202495038
11.676,0.117600000000191,0.117960197468069,-3.43445951605662
11.678,0.117680000000191,0.118032690297482,-3.53779454183037
11.68,0.117760000000191,0.118106278534931,-3.62855149874712
11.682,0.117840000000191,0.118180994810978,-3.70742362600555
11.684,0.117920000000191,0.118257173205658,-3.77225328213983
11.686,0.118000000000191,0.118334964957435,-3.82302272938656
11.688,0.118080000000191,0.118414391386923,-3.860574282768
11.69,0.118160000000191,0.118495591983512,-3.88454966678963
11.692,0.118240000000191,0.11857870206158,-3.89456938980445
11.694,0.118320000000191,0.118663726083781,-3.89106298680469
11.696,0.118400000000192,0.11875075848431,-3.87372550485599
11.698,0.118480000000192,0.118839708823748,-3.84342578785727
11.7,0.118560000000192,0.118930552005831,-3.80049707867007
11.702,0.118640000000192,0.119023358547565,-3.74458432208056
11.704,0.118720000000192,0.119118060654538,-3.67615252646309
11.706,0.118800000000192,0.119214442914076,-3.59652535444288
11.708,0.118880000000192,0.119312465909155,-3.50571409502505
11.71,0.118960000000192,0.119411919940447,-3.40464820174284
11.712,0.119040000000192,0.119512547651128,-3.29446317394247
11.714,0.119120000000192,0.119614069974341,-3.17629489514975
11.716,0.119200000000192,0.119716174535494,-3.05140227837254
11.718,0.119280000000193,0.119818529076023,-2.92103190656235
11.72,0.119360000000193,0.119920781446061,-2.78675116224463
11.722,0.119440000000193,0.12002261418427,-2.64976646583661
11.724,0.119520000000193,0.120123675926104,-2.51125889044432
11.726,0.119600000000193,0.12022369202775,-2.37242208334344
11.728,0.119680000000193,0.120322414152042,-2.23413098260223
11.73,0.119760000000193,0.120419613294522,-2.09707913988388
11.732,0.119840000000193,0.120515128053079,-1.96172821171598
11.734,0.119920000000194,0.120608938475934,-1.82820642551128
11.736,0.120000000000194,0.120700968337801,-1.69657941890957
11.738,0.120080000000194,0.12079122236028,-1.56675208303896
11.74,0.120160000000194,0.120879595096496,-1.43868307208658
11.742,0.120240000000194,0.120966152399688,-1.31215606166109
11.744,0.120320000000194,0.121050921354807,-1.18702162806756
11.746,0.120400000000194,0.121133802003598,-1.0632518156972
11.748,0.120480000000194,0.121214829441438,-0.940736162250648
11.75,0.120560000000194,0.121294100233783,-0.819309751229708
11.752,0.120640000000194,0.121371627285947,-0.698793121610771
11.754,0.120720000000194,0.12144752246119,-0.578820711395801
11.756,0.120800000000195,0.121522089010672,-0.45889275924678
11.758,0.120880000000195,0.12159552739109,-0.338532724144587
11.76,0.120960000000195,0.121668078177759,-0.217157045174203
11.762,0.121040000000195,0.121740078417619,-0.0942695979252154
11.764,0.121120000000195,0.121811848725182,0.0306410943601894
11.766,0.121200000000195,0.121883725133223,0.157968075067668
11.768,0.121280000000195,0.121956046019727,0.288143752737652
11.77,0.121360000000195,0.122029188729891,0.421616130250856
11.772,0.121440000000195,0.122103375426296,0.558349827464657
11.774,0.121520000000195,0.122178977429144,0.698764475383386
11.776,0.121600000000196,0.122256237799341,0.84282234747688
11.778,0.121680000000196,0.122335378895872,0.990394579558355
11.78,0.121760000000196,0.12241655486421,1.14116096803926
11.782,0.121839000000196,0.122499940555619,1.29466593744896
11.784,0.121918000000196,0.122585322308462,1.44992877947066
11.786,0.121997000000196,0.122672903674881,1.60620021603446
11.788,0.122076000000196,0.122762386670031,1.76229859158444
11.79,0.122155000000196,0.122853652776155,1.91707384279502
11.792,0.122232000000196,0.122946495976451,2.06926005444821
11.794,0.122309000000196,0.12304064887975,2.21754942380929
11.796,0.122386000000196,0.123135841690428,2.3604185135117
11.798,0.122463000000196,0.123231690447474,2.4970124947754
11.8,0.122540000000197,0.123327928812806,2.62581964058224
11.802,0.122614000000197,0.123424231404698,2.74536639861075
11.804,0.122688000000197,0.123520304570507,2.85522902844383
11.806,0.122762000000197,0.123615910667641,2.95454761483643
11.808,0.122836000000197,0.123710828238653,3.04262049369406
11.81,0.122910000000197,0.123804849461404,3.11870515412068
11.812,0.122980000000197,0.123897849706253,3.18287537077256
11.814,0.123050000000197,0.123989733996484,3.23529472410262
11.816,0.123120000000197,0.124080387728489,3.27584673142002
11.818,0.123190000000197,0.124169726083107,3.3047451191017
11.82,0.123260000000198,0.124257634640384,3.3220118354113
11.822,0.123325000000198,0.124343964741851,3.32755313148859
11.824,0.123390000000198,0.124428606722389,3.32158705418595
11.826,0.123455000000198,0.124511404183971,3.30400245310114
11.828,0.123520000000198,0.124592273729896,3.27506542913303
11.83,0.123585000000198,0.124671096229306,3.23471598692499
11.832,0.123644000000198,0.124747679184364,3.18247491917341
11.834,0.123703000000198,0.124822038202386,3.11886384382474
11.836,0.123762000000198,0.124894063410122,3.0436573149926
11.838,0.123821000000198,0.124963549479139,2.95612903914854
11.84,0.123880000000199,0.125030649080994,2.85721593820185
11.842,0.123932000000199,0.125095325949309,2.74685908715507
11.844,0.123984000000199,0.125157614990057,2.62527804836891
11.846,0.124036000000199,0.125217701068873,2.49330629148337
11.848,0.124088000000199,0.125275807128509,2.35190643629371
11.85,0.124140000000199,0.125332112732982,2.20178063907647
11.852,0.124184000000199,0.125386979415271,2.0444774168734
11.854,0.124228000000199,0.125440636097082,1.88085144004813
11.856,0.124272000000199,0.125493407651598,1.71223001293703
11.858,0.1243160000002,0.125545571040645,1.5396938320861
11.86,0.1243600000002,0.125597385785074,1.36418963343843
11.862,0.1243950000002,0.125649113909743,1.18668192379035
11.864,0.1244300000002,0.125700939932101,1.00795748774646
11.866,0.1244650000002,0.1257530450838,0.828401275237183
11.868,0.1245000000002,0.125805550792325,0.648402208311063
11.87,0.1245350000002,0.125858513007082,0.468142488999599
11.872,0.1245600000002,0.125911981400257,0.28766962921044
11.874,0.1245850000002,0.125965973241796,0.106971255432924
11.876,0.1246100000002,0.126020482937412,-0.0740061753129571
11.878,0.1246350000002,0.1260754958411,-0.255341831692248
11.88,0.1246600000002,0.126130971469139,-0.437147360535426
11.882,0.124674000000201,0.126186823722103,-0.619557832585333
11.884,0.124688000000201,0.126242942339586,-0.802826039158012
11.886,0.124702000000201,0.126299149791608,-0.987186886009882
11.888,0.124716000000201,0.126355232075974,-1.17302261932178
11.89,0.124730000000201,0.1264109190567,-1.36065375323235
11.892,0.124732000000201,0.126465965580787,-1.55023749560205
11.894,0.124734000000201,0.126520033383945,-1.74207948780641
11.896,0.124736000000201,0.126572870583322,-1.93616963605737
11.898,0.124738000000201,0.126624199350644,-2.13250182385873
11.9,0.124740000000201,0.126673757883626,-2.3309904368845
11.902,0.124731000000202,0.126721222680498,-2.53154573551379
11.904,0.124722000000202,0.126766331255441,-2.7339507691732
11.906,0.124713000000202,0.126808852000758,-2.93793767463068
11.908,0.124704000000202,0.126848515272028,-3.14318938567362
11.91,0.124695000000202,0.12688510154197,-3.34935719309508
11.912,0.124676000000202,0.126918387015285,-3.5560455388663
11.914,0.124657000000202,0.126948195676338,-3.76277777003794
11.916,0.124638000000202,0.126974487408448,-3.96899797703837
11.918,0.124619000000202,0.126997074559602,-4.17403806285326
11.92,0.124600000000202,0.127016122804999,-4.37727724954279
11.922,0.124572000000203,0.127031629013013,-4.57799716977013
11.924,0.124544000000203,0.127043572353587,-4.77530872438248
11.926,0.124516000000203,0.127052230852946,-4.96850706826613
11.928,0.124488000000203,0.127057751379546,-5.15675520236292
11.93,0.124460000000203,0.127060364184311,-5.33932308428649
11.932,0.124424000000203,0.127060162052132,-5.51512172895422
11.934,0.124388000000203,0.127057570831568,-5.68397135621109
11.936,0.124352000000203,0.127052702622906,-5.8450956772546
11.938,0.124316000000203,0.127045820071748,-5.99823410120027
11.94,0.124280000000203,0.127037018760975,-6.14268866654612
11.942,0.124237000000204,0.127026386210632,-6.27772507428489
11.944,0.124194000000204,0.127014374556272,-6.40489867027872
11.946,0.124151000000204,0.127000798984535,-6.52225171666453
11.948,0.124108000000204,0.126985816372788,-6.62968062993625
11.95,0.124065000000204,0.12696977273359,-6.72867050509694
11.952,0.124016000000204,0.126952687755235,-6.81843325350404
11.954,0.123967000000204,0.126934675961483,-6.89876548483041
11.956,0.123918000000204,0.126915801430145,-6.96860509566653
11.958,0.123869000000204,0.126896257011609,-7.02866710780736
11.96,0.123820000000204,0.126876089760145,-7.07822468709271
11.962,0.123766000000205,0.126855335339979,-7.11668013371075
11.964,0.123712000000205,0.126834026633437,-7.14407857176217
11.966,0.123658000000205,0.126812147807192,-7.15998936486733
11.968,0.123604000000205,0.126789662252,-7.1638342507497
11.97,0.123550000000205,0.126766560133009,-7.15560494216679
11.972,0.123492000000205,0.126742816507469,-7.13494094536443
11.974,0.123434000000205,0.126718401814842,-7.10123061766034
11.976,0.123376000000205,0.126693334862236,-7.05453108909764
11.978,0.123318000000205,0.126667601805342,-6.99392367979209
11.98,0.123260000000205,0.12664120444641,-6.91835189947005
11.982,0.123199000000205,0.12661421481128,-6.82844634570484
11.984,0.123138000000205,0.126586623810962,-6.72340142918543
11.986,0.123077000000206,0.126558417216836,-6.60311303282896
11.988,0.123016000000206,0.126529531476394,-6.46771194067352
11.99,0.122955000000206,0.126499844351562,-6.31762040772809
11.992,0.122892000000206,0.126469170728001,-6.15355580669594
11.994,0.122829000000206,0.126437255347332,-5.97639037461464
11.996,0.122766000000206,0.126403761990649,-5.78712326679368
11.998,0.122703000000206,0.126368471464024,-5.58766856771033
12,0.122640000000206,0.126331076365109,-5.37912725560156
12.002,0.122576000000206,0.12629110980535,-5.16223375573537
12.004,0.122512000000206,0.126248579155445,-4.93886911723175
12.006,0.122448000000207,0.126203091822567,-4.70967232653771
12.008,0.122384000000207,0.126154536919848,-4.47579386029256
12.01,0.122320000000207,0.126102791791476,-4.23818325823655
12.012,0.122256000000207,0.126048061017241,-3.99787200826476
12.014,0.122192000000207,0.12599023465732,-3.75542918980416
12.016,0.122128000000207,0.125929309497128,-3.51147551035547
12.018,0.122064000000207,0.125865565463976,-3.26660431078581
12.02,0.122000000000207,0.12579926482997,-3.02124922701803
12.022,0.121936000000207,0.12573062419347,-2.77573704688413
12.024,0.121872000000207,0.125659847541623,-2.53032909446519
12.026,0.121808000000208,0.125587359072157,-2.28515695328184
12.028,0.121744000000208,0.125513363287136,-2.04026501150547
12.03,0.121680000000208,0.125438186977175,-1.79558092278423
12.032,0.121616000000208,0.125362140835211,-1.55099588746654
12.034,0.121552000000208,0.125285428730752,-1.30647168657675
12.036,0.121488000000208,0.125208221959734,-1.06210844950698
12.038,0.121424000000208,0.125130639440409,-0.818117943779182
12.04,0.121360000000208,0.125052723230002,-0.574784221590006
12.042,0.121296000000208,0.124974500917613,-0.332397983471463
12.044,0.121232000000208,0.124896003023216,-0.0911465718716287
12.046,0.121168000000209,0.124817258848308,0.148880249921572
12.048,0.121104000000209,0.124738290994041,0.387614063336824
12.05,0.121040000000209,0.124659147628471,0.625174740440801
12.052,0.120976000000209,0.124579860259725,0.861617039205701
12.054,0.120912000000209,0.124500466601821,1.09709491133428
12.056,0.120848000000209,0.124420978978707,1.33158538248772
12.058,0.120784000000209,0.124341398498506,1.56504661167811
12.06,0.120720000000209,0.124261697671083,1.79727458263817
12.062,0.120656000000209,0.124181817994118,2.02788201200366
12.064,0.120592000000209,0.124101671921459,2.25632053075901
12.066,0.120528000000209,0.124021112899524,2.48167565056455
12.068,0.12046400000021,0.123940005723123,2.70315938585142
12.07,0.12040000000021,0.123858102534186,2.91925242608517
12.072,0.12033600000021,0.12377527820517,3.1292428491323
12.074,0.12027200000021,0.123691301708033,3.33165269939407
12.076,0.12020800000021,0.123605995127632,3.52528431783976
12.078,0.12014400000021,0.123519142063279,3.70857415313132
12.08,0.12008000000021,0.123430601363174,3.88035452379834
12.082,0.12001600000021,0.123340252310849,4.03951026959616
12.084,0.11995200000021,0.123248028108591,4.18521646575207
12.086,0.11988800000021,0.123153839493903,4.3163821739745
12.088,0.11982400000021,0.123057637450814,4.43204478725742
12.09,0.119760000000211,0.122959455485607,4.53168655180866
12.092,0.119696000000211,0.122859351151589,4.61480320688703
12.094,0.119632000000211,0.122757531316962,4.68224499601821
12.096,0.119568000000211,0.122653852113031,4.73127626612143
12.098,0.119504000000211,0.12254860173327,4.76309812513092
12.1,0.119440000000211,0.122441976866789,4.77839724985281
12.102,0.119376000000211,0.122334015985805,4.77591005189184
12.104,0.119312000000211,0.122224897867383,4.75604704181752
12.106,0.119248000000211,0.122114799913426,4.71940713469698
12.108,0.119184000000211,0.122003890294912,4.66650443295992
12.11,0.119120000000212,0.12189234717971,4.59804006444729
12.112,0.119056000000212,0.121780354798991,4.51483930247181
12.114,0.118992000000212,0.12166810451598,4.41801914663117
12.116,0.118928000000212,0.121555796348008,4.30771313396788
12.118,0.118864000000212,0.121443632446608,4.18645194232876
12.12,0.118800000000212,0.121331804232368,4.05455956686535
12.122,0.118736000000212,0.12122049817683,3.91331974747782
12.124,0.118672000000212,0.121109953167478,3.76336899274193
12.126,0.118608000000212,0.121000199681892,3.60706522224842
12.128,0.118544000000213,0.120891472433157,3.44457327431008
12.13,0.118480000000213,0.120783817938949,3.27734641319133
12.132,0.118416000000213,0.120677351742799,3.10622766106858
12.134,0.118352000000213,0.120572092892652,2.93220457520025
12.136,0.118288000000213,0.120468069838581,2.75606107110927
12.138,0.118224000000213,0.12036526962194,2.57855025691996
12.14,0.118160000000213,0.120263642654921,2.40034043747587
12.142,0.118096000000213,0.120163157197928,2.22197587033748
12.144,0.118032000000213,0.120063801748614,2.04398132960219
12.146,0.117968000000213,0.119965494194849,1.86674525262794
12.148,0.117904000000213,0.119868088152687,1.69044725956033
12.15,0.117840000000213,0.119771620837967,1.51538533447805
12.152,0.117776000000213,0.119675972065865,1.34160488173964
12.154,0.117712000000214,0.119581069197854,1.16911708181262
12.156,0.117648000000214,0.119487066314931,0.998316918288196
12.158,0.117584000000214,0.119393839289782,0.829031671547849
12.16,0.117520000000214,0.119301517487187,0.661532364993721
12.162,0.117456000000214,0.11921022685313,0.496053843213339
12.164,0.117392000000214,0.119120124151571,0.33284681942641
12.166,0.117328000000214,0.119031305182959,0.172005230701464
12.168,0.117264000000214,0.118943853524879,0.0135825325431436
12.17,0.117200000000214,0.118857869699076,-0.142341023803771
12.172,0.117136000000214,0.118773457706098,-0.295682102844439
12.174,0.117072000000215,0.118690616934135,-0.446499831579455
12.176,0.117008000000215,0.118609269043356,-0.59494955039024
12.178,0.116944000000215,0.118529360645707,-0.741097905032951
12.18,0.116880000000215,0.118450874353032,-0.884877619928946
12.182,0.116817000000215,0.118373617440907,-1.02640928706686
12.184,0.116754000000215,0.118297423846266,-1.16571297562871
12.186,0.116691000000215,0.118222105944757,-1.30278545689964
12.188,0.116628000000215,0.118147446567963,-1.43763642089837
12.19,0.116565000000215,0.118073212029978,-1.57027720305858
12.192,0.116504000000215,0.117999159040072,-1.70071459274793
12.194,0.116443000000216,0.117925042399534,-1.82893799992717
12.196,0.116382000000216,0.117850626746242,-1.95490741633814
12.198,0.116321000000216,0.117775674655449,-2.07844110971467
12.2,0.116260000000216,0.11770003520657,-2.19943408455141
12.202,0.116202000000216,0.117623571969774,-2.31749949635624
12.204,0.116144000000216,0.117546182568122,-2.43198386209379
12.206,0.116086000000216,0.117467920495886,-2.54246440707543
12.208,0.116028000000216,0.117388822605803,-2.64818066651428
12.21,0.115970000000216,0.117308959666588,-2.74804850179306
12.212,0.115916000000216,0.117228520209678,-2.84164327824525
12.214,0.115862000000217,0.117147641947836,-2.92758131251522
12.216,0.115808000000217,0.117066546482819,-3.00541063996754
12.218,0.115754000000217,0.116985449592703,-3.07364079974063
12.22,0.115700000000217,0.116904595380033,-3.13150984050411
12.222,0.115651000000217,0.116824200764619,-3.17845309113099
12.224,0.115602000000217,0.116744499153543,-3.21349156109456
12.226,0.115553000000217,0.116665822468425,-3.23484912214764
12.228,0.115504000000217,0.116588281818323,-3.24352088865977
12.23,0.115455000000217,0.116512116428032,-3.23870237848437
12.232,0.115412000000217,0.116437443077135,-3.2207754034611
12.234,0.115369000000217,0.116364813252711,-3.18682410522569
12.236,0.115326000000217,0.116293980715406,-3.14006186193502
12.238,0.115283000000218,0.116225457647786,-3.07802482570182
12.24,0.115240000000218,0.116159343643648,-3.00122073285044
12.242,0.115204000000218,0.116095640089095,-2.91051900903152
12.244,0.115168000000218,0.11603457135246,-2.80542060875117
12.246,0.115132000000218,0.115976149860951,-2.6865911561231
12.248,0.115096000000218,0.115920364252794,-2.55473084565012
12.25,0.115060000000218,0.115867355263819,-2.40981394597271
12.252,0.115032000000218,0.115817122325614,-2.25252836498888
12.254,0.115004000000218,0.115769623529825,-2.08371265876354
12.256,0.114976000000218,0.115724710685362,-1.90457727687824
12.258,0.114948000000218,0.115682510249003,-1.7152984789694
12.26,0.114920000000219,0.115642785408311,-1.5174718682202
12.262,0.114901000000219,0.115605362009339,-1.31238036120983
12.264,0.114882000000219,0.115570081604218,-1.10123806158971
12.266,0.114863000000219,0.115536731325766,-0.885396240637653
12.268,0.114844000000219,0.115505073260559,-0.666225376538131
12.27,0.114825000000219,0.115474833029518,-0.445089983268001
12.272,0.114816000000219,0.115445757864542,-0.223326300575524
12.274,0.114807000000219,0.115417518068198,-0.00227363257482024
12.276,0.114798000000219,0.115389770636153,0.217016051022624
12.278,0.114789000000219,0.115362205528761,0.43320036713011
12.28,0.11478000000022,0.115334465531745,0.645355596971166
12.282,0.11478200000022,0.115306263804311,0.852769363438321
12.284,0.11478400000022,0.115277312828618,1.05454023519632
12.286,0.11478600000022,0.115247415869256,1.25026280466536
12.288,0.11478800000022,0.115216469671446,1.43982087280668
12.29,0.11479000000022,0.115184426272089,1.62322242835325
12.292,0.11480400000022,0.115151315265736,1.80074924462631
12.294,0.11481800000022,0.115117167236253,1.97254355186914
12.296,0.11483200000022,0.115082128030524,2.13923608952046
12.298,0.11484600000022,0.115046365065485,2.30142211129328
12.3,0.11486000000022,0.11501008177576,2.45969534331721
12.302,0.114885000000221,0.114973548694452,2.61489862695332
12.304,0.114910000000221,0.114937050911326,2.76771015928504
12.306,0.114935000000221,0.114900931631601,2.91896391318441
12.308,0.114960000000221,0.114865579558981,3.06953355844626
12.31,0.114985000000221,0.114831415342448,3.22032677995561
12.312,0.115020000000221,0.11479880796926,3.37211700709921
12.314,0.115055000000221,0.114768124556984,3.52550970383106
12.316,0.115090000000221,0.114739838232896,3.6810451320325
12.318,0.115125000000221,0.114714187497357,3.83886651690168
12.32,0.115160000000221,0.114691604860677,3.99906886379117
12.322,0.115204000000222,0.114671888202244,4.16113853153459
12.324,0.115248000000222,0.114655606016157,4.3249739137694
12.326,0.115292000000222,0.114642875419835,4.48999509579321
12.328,0.115336000000222,0.11463373628722,4.65551065025505
12.33,0.115380000000222,0.114628234400382,4.82072934404895
12.332,0.115432000000222,0.114626417364196,4.98462580286922
12.334,0.115484000000222,0.114628160507275,5.14612157093358
12.336,0.115536000000222,0.114633334880631,5.30407011930613
12.338,0.115588000000222,0.11464185721277,5.45716599384445
12.34,0.115640000000222,0.114653497835269,5.60426589244984
12.342,0.115699000000222,0.11466813444876,5.74413707938432
12.344,0.115758000000222,0.114685603410517,5.87571051914234
12.346,0.115817000000223,0.114705846096651,5.99756012692735
12.348,0.115876000000223,0.114728553832166,6.10942675847716
12.35,0.115935000000223,0.114753642917398,6.21030344263173
12.352,0.116000000000223,0.114781139023704,6.29840918563162
12.354,0.116065000000223,0.114810631293471,6.3743103014993
12.356,0.116130000000223,0.114842115739451,6.43608879272607
12.358,0.116195000000223,0.114875283387058,6.48336613130923
12.36,0.116260000000223,0.114909808367774,6.51598741895469
12.362,0.116330000000223,0.114945417128907,6.53294442527581
12.364,0.116400000000223,0.114981756738462,6.53353091703644
12.366,0.116470000000223,0.115018460609023,6.51639439771114
12.368,0.116540000000223,0.1150551478182,6.48142320524676
12.37,0.116610000000224,0.115091521497237,6.42881638985157
12.372,0.116684000000224,0.115127317338738,6.35733460986987
12.374,0.116758000000224,0.115162333203592,6.2666978924616
12.376,0.116832000000224,0.115196522069011,6.15829473096477
12.378,0.116906000000224,0.115229825892573,6.03210423415844
12.38,0.116980000000224,0.115262223853136,5.88824998588398
12.382,0.117057000000224,0.115293801900892,5.72835309868414
12.384,0.117134000000224,0.115324637061787,5.5533271832777
12.386,0.117211000000224,0.115354853954733,5.36450926334232
12.388,0.117288000000224,0.115384619193013,5.16343833298824
12.39,0.117365000000224,0.115414138414567,4.95264523669178
12.392,0.117444000000225,0.115443588588344,4.73346716681665
12.394,0.117523000000225,0.115473193148579,4.50767524437471
12.396,0.117602000000225,0.115503149924665,4.27736691418871
12.398,0.117681000000225,0.115533668150713,4.04414995265917
12.4,0.117760000000225,0.115564990767922,3.80953605215074
12.402,0.117840000000225,0.115597361031043,3.57504664739972
12.404,0.117920000000225,0.115631043059069,3.34203714412702
12.406,0.118000000000225,0.115666225582604,3.11151859559881
12.408,0.118080000000225,0.115703225548656,2.88456097927317
12.41,0.118160000000225,0.115742376094157,2.66218805685487
12.412,0.118240000000226,0.115783770958096,2.4447568165423
12.414,0.118320000000226,0.115827825946709,2.23322868043062
12.416,0.118400000000226,0.115874676087647,2.02784965049771
12.418,0.118480000000226,0.115924399433942,1.82867122368729
12.42,0.118560000000226,0.11597720753167,1.63597718305636
12.422,0.118640000000226,0.116033043802001,1.44943835619363
12.424,0.118720000000226,0.116091937288003,1.2688678718399
12.426,0.118800000000226,0.116153723696293,1.09369585230197
12.428,0.118880000000226,0.116218534762292,0.923886108359554
12.43,0.118960000000226,0.116286105730089,0.758748607682237
12.432,0.119040000000226,0.116356471908803,0.59815375152087
12.434,0.119120000000226,0.116429517061128,0.441786130651863
12.436,0.119200000000227,0.116505001849263,0.289174145776253
12.438,0.119280000000227,0.116582800878163,0.140048720252709
12.44,0.119360000000227,0.116662779177065,-0.00587968874640951
12.442,0.119440000000227,0.116744831407171,-0.148895201996918
12.444,0.119520000000227,0.116828446234303,-0.289851705803423
12.446,0.119600000000227,0.116913568865532,-0.429023371928395
12.448,0.119680000000227,0.116999834979901,-0.56710729451786
12.45,0.119760000000227,0.117086941966106,-0.704694353679791
12.452,0.119840000000227,0.117174563216884,-0.842289916471724
12.454,0.119920000000227,0.117262432343381,-0.980307934871679
12.456,0.120000000000227,0.11735025515269,-1.11903535078474
12.458,0.120080000000227,0.117437766526906,-1.25861244783668
12.46,0.120160000000228,0.117524734656624,-1.39903167196005
12.462,0.120240000000228,0.117610938381609,-1.5401896609128
12.464,0.120320000000228,0.117696194325725,-1.6818327261798
12.466,0.120400000000228,0.117780344561496,-1.82355778911854
12.468,0.120480000000228,0.117863284827808,-1.96470940889618
12.47,0.120560000000228,0.117945019552196,-2.1044323046568
12.472,0.120640000000228,0.118025557982661,-2.24156739733784
12.474,0.120720000000228,0.118105034296855,-2.37502924708185
12.476,0.120800000000228,0.118183540473791,-2.50335116757654
12.478,0.120880000000228,0.118261253619675,-2.62531981620186
12.48,0.120960000000229,0.118338341300798,-2.73945151386857
12.482,0.121040000000229,0.11841499412116,-2.84433824086731
12.484,0.121120000000229,0.118491424468102,-2.93890386449344
12.486,0.121200000000229,0.118567840468337,-3.02212887061875
12.488,0.121280000000229,0.11864449348972,-3.09213131241705
12.49,0.121360000000229,0.118721579219662,-3.14937436123601
12.492,0.121440000000229,0.118799419291146,-3.19139303767136
12.494,0.121520000000229,0.118878398764353,-3.21678018916835
12.496,0.121600000000229,0.1189585014391,-3.22863408776949
12.498,0.121680000000229,0.119040367998474,-3.22242504173321
12.5,0.121760000000229,0.119124254545345,-3.19863947745282
12.502,0.121840000000229,0.119210419601359,-3.1570228306281
12.504,0.12192000000023,0.119299162220302,-3.0969429492595
12.506,0.12200000000023,0.119390472933168,-3.01964590430898
12.508,0.12208000000023,0.119484527252666,-2.92489171423277
12.51,0.12216000000023,0.119581278019657,-2.81372673757572
12.512,0.12224000000023,0.119680743383998,-2.68668832186613
12.514,0.12232000000023,0.119782647408636,-2.54587615449492
12.516,0.12240000000023,0.119886731023279,-2.39313876984561
12.518,0.12248000000023,0.119992908278244,-2.22935542061499
12.52,0.12256000000023,0.120100794820398,-2.05693269184849
12.522,0.12264000000023,0.120210111570099,-1.87765577735932
12.524,0.12272000000023,0.120320584267914,-1.6932747621385
12.526,0.12280000000023,0.120431817695486,-1.50599236528422
12.528,0.12288000000023,0.120543569942953,-1.31738847111382
12.53,0.122960000000231,0.12065548173191,-1.1293677414383
12.532,0.123040000000231,0.120767244432798,-0.943591638154938
12.534,0.123120000000231,0.120878494152691,-0.762028824865401
12.536,0.123200000000231,0.120988992103688,-0.585662750954269
12.538,0.123280000000231,0.121098427795792,-0.416028513994362
12.54,0.123360000000231,0.121206475087128,-0.254567836447742
12.542,0.123440000000231,0.121313072258196,-0.101198658481974
12.544,0.123520000000231,0.121417944353929,0.0429975238112411
12.546,0.123600000000231,0.121521007056702,0.178040896209105
12.548,0.123680000000231,0.12162221198956,0.304135779917455
12.55,0.123760000000231,0.121721475056831,0.421361815598025
12.552,0.123840000000231,0.121818648311973,0.52960675090163
12.554,0.123920000000232,0.121913814006753,0.629756041708695
12.556,0.124000000000232,0.122006831404184,0.721761856638045
12.558,0.124080000000232,0.122097597012726,0.805774882554454
12.56,0.124160000000232,0.122186137201931,0.882354749563215
12.562,0.124240000000232,0.122272411227705,0.951768715706519
12.564,0.124320000000232,0.122356502380465,1.01459030703677
12.566,0.124400000000232,0.122438426242225,1.07112904907907
12.568,0.124480000000232,0.122518445390088,1.12234203915651
12.57,0.124560000000232,0.122596673862191,1.16872580251528
12.572,0.124640000000232,0.122673466433338,1.21141124883471
12.574,0.124720000000233,0.122749142683195,1.25140994396159
12.576,0.124800000000233,0.122824020219383,1.28975569041555
12.578,0.124880000000233,0.122898523645327,1.32770518966587
12.58,0.124960000000233,0.122973027339477,1.36643101923588
12.582,0.125039000000233,0.123047920823434,1.40707828685074
12.584,0.125118000000233,0.123123538380144,1.45058769635393
12.586,0.125197000000233,0.123200261151745,1.49797874824734
12.588,0.125276000000233,0.123278259944598,1.54948453747243
12.59,0.125355000000233,0.123357886893401,1.60580764548969
12.592,0.125432000000233,0.123439447599136,1.66731777685274
12.594,0.125509000000233,0.123522926680655,1.73348784030689
12.596,0.125586000000234,0.123608690996704,1.80465282637123
12.598,0.125663000000234,0.1236967911471,1.88023029094328
12.6,0.125740000000234,0.123787220593768,1.95946075329785
12.602,0.125814000000234,0.123879875052586,2.0413845240232
12.604,0.125888000000234,0.123974771137044,2.12500110317229
12.606,0.125962000000234,0.124071651164674,2.20891777149596
12.608,0.126036000000234,0.124170270569159,2.29172643610468
12.61,0.126110000000234,0.124270397316601,2.37194581366617
12.612,0.126180000000234,0.124371724376128,2.44812298229851
12.614,0.126250000000234,0.124473992479771,2.5181809102791
12.616,0.126320000000234,0.124576770165096,2.58128698263754
12.618,0.126390000000234,0.124679757817176,2.63560938281053
12.62,0.126460000000234,0.124782644493338,2.68005112697062
12.622,0.126525000000234,0.124885107525017,2.71287842352292
12.624,0.126590000000234,0.124986796878677,2.73243022481734
12.626,0.126655000000235,0.125087454323211,2.73807508285634
12.628,0.126720000000235,0.125186774413597,2.72847966537487
12.63,0.126785000000235,0.125284472323613,2.70274079597562
12.632,0.126844000000235,0.125380388793548,2.66102875145906
12.634,0.126903000000235,0.125474275448866,2.60265265102299
12.636,0.126962000000235,0.125565941990024,2.52754964706967
12.638,0.127021000000235,0.125655354122361,2.43673942277545
12.64,0.127080000000235,0.125742269313213,2.32984974877043
12.642,0.127132000000235,0.125826663700837,2.20801211878529
12.644,0.127184000000235,0.125908421677281,2.07176262290641
12.646,0.127236000000235,0.125987310770453,1.92111778984947
12.648,0.127288000000236,0.126063403394636,1.7575295565518
12.65,0.127340000000236,0.126136308390327,1.5803900331119
12.652,0.127384000000236,0.126206265941446,1.39168948716052
12.654,0.127428000000236,0.126273180226134,1.1919123937894
12.656,0.127472000000236,0.126337001858362,0.981839627789768
12.658,0.127516000000236,0.126397953815995,0.763160219827392
12.66,0.127560000000236,0.126456228650826,0.537377515348378
12.662,0.127595000000236,0.126512013563195,0.306039467890331
12.664,0.127630000000236,0.126565619320483,0.071009575160387
12.666,0.127665000000236,0.126617373596768,-0.165872939221137
12.668,0.127700000000236,0.126667647791955,-0.402746460813873
12.67,0.127735000000236,0.12671673279394,-0.637609383669663
12.672,0.127760000000237,0.126765042381942,-0.868745238603322
12.674,0.127785000000237,0.126812874143437,-1.09431186815082
12.676,0.127810000000237,0.126860541632924,-1.31256561851757
12.678,0.127835000000237,0.126908297597031,-1.52235885301056
12.68,0.127860000000237,0.126956331641317,-1.72270854933705
12.682,0.127874000000237,0.127004782917267,-1.91288968174194
12.684,0.127888000000237,0.127053725672412,-2.09280632602646
12.686,0.127902000000237,0.127103202332773,-2.2625902144755
12.688,0.127916000000237,0.127153249176989,-2.42240283557385
12.69,0.127930000000237,0.127203930159604,-2.57205883602991
12.692,0.127932000000237,0.127255254882202,-2.7123089371071
12.694,0.127934000000238,0.127307245092989,-2.84360614130537
12.696,0.127936000000238,0.127359949573308,-2.96592939003668
12.698,0.127938000000238,0.127413282197539,-3.08054350540665
12.7,0.127940000000238,0.127467214847931,-3.18750185132599
12.702,0.127931000000238,0.127521567729292,-3.2880343050838
12.704,0.127922000000238,0.127576111239008,-3.38306472643277
12.706,0.127913000000238,0.127630553869421,-3.4741175107719
12.708,0.127904000000238,0.12768452797938,-3.56221037563177
12.71,0.127895000000238,0.127737625208228,-3.64873517656296
12.712,0.127876000000238,0.127789369871374,-3.73508017568526
12.714,0.127857000000238,0.127839316986734,-3.82258856206085
12.716,0.127838000000238,0.127886942642725,-3.91254652638465
12.718,0.127819000000238,0.127931849100522,-4.00589683748349
12.72,0.127800000000239,0.127973410787498,-4.10364837551498
12.722,0.127772000000239,0.128011607782662,-4.2057799154193
12.724,0.127744000000239,0.128045765492313,-4.31290609066654
12.726,0.127716000000239,0.128075756409017,-4.42474524698305
12.728,0.127688000000239,0.128101378941414,-4.54092496940124
12.73,0.127660000000239,0.128122544441266,-4.66076233176453
12.732,0.127624000000239,0.128139193933736,-4.78337517285546
12.734,0.127588000000239,0.128151408166706,-4.90765163203799
12.736,0.127552000000239,0.128159456205329,-5.03239086602216
12.738,0.127516000000239,0.128163358007928,-5.15634277977543
12.74,0.127480000000239,0.128163319110804,-5.27818114497354
12.742,0.127437000000239,0.12815959615018,-5.3965335946564
12.744,0.127394000000239,0.128152464106507,-5.51009585196742
12.746,0.12735100000024,0.128142172754741,-5.61754516720003
12.748,0.12730800000024,0.128128985119797,-5.71754620072065
12.75,0.12726500000024,0.128113159199676,-5.80880659762136
12.752,0.12721600000024,0.128094968245108,-5.89015472458137
12.754,0.12716700000024,0.128074693254272,-5.96059250385151
12.756,0.12711800000024,0.128052457806337,-6.01819691826406
12.758,0.12706900000024,0.12802865844418,-6.06310096430337
12.76,0.12702000000024,0.128003332634577,-6.09256533108622
12.762,0.12696600000024,0.127976838010139,-6.10694381001468
12.764,0.12691200000024,0.127949416312327,-6.10583644845543
12.766,0.126858000000241,0.127921237781825,-6.08669530942082
12.768,0.126804000000241,0.12789263374465,-6.05142234960589
12.77,0.126750000000241,0.127863770638983,-5.99861775041372
12.772,0.126692000000241,0.127834849042229,-5.92784066015745
12.774,0.126634000000241,0.127806032706282,-5.83958075993699
12.776,0.126576000000241,0.127777447500178,-5.7343598093915
12.778,0.126518000000241,0.127749198575382,-5.6124873958882
12.78,0.126460000000241,0.127721398117707,-5.47350074004136
12.782,0.126399000000241,0.127694089707844,-5.3188992691045
12.784,0.126338000000241,0.12766733123305,-5.14903865525311
12.786,0.126277000000241,0.127641183031488,-4.96411973791343
12.788,0.126216000000241,0.12761559517143,-4.76642769588802
12.79,0.126155000000242,0.127590584738453,-4.55624959936218
12.792,0.126092000000242,0.127566103916196,-4.33494275042042
12.794,0.126029000000242,0.127542049782443,-4.10454616697495
12.796,0.125966000000242,0.12751831095065,-3.86689966665455
12.798,0.125903000000242,0.127494758479445,-3.62337008397204
12.8,0.125840000000242,0.12747119232653,-3.3760738564809
12.802,0.125776000000242,0.127447385787788,-3.12672733441318
12.804,0.125712000000242,0.127423067832779,-2.87706332628225
12.806,0.125648000000242,0.127397916332889,-2.62881640527603
12.808,0.125584000000242,0.127371630657117,-2.38350278750744
12.81,0.125520000000242,0.127343765583212,-2.14294205648422
12.812,0.125456000000242,0.127313883734034,-1.90881235885596
12.814,0.125392000000242,0.127281711093996,-1.68208391668551
12.816,0.125328000000242,0.127246840729246,-1.46402726688765
12.818,0.125264000000243,0.127208877879378,-1.25576252356903
12.82,0.125200000000243,0.12716776816642,-1.05726389853832
12.822,0.125136000000243,0.127123342428012,-0.868827154208926
12.824,0.125072000000243,0.127075545056731,-0.690337033600593
12.826,0.125008000000243,0.127024380452699,-0.52143333844838
12.828,0.124944000000243,0.126969800312038,-0.361807004383618
12.83,0.124880000000243,0.126912051239275,-0.210294303574119
12.832,0.124816000000243,0.126851077245007,-0.0664674032358664
12.834,0.124752000000243,0.12678719897959,0.0710129652717434
12.836,0.124688000000243,0.126720454681014,0.202778013164089
12.838,0.124624000000243,0.126651095578824,0.329834935491179
12.84,0.124560000000244,0.126579340992255,0.453031959435963
12.842,0.124496000000244,0.126505443755006,0.573180171728672
12.844,0.124432000000244,0.1264296718884,0.691050199460205
12.846,0.124368000000244,0.126352281121712,0.807356163469874
12.848,0.124304000000244,0.126273610243048,0.922826432393393
12.85,0.124240000000244,0.126193939951918,1.03803592325862
12.852,0.124176000000244,0.126113468293824,1.15354571066846
12.854,0.124112000000244,0.126032526173965,1.26976055335743
12.856,0.124048000000244,0.125951327650342,1.38689673485446
12.858,0.123984000000244,0.125870094836737,1.50506839821848
12.86,0.123920000000244,0.125789028856739,1.62410576449215
12.862,0.123856000000244,0.125708350047367,1.74381320645721
12.864,0.123792000000245,0.125628186066482,1.86379275981118
12.866,0.123728000000245,0.125548734587301,1.9835527726439
12.868,0.123664000000245,0.125470111090066,2.10234447514135
12.87,0.123600000000245,0.125392326418355,2.2194735271166
12.872,0.123536000000245,0.125315457683648,2.33400037168667
12.874,0.123472000000245,0.125239558918463,2.44473110837689
12.876,0.123408000000245,0.125164553343784,2.55085014261373
12.878,0.123344000000245,0.125090429286734,2.65117139742124
12.88,0.123280000000245,0.125017122194733,2.74458988867511
12.882,0.123216000000245,0.124944533651383,2.83010947739036
12.884,0.123152000000245,0.124872547824502,2.90629647633635
12.886,0.123088000000246,0.124800981053812,2.97253669722575
12.888,0.123024000000246,0.124729641492754,3.02739285502462
12.89,0.122960000000246,0.124658269125547,3.06984736939256
12.892,0.122896000000246,0.124586566045648,3.09867784027914
12.894,0.122832000000246,0.124514152102664,3.11241735155394
12.896,0.122768000000246,0.124440694967435,3.11074169553643
12.898,0.122704000000246,0.124365787293452,3.09224221271757
12.9,0.122640000000246,0.124289035777751,3.05594236725462
12.902,0.122576000000246,0.124210164442017,3.0015526309377
12.904,0.122512000000246,0.124128837503798,2.92807580060396
12.906,0.122448000000246,0.1240450328989,2.83657632524147
12.908,0.122384000000246,0.123958605689281,2.72690698601012
12.91,0.122320000000246,0.123869560795426,2.59980101255323
12.912,0.122256000000246,0.123778084584754,2.45703050837146
12.914,0.122192000000247,0.123684387476436,2.30037777902678
12.916,0.122128000000247,0.123588656790421,2.13145744276798
12.918,0.122064000000247,0.123491089671237,1.95200076599202
12.92,0.122000000000247,0.123392057522915,1.7647278420429
12.922,0.121936000000247,0.123291774634009,1.57151504724942
12.924,0.121872000000247,0.123190518704964,1.37456322569221
12.926,0.121808000000247,0.1230885235382,1.17579630308572
12.928,0.121744000000247,0.122985985776657,0.977063879196641
12.93,0.121680000000247,0.122883104037846,0.780136863478052
12.932,0.121616000000247,0.122780087022453,0.586634982578187
12.934,0.121552000000247,0.122677132797644,0.397730252604479
12.936,0.121488000000247,0.122574471608125,0.215045837123648
12.938,0.121424000000248,0.122472320072658,0.0393115598593018
12.94,0.121360000000248,0.122370922371198,-0.128420706247882
12.942,0.121296000000248,0.122270513778697,-0.28744793068591
12.944,0.121232000000248,0.12217138362774,-0.436856534416178
12.946,0.121168000000248,0.122073670473424,-0.576824381352105
12.948,0.121104000000248,0.121977580133917,-0.706972847590868
12.95,0.121040000000248,0.121883374758113,-0.826661325743917
12.952,0.120976000000248,0.121791114842319,-0.9363342634404
12.954,0.120912000000248,0.121700879160834,-1.0362127793594
12.956,0.120848000000248,0.121612838750657,-1.12607368187689
12.958,0.120784000000248,0.12152705657032,-1.20621629794555
12.96,0.120720000000249,0.121443511661497,-1.27724781239748
12.962,0.120656000000249,0.121362074984808,-1.34009842012413
12.964,0.120592000000249,0.121282864198745,-1.39473659397621
12.966,0.120528000000249,0.121205587691205,-1.4425754626371
12.968,0.120464000000249,0.121130210561629,-1.48401896487431
12.97,0.120400000000249,0.121056442565012,-1.52027361121401
12.972,0.120336000000249,0.120984056287163,-1.55225852658066
12.974,0.120272000000249,0.120912797325416,-1.58094887948106
12.976,0.120208000000249,0.120842299872835,-1.60760261630427
12.978,0.120144000000249,0.120772283635315,-1.63322179084029
12.98,0.120080000000249,0.120702410685524,-1.65890661745664
12.982,0.120017000000249,0.120632386884793,-1.68563811010219
12.984,0.119954000000249,0.120561919827323,-1.71435242781253
12.986,0.119891000000249,0.120490724644207,-1.74592088125695
12.988,0.11982800000025,0.120418654477344,-1.78068179507383
12.99,0.11976500000025,0.120345380901208,-1.81952067845352
12.992,0.11970400000025,0.120270771421189,-1.86253376929878
12.994,0.11964300000025,0.120194610285399,-1.90996918085506
12.996,0.11958200000025,0.120116795564827,-1.96158445980267
12.998,0.11952100000025,0.120037345396723,-2.01674793675229
13,0.11946000000025,0.119956266643275,-2.07475436898896
13.002,0.11940200000025,0.119873539604875,-2.13469973163283
13.004,0.11934400000025,0.11978936372306,-2.19526228366987
13.006,0.11928600000025,0.119703891469002,-2.25513343806456
13.008,0.11922800000025,0.119617239969891,-2.31270790106662
13.01,0.11917000000025,0.119529649481578,-2.36631622154143
13.012,0.119116000000251,0.119441364294405,-2.41458683140621
13.014,0.119062000000251,0.119352591789458,-2.45568385162119
13.016,0.119008000000251,0.119263593734492,-2.48828573879172
13.018,0.118954000000251,0.119174615576865,-2.51096250100547
13.02,0.118900000000251,0.119085916467003,-2.52239384598396
13.022,0.118851000000251,0.118997754784927,-2.52148984579276
13.024,0.118802000000251,0.118910450799998,-2.50654126894813
13.026,0.118753000000251,0.118824333621979,-2.47636719496741
13.028,0.118704000000251,0.118739569539863,-2.43162140658537
13.03,0.118655000000251,0.118656575613239,-2.37024485466352
13.032,0.118612000000252,0.118575607926724,-2.29204567490318
13.034,0.118569000000252,0.118496935678107,-2.19664489481013
13.036,0.118526000000252,0.118420613826658,-2.08506136185464
13.038,0.118483000000252,0.118346976974261,-1.95641432370573
13.04,0.118440000000252,0.118276032430783,-1.81196116312357
13.042,0.118404000000252,0.118207817793782,-1.65265923597116
13.044,0.118368000000252,0.118142570775282,-1.47846305260491
13.046,0.118332000000252,0.118080015558135,-1.29183210834762
13.048,0.118296000000252,0.118020336304226,-1.09308550517044
13.05,0.118260000000252,0.117963165844416,-0.884812091862512
13.052,0.118232000000252,0.117908557083231,-0.667941314206028
13.054,0.118204000000252,0.117856177076968,-0.444732417430407
13.056,0.118176000000253,0.117805899356943,-0.21675510887122
13.058,0.118148000000253,0.117757505970281,0.0141898300327378
13.06,0.118120000000253,0.117710831386476,0.246244449089881
13.062,0.118101000000253,0.117665561182559,0.477594335504228
13.064,0.118082000000253,0.117621469339192,0.706687858374891
13.066,0.118063000000253,0.117578391024355,0.931521838363743
13.068,0.118044000000253,0.117536020407367,1.1508045800498
13.07,0.118025000000253,0.117494176962371,1.36302070125154
13.072,0.118016000000253,0.117452701311313,1.5667978748655
13.074,0.118007000000253,0.117411469170082,1.76098518293677
13.076,0.117998000000253,0.117370397571171,1.94556513587746
13.078,0.117989000000253,0.11732945613017,2.11974145277858
13.08,0.117980000000254,0.117288620372579,2.28324634602581
13.082,0.117982000000254,0.117247860060337,2.43680635223295
13.084,0.117984000000254,0.117207142035933,2.58033413683295
13.086,0.117986000000254,0.117166411274922,2.71395274008039
13.088,0.117988000000254,0.117125603024538,2.83825326821606
13.09,0.117990000000254,0.117084656364829,2.95354185048904
13.092,0.118004000000254,0.117043527522441,3.06022763574356
13.094,0.118018000000254,0.117002209675644,3.15900747260137
13.096,0.118032000000254,0.116960725468114,3.24993147611016
13.098,0.118046000000254,0.1169191823784,3.33436205306392
13.1,0.118060000000254,0.116877732969849,3.41291088847671
13.102,0.118085000000254,0.116836619520739,3.48661236236408
13.104,0.118110000000254,0.11679614563289,3.55667116233709
13.106,0.118135000000255,0.116756613149908,3.62438107530952
13.108,0.118160000000255,0.116718461667098,3.69091261207883
13.11,0.118185000000255,0.116682076383246,3.75759314848273
13.112,0.118220000000255,0.116647878959954,3.82568436681376
13.114,0.118255000000255,0.11661624508417,3.89632923075891
13.116,0.118290000000255,0.116587734640787,3.97079294015761
13.118,0.118325000000255,0.116562445838489,4.04955613935202
13.12,0.118360000000255,0.116541096909746,4.13371973903936
13.122,0.118404000000255,0.116523726509159,4.22318157414213
13.124,0.118448000000255,0.116510496066948,4.31777709593471
13.126,0.118492000000255,0.11650159622024,4.41714699621173
13.128,0.118536000000256,0.116497071019413,4.52053178566043
13.13,0.118580000000256,0.116496891002094,4.62690727780237
13.132,0.118632000000256,0.116500957366553,4.73502380168154
13.134,0.118684000000256,0.116509108314874,4.84344525761576
13.136,0.118736000000256,0.116521198603964,4.95052184182239
13.138,0.118788000000256,0.116536716239863,5.05478838441707
13.14,0.118840000000256,0.116555739939792,5.15411036049636
13.142,0.118899000000256,0.116577800669467,5.24673560670555
13.144,0.118958000000256,0.116602352453508,5.33190696229418
13.146,0.119017000000256,0.116629551956425,5.40654902432725
13.148,0.119076000000256,0.116658852627169,5.47012410469993
13.15,0.119135000000257,0.116690079259248,5.52116989974797
13.152,0.119200000000257,0.116723075026875,5.55790353614035
13.154,0.119265000000257,0.116757614799358,5.57944215402333
13.156,0.119330000000257,0.116793507308805,5.58483487488181
13.158,0.119395000000257,0.116830568504392,5.57316280818505
13.16,0.119460000000257,0.116868589991133,5.54403299512983
13.162,0.119530000000257,0.116907370448818,5.49775853442663
13.164,0.119600000000257,0.116946788472878,5.43307363976212
13.166,0.119670000000257,0.116986649323148,5.35140109172191
13.168,0.119740000000257,0.117026827620145,5.25268153948763
13.17,0.119810000000257,0.117067185340964,5.13739520127445
13.172,0.119884000000258,0.117107585151369,5.00608258626112
13.174,0.119958000000258,0.117147888594907,4.85923669388187
13.176,0.120032000000258,0.117187943466073,4.69679502554118
13.178,0.120106000000258,0.117227661512795,4.52111091476664
13.18,0.120180000000258,0.11726692286782,4.3317474675089
13.182,0.120257000000258,0.11730567160653,4.12992353144155
13.184,0.120334000000258,0.117343874217045,3.91647810650074
13.186,0.120411000000258,0.117381574096575,3.69315314484765
13.188,0.120488000000258,0.117418813337979,3.46103260082609
13.19,0.120565000000258,0.117455691858643,3.2217342351468
13.192,0.120644000000258,0.11749235462863,2.97709501725124
13.194,0.120723000000258,0.11752899687861,2.72886671868028
13.196,0.120802000000258,0.117565870583639,2.47906183799683
13.198,0.120881000000259,0.117603282043519,2.22961349569566
13.2,0.120960000000259,0.11764153742681,1.98249622327798
13.202,0.121040000000259,0.117680947168591,1.73955619480511
13.204,0.121120000000259,0.117721895708417,1.5029013179098
13.206,0.121200000000259,0.117764670792736,1.27418353888968
13.208,0.121280000000259,0.11780953437542,1.05485832327745
13.21,0.121360000000259,0.117856682561067,0.845974402654257
13.212,0.121440000000259,0.117906299986038,0.648388218922627
13.214,0.121520000000259,0.117958451047452,0.462230075905095
13.216,0.121600000000259,0.118013174846884,0.287322759061391
13.218,0.121680000000259,0.1180705688797,0.12356872557216
13.22,0.121760000000259,0.118130700775639,-0.0294352304816981
13.222,0.12184000000026,0.118193699981372,-0.17199992083475
13.224,0.12192000000026,0.118259791771773,-0.304275147491093
13.226,0.12200000000026,0.118328819516622,-0.427629567484347
13.228,0.12208000000026,0.11840101799463,-0.542182509221091
13.23,0.12216000000026,0.118476383984145,-0.648753312677054
13.232,0.12224000000026,0.118554866399523,-0.748207795977711
13.234,0.12232000000026,0.118636243179003,-0.841758017222093
13.236,0.12240000000026,0.11872039845276,-0.930284299571852
13.238,0.12248000000026,0.118807160998168,-1.01480294623019
13.24,0.122560000000261,0.118896073726853,-1.09674014617207
13.242,0.122640000000261,0.118986810307977,-1.17726619895497
13.244,0.122720000000261,0.11907897273525,-1.2576371187927
13.246,0.122800000000261,0.119172127722407,-1.33903761839141
13.248,0.122880000000261,0.119265863749055,-1.42260921426689
13.25,0.122960000000261,0.119359771390053,-1.50920395793061
13.252,0.123040000000261,0.119453478687214,-1.59947614439293
13.254,0.123120000000261,0.119546613484481,-1.69391553276744
13.256,0.123200000000261,0.119638918144545,-1.79230180406015
13.258,0.123280000000261,0.119730086575275,-1.89464412420927
13.26,0.123360000000261,0.119819973057043,-2.00019350276082
13.262,0.123440000000261,0.119908499223144,-2.10806161337609
13.264,0.123520000000262,0.119995638744845,-2.21719476076339
13.266,0.123600000000262,0.120081416124346,-2.32641463186428
13.268,0.123680000000262,0.120165916840513,-2.43450772746286
13.27,0.123760000000262,0.120249171472107,-2.54003661002251
13.272,0.123840000000262,0.120331368138652,-2.64173268391959
13.274,0.123920000000262,0.120412645011384,-2.73832482250248
13.276,0.124000000000262,0.120493142543247,-2.82823914861903
13.278,0.124080000000262,0.120573071565352,-2.91044245657377
13.28,0.124160000000262,0.120652601439437,-2.9836450397321
13.282,0.124240000000262,0.120731909166733,-3.04685242646974
13.284,0.124320000000262,0.120811163230913,-3.09807845429702
13.286,0.124400000000262,0.120890536128584,-3.13710010429267
13.288,0.124480000000263,0.120970174068008,-3.1631307200152
13.29,0.124560000000263,0.121050293626253,-3.17403515638906
13.292,0.124640000000263,0.121131089411781,-3.16976035474035
13.294,0.124720000000263,0.121212767320957,-3.14981414823215
13.296,0.124800000000263,0.121295511052581,-3.11405179099176
13.298,0.124880000000263,0.121379563742177,-3.06161016942181
13.3,0.124960000000263,0.121465068204796,-2.99296889371848
13.302,0.125040000000263,0.121552208479327,-2.90802198598507
13.304,0.125120000000263,0.121641107261251,-2.80727899653628
13.306,0.125200000000263,0.121732003574905,-2.69027527409546
13.308,0.125280000000264,0.121824890754779,-2.55840474003945
13.31,0.125360000000264,0.121919833012851,-2.4122542654016
13.312,0.125440000000264,0.122016876802693,-2.25245525984945
13.314,0.125520000000264,0.12211597352582,-2.08020378651976
13.316,0.125600000000264,0.122216961728557,-1.8972622203376
13.318,0.125680000000264,0.122319671848534,-1.70539177035904
13.32,0.125760000000264,0.122423906122649,-1.50650927793457
13.322,0.125840000000264,0.122529470035587,-1.30257921837465
13.324,0.125920000000264,0.122636171851636,-1.09563947926422
13.326,0.126000000000264,0.122743733393508,-0.887834294822211
13.328,0.126080000000264,0.122852019593073,-0.680982150691715
13.33,0.126160000000265,0.122960814514111,-0.477148985383324
13.332,0.126240000000265,0.123069869299188,-0.277450820598056
13.334,0.126320000000265,0.123178973527677,-0.0841825809019428
13.336,0.126400000000265,0.123287885622763,0.10229710099924
13.338,0.126480000000265,0.12339631626109,0.279889685283289
13.34,0.126560000000265,0.123504023315898,0.448142269276973
13.342,0.126640000000265,0.123610719380976,0.605976280985147
13.344,0.126720000000265,0.123716147349875,0.752858643311315
13.346,0.126800000000265,0.123820102702879,0.888617490018697
13.348,0.126880000000265,0.123922364884791,1.01290314829673
13.35,0.126960000000265,0.124022724744633,1.12544982983622
13.352,0.127040000000266,0.124121100025177,1.22670709144763
13.354,0.127120000000266,0.124217268144926,1.3163057300186
13.356,0.127200000000266,0.124311246864641,1.39513936938394
13.358,0.127280000000266,0.12440300828688,1.46375978407438
13.36,0.127360000000266,0.124492642393553,1.52320059576374
13.362,0.127440000000266,0.124580056936645,1.57377006191482
13.364,0.127520000000266,0.124665572959534,1.61734207161513
13.366,0.127600000000266,0.124749256839095,1.65471430701811
13.368,0.127680000000266,0.124831369963532,1.6872979953248
13.37,0.127760000000266,0.124912146258392,1.71632004505775
13.372,0.127840000000266,0.124991920559382,1.74316837204146
13.374,0.127920000000266,0.125070935253422,1.76898997156906
13.376,0.128000000000266,0.125149523862033,1.79500309752451
13.378,0.128080000000267,0.125227953768614,1.8222279022241
13.38,0.128160000000267,0.125306483854652,1.85161713491113
13.382,0.128239000000267,0.125385358479543,1.88400816673765
13.384,0.128318000000267,0.12546481111168,1.92011397234782
13.386,0.128397000000267,0.125545009884789,1.96019405358335
13.388,0.128476000000267,0.125626107292056,2.00440517957858
13.39,0.128555000000267,0.125708259907688,2.0527855083249
13.392,0.128632000000267,0.12579149470268,2.10469328783576
13.394,0.128709000000267,0.125875800233154,2.15937819885427
13.396,0.128786000000268,0.125961225452708,2.21606651391279
13.398,0.128863000000268,0.126047684793148,2.27359588422019
13.4,0.128940000000268,0.126135152265013,2.33076985225546
13.402,0.129014000000268,0.126223563284125,2.38629695122726
13.404,0.129088000000268,0.126312855260014,2.43876529423373
13.406,0.129162000000268,0.126402964655738,2.48664796295657
13.408,0.129236000000268,0.126493755943157,2.52900100886401
13.41,0.129310000000268,0.126585170085137,2.56431570093783
13.412,0.129380000000268,0.12667710207669,2.59085239399657
13.414,0.129450000000268,0.126769367521871,2.60829642877866
13.416,0.129520000000268,0.126861812642633,2.6151651324792
13.418,0.129590000000269,0.126954218104992,2.61014313926383
13.42,0.129660000000269,0.127046319217382,2.59211517866088
13.422,0.129725000000269,0.127137775153648,2.55983520128052
13.424,0.129790000000269,0.127228289825486,2.51330991720764
13.426,0.129855000000269,0.127317516995129,2.45151451813048
13.428,0.129920000000269,0.127405110373586,2.37370952677084
13.43,0.129985000000269,0.127490682143112,2.27887415613212
13.432,0.130044000000269,0.127574069267311,2.16760077980634
13.434,0.130103000000269,0.12765506652662,2.03990738546646
13.436,0.130162000000269,0.127733373935285,1.89521875376609
13.438,0.130221000000269,0.127809021277549,1.73501333758657
13.44,0.13028000000027,0.127881976197975,1.56018063997515
13.442,0.13033200000027,0.127952069858761,1.37101623839896
13.444,0.13038400000027,0.128019624408811,1.17026220610872
13.446,0.13043600000027,0.128084594264112,0.958939505029635
13.448,0.13048800000027,0.128147205070331,0.739375117940325
13.45,0.13054000000027,0.128207683942422,0.513859319947342
13.452,0.13058400000027,0.128266237974879,0.284562331753039
13.454,0.13062800000027,0.128323017317704,0.0535033360911519
13.456,0.13067200000027,0.12837813719766,-0.177286813879118
13.458,0.13071600000027,0.128431776728155,-0.405979972872082
13.46,0.13076000000027,0.128484016785072,-0.630804854444904
13.462,0.130795000000271,0.12853503093207,-0.85038922581116
13.464,0.130830000000271,0.128584948254888,-1.06355900855745
13.466,0.130865000000271,0.128633881306827,-1.2692164198481
13.468,0.130900000000271,0.128681967547279,-1.46664673909855
13.47,0.130935000000271,0.128729308440351,-1.65489389059925
13.472,0.130960000000271,0.128776071779692,-1.83403166683489
13.474,0.130985000000271,0.128822379658421,-2.00351482779575
13.476,0.131010000000271,0.128868376613992,-2.1625394440453
13.478,0.131035000000271,0.128914251897132,-2.31240980721403
13.48,0.131060000000271,0.128960136928476,-2.45181092431874
13.482,0.131074000000271,0.129006160166586,-2.58162912422254
13.484,0.131088000000272,0.129052412393018,-2.70201147771142
13.486,0.131102000000272,0.129098967958621,-2.81237135345708
13.488,0.131116000000272,0.129145766645759,-2.91495135901424
13.49,0.131130000000272,0.129192799700397,-3.00864058891535
13.492,0.131132000000272,0.129239909352822,-3.09541219364222
13.494,0.131134000000272,0.129286938182235,-3.17612035398321
13.496,0.131136000000272,0.129333682045437,-3.25160980248034
13.498,0.131138000000272,0.129379847479034,-3.32272844130528
13.5,0.131140000000272,0.12942519266814,-3.39083963999648
13.502,0.131131000000272,0.129469326765116,-3.4568114624976
13.504,0.131122000000273,0.12951201770753,-3.5217894569482
13.506,0.131113000000273,0.129552980750565,-3.58664953066042
13.508,0.131104000000273,0.129591833633759,-3.6522625683745
13.51,0.131095000000273,0.129628366786823,-3.71938198787224
13.512,0.131076000000273,0.129662252242725,-3.78874850564065
13.514,0.131057000000273,0.129693491317841,-3.86066665483193
13.516,0.131038000000273,0.129721701338694,-3.9356674609849
13.518,0.131019000000273,0.129746865830852,-4.01371550584177
13.52,0.131000000000273,0.129768941954607,-4.09460527198288
13.522,0.130972000000273,0.129787858311754,-4.17793857465137
13.524,0.130944000000273,0.12980345350221,-4.26312535846642
13.526,0.130916000000274,0.129815855538234,-4.34919716007854
13.528,0.130888000000274,0.129825078326746,-4.43509226694764
13.53,0.130860000000274,0.12983115534063,-4.51957478138477
13.532,0.130824000000274,0.129834037963217,-4.60113568175878
13.534,0.130788000000274,0.129833882616005,-4.67829200453453
13.536,0.130752000000274,0.129830764567429,-4.74943282825134
13.538,0.130716000000274,0.129824836685126,-4.81319273712577
13.54,0.130680000000274,0.129816061811009,-4.86758798963982
13.542,0.130637000000274,0.12980478511843,-4.91202229518792
13.544,0.130594000000274,0.129790905142085,-4.94409611814135
13.546,0.130551000000275,0.129774825828717,-4.96372160854992
13.548,0.130508000000275,0.129756682263631,-4.96945669081922
13.55,0.130465000000275,0.129736682002291,-4.95958109094494
13.552,0.130416000000275,0.129715254606173,-4.93428409036838
13.554,0.130367000000275,0.129692644094267,-4.8916418664885
13.556,0.130318000000275,0.129669230356269,-4.83234159916458
13.558,0.130269000000275,0.129645237156388,-4.75466532736928
13.56,0.130220000000275,0.129620928319384,-4.65937021428711
13.562,0.130166000000275,0.129596472036157,-4.54633354082818
13.564,0.130112000000275,0.129572005238888,-4.41586290937374
13.566,0.130058000000275,0.129547636332369,-4.26810355241765
13.568,0.130004000000275,0.129523438440246,-4.10446907234866
13.57,0.129950000000276,0.129499456503168,-3.92583836045392
13.572,0.129892000000276,0.129475698679406,-3.73387560280214
13.574,0.129834000000276,0.129452163247271,-3.52940713531178
13.576,0.129776000000276,0.129428798485654,-3.314800164109
13.578,0.129718000000276,0.129405549246864,-3.09180383682446
13.58,0.129660000000276,0.129382348322512,-2.86217140097235
13.582,0.129599000000276,0.129359116707284,-2.62775140671137
13.584,0.129538000000276,0.129335768052546,-2.39026426299495
13.586,0.129477000000276,0.129312184182521,-2.1513995727906
13.588,0.129416000000276,0.129288280747507,-1.91292095656173
13.59,0.129355000000277,0.129263881062539,-1.67645065945168
13.592,0.129292000000277,0.129238761635339,-1.44385892525784
13.594,0.129229000000277,0.12921276440804,-1.21632813965314
13.596,0.129166000000277,0.129185635680203,-0.995437860378614
13.598,0.129103000000277,0.129157156588469,-0.782496439671548
13.6,0.129040000000277,0.129127126074695,-0.578680899471774
13.602,0.128975000000277,0.129095464860355,-0.384411260250678
13.604,0.128910000000277,0.129062005727209,-0.200547429618082
13.606,0.128845000000277,0.129026687397136,-0.0271994855082857
13.608,0.128780000000277,0.128989356272329,0.135238289089083
13.61,0.128715000000277,0.128950134158372,0.288007897745157
13.612,0.128648000000278,0.128908809534215,0.430808315488783
13.614,0.128581000000278,0.128865352155835,0.564457968314634
13.616,0.128514000000278,0.128819586308892,0.689288946895939
13.618,0.128447000000278,0.128771471823569,0.806175282581974
13.62,0.128380000000278,0.128720900290818,0.915663417203079
13.622,0.128311000000278,0.128667603207031,1.01788455129829
13.624,0.128242000000278,0.128611726846279,1.11391134522208
13.626,0.128173000000278,0.128553065707754,1.20380274005213
13.628,0.128104000000278,0.128491579806577,1.28796097691966
13.63,0.128035000000279,0.128427465011449,1.3671419434214
13.632,0.127964000000279,0.128360783356459,1.44178413648494
13.634,0.127893000000279,0.128291692239034,1.51250195815533
13.636,0.127822000000279,0.128220461050565,1.58008395278935
13.638,0.127751000000279,0.128147235521542,1.6452040472903
13.64,0.127680000000279,0.128072485639548,1.70887359095104
13.642,0.127607000000279,0.127996335323172,1.77182454082777
13.644,0.127534000000279,0.127919200372515,1.83495395711741
13.646,0.127461000000279,0.127841343763154,1.89897867628956
13.648,0.127388000000279,0.127763068653516,1.96434977755605
13.65,0.127315000000279,0.127684622777504,2.03132575224348
13.652,0.127240000000279,0.127606233244705,2.09969174749016
13.654,0.127165000000279,0.127528068592475,2.16911583339799
13.656,0.12709000000028,0.127450259592553,2.23896013610355
13.658,0.12701500000028,0.127372887209443,2.3083490209967
13.66,0.12694000000028,0.127295979235994,2.37618893015737
13.662,0.12686300000028,0.127219512068445,2.44114622017104
13.664,0.12678600000028,0.127143406682212,2.50152116675859
13.666,0.12670900000028,0.12706749942972,2.55623780329084
13.668,0.12663200000028,0.126991624864104,2.60301213805854
13.67,0.12655500000028,0.126915573829167,2.64052885751105
13.672,0.12647600000028,0.126839173434759,2.66810718202151
13.674,0.12639700000028,0.126762103715525,2.68222888807448
13.676,0.126318000000281,0.126684155768648,2.68217746855755
13.678,0.126239000000281,0.12660508170341,2.66642741094287
13.68,0.126160000000281,0.12652460793179,2.63340151000059
13.682,0.126079000000281,0.126442599041652,2.58315925621543
13.684,0.125998000000281,0.126358901978353,2.51531315495038
13.686,0.125917000000281,0.126273214140112,2.42811816277506
13.688,0.125836000000281,0.12618561098775,2.32339619627986
13.69,0.125755000000281,0.126096030110026,2.2014567164725
13.692,0.125672000000281,0.126004378954262,2.0623630029196
13.694,0.125589000000281,0.125910887149243,1.90874691120682
13.696,0.125506000000282,0.125815627948434,1.74182503959678
13.698,0.125423000000282,0.125718709345743,1.56309711268548
13.7,0.125340000000282,0.125620218929241,1.37399331656054
13.702,0.125255000000282,0.125520368752288,1.17675815806118
13.704,0.125170000000282,0.125419299478865,0.973132334919808
13.706,0.125085000000282,0.125317132209787,0.764772418977009
13.708,0.125000000000282,0.125213983170799,0.553381751373193
13.71,0.124915000000282,0.125110023772367,0.340636393750962
13.712,0.124828000000282,0.125005289886289,0.128152792059407
13.714,0.124741000000283,0.124899981516693,-0.082616619099794
13.716,0.124654000000282,0.124794150673192,-0.289992389578993
13.718,0.124567000000283,0.124687940138741,-0.492836647397232
13.72,0.124480000000283,0.124581444024756,-0.689686899135974
13.722,0.124391000000283,0.124474788348148,-0.879765270453061
13.724,0.124302000000283,0.124368080583343,-1.06201844449784
13.726,0.124213000000283,0.124261437900918,-1.2354687933304
13.728,0.124124000000283,0.124154972669309,-1.39941984677927
13.73,0.124035000000283,0.124048805945656,-1.55282739180884
13.732,0.123944000000283,0.123943028555875,-1.69546306006221
13.734,0.123853000000283,0.123837765521591,-1.82608062206514
13.736,0.123762000000283,0.123733030071256,-1.94547295024417
13.738,0.123671000000283,0.123628896969084,-2.05265475914005
13.74,0.123580000000283,0.123525350869395,-2.14807630386386
13.742,0.123487000000284,0.123422364066801,-2.23196269561066
13.744,0.123394000000284,0.123319870182897,-2.30487892605244
13.746,0.123301000000284,0.123217756977746,-2.3681269717601
13.748,0.123208000000284,0.123115914042859,-2.42323770980077
13.75,0.123115000000284,0.123014266439602,-2.47053123674248
13.752,0.123020000000284,0.122912697220908,-2.51142833678357
13.754,0.122925000000284,0.122811103803084,-2.54743262528878
13.756,0.122830000000284,0.122709406072596,-2.57988419040286
13.758,0.122735000000284,0.122607514595044,-2.60971581355533
13.76,0.122640000000284,0.122505328447257,-2.63802605279042
13.762,0.122543000000285,0.122402774660262,-2.66591152091594
13.764,0.122446000000285,0.122299792218899,-2.69416814687821
13.766,0.122349000000285,0.122196339142091,-2.72339836137244
13.768,0.122252000000285,0.122092368532761,-2.75418125502104
13.77,0.122155000000285,0.121987893644223,-2.78679350745429
13.772,0.122056000000285,0.121882947266352,-2.82131603792175
13.774,0.121957000000285,0.121777584656871,-2.85757460925746
13.776,0.121858000000285,0.121671874616522,-2.89513165578474
13.778,0.121759000000285,0.121565894744027,-2.93322908500475
13.78,0.121660000000285,0.121459753391144,-2.97087800590183
13.782,0.121560000000286,0.121353543436159,-3.0069271514721
13.784,0.121460000000286,0.121247386749982,-3.03980377900911
13.786,0.121360000000286,0.121141400583427,-3.06824441830471
13.788,0.121260000000286,0.121035710894672,-3.09064709966658
13.79,0.121160000000286,0.120930451718059,-3.10528611861695
13.792,0.121060000000286,0.120825743107989,-3.11064875149519
13.794,0.120960000000286,0.120721696633638,-3.10526732604185
13.796,0.120860000000286,0.120618407703035,-3.08785956545973
13.798,0.120760000000286,0.120515981032135,-3.05693269104813
13.8,0.120660000000286,0.120414476710136,-3.01154174060893
13.802,0.120561000000287,0.120313930078352,-2.95095536077686
13.804,0.120462000000287,0.120214354357488,-2.87466637109153
13.806,0.120363000000287,0.120115745493671,-2.78237631418032
13.808,0.120264000000287,0.120018083868953,-2.67384052262984
13.81,0.120165000000287,0.119921265201602,-2.54996228754175
13.812,0.120068000000287,0.119825188444013,-2.41098983351502
13.814,0.119971000000287,0.119729634942446,-2.25905188699598
13.816,0.119874000000287,0.119634416436631,-2.09527215606188
13.818,0.119777000000287,0.119539306500077,-1.92136340114734
13.82,0.119680000000287,0.119444071703002,-1.73909473105615
13.822,0.119586000000287,0.119348487454745,-1.55046184483784
13.824,0.119492000000287,0.119252350786381,-1.35734642514534
13.826,0.119398000000288,0.119155505934423,-1.16152659759108
13.828,0.119304000000288,0.119057844514535,-0.96462051336273
13.83,0.119210000000288,0.118959248530132,-0.768079007330847
13.832,0.119120000000288,0.118859707479846,-0.573211088198274
13.834,0.119030000000288,0.118759239662883,-0.381087781038362
13.836,0.118940000000288,0.118657926520665,-0.192517550714225
13.838,0.118850000000288,0.118555834922424,-0.00849284940399809
13.84,0.118760000000288,0.118453174465046,0.170665818478784
13.842,0.118675000000288,0.118350129778483,0.344462957207484
13.844,0.118590000000288,0.118246931147124,0.512552449549984
13.846,0.118505000000288,0.118143836335296,0.674943005067867
13.848,0.118420000000289,0.118041137490535,0.831452307227274
13.85,0.118335000000289,0.117939132881277,0.982387036567139
13.852,0.118256000000289,0.117838169361211,1.12791411509019
13.854,0.118177000000289,0.117738643702746,1.26836090317403
13.856,0.118098000000289,0.117640862606304,1.40433955132437
13.858,0.118019000000289,0.117545209199773,1.53629802961303
13.86,0.117940000000289,0.117452104694341,1.66474113725762
13.862,0.117868000000289,0.117361616030219,1.79054438647207
13.864,0.117796000000289,0.117274112411552,1.9142244504601
13.866,0.117724000000289,0.117189695020619,2.0364750048691
13.868,0.11765200000029,0.117108181474673,2.15785657378654
13.87,0.11758000000029,0.117029769938613,2.27863961140931
13.872,0.11751600000029,0.116953947579571,2.3990219851393
13.874,0.11745200000029,0.11688060057928,2.5189530754147
13.876,0.11738800000029,0.116809349496835,2.63827249574874
13.878,0.11732400000029,0.116739881997036,2.75667576251847
13.88,0.11726000000029,0.116671782135047,2.87384558787801
13.882,0.11720300000029,0.11660475027946,2.98941040389892
13.884,0.11714600000029,0.116538570699192,3.1027304236776
13.886,0.11708900000029,0.116472953308009,3.21348091631915
13.888,0.117032000000291,0.116407701703571,3.32132580938519
13.89,0.116975000000291,0.116342686485157,3.42553606812035
13.892,0.116924000000291,0.116277751386076,3.5253843296513
13.894,0.116873000000291,0.116212794216612,3.62130950077161
13.896,0.116822000000291,0.116147730326246,3.71186080633424
13.898,0.116771000000291,0.116082502703769,3.79674549539982
13.9,0.116720000000291,0.11601707579367,3.87534975778477
13.902,0.116674000000291,0.115951428014011,3.94684247409252
13.904,0.116628000000291,0.115885554954343,4.01048863999431
13.906,0.116582000000291,0.115819458318146,4.06548552243605
13.908,0.116536000000291,0.115753142389188,4.11090460519477
13.91,0.116490000000292,0.115686616433832,4.14568102229462
13.912,0.116448000000292,0.115619907045308,4.16928632147742
13.914,0.116406000000292,0.115553035231268,4.1796252827266
13.916,0.116364000000292,0.115486063094882,4.1759938034624
13.918,0.116322000000292,0.115419068211701,4.15884974861698
13.92,0.116280000000292,0.115352145186232,4.12655052561695
13.922,0.116241000000292,0.115285435876359,4.07850413262191
13.924,0.116202000000292,0.115219097693656,4.01554899826686
13.926,0.116163000000292,0.115153288616837,3.93858426915541
13.928,0.116124000000292,0.115088279869161,3.84732728147378
13.93,0.116085000000292,0.115024216422397,3.74424725891174
13.932,0.116048000000293,0.114961431166876,3.62976854545671
13.934,0.116011000000293,0.114900013304491,3.50658307788747
13.936,0.115974000000293,0.114840152565575,3.37599362018367
13.938,0.115937000000293,0.114781956515343,3.23954962104515
13.94,0.115900000000293,0.114725529270308,3.0985207704119
13.942,0.115865000000293,0.114670798510571,2.95424919354743
13.944,0.115830000000293,0.114617636221973,2.80769513651591
13.946,0.115795000000293,0.114565853875545,2.65955207405502
13.948,0.115760000000293,0.114515166471175,2.5103484698915
13.95,0.115725000000293,0.114465314447517,2.3603677215005
13.952,0.115692000000293,0.114415914841881,2.20984092275049
13.954,0.115659000000294,0.11436667567158,2.05876011716702
13.956,0.115626000000294,0.114317243437254,1.90706455101614
13.958,0.115593000000294,0.114267264645398,1.75451076808869
13.96,0.115560000000294,0.11421647300968,1.60083132739286
13.962,0.115529000000294,0.114164626630991,1.44568897412987
13.964,0.115498000000294,0.114111490500243,1.28870279156552
13.966,0.115467000000294,0.114056972976604,1.12969554315328
13.968,0.115436000000294,0.114001024520498,0.968610250529619
13.97,0.115405000000294,0.113943773048125,0.805700152333589
13.972,0.115376000000294,0.113885316329986,0.641207468155524
13.974,0.115347000000294,0.113825841332985,0.475518356394352
13.976,0.115318000000295,0.113765537634958,0.309053060015424
13.978,0.115289000000295,0.11370468215925,0.14232910007967
13.98,0.115260000000295,0.113643550985924,-0.0241460369561503
13.982,0.115233000000295,0.11358244599637,-0.189822422581472
13.984,0.115206000000295,0.113521628156562,-0.35433191609333
13.986,0.115179000000295,0.113461495253168,-0.516904560978444
13.988,0.115152000000295,0.113402215977691,-0.677406448423648
13.99,0.115125000000295,0.113344175799348,-0.835163040834739
13.992,0.115100000000295,0.113287743571264,-0.989636985540259
13.994,0.115075000000295,0.113232958996644,-1.14092048872777
13.996,0.115050000000296,0.113180210780991,-1.28840967418246
13.998,0.115025000000296,0.113129719683665,-1.43178552680204
14,0.115000000000296,0.113081493997075,-1.57100658567258
14.002,0.114977000000296,0.113035786510618,-1.70542571906469
14.004,0.114954000000296,0.112992467612899,-1.83496089725945
14.006,0.114931000000296,0.11295159180561,-1.95903163160764
14.008,0.114908000000296,0.112913211115172,-2.07685649597654
14.01,0.114885000000296,0.112877312418619,-2.18758582734801
14.012,0.114864000000296,0.112843629088242,-2.29105512089223
14.014,0.114843000000296,0.112812226877283,-2.385910727592
14.016,0.114822000000296,0.112782931032483,-2.47141245819785
14.018,0.114801000000296,0.11275543035212,-2.54762016432666
14.02,0.114780000000297,0.112729636747702,-2.61339944000375
14.022,0.114761000000297,0.112705330006507,-2.66807423354459
14.024,0.114742000000297,0.112682144875508,-2.71213465144152
14.026,0.114723000000297,0.112659817895418,-2.74537833865844
14.028,0.114704000000297,0.112638036525831,-2.76798621002511
14.03,0.114685000000297,0.112616488738366,-2.78042692268528
14.032,0.114668000000297,0.112594856974075,-2.78251671621208
14.034,0.114651000000297,0.112572892969343,-2.77559036808254
14.036,0.114634000000297,0.112550346669509,-2.75946368928275
14.038,0.114617000000297,0.112527045806996,-2.73493980445234
14.04,0.114600000000297,0.112502949811216,-2.703116377865
14.042,0.114585000000298,0.112478047682411,-2.66455722636625
14.044,0.114570000000298,0.112452358467525,-2.61953237432112
14.046,0.114555000000298,0.112425976372582,-2.56812718263235
14.048,0.114540000000298,0.112399151057183,-2.51121363756651
14.05,0.114525000000298,0.11237209710757,-2.44878674567913
14.052,0.114512000000298,0.112345099097083,-2.38113319570294
14.054,0.114499000000298,0.112318455319736,-2.30844577412167
14.056,0.114486000000298,0.112292456275587,-2.23098289799227
14.058,0.114473000000298,0.112267496836692,-2.14857867530767
14.06,0.114460000000298,0.112243740052502,-2.06184619636741
14.062,0.114449000000299,0.112221640508895,-1.97026091053768
14.064,0.114438000000299,0.112201461471768,-1.87384451776025
14.066,0.114427000000299,0.112183431306025,-1.77249736021695
14.068,0.114416000000299,0.112167794720197,-1.6659766583198
14.07,0.114405000000299,0.112154717055297,-1.55418909068572
14.072,0.114396000000299,0.112144193970621,-1.43738896739827
14.074,0.114387000000299,0.112136371694529,-1.31560671827496
14.076,0.114378000000299,0.112131148807501,-1.18940769352846
14.078,0.114369000000299,0.112128411099339,-1.05938346157268
14.08,0.114360000000299,0.112127995594681,-0.926204017120014
14.082,0.114353000000299,0.112129675818133,-0.790594973687911
14.084,0.114346000000299,0.112133257601603,-0.653186321950786
14.086,0.1143390000003,0.112138465805881,-0.514614238018973
14.088,0.1143320000003,0.112145018815218,-0.37542766436956
14.09,0.1143250000003,0.112152608089353,-0.236109658727105
14.092,0.1143200000003,0.112160894021125,-0.0970945338346418
14.094,0.1143150000003,0.112169509140044,0.0412302892669016
14.096,0.1143100000003,0.11217804289586,0.178352417834663
14.098,0.1143050000003,0.112186113025924,0.314009877428449
14.1,0.1143000000003,0.112193291795726,0.447679646081375
14.102,0.1142970000003,0.112199150027062,0.578898264683392
14.104,0.1142940000003,0.11220339119544,0.707352190311519
14.106,0.1142910000003,0.112205718741543,0.832605499406976
14.108,0.114288000000301,0.112205890456176,0.954175063572775
14.11,0.114285000000301,0.112203752239767,1.0715658652959
14.112,0.114284000000301,0.112199382892387,1.18460457868449
14.114,0.114283000000301,0.112192635063157,1.29254452289179
14.116,0.114282000000301,0.11218381496436,1.39548702217521
14.118,0.114281000000301,0.112173087357156,1.49317301644621
14.12,0.114280000000301,0.112160734310362,1.58553248360521
14.122,0.114281000000301,0.112147090431098,1.67256523943128
14.124,0.114282000000301,0.11213253386589,1.75433484290585
14.126,0.114283000000301,0.112117479063423,1.83096472858397
14.128,0.114284000000301,0.112102370803374,1.90265891001479
14.13,0.114285000000301,0.112087680809613,1.96954147825348
14.132,0.114288000000302,0.112073891223798,2.0320541721077
14.134,0.114291000000302,0.112061462973072,2.09051762030186
14.136,0.114294000000302,0.112051012555427,2.14505774186961
14.138,0.114297000000302,0.112042716448077,2.19649550104874
14.14,0.114300000000302,0.112036897183202,2.24515452531591
14.142,0.114305000000302,0.11203400571654,2.29127370963792
14.144,0.114310000000302,0.112034099591578,2.33532644245341
14.146,0.114315000000302,0.112037480778128,2.37747439817908
14.148,0.114320000000302,0.112044006784799,2.41798308629685
14.15,0.114325000000302,0.112053685417721,2.45685730916493
14.152,0.114332000000303,0.112066344589612,2.49403676130427
14.154,0.114339000000303,0.112081726168412,2.52936838709744
14.156,0.114346000000303,0.112099513556431,2.56263072766967
14.158,0.114353000000303,0.112119385947134,2.59353346364226
14.16,0.114360000000303,0.112141027293746,2.62170269876822
14.162,0.114368000000303,0.112164019558761,2.64695389135573
14.164,0.114376000000303,0.112188057617098,2.66882969133446
14.166,0.114384000000303,0.112212723753091,2.68725557717968
14.168,0.114392000000303,0.11223769235273,2.70185531629982
14.17,0.114400000000303,0.112262616695675,2.71257773596098
14.172,0.114408000000303,0.112287193034143,2.71920963273872
14.174,0.114416000000303,0.1123111153399,2.72144517349123
14.176,0.114424000000304,0.112334132972385,2.71914230485109
14.178,0.114432000000304,0.112356009601564,2.71203033402371
14.18,0.114440000000304,0.112376530364658,2.69984178473982
14.182,0.114447000000304,0.112395604992879,2.68261403509877
14.184,0.114454000000304,0.112413024148208,2.65987234294855
14.186,0.114461000000304,0.11242869069104,2.63143997655559
14.188,0.114468000000304,0.11244257767262,2.59727584178681
14.19,0.114475000000304,0.112454468967963,2.55664388681521
14.192,0.114480000000304,0.112464290577018,2.50913881050927
14.194,0.114485000000304,0.112472176183325,2.45496300682568
14.196,0.114490000000304,0.11247786129307,2.39280188730825
14.198,0.114495000000305,0.11248160042801,2.32307429864896
14.2,0.114500000000305,0.112483306967387,2.24475218433867
14.202,0.114502000000305,0.112483313027384,2.1584792171302
14.204,0.114504000000305,0.112481756932921,2.06396511579205
14.206,0.114506000000305,0.112478873592142,1.96113597195845
14.208,0.114508000000305,0.11247505377444,1.85088519707334
14.21,0.114510000000305,0.112470614884518,1.73367916868124
14.212,0.114508000000305,0.112465904050776,1.61032152365144
14.214,0.114506000000305,0.112461260004554,1.48157567625353
14.216,0.114504000000305,0.112457023268752,1.34835847640798
14.218,0.114502000000305,0.112453453382911,1.21187692526709
14.22,0.114500000000306,0.112450731893123,1.07314262460901
14.222,0.114495000000306,0.112449065116679,0.933056397144523
14.224,0.114490000000306,0.112448530925331,0.792666616185978
14.226,0.114485000000306,0.112449182121159,0.652894221369003
14.228,0.114480000000306,0.11245103023558,0.514605107060605
14.23,0.114475000000306,0.112454080370935,0.378677940738204
14.232,0.114468000000306,0.112458284016925,0.2458474366331
14.234,0.114461000000306,0.112463586116027,0.116886655935794
14.236,0.114454000000306,0.112469864000233,-0.00760479664515634
14.238,0.114447000000306,0.112476911124542,-0.127551926935819
14.24,0.114440000000306,0.112484593818137,-0.242365331714724
14.242,0.114431000000306,0.112492658974905,-0.352290964808359
14.244,0.114422000000307,0.11250086936808,-0.457633389141169
14.246,0.114413000000307,0.112508965633492,-0.558726525261388
14.248,0.114404000000307,0.112516681988804,-0.656428305794512
14.25,0.114395000000307,0.112523699447111,-0.751571621484367
14.252,0.114384000000307,0.112529828332246,-0.84534159848506
14.254,0.114373000000307,0.112534817165058,-0.938699910821249
14.256,0.114362000000307,0.112538432783828,-1.03272810462273
14.258,0.114351000000307,0.11254069670186,-1.12821291133175
14.26,0.114340000000307,0.112541442458142,-1.22604550353811
14.262,0.114327000000307,0.112540762111317,-1.32670525894588
14.264,0.114314000000307,0.112538723702926,-1.43055552503376
14.266,0.114301000000308,0.112535427396381,-1.5377907201785
14.268,0.114288000000308,0.112531036631765,-1.64827532827669
14.27,0.114275000000308,0.112525698377467,-1.76174615239499
14.272,0.114260000000308,0.11251966051215,-1.87744485096506
14.274,0.114245000000308,0.11251307046009,-1.99476571006747
14.276,0.114230000000308,0.112506182441606,-2.1126277302955
14.278,0.114215000000308,0.112499215094157,-2.22990423130288
14.28,0.114200000000308,0.11249240709873,-2.34537323405843
14.282,0.114183000000308,0.112485994493773,-2.45767948890572
14.284,0.114166000000308,0.112480171490083,-2.5656633461029
14.286,0.114149000000308,0.112475186822796,-2.66762126243951
14.288,0.114132000000309,0.112471215505513,-2.76214619370047
14.29,0.114115000000309,0.112468332990823,-2.84831735255741
14.292,0.114096000000309,0.112466691686568,-2.92433296290943
14.294,0.114077000000309,0.112466264117287,-2.98961736598301
14.296,0.114058000000309,0.11246710932495,-3.04264359475745
14.298,0.114039000000309,0.112469120987725,-3.08331344946327
14.3,0.114020000000309,0.112472267456361,-3.11057670902018
14.302,0.113999000000309,0.112476451877024,-3.12370228488372
14.304,0.113978000000309,0.112481482059531,-3.12322742580426
14.306,0.113957000000309,0.112487219734388,-3.10892608448711
14.308,0.113936000000309,0.11249347814715,-3.08156563828782
14.31,0.113915000000309,0.112500091668348,-3.04120207082542
14.312,0.11389200000031,0.112506855666738,-2.98901672489332
14.314,0.11386900000031,0.112513575454383,-2.92662284739098
14.316,0.11384600000031,0.112520060115823,-2.85493894944271
14.318,0.11382300000031,0.112526152136289,-2.77585115638045
14.32,0.11380000000031,0.112531686721067,-2.69036714593485
14.322,0.11377500000031,0.112536532965725,-2.59992932563694
14.324,0.11375000000031,0.112540539927845,-2.5056988541751
14.326,0.11372500000031,0.112543720697433,-2.40919023382093
14.328,0.11370000000031,0.11254586284837,-2.31121882557901
14.33,0.11367500000031,0.112547096347477,-2.21300190714545
14.332,0.11364800000031,0.11254717908021,-2.11550362782096
14.334,0.113621000000311,0.112546221782036,-2.01943208835858
14.336,0.113594000000311,0.112544053364405,-1.92571563705905
14.338,0.113567000000311,0.112540611460901,-1.83506025180802
14.34,0.113540000000311,0.112535961160526,-1.74767658632534
14.342,0.113511000000311,0.112529996665789,-1.66418563232235
14.344,0.113482000000311,0.112522665563212,-1.58505893048299
14.346,0.113453000000311,0.112513995238348,-1.51055472396795
14.348,0.113424000000311,0.112504125272095,-1.44049369278432
14.35,0.113395000000311,0.112493093537328,-1.37507935441812
14.352,0.113364000000311,0.112481118415472,-1.31371755057177
14.354,0.113333000000311,0.112468255246695,-1.25645979953419
14.356,0.113302000000312,0.112454781672555,-1.20222274349239
14.358,0.113271000000312,0.112440847156363,-1.15038937627192
14.36,0.113240000000312,0.112426649194262,-1.09995796179085
14.362,0.113207000000312,0.112412381176834,-1.04976823097639
14.364,0.113174000000312,0.1123982048816,-0.998650550111203
14.366,0.113141000000312,0.112384253614578,-0.945392240111915
14.368,0.113108000000312,0.112370617840008,-0.888839489040983
14.37,0.113075000000312,0.112357333941736,-0.827982008760849
14.372,0.113040000000312,0.112344372756328,-0.76217029656057
14.374,0.113005000000312,0.112331662812886,-0.690627890661542
14.376,0.112970000000312,0.112319056157215,-0.613296137480578
14.378,0.112935000000313,0.112306365995965,-0.529877311797522
14.38,0.112900000000313,0.112293372846535,-0.440707114506262
14.382,0.112863000000313,0.112279845469449,-0.346215754229658
14.384,0.112826000000313,0.112265510058297,-0.246888367099977
14.386,0.112789000000313,0.112250069653158,-0.143449348019903
14.388,0.112752000000313,0.112233300412096,-0.0370777274262768
14.39,0.112715000000313,0.112214901038872,0.0710271327433655
14.392,0.112676000000313,0.112194677500207,0.179384273619544
14.394,0.112637000000313,0.11217224292684,0.286259973289821
14.396,0.112598000000313,0.112147727254487,0.39049038999689
14.398,0.112559000000313,0.112120675330574,0.490185743728091
14.4,0.112520000000313,0.11209101703025,0.583868632405638
14.402,0.112479000000313,0.112058877119043,0.670684356740597
14.404,0.112438000000314,0.112024243644738,0.749472725283218
14.406,0.112397000000314,0.111987172445404,0.819075897812531
14.408,0.112356000000314,0.111948075056708,0.879660337375819
14.41,0.112315000000314,0.111907182825725,0.930842164265832
14.412,0.112272000000314,0.111864774256256,0.972301018043143
14.414,0.112229000000314,0.111821187621547,1.00393321267114
14.416,0.112186000000314,0.111776833759797,1.02659679948735
14.418,0.112143000000314,0.111732030508095,1.04069393708193
14.42,0.112100000000314,0.111687106199353,1.04667314072771
14.422,0.112055000000314,0.11164235740709,1.04589452782953
14.424,0.112010000000314,0.111598063653127,1.03888149314841
14.426,0.111965000000315,0.111554408272404,1.02699695466171
14.428,0.111920000000315,0.111511604052862,1.01098602891308
14.43,0.111875000000315,0.111469732634001,0.991997569244902
14.432,0.111828000000315,0.1114288801603,0.97082056651621
14.434,0.111781000000315,0.111389048201134,0.948239399261342
14.436,0.111734000000315,0.111350253944444,0.92486147830141
14.438,0.111687000000315,0.111312331563773,0.901263425887626
14.44,0.111640000000315,0.1112751974758,0.877846249942933
14.442,0.111591000000315,0.111238643901757,0.85492602964299
14.444,0.111542000000315,0.11120246533023,0.832767806991709
14.446,0.111493000000315,0.111166422615742,0.811448432847111
14.448,0.111444000000316,0.111130285876667,0.791062296742267
14.45,0.111395000000316,0.111093778293439,0.771561970135674
14.452,0.111344000000316,0.111056671774794,0.752739138066124
14.454,0.111293000000316,0.111018673109351,0.734383751415701
14.456,0.111242000000316,0.110979517735792,0.716178079795463
14.458,0.111191000000316,0.110938965494694,0.697792351610471
14.46,0.111140000000316,0.11089671702195,0.678830924232171
14.462,0.111087000000316,0.110852635727852,0.658909522277218
14.464,0.111034000000316,0.110806501028043,0.637542496629104
14.466,0.110981000000316,0.110758140600267,0.614156475439062
14.468,0.110928000000316,0.110707368937298,0.588037248592829
14.47,0.110875000000317,0.110654003762657,0.558329280666829
14.472,0.110820000000317,0.110598095109444,0.524464251784519
14.474,0.110765000000317,0.110539700433849,0.485992334884419
14.476,0.110710000000317,0.110478647451821,0.441919457083283
14.478,0.110655000000317,0.110415291237642,0.39234260282149
14.48,0.110600000000317,0.11034982664143,0.337087766651043
14.482,0.110543000000317,0.110282560511349,0.276270923432974
14.484,0.110486000000317,0.110213845116767,0.210180677504431
14.486,0.110429000000317,0.110144077554504,0.139374181579795
14.488,0.110372000000317,0.110073593477565,0.064029632401724
14.49,0.110315000000317,0.110002835043514,-0.0147286855706857
14.492,0.110256000000317,0.10993214162663,-0.096543514560216
14.494,0.110197000000318,0.109861878927883,-0.180583790446692
14.496,0.110138000000318,0.109792367162128,-0.266128287105226
14.498,0.110079000000318,0.109723862655851,-0.352490477923533
14.5,0.110020000000318,0.109656581779561,-0.439017234661321
14.502,0.109961000000318,0.109590680613767,-0.525020538096192
14.504,0.109902000000318,0.109526213181641,-0.609855857489205
14.506,0.109843000000318,0.109463287014399,-0.69271296108047
14.508,0.109784000000318,0.109401864389814,-0.772897596060508
14.51,0.109725000000318,0.109341983020113,-0.849547599861565
14.512,0.109668000000318,0.109283663033316,-0.921698256226183
14.514,0.109611000000318,0.109226801663459,-0.988767350095113
14.516,0.109554000000319,0.109171388996171,-1.04984253154718
14.518,0.109497000000319,0.109117357285456,-1.10413864801729
14.52,0.109440000000319,0.109064522821482,-1.15151917455557
14.522,0.109385000000319,0.10901278450566,-1.19136573712798
14.524,0.109330000000319,0.108961970353513,-1.22322394169674
14.526,0.109275000000319,0.108911789391596,-1.24776979685661
14.528,0.109220000000319,0.108862037513135,-1.26479037898728
14.53,0.109165000000319,0.108812432613167,-1.27426630025656
14.532,0.109112000000319,0.108762688795847,-1.27698354053749
14.534,0.109059000000319,0.108712543463376,-1.27338345154671
14.536,0.109006000000319,0.108661767018584,-1.26417330571409
14.538,0.10895300000032,0.10861008383331,-1.24985817245477
14.54,0.10890000000032,0.108557335139297,-1.23145658855351
14.542,0.10884900000032,0.108503438079238,-1.20989930815148
14.544,0.10879800000032,0.108448329813547,-1.18589220664778
14.546,0.10874700000032,0.108392034071657,-1.16014908608676
14.548,0.10869600000032,0.108334682173762,-1.13331360421905
14.55,0.10864500000032,0.108276411019256,-1.10585417863262
14.552,0.10859600000032,0.108217460147221,-1.07816865123567
14.554,0.10854700000032,0.108158092428461,-1.05050932210513
14.556,0.10849800000032,0.108098619306098,-1.02300815549616
14.558,0.10844900000032,0.108039383379931,-0.995622647402257
14.56,0.108400000000321,0.107980719708759,-0.968176871649206
14.562,0.108353000000321,0.107923027598823,-0.940332373547468
14.564,0.108306000000321,0.107866732477773,-0.911547990749739
14.566,0.108259000000321,0.107812158341803,-0.881209476256564
14.568,0.108212000000321,0.107759702791727,-0.84851431040247
14.57,0.108165000000321,0.107709680262032,-0.812644603506213
14.572,0.108120000000321,0.107662133409344,-0.773144686129684
14.574,0.108075000000321,0.107617334898622,-0.729223760478
14.576,0.108030000000321,0.107575070540777,-0.680882618333448
14.578,0.107985000000321,0.107535369295458,-0.627712028240117
14.58,0.107940000000321,0.107498000006709,-0.569763792869185
14.582,0.107897000000322,0.107462699726647,-0.507175383711709
14.584,0.107854000000322,0.107429202682365,-0.440099687294444
14.586,0.107811000000322,0.107397233746415,-0.368703170285712
14.588,0.107768000000322,0.107366478140102,-0.293216400369391
14.59,0.107725000000322,0.107336578499647,-0.214079544581088
14.592,0.107684000000322,0.107307224275493,-0.13158954833252
14.594,0.107643000000322,0.107278067113335,-0.0462207280561326
14.596,0.107602000000322,0.107248782246629,0.04138456914004
14.598,0.107561000000322,0.107218999034958,0.130876854382316
14.6,0.107520000000322,0.107188469629608,0.221455097607055
14.602,0.107481000000322,0.107156867108178,0.312627060554826
14.604,0.107442000000323,0.107123905955532,0.403735009053763
14.606,0.107403000000323,0.107089444926395,0.494131867550809
14.608,0.107364000000323,0.107053286278674,0.583104439447727
14.61,0.107325000000323,0.107015360209799,0.669980081698934
14.612,0.107288000000323,0.106975516337706,0.753882063259169
14.614,0.107251000000323,0.106933725188422,0.834049381098061
14.616,0.107214000000323,0.106890082676635,0.909992854483524
14.618,0.107177000000323,0.106844528318006,0.980812261370125
14.62,0.107140000000323,0.10679727437522,1.04623960403697
14.622,0.107105000000323,0.10674849100949,1.10590974756569
14.624,0.107070000000323,0.106698427337416,1.15971605809491
14.626,0.107035000000323,0.106647359017859,1.20765009384283
14.628,0.107000000000324,0.106595593897535,1.24984694243481
14.63,0.106965000000324,0.106543460545372,1.28645046741651
14.632,0.106932000000324,0.106491326631213,1.31798010526878
14.634,0.106899000000324,0.106439542268834,1.34490206021078
14.636,0.106866000000324,0.106388443775936,1.36762354920469
14.638,0.106833000000324,0.106338367532645,1.38656014377366
14.64,0.106800000000324,0.106289614049775,1.4021347059126
14.642,0.106769000000324,0.106242428849226,1.41477085890399
14.644,0.106738000000324,0.106197062450711,1.42484540954002
14.646,0.106707000000324,0.106153730326452,1.43282878863454
14.648,0.106676000000325,0.106112636014935,1.43927395047161
14.65,0.106645000000325,0.10607395192037,1.44482569561048
14.652,0.106616000000325,0.106037730392934,1.45020639429485
14.654,0.106587000000325,0.10600408086964,1.45606458125325
14.656,0.106558000000325,0.105972953738944,1.46296631646505
14.658,0.106529000000325,0.105944282592414,1.47136649453814
14.66,0.106500000000325,0.105917815022285,1.4814946544904
14.662,0.106473000000325,0.105893424814091,1.49358278059865
14.664,0.106446000000325,0.105870749381358,1.50753947019219
14.666,0.106419000000325,0.10584950034098,1.52321744754699
14.668,0.106392000000325,0.105829383689104,1.540352158394
14.67,0.106365000000326,0.105810062613619,1.5584937302166
14.672,0.106340000000326,0.105791172541378,1.57705563829994
14.674,0.106315000000326,0.105772438367522,1.59547130592653
14.676,0.106290000000326,0.105753518477706,1.61298211094615
14.678,0.106265000000326,0.105734163300848,1.62903234998779
14.68,0.106240000000326,0.105714089559484,1.64286202823994
14.682,0.106217000000326,0.105693059081331,1.65376048566498
14.684,0.106194000000326,0.10567096702982,1.661316276099
14.686,0.106171000000326,0.105647656884458,1.66485294917951
14.688,0.106148000000326,0.10562299455622,1.66363389266333
14.69,0.106125000000326,0.105596900016661,1.65698892220513
14.692,0.106104000000326,0.105569284337036,1.64406793341654
14.694,0.106083000000327,0.105540210742723,1.62457444556474
14.696,0.106062000000327,0.105509624132951,1.59756281304527
14.698,0.106041000000327,0.105477659313743,1.56285118875251
14.7,0.106020000000327,0.105444399076336,1.51985497615603
14.702,0.106001000000327,0.105410024653978,1.46839135776265
14.704,0.105982000000327,0.105374800544986,1.40887276834092
14.706,0.105963000000327,0.105338957641308,1.34120902849704
14.708,0.105944000000327,0.105302821873162,1.26631547831825
14.71,0.105925000000327,0.105266713304787,1.18446704238245
14.712,0.105908000000327,0.105230979646396,1.09697912505538
14.714,0.105891000000328,0.105196017486858,1.00474652507242
14.716,0.105874000000328,0.105162194445098,0.909336991083023
14.718,0.105857000000328,0.105129836301074,0.812265228701699
14.72,0.105840000000328,0.105099355084201,0.714989036721254
14.722,0.105825000000328,0.10507098564416,0.61902887843651
14.724,0.105810000000328,0.105044944728811,0.525770931305075
14.726,0.105795000000328,0.105021377977103,0.436444243980899
14.728,0.105780000000328,0.105000382283776,0.35221293006534
14.73,0.105765000000328,0.104981982571377,0.274052019501892
14.732,0.105752000000328,0.104966233994897,0.203113960232827
14.734,0.105739000000328,0.10495284406234,0.139575387853932
14.736,0.105726000000329,0.104941646352749,0.0838234836357922
14.738,0.105713000000329,0.104932532246423,0.0365418573194283
14.74,0.105700000000329,0.104925194279682,-0.00235627523387685
14.742,0.105688000000329,0.104919272655575,-0.0335058986439579
14.744,0.105676000000329,0.104914523005991,-0.0571139656838311
14.746,0.105664000000329,0.10491065775635,-0.0737250132162482
14.748,0.105652000000329,0.104907351761163,-0.0843040023579415
14.75,0.105640000000329,0.104904303218881,-0.0899367655929739
14.752,0.105628000000329,0.104901190750406,-0.0918048777661881
14.754,0.105616000000329,0.104897729295754,-0.0912915822497436
14.756,0.105604000000329,0.104893629918576,-0.0896295042678403
14.758,0.10559200000033,0.10488861146737,-0.0882254521514691
14.76,0.10558000000033,0.104882489951014,-0.0883310827975967
14.762,0.10556700000033,0.10487505766703,-0.0911546740722783
14.764,0.10555400000033,0.104866189902211,-0.0977253981720765
14.766,0.10554100000033,0.104855667629545,-0.109344505232325
14.768,0.10552800000033,0.104843603935948,-0.126283267238195
14.77,0.10551500000033,0.104829880959211,-0.149580163096318
14.772,0.10550000000033,0.104814706915578,-0.179045377852337
14.774,0.10548500000033,0.104798211677816,-0.214767427132005
14.776,0.10547000000033,0.104780569603905,-0.256672962351206
14.778,0.10545500000033,0.104761997268676,-0.304519213745027
14.78,0.105440000000331,0.104742747281972,-0.357914918261942
14.782,0.105424000000331,0.104723086568928,-0.416120043449281
14.784,0.105408000000331,0.104703237549652,-0.478537381143927
14.786,0.105392000000331,0.104683435291817,-0.544601673357207
14.788,0.105376000000331,0.10466390233378,-0.613248830289073
14.79,0.105360000000331,0.104644845477843,-0.683546088544816
14.792,0.105344000000331,0.104626426764231,-0.754405362612324
14.794,0.105328000000331,0.104608828017237,-0.824677992334628
14.796,0.105312000000331,0.104592126597889,-0.893287744568903
14.798,0.105296000000331,0.104576450555455,-0.959093318698323
14.8,0.105280000000332,0.104561876984727,-1.0210418278046
14.802,0.105264000000332,0.104548536496295,-1.07782507617754
14.804,0.105248000000332,0.104536501419012,-1.1283777998252
14.806,0.105232000000332,0.104525851804865,-1.17164590502259
14.808,0.105216000000332,0.104516671434462,-1.20657329570933
14.81,0.105200000000332,0.104508922892857,-1.23278879882975
14.812,0.105184000000332,0.104502603787328,-1.24966438691209
14.814,0.105168000000332,0.104497630814458,-1.25692491280446
14.816,0.105152000000332,0.104493861982023,-1.25451158876581
14.818,0.105136000000332,0.104491131765565,-1.2421456279151
14.82,0.105120000000332,0.104489082302387,-1.22144749661253
14.822,0.105104000000333,0.104487529710272,-1.1918293457475
14.824,0.105088000000333,0.104486124134106,-1.15460053409314
14.826,0.105072000000333,0.104484542091959,-1.11062406751706
14.828,0.105056000000333,0.104482500279338,-1.06139981783265
14.83,0.105040000000333,0.104479697491753,-1.00782274401435
14.832,0.105024000000333,0.104475910878117,-0.95134286070732
14.834,0.105008000000333,0.104470948110978,-0.893157505364534
14.836,0.104992000000333,0.104464581017009,-0.834486215089434
14.838,0.104976000000333,0.104456847466453,-0.776367643329821
14.84,0.104960000000333,0.104447538691899,-0.719887824316947
14.842,0.104944000000333,0.10443669263296,-0.665930588766766
14.844,0.104928000000334,0.104424443184286,-0.615063696752694
14.846,0.104912000000334,0.10441092466789,-0.56771969795721
14.848,0.104896000000334,0.104396287740461,-0.524218854038546
14.85,0.104880000000334,0.10438073652623,-0.484706780904165
14.852,0.104864000000334,0.104364561343982,-0.448877599856082
14.854,0.104848000000334,0.104348029012904,-0.416490958855228
14.856,0.104832000000334,0.10433144523016,-0.387116661482654
14.858,0.104816000000334,0.104315144092043,-0.360181271477464
14.86,0.104800000000334,0.104299451982538,-0.334991702834473
14.862,0.104784000000334,0.104284656853692,-0.310823463381339
14.864,0.104768000000335,0.10427106776088,-0.286923326953101
14.866,0.104752000000335,0.104258906864621,-0.262465133746984
14.868,0.104736000000335,0.104248340088629,-0.236729616172599
14.87,0.104720000000335,0.104239435482824,-0.20913365760744
14.872,0.104704000000335,0.104232357537561,-0.178960744183271
14.874,0.104688000000335,0.104226948551374,-0.145979746177879
14.876,0.104672000000335,0.104223226690365,-0.109683050267643
14.878,0.104656000000335,0.104220986224525,-0.0699731178896321
14.88,0.104640000000335,0.104220144993023,-0.0264491261148122
14.882,0.104624000000335,0.104220449882007,0.0208906179541983
14.884,0.104608000000336,0.10422163816351,0.0718795831580853
14.886,0.104592000000336,0.104223482777077,0.12651041846508
14.888,0.104576000000336,0.10422568662246,0.184512441233925
14.89,0.104560000000336,0.104227932694325,0.245331883658208
14.892,0.104544000000336,0.104229921481321,0.308459932677959
14.894,0.104528000000336,0.104231269308489,0.373332401278938
14.896,0.104512000000336,0.104231748755758,0.439025892249873
14.898,0.104496000000336,0.104231003125987,0.504824558898677
14.9,0.104480000000336,0.104228714162895,0.569718574548692
14.902,0.104464000000336,0.104224729599213,0.63278337333135
14.904,0.104448000000336,0.104218865635146,0.693072350997237
14.906,0.104432000000337,0.10421085197906,0.749360569577308
14.908,0.104416000000337,0.104200713007051,0.800958532897531
14.91,0.104400000000337,0.104188382221503,0.847048678039161
14.912,0.104384000000337,0.104173795379124,0.886748359644019
14.914,0.104368000000337,0.104157115740869,0.919786388580158
14.916,0.104352000000337,0.10413839382023,0.945494651931142
14.918,0.104336000000337,0.104117969827529,0.964220924464316
14.92,0.104320000000337,0.104096019904078,0.975673803162137
14.922,0.104304000000337,0.104072851303761,0.980102327393408
14.924,0.104288000000337,0.104048764155579,0.977609995183546
14.926,0.104272000000338,0.10402412781466,0.968977910156805
14.928,0.104256000000338,0.103999259302587,0.954495572592815
14.93,0.104240000000338,0.103974522370218,0.934775748869024
14.932,0.104224000000338,0.103950251993606,0.910466705874302
14.934,0.104208000000338,0.103926725783047,0.88238224731125
14.936,0.104192000000338,0.103904270646536,0.851109602266879
14.938,0.104176000000338,0.103883033102204,0.817681688636612
14.94,0.104160000000338,0.103863215064209,0.782867094115131
14.942,0.104144000000338,0.1038449975665,0.747547034184781
14.944,0.104128000000338,0.103828573736287,0.712697598646733
14.946,0.104112000000339,0.103813972230318,0.67916769250579
14.948,0.104096000000339,0.10380125645714,0.647701485865153
14.95,0.104080000000339,0.103790491234713,0.619020076479299
14.952,0.104064000000339,0.10378155629472,0.593530120595228
14.954,0.104048000000339,0.10377435039141,0.571584050000674
14.956,0.104032000000339,0.103768624595233,0.553133661383171
14.958,0.104016000000339,0.103764255748969,0.538373346990494
14.96,0.104000000000339,0.103760971186855,0.527076823215143
14.962,0.103984000000339,0.103758484565277,0.518865849018829
14.964,0.103968000000339,0.103756529198675,0.513382160331069
14.966,0.10395200000034,0.103754816704405,0.51011409551853
14.968,0.10393600000034,0.10375303716489,0.508640514653051
14.97,0.10392000000034,0.103750911795643,0.508276139082462
14.972,0.10390400000034,0.103748145408605,0.508510885986455
14.974,0.10388800000034,0.103744449184451,0.508727945623536
14.976,0.10387200000034,0.103739632769497,0.508309470553371
14.978,0.10385600000034,0.103733483106668,0.506588315397637
14.98,0.10384000000034,0.10372582405184,0.502837931598635
14.982,0.10382500000034,0.103716363328127,0.495990335359114
14.984,0.10381000000034,0.103705169394691,0.485561112871025
14.986,0.10379500000034,0.103692004708282,0.470442982482014
14.988,0.103780000000341,0.10367680833562,0.449804100199373
14.99,0.103765000000341,0.103659637504013,0.423098113435103
14.992,0.103752000000341,0.103640616808976,0.390056719650073
14.994,0.103739000000341,0.1036198847294,0.350518077880394
14.996,0.103726000000341,0.103597554630254,0.304181342941996
14.998,0.103713000000341,0.103573913615276,0.251503594111684
15,0.103700000000341,0.103549262326492,0.193085604926762
15.002,0.103690000000341,0.103523876219964,0.129358555586177
15.004,0.103680000000341,0.103498132070562,0.0612754452081909
15.006,0.103670000000342,0.10347238719884,-0.0100248910242907
15.008,0.103660000000342,0.103447002931771,-0.0835889603764869
15.01,0.103650000000342,0.1034223322094,-0.15817063356279
15.012,0.103644000000342,0.103398742165195,-0.232435687303871
15.014,0.103638000000342,0.103376536379108,-0.305097381790815
15.016,0.103632000000342,0.103355979955295,-0.374919186942702
15.018,0.103626000000342,0.103337345923562,-0.440578901898082
15.02,0.103620000000342,0.103320731683587,-0.501148521345321
15.022,0.103617000000342,0.10330629929354,-0.555542130413849
15.024,0.103614000000342,0.103294193703001,-0.602666843999364
15.026,0.103611000000343,0.103284617559257,-0.641141041401551
15.028,0.103608000000343,0.103277440111023,-0.67079379188
15.03,0.103605000000343,0.103272851065965,-0.690324839299268
15.032,0.103604000000343,0.103270879175344,-0.698979590826454
15.034,0.103603000000343,0.103271317954534,-0.697064643908832
15.036,0.103602000000343,0.103274240084089,-0.683656068149322
15.038,0.103601000000343,0.103279349183257,-0.659528728213805
15.04,0.103600000000343,0.103286561596652,-0.624458188947757
15.042,0.103600000000343,0.103295566935619,-0.579396854044963
15.044,0.103600000000343,0.103305982732628,-0.525841337636165
15.046,0.103600000000344,0.103317619024804,-0.464123330959852
15.048,0.103600000000344,0.103330018266597,-0.396330410852242
15.05,0.103600000000344,0.103342858246805,-0.323601479027463
15.052,0.103600000000344,0.103355708665891,-0.247765811474394
15.054,0.103600000000344,0.103368232144125,-0.170649002994722
15.056,0.103600000000344,0.103380047639536,-0.0937785731810365
15.058,0.103600000000344,0.103390834943107,-0.0188526578907812
15.06,0.103600000000344,0.103400342278975,0.0526612729246985
15.062,0.103600000000344,0.103408347470266,0.119424528028216
15.064,0.103600000000344,0.10341457880617,0.179863224477147
15.066,0.103600000000345,0.103419082069937,0.23358747991724
15.068,0.103600000000345,0.103421671618649,0.279395354021721
15.07,0.103600000000345,0.103422244269083,0.316313226643955
15.072,0.103600000000345,0.103420924173858,0.344322571104469
15.074,0.103600000000345,0.103417795963129,0.363237295162338
15.076,0.103600000000345,0.10341296204634,0.372890866750359
15.078,0.103600000000345,0.103406588860358,0.373439827303794
15.08,0.103600000000345,0.103398902178332,0.365474483049768
15.082,0.103600000000345,0.103390093531729,0.349414275761681
15.084,0.103600000000345,0.103380450639051,0.326433259948662
15.086,0.103600000000346,0.103370192711379,0.297119982834252
15.088,0.103600000000346,0.103359653466072,0.2630650557789
15.09,0.103600000000346,0.103349133995293,0.225516970467841
15.092,0.103600000000346,0.103338943988619,0.185933631576591
15.094,0.103600000000346,0.103329371583054,0.14576994339394
15.096,0.103600000000346,0.103320727746866,0.10651215056735
15.098,0.103600000000346,0.103313210147899,0.0694555932904676
15.1,0.103600000000346,0.103307070809569,0.0359476130060218
15.102,0.103600000000346,0.10330255274148,0.00738232998592638
15.104,0.103600000000346,0.103299705048295,-0.0155516955112653
15.106,0.103600000000347,0.103298784176691,-0.0314983076551288
15.108,0.103600000000347,0.103299718671206,-0.0403014601855909
15.11,0.103600000000347,0.103302567281492,-0.0413371664164169
15.112,0.103600000000347,0.103307237650747,-0.0345365660781679
15.114,0.103600000000347,0.103313605066545,-0.0199491843073468
15.116,0.103600000000347,0.103321530384906,0.00239148856183915
15.118,0.103600000000347,0.103330728818895,0.0317195474400926
15.12,0.103600000000347,0.103340973453201,0.0675120368974156
15.122,0.103600000000347,0.103351983138447,0.108852675179831
15.124,0.103600000000347,0.103363493508691,0.155021082768217
15.126,0.103600000000348,0.103375165060727,0.20464213130693
15.128,0.103600000000348,0.103386697282319,0.256434753513949
15.13,0.103600000000348,0.103397816529536,0.309165903778415
15.132,0.103600000000348,0.10340822393927,0.361542176861318
15.134,0.103600000000348,0.103417677662822,0.412238325845922
15.136,0.103600000000348,0.103425957037181,0.460009948263143
15.138,0.103600000000348,0.103432846743882,0.503593943292849
15.14,0.103600000000348,0.103438134629851,0.541675932582134
15.142,0.103600000000348,0.103441728473654,0.573362779605975
15.144,0.103600000000349,0.103443562575165,0.597923025881251
15.146,0.103600000000349,0.103443559253748,0.614526993264759
15.148,0.103600000000349,0.103441695442318,0.622471807882095
15.15,0.103600000000349,0.103438205507489,0.622241871975357
15.152,0.103600000000349,0.103433166816723,0.613464464619449
15.154,0.103600000000349,0.103426887378732,0.596929075102639
15.156,0.103600000000349,0.103419577825986,0.572631845238477
15.158,0.103600000000349,0.103411629640675,0.541979016137248
15.16,0.103600000000349,0.103403319503703,0.505356510628459
15.162,0.10360000000035,0.103395018765151,0.463848907535987
15.164,0.10360000000035,0.103387048321347,0.418794679125403
15.166,0.10360000000035,0.103379704186717,0.371266752042791
15.168,0.10360000000035,0.103373282000108,0.322411332974951
15.17,0.10360000000035,0.103367989885953,0.273467109508428
15.172,0.10360000000035,0.103364012278168,0.225534974055081
15.174,0.10360000000035,0.103361599897326,0.17988323314964
15.176,0.10360000000035,0.103360731276479,0.137274367672505
15.178,0.10360000000035,0.103361607716674,0.098840161197591
15.18,0.10360000000035,0.103364252078326,0.0653831325715923
15.182,0.103600000000351,0.103368562736755,0.0372558055846508
15.184,0.103600000000351,0.103374482894858,0.014876079116172
15.186,0.103600000000351,0.103381925768546,-0.00141511552091742
15.188,0.103600000000351,0.103390628335665,-0.0120366729951649
15.19,0.103600000000351,0.103400433007106,-0.0169733568847059
15.192,0.103600000000351,0.103411063460727,-0.0167628793581211
15.194,0.103600000000351,0.103422252174697,-0.0118720723156503
15.196,0.103600000000351,0.103433686323192,-0.00297664264548581
15.198,0.103600000000351,0.103445036025,0.00907151030793275
15.2,0.103600000000351,0.103456008490277,0.023323959955042
15.202,0.103600000000352,0.103466277722884,0.0389171942971819
15.204,0.103600000000352,0.103475529584649,0.0547649147608049
15.206,0.103600000000352,0.10348357390815,0.0698791936064855
15.208,0.103600000000352,0.103490102023638,0.0831890626352549
15.21,0.103600000000352,0.103495024507111,0.0938660095496137
15.212,0.103600000000352,0.103498169635194,0.101029882112507
15.214,0.103600000000352,0.10349942026316,0.103836637390488
15.216,0.103600000000352,0.103498743302515,0.101568889966739
15.218,0.103600000000352,0.103496304122896,0.0940894331900274
15.22,0.103600000000353,0.103492156008836,0.0809706614266771
15.222,0.103599000000353,0.103486447918028,0.0620846210138119
15.224,0.103598000000353,0.103479346007329,0.0373901028743484
15.226,0.103597000000353,0.103471121943902,0.00734853078129802
15.228,0.103596000000353,0.103461967613609,-0.0278834815508412
15.23,0.103595000000353,0.103452155395159,-0.0677949801234327
15.232,0.103592000000353,0.103441987431709,-0.111717389934411
15.234,0.103589000000353,0.103431784724998,-0.158697647245518
15.236,0.103586000000353,0.103421840759426,-0.207833595115401
15.238,0.103583000000354,0.103412473796096,-0.258117305073382
15.24,0.103580000000354,0.103403931276779,-0.308444577758035
15.242,0.103574000000354,0.103396498974819,-0.357740948680681
15.244,0.103568000000354,0.103390398125567,-0.404929127733196
15.246,0.103562000000354,0.103385774148187,-0.449089218710118
15.248,0.103556000000354,0.103382757336542,-0.489397738387321
15.25,0.103550000000354,0.103381475999194,-0.524972635000339
15.252,0.103540000000354,0.103381859204893,-0.555449394489224
15.254,0.103530000000354,0.103383820346575,-0.58051864711873
15.256,0.103520000000354,0.103387252463606,-0.599914815408332
15.258,0.103510000000355,0.103391959263352,-0.613683605012697
15.26,0.103500000000355,0.103397737418026,-0.621900917547935
15.262,0.103487000000355,0.103404345459834,-0.624794611277945
15.264,0.103474000000355,0.103411509163945,-0.622794451762494
15.266,0.103461000000355,0.103418945446669,-0.616441652249062
15.268,0.103448000000355,0.103426359097439,-0.606192896956576
15.27,0.103435000000355,0.10343340501178,-0.592757882833658
15.272,0.103420000000355,0.103439830454677,-0.577192425748052
15.274,0.103405000000355,0.103445253001415,-0.560149674226052
15.276,0.103390000000356,0.103449403488858,-0.542724502869049
15.278,0.103375000000356,0.103452005445313,-0.525925324613671
15.28,0.103360000000356,0.103452847662992,-0.510763078244955
15.282,0.103344000000356,0.103451676874346,-0.49831278760032
15.284,0.103328000000356,0.103448355156999,-0.489490257844959
15.286,0.103312000000356,0.103442592784306,-0.485462299496343
15.288,0.103296000000356,0.103434268038412,-0.48708906868172
15.29,0.103280000000356,0.103423480661269,-0.494651039079496
15.292,0.103264000000356,0.103410142209596,-0.508780821920597
15.294,0.103248000000357,0.103394400716805,-0.529465212492855
15.296,0.103232000000357,0.103376433008921,-0.55652571221595
15.298,0.103216000000357,0.103356353116352,-0.589922169408464
15.3,0.103200000000357,0.103334440363687,-0.629083689922596
15.302,0.103184000000357,0.10331090358977,-0.67365772458145
15.304,0.103168000000357,0.103286198122288,-0.722381424950793
15.306,0.103152000000357,0.103260442935693,-0.775113071101675
15.308,0.103136000000357,0.103233995729865,-0.830791941491127
15.31,0.103120000000357,0.103207155873236,-0.888480232978587
15.312,0.103104000000358,0.103180243271683,-0.947041646577378
15.314,0.103088000000358,0.10315354759994,-1.00535412116472
15.316,0.103072000000358,0.103127352762891,-1.06221538797141
15.318,0.103056000000358,0.103101945182894,-1.11628576467541
15.32,0.103040000000358,0.103077538730767,-1.16642221254552
15.322,0.103024000000358,0.10305431916733,-1.21156609932871
15.324,0.103008000000358,0.103032586292271,-1.25012087289992
15.326,0.102992000000358,0.103012511539604,-1.28102747917503
15.328,0.102976000000358,0.10299433155342,-1.30294797771274
15.33,0.102960000000358,0.102978143707241,-1.31521508190521
15.332,0.102944000000359,0.102964196977012,-1.31638950606517
15.334,0.102928000000359,0.102952377308695,-1.30677905090551
15.336,0.102912000000359,0.102942838640512,-1.28521158892009
15.338,0.102896000000359,0.102935315847327,-1.25257806785392
15.34,0.102880000000359,0.102929678718006,-1.20899755267105
15.342,0.102864000000359,0.102925681345575,-1.15516697111175
15.344,0.102848000000359,0.102923038952791,-1.09200236361973
15.346,0.102832000000359,0.10292141099893,-1.02077669257518
15.348,0.10281600000036,0.1029204514179,-0.943015185693227
15.35,0.10280000000036,0.102919844953433,-0.859581583776141
15.352,0.10278400000036,0.102919201530254,-0.772553495398365
15.354,0.10276800000036,0.102918208005637,-0.683272042936722
15.356,0.10275200000036,0.102916532976029,-0.593141940366567
15.358,0.10273600000036,0.102913883080803,-0.503642030512401
15.36,0.10272000000036,0.102910056458851,-0.416006808570568
15.362,0.10270400000036,0.102904851563387,-0.331368138684366
15.364,0.10268800000036,0.102898010848691,-0.251026079926562
15.366,0.102672000000361,0.10288936400081,-0.176088467838515
15.368,0.102656000000361,0.102878793641143,-0.107437642186342
15.37,0.102640000000361,0.10286632296919,-0.0453815229161059
15.372,0.102624000000361,0.102851716427836,0.00882057695266486
15.374,0.102608000000361,0.10283504568081,0.0550093476593826
15.376,0.102592000000361,0.102816314618743,0.0927329324865843
15.378,0.102576000000361,0.102795748315836,0.122456655233299
15.38,0.102560000000361,0.102773473691509,0.14424928326496
15.382,0.102544000000361,0.102749746650666,0.15878778806921
15.384,0.102528000000362,0.102724771331769,0.166433924096888
15.386,0.102512000000362,0.102698927012094,0.168452187154088
15.388,0.102496000000362,0.102672581440314,0.166106741607989
15.39,0.102480000000362,0.102646103698975,0.160706705382692
15.392,0.102464000000362,0.102619855157585,0.153634667422165
15.394,0.102448000000362,0.102594199768245,0.146247934124871
15.396,0.102432000000362,0.1025694044284,0.139844924859417
15.398,0.102416000000362,0.102545846898367,0.135839673376666
15.4,0.102400000000362,0.10252359805489,0.135005893286165
15.402,0.102384000000363,0.102503011183158,0.138768952725324
15.404,0.102368000000363,0.102484115667716,0.147697624726043
15.406,0.102352000000363,0.102467000246623,0.162492087780082
15.408,0.102336000000363,0.102451645296571,0.183480734633976
15.41,0.102320000000363,0.102437979586281,0.210787767031354
15.412,0.102304000000363,0.10242588292376,0.244327746590499
15.414,0.102288000000363,0.102415163404698,0.283704281239504
15.416,0.102272000000363,0.102405662690383,0.328669934961355
15.418,0.102256000000363,0.102397133684769,0.378561862025017
15.42,0.102240000000364,0.102389276609011,0.432370756813669
15.422,0.102224000000364,0.102381828896769,0.489295907938662
15.424,0.102208000000364,0.102374438197047,0.548044325610465
15.426,0.102192000000364,0.102366776572443,0.607300404244366
15.428,0.102176000000364,0.102358523413003,0.665757532760926
15.43,0.102160000000364,0.102349344976114,0.722011172280278
15.432,0.102144000000364,0.102338972820074,0.774784569441707
15.434,0.102128000000364,0.102327167897892,0.822895777936871
15.436,0.102112000000364,0.102313719210381,0.865235258453924
15.438,0.102096000000365,0.102298371584626,0.900489536997352
15.44,0.102080000000365,0.102281095356691,0.928148243887538
15.442,0.102064000000365,0.102261782452887,0.947325173525386
15.444,0.102048000000365,0.102240594501911,0.958246001533158
15.446,0.102032000000365,0.102217538004108,0.96042046762606
15.448,0.102016000000365,0.102192765793341,0.953919311570438
15.45,0.102000000000365,0.102166509936585,0.939183951760447
15.452,0.101984000000365,0.102139024835794,0.916806642188763
15.454,0.101968000000366,0.102110494858731,0.886746741383888
15.456,0.101952000000366,0.10208128237515,0.850411630071521
15.458,0.101936000000366,0.102051620120515,0.808065587166042
15.46,0.101920000000366,0.102021827101324,0.760884465728136
15.462,0.101905000000366,0.101992184906833,0.709781683411419
15.464,0.101890000000366,0.101962974327718,0.655866010085795
15.466,0.101875000000366,0.101934432530923,0.600302429731843
15.468,0.101860000000366,0.101906806730983,0.544144339523686
15.47,0.101845000000366,0.101880309543576,0.488497608493962
15.472,0.101832000000367,0.101855223652697,0.434574655345698
15.474,0.101819000000367,0.101831763546313,0.383531973765727
15.476,0.101806000000367,0.101809957593216,0.336047807824225
15.478,0.101793000000367,0.101790055009487,0.29324550051992
15.48,0.101780000000367,0.101772088434332,0.255750754171826
15.482,0.101770000000367,0.101755993557053,0.223838835771611
15.484,0.101760000000367,0.101741743777611,0.197867152928438
15.486,0.101750000000367,0.101729141957467,0.177622498736327
15.488,0.101740000000367,0.101718009459449,0.162910549197459
15.49,0.101730000000368,0.10170810703573,0.1533006091295
15.492,0.101724000000368,0.10169920754633,0.148442884745065
15.494,0.101718000000368,0.101691041624546,0.147819106188313
15.496,0.101712000000368,0.101683312960255,0.150625833339017
15.498,0.101706000000368,0.101675796468235,0.156440071455275
15.5,0.101700000000368,0.101668247306371,0.164543165485668
15.502,0.101697000000368,0.101660448104045,0.17427022565638
15.504,0.101694000000368,0.101652199688523,0.184844881204504
15.506,0.101691000000368,0.101643321945997,0.195534123522815
15.508,0.101688000000369,0.101633753483278,0.205730921252296
15.51,0.101685000000369,0.101623387497398,0.214861852560302
15.512,0.101684000000369,0.101612171984066,0.222374159337121
15.514,0.101683000000369,0.101600197987184,0.228044123804639
15.516,0.101682000000369,0.101587531262049,0.23165394508828
15.518,0.101681000000369,0.101574238002217,0.232926477180199
15.52,0.101680000000369,0.101560488001879,0.231961676595868
15.522,0.101680000000369,0.101546440664467,0.228842654586383
15.524,0.10168000000037,0.101532291438738,0.223857832581465
15.526,0.10168000000037,0.101518273970108,0.217279730533103
15.528,0.10168000000037,0.101504644560897,0.209699880112084
15.53,0.10168000000037,0.101491635136456,0.201621410295249
15.532,0.10168000000037,0.10147951187395,0.193539972446409
15.534,0.10168000000037,0.101468483453482,0.18594327083604
15.536,0.10168000000037,0.101458702235506,0.179239021244125
15.538,0.10168000000037,0.101450444033478,0.173969876319078
15.54,0.10168000000037,0.10144374963462,0.170464039715666
15.542,0.101680000000371,0.101438838422633,0.169250746406345
15.544,0.101680000000371,0.101435643931757,0.170485174506385
15.546,0.101680000000371,0.101434198612809,0.174433142950207
15.548,0.101680000000371,0.101434516374607,0.181362317147321
15.55,0.101680000000371,0.10143643039874,0.19123681321226
15.552,0.101680000000371,0.101439806512188,0.204059904219351
15.554,0.101680000000371,0.101444493954656,0.219796338926577
15.556,0.101680000000371,0.101450307949793,0.238333045569798
15.558,0.101680000000372,0.101457023458906,0.259419746395512
15.56,0.101680000000372,0.101464431402922,0.282806431939278
15.562,0.101680000000372,0.101472273081819,0.308045061839282
15.564,0.101680000000372,0.101480294563685,0.334668949233265
15.566,0.101680000000372,0.101488217175113,0.362076491139219
15.568,0.101680000000372,0.101495775538894,0.389638136980559
15.57,0.101680000000372,0.101502717536622,0.416702949761754
15.572,0.101680000000372,0.101508833555079,0.442632724682055
15.574,0.101680000000373,0.101513855108196,0.46664708348943
15.576,0.101680000000373,0.101517546218691,0.487912381998353
15.578,0.101680000000373,0.101519784206203,0.505828649608048
15.58,0.101680000000373,0.101520414150581,0.519741651446985
15.582,0.101680000000373,0.101519171672402,0.528652686803036
15.584,0.101680000000373,0.101516156811099,0.532525245765351
15.586,0.101680000000373,0.101511351344137,0.531020936831514
15.588,0.101680000000373,0.10150477329718,0.523863227474734
15.59,0.101680000000373,0.101496512064592,0.510955091038613
15.592,0.101680000000374,0.101486746479715,0.492474247902954
15.594,0.101680000000374,0.101475614781614,0.468435278226921
15.596,0.101680000000374,0.101463350410868,0.439212488409421
15.598,0.101680000000374,0.101450189584115,0.405249153001883
15.6,0.101680000000374,0.101436313644517,0.366537979668865
15.602,0.101680000000374,0.101422077293815,0.324520070871834
15.604,0.101680000000374,0.101407642284253,0.278947843591238
15.606,0.101680000000374,0.101393297705024,0.230754103680364
15.608,0.101680000000374,0.101379274254327,0.180705111093893
15.61,0.101680000000375,0.101365811002215,0.129527471136435
15.612,0.101680000000375,0.101353140554576,0.0781051220129498
15.614,0.101680000000375,0.101341457312667,0.0273446794307917
15.616,0.101680000000375,0.101330971777509,-0.0217966025171974
15.618,0.101680000000375,0.101321902386822,-0.068308195167701
15.62,0.101680000000375,0.101314452401497,-0.111181762321135
15.622,0.101680000000375,0.101308807631358,-0.149469969860924
15.624,0.101680000000375,0.101305067202327,-0.182476902296381
15.626,0.101680000000376,0.101303428145106,-0.209208162825947
15.628,0.101680000000376,0.101303760702435,-0.22967898249363
15.63,0.101680000000376,0.101306117340012,-0.243361049512096
15.632,0.101680000000376,0.101310333266146,-0.250461374026767
15.634,0.101680000000376,0.101316351506376,-0.25079003523772
15.636,0.101680000000376,0.101323855877754,-0.245151380494078
15.638,0.101680000000376,0.101332670015629,-0.233821909000499
15.64,0.101680000000376,0.101342523806217,-0.217467798563371
15.642,0.101680000000377,0.101353184720033,-0.19651323596365
15.644,0.101680000000377,0.101364316501067,-0.171971244256844
15.646,0.101680000000377,0.101375646049925,-0.144508406276264
15.648,0.101680000000377,0.101386888557065,-0.115059538674341
15.65,0.101680000000377,0.101397758561788,-0.0844820099671372
15.652,0.101680000000377,0.101408034007199,-0.0537192731515082
15.654,0.101680000000377,0.101417473911924,-0.0236661201532846
15.656,0.101680000000377,0.101425821825034,0.00466554136438092
15.658,0.101680000000378,0.101432892895554,0.0303599822534347
15.66,0.101680000000378,0.101438423539876,0.0522970886290731
15.662,0.101680000000378,0.10144232941035,0.0698279048343151
15.664,0.101680000000378,0.101444391608737,0.0819387414586354
15.666,0.101680000000378,0.101444473590628,0.087831785371596
15.668,0.101680000000378,0.101442666769768,0.0874670478193188
15.67,0.101680000000378,0.101438995331941,0.0806544795032282
15.672,0.101680000000378,0.101433449067817,0.067067136800094
15.674,0.101680000000378,0.101426225698866,0.0471314199689613
15.676,0.101680000000379,0.101417536798388,0.0213534742525165
15.678,0.101680000000379,0.101407603708492,-0.00974720381065988
15.68,0.101680000000379,0.10139678670587,-0.0449790946759231
15.682,0.101680000000379,0.101385301298959,-0.0838554389109141
15.684,0.101680000000379,0.101373533292027,-0.125065917553376
15.686,0.101680000000379,0.101361816610033,-0.167441717262134
15.688,0.101680000000379,0.101350469356314,-0.20982626891859
15.69,0.101680000000379,0.101339805560078,-0.251027896536998
15.692,0.10168000000038,0.101330083149824,-0.289959810899312
15.694,0.10168000000038,0.101321524903427,-0.325626213593967
15.696,0.10168000000038,0.101314438530458,-0.356740579751391
15.698,0.10168000000038,0.101308900549675,-0.382728853214515
15.7,0.10168000000038,0.101305151474029,-0.402492526685052
15.702,0.10167900000038,0.101303344491527,-0.415163275296429
15.704,0.10167800000038,0.101303450759087,-0.420558555590864
15.706,0.10167700000038,0.101305563825111,-0.418024667949902
15.708,0.101676000000381,0.101309585791276,-0.407651280155377
15.71,0.101675000000381,0.10131538098201,-0.38971542218364
15.712,0.101672000000381,0.101322901043595,-0.364079925538927
15.714,0.101669000000381,0.101331880517425,-0.33155721522397
15.716,0.101666000000381,0.101342096388055,-0.292765141585449
15.718,0.101663000000381,0.101353221328841,-0.248859805536851
15.72,0.101660000000381,0.101364944439902,-0.200864209546795
15.722,0.101654000000381,0.101376883721005,-0.150088495881096
15.724,0.101648000000382,0.101388652092238,-0.0981382375145979
15.726,0.101642000000382,0.101399881489255,-0.0463101572274483
15.728,0.101636000000382,0.101410184807537,0.00391302672381667
15.73,0.101630000000382,0.101419188393127,0.0510590121320064
15.732,0.101620000000382,0.101426601303612,0.0938927068847999
15.734,0.101610000000382,0.101432181487348,0.13135257958599
15.736,0.101600000000382,0.101435528972513,0.161877255159401
15.738,0.101590000000382,0.101436554215373,0.184885861000384
15.74,0.101580000000383,0.101435023756814,0.199338179534737
15.742,0.101567000000383,0.101430881565692,0.204790688987033
15.744,0.101554000000383,0.10142397199359,0.200433861754921
15.746,0.101541000000383,0.101414453030095,0.18658242067768
15.748,0.101528000000383,0.101402417141477,0.163347880994919
15.75,0.101515000000383,0.101387808006188,0.130264223794379
15.752,0.101500000000383,0.10137094971557,0.0883467167195846
15.754,0.101485000000383,0.101352008416768,0.0380565543163439
15.756,0.101470000000384,0.101331169929461,-0.0200518019470718
15.758,0.101455000000384,0.101308842378872,-0.0844638196572045
15.76,0.101440000000384,0.101285286122859,-0.154269325934081
15.762,0.101424000000384,0.101260928258388,-0.227819440947255
15.764,0.101408000000384,0.101236150549501,-0.303619514096059
15.766,0.101392000000384,0.101211330066062,-0.38016643524058
15.768,0.101376000000384,0.101186839140342,-0.455928284933449
15.77,0.101360000000384,0.10116301386785,-0.529481401868966
15.772,0.101344000000385,0.101140167175696,-0.599471524887791
15.774,0.101328000000385,0.101118547958321,-0.664778564950095
15.776,0.101312000000385,0.101098474117613,-0.723987299820589
15.778,0.101296000000385,0.101080032257296,-0.776572287478519
15.78,0.101280000000385,0.101063334788128,-0.821899197752775
15.782,0.101264000000385,0.10104857642319,-0.858909012447878
15.784,0.101248000000385,0.101035666274589,-0.88767529338977
15.786,0.101232000000385,0.101024491507397,-0.90835732313352
15.788,0.101216000000386,0.101014928897752,-0.921118926913376
15.79,0.101200000000386,0.101006826451062,-0.926219938603519
15.792,0.101184000000386,0.101000032328299,-0.923857372913317
15.794,0.101168000000386,0.100994318993169,-0.914567224737872
15.796,0.101152000000386,0.10098940770556,-0.899249822189493
15.798,0.101136000000386,0.100985053731629,-0.878600687080961
15.8,0.101120000000386,0.100981002101315,-0.853458420877551
15.802,0.101104000000386,0.100976977666827,-0.824688758448253
15.804,0.101088000000387,0.100972714162728,-0.793415496104033
15.806,0.101072000000387,0.100967951130996,-0.760590736689367
15.808,0.101056000000387,0.100962423487487,-0.727270529451562
15.81,0.101040000000387,0.100955827899945,-0.694613088840063
15.812,0.101024000000387,0.10094797077308,-0.663609394978511
15.814,0.101008000000387,0.100938678114975,-0.635108674219109
15.816,0.100992000000387,0.100927648697438,-0.610191023420843
15.818,0.100976000000387,0.100914969834105,-0.589071906335635
15.82,0.100960000000388,0.100900536726461,-0.572273238785456
15.822,0.100944000000388,0.100884442732463,-0.559786730207723
15.824,0.100928000000388,0.100866725110311,-0.551698219038968
15.826,0.100912000000388,0.10084765757693,-0.547401396029671
15.828,0.100896000000388,0.100827399051142,-0.546568090709678
15.83,0.100880000000388,0.100806193430818,-0.548606541035645
15.832,0.100864000000388,0.1007842850362,-0.55291440753383
15.834,0.100848000000388,0.100761986181523,-0.558633252870991
15.836,0.100832000000389,0.100739563328723,-0.564980397489057
15.838,0.100816000000389,0.100717286976897,-0.571137910824277
15.84,0.100800000000389,0.10069542228366,-0.576203085791305
15.842,0.100784000000389,0.100674199928372,-0.579346049607685
15.844,0.100768000000389,0.100653905467617,-0.579520553445484
15.846,0.100752000000389,0.100634716494661,-0.575995900976251
15.848,0.100736000000389,0.100616790081925,-0.568105533319799
15.85,0.100720000000389,0.100600362867096,-0.554865330689604
15.852,0.10070400000039,0.100585435572844,-0.536113009468264
15.854,0.10068800000039,0.100572110987792,-0.511293325372594
15.856,0.10067200000039,0.10056031540222,-0.480511993399917
15.858,0.10065600000039,0.100550066577753,-0.443502706066243
15.86,0.10064000000039,0.100541210489425,-0.400674579101508
15.862,0.10062400000039,0.100533598920751,-0.352407782367968
15.864,0.10060800000039,0.100527040742075,-0.299268936032854
15.866,0.100592000000391,0.10052137770929,-0.241608914564652
15.868,0.100576000000391,0.100516292100437,-0.180598455669144
15.87,0.100560000000391,0.100511571417542,-0.11676425198657
15.872,0.100544000000391,0.100506909587225,-0.0512753026564286
15.874,0.100528000000391,0.10050201650515,0.014906140223479
15.876,0.100512000000391,0.100496599023461,0.0806616946887938
15.878,0.100496000000391,0.100490382637126,0.144917828454243
15.88,0.100480000000391,0.100483154492778,0.206750110894128
15.882,0.100464000000392,0.100474630873674,0.265037400357396
15.884,0.100448000000392,0.100464597167718,0.318809988465785
15.886,0.100432000000392,0.100452982106497,0.367557295304407
15.888,0.100416000000392,0.100439608878119,0.410421789295208
15.89,0.100400000000392,0.100424402430938,0.446834178232088
15.892,0.100384000000392,0.100407407485779,0.476649647275167
15.894,0.100368000000392,0.100388636570969,0.499610358793312
15.896,0.100352000000392,0.100368196427948,0.515829965355779
15.898,0.100336000000393,0.100346057261822,0.524827209670442
15.9,0.100320000000393,0.100322513117068,0.527512035031066
15.902,0.100304000000393,0.100297655802424,0.523934764480924
15.904,0.100288000000393,0.100271674256638,0.51453544236293
15.906,0.100272000000393,0.100244816776945,0.500020708840945
15.908,0.100256000000393,0.100217358037862,0.481224415503024
15.91,0.100240000000393,0.10018960322137,0.459209545006158
15.912,0.100224000000393,0.100161861612661,0.43496645578265
15.914,0.100208000000394,0.100134441048555,0.409671471949515
15.916,0.100192000000394,0.100107660846267,0.38441997758114
15.918,0.100176000000394,0.100081784352724,0.36029608222321
15.92,0.100160000000394,0.10005709902496,0.338373044839196
15.922,0.100144000000394,0.100033888942257,0.319710807204262
15.924,0.100128000000394,0.100012262008338,0.304923019201984
15.926,0.100112000000394,0.0999924437126315,0.29488311272397
15.928,0.100096000000395,0.099974415809898,0.289795011964952
15.93,0.100080000000395,0.0999582006132647,0.289923852627504
15.932,0.100064000000395,0.0999437953346544,0.29544117050467
15.934,0.100048000000395,0.0999310800467288,0.3061412449972
15.936,0.100032000000395,0.0999199241287517,0.321746429736458
15.938,0.100016000000395,0.0999101441112085,0.341783633007035
15.94,0.100000000000395,0.0999016395452512,0.366034438243272
15.942,0.0999850000003955,0.0998940658271359,0.393434944961849
15.944,0.0999700000003956,0.0998873157758892,0.423692556165477
15.946,0.0999550000003958,0.0998810306615926,0.455604050562155
15.948,0.0999400000003959,0.0998750073450749,0.488470508936601
15.95,0.099925000000396,0.0998689395748556,0.521180198471786
15.952,0.0999120000003961,0.0998625727532149,0.552770787824431
15.954,0.0998990000003963,0.0998556290318076,0.58217041628932
15.956,0.0998860000003964,0.0998478284733479,0.608284129811992
15.958,0.0998730000003965,0.0998388760863407,0.629946102141092
15.96,0.0998600000003967,0.0998286302674747,0.646574333180637
15.962,0.0998500000003968,0.0998168159507552,0.657046581454646
15.964,0.0998400000003969,0.0998032576834182,0.660591273347286
15.966,0.0998300000003971,0.0997879803462949,0.657207038732923
15.968,0.0998200000003972,0.0997709165156434,0.646488386963869
15.97,0.0998100000003973,0.0997521891447198,0.62876693041959
15.972,0.0998040000003975,0.0997318998144893,0.604259385722356
15.974,0.0997980000003976,0.0997101865812562,0.573292657372186
15.976,0.0997920000003977,0.0996872806112266,0.536560811496837
15.978,0.0997860000003979,0.0996634715039726,0.495081909629446
15.98,0.099780000000398,0.0996389814550592,0.449520343055392
15.982,0.0997770000003982,0.099614110182532,0.400866768628599
15.984,0.0997740000003983,0.0995892045986735,0.350392256579916
15.986,0.0997710000003984,0.0995645984638099,0.299300810172445
15.988,0.0997680000003985,0.0995406368243957,0.248884788153501
15.99,0.0997650000003987,0.0995176497235877,0.200423032108746
15.992,0.0997640000003988,0.0994959331657238,0.155097719048074
15.994,0.0997630000003989,0.099475790759272,0.11410712407926
15.996,0.0997620000003991,0.0994576078617034,0.0788974152957377
15.998,0.0997610000003992,0.0994416938924455,0.0507056473126364
16,0.0997600000003994,0.0994281311085638,0.0299984462316354
16.002,0.0997600000003995,0.0994174138679147,0.018538214405329
16.004,0.0997600000003996,0.0994094878295528,0.0162945197041541
16.006,0.0997600000003998,0.0994044929360489,0.0238326853176761
16.008,0.0997600000003999,0.0994023207974502,0.0408666730498316
16.01,0.0997600000004,0.0994030561124592,0.0677421141285776
16.012,0.0997600000004002,0.0994064001691114,0.103480115129466
16.014,0.0997600000004003,0.0994121360024931,0.147346253823058
16.016,0.0997600000004004,0.0994201749131161,0.199005054075377
16.018,0.0997600000004006,0.0994299900974567,0.256611899197973
16.02,0.0997600000004007,0.0994413855647627,0.319401457764689
16.022,0.0997600000004009,0.0994538568933278,0.38559063325319
16.024,0.099760000000401,0.0994671259626384,0.454075301361108
16.026,0.0997600000004011,0.099480734477236,0.523181400113536
16.028,0.0997600000004012,0.0994942918443334,0.591435592371202
16.03,0.0997600000004014,0.0995074077735983,0.657336836000706
16.032,0.0997600000004015,0.0995197408968213,0.719565425447214
16.034,0.0997600000004017,0.0995310042540832,0.777001989856796
16.036,0.0997600000004018,0.0995408178964477,0.828103449829278
16.038,0.0997600000004019,0.0995489104417972,0.871794115554966
16.04,0.0997600000004021,0.0995549781153329,0.906841850405162
16.042,0.0997600000004022,0.0995589884880114,0.93314245669972
16.044,0.0997600000004024,0.0995605276414898,0.948939041607566
16.046,0.0997600000004025,0.0995596733056423,0.954533738588065
16.048,0.0997600000004026,0.0995562427101047,0.949083059254626
16.05,0.0997600000004027,0.0995502908329795,0.932721161923425
16.052,0.0997600000004029,0.0995419324516018,0.905810724201496
16.054,0.0997600000004031,0.0995313590453403,0.869027911039011
16.056,0.0997600000004032,0.0995187106058765,0.822757031398961
16.058,0.0997600000004034,0.0995044550898946,0.768870499172834
16.06,0.0997600000004035,0.0994888147702383,0.708043416259457
16.062,0.0997600000004037,0.0994722662731705,0.642148170828258
16.064,0.0997600000004038,0.0994552047467203,0.57265986874504
16.066,0.0997600000004039,0.0994380343992016,0.501069113074931
16.068,0.0997600000004041,0.0994211324901927,0.428919297148915
16.07,0.0997600000004042,0.0994049028920942,0.357666105856095
16.072,0.0997600000004043,0.0993895759651051,0.288405938516894
16.074,0.0997600000004045,0.0993755709792248,0.222627326769795
16.076,0.0997600000004046,0.0993630279274956,0.16108140746988
16.078,0.0997600000004047,0.0993523047047637,0.105104597758297
16.08,0.0997600000004049,0.0993435421362715,0.0553636395535003
16.082,0.099760000000405,0.0993369246470545,0.0126383257505995
16.084,0.0997600000004051,0.0993325862514704,-0.0224663378998363
16.086,0.0997600000004053,0.0993305444067052,-0.0497433601184268
16.088,0.0997600000004054,0.0993307635752746,-0.0691776747257611
16.09,0.0997600000004056,0.0993331931254327,-0.0808234994427783
16.092,0.0997600000004057,0.0993377876424944,-0.0847184363583613
16.094,0.0997600000004058,0.0993443436143376,-0.0814795658176978
16.096,0.099760000000406,0.0993526149273137,-0.0718993196533594
16.098,0.0997600000004061,0.09936236722204,-0.0567300510889415
16.1,0.0997600000004062,0.0993731959842271,-0.037369777022664
16.102,0.0997600000004064,0.0993847471730901,-0.0150377007483207
16.104,0.0997600000004065,0.0993966245104173,0.00887669557501091
16.106,0.0997600000004067,0.0994084217890414,0.0329266914317684
16.108,0.0997600000004068,0.0994197702490416,0.0557798989409842
16.11,0.099760000000407,0.099430324739199,0.0761957210668704
16.112,0.0997600000004071,0.0994396827768114,0.0927373820852467
16.114,0.0997600000004072,0.0994476796601993,0.104757567504611
16.116,0.0997600000004074,0.0994539456942363,0.110936664170708
16.118,0.0997600000004075,0.0994584139833252,0.110972408899379
16.12,0.0997600000004076,0.0994609442653517,0.104315783843536
16.122,0.0997600000004078,0.0994614624017613,0.090642870862799
16.124,0.0997600000004079,0.0994601297042914,0.0704562559508292
16.126,0.0997600000004081,0.099456968286443,0.0437795559402176
16.128,0.0997600000004082,0.0994520066021925,0.010660929407901
16.13,0.0997600000004084,0.0994455312934501,-0.0279102600478292
16.132,0.0997600000004085,0.099437725070431,-0.0712931641916699
16.134,0.0997600000004087,0.0994287068127422,-0.11906375307035
16.136,0.0997600000004088,0.0994188661281765,-0.169802299531957
16.138,0.099760000000409,0.0994084859588319,-0.2224582974266
16.14,0.0997600000004091,0.0993979158028341,-0.275728676914152
16.142,0.0997600000004093,0.0993875088930305,-0.328278078794331
16.144,0.0997600000004094,0.0993776081782452,-0.378807228661625
16.146,0.0997600000004096,0.0993686027869117,-0.425826802865437
16.148,0.0997600000004097,0.0993607496484158,-0.468358560051857
16.15,0.0997600000004099,0.0993543154959561,-0.505369105396122
16.152,0.09976000000041,0.0993495458723254,-0.535889668399142
16.154,0.0997600000004102,0.0993466516801757,-0.559055539696539
16.156,0.0997600000004103,0.0993456245094744,-0.574837945284822
16.158,0.0997600000004104,0.0993465367192404,-0.582865681773661
16.16,0.0997600000004106,0.0993493950400477,-0.582987066150471
16.162,0.0997600000004107,0.099353990516903,-0.575911598310966
16.164,0.0997600000004109,0.0993602499192028,-0.561775695659566
16.166,0.099760000000411,0.0993680351890444,-0.540943380652771
16.168,0.0997600000004111,0.0993770231379672,-0.514613835098492
16.17,0.0997600000004113,0.0993870930990835,-0.483038246278313
16.172,0.0997600000004114,0.0993979139256253,-0.447440669513034
16.174,0.0997600000004116,0.0994092162240213,-0.408744988341522
16.176,0.0997600000004117,0.0994207084826267,-0.368040175670193
16.178,0.0997600000004118,0.0994320958429243,-0.326370298456782
16.18,0.099760000000412,0.0994431031194749,-0.284814175727459
16.182,0.0997590000004121,0.0994534784392844,-0.244355286522095
16.184,0.0997580000004123,0.0994628918887269,-0.206170893320223
16.186,0.0997570000004124,0.0994711613028335,-0.171057089631069
16.188,0.0997560000004126,0.0994780654226267,-0.139865062815705
16.19,0.0997550000004127,0.0994833212411996,-0.113641755757798
16.192,0.0997520000004129,0.0994869337077909,-0.092533619547776
16.194,0.099749000000413,0.0994887480531989,-0.0771494125321358
16.196,0.0997460000004132,0.0994887298078651,-0.0677081911976645
16.198,0.0997430000004133,0.0994868989336341,-0.0642321955577302
16.2,0.0997400000004135,0.0994834097696344,-0.0662827175080608
16.202,0.0997340000004136,0.0994784006342977,-0.0734528872843026
16.204,0.0997280000004138,0.0994719463934885,-0.0855481387566613
16.206,0.0997220000004139,0.0994643039727132,-0.101746757128047
16.208,0.0997160000004141,0.0994557210524937,-0.121229805837795
16.21,0.0997100000004142,0.0994463793282788,-0.143386513233589
16.212,0.0997000000004144,0.0994364936644032,-0.167466575727739
16.214,0.0996900000004145,0.0994262925647086,-0.192647410058612
16.216,0.0996800000004146,0.0994159626623103,-0.21823483067124
16.218,0.0996700000004148,0.0994057178581775,-0.24342788440046
16.22,0.0996600000004149,0.0993957515865831,-0.267482472810117
16.222,0.0996470000004151,0.0993862119135586,-0.289815155721113
16.224,0.0996340000004152,0.099377233877168,-0.309867820639196
16.226,0.0996210000004154,0.0993689052037851,-0.327247460479807
16.228,0.0996080000004155,0.0993612632585762,-0.341750069265249
16.23,0.0995950000004157,0.0993543785406699,-0.353010194795734
16.232,0.0995800000004159,0.099348195822712,-0.361182734303795
16.234,0.099565000000416,0.099342731257401,-0.366081403475444
16.236,0.0995500000004162,0.0993378793459077,-0.368034288024625
16.238,0.0995350000004163,0.09933353630023,-0.367332679004582
16.24,0.0995200000004165,0.099329580847924,-0.364304493083217
16.242,0.0995040000004166,0.0993258403819975,-0.359494444938745
16.244,0.0994880000004168,0.0993221471916074,-0.35340780073257
16.246,0.0994720000004169,0.0993183215600846,-0.346639264034574
16.248,0.099456000000417,0.0993141752300006,-0.339774048851512
16.25,0.0994400000004172,0.0993095460449673,-0.333408172265452
16.252,0.0994240000004174,0.0993042325263252,-0.328197909239118
16.254,0.0994080000004175,0.0992979938563027,-0.324930651750293
16.256,0.0993920000004177,0.0992906212710093,-0.324350973640483
16.258,0.0993760000004178,0.0992819906596555,-0.326947373317597
16.26,0.099360000000418,0.099271821446347,-0.333590376105849
16.262,0.0993440000004181,0.0992601543039423,-0.344271712008262
16.264,0.0993280000004183,0.0992468465638946,-0.359437267845066
16.266,0.0993120000004184,0.0992318945972714,-0.379126906382462
16.268,0.0992960000004185,0.0992153130955902,-0.403297598479461
16.27,0.0992800000004187,0.0991971798080897,-0.431701381955252
16.272,0.0992640000004189,0.0991776011389933,-0.463984109443418
16.274,0.099248000000419,0.0991566512010325,-0.499847396778467
16.276,0.0992320000004192,0.0991344259999289,-0.538877845684311
16.278,0.0992160000004194,0.0991112175972848,-0.580164937507129
16.28,0.0992000000004195,0.0990871319692748,-0.62321137207857
16.282,0.0991840000004196,0.0990624008421637,-0.667144541616336
16.284,0.0991680000004198,0.0990372976765972,-0.710950360514962
16.286,0.0991520000004199,0.0990121218595525,-0.753491353489455
16.288,0.09913600000042,0.0989871692571384,-0.793736759609857
16.29,0.0991200000004202,0.0989627316690288,-0.830571729027527
16.292,0.0991040000004203,0.0989391423129028,-0.862710117493949
16.294,0.0990880000004205,0.0989167237802541,-0.888973501328987
16.296,0.0990720000004207,0.0988956527049725,-0.908826335107821
16.298,0.0990560000004209,0.0988762709772572,-0.920917131430854
16.3,0.099040000000421,0.0988587569106222,-0.924637620362242
16.302,0.0990240000004212,0.0988432207110728,-0.919624162720428
16.304,0.0990080000004213,0.0988296889603083,-0.905833923825606
16.306,0.0989920000004215,0.0988182226354268,-0.883029871604947
16.308,0.0989760000004216,0.0988087994409532,-0.851297896844803
16.31,0.0989600000004217,0.0988012152046269,-0.811486073429496
16.312,0.0989440000004219,0.0987953692526668,-0.763965833765297
16.314,0.0989280000004221,0.0987910426856727,-0.70960575762506
16.316,0.0989120000004223,0.0987880501701113,-0.649082594417112
16.318,0.0988960000004224,0.0987860585003647,-0.583707434841019
16.32,0.0988800000004226,0.0987847284782418,-0.514792901824163
16.322,0.0988640000004228,0.0987837257387396,-0.443610997301993
16.324,0.0988480000004229,0.0987826964786784,-0.371552607066542
16.326,0.0988320000004231,0.0987812840480046,-0.29995798248981
16.328,0.0988160000004232,0.0987791386493991,-0.230170915373391
16.33,0.0988000000004234,0.0987759781091014,-0.163314668730081
16.332,0.0987840000004235,0.0987714162269659,-0.100806534204425
16.334,0.0987680000004237,0.0987651848785594,-0.0436863388488643
16.336,0.0987520000004239,0.0987569798812053,0.00691363407501452
16.338,0.098736000000424,0.0987466667441183,0.0504426147173821
16.34,0.0987200000004242,0.0987340088707717,0.0860195677753228
16.342,0.0987040000004244,0.0987189838979527,0.113498440094206
16.344,0.0986880000004245,0.0987015994358794,0.132849638191744
16.346,0.0986720000004247,0.0986819112835888,0.144219730293119
16.348,0.0986560000004248,0.0986600419150686,0.147996035039208
16.35,0.0986400000004249,0.0986361524759911,0.144713077226193
16.352,0.0986240000004251,0.0986104815515912,0.135186142766981
16.354,0.0986080000004252,0.0985832676360677,0.120236142806197
16.356,0.0985920000004254,0.0985548588713633,0.101078099816859
16.358,0.0985760000004255,0.0985256187147704,0.0789886636173214
16.36,0.0985600000004257,0.0984958692197745,0.0551043645339296
16.362,0.0985440000004258,0.098465952541102,0.0306362973047501
16.364,0.098528000000426,0.0984361974760367,0.00674692529433612
16.366,0.0985120000004262,0.0984069122317553,-0.0154785474005145
16.368,0.0984960000004264,0.0983783855786437,-0.0350329385411598
16.37,0.0984800000004265,0.0983509820273439,-0.0506545648722778
16.372,0.0984640000004267,0.0983249760295322,-0.0614133442963617
16.374,0.0984480000004268,0.0983005107524345,-0.0668392121178302
16.376,0.098432000000427,0.0982779646852067,-0.0656577107286112
16.378,0.0984160000004271,0.0982573965530344,-0.0577049726170012
16.38,0.0984000000004273,0.098238888017247,-0.0427416345129156
16.382,0.0983840000004274,0.0982224522271522,-0.020771665503086
16.384,0.0983680000004276,0.0982080075911009,0.00787143504608516
16.386,0.0983520000004278,0.0981955356588346,0.0430487543467537
16.388,0.098336000000428,0.0981848833386583,0.0841499201069327
16.39,0.0983200000004281,0.0981757803162856,0.130174928038944
16.392,0.0983040000004283,0.0981680699235696,0.180457091636877
16.394,0.0982880000004284,0.0981613820342782,0.233629521139491
16.396,0.0982720000004286,0.0981553509484479,0.288393414212429
16.398,0.0982560000004288,0.0981497195478272,0.34369218461198
16.4,0.0982400000004289,0.0981441227815266,0.398170893473771
16.402,0.0982240000004291,0.098138229419422,0.450600512018426
16.404,0.0982080000004293,0.0981317304834806,0.49982045001711
16.406,0.0981920000004294,0.0981243257587942,0.544713770809182
16.408,0.0981760000004296,0.0981156761577242,0.583993492843743
16.41,0.0981600000004298,0.0981056534837267,0.617292557672104
16.412,0.0981440000004299,0.0980939478990805,0.643415717074383
16.414,0.0981280000004301,0.098080401272722,0.661807878975334
16.416,0.0981120000004303,0.0980648695598993,0.671941640993229
16.418,0.0980960000004304,0.0980474434009475,0.674231877049175
16.42,0.0980800000004306,0.0980280218922443,0.668281212924632
16.422,0.0980650000004308,0.0980066791235578,0.654402458637671
16.424,0.0980500000004309,0.0979834322004252,0.632656444635303
16.426,0.0980350000004311,0.0979585390949448,0.604080170842751
16.428,0.0980200000004312,0.0979321377498653,0.569188863836569
16.43,0.0980050000004314,0.0979044560503405,0.528824984987528
16.432,0.0979920000004316,0.0978758434133844,0.484304027722937
16.434,0.0979790000004317,0.0978466638188949,0.436992410317167
16.436,0.0979660000004319,0.0978172703730003,0.388155553941613
16.438,0.0979530000004321,0.0977880671635867,0.339281914387855
16.44,0.0979400000004322,0.0977594162236532,0.291710239745304
16.442,0.0979300000004324,0.0977316528530477,0.246660728129134
16.444,0.0979200000004325,0.097705200828438,0.205615782184309
16.446,0.0979100000004327,0.097680264959551,0.169360034424471
16.448,0.0979000000004329,0.0976570457353522,0.138610878650415
16.45,0.0978900000004331,0.0976359702584101,0.114804452373719
16.452,0.0978840000004332,0.0976169300946133,0.0976131157133062
16.454,0.0978780000004334,0.0976001194524851,0.0876646554579659
16.456,0.0978720000004336,0.0975855895534098,0.0851000600418618
16.458,0.0978660000004337,0.0975732269992433,0.0895073398207261
16.46,0.0978600000004339,0.0975630082777759,0.100747302403685
16.462,0.097857000000434,0.0975548852295741,0.118576171451279
16.464,0.0978540000004342,0.0975486759823188,0.142308276240329
16.466,0.0978510000004344,0.0975442619474872,0.171427514591552
16.468,0.0978480000004346,0.0975414000731704,0.205022979405657
16.47,0.0978450000004347,0.0975398754933728,0.242247958266254
16.472,0.0978440000004349,0.097539412984728,0.28207980869046
16.474,0.0978430000004351,0.0975397570326727,0.32351315442891
16.476,0.0978420000004352,0.097540601759708,0.365434229299212
16.478,0.0978410000004354,0.0975416330635482,0.406670238244105
16.48,0.0978400000004355,0.0975425595493923,0.44624580979812
16.482,0.0978400000004357,0.0975431230701363,0.483209660453164
16.484,0.0978400000004359,0.0975430895879081,0.516741500888434
16.486,0.0978400000004361,0.0975422405964838,0.546050592416851
16.488,0.0978400000004362,0.0975404763908767,0.570871505639242
16.49,0.0978400000004364,0.0975376752185174,0.590771786456656
16.492,0.0978400000004365,0.0975338332962681,0.605824531775585
16.494,0.0978400000004367,0.0975289658331892,0.616127037973777
16.496,0.0978400000004369,0.0975231477653788,0.621996228747622
16.498,0.097840000000437,0.0975165003985692,0.623911942553739
16.5,0.0978400000004372,0.097509141908558,0.622291215846502
16.502,0.0978400000004374,0.0975012517128022,0.617823439739758
16.504,0.0978400000004375,0.0974929904924828,0.611108190055176
16.506,0.0978400000004377,0.0974845138351671,0.602751394575778
16.508,0.0978400000004379,0.0974759644148516,0.593268669148606
16.51,0.097840000000438,0.0974674887886275,0.583202010273129
16.512,0.0978400000004382,0.0974592501874915,0.573129970783095
16.514,0.0978400000004384,0.0974513717636775,0.563539774221693
16.516,0.0978400000004386,0.0974440223402206,0.55494618779965
16.518,0.0978400000004388,0.0974372982817255,0.547700726099342
16.52,0.097840000000439,0.097431305104531,0.542126722240751
16.522,0.0978400000004392,0.0974261266404846,0.538471949894566
16.524,0.0978400000004393,0.0974218094359002,0.536868880572446
16.526,0.0978400000004394,0.0974184539955732,0.537552449466892
16.528,0.0978400000004396,0.0974160841772746,0.540541504439031
16.53,0.0978400000004397,0.0974146775702804,0.545714188328953
16.532,0.0978400000004399,0.0974142208613366,0.552931238591545
16.534,0.0978400000004401,0.0974146575602143,0.561905127672591
16.536,0.0978400000004403,0.0974158787925361,0.572187087264098
16.538,0.0978400000004405,0.0974177541235832,0.583228200027898
16.54,0.0978400000004407,0.0974201258589899,0.594445002780846
16.542,0.0978400000004409,0.0974228629816887,0.605233939347838
16.544,0.097840000000441,0.0974258141700111,0.614993542622759
16.546,0.0978400000004412,0.0974288402122141,0.623163577426278
16.548,0.0978400000004413,0.097431794892412,0.629153738254284
16.55,0.0978400000004415,0.0974345195345824,0.632338755050721
16.552,0.0978400000004417,0.0974368269385472,0.631975619379943
16.554,0.0978400000004418,0.0974385945090908,0.627771348324343
16.556,0.097840000000442,0.0974396620433967,0.619102307839195
16.558,0.0978400000004422,0.0974399385740427,0.60577721357431
16.56,0.0978400000004424,0.0974393113417553,0.587443547276778
16.562,0.0978400000004426,0.0974377515520854,0.564209781136533
16.564,0.0978400000004427,0.097435172608751,0.535888171224291
16.566,0.0978400000004429,0.0974315781286603,0.502730846044597
16.568,0.097840000000443,0.0974269352209867,0.464789128160627
16.57,0.0978400000004432,0.0974212547592705,0.422294399617831
16.572,0.0978400000004434,0.0974145931292476,0.375639003182236
16.574,0.0978400000004435,0.0974070080050015,0.325193203206903
16.576,0.0978400000004437,0.0973986124794281,0.271530170735406
16.578,0.0978400000004439,0.0973895538024591,0.215351171333467
16.58,0.0978400000004441,0.0973800005862234,0.157419804773061
16.582,0.0978400000004442,0.0973701071734737,0.0984478636742713
16.584,0.0978400000004444,0.0973600668948403,0.0392911114470997
16.586,0.0978400000004446,0.0973500853992615,-0.0191753328555866
16.588,0.0978400000004447,0.0973403785877289,-0.0760661734084871
16.59,0.0978400000004449,0.0973311582481668,-0.130525298946408
16.592,0.0978400000004451,0.0973226971708369,-0.181447243013951
16.594,0.0978400000004453,0.0973151931882381,-0.228096034908062
16.596,0.0978400000004455,0.0973088548964618,-0.269678531742242
16.598,0.0978400000004456,0.097303859267893,-0.305546043575967
16.6,0.0978400000004458,0.0973003136010165,-0.335347814816651
16.602,0.097840000000446,0.0972983030452016,-0.358827897434472
16.604,0.0978400000004462,0.0972978605614102,-0.375945720260584
16.606,0.0978400000004464,0.0972989678480006,-0.38686069096901
16.608,0.0978400000004466,0.0973016789884157,-0.39144071320843
16.61,0.0978400000004468,0.0973058443255738,-0.390347399203858
16.612,0.0978400000004469,0.0973114099208446,-0.383854033475948
16.614,0.0978400000004471,0.0973182622195507,-0.372461546079371
16.616,0.0978400000004472,0.0973262744013745,-0.356714954826617
16.618,0.0978400000004474,0.0973352327058509,-0.337474637018136
16.62,0.0978400000004476,0.0973449486653175,-0.315490112245622
16.622,0.0978400000004478,0.097355199826268,-0.291621739249379
16.624,0.097840000000448,0.0973657019042161,-0.266924174483619
16.626,0.0978400000004481,0.0973761797556729,-0.242399194457973
16.628,0.0978400000004483,0.0973863485643246,-0.219058298393471
16.63,0.0978400000004485,0.0973958533232473,-0.198144138955138
16.632,0.0978400000004487,0.0974044012621193,-0.180642155242584
16.634,0.0978400000004488,0.0974118011891911,-0.167169413636334
16.636,0.097840000000449,0.0974176217224289,-0.159144702469242
16.638,0.0978400000004491,0.0974218411215773,-0.156542521294029
16.64,0.0978400000004493,0.0974243014135293,-0.159791934101167
16.642,0.0978400000004495,0.0974249162900512,-0.169048072379913
16.644,0.0978400000004497,0.0974236175549108,-0.184369298769119
16.646,0.0978400000004499,0.0974205962476593,-0.20497791345837
16.648,0.0978400000004501,0.0974158098334316,-0.230796316679428
16.65,0.0978400000004503,0.0974094694786052,-0.260960933185447
16.652,0.0978400000004504,0.0974016826087903,-0.294893044673243
16.654,0.0978400000004506,0.0973926691427786,-0.331693269487362
16.656,0.0978400000004508,0.0973826557025703,-0.370386739172191
16.658,0.0978400000004509,0.0973719511947926,-0.409856641384999
16.66,0.0978400000004511,0.0973608334232462,-0.448980339732137
16.662,0.0978390000004513,0.0973496332129738,-0.486570266236596
16.664,0.0978380000004515,0.0973386694220877,-0.521502327610834
16.666,0.0978370000004517,0.0973282550113722,-0.552714410123295
16.668,0.0978360000004519,0.0973187643107532,-0.57885696303433
16.67,0.097835000000452,0.0973104703975348,-0.599108078780784
16.672,0.0978320000004522,0.0973037542685871,-0.61213195188164
16.674,0.0978290000004524,0.0972987226991115,-0.617799834059281
16.676,0.0978260000004526,0.0972956174588733,-0.615325596645345
16.678,0.0978230000004527,0.097294626460814,-0.604149700306809
16.68,0.0978200000004529,0.0972956353032079,-0.584902792336361
16.682,0.0978140000004531,0.0972987182612994,-0.557421535120758
16.684,0.0978080000004533,0.0973037066148977,-0.522496236032768
16.686,0.0978020000004535,0.0973104870443382,-0.480673865982786
16.688,0.0977960000004537,0.0973188587311792,-0.432823182908887
16.69,0.0977900000004538,0.0973285880785384,-0.379921923699724
16.692,0.097780000000454,0.0973393330392589,-0.32332897918086
16.694,0.0977700000004542,0.0973507725179068,-0.264318295378875
16.696,0.0977600000004544,0.0973624907158338,-0.204457447335123
16.698,0.0977500000004545,0.0973741648580204,-0.145007462365759
16.7,0.0977400000004547,0.0973853883336436,-0.0874849409614308
16.702,0.0977270000004549,0.097395828319692,-0.0330984658503732
16.704,0.0977140000004551,0.0974051381386946,0.0169038690196257
16.706,0.0977010000004553,0.0974129604578191,0.0612693447684927
16.708,0.0976880000004555,0.0974188686179792,0.0985281641555805
16.71,0.0976750000004556,0.0974226868441921,0.12816857525669
16.712,0.0976600000004558,0.0974241174868146,0.149231109503588
16.714,0.097645000000456,0.0974227984090866,0.160560534089571
16.716,0.0976300000004561,0.0974185770118857,0.161758359779083
16.718,0.0976150000004563,0.09741150032847,0.153118789560146
16.72,0.0976000000004565,0.0974014112197419,0.134237747122005
16.722,0.0975840000004567,0.0973882532869455,0.10508982876121
16.724,0.0975680000004569,0.0973722306815383,0.0665270074599743
16.726,0.0975520000004571,0.0973534377724878,0.0190421216770244
16.728,0.0975360000004573,0.0973320283536662,-0.0366356495802402
16.73,0.0975200000004575,0.0973085275054022,-0.0986393224944883
16.732,0.0975040000004577,0.0972830232189415,-0.16638741745653
16.734,0.0974880000004578,0.0972560369756733,-0.237999712202421
16.736,0.097472000000458,0.0972279371816988,-0.312047984923759
16.738,0.0974560000004582,0.0971991077237482,-0.387083044371052
16.74,0.0974400000004584,0.0971699227515987,-0.461616282896919
16.742,0.0974240000004586,0.0971407545219018,-0.534383878833324
16.744,0.0974080000004587,0.0971119262794358,-0.604158083499373
16.746,0.0973920000004589,0.0970837480483063,-0.669835341241004
16.748,0.0973760000004591,0.0970565396962267,-0.730254178143809
16.75,0.0973600000004593,0.0970306333951609,-0.784235562711682
16.752,0.0973440000004595,0.0970062156072143,-0.831250703771681
16.754,0.0973280000004597,0.0969836249869019,-0.870024248621342
16.756,0.0973120000004598,0.0969629247773148,-0.900483464850449
16.758,0.09729600000046,0.0969442982250592,-0.921975999180187
16.76,0.0972800000004602,0.0969279176432407,-0.933890171110801
16.762,0.0972640000004604,0.0969136642471111,-0.936829021979893
16.764,0.0972480000004605,0.0969015825001684,-0.930680574218928
16.766,0.0972320000004607,0.0968915960687046,-0.915824184678785
16.768,0.0972160000004609,0.0968835884172832,-0.892783591158445
16.77,0.097200000000461,0.0968774104234958,-0.862185821452919
16.772,0.0971840000004612,0.09687281484169,-0.825023459079226
16.774,0.0971680000004614,0.0968694588760937,-0.782642470459766
16.776,0.0971520000004616,0.0968670340412527,-0.736220151711127
16.778,0.0971360000004618,0.0968652073822964,-0.686994847594771
16.78,0.097120000000462,0.0968636128707921,-0.636343345827194
16.782,0.0971040000004622,0.0968619268780931,-0.585434266826686
16.784,0.0970880000004624,0.0968598103682513,-0.535475965379271
16.786,0.0970720000004625,0.0968569426800662,-0.487600482213675
16.788,0.0970560000004627,0.0968530070171823,-0.442889818226564
16.79,0.0970400000004629,0.0968477757805782,-0.402108278805154
16.792,0.097024000000463,0.0968410119312758,-0.365994016074236
16.794,0.0970080000004633,0.0968325427843683,-0.335039391843631
16.796,0.0969920000004635,0.0968223337891924,-0.309275529615365
16.798,0.0969760000004637,0.0968102459642823,-0.28900532371886
16.8,0.0969600000004639,0.0967963578468221,-0.273861144591259
16.802,0.0969440000004641,0.0967807025664085,-0.263590107402524
16.804,0.0969280000004642,0.0967633025957285,-0.257939069150256
16.806,0.0969120000004644,0.0967442652183998,-0.256400269524071
16.808,0.0968960000004645,0.0967237305071204,-0.258359147334231
16.81,0.0968800000004647,0.0967018671622897,-0.263089766368853
16.812,0.0968640000004649,0.0966789375319206,-0.269634237291447
16.814,0.0968480000004651,0.0966552320960014,-0.276963107198373
16.816,0.0968320000004653,0.0966310524441008,-0.283971647226341
16.818,0.0968160000004655,0.0966067406647961,-0.28951538689512
16.82,0.0968000000004657,0.0965826455719873,-0.292438588359061
16.822,0.0967840000004659,0.0965590988617162,-0.291674207396052
16.824,0.0967680000004661,0.0965364044724265,-0.286293903864335
16.826,0.0967520000004662,0.0965148084054811,-0.275647140623411
16.828,0.0967360000004664,0.0964945541414099,-0.259084958872134
16.83,0.0967200000004666,0.0964757375305039,-0.236589694660179
16.832,0.0967040000004668,0.0964585099370787,-0.207900708054387
16.834,0.096688000000467,0.0964428993971178,-0.173239912814711
16.836,0.0966720000004672,0.0964289720920583,-0.132704616131948
16.838,0.0966560000004674,0.0964166486939677,-0.0868995124520878
16.84,0.0966400000004676,0.0964058332992499,-0.0364672720283298
16.842,0.0966240000004678,0.096396425801115,0.0179517874861877
16.844,0.0966080000004679,0.096388300310411,0.0756119204210039
16.846,0.0965920000004681,0.0963812317051665,0.135460763397365
16.848,0.0965760000004683,0.0963749493123714,0.196371203871629
16.85,0.0965600000004684,0.0963691709089885,0.257199425424857
16.852,0.0965440000004686,0.0963635986536662,0.316705252786689
16.854,0.0965280000004688,0.096357913792884,0.373770728742548
16.856,0.096512000000469,0.0963518063455331,0.427287952610747
16.858,0.0964960000004691,0.0963449932668104,0.476303938739963
16.86,0.0964800000004693,0.0963371463176979,0.519630526323649
16.862,0.0964640000004695,0.0963280374646898,0.556646940572708
16.864,0.0964480000004697,0.09631749925934,0.586945677670769
16.866,0.0964320000004699,0.096305295120787,0.609797756671084
16.868,0.0964160000004701,0.0962913419431156,0.625156370950047
16.87,0.0964000000004703,0.0962755918862887,0.633068467060058
16.872,0.0963840000004705,0.09625801110827,0.633610112507242
16.874,0.0963680000004707,0.0962387482704276,0.627552305560302
16.876,0.0963520000004708,0.0962177754399586,0.614959397812542
16.878,0.096336000000471,0.096195274876438,0.596704977843259
16.88,0.0963200000004712,0.0961713743939563,0.573446647254114
16.882,0.0963040000004714,0.0961463559620405,0.546367750673883
16.884,0.0962880000004716,0.0961203910525663,0.516242169071508
16.886,0.0962720000004718,0.0960937448913521,0.484137106573209
16.888,0.096256000000472,0.0960666734445934,0.451045373076068
16.89,0.0962400000004722,0.0960394346901954,0.417913091830643
16.892,0.0962240000004723,0.0960122803135581,0.385631920279882
16.894,0.0962080000004725,0.0959855119758029,0.355261290944065
16.896,0.0961920000004727,0.0959593448849662,0.327430602100028
16.898,0.0961760000004729,0.0959340713967691,0.303080390648162
16.9,0.0961600000004731,0.0959099453297508,0.282929499210023
16.902,0.0961450000004732,0.0958871109217908,0.267289177893924
16.904,0.0961300000004734,0.0958657456343976,0.256582060472604
16.906,0.0961150000004736,0.0958459898125111,0.251086524862453
16.908,0.0961000000004738,0.0958279551661771,0.250958084171325
16.91,0.096085000000474,0.0958115505213374,0.255722887342727
16.912,0.0960720000004742,0.0957967915551152,0.265223207799708
16.914,0.0960590000004744,0.0957835851772882,0.278961558016786
16.916,0.0960460000004746,0.095771886136521,0.296524235499274
16.918,0.0960330000004748,0.0957615232039745,0.317152010292107
16.92,0.0960200000004749,0.0957523855723244,0.34020879077676
16.922,0.0960100000004751,0.0957443102960112,0.364936993240962
16.924,0.0960000000004753,0.0957371053264773,0.390555854171859
16.926,0.0959900000004755,0.0957306131318502,0.416335854728183
16.928,0.0959800000004757,0.0957246377001613,0.441482314807284
16.93,0.0959700000004759,0.0957189665129361,0.465202900518977
16.932,0.0959640000004761,0.0957133762628284,0.486585477144414
16.934,0.0959580000004762,0.0957076234954139,0.504855785491355
16.936,0.0959520000004764,0.0957015141112864,0.519491707225069
16.938,0.0959460000004766,0.0956948643989183,0.529905058407303
16.94,0.0959400000004768,0.0956874946881581,0.53556536813302
16.942,0.095937000000477,0.0956793390385746,0.536564244741523
16.944,0.0959340000004772,0.0956703169463095,0.532805069919741
16.946,0.0959310000004774,0.0956603926598985,0.524387975639709
16.948,0.0959280000004776,0.0956495914787269,0.511667842256725
16.95,0.0959250000004778,0.0956379483687857,0.494987262918609
16.952,0.095924000000478,0.095625547188088,0.474878729811103
16.954,0.0959230000004782,0.0956124668487937,0.451820337560026
16.956,0.0959220000004783,0.0955988723708562,0.426616597215159
16.958,0.0959210000004785,0.0955849483103787,0.400095216105283
16.96,0.0959200000004787,0.0955709224358445,0.37320266170867
16.962,0.0959200000004789,0.0955570495254768,0.346937619514506
16.964,0.0959200000004791,0.0955436245571904,0.322399025392268
16.966,0.0959200000004793,0.0955309494316769,0.300665465870163
16.968,0.0959200000004795,0.0955193376401834,0.282820153114336
16.97,0.0959200000004797,0.095509123527996,0.269978319231716
16.972,0.0959200000004799,0.0955005798542442,0.26299485311146
16.974,0.09592000000048,0.0954940552405709,0.262934315678655
16.976,0.0959200000004802,0.0954896541419435,0.269972799939
16.978,0.0959200000004804,0.0954875638983684,0.284526702388543
16.98,0.0959200000004806,0.0954878561851669,0.306582003461233
16.982,0.0959200000004808,0.0954904917250955,0.335753441642048
16.984,0.095920000000481,0.0954954448854036,0.371670364900219
16.986,0.0959200000004811,0.0955026209960268,0.413708680977399
16.988,0.0959200000004813,0.0955117069269997,0.460637718468745
16.99,0.0959200000004815,0.095522475040825,0.511427394050027
16.992,0.0959200000004817,0.095534534531687,0.564663607572818
16.994,0.0959200000004819,0.0955475498661093,0.619073580330514
16.996,0.0959200000004821,0.0955611395836551,0.673070336115412
16.998,0.0959200000004822,0.0955748383068227,0.72523911829851
17,0.0959200000004824,0.0955882207308024,0.773902887606121
17.002,0.0959200000004826,0.0956008406811683,0.817568592471346
17.004,0.0959200000004828,0.0956122911388471,0.854900610557507
17.006,0.095920000000483,0.0956221487107237,0.88445010767854
17.008,0.0959200000004832,0.0956300645589803,0.905132470484247
17.01,0.0959200000004834,0.0956357366908578,0.91600483303031
17.012,0.0959200000004836,0.095638790224778,0.915799371770815
17.014,0.0959200000004838,0.0956392591670151,0.904923169551198
17.016,0.095920000000484,0.0956369802852339,0.88289559366859
17.018,0.0959200000004842,0.0956319353185142,0.849806598204084
17.02,0.0959200000004845,0.0956242889136456,0.806440496240793
17.022,0.0959200000004846,0.0956142130403357,0.753580389568363
17.024,0.0959200000004848,0.0956019601730973,0.692310460248463
17.026,0.095920000000485,0.095587832711952,0.62389404600029
17.028,0.0959200000004852,0.0955721718396201,0.549727728268436
17.03,0.0959200000004853,0.095555364058195,0.471355227293289
17.032,0.0959200000004855,0.0955377548773817,0.390158523512104
17.034,0.0959200000004857,0.0955197909293157,0.307846210338252
17.036,0.0959200000004859,0.0955018599243486,0.225876379923969
17.038,0.0959200000004861,0.0954843895244257,0.145813162196178
17.04,0.0959200000004863,0.0954677278093242,0.0688653385641821
17.042,0.0959200000004865,0.0954523224274404,-0.00341358465000446
17.044,0.0959200000004867,0.095438413929267,-0.070251300907551
17.046,0.0959200000004868,0.0954264433378115,-0.130145625661474
17.048,0.095920000000487,0.095416704611158,-0.182125265604665
17.05,0.0959200000004872,0.0954093627693277,-0.225663779097943
17.052,0.0959200000004874,0.0954045790893912,-0.260248811062134
17.054,0.0959200000004876,0.0954024877121867,-0.285473757840689
17.056,0.0959200000004878,0.0954032194132365,-0.300967400448139
17.058,0.095920000000488,0.0954067109377086,-0.307044057721508
17.06,0.0959200000004883,0.0954128508387515,-0.304187447544998
17.062,0.0959200000004884,0.0954214581778463,-0.293115377379262
17.064,0.0959200000004886,0.0954324052216901,-0.274380616974462
17.066,0.0959200000004888,0.0954453571722181,-0.249231213450598
17.068,0.0959200000004889,0.0954599251975857,-0.219081784425183
17.07,0.0959200000004891,0.0954758101439945,-0.185071236076504
17.072,0.0959200000004893,0.0954926177909887,-0.148623924165255
17.074,0.0959200000004895,0.0955099688313209,-0.111074363003908
17.076,0.0959200000004897,0.0955275062522435,-0.0737041410601648
17.078,0.0959200000004899,0.0955448695386092,-0.037722201448981
17.08,0.0959200000004901,0.0955617059289985,-0.00430211445461006
17.082,0.0959200000004903,0.0955777095536926,0.0256050710486558
17.084,0.0959200000004905,0.0955925816021576,0.0510541450561495
17.086,0.0959200000004907,0.0956059686201684,0.0709150186363838
17.088,0.0959200000004908,0.0956176564733101,0.0845947288647703
17.09,0.095920000000491,0.0956274935231979,0.0917095798444263
17.092,0.0959200000004912,0.0956353058628918,0.0918078196266767
17.094,0.0959200000004914,0.0956409277555162,0.0844966315400174
17.096,0.0959200000004916,0.0956442280040344,0.0695444043799345
17.098,0.0959200000004918,0.0956452763208124,0.0474025062774574
17.1,0.0959200000004921,0.0956441306035125,0.0184883839637161
17.102,0.0959200000004923,0.0956408224857875,-0.016837096743696
17.104,0.0959200000004924,0.095635528765897,-0.0577404667119411
17.106,0.0959200000004926,0.0956286131882917,-0.102866942864322
17.108,0.0959200000004928,0.0956202624808465,-0.151298506579562
17.11,0.095920000000493,0.0956109087360638,-0.201518360400378
17.112,0.0959200000004932,0.0956008770934547,-0.252233778530366
17.114,0.0959200000004934,0.0955905416325545,-0.30205167077071
17.116,0.0959200000004936,0.0955802718985062,-0.349739247518986
17.118,0.0959200000004938,0.0955703889633742,-0.394160348172521
17.12,0.095920000000494,0.0955612423903737,-0.434064788345176
17.122,0.0959200000004942,0.0955531896436264,-0.468260416336682
17.124,0.0959200000004944,0.0955464141674201,-0.496353228493969
17.126,0.0959200000004946,0.0955412293720316,-0.517294482797089
17.128,0.0959200000004947,0.0955378199878289,-0.530645769081178
17.13,0.0959200000004949,0.0955362588841599,-0.536417324036592
17.132,0.0959200000004951,0.0955366364558774,-0.534528951157356
17.134,0.0959200000004953,0.0955389397771637,-0.525305560572127
17.136,0.0959200000004955,0.0955433084884199,-0.508524540826356
17.138,0.0959200000004957,0.0955495461438641,-0.485184551551956
17.14,0.0959200000004959,0.0955575769140944,-0.455810336026608
17.142,0.0959200000004961,0.095567234871499,-0.421238011696686
17.144,0.0959200000004963,0.0955782254908613,-0.382702589662451
17.146,0.0959200000004965,0.0955902111654389,-0.341524941359795
17.148,0.0959200000004967,0.0956028511673368,-0.299019723391622
17.15,0.0959200000004969,0.0956157668712195,-0.256607825030901
17.152,0.0959190000004971,0.0956285653322106,-0.215637249007855
17.154,0.0959180000004973,0.0956408900617363,-0.177347814344411
17.156,0.0959170000004975,0.0956524130584472,-0.14280662925609
17.158,0.0959160000004976,0.0956628207899904,-0.112990899085071
17.16,0.0959150000004978,0.0956719019365938,-0.0884277697706452
17.162,0.095912000000498,0.0956794680327991,-0.0695423459250057
17.164,0.0959090000004982,0.0956853631252616,-0.0565816189697026
17.166,0.0959060000004984,0.0956895209405698,-0.0494524260174295
17.168,0.0959030000004986,0.0956919100264263,-0.0479360969286799
17.17,0.0959000000004988,0.0956924488455641,-0.0519290435642826
17.172,0.095894000000499,0.095691187410755,-0.0609151703697932
17.174,0.0958880000004992,0.095688189303451,-0.0743368905983479
17.176,0.0958820000004994,0.0956835054887696,-0.0916521019141439
17.178,0.0958760000004996,0.0956772956573904,-0.112072914617032
17.18,0.0958700000004998,0.0956697046566302,-0.134865342444898
17.182,0.0958620000005,0.0956609007367485,-0.15922345477128
17.184,0.0958540000005002,0.0956511193107728,-0.18425022848221
17.186,0.0958460000005004,0.0956406135766979,-0.209029394830285
17.188,0.0958380000005006,0.0956296522469528,-0.232690956086627
17.19,0.0958300000005008,0.0956184957149777,-0.25448110301501
17.192,0.095821000000501,0.0956074018716426,-0.273494184430903
17.194,0.0958120000005012,0.0955966033451562,-0.289303311554755
17.196,0.0958030000005013,0.0955863326978109,-0.301263866793192
17.198,0.0957940000005015,0.0955767424951505,-0.309260544707871
17.2,0.0957850000005017,0.0955680373138964,-0.312847553822809
17.202,0.0957760000005019,0.0955603016636436,-0.312142189694993
17.204,0.0957670000005021,0.0955536086122638,-0.307249025271742
17.206,0.0957580000005023,0.0955479958432675,-0.298401269154337
17.208,0.0957490000005026,0.0955434302856544,-0.286073406168865
17.21,0.0957400000005028,0.0955398658195532,-0.270787159317757
17.212,0.0957320000005029,0.0955372143357739,-0.253196503774512
17.214,0.0957240000005031,0.0955353685647268,-0.233980925074934
17.216,0.0957160000005033,0.0955342611159251,-0.213728282754686
17.218,0.0957080000005035,0.0955337505555956,-0.193096493981917
17.22,0.0957000000005037,0.0955337428271784,-0.172675850333048
17.222,0.0956930000005039,0.0955340923791922,-0.153093812674024
17.224,0.0956860000005041,0.0955346316344039,-0.135045293356119
17.226,0.0956790000005043,0.0955351895707124,-0.118938922605374
17.228,0.0956720000005045,0.0955356067371166,-0.105355535034068
17.23,0.0956650000005048,0.0955356944005877,-0.0948163667657223
17.232,0.095659000000505,0.0955353304022232,-0.0873602600438607
17.234,0.0956530000005052,0.0955343142773873,-0.0835037499908805
17.236,0.0956470000005054,0.0955325467015124,-0.0831604350261315
17.238,0.0956410000005056,0.0955298724382438,-0.0865426243704427
17.24,0.0956350000005058,0.0955261869655076,-0.093627692568458
17.242,0.095630000000506,0.0955214707545588,-0.104118882071195
17.244,0.0956250000005062,0.0955156492802359,-0.117903174133138
17.246,0.0956200000005064,0.0955088034816382,-0.134383341634926
17.248,0.0956150000005066,0.0955009446807616,-0.15313040233715
17.25,0.0956100000005068,0.0954921991190032,-0.173435568397109
17.252,0.095606000000507,0.0954826586845011,-0.194652971535288
17.254,0.0956020000005072,0.0954724221494246,-0.216070354687653
17.256,0.0955980000005074,0.0954616752851343,-0.236952621134877
17.258,0.0955940000005076,0.0954505636866917,-0.256558645738353
17.26,0.0955900000005078,0.0954392782148119,-0.273975671185711
17.262,0.0955870000005079,0.0954280429132896,-0.288559491924949
17.264,0.0955840000005081,0.0954171081291135,-0.299220795507023
17.266,0.0955810000005083,0.095406706365877,-0.305368818469556
17.268,0.0955780000005085,0.0953970539271042,-0.306413434735944
17.27,0.0955750000005087,0.0953884375732125,-0.301430066918655
17.272,0.0955730000005089,0.0953810012908157,-0.290369409684818
17.274,0.0955710000005091,0.0953748861901785,-0.273112772462747
17.276,0.0955690000005093,0.0953703012597562,-0.249266828096881
17.278,0.0955670000005095,0.0953672403375565,-0.219342557279674
17.28,0.0955650000005098,0.0953658634248064,-0.183168536009539
17.282,0.09556400000051,0.0953660798183337,-0.141490471270823
17.284,0.0955630000005101,0.0953679536763839,-0.0945001776718659
17.286,0.0955620000005103,0.0953713817847745,-0.0429518169108707
17.288,0.0955610000005105,0.0953762698727316,0.0124322590077106
17.29,0.0955600000005107,0.0953824655138205,0.0707626920750736
17.292,0.095560000000511,0.0953897358479321,0.130998014014411
17.294,0.0955600000005112,0.0953978992651069,0.192141840883987
17.296,0.0955600000005114,0.0954066517619522,0.253004669089675
17.298,0.0955600000005116,0.0954157130251618,0.312474329597926
17.3,0.0955600000005119,0.0954247862666763,0.369421049911664
17.302,0.0955610000005121,0.0954335767761362,0.422801983103207
17.304,0.0955620000005122,0.0954417536776053,0.471337471883024
17.306,0.0955630000005124,0.0954490090376183,0.514017219513037
17.308,0.0955640000005126,0.0954551439157085,0.550379311817412
17.31,0.0955650000005128,0.0954598588620134,0.579406650417421
17.312,0.095567000000513,0.0954630500884426,0.601082059224874
17.314,0.0955690000005132,0.095464640570407,0.615427179349148
17.316,0.0955710000005135,0.0954644260047167,0.621922684867715
17.318,0.0955730000005137,0.0954625720384003,0.621626693363204
17.32,0.0955750000005139,0.095458910375642,0.614208397016731
17.322,0.0955780000005141,0.0954536603233519,0.600844101706694
17.324,0.0955810000005143,0.0954468800382635,0.582026560906072
17.326,0.0955840000005145,0.0954386836935848,0.558452976439215
17.328,0.0955870000005147,0.0954293842571346,0.531436705194215
17.33,0.0955900000005149,0.0954192052191268,0.501954982243187
17.332,0.0955940000005151,0.0954084953120051,0.471312878427627
17.334,0.0955980000005153,0.095397593591629,0.440760160415814
17.336,0.0956020000005156,0.0953868629580875,0.411519719523447
17.338,0.0956060000005158,0.0953767145450294,0.384999702250331
17.34,0.095610000000516,0.0953674722966234,0.362158223370065
17.342,0.0956150000005162,0.0953594689520118,0.344024925791897
17.344,0.0956200000005164,0.095353172982392,0.332036811816981
17.346,0.0956250000005166,0.0953486600063806,0.326191920307087
17.348,0.0956300000005168,0.0953462440856281,0.327313892027148
17.35,0.095635000000517,0.0953460748849583,0.335604051171638
17.352,0.0956410000005172,0.0953481528015655,0.350768029891703
17.354,0.0956470000005174,0.0953525657245546,0.37273209976957
17.356,0.0956530000005176,0.0953592675247782,0.400959241376915
17.358,0.0956590000005178,0.0953681292123469,0.434665959393482
17.36,0.095665000000518,0.0953789614026611,0.472915154006697
17.362,0.0956720000005182,0.0953916473462858,0.514883385730182
17.364,0.0956790000005184,0.0954058778934967,0.559281559351746
17.366,0.0956860000005186,0.0954213852890711,0.604900125589668
17.368,0.0956930000005188,0.0954378232083259,0.650500650959862
17.37,0.0957000000005191,0.0954549121212108,0.694809143744158
17.372,0.0957080000005193,0.095472297425325,0.73669475614881
17.374,0.0957160000005195,0.0954896625510942,0.775121730781439
17.376,0.0957240000005197,0.0955066405023565,0.808685338377738
17.378,0.0957320000005199,0.0955229225477414,0.836684455218774
17.38,0.0957400000005201,0.0955381361916067,0.857856753235672
17.382,0.0957490000005203,0.0955520010974364,0.871579574475912
17.384,0.0957580000005205,0.0955642578603037,0.877239472421017
17.386,0.0957670000005208,0.0955746994833597,0.874400625450662
17.388,0.095776000000521,0.0955832445085275,0.86313925374499
17.39,0.0957850000005212,0.0955898273318524,0.843528273839209
17.392,0.0957950000005214,0.0955943511739735,0.815504887629935
17.394,0.0958050000005216,0.0955970052865348,0.780141483718637
17.396,0.0958150000005218,0.0955978630190206,0.737985722266647
17.398,0.095825000000522,0.095597050079567,0.689784511386801
17.4,0.0958350000005222,0.0955947870508374,0.63663635746429
17.402,0.0958460000005225,0.0955914346132826,0.580057129869845
17.404,0.0958570000005227,0.0955872302548592,0.521136922008121
17.406,0.0958680000005229,0.0955825118714818,0.461245716171845
17.408,0.0958790000005231,0.0955776035241409,0.401624737047766
17.41,0.0958900000005233,0.0955728038958292,0.343407144885562
17.412,0.0959020000005235,0.0955684222015188,0.287693946133816
17.414,0.0959140000005237,0.0955647771576422,0.235574978825192
17.416,0.0959260000005239,0.0955621761466867,0.188022574765296
17.418,0.0959380000005241,0.0955609173100495,0.145926250309704
17.42,0.0959500000005244,0.0955612498146768,0.109960272360982
17.422,0.0959640000005246,0.0955634016022171,0.0806880122657125
17.424,0.0959780000005248,0.0955675768249111,0.0585551244548695
17.426,0.095992000000525,0.0955737893419217,0.0433399533116643
17.428,0.0960060000005253,0.0955821645272086,0.0351972426435958
17.43,0.0960200000005255,0.0955927701719027,0.0340519066212129
17.432,0.0960350000005257,0.0956055698478048,0.0394807665305444
17.434,0.0960500000005259,0.0956205806852574,0.0511811849497085
17.436,0.0960650000005261,0.0956375764321399,0.0681498930925577
17.438,0.0960800000005263,0.0956564668993493,0.0897477234418243
17.44,0.0960950000005265,0.0956770647544413,0.115065582063712
17.442,0.0961100000005267,0.0956990966838912,0.142979410304912
17.444,0.096125000000527,0.0957222814916973,0.172363530572047
17.446,0.0961400000005272,0.0957463052408824,0.20208395262791
17.448,0.0961550000005274,0.0957708692214931,0.231038532631431
17.45,0.0961700000005277,0.0957956523033538,0.25809211408201
17.452,0.0961840000005279,0.0958203339912156,0.28223655295583
17.454,0.0961980000005281,0.0958445779133456,0.302349521777429
17.456,0.0962120000005283,0.095868137699696,0.317915859871683
17.458,0.0962260000005285,0.0958907320184262,0.328116086813519
17.46,0.0962400000005287,0.0959120800388306,0.332295547269501
17.462,0.0962530000005289,0.0959320962183847,0.33065961170176
17.464,0.0962660000005292,0.0959505739057166,0.322845118452851
17.466,0.0962790000005294,0.0959673750498672,0.308837096799815
17.468,0.0962920000005296,0.0959824639675562,0.288977213131296
17.47,0.0963050000005299,0.0959958350951926,0.263682726435891
17.472,0.0963170000005301,0.0960074333522611,0.233230214570062
17.474,0.0963290000005303,0.0960173244081782,0.198283181917768
17.476,0.0963410000005304,0.0960256537599685,0.15967122005675
17.478,0.0963530000005307,0.0960325325545082,0.118155890999653
17.48,0.0963650000005308,0.0960382146685327,0.0748142389922314
17.482,0.0963760000005311,0.0960429652116101,0.0307302207223323
17.484,0.0963870000005313,0.096047079835918,-0.0129922301385402
17.486,0.0963980000005315,0.0960508752527238,-0.0552178477618285
17.488,0.0964090000005317,0.0960546596750028,-0.0949105277201272
17.49,0.096420000000532,0.0960587052031904,-0.131281677497763
17.492,0.0964300000005322,0.0960633177307963,-0.163246880315432
17.494,0.0964400000005324,0.0960686309973673,-0.19085157001497
17.496,0.0964500000005326,0.0960748726534936,-0.213454926382899
17.498,0.0964600000005328,0.0960821955643123,-0.230935812003088
17.5,0.096470000000533,0.0960906285474201,-0.243672842339278
17.502,0.0964790000005333,0.0961002981656002,-0.251618819539066
17.504,0.0964880000005335,0.0961112278249227,-0.25517324394263
17.506,0.0964970000005337,0.096123338085176,-0.25503553142757
17.508,0.096506000000534,0.0961366227302284,-0.251640762712415
17.51,0.0965150000005342,0.0961510614330788,-0.245529457606365
17.512,0.0965230000005344,0.0961665230087027,-0.237487161391073
17.514,0.0965310000005347,0.0961828997036752,-0.228202134085625
17.516,0.0965390000005349,0.0962000705759974,-0.218435137977824
17.518,0.0965470000005352,0.0962177962266289,-0.208986372466901
17.52,0.0965550000005354,0.0962359044736275,-0.200725636375418
17.522,0.0965620000005356,0.0962541219829954,-0.19443731843111
17.524,0.0965690000005358,0.0962722095854376,-0.190849645481983
17.526,0.096576000000536,0.0962898870141112,-0.190866833383265
17.528,0.0965830000005362,0.096306912830442,-0.194944780268931
17.53,0.0965900000005365,0.0963230465830093,-0.20360292384741
17.532,0.0965960000005367,0.0963380592199251,-0.217242037018218
17.534,0.096602000000537,0.0963517891811686,-0.235942516653734
17.536,0.0966080000005372,0.0963640797297474,-0.259778357151617
17.538,0.0966140000005375,0.0963748329661249,-0.288583224612299
17.54,0.0966200000005377,0.0963840235893692,-0.321956299020957
17.542,0.0966250000005379,0.0963915926497863,-0.359521125232446
17.544,0.0966300000005381,0.0963976166619214,-0.400546750555645
17.546,0.0966350000005383,0.0964021374248126,-0.444326934214488
17.548,0.0966400000005385,0.0964052759549548,-0.489983955686911
17.55,0.0966450000005387,0.0964071358638808,-0.536673006841231
17.552,0.0966490000005389,0.0964078784486727,-0.583463295506026
17.554,0.0966530000005392,0.0964077103344285,-0.629455437691055
17.556,0.0966570000005395,0.0964067979147998,-0.673725024864976
17.558,0.0966610000005397,0.0964053840633418,-0.715461879096604
17.56,0.09666500000054,0.0964036975406102,-0.753737487683716
17.562,0.0966680000005402,0.0964019982462974,-0.787816551956914
17.564,0.0966710000005404,0.096400534095938,-0.816932933643618
17.566,0.0966740000005406,0.0963995622026801,-0.840368222390613
17.568,0.0966770000005408,0.0963993491677863,-0.857475280107288
17.57,0.096680000000541,0.0964001383186622,-0.867786068346447
17.572,0.0966820000005412,0.0964020854902392,-0.871282860518423
17.574,0.0966840000005415,0.0964053589140254,-0.867736502843739
17.576,0.0966860000005417,0.0964101310020807,-0.85688016291399
17.578,0.096688000000542,0.0964163469239346,-0.839434507720035
17.58,0.0966900000005422,0.0964240463081257,-0.81559700493718
17.582,0.0966910000005424,0.0964331679679759,-0.785981613574213
17.584,0.0966920000005426,0.0964436805800809,-0.751079757848421
17.586,0.0966930000005428,0.0964554246833525,-0.711866399754202
17.588,0.0966940000005431,0.0964682530742955,-0.669218434130189
17.59,0.0966950000005433,0.096481979902481,-0.624121225536092
17.592,0.0966950000005435,0.0964963760939076,-0.577642491325569
17.594,0.0966950000005438,0.0965111905181043,-0.530816491862387
17.596,0.096695000000544,0.0965261865051298,-0.484627927087134
17.598,0.0966950000005443,0.0965410906240964,-0.440143666679862
17.6,0.0966950000005445,0.0965556327405709,-0.398279200674347
17.602,0.0966940000005448,0.096569514739169,-0.360044636623745
17.604,0.096693000000545,0.0965824779081895,-0.32619043864791
17.606,0.0966920000005453,0.0965942674236674,-0.297390099257726
17.608,0.0966910000005455,0.0966045920997503,-0.274386052944036
17.61,0.0966900000005458,0.0966133541342923,-0.257123691934944
17.612,0.096688000000546,0.0966203935687327,-0.245808181936858
17.614,0.0966860000005462,0.0966255049572625,-0.240719351025639
17.616,0.0966840000005464,0.0966287019169426,-0.24141836510119
17.618,0.0966820000005467,0.0966298799031822,-0.247817259412405
17.62,0.0966800000005469,0.0966290731970135,-0.259405513823823
17.622,0.0966770000005471,0.0966263471001346,-0.275585799840954
17.624,0.0966740000005474,0.0966217300284767,-0.295797986763757
17.626,0.0966710000005476,0.0966154679536117,-0.319010595209227
17.628,0.0966680000005479,0.0966076963789544,-0.344384272063862
17.63,0.0966650000005481,0.0965987099767417,-0.370774469631514
17.632,0.0966610000005483,0.0965888027258905,-0.39705316469884
17.634,0.0966570000005486,0.0965782793615378,-0.422054946748562
17.636,0.0966530000005488,0.096567484146035,-0.444651382225569
17.638,0.096649000000549,0.0965567420391506,-0.463810607342012
17.64,0.0966450000005492,0.0965463992467028,-0.478317389921182
17.642,0.0966400000005495,0.0965367573582731,-0.48738139965497
17.644,0.0966350000005497,0.0965281072850253,-0.490236942094066
17.646,0.09663000000055,0.0965206853702812,-0.486425010712399
17.648,0.0966250000005502,0.0965146550131269,-0.475799716667876
17.65,0.0966200000005505,0.0965102200137513,-0.458052263789914
17.652,0.0966140000005507,0.0965073659285491,-0.433802414437633
17.654,0.0966080000005509,0.096506190515581,-0.403166241772552
17.656,0.0966020000005512,0.0965066604243416,-0.366772017584335
17.658,0.0965960000005514,0.0965087540050692,-0.325160625932471
17.66,0.0965900000005516,0.0965124204935014,-0.278990792247081
17.662,0.0965830000005519,0.0965174333443103,-0.229415447522223
17.664,0.0965760000005521,0.0965235641407768,-0.177566502804739
17.666,0.0965690000005524,0.0965305030325797,-0.12469902355189
17.668,0.0965620000005526,0.0965379689978786,-0.0720596915789641
17.67,0.0965550000005529,0.0965455938451144,-0.0209985075312185
17.672,0.0965470000005531,0.0965530343722107,0.0273196639593628
17.674,0.0965390000005533,0.0965599053925772,0.0714818851974373
17.676,0.0965310000005536,0.0965658331240062,0.110302824708712
17.678,0.0965230000005538,0.0965705624298942,0.14314540760049
17.68,0.0965150000005541,0.0965736532506376,0.168537799274258
17.682,0.0965060000005543,0.0965749897238482,0.186518264306988
17.684,0.0964970000005546,0.0965743789471606,0.196717975000259
17.686,0.0964880000005548,0.0965715568282034,0.198568215874587
17.688,0.0964790000005551,0.0965665725909711,0.192700816914773
17.69,0.0964700000005553,0.0965594105469142,0.179469433219092
17.692,0.0964600000005555,0.0965499256242741,0.158899984045292
17.694,0.0964500000005558,0.0965383759294109,0.132274932039327
17.696,0.096440000000556,0.0965248041707219,0.100192818061088
17.698,0.0964300000005563,0.0965093416259799,0.0635758434481197
17.7,0.0964200000005565,0.0964922989688423,0.0237372590274031
17.702,0.0964100000005567,0.0964738927792591,-0.018255469241458
17.704,0.096400000000557,0.0964544000410367,-0.0612205432557907
17.706,0.0963900000005573,0.0964341562999645,-0.103980915316297
17.708,0.0963800000005575,0.0964134678479598,-0.145438979283286
17.71,0.0963700000005578,0.096392675546433,-0.184378019967377
17.712,0.096360000000558,0.0963721267391996,-0.219899690177305
17.714,0.0963500000005582,0.0963521575247465,-0.250927123314271
17.716,0.0963400000005585,0.0963331418881801,-0.276364524403726
17.718,0.0963300000005587,0.0963153287111411,-0.295806693244554
17.72,0.0963200000005589,0.0962989857391616,-0.308631651506246
17.722,0.0963100000005592,0.0962843611518812,-0.314332258205494
17.724,0.0963000000005595,0.096271524628376,-0.313092940637026
17.726,0.0962900000005597,0.0962605557856052,-0.305003573394376
17.728,0.09628000000056,0.0962514729394984,-0.290389610321743
17.73,0.0962700000005603,0.0962442901503517,-0.269621007215763
17.732,0.0962600000005605,0.0962388808367178,-0.243548614956056
17.734,0.0962500000005607,0.0962351907542466,-0.212832425114649
17.736,0.096240000000561,0.0962329675130807,-0.17865770881423
17.738,0.0962300000005612,0.0962320815238779,-0.141904690176355
17.74,0.0962200000005615,0.0962322890235874,-0.103722303749518
17.742,0.0962100000005617,0.0962333078471586,-0.065212969265988
17.744,0.096200000000562,0.0962349017648694,-0.0273618780412601
17.746,0.0961900000005622,0.0962368044139903,0.00884898898995637
17.748,0.0961800000005625,0.0962387441436514,0.042529720602491
17.75,0.0961700000005627,0.096240400848734,0.0724919302393452
17.752,0.096160000000563,0.0962415347917001,0.0983665201358407
17.754,0.0961500000005632,0.0962418255786947,0.119110947591367
17.756,0.0961400000005635,0.0962410164383654,0.134254705589053
17.758,0.0961300000005637,0.0962388727148001,0.143397589123467
17.76,0.0961200000005639,0.0962352211094446,0.146375294977057
17.762,0.0961100000005642,0.0962299242604588,0.143153014590066
17.764,0.0961000000005644,0.0962228899633906,0.133842719346925
17.766,0.0960900000005647,0.0962140742816238,0.118724170477737
17.768,0.0960800000005649,0.0962035158800783,0.0983342718940481
17.77,0.0960700000005651,0.096191118097231,0.0728663309782547
17.772,0.0960600000005654,0.0961770995455773,0.0434182290024111
17.774,0.0960500000005657,0.0961615967436347,0.0108021122584253
17.776,0.0960400000005659,0.0961447010488861,-0.0242150957919789
17.778,0.0960300000005662,0.096126652620662,-0.0605126974193344
17.78,0.0960200000005665,0.096107756455028,-0.0970013215037358
17.782,0.0960100000005667,0.0960882475405532,-0.132663576001838
17.784,0.0960000000005669,0.0960684092324579,-0.166451577584245
17.786,0.0959900000005671,0.0960485264707611,-0.197431505809068
17.788,0.0959800000005674,0.0960289209243796,-0.224348537718588
17.79,0.0959700000005676,0.0960098328954606,-0.246803105506505
17.792,0.0959600000005679,0.0959915600324163,-0.263817145056659
17.794,0.0959500000005682,0.0959743478967498,-0.274903160147853
17.796,0.0959400000005685,0.095958377895283,-0.279882605915827
17.798,0.0959300000005688,0.0959437960123314,-0.278695022531979
17.8,0.0959200000005691,0.0959308063561033,-0.27108235961956
17.802,0.0959100000005693,0.0959193797186065,-0.257685507798365
17.804,0.0959000000005695,0.0959096056979382,-0.238656470275146
17.806,0.0958900000005697,0.0959014612366725,-0.214534971407031
17.808,0.0958800000005699,0.0958950055749071,-0.185645108344398
17.81,0.0958700000005702,0.0958901171646456,-0.152854434960992
17.812,0.0958600000005705,0.0958865916982784,-0.117170218791492
17.814,0.0958500000005707,0.0958843236810135,-0.0794065147126612
17.816,0.095840000000571,0.0958830242775693,-0.0407774249066663
17.818,0.0958300000005713,0.0958823878049732,-0.00243423719875056
17.82,0.0958200000005716,0.0958821255861621,0.0344824974617732
17.822,0.0958100000005719,0.0958819119218183,0.0687951731385874
17.824,0.0958000000005721,0.0958814114398832,0.0993926813028297
17.826,0.0957900000005723,0.0958803072900595,0.125276532899267
17.828,0.0957800000005726,0.0958782945284563,0.145553341742
17.83,0.0957700000005728,0.0958751094440872,0.159646022080351
17.832,0.0957600000005731,0.0958705824480475,0.167408512161277
17.834,0.0957500000005734,0.0958645059002547,0.168524265402807
17.836,0.0957400000005736,0.0958567372257593,0.16302159394374
17.838,0.0957300000005739,0.0958472383421032,0.151323519470735
17.84,0.0957200000005742,0.0958359497720021,0.133753917267359
17.842,0.0957100000005744,0.0958227863795129,0.11064375338072
17.844,0.0957000000005747,0.0958079520130263,0.0830949117933564
17.846,0.0956900000005749,0.0957913983435676,0.0515070608189038
17.848,0.0956800000005752,0.0957732931789346,0.0168907418890284
17.85,0.0956700000005754,0.0957538867397948,-0.0196472158073336
17.852,0.0956600000005756,0.0957334015754028,-0.0570635492335082
17.854,0.0956500000005759,0.0957121073591357,-0.0941578781857314
17.856,0.0956400000005761,0.0956903681587087,-0.129825346858019
17.858,0.0956300000005763,0.0956685040543469,-0.162804467729152
17.86,0.0956200000005766,0.0956468730815944,-0.192109157467054
17.862,0.0956100000005769,0.0956258007085676,-0.216727584671539
17.864,0.0956000000005771,0.0956056390951148,-0.235615285977041
17.866,0.0955900000005774,0.095586695876937,-0.248049610785087
17.868,0.0955800000005777,0.0955692020551167,-0.253646512979228
17.87,0.095570000000578,0.0955533554547879,-0.252132921848635
17.872,0.0955600000005782,0.0955393334021171,-0.243318688978041
17.874,0.0955500000005785,0.0955271504792327,-0.227645588743716
17.876,0.0955400000005787,0.0955168862888331,-0.205300319747397
17.878,0.095530000000579,0.0955085553484481,-0.176776769984729
17.88,0.0955200000005792,0.0955019892859683,-0.143121469691359
17.882,0.0955100000005795,0.0954971002142586,-0.105088523359062
17.884,0.0955000000005798,0.0954938129863564,-0.0635049024439351
17.886,0.0954900000005801,0.0954918779901262,-0.0196042669600191
17.888,0.0954800000005804,0.0954910283857281,0.0254544453525731
17.89,0.0954700000005806,0.0954910622136287,0.0705566126157595
17.892,0.0954600000005809,0.095491665606387,0.114621307539773
17.894,0.0954500000005812,0.0954925687424459,0.156614755734033
17.896,0.0954400000005814,0.0954934709982458,0.195502210857534
17.898,0.0954300000005816,0.095494049007832,0.230267579670153
17.9,0.0954200000005819,0.0954939957012862,0.260100488983808
17.902,0.0954100000005822,0.095492979913876,0.284062891749621
17.904,0.0954000000005824,0.0954906630863797,0.301321053280255
17.906,0.0953900000005827,0.0954868938987812,0.311881679754417
17.908,0.095380000000583,0.095481384385825,0.315065206591801
17.91,0.0953700000005833,0.0954740518589853,0.311067922102784
17.912,0.0953600000005835,0.0954647903115318,0.299930045903445
17.914,0.0953500000005838,0.0954535574936174,0.281941908840255
17.916,0.095340000000584,0.0954403285068711,0.257478498153565
17.918,0.0953300000005843,0.0954252532521249,0.22748728124551
17.92,0.0953200000005845,0.0954083659409837,0.192573797412559
17.922,0.0953100000005848,0.0953899275641608,0.153950386513302
17.924,0.095300000000585,0.0953700697986945,0.112521556432191
17.926,0.0952900000005853,0.0953490751103343,0.0695164388305865
17.928,0.0952800000005855,0.0953272325593778,0.0260880786024869
17.93,0.0952700000005858,0.0953048071392497,-0.01670513879265
17.932,0.0952600000005861,0.0952820812080377,-0.0578232777011906
17.934,0.0952500000005863,0.0952593491440319,-0.0962029865690532
17.936,0.0952400000005866,0.0952369192984654,-0.130855257492017
17.938,0.0952300000005869,0.0952151121253246,-0.160817428886283
17.94,0.0952200000005872,0.095194176502956,-0.185568591254047
17.942,0.0952100000005874,0.0951743997009803,-0.204328100291735
17.944,0.0952000000005877,0.0951560157329834,-0.2166398591809
17.946,0.0951900000005879,0.0951392428259437,-0.222148797234995
17.948,0.0951800000005882,0.0951241198493306,-0.221192562435516
17.95,0.0951700000005885,0.0951107785463037,-0.213706553638377
17.952,0.0951600000005888,0.0950993279912665,-0.19975806420172
17.954,0.095150000000589,0.0950897290896104,-0.179922436388099
17.956,0.0951400000005893,0.0950819752727709,-0.154680563066298
17.958,0.0951300000005896,0.0950759678041404,-0.124799266056124
17.96,0.0951200000005898,0.0950715702143567,-0.0911649442011304
17.962,0.0951100000005901,0.0950685158728262,-0.0549044370484372
17.964,0.0951000000005904,0.0950666226811006,-0.0169994895189345
17.966,0.0950900000005906,0.0950656312814491,0.021325697916451
17.968,0.0950800000005909,0.0950651761073118,0.0588806141305672
17.97,0.0950700000005912,0.095064969111474,0.0945219301611814
17.972,0.0950600000005914,0.0950646993677009,0.127233382044945
17.974,0.0950500000005917,0.0950640184130221,0.155669097735583
17.976,0.095040000000592,0.0950626453257168,0.179196270691491
17.978,0.0950300000005923,0.0950602843689046,0.196944290123175
17.98,0.0950200000005925,0.0950566203587762,0.208096981523009
17.982,0.0950100000005928,0.095051544436992,0.212853413612966
17.984,0.0950000000005931,0.0950449078939815,0.211122835420661
17.986,0.0949900000005933,0.0950364693844663,0.202547864117166
17.988,0.0949800000005936,0.0950262379175003,0.187732133010646
17.99,0.0949700000005939,0.0950140863546426,0.166809001966972
17.992,0.0949600000005942,0.0950000847804078,0.140551247530932
17.994,0.0949500000005944,0.0949843306795384,0.109703409509347
17.996,0.0949400000005947,0.0949667593862244,0.0746765880588796
17.998,0.0949300000005949,0.0949477277818115,0.0368694026940812
18,0.0949200000005952,0.0949274179273397,-0.00275108907641836
18.002,0.0949100000005955,0.0949060917641353,-0.0429752239230466
18.004,0.0949000000005957,0.0948841322681778,-0.0825092384800217
18.006,0.094890000000596,0.0948618692718957,-0.120189811157771
18.008,0.0948800000005963,0.0948396701915118,-0.154613151898332
18.01,0.0948700000005966,0.0948179076544987,-0.184716239800849
18.012,0.0948600000005969,0.0947968571375986,-0.209813833537408
18.014,0.0948500000005972,0.0947769169140735,-0.228524800478123
18.016,0.0948400000005974,0.0947583312617938,-0.240467908505062
18.018,0.0948300000005977,0.0947412380173015,-0.245637554473544
18.02,0.094820000000598,0.0947258762493929,-0.243577105492159
18.022,0.0948100000005982,0.0947123709485283,-0.234375052590511
18.024,0.0948000000005985,0.0947007175214247,-0.218587810622043
18.026,0.0947900000005988,0.0946910259480083,-0.196408415382339
18.028,0.094780000000599,0.0946831700187556,-0.168798845423509
18.03,0.0947700000005993,0.0946770814184177,-0.136479184668568
18.032,0.0947600000005996,0.0946727603538676,-0.100067404274325
18.034,0.0947500000005999,0.0946698971777799,-0.0609047907902042
18.036,0.0947400000006001,0.0946683535814668,-0.0199396225420194
18.038,0.0947300000006004,0.0946678446734684,0.0216288912450494
18.04,0.0947200000006007,0.0946680836888864,0.0626413499515672
18.042,0.094710000000601,0.0946687570013486,0.102067913839723
18.044,0.0947000000006012,0.0946695453117415,0.138635388058413
18.046,0.0946900000006015,0.0946701025329525,0.171441896938402
18.048,0.0946800000006017,0.094670072784732,0.19934633507882
18.05,0.0946700000006019,0.09466910257859,0.221414332126013
18.052,0.0946600000006023,0.094666942700213,0.237282727664223
18.054,0.0946500000006026,0.0946632996595754,0.246266944188198
18.056,0.0946400000006028,0.0946579942713868,0.248222542145893
18.058,0.0946300000006031,0.0946507860735027,0.242749176270318
18.06,0.0946200000006034,0.0946417006413085,0.230456232792371
18.062,0.0946100000006037,0.0946306758825636,0.211592027831157
18.064,0.0946000000006039,0.0946176444515143,0.186474438298038
18.066,0.0945900000006042,0.0946028437476248,0.156341635029691
18.068,0.0945800000006044,0.0945862043801639,0.121557747781072
18.07,0.0945700000006047,0.094567970210389,0.0833791169283049
18.072,0.094560000000605,0.094548370228926,0.0429409158815287
18.074,0.0945500000006052,0.0945276021918663,0.00130673145339673
18.076,0.0945400000006055,0.0945059554762264,-0.040390596339751
18.078,0.0945300000006058,0.0944836823749306,-0.0811280546268429
18.08,0.0945200000006061,0.0944610616647985,-0.119899386571675
18.082,0.0945100000006064,0.0944383837116932,-0.15574795792345
18.084,0.0945000000006066,0.0944159638407393,-0.187626256327353
18.086,0.0944900000006069,0.0943941125884647,-0.214736720528011
18.088,0.0944800000006071,0.094373137023828,-0.236305345295021
18.09,0.0944700000006074,0.0943533013617795,-0.251792521203891
18.092,0.0944600000006077,0.0943348440810456,-0.260784143070863
18.094,0.094450000000608,0.0943180274289939,-0.262761143435716
18.096,0.0944400000006083,0.094302884836238,-0.258121324025856
18.098,0.0944300000006086,0.0942895410147214,-0.246835698257507
18.1,0.0944200000006089,0.0942780469357244,-0.229167688425128
18.102,0.0944100000006092,0.0942684468111673,-0.205431320846827
18.104,0.0944000000006094,0.0942606551434835,-0.176384043456275
18.106,0.0943900000006097,0.09425459744244,-0.142769123802309
18.108,0.09438000000061,0.0942500543445832,-0.105667561012772
18.11,0.0943700000006103,0.0942469243217783,-0.0658911686549146
18.112,0.0943600000006106,0.0942449753659706,-0.0245907286056209
18.114,0.0943500000006108,0.0942439072659515,0.0170776435448437
18.116,0.0943400000006111,0.094243480412181,0.0580680930513223
18.118,0.0943300000006114,0.0942434142092143,0.0973141350384601
18.12,0.0943200000006116,0.0942434188910876,0.133786111783558
18.122,0.0943100000006119,0.0942431881069403,0.166397493558722
18.124,0.0943000000006122,0.0942424458852023,0.194479438067343
18.126,0.0942900000006125,0.0942408693807327,0.216995684072422
18.128,0.0942800000006128,0.0942382494599927,0.233680775456814
18.13,0.0942700000006131,0.0942342866463525,0.243802874411263
18.132,0.0942600000006133,0.0942289234160943,0.247754363965545
18.134,0.0942500000006136,0.094221888897603,0.244984069901292
18.136,0.0942400000006138,0.0942131094709555,0.235799091499958
18.138,0.0942300000006141,0.0942025464912164,0.220591760865127
18.14,0.0942200000006143,0.0941902101019659,0.19987994639144
18.142,0.0942100000006146,0.0941760118244506,0.173921475805005
18.144,0.0942000000006149,0.0941600731872856,0.143598029726076
18.146,0.0941900000006152,0.0941425866568368,0.109907801469347
18.148,0.0941800000006155,0.0941237045528864,0.0737726640181362
18.15,0.0941700000006158,0.0941037076321171,0.0363701348498479
18.152,0.094160000000616,0.0940828816013488,-0.00108293658176947
18.154,0.0941500000006163,0.0940615692084686,-0.0373912474878163
18.156,0.0941400000006166,0.0940400964914268,-0.0714556495622726
18.158,0.0941300000006168,0.0940188141640589,-0.101924718701558
18.16,0.0941200000006171,0.0939980433237962,-0.127931148956472
18.162,0.0941100000006174,0.0939780925795581,-0.148547888793259
18.164,0.0941000000006177,0.093959254474717,-0.163046172977434
18.166,0.094090000000618,0.0939417608428615,-0.171033535544222
18.168,0.0940800000006183,0.0939257756827879,-0.172421312582159
18.17,0.0940700000006185,0.0939115185295155,-0.16694028907095
18.172,0.0940600000006189,0.0938989920539011,-0.155182809152781
18.174,0.0940500000006191,0.0938883104881704,-0.137304117968324
18.176,0.0940400000006194,0.0938794518805902,-0.113945121731855
18.178,0.0940300000006197,0.0938724693600754,-0.0855132923581978
18.18,0.09402000000062,0.0938672593227257,-0.0528602866932358
18.182,0.0940100000006203,0.0938637462968808,-0.016818317196301
18.184,0.0940000000006205,0.0938615968175771,0.0213277813569952
18.186,0.0939900000006208,0.093860653352614,0.0605995026033593
18.188,0.0939800000006211,0.0938606136784186,0.0997631653350067
18.19,0.0939700000006213,0.093861147605005,0.137576552272015
18.192,0.0939600000006216,0.0938619081330496,0.172931317977376
18.194,0.0939500000006219,0.0938625291215743,0.204482409738014
18.196,0.0939400000006222,0.0938626668216491,0.23131598778869
18.198,0.0939300000006225,0.0938619739985214,0.252384149646714
18.2,0.0939200000006228,0.0938601030947379,0.266801838227349
18.202,0.0939100000006231,0.0938568880803666,0.274553708280062
18.204,0.0939000000006233,0.0938520672949011,0.275089853145228
18.206,0.0938900000006236,0.0938453927909836,0.268030230293417
18.208,0.0938800000006239,0.0938368970847778,0.254109829302423
18.21,0.0938700000006241,0.0938265282558764,0.233650291521893
18.212,0.0938600000006244,0.0938141079889198,0.206686905223209
18.214,0.0938500000006247,0.0937998937816322,0.174592621831796
18.216,0.093840000000625,0.093783888415957,0.137922743451164
18.218,0.0938300000006253,0.0937661629432788,0.0975541304021386
18.22,0.0938200000006256,0.0937470317496001,0.0548251491391058
18.222,0.0938100000006258,0.0937266742664123,0.010751748387637
18.224,0.0938000000006261,0.0937053450250925,-0.0335253149062445
18.226,0.0937900000006264,0.0936833287338557,-0.07689034196889
18.228,0.0937800000006267,0.093660930205161,-0.118359436914837
18.23,0.0937700000006269,0.0936384588690155,-0.156757818539521
18.232,0.0937600000006272,0.0936162645383006,-0.19108986617523
18.234,0.0937500000006275,0.0935946268821168,-0.220761765887929
18.236,0.0937400000006278,0.0935739647180363,-0.244342478015559
18.238,0.0937300000006281,0.093554453079403,-0.261907284614718
18.24,0.0937200000006284,0.0935364291033625,-0.272529620930215
18.242,0.0937100000006287,0.0935200757808248,-0.276062119062996
18.244,0.0937000000006289,0.0935055560622503,-0.272383729713344
18.246,0.0936900000006292,0.0934929221909532,-0.261772593029382
18.248,0.0936800000006295,0.0934821688358305,-0.244691137144606
18.25,0.0936700000006298,0.0934733473601284,-0.221438615176626
18.252,0.0936600000006301,0.0934663825531193,-0.19276793448525
18.254,0.0936500000006303,0.0934611911241169,-0.159487435538087
18.256,0.0936400000006306,0.0934575240754761,-0.122795108511212
18.258,0.0936300000006309,0.0934552863381293,-0.0835329919873311
18.26,0.0936200000006312,0.0934542122391828,-0.0429028215679916
18.262,0.0936110000006315,0.0934540559884139,-0.00199982969409477
18.264,0.0936020000006317,0.0934545676718706,0.038113025673646
18.266,0.093593000000632,0.0934554638537933,0.0764258520820449
18.268,0.0935840000006323,0.0934564679252665,0.112039285349484
18.27,0.0935750000006326,0.0934572797006608,0.143842601947396
18.272,0.0935670000006329,0.0934576112952817,0.171179588057343
18.274,0.0935590000006331,0.09345716638543,0.193201957478691
18.276,0.0935510000006334,0.0934556773031241,0.209337255307934
18.278,0.0935430000006337,0.0934529308796875,0.219306511161778
18.28,0.093535000000634,0.0934487807822076,0.223061581358646
18.282,0.0935280000006343,0.0934430427277042,0.220387400704259
18.284,0.0935210000006346,0.0934356659331674,0.211602079296035
18.286,0.0935140000006348,0.0934266024227852,0.197004398147084
18.288,0.0935070000006351,0.0934158133251326,0.176937380879656
18.29,0.0935000000006354,0.0934033526905177,0.152059301204542
18.292,0.0934940000006357,0.0933893278710946,0.123171348283534
18.294,0.093488000000636,0.0933738767220817,0.0911584046884251
18.296,0.0934820000006363,0.0933572254235804,0.0571155727932464
18.298,0.0934760000006366,0.0933396557352183,0.0222052101042817
18.3,0.0934700000006369,0.0933214367713898,-0.012389238626001
18.302,0.0934650000006372,0.0933028953807434,-0.0455049194596736
18.304,0.0934600000006374,0.0932843508891614,-0.0760190607703069
18.306,0.0934550000006377,0.0932661179599908,-0.102902996233074
18.308,0.093450000000638,0.0932485484471104,-0.124928424360133
18.31,0.0934450000006382,0.0932319868261475,-0.141090961119964
18.312,0.0934410000006385,0.0932166845115205,-0.150866230313011
18.314,0.0934370000006388,0.0932029328907475,-0.153532374332865
18.316,0.0934330000006391,0.0931909606907173,-0.148724241825641
18.318,0.0934290000006394,0.093180917014494,-0.136434844913001
18.32,0.0934250000006398,0.0931729201871712,-0.11677775613559
18.322,0.09342200000064,0.093167071803045,-0.0899611874432804
18.324,0.0934190000006403,0.0931633969516964,-0.0564731296749655
18.326,0.0934160000006406,0.0931618995257844,-0.0168498480384748
18.328,0.0934130000006409,0.0931624670230304,0.0280561333608084
18.33,0.0934100000006412,0.0931650431052793,0.0774916582334826
18.332,0.0934080000006415,0.093169315103805,0.130077219100129
18.334,0.0934060000006417,0.0931749830559427,0.184542215822753
18.336,0.093404000000642,0.093181755691483,0.239574522897433
18.338,0.0934020000006423,0.0931892651949956,0.293730144740941
18.34,0.0934000000006426,0.0931971188784607,0.345707229000903
18.342,0.0933990000006429,0.0932049662600416,0.394292443329632
18.344,0.0933980000006432,0.093212404558175,0.437941332144142
18.346,0.0933970000006435,0.0932191399052632,0.476039773987208
18.348,0.0933960000006437,0.0932248180746099,0.507362641288799
18.35,0.093395000000644,0.093229180385036,0.531403686599544
18.352,0.0933950000006443,0.0932320795026387,0.548113613902738
18.354,0.0933950000006445,0.0932332708057118,0.556959376176971
18.356,0.0933950000006448,0.0932327212523529,0.558397162832561
18.358,0.093395000000645,0.0932302936443201,0.55242765204253
18.36,0.0933950000006453,0.0932260574690762,0.539872362064776
18.362,0.0933960000006456,0.0932200043406514,0.521200297132022
18.364,0.0933970000006459,0.0932121557940219,0.497013781446717
18.366,0.0933980000006462,0.0932027257618004,0.468488741519538
18.368,0.0933990000006465,0.0931919047614782,0.43667891941868
18.37,0.0934000000006469,0.0931799640206656,0.402772606824805
18.372,0.0934020000006471,0.093167157762873,0.367904456179864
18.374,0.0934040000006474,0.0931538123561858,0.333335737756147
18.376,0.0934060000006477,0.0931402764770904,0.300191414579977
18.378,0.0934080000006479,0.0931269090503827,0.269724291642275
18.38,0.0934100000006482,0.0931140977503474,0.243104306044839
18.382,0.0934130000006485,0.0931021447404484,0.221062331857287
18.384,0.0934160000006488,0.0930914956732366,0.204956928680466
18.386,0.0934190000006492,0.093082356143504,0.195017441681916
18.388,0.0934220000006495,0.0930749733173215,0.191719965305163
18.39,0.0934250000006498,0.0930696361052799,0.195627148877892
18.392,0.0934290000006501,0.0930663769858308,0.206384503790667
18.394,0.0934330000006503,0.0930652713755965,0.223784056528203
18.396,0.0934370000006506,0.0930663589429785,0.24744921478689
18.398,0.0934410000006509,0.0930695443847393,0.276587141842212
18.4,0.0934450000006512,0.0930748615686399,0.310694344397572
18.402,0.0934500000006515,0.0930821832658216,0.34877779667426
18.404,0.0934550000006518,0.0930911947232918,0.389514503596324
18.406,0.0934600000006521,0.0931017536992184,0.431939422998239
18.408,0.0934650000006524,0.0931136536855784,0.474903996567876
18.41,0.0934700000006527,0.0931265869456578,0.517269858044583
18.412,0.093476000000653,0.0931402932616937,0.558008911963829
18.414,0.0934820000006532,0.0931544904012563,0.596116514436457
18.416,0.0934880000006535,0.0931688752916167,0.630390821226352
18.418,0.0934940000006538,0.0931831347844043,0.660375504392415
18.42,0.093500000000654,0.0931969250765521,0.684598551994955
18.422,0.0935070000006543,0.0932099580044561,0.702711197763593
18.424,0.0935140000006546,0.0932219466211111,0.714060347022438
18.426,0.0935210000006549,0.0932326258644985,0.71812833513273
18.428,0.0935280000006551,0.0932417982644051,0.71470367170892
18.43,0.0935350000006554,0.0932493892118648,0.704075422040766
18.432,0.0935430000006557,0.093255298086403,0.686331482507977
18.434,0.093551000000656,0.0932595222987541,0.661949536141826
18.436,0.0935590000006563,0.0932619806847953,0.631119662234202
18.438,0.0935670000006566,0.0932627890360865,0.594776916270632
18.44,0.0935750000006569,0.0932621183647374,0.553956419062237
18.442,0.0935840000006572,0.0932600753887014,0.509474232450673
18.444,0.0935930000006575,0.0932569062805671,0.462515749629145
18.446,0.0936020000006577,0.0932528380112858,0.414197707399483
18.448,0.093611000000658,0.0932481686987346,0.36568397447226
18.45,0.0936200000006583,0.0932431657779148,0.318031911379933
18.452,0.0936300000006586,0.0932381175343779,0.272341086356341
18.454,0.0936400000006589,0.093233326593884,0.229633575153784
18.456,0.0936500000006592,0.0932290892316531,0.19080957016302
18.458,0.0936600000006595,0.0932257288748774,0.156864524287585
18.46,0.0936700000006599,0.0932234878598639,0.128307623902882
18.462,0.0936810000006601,0.0932226270145765,0.105722909474051
18.464,0.0936920000006604,0.0932233423151769,0.0893716773950347
18.466,0.0937030000006607,0.0932258236782515,0.0794575918808079
18.468,0.0937140000006609,0.0932302045495965,0.0759525806331833
18.47,0.0937250000006612,0.0932365457324926,0.0785809399986804
18.472,0.0937370000006615,0.0932448816862572,0.0869857245356514
18.474,0.0937490000006618,0.0932552550818888,0.10081525604464
18.476,0.0937610000006621,0.0932676630318884,0.119541584211033
18.478,0.0937730000006625,0.0932820009646605,0.142356055890001
18.48,0.0937850000006628,0.0932980648190161,0.168267029282166
18.482,0.093798000000663,0.0933157348008175,0.196387494934154
18.484,0.0938110000006633,0.0933347114477246,0.22550844407898
18.486,0.0938240000006636,0.0933546841665956,0.254466883514644
18.488,0.0938370000006639,0.0933753619611526,0.282122626471829
18.49,0.0938500000006641,0.093396420308604,0.307397394500593
18.492,0.0938640000006645,0.0934175134354077,0.32889059900706
18.494,0.0938780000006647,0.0934383414132772,0.346129307313812
18.496,0.093892000000665,0.0934585743673069,0.357875012554426
18.498,0.0939060000006653,0.093477982465016,0.363951194073444
18.5,0.0939200000006656,0.093496290681103,0.363727274905158
18.502,0.0939350000006659,0.0935132841644722,0.357032956963575
18.504,0.0939500000006662,0.0935288280314975,0.344051189339549
18.506,0.0939650000006665,0.0935428549422583,0.325202035166797
18.508,0.0939800000006668,0.0935552977073349,0.300843065690603
18.51,0.0939950000006671,0.0935660404132765,0.271240469357839
18.512,0.0940110000006673,0.093575189825108,0.237304014270986
18.514,0.0940270000006676,0.0935827961870967,0.199722474316091
18.516,0.0940430000006679,0.0935889838585563,0.159433401540675
18.518,0.0940590000006682,0.0935940012981154,0.117583080828842
18.52,0.0940750000006685,0.0935981103697419,0.0753049071402038
18.522,0.0940920000006688,0.0936015963166105,0.0338388589419044
18.524,0.0941090000006691,0.0936048109513081,-0.00569044476870423
18.526,0.0941260000006694,0.0936081036317312,-0.0418943942336749
18.528,0.0941430000006697,0.0936118383304128,-0.0737748083704714
18.53,0.09416000000067,0.0936163143482788,-0.100506974805942
18.532,0.0941780000006703,0.0936219050608683,-0.120899492594275
18.534,0.0941960000006705,0.0936289052093779,-0.134339233553307
18.536,0.0942140000006709,0.0936374950905733,-0.140687052869226
18.538,0.0942320000006711,0.093647899796758,-0.139594397967607
18.54,0.0942500000006714,0.0936602848297671,-0.131004747393219
18.542,0.0942700000006717,0.093674672320062,-0.115407733775209
18.544,0.094290000000672,0.0936911645651753,-0.093025490447925
18.546,0.0943100000006723,0.0937097584229531,-0.0645106128871486
18.548,0.0943300000006726,0.0937302727709454,-0.0309488084873418
18.55,0.0943500000006728,0.0937527976855071,0.00726167888554396
18.552,0.0943710000006732,0.0937771470654056,0.0489484395110136
18.554,0.0943920000006734,0.093803102270351,0.0930374154384349
18.556,0.0944130000006738,0.0938304624114384,0.138486854231859
18.558,0.0944340000006741,0.0938590210399605,0.184226059525959
18.56,0.0944550000006744,0.0938884704609423,0.229218515301028
18.562,0.0944760000006747,0.0939185488841219,0.272380972097395
18.564,0.0944970000006749,0.0939489114635008,0.312609232480123
18.566,0.0945180000006752,0.0939792355262254,0.349198577468892
18.568,0.0945390000006755,0.0940092036690556,0.381104176058423
18.57,0.0945600000006757,0.0940384810228697,0.407526721340619
18.572,0.094580000000676,0.0940667570805073,0.427832922097218
18.574,0.0946000000006764,0.0940937623063375,0.44158344129064
18.576,0.0946200000006766,0.0941193389169785,0.448806435470886
18.578,0.0946400000006769,0.0941432141339876,0.448993707945898
18.58,0.0946600000006772,0.0941654285958224,0.442886691242359
18.582,0.0946790000006775,0.0941858832760993,0.430615548686353
18.584,0.0946980000006778,0.0942045142229286,0.412515233624448
18.586,0.0947170000006781,0.0942213796627292,0.389365443526417
18.588,0.0947360000006783,0.0942365775910337,0.36203190428892
18.59,0.0947550000006786,0.0942502593362459,0.331431115647494
18.592,0.0947730000006789,0.0942624611811722,0.298263212757136
18.594,0.0947910000006792,0.0942734283308161,0.263593732386196
18.596,0.0948090000006795,0.09428334768502,0.228307399449545
18.598,0.0948270000006798,0.0942924301955422,0.193315844894386
18.6,0.0948450000006802,0.0943009372536656,0.159459336295872
18.602,0.0948620000006805,0.0943091156793001,0.127666803896785
18.604,0.0948790000006808,0.0943172405796242,0.098654519057828
18.606,0.0948960000006811,0.0943255665390559,0.0730010824231793
18.608,0.0949130000006814,0.0943343685856747,0.0513627859556787
18.61,0.0949300000006817,0.0943438830247298,0.0340261547340873
18.612,0.094946000000682,0.0943543039349144,0.021132203335051
18.614,0.0949620000006823,0.0943658519071586,0.0129571347384476
18.616,0.0949780000006825,0.094378692130739,0.00951007133042651
18.618,0.0949940000006828,0.0943928597960914,0.0103968745994726
18.62,0.0950100000006831,0.094408436059929,0.0154079191583762
18.622,0.0950250000006834,0.0944254184232684,0.0240740433297295
18.624,0.0950400000006837,0.0944438183916345,0.0359212888077589
18.626,0.095055000000684,0.0944635763972305,0.0502690022000722
18.628,0.0950700000006843,0.094484612656986,0.0663956615532046
18.63,0.0950850000006846,0.094506774772662,0.0834471988469196
18.632,0.0950990000006849,0.0945298887173577,0.10056541237675
18.634,0.0951130000006851,0.0945537616423103,0.116824628538894
18.636,0.0951270000006854,0.094578151364914,0.131278224562306
18.638,0.0951410000006856,0.094602794881432,0.143059035412911
18.64,0.0951550000006859,0.0946274105875436,0.150984813381964
18.642,0.0951680000006862,0.0946516940109265,0.154316774978905
18.644,0.0951810000006865,0.0946753880921671,0.152512105259371
18.646,0.0951940000006868,0.0946981636399511,0.144672130863384
18.648,0.0952070000006871,0.0947198603062747,0.130980954507675
18.65,0.0952200000006874,0.0947402091033848,0.110982967461229
18.652,0.0952320000006877,0.0947590573227797,0.0848496374719016
18.654,0.095244000000688,0.0947761723338334,0.052462997865312
18.656,0.0952560000006882,0.0947915827498629,0.0146163955827816
18.658,0.0952680000006885,0.0948051836422898,-0.0284044288365859
18.66,0.0952800000006888,0.0948169460723793,-0.0760293899724164
18.662,0.0952910000006891,0.0948268983703241,-0.127560075816152
18.664,0.0953020000006894,0.0948351348144758,-0.182103924101976
18.666,0.0953130000006897,0.0948418461138628,-0.238585263527049
18.668,0.09532400000069,0.0948472827602714,-0.295900260152644
18.67,0.0953350000006903,0.0948516551338991,-0.352862290578838
18.672,0.0953450000006907,0.0948553217349642,-0.408344414176297
18.674,0.095355000000691,0.0948585640730641,-0.461081612864016
18.676,0.0953650000006913,0.0948617392804181,-0.509831469630479
18.678,0.0953750000006916,0.0948651651407053,-0.553719367083524
18.68,0.0953850000006919,0.0948691144858794,-0.591956646977768
18.682,0.0953940000006922,0.0948739038641548,-0.623458074885496
18.684,0.0954030000006924,0.0948797940035752,-0.64770231949568
18.686,0.0954120000006927,0.0948869082615121,-0.664864833204042
18.688,0.095421000000693,0.0948954359940915,-0.67466218523534
18.69,0.0954300000006932,0.0949055238300034,-0.677088686592058
18.692,0.0954380000006936,0.0949171420293759,-0.672894269727758
18.694,0.0954460000006939,0.0949304099383257,-0.662173060956428
18.696,0.0954540000006942,0.0949453098394773,-0.645599757037744
18.698,0.0954620000006945,0.0949617448966966,-0.624050273461894
18.7,0.0954700000006948,0.0949796913191898,-0.598148255219758
18.702,0.0954770000006951,0.0949988982727567,-0.569136184178958
18.704,0.0954840000006953,0.0950192195070024,-0.537906674360531
18.706,0.0954910000006956,0.0950404066985527,-0.505595538122667
18.708,0.0954980000006958,0.0950621453596312,-0.473350364578597
18.71,0.0955050000006961,0.0950841450318683,-0.442256710693242
18.712,0.0955110000006964,0.0951060504737289,-0.41361009298612
18.714,0.0955170000006967,0.0951275129823804,-0.388312200845504
18.716,0.0955230000006971,0.0951481965286025,-0.367373319435685
18.718,0.0955290000006974,0.0951677587839951,-0.351693128399766
18.72,0.0955350000006977,0.0951858612741995,-0.34206023274381
18.722,0.095540000000698,0.0952022701173989,-0.338820499087779
18.724,0.0955450000006982,0.0952168080049315,-0.342109810777665
18.726,0.0955500000006985,0.0952292374138353,-0.352210270303175
18.728,0.0955550000006987,0.0952396175975975,-0.368426465287838
18.73,0.095560000000699,0.0952478707957627,-0.390490324468092
18.732,0.0955640000006993,0.0952539102436391,-0.418015978645246
18.734,0.0955680000006996,0.0952579866236644,-0.449824325536773
18.736,0.0955720000006999,0.0952600374031042,-0.485395370857294
18.738,0.0955760000007002,0.0952602794921687,-0.523527408769652
18.74,0.0955800000007005,0.0952589938897804,-0.563048756687285
18.742,0.0955830000007008,0.0952563721064193,-0.602876685376816
18.744,0.0955860000007011,0.0952526928149103,-0.641844971751284
18.746,0.0955890000007013,0.0952482532042044,-0.678900441926109
18.748,0.0955920000007016,0.0952433511469493,-0.713010162649519
18.75,0.0955950000007019,0.0952382951578234,-0.743251123146882
18.752,0.0955970000007022,0.0952334174903528,-0.768475025344651
18.754,0.0955990000007025,0.0952290581705834,-0.787807700811707
18.756,0.0956010000007028,0.0952255417944709,-0.800452727787667
18.758,0.0956030000007031,0.0952231539737384,-0.805820894212632
18.76,0.0956050000007034,0.0952221596167337,-0.803381900581518
18.762,0.0956060000007037,0.0952227000843645,-0.793169259075323
18.764,0.095607000000704,0.0952248990205804,-0.775177908015911
18.766,0.0956080000007043,0.0952288398978163,-0.749557795056887
18.768,0.0956090000007047,0.0952345887543004,-0.716530869538263
18.77,0.095610000000705,0.0952420627530968,-0.676922231662862
18.772,0.0956100000007052,0.0952511675187629,-0.631527085589172
18.774,0.0956100000007055,0.095261799589353,-0.581190133860977
18.776,0.0956100000007058,0.0952737349668052,-0.527125565197393
18.778,0.095610000000706,0.0952867409854203,-0.470540162074714
18.78,0.0956100000007063,0.0953005545867578,-0.412675863089116
18.782,0.0956090000007066,0.0953148902304787,-0.354750797463035
18.784,0.0956080000007069,0.0953294761017323,-0.297888664644066
18.786,0.0956070000007072,0.0953440263800001,-0.243177185949163
18.788,0.0956060000007075,0.0953582500558147,-0.191648563571834
18.79,0.0956050000007078,0.0953718489982241,-0.144293870514866
18.792,0.0956030000007081,0.0953845035230394,-0.102094529889621
18.794,0.0956010000007084,0.0953959719452191,-0.0655929706556198
18.796,0.0955990000007086,0.0954060033926288,-0.035371652952317
18.798,0.0955970000007089,0.0954142866450105,-0.0121635884356975
18.8,0.0955950000007092,0.0954207197811631,0.00416539689902463
18.802,0.0955920000007095,0.0954251528631384,0.0135370464762211
18.804,0.0955890000007098,0.0954274884363948,0.0160846993712349
18.806,0.0955860000007101,0.0954277182143231,0.0122239433274491
18.808,0.0955830000007104,0.0954257071753023,0.00203573902661125
18.81,0.0955800000007107,0.0954215350993911,-0.0137552388683925
18.812,0.095576000000711,0.095415349860474,-0.0342580884791106
18.814,0.0955720000007113,0.0954072560740925,-0.0586695399482138
18.816,0.0955680000007116,0.0953975489566954,-0.085773159585357
18.818,0.0955640000007118,0.0953864643392444,-0.11445375340628
18.82,0.0955600000007121,0.0953743664288541,-0.143464965698222
18.822,0.0955550000007124,0.0953615541526461,-0.171659200952836
18.824,0.0955500000007127,0.0953483637432439,-0.197800406013465
18.826,0.0955450000007129,0.0953351657955213,-0.220630798701541
18.828,0.0955400000007132,0.095322270232028,-0.239529765648081
18.83,0.0955350000007135,0.0953100292525891,-0.253180372046956
18.832,0.0955280000007138,0.0952987087374259,-0.261144198186282
18.834,0.0955210000007141,0.0952885439962661,-0.263028374778324
18.836,0.0955140000007144,0.095279746222914,-0.258562711478161
18.838,0.0955070000007147,0.095272430986062,-0.247921076780172
18.84,0.095500000000715,0.0952666679091638,-0.231408009112787
18.842,0.0954900000007153,0.095262647574319,-0.208961510521777
18.844,0.0954800000007156,0.0952602476853595,-0.181557454247114
18.846,0.0954700000007159,0.0952594854984918,-0.149661547156764
18.848,0.0954600000007162,0.0952603100544122,-0.113976693647224
18.85,0.0954500000007164,0.0952625142299106,-0.0756301496120579
18.852,0.0954360000007167,0.0952658040521824,-0.0358456633845615
18.854,0.095422000000717,0.0952699375183492,0.00420412016910319
18.856,0.0954080000007173,0.0952745774078764,0.0431843966369665
18.858,0.0953940000007176,0.0952793592816956,0.0798113105065974
18.86,0.0953800000007179,0.0952839376584847,0.112918024996368
18.862,0.0953630000007182,0.0952878968715928,0.140936137725959
18.864,0.0953460000007184,0.0952909346173452,0.163170640385788
18.866,0.0953290000007188,0.0952926373326554,0.178219324041566
18.868,0.095312000000719,0.0952926693568735,0.185249561070301
18.87,0.0952950000007193,0.0952908508840697,0.184167576329791
18.872,0.0952760000007196,0.0952869532108631,0.174605621689692
18.874,0.0952570000007199,0.0952806904172736,0.156088667664556
18.876,0.0952380000007201,0.0952720345765885,0.129157417362575
18.878,0.0952190000007204,0.095260930014977,0.0942135210778538
18.88,0.0952000000007207,0.0952472218813398,0.051437340284341
18.882,0.095180000000721,0.0952310164886667,0.00180671756698132
18.884,0.0951600000007213,0.0952123012265964,-0.0540501175717125
18.886,0.0951400000007217,0.0951912148822075,-0.115068635395653
18.888,0.095120000000722,0.095168045306525,-0.179936624330967
18.89,0.0951000000007223,0.0951428955977664,-0.247708805834529
18.892,0.0950800000007226,0.0951160846100241,-0.317112184802242
18.894,0.0950600000007228,0.0950878633765042,-0.386968821075505
18.896,0.0950400000007231,0.0950585755471863,-0.456124634742573
18.898,0.0950200000007233,0.0950285520864906,-0.523517255324933
18.9,0.0950000000007236,0.0949981156423676,-0.587898767806265
18.902,0.0949800000007239,0.0949676396778186,-0.648168482901127
18.904,0.0949600000007242,0.0949374453877448,-0.70367192583644
18.906,0.0949400000007245,0.0949078790130516,-0.753229577231685
18.908,0.0949200000007248,0.0948792408900084,-0.79625943558259
18.91,0.0949000000007251,0.0948517462005272,-0.832530187446577
18.912,0.0948800000007254,0.0948256456259015,-0.861475824401853
18.914,0.0948600000007256,0.0948010940959582,-0.883019736305117
18.916,0.0948400000007259,0.0947780835227003,-0.897713051156275
18.918,0.0948200000007262,0.0947566892480982,-0.905676786832695
18.92,0.0948000000007264,0.0947369083603711,-0.907377165828635
18.922,0.0947800000007267,0.0947187136500595,-0.903411582746756
18.924,0.094760000000727,0.0947020005084836,-0.894638570716939
18.926,0.0947400000007273,0.0946867072111119,-0.881751031325255
18.928,0.0947200000007275,0.0946727820814763,-0.865397909181107
18.93,0.0947000000007278,0.0946600969297857,-0.846383394367995
18.932,0.0946800000007281,0.0946485348278914,-0.825407209972612
18.934,0.0946600000007284,0.0946378952328363,-0.803262313684452
18.936,0.0946400000007287,0.0946280136366086,-0.780618044391477
18.938,0.094620000000729,0.0946186910167939,-0.758257403778034
18.94,0.0946000000007293,0.0946096319953716,-0.7368535485898
18.942,0.0945800000007296,0.0946006071624863,-0.717001965904949
18.944,0.0945600000007299,0.094591349441582,-0.699300267959949
18.946,0.0945400000007301,0.094581601302251,-0.684132713151216
18.948,0.0945200000007304,0.0945711371364325,-0.671769205905762
18.95,0.0945000000007307,0.0945597375045159,-0.662433933988231
18.952,0.094480000000731,0.0945472230657233,-0.656191257359228
18.954,0.0944600000007313,0.0945334422534409,-0.652996363980445
18.956,0.0944400000007316,0.0945183203840639,-0.652576812147014
18.958,0.094420000000732,0.0945018572355716,-0.654501503532204
18.96,0.0944000000007323,0.0944839623742179,-0.658419516877655
18.962,0.0943800000007325,0.0944647147848812,-0.663644212472552
18.964,0.0943600000007328,0.0944441621403362,-0.669569306532827
18.966,0.094340000000733,0.0944223428776292,-0.675553375590773
18.968,0.0943200000007332,0.094399324643413,-0.680923540685143
18.97,0.0943000000007335,0.0943752204870963,-0.684989355558846
18.972,0.0942800000007338,0.0943501788769151,-0.68705947069897
18.974,0.0942600000007341,0.0943243720305733,-0.686389764916591
18.976,0.0942400000007345,0.0942980144454862,-0.682136048730758
18.978,0.0942200000007348,0.0942713521598656,-0.673598384154035
18.98,0.0942000000007351,0.0942446317342973,-0.660056012239437
18.982,0.0941800000007354,0.0942181002310157,-0.641120770284621
18.984,0.0941600000007356,0.0941920212292439,-0.616256386663042
18.986,0.0941400000007359,0.0941666269872521,-0.585375223316557
18.988,0.0941200000007362,0.0941421261723126,-0.548467410635096
18.99,0.0941000000007365,0.0941187358692208,-0.505456701072186
18.992,0.0940800000007367,0.0940965884049235,-0.456656696308691
18.994,0.0940600000007371,0.0940757832065021,-0.402443462527239
18.996,0.0940400000007374,0.0940564166814556,-0.343161076367869
18.998,0.0940200000007377,0.0940384687693744,-0.27957130758102
19,0.094000000000738,0.0940218726430582,-0.212498068208465
19.002,0.0939800000007382,0.0940065373509485,-0.142878711834332
19.004,0.0939600000007385,0.0939922748343389,-0.0718772903079218
19.006,0.0939400000007387,0.0939788370985336,-0.000711706442418472
19.008,0.093920000000739,0.093965987941567,0.0693192890765421
19.01,0.0939000000007392,0.0939534234074232,0.137109320447003
19.012,0.0938800000007395,0.0939408755954571,0.201414505729833
19.014,0.0938600000007398,0.0939280376037552,0.261005387261872
19.016,0.0938400000007401,0.0939146760379817,0.315330439776219
19.018,0.0938200000007403,0.0939005393860805,0.363488413745658
19.02,0.0938000000007405,0.0938853496242517,0.404637299860333
19.022,0.0937800000007409,0.0938689664076091,0.438835349142462
19.024,0.0937600000007411,0.0938511931982248,0.465820612754477
19.026,0.0937400000007415,0.0938318987508301,0.485700574989567
19.028,0.0937200000007418,0.0938109834298748,0.498698005048051
19.03,0.0937000000007421,0.0937882846193029,0.504797207035754
19.032,0.0936800000007423,0.0937637734333716,0.504524796357544
19.034,0.0936600000007426,0.0937374544797337,0.49843561451482
19.036,0.0936400000007428,0.0937094434569733,0.487365092812444
19.038,0.0936200000007431,0.0936797089604537,0.471727740516468
19.04,0.0936000000007434,0.0936485076222811,0.452713262713464
19.042,0.0935800000007437,0.0936160553398097,0.431335937889024
19.044,0.093560000000744,0.0935826273472971,0.408725478274732
19.046,0.0935400000007443,0.0935485309565703,0.386061974000585
19.048,0.0935200000007447,0.0935141102808775,0.36449394037106
19.05,0.093500000000745,0.0934797345130824,0.345294855421885
19.052,0.0934800000007452,0.0934457566092973,0.329464274740338
19.054,0.0934600000007454,0.0934124780666944,0.317801082606743
19.056,0.0934400000007457,0.093380274901523,0.31140863435042
19.058,0.0934200000007459,0.0933494132293484,0.310778660752379
19.06,0.0934000000007462,0.0933200664457847,0.316057104816148
19.062,0.0933800000007464,0.093292463013803,0.327583064692277
19.064,0.0933600000007468,0.09326663455226,0.344959261850399
19.066,0.0933400000007471,0.0932426351564153,0.367881900231087
19.068,0.0933200000007474,0.093220616038404,0.396208970424617
19.07,0.0933000000007477,0.093200363459279,0.428811634794607
19.072,0.093280000000748,0.0931819368854123,0.465237542939671
19.074,0.0932600000007483,0.0931651861080887,0.504510654986534
19.076,0.0932400000007485,0.0931499588039908,0.545604076250716
19.078,0.0932200000007488,0.0931359962010377,0.587421428304387
19.08,0.0932000000007491,0.0931231058600557,0.628879056467377
19.082,0.0931800000007494,0.0931109878311389,0.668865151059218
19.084,0.0931600000007497,0.0930993581541404,0.706288497427642
19.086,0.09314000000075,0.0930879005229185,0.740079833420841
19.088,0.0931200000007502,0.0930762943506121,0.769356825325424
19.09,0.0931000000007505,0.0930641437610102,0.79255065324667
19.092,0.0930800000007508,0.0930511580290638,0.809296815934626
19.094,0.0930600000007511,0.0930370057649885,0.818569983646744
19.096,0.0930400000007513,0.0930213621997574,0.819484936207494
19.098,0.0930200000007516,0.0930039613893017,0.811478585647553
19.1,0.0930000000007519,0.0929847300722882,0.794816663379649
19.102,0.0929800000007521,0.092963534816579,0.769396628996045
19.104,0.0929600000007524,0.0929403733842773,0.735684238979858
19.106,0.0929400000007526,0.0929151026169385,0.693596876401987
19.108,0.0929200000007529,0.0928879437967586,0.644497622560461
19.11,0.0929000000007532,0.0928589833572563,0.58912944287987
19.112,0.0928800000007535,0.0928282249395425,0.528040066782091
19.114,0.0928600000007538,0.0927960337936131,0.462906480729521
19.116,0.0928400000007541,0.0927626222666925,0.394824419717771
19.118,0.0928200000007544,0.0927282032264617,0.324920670701877
19.12,0.0928000000007547,0.0926930925169507,0.254504276653064
19.122,0.0927800000007549,0.0926575864827759,0.184712408147888
19.124,0.0927600000007552,0.0926219748503792,0.116636747181022
19.126,0.0927400000007554,0.0925865632426663,0.051333105633745
19.128,0.0927200000007557,0.0925516700167399,-0.0101433856804823
19.13,0.0927000000007559,0.0925176360566855,-0.0667493866312445
19.132,0.0926800000007562,0.0924846870763308,-0.117998413099967
19.134,0.0926600000007565,0.0924531348966179,-0.162958233396029
19.136,0.0926400000007568,0.0924232602655253,-0.200916024543051
19.138,0.0926200000007571,0.0923951502085047,-0.231937245229474
19.14,0.0926000000007574,0.0923689663685498,-0.255758894023445
19.142,0.0925810000007577,0.0923447916809591,-0.272436600868352
19.144,0.092562000000758,0.092322666361448,-0.28218847069694
19.146,0.0925430000007582,0.0923026123382906,-0.285314445527196
19.148,0.0925240000007585,0.0922845729679748,-0.282406655631792
19.15,0.0925050000007588,0.0922683956942103,-0.274343828724396
19.152,0.0924880000007591,0.0922538747869453,-0.262133204432387
19.154,0.0924710000007593,0.0922408422640741,-0.246676451735138
19.156,0.0924540000007596,0.0922290182831782,-0.229186585406889
19.158,0.0924370000007599,0.0922180655684127,-0.210894273988811
19.16,0.0924200000007601,0.0922076972900941,-0.192900172730346
19.162,0.0924060000007604,0.0921975928157602,-0.176301925712045
19.164,0.0923920000007607,0.0921874175281019,-0.1621973494667
19.166,0.092378000000761,0.0921768499820982,-0.151452500516464
19.168,0.0923640000007613,0.092165589175062,-0.144854393619067
19.17,0.0923500000007615,0.0921533582494184,-0.14294007074481
19.172,0.0923400000007618,0.092140039512889,-0.145601521631133
19.174,0.0923300000007621,0.0921253728657335,-0.153303089020779
19.176,0.0923200000007623,0.0921092903052216,-0.165735475608059
19.178,0.0923100000007626,0.0920917086336148,-0.182648073555211
19.18,0.0923000000007629,0.0920726267990716,-0.20355991949577
19.182,0.0922930000007632,0.0920520998539852,-0.227845279842935
19.184,0.0922860000007634,0.0920302698151486,-0.254644769078776
19.186,0.0922790000007637,0.0920073382601655,-0.282953136943049
19.188,0.092272000000764,0.0919835914491192,-0.311559584623873
19.19,0.0922650000007643,0.091959351199411,-0.339129489139435
19.192,0.0922600000007645,0.0919349828939546,-0.364413536156318
19.194,0.0922550000007648,0.0919108636764204,-0.385960643139554
19.196,0.0922500000007651,0.091887377127134,-0.402534663194265
19.198,0.0922450000007654,0.0918649263260388,-0.412744843561215
19.2,0.0922400000007656,0.0918438915119805,-0.415450230503415
19.202,0.0922360000007659,0.0918246097666089,-0.409714028453899
19.204,0.0922320000007661,0.0918073477300731,-0.394900583534623
19.206,0.0922280000007664,0.0917923653070876,-0.37043272232809
19.208,0.0922240000007667,0.0917798775545031,-0.33597249309372
19.21,0.0922200000007669,0.0917698992101877,-0.291996382562002
19.212,0.0922160000007672,0.0917625831641959,-0.238467621628563
19.214,0.0922120000007675,0.0917578762939628,-0.176121607152653
19.216,0.0922080000007678,0.0917555779105619,-0.106130978593518
19.218,0.0922040000007681,0.0917556764028659,-0.0290379046172236
19.22,0.0922000000007684,0.0917580049851717,0.0540695746267252
19.222,0.0921960000007686,0.0917621545310306,0.141541622828804
19.224,0.0921920000007689,0.0917679920846249,0.232386671357624
19.226,0.0921880000007691,0.0917751126748916,0.32496522614761
19.228,0.0921840000007694,0.0917831504825553,0.417788114630198
19.23,0.0921800000007696,0.0917917124918881,0.509348804756443
19.232,0.0921760000007699,0.0918003892035204,0.598140753115131
19.234,0.0921720000007702,0.0918087782042402,0.682795418820319
19.236,0.0921680000007705,0.0918164778472351,0.761958270681477
19.238,0.0921640000007708,0.0918231182155402,0.834492151399706
19.24,0.0921600000007711,0.0918282224774098,0.898646242250566
19.242,0.0921560000007714,0.0918315885058068,0.954127193443704
19.244,0.0921520000007716,0.091832978355101,1.00026107578343
19.246,0.0921480000007719,0.0918321169413133,1.03619365362562
19.248,0.0921440000007721,0.0918289083841464,1.06185530215492
19.25,0.0921400000007724,0.0918234055508843,1.07778446618414
19.252,0.0921360000007727,0.0918154518929768,1.0836610469869
19.254,0.0921320000007729,0.0918052608693376,1.08067599859451
19.256,0.0921280000007732,0.0917928961508852,1.06937614200918
19.258,0.0921240000007735,0.0917783973175248,1.05023641708534
19.26,0.0921200000007738,0.0917620712203138,1.02469188615922
19.262,0.0921160000007741,0.0917441576984118,0.993862130923544
19.264,0.0921120000007744,0.091724886128351,0.958793838237256
19.266,0.0921080000007747,0.0917045674241147,0.920732265344202
19.268,0.092104000000775,0.0916835131855644,0.880831110018943
19.27,0.0921000000007753,0.0916620370442784,0.840173414916882
19.272,0.0920960000007755,0.0916404698856802,0.799826483696278
19.274,0.0920920000007758,0.0916191460880627,0.760803685788798
19.276,0.092088000000776,0.0915984523434497,0.724243191724396
19.278,0.0920840000007763,0.0915786668518037,0.690848880489534
19.28,0.0920800000007765,0.0915601548244239,0.661603415533239
19.282,0.0920760000007768,0.0915431689197033,0.637067940548909
19.284,0.0920720000007771,0.0915279381520372,0.617694730415192
19.286,0.0920680000007774,0.0915145902018812,0.603608032787161
19.288,0.0920640000007777,0.0915032404727949,0.594856520185237
19.29,0.092060000000778,0.0914938816309669,0.591119027301421
19.292,0.0920560000007782,0.0914865899098358,0.5922296401928
19.294,0.0920520000007785,0.0914813552503039,0.597725147689887
19.296,0.0920480000007787,0.0914779834959677,0.606709209233905
19.298,0.0920440000007789,0.0914764354411825,0.618535371674217
19.3,0.0920400000007791,0.0914764662041462,0.632204965492339
19.302,0.0920360000007795,0.0914779616935691,0.646825980233634
19.304,0.0920320000007798,0.0914806159611348,0.661313209130764
19.306,0.0920280000007801,0.0914841909913525,0.674628573708413
19.308,0.0920240000007804,0.0914883989558024,0.685763114310302
19.31,0.0920200000007807,0.0914929395455756,0.693712173918327
19.312,0.092016000000781,0.0914975039391589,0.697560756125296
19.314,0.0920120000007812,0.0915017425821868,0.696139728118909
19.316,0.0920080000007814,0.0915053372382878,0.688817868101774
19.318,0.0920040000007816,0.0915080156294129,0.675067270395321
19.32,0.0920000000007819,0.0915094156173372,0.653890436407567
19.322,0.0919960000007822,0.0915094324094689,0.625693288358296
19.324,0.0919920000007824,0.0915077752178214,0.589842027389914
19.326,0.0919880000007827,0.0915044070207039,0.546874084654489
19.328,0.091984000000783,0.0914992968842659,0.497246357252352
19.33,0.0919800000007833,0.0914923053113826,0.441059074019261
19.332,0.0919760000007836,0.0914836533195038,0.379614945645488
19.334,0.0919720000007838,0.0914733349101798,0.313457137962924
19.336,0.0919680000007841,0.091461638877208,0.244000872808552
19.338,0.0919640000007843,0.0914487837373975,0.17243997975562
19.34,0.0919600000007846,0.0914350806325493,0.100140772672653
19.342,0.0919560000007849,0.0914208336442602,0.0285347869255921
19.344,0.0919520000007852,0.0914064021933976,-0.0411848251372935
19.346,0.0919480000007855,0.0913921024444964,-0.107554373514726
19.348,0.0919440000007857,0.0913782315255716,-0.169753813593405
19.35,0.091940000000786,0.0913650644049995,-0.226787111168392
19.352,0.0919360000007863,0.091352881935893,-0.277762346907285
19.354,0.0919320000007866,0.0913419141712484,-0.322177765146656
19.356,0.0919280000007869,0.0913322951024517,-0.360026268916192
19.358,0.0919240000007872,0.0913242581309709,-0.390840295769996
19.36,0.0919200000007875,0.0913178520058467,-0.414993610331381
19.362,0.0919160000007878,0.0913132138610827,-0.432480393410367
19.364,0.091912000000788,0.0913103949315277,-0.443620679254743
19.366,0.0919080000007882,0.0913094211141375,-0.448824992463187
19.368,0.0919040000007885,0.0913101870828619,-0.448856720932581
19.37,0.0919000000007887,0.0913127103675902,-0.444098315466152
19.372,0.091896000000789,0.091316831459658,-0.435482303354724
19.374,0.0918920000007893,0.0913222485414089,-0.424157817897773
19.376,0.0918880000007896,0.091328788480206,-0.411018355072264
19.378,0.0918840000007899,0.091336149561889,-0.397248126529833
19.38,0.0918800000007902,0.0913439915235438,-0.384023660448078
19.382,0.0918760000007904,0.0913519643555461,-0.372440472785722
19.384,0.0918720000007907,0.0913597451680055,-0.363527697308186
19.386,0.0918680000007909,0.0913669908838961,-0.358304944627243
19.388,0.0918640000007911,0.0913734047915048,-0.357422061503289
19.39,0.0918600000007914,0.091378762915048,-0.36124399300007
19.392,0.0918560000007916,0.0913827688200013,-0.370377179649587
19.394,0.0918520000007919,0.0913852855941985,-0.384749684140118
19.396,0.0918480000007922,0.0913862041469843,-0.404214741415068
19.398,0.0918440000007925,0.0913853120911085,-0.42885001374829
19.4,0.0918400000007928,0.0913827665520458,-0.457710244160809
19.402,0.0918360000007931,0.0913783483038725,-0.490762681757555
19.404,0.0918320000007933,0.0913722525141073,-0.526990438156502
19.406,0.0918280000007936,0.0913644568428825,-0.56582349878897
19.408,0.0918240000007938,0.0913551236677305,-0.606274341691024
19.41,0.0918200000007941,0.0913444756313597,-0.647323766773118
19.412,0.0918160000007944,0.0913327235860229,-0.687984574862286
19.414,0.0918120000007946,0.0913201111371032,-0.727160933277872
19.416,0.0918080000007949,0.0913069374702187,-0.7638804611278
19.418,0.0918040000007952,0.0912934974164664,-0.797144715315607
19.42,0.0918000000007955,0.0912801031055365,-0.825953040820852
19.422,0.0917960000007958,0.0912670871688014,-0.849285112197431
19.424,0.0917920000007961,0.091254790293013,-0.866136877921316
19.426,0.0917880000007963,0.0912435109451635,-0.875864811787761
19.428,0.0917840000007966,0.0912335523227455,-0.877680439114073
19.43,0.0917800000007969,0.091225123999031,-0.871290524257697
19.432,0.0917760000007972,0.091218431868182,-0.856325835915047
19.434,0.0917720000007974,0.0912134862738173,-0.833269236881227
19.436,0.0917680000007977,0.0912104199195276,-0.801991958552353
19.438,0.0917640000007979,0.0912091432066062,-0.76332755186413
19.44,0.0917600000007982,0.0912096582438914,-0.717719015699327
19.442,0.0917560000007984,0.0912118409881822,-0.666109816642984
19.444,0.0917520000007987,0.0912156139404094,-0.609288881068345
19.446,0.091748000000799,0.0912206764825295,-0.548689385993363
19.448,0.0917440000007993,0.0912269703753194,-0.484999990491556
19.45,0.0917400000007996,0.0912342022259047,-0.419512385017108
19.452,0.0917360000007999,0.0912421640311743,-0.353236984018703
19.454,0.0917320000008001,0.0912506055835903,-0.287193313234063
19.456,0.0917280000008004,0.0912592677708894,-0.222345124623663
19.458,0.0917240000008006,0.0912678899877405,-0.159583287294582
19.46,0.0917200000008009,0.0912761944807457,-0.0998372408990766
19.462,0.0917150000008011,0.0912838576597618,-0.0441553016424302
19.464,0.0917100000008014,0.0912906285208318,0.00689502870111966
19.466,0.0917050000008017,0.0912962407452266,0.0526170164660761
19.468,0.091700000000802,0.0913004136104124,0.0923066368291321
19.47,0.0916950000008022,0.091303004173077,0.125834673907028
19.472,0.0916880000008025,0.0913037722087731,0.15268535378974
19.474,0.0916810000008028,0.091302745936421,0.173316121532003
19.476,0.091674000000803,0.0912997782428866,0.18756738882477
19.478,0.0916670000008033,0.091294921515845,0.195963344256655
19.48,0.0916600000008036,0.0912881978809913,0.198949503056564
19.482,0.0916500000008038,0.0912796737688625,0.197129079051036
19.484,0.0916400000008041,0.0912694530999466,0.191204902990363
19.486,0.0916300000008043,0.0912576981963421,0.182001912920966
19.488,0.0916200000008046,0.0912445584228918,0.170320978928042
19.49,0.0916100000008049,0.0912302614446094,0.157102236659354
19.492,0.0915960000008051,0.0912150408712477,0.143248607773348
19.494,0.0915820000008054,0.0911991589555985,0.129717641104368
19.496,0.0915680000008057,0.0911829035164069,0.117418043066319
19.498,0.091554000000806,0.0911665465823409,0.107190380379544
19.5,0.0915400000008063,0.0911503473089878,0.0995924536649157
19.502,0.0915230000008065,0.0911345517007716,0.0951894062672702
19.504,0.0915060000008068,0.0911193326006291,0.094079791186627
19.506,0.091489000000807,0.0911048902964427,0.0965222583233589
19.508,0.0914720000008073,0.0910913064883404,0.102247934280866
19.51,0.0914550000008076,0.0910786905606151,0.11114175840293
19.512,0.0914360000008078,0.0910671125103631,0.122928048049699
19.514,0.0914170000008081,0.0910565771990087,0.137111662802628
19.516,0.0913980000008084,0.0910469553124689,0.152971535244811
19.518,0.0913790000008086,0.091038237966725,0.169962007486015
19.52,0.0913600000008089,0.0910302202422051,0.187092629085448
19.522,0.0913400000008092,0.0910226727557964,0.20331059790297
19.524,0.0913200000008094,0.0910153025102048,0.217546466390153
19.526,0.0913000000008097,0.0910077926098253,0.228474823696712
19.528,0.09128000000081,0.0909998250717245,0.235130197878992
19.53,0.0912600000008102,0.0909910639529655,0.236380610741863
19.532,0.0912400000008105,0.0909812042335928,0.231334669386572
19.534,0.0912200000008108,0.0909698171401824,0.218579720345687
19.536,0.091200000000811,0.0909568132223425,0.198413886020198
19.538,0.0911800000008113,0.0909419182533632,0.170188415499602
19.54,0.0911600000008116,0.0909248622112367,0.1334143498881
19.542,0.0911400000008118,0.0909056711502771,0.0887597702444103
19.544,0.0911200000008121,0.0908843232207614,0.036615831741823
19.546,0.0911000000008124,0.0908608001912999,-0.0226007751014861
19.548,0.0910800000008128,0.0908352240566366,-0.0880028013128573
19.55,0.091060000000813,0.0908078241571746,-0.158421309459274
19.552,0.0910400000008133,0.0907788395277836,-0.232680606226939
19.554,0.0910200000008135,0.0907485462825397,-0.309489262863606
19.556,0.0910000000008137,0.0907172655184289,-0.387399599509761
19.558,0.090980000000814,0.0906854324605572,-0.464912024729872
19.56,0.0909600000008143,0.090653369501772,-0.540624450363407
19.562,0.0909400000008145,0.0906215022303873,-0.612922209289103
19.564,0.0909200000008148,0.0905902288746232,-0.680528696040534
19.566,0.0909000000008152,0.0905599170683099,-0.742228127736013
19.568,0.0908800000008154,0.0905310268394042,-0.796388548419798
19.57,0.0908600000008158,0.0905038068362017,-0.842423936051133
19.572,0.090840000000816,0.0904786276452406,-0.879078079764768
19.574,0.0908200000008162,0.0904557518970035,-0.905594556825354
19.576,0.0908000000008165,0.090435340110264,-0.921616446627749
19.578,0.0907800000008168,0.0904174129983202,-0.927342386785852
19.58,0.090760000000817,0.0904020205232056,-0.922815058229995
19.582,0.0907400000008173,0.0903891517649603,-0.908303700119616
19.584,0.0907200000008176,0.0903787091662955,-0.884394479365721
19.586,0.0907000000008179,0.0903704071227155,-0.852358799680375
19.588,0.0906800000008182,0.0903639493691194,-0.81346774826356
19.59,0.0906600000008185,0.090359153674492,-0.768565015156093
19.592,0.0906400000008187,0.090355599297913,-0.719357148806996
19.594,0.0906200000008189,0.0903529630151593,-0.667154338378746
19.596,0.0906000000008192,0.0903508980528272,-0.61330422823125
19.598,0.0905800000008195,0.0903490650168393,-0.559089452074462
19.6,0.0905600000008197,0.0903471108714088,-0.505755709210957
19.602,0.09054000000082,0.090344710073173,-0.454390725088796
19.604,0.0905200000008202,0.090341467593171,-0.406291729885811
19.606,0.0905000000008204,0.0903371594769792,-0.362094330330497
19.608,0.0904800000008207,0.0903313636097996,-0.323138947890482
19.61,0.090460000000821,0.0903238524446764,-0.290048511651567
19.612,0.0904400000008213,0.0903143379477183,-0.26364420007439
19.614,0.0904200000008215,0.0903026516891806,-0.244315742398247
19.616,0.0904000000008218,0.0902887155445947,-0.232139886109001
19.618,0.0903800000008221,0.0902723076648056,-0.227598344800022
19.62,0.0903600000008224,0.0902533893171711,-0.23054644041295
19.622,0.0903400000008227,0.0902320170586418,-0.240523917843973
19.624,0.0903200000008229,0.0902082689342002,-0.256991815102608
19.626,0.0903000000008231,0.0901823024604122,-0.279168765123918
19.628,0.0902800000008234,0.0901542806552043,-0.306200940999513
19.63,0.0902600000008237,0.0901245643667526,-0.336765347151593
19.632,0.090240000000824,0.0900933793140596,-0.369784474073382
19.634,0.0902200000008243,0.0900611473251052,-0.403849826547146
19.636,0.0902000000008246,0.0900281923989612,-0.437718647272148
19.638,0.0901800000008249,0.0899948830829308,-0.470201572939922
19.64,0.0901600000008252,0.0899615624915199,-0.500045551843637
19.642,0.0901400000008255,0.089928585495301,-0.526202853966702
19.644,0.0901200000008257,0.0898963010240625,-0.547577712183303
19.646,0.090100000000826,0.0898650353163722,-0.563193417611653
19.648,0.0900800000008262,0.0898350832642981,-0.572205568575649
19.65,0.0900600000008265,0.0898067443768876,-0.573729269060393
19.652,0.0900400000008268,0.0897801497121493,-0.567615528664234
19.654,0.090020000000827,0.0897554656654502,-0.553527881226268
19.656,0.0900000000008273,0.0897329510738962,-0.530814892010925
19.658,0.0899800000008276,0.0897125530933341,-0.500085229716929
19.66,0.0899600000008279,0.0896943655074632,-0.461382485527757
19.662,0.0899400000008282,0.0896783606070741,-0.41520054592205
19.664,0.0899200000008284,0.0896643392972352,-0.362581813464974
19.666,0.0899000000008287,0.0896521673597028,-0.304356908104324
19.668,0.0898800000008289,0.0896415484560187,-0.241876253355045
19.67,0.0898600000008292,0.0896320564409452,-0.176808601693643
19.672,0.0898400000008294,0.0896233698173698,-0.110512554324012
19.674,0.0898200000008297,0.0896150830634631,-0.0445424974757646
19.676,0.0898000000008299,0.0896068001284399,0.0195392189160219
19.678,0.0897800000008301,0.0895981266458313,0.0803283932191958
19.68,0.0897600000008304,0.0895887586234866,0.136890524500162
19.682,0.0897400000008307,0.0895783288717217,0.187878558067903
19.684,0.089720000000831,0.0895665863831773,0.232631657210705
19.686,0.0897000000008313,0.0895532438771551,0.270368491486118
19.688,0.0896800000008316,0.0895382352589432,0.301250570019163
19.69,0.0896600000008319,0.0895213571826394,0.324867513535957
19.692,0.0896400000008321,0.0895024984204408,0.341231729153413
19.694,0.0896200000008324,0.0894816829535151,0.35082542507295
19.696,0.0896000000008326,0.0894588039011427,0.353694778676435
19.698,0.0895800000008328,0.089433939442352,0.350502549160794
19.7,0.0895600000008331,0.0894072647873263,0.342125449696022
19.702,0.0895400000008334,0.0893787774054956,0.328962233872956
19.704,0.0895200000008337,0.0893488106323049,0.312318713164343
19.706,0.089500000000834,0.0893176103412635,0.293244317695832
19.708,0.0894800000008344,0.0892854958740022,0.272934317162456
19.71,0.0894600000008346,0.0892528050195064,0.252654764547431
19.712,0.0894400000008349,0.0892199284233302,0.233614691131601
19.714,0.0894200000008351,0.0891872132163492,0.216953007516926
19.716,0.0894000000008353,0.0891549989765042,0.20365375657175
19.718,0.0893800000008356,0.0891236260004045,0.194686623651368
19.72,0.0893600000008358,0.0890933858946066,0.190715232278441
19.722,0.0893400000008361,0.0890644478366175,0.191909512582808
19.724,0.0893200000008364,0.0890370959677117,0.198872930391039
19.726,0.0893000000008367,0.089011383921407,0.211338034442009
19.728,0.089280000000837,0.088987450499207,0.229301890282657
19.73,0.0892600000008373,0.0889652760731035,0.252255101839685
19.732,0.0892400000008376,0.0889448970125581,0.279810694846761
19.734,0.0892200000008378,0.08892626489571,0.311311201553112
19.736,0.0892000000008381,0.0889092365454709,0.345919135894814
19.738,0.0891800000008384,0.0888937918868102,0.38293591225907
19.74,0.0891600000008387,0.0888795795595333,0.421200079968385
19.742,0.0891400000008389,0.0888665201017243,0.459869894757459
19.744,0.0891200000008392,0.0888543426165984,0.497817182401133
19.746,0.0891000000008395,0.088842732314232,0.534110888278912
19.748,0.0890800000008397,0.088831429851056,0.567695497943576
19.75,0.08906000000084,0.0888201099918195,0.597375308820387
19.752,0.0890400000008403,0.0888084458092151,0.622406628826133
19.754,0.0890200000008405,0.0887961458168003,0.641958767109602
19.756,0.0890000000008408,0.0887828658817792,0.65497830734381
19.758,0.0889800000008411,0.0887683439797606,0.661001060771878
19.76,0.0889600000008413,0.0887523684019799,0.659697371620727
19.762,0.0889400000008416,0.088734756492152,0.650820999529496
19.764,0.0889200000008419,0.0887153864775823,0.634359485751951
19.766,0.0889000000008421,0.0886942397825446,0.610694348810697
19.768,0.0888800000008423,0.0886713022787051,0.580192006809259
19.77,0.0888600000008426,0.0886465741471825,0.543291814939251
19.772,0.0888400000008429,0.0886202042868724,0.500956722450334
19.774,0.0888200000008432,0.0885922444629699,0.453821620167402
19.776,0.0888000000008435,0.0885628974098289,0.402952555465861
19.778,0.0887800000008438,0.0885323545424048,0.349323942535983
19.78,0.088760000000844,0.088500790523219,0.293883817054657
19.782,0.0887410000008443,0.0884684856078778,0.237718771261027
19.784,0.0887220000008446,0.0884356794089493,0.181784914046743
19.786,0.0887030000008448,0.0884026312203302,0.127032654137762
19.788,0.0886840000008451,0.088369610809995,0.0743890497830843
19.79,0.0886650000008453,0.0883369319147836,0.0249953631068481
19.792,0.0886480000008456,0.0883048222576028,-0.0207315679707474
19.794,0.0886310000008459,0.0882736026606256,-0.0616938995921241
19.796,0.0886140000008462,0.0882435231249993,-0.0973419479760614
19.798,0.0885970000008464,0.0882148416193799,-0.127065886254999
19.8,0.0885800000008467,0.0881877088598938,-0.150714609287709
19.802,0.088566000000847,0.0881623100409819,-0.167973594380699
19.804,0.0885520000008472,0.0881386962049435,-0.179011607182799
19.806,0.0885380000008475,0.0881169434574218,-0.18388658496593
19.808,0.0885240000008478,0.0880970895233861,-0.182805296214532
19.81,0.088510000000848,0.0880790366688372,-0.176405497755874
19.812,0.0885000000008483,0.0880627896141116,-0.165037691585165
19.814,0.0884900000008486,0.0880481908208656,-0.149493805824821
19.816,0.0884800000008489,0.0880351875791132,-0.130299744906252
19.818,0.0884700000008491,0.0880236977239612,-0.108087882314951
19.82,0.0884600000008494,0.0880135024316846,-0.083717767183775
19.822,0.0884530000008497,0.0880044830576976,-0.0578533491480661
19.824,0.0884460000008499,0.0879964557897001,-0.0312814631561656
19.826,0.0884390000008502,0.0879892034954693,-0.00485739081730246
19.828,0.0884320000008505,0.0879824668655705,0.0206602752543824
19.83,0.0884250000008508,0.0879760333197344,0.0447080617043213
19.832,0.0884200000008511,0.087969703990212,0.0667414578850057
19.834,0.0884150000008513,0.0879632730613909,0.0863485183812071
19.836,0.0884100000008516,0.087956564793797,0.103406999748572
19.838,0.0884050000008518,0.0879494091305775,0.117772372926844
19.84,0.0884000000008521,0.0879416906558062,0.129582858161202
19.842,0.0883960000008523,0.0879333123157364,0.138989676427557
19.844,0.0883920000008526,0.0879241858175181,0.146184282710724
19.846,0.0883880000008529,0.0879143276561765,0.151620807560741
19.848,0.0883840000008532,0.087903706418536,0.155654972969014
19.85,0.0883800000008535,0.0878923740861611,0.158836062101516
19.852,0.0883760000008538,0.0878804129994504,0.161709493540245
19.854,0.088372000000854,0.087867891046758,0.164849197159308
19.856,0.0883680000008543,0.0878549596654609,0.168821664056892
19.858,0.0883640000008546,0.0878417521464403,0.174355834478899
19.86,0.0883600000008549,0.0878284704158995,0.181966518635981
19.862,0.0883560000008551,0.0878152998539481,0.192374431455288
19.864,0.0883520000008554,0.0878024325588611,0.206029742510139
19.866,0.0883480000008557,0.0877900421134589,0.223279485971041
19.868,0.0883440000008559,0.0877782918074858,0.244355488370631
19.87,0.0883400000008562,0.0877673214040591,0.269323586593443
19.872,0.0883360000008565,0.0877573175510372,0.298380014947225
19.874,0.0883320000008568,0.0877483813341389,0.331280612850264
19.876,0.088328000000857,0.0877405970880922,0.367752572697949
19.878,0.0883240000008573,0.0877340224864549,0.40745374372398
19.88,0.0883200000008576,0.087728799652248,0.45018387240904
19.882,0.0883160000008578,0.087724887153277,0.495282979385
19.884,0.0883120000008581,0.0877222886867099,0.54219527472875
19.886,0.0883080000008583,0.087720918975271,0.590170708639076
19.888,0.0883040000008585,0.0877206304316742,0.638365101749309
19.89,0.0883000000008588,0.0877212641465883,0.685861448962119
19.892,0.0882960000008591,0.0877226146064259,0.731590373723935
19.894,0.0882920000008594,0.0877243914625532,0.774695438331216
19.896,0.0882880000008597,0.0877263398118344,0.81396380138449
19.898,0.08828400000086,0.0877281502374041,0.848535948041752
19.9,0.0882800000008602,0.0877295485161832,0.877593744770705
19.902,0.0882760000008605,0.0877301929273633,0.899807884850005
19.904,0.0882720000008607,0.0877298943619083,0.915171599240386
19.906,0.088268000000861,0.0877284249893084,0.923114157510377
19.908,0.0882640000008612,0.087725571001316,0.923227482729911
19.91,0.0882600000008615,0.0877211422964487,0.915221825809718
19.912,0.0882560000008618,0.0877151074106629,0.899532958159826
19.914,0.0882520000008621,0.0877073411163857,0.876092685221218
19.916,0.0882480000008624,0.0876979206680809,0.845679993898772
19.918,0.0882440000008627,0.0876867855762385,0.808488581299724
19.92,0.0882400000008629,0.0876741563365734,0.765766306623525
19.922,0.0882360000008632,0.0876600012082886,0.71778545326401
19.924,0.0882320000008635,0.0876445999216963,0.665895123074655
19.926,0.0882280000008638,0.0876280979788971,0.610947345012471
19.928,0.0882240000008641,0.0876107556428562,0.554093380972332
19.93,0.0882200000008644,0.0875928385022311,0.496411951121859
19.932,0.0882160000008646,0.0875745912560989,0.43892879949666
19.934,0.0882120000008649,0.0875563077793741,0.382681426127762
19.936,0.0882080000008651,0.0875382637657097,0.328583274699915
19.938,0.0882040000008654,0.0875207763308943,0.27773405544289
19.94,0.0882000000008656,0.0875041564986727,0.231065199918237
19.942,0.0881960000008659,0.0874886475773517,0.1891955912811
19.944,0.0881920000008662,0.0874745342023331,0.152915016669637
19.946,0.0881880000008665,0.0874620080328204,0.122616952922271
19.948,0.0881840000008668,0.0874512959526697,0.0988116979414865
19.95,0.0881800000008671,0.0874423812010415,0.0811611113745513
19.952,0.0881760000008673,0.0874354220718074,0.0699321331569034
19.954,0.0881720000008675,0.0874303990538152,0.0647790103233433
19.956,0.0881680000008678,0.0874272272741773,0.0651571707905413
19.958,0.088164000000868,0.087425927293641,0.0708079551684572
19.96,0.0881600000008682,0.087426353934453,0.0809457261192663
19.962,0.0881560000008685,0.0874282974027069,0.0946512711971386
19.964,0.0881520000008688,0.0874316052542359,0.111150437129265
19.966,0.0881480000008691,0.0874361240583152,0.129593310445223
19.968,0.0881440000008695,0.0874415367347458,0.148853330055693
19.97,0.0881400000008698,0.0874475819087004,0.167970213262446
19.972,0.08813600000087,0.0874539914866383,0.185962200777599
19.974,0.0881320000008702,0.0874604645103906,0.201766236596237
19.976,0.0881280000008705,0.0874667095792344,0.214611954132511
19.978,0.0881240000008707,0.0874723668374943,0.223157385551915
19.98,0.0881200000008709,0.0874772121956917,0.227096194626956
19.982,0.0881160000008712,0.0874809107629394,0.225351865561451
19.984,0.0881120000008715,0.0874831907571307,0.217284204111334
19.986,0.0881080000008718,0.0874837957151151,0.202339366234429
19.988,0.0881040000008721,0.0874827244790652,0.180958751796818
19.99,0.0881000000008724,0.0874798250575647,0.15295109788921
19.992,0.0880960000008726,0.087475084969543,0.118659819802672
19.994,0.0880920000008729,0.0874684066224366,0.0781799212996622
19.996,0.0880880000008731,0.0874599705983342,0.0325067561155926
19.998,0.0880840000008734,0.0874498899279187,-0.0176332722570877
20,0.0880800000008736,0.0874382814896457,-0.0714323453867295
