t,x_ref,x_meas
0,0,0
0.002,0,1.35593028917498e-15
0.004,0,3.45936491887329e-13
0.006,0,3.94278738964736e-12
0.008,0,2.14258611807965e-11
0.01,0,8.4681734238023e-11
0.012,0,2.28785504703213e-10
0.014,0,5.65873776198218e-10
0.016,0,1.23212623232037e-09
0.018,0,2.32347241914629e-09
0.02,0,4.21912534513943e-09
0.022,0,7.46381751017827e-09
0.024,0,1.19215004064442e-08
0.026,0,1.7920527279205e-08
0.028,0,2.79451577568345e-08
0.03,0,3.92708939507198e-08
0.032,0,5.65853791452513e-08
0.034,0,7.79541847480736e-08
0.036,0,1.06719622245036e-07
0.038,0,1.38356594023316e-07
0.04,0,1.84808969944874e-07
0.042,0,2.31261345866433e-07
0.044,0,2.96496311590437e-07
0.046,0,3.69699436631989e-07
0.048,0,4.57364620859051e-07
0.05,0,5.61958250602982e-07
0.052,0,6.83780191483985e-07
0.054,0,8.21919600306095e-07
0.056,0,9.77370425956431e-07
0.058,0,1.14994180099296e-06
0.06,0,1.34118216917763e-06
0.062,0,1.54386773324653e-06
0.064,0,1.76280189026605e-06
0.066,0,2.00676666458825e-06
0.068,0,2.2558370680574e-06
0.07,0,2.54728846988992e-06
0.072,0,2.83873987172244e-06
0.074,0,3.142476835594e-06
0.076,0,3.50477846891863e-06
0.078,0,3.86708010224325e-06
0.08,0,4.25349397976502e-06
0.082,0,4.71104969771871e-06
0.084,0,5.1686054156724e-06
0.086,0,5.6566414517737e-06
0.088,0,6.20576532997123e-06
0.09,0,6.80202991188761e-06
0.092,0,7.44819653272614e-06
0.094,0,8.15431259244609e-06
0.096,0,8.90512168914489e-06
0.098,0,9.69529420324435e-06
0.1,0,1.05064826023164e-05
0.102,0,1.13189130447575e-05
0.104,0,1.21115755334212e-05
0.106,0,1.286300230195e-05
0.108,0,1.3552849038956e-05
0.11,0,1.41513086060364e-05
0.112,0,1.46625163707205e-05
0.114,0,1.50569114722241e-05
0.116,0,1.53485992428845e-05
0.118,0,1.5550978895661e-05
0.12,0,1.56624858546391e-05
0.122,0,1.5710240988919e-05
0.124,0,1.57253456378378e-05
0.126,0,1.57518330121855e-05
0.128,0,1.58394034401388e-05
0.13,0,1.60396195765639e-05
0.132,0,1.64045417348734e-05
0.134,0,1.69825469398457e-05
0.136,0,1.78138766620201e-05
0.138,0,1.89264177240047e-05
0.14,0,2.03568903928782e-05
0.142,0,2.20373530693741e-05
0.144,0,2.39919888557282e-05
0.146,0,2.61832815486712e-05
0.148,0,2.85069342525061e-05
0.15,0,3.09103603264537e-05
0.152,0,3.32897018928021e-05
0.154,0,3.55340554936502e-05
0.156,0,3.75422141210191e-05
0.158,0,3.92068956945828e-05
0.16,0,4.04281684178314e-05
0.162,0,4.11214632094146e-05
0.164,0,4.12373962745111e-05
0.166,0,4.07453187862988e-05
0.168,0,3.9615196022374e-05
0.17,0,3.79763969847146e-05
0.172,0,3.59105477140095e-05
0.174,0,3.35920266228749e-05
0.176,0,3.12168085197942e-05
0.178,0,2.90349479978033e-05
0.18,0,2.72662846050435e-05
0.182,0,2.61933623422429e-05
0.184,0,2.59942256569804e-05
0.186,0,2.6859022323302e-05
0.188,0,2.90261412658435e-05
0.19,0,3.24546505268639e-05
0.192,0,3.72060315423479e-05
0.194,0,4.33661791540923e-05
0.196,0,5.07640034856606e-05
0.198,0,5.92607593257712e-05
0.2,0,6.86247824953111e-05
0.202,0,7.85592808517799e-05
0.204,0,8.8681358030665e-05
0.206,0,9.85826648685232e-05
0.208,0,0.000107829264026262
0.21,0,0.000115918889188028
0.212,0,0.00012256684757088
0.214,0,0.000127293376277826
0.216,0,0.00012988889824136
0.218,0,0.000130211391175639
0.22,0,0.000128261901000425
0.222,0,0.000123985071314174
0.224,0,0.000117582919548493
0.226,0,0.000109148716068875
0.228,0,9.89950267268484e-05
0.23,0,8.73918204436405e-05
0.232,0,7.46342255517559e-05
0.234,0,6.10495868411479e-05
0.236,0,4.69912103312158e-05
0.238,0,3.28182623139119e-05
0.24,0,1.89598868259191e-05
0.242,0,5.65745242952152e-06
0.244,0,-6.60166172396372e-06
0.246,0,-1.74378343944634e-05
0.248,0,-2.65082836564991e-05
0.25,0,-3.35331172789056e-05
0.252,0,-3.82565869103734e-05
0.254,0,-4.05423222206705e-05
0.256,0,-4.00422827494879e-05
0.258,0,-3.69207212197211e-05
0.26,0,-3.11189839430452e-05
0.262,0,-2.27374905341198e-05
0.264,0,-1.19530030247792e-05
0.266,0,9.48343077559134e-07
0.268,0,1.57501455638193e-05
0.27,0,3.20938197362669e-05
0.272,0,4.9574739673287e-05
0.274,0,6.78250884633269e-05
0.276,0,8.64593239665077e-05
0.278,0,0.00010513682215332
0.28,0,0.000123505000045607
0.282,0,0.000141250887325779
0.284,0,0.000158087089106674
0.286,0,0.000173857680073938
0.288,0,0.000188352580894821
0.29,0,0.000201330751608467
0.292,0,0.000212764422235427
0.294,0,0.000222500624887087
0.296,0,0.000230213249646414
0.298,0,0.000236081774145555
0.3,0,0.000239768683629765
0.302,0,0.000241162117252043
0.304,0,0.000240262687712853
0.306,0,0.000237055960715023
0.308,0,0.000231509783105234
0.31,0,0.000223721268543128
0.312,0,0.000213743711621833
0.314,0,0.000201972992913031
0.316,0,0.00018866216013864
0.318,0,0.000174173517817282
0.32,0,0.000158905273642458
0.322,0,0.000143273342502114
0.324,0,0.000127679420068749
0.326,0,0.000112548387911064
0.328,0,9.82518139821689e-05
0.33,0,8.50794273390332e-05
0.332,0,7.33482882320422e-05
0.334,0,6.33099776865506e-05
0.336,0,5.50737998278863e-05
0.338,0,4.88168942748192e-05
0.34,0,4.46293522539189e-05
0.342,0,4.25010192267859e-05
0.344,0,4.2561677180875e-05
0.346,0,4.4610136639339e-05
0.348,0,4.85502080115767e-05
0.35,0,5.41892360904049e-05
0.352,0,6.11849838438035e-05
0.354,0,6.92556872192989e-05
0.356,0,7.79685848315408e-05
0.358,0,8.68734725866698e-05
0.36,0,9.55489853054249e-05
0.362,0,0.000103553614064719
0.364,0,0.000110493230835762
0.366,0,0.000116036029835591
0.368,0,0.000119981523490761
0.37,0,0.00012204924277028
0.372,0,0.000122247878544821
0.374,0,0.000120477679922831
0.376,0,0.000116776725882388
0.378,0,0.000111053560691679
0.38,0,0.000103559077302342
0.382,0,9.43204278907057e-05
0.384,0,8.35667322053159e-05
0.386,0,7.16414017819707e-05
0.388,0,5.87884051571457e-05
0.39,0,4.5357782666586e-05
0.392,0,3.17481436527328e-05
0.394,0,1.83482222914723e-05
0.396,0,5.52990326464365e-06
0.398,0,-6.37645457503216e-06
0.4,0,-1.70348333184871e-05
0.402,0,-2.61596254681905e-05
0.404,0,-3.36901865429664e-05
0.406,0,-3.94257712069182e-05
0.408,0,-4.32772920176493e-05
0.41,0,-4.5279826549354e-05
0.412,0,-4.54063120154712e-05
0.414,0,-4.38861254649936e-05
0.416,0,-4.07313477487367e-05
0.418,0,-3.62095938899232e-05
0.42,0,-3.05012776421997e-05
0.422,0,-2.38047373498144e-05
0.424,0,-1.64342323724628e-05
0.426,0,-8.63307232764883e-06
0.428,0,-6.66960810386711e-07
0.43,0,7.19778780766328e-06
0.432,0,1.470095308157e-05
0.434,0,2.16116619339198e-05
0.436,0,2.76192630410553e-05
0.438,0,3.25266084659737e-05
0.44,0,3.61642707837039e-05
0.442,0,3.82489025117316e-05
0.444,0,3.87399394545673e-05
0.446,0,3.75388598622532e-05
0.448,0,3.46612973518242e-05
0.45,0,3.00955902393497e-05
0.452,0,2.3970333753462e-05
0.454,0,1.64234510186631e-05
0.456,0,7.65037167450239e-06
0.458,0,-2.14855541556264e-06
0.46,0,-1.27688804146277e-05
0.462,0,-2.39655529040615e-05
0.464,0,-3.55621191329136e-05
0.466,0,-4.73537581702387e-05
0.468,0,-5.91504186127286e-05
0.47,0,-7.07543051730589e-05
0.472,0,-8.19760581105841e-05
0.474,0,-9.26278944002047e-05
0.476,0,-0.000102446876499244
0.478,0,-0.000111323002287262
0.48,0,-0.000118984885217177
0.482,0,-0.000125335035153039
0.484,0,-0.000130239532196301
0.486,0,-0.000133616487833302
0.488,0,-0.00013551323901208
0.49,0,-0.000135910903990796
0.492,0,-0.000134912917933723
0.494,0,-0.000132657174230636
0.496,0,-0.000129303493552438
0.498,0,-0.000125065680431633
0.5,0,-0.000120220919419113
0.502,0,-0.000114974208765844
0.504,0,-0.000109611529212645
0.506,0,-0.000104391853536366
0.508,0,-9.96048913097741e-05
0.51,0,-9.54516256101641e-05
0.512,0,-9.22152319340497e-05
0.514,0,-9.01511723969217e-05
0.516,0,-8.93743992723029e-05
0.518,0,-9.01258343915814e-05
0.52,0,-9.23712850189673e-05
0.522,0,-9.62298319978792e-05
0.524,0,-0.000101697057175088
0.526,0,-0.000108730635045327
0.528,0,-0.000117282602380001
0.53,0,-0.000127305643038576
0.532,0,-0.000138514075839798
0.534,0,-0.000150800071625912
0.536,0,-0.000163950212103356
0.538,0,-0.000177641906686281
0.54,0,-0.000191545370909018
0.542,0,-0.000205314111061231
0.544,0,-0.000218575385155009
0.546,0,-0.000230957624027934
0.548,0,-0.000242160159762126
0.55,0,-0.000251925050368789
0.552,0,-0.000259888606513697
0.554,0,-0.000266095071813883
0.556,0,-0.000270289969233489
0.558,0,-0.000272504665150049
0.56,0,-0.000272803812638743
0.562,0,-0.000271145498188913
0.564,0,-0.00026766745455227
0.566,0,-0.000262582262021063
0.568,0,-0.000256026320396124
0.57,0,-0.000248197990265273
0.572,0,-0.000239354933782386
0.574,0,-0.000229806316620539
0.576,0,-0.000219869820902211
0.578,0,-0.000209855727742057
0.58,0,-0.000200108814329635
0.582,0,-0.000190921231450189
0.584,0,-0.000182662398287705
0.586,0,-0.000175589332350911
0.588,0,-0.000169942158014242
0.59,0,-0.000166098538322891
0.592,0,-0.000164081444226302
0.594,0,-0.000164023161002549
0.596,0,-0.000166013576888729
0.598,0,-0.000170124668565493
0.6,0,-0.000176117981852605
0.602,0,-0.000183919088637375
0.604,0,-0.000193338536319115
0.606,0,-0.000204179528667375
0.608,0,-0.000216189280516961
0.61,0,-0.000229084744928703
0.612,0,-0.00024256571471648
0.614,0,-0.000256343362410387
0.616,0,-0.000270119297420929
0.618,0,-0.000283633019562526
0.62,0,-0.000296625995933883
0.622,0,-0.000308821760807803
0.624,0,-0.000320006366432879
0.626,0,-0.00032992345821806
0.628,0,-0.000338306271444858
0.63,0,-0.000345037408130981
0.632,0,-0.0003499177149456
0.634,0,-0.000352787962502408
0.636,0,-0.000353656058581767
0.638,0,-0.000352524224638456
0.64,0,-0.000349446020935846
0.642,0,-0.000344536104998192
0.644,0,-0.00033794862489287
0.646,0,-0.000329902528993539
0.648,0,-0.000320646415154185
0.65,0,-0.000310500964849864
0.652,0,-0.00029974942071265
0.654,0,-0.000288711263434513
0.656,0,-0.000277718177947182
0.658,0,-0.000267055476297331
0.66,0,-0.000257004946103533
0.662,0,-0.000247819470286538
0.664,0,-0.000239775605033087
0.666,0,-0.000233136730277722
0.668,0,-0.000228017070120816
0.67,0,-0.000224591643402398
0.672,0,-0.000223009467900987
0.674,0,-0.000223295521991414
0.676,0,-0.000225431120379122
0.678,0,-0.000229351632019542
0.68,0,-0.000234925593338519
0.682,0,-0.000242073421016355
0.684,0,-0.000250546178563107
0.686,0,-0.000260126558201721
0.688,0,-0.000270509692875697
0.69,0,-0.000281315493277488
0.692,0,-0.000292225668271169
0.694,0,-0.000302867079734479
0.696,0,-0.000312881892862999
0.698,0,-0.000321926163150137
0.7,0,-0.000329652406909757
0.702,0,-0.000335896660477263
0.704,0,-0.00034041019193799
0.706,0,-0.000343008412337103
0.708,0,-0.00034372251172985
0.71,0,-0.000342479888358161
0.712,0,-0.000339316437045421
0.714,0,-0.000334398041229937
0.716,0,-0.000327734458193408
0.718,0,-0.000319600358533679
0.72,0,-0.000310152148479261
0.722,0,-0.000299644870467328
0.724,0,-0.000288332199173472
0.726,0,-0.000276581906130162
0.728,0,-0.000264726543993876
0.73,0,-0.00025313309203182
0.732,0,-0.00024215367030458
0.734,0,-0.000232152011231421
0.736,0,-0.000223415773380538
0.738,0,-0.000216210169438751
0.74,0,-0.000210844272794605
0.742,0,-0.000207314357151161
0.744,0,-0.000205831543957346
0.746,0,-0.000206367893189333
0.748,0,-0.000208876331084601
0.75,0,-0.000213195791170311
0.752,0,-0.000219195987253241
0.754,0,-0.000226759657066632
0.756,0,-0.000235533922031443
0.758,0,-0.000245350191661255
0.76,0,-0.000255903607146158
0.762,0,-0.000266875547553135
0.764,0,-0.000277975232414055
0.766,0,-0.0002888850758203
0.768,0,-0.000299340706700533
0.77,0,-0.000309066767500398
0.772,0,-0.000317746685332717
0.774,0,-0.000325216991684059
0.776,0,-0.000331199261053194
0.778,0,-0.000335460418339338
0.78,0,-0.000337886506191869
0.782,0,-0.00033839747228934
0.784,0,-0.000336930330790157
0.786,0,-0.000333567652460691
0.788,0,-0.000328348818822223
0.79,0,-0.000321450178411392
0.792,0,-0.000313078344262289
0.794,0,-0.000303410558215891
0.796,0,-0.000292694820217466
0.798,0,-0.000281291414634845
0.8,0,-0.000269405246159578
0.802,0,-0.000257343366143786
0.804,0,-0.000245378245364626
0.806,0,-0.000233753757091372
0.808,0,-0.000222714673965866
0.81,0,-0.000212496436103192
0.812,0,-0.000203336166844908
0.814,0,-0.00019547950743155
0.816,0,-0.000189084017025958
0.818,0,-0.000184274549410411
0.82,0,-0.000181242716885693
0.822,0,-0.000179969728962802
0.824,0,-0.000180534481168574
0.826,0,-0.000182775079183388
0.828,0,-0.00018662449555178
0.83,0,-0.000191932998837765
0.832,0,-0.000198535820353789
0.834,0,-0.000206172682558319
0.836,0,-0.000214557878844201
0.838,0,-0.000223411475693065
0.84,0,-0.000232426928733104
0.842,0,-0.000241271579598123
0.844,0,-0.000249662633348893
0.846,0,-0.000257307360700625
0.848,0,-0.000263950561229434
0.85,0,-0.000269247548007749
0.852,0,-0.000273130697304837
0.854,0,-0.000275296559693089
0.856,0,-0.000275637714082861
0.858,0,-0.00027421216622505
0.86,0,-0.00027090397232168
0.862,0,-0.00026579446121148
0.864,0,-0.000258983725447999
0.866,0,-0.000250613696481189
0.868,0,-0.000240756176864968
0.87,0,-0.000229743517051505
0.872,0,-0.000217712008274005
0.874,0,-0.000204992131130432
0.876,0,-0.000191920112677404
0.878,0,-0.000178832861521109
0.88,0,-0.000166094037517064
0.882,0,-0.000154046191377952
0.884,0,-0.000143061762498847
0.886,0,-0.000133419706771167
0.888,0,-0.000125330904118992
0.89,0,-0.000119086071649507
0.892,0,-0.000114757242251279
0.894,0,-0.000112381061324144
0.896,0,-0.000111968229964068
0.898,0,-0.000113453383838521
0.9,0,-0.000116755439395324
0.902,0,-0.000121697956036149
0.904,0,-0.000128103886561913
0.906,0,-0.000135732530849128
0.908,0,-0.000144362082093691
0.91,0,-0.000153719127004845
0.912,0,-0.000163460359322524
0.914,0,-0.000173283162212681
0.916,0,-0.00018285351665892
0.918,0,-0.000191841704100681
0.92,0,-0.000199977504846145
0.922,0,-0.000206896415748989
0.924,0,-0.000212356684419105
0.926,0,-0.000216176459465922
0.928,0,-0.000218062250625605
0.93,0,-0.000217984417690311
0.932,0,-0.000215873908055166
0.934,0,-0.000211699778746465
0.936,0,-0.000205548932377565
0.938,0,-0.000197591873636225
0.94,0,-0.00018804077250797
0.942,0,-0.000177031885213267
0.944,0,-0.000164945056851824
0.946,0,-0.000151968983312894
0.948,0,-0.000138439807281711
0.95,0,-0.000124681894623584
0.952,0,-0.000110988385833213
0.954,0,-9.76328854589205e-05
0.956,0,-8.48714276441528e-05
0.958,0,-7.29966729848278e-05
0.96,0,-6.22123517649761e-05
0.962,0,-5.28179238489798e-05
0.964,0,-4.49090857769412e-05
0.966,0,-3.8778723028584e-05
0.968,0,-3.45154909064487e-05
0.97,0,-3.21932100861868e-05
0.972,0,-3.17727099664569e-05
0.974,0,-3.33260521094124e-05
0.976,0,-3.66808572783633e-05
0.978,0,-4.16888564070011e-05
0.98,0,-4.81389397042212e-05
0.982,0,-5.58572533463382e-05
0.984,0,-6.45227620829053e-05
0.986,0,-7.38363456119681e-05
0.988,0,-8.35025507808888e-05
0.99,0,-9.32075189374934e-05
0.992,0,-0.000102645300669393
0.994,0,-0.000111543483692615
0.996,0,-0.000119642430818026
0.998,0,-0.000126712053710858
1,0,-0.000132476409908098
1.002,0,-0.000136737565196884
1.004,0,-0.000139318067419466
1.006,0,-0.000140161267200686
1.008,0,-0.000139151476236759
1.01,0,-0.000136318664525898
1.012,0,-0.000131655478273683
1.014,0,-0.000125300541646824
1.016,0,-0.000117377814727433
1.018,0,-0.00010803679515089
1.02,0,-9.74774418837522e-05
1.022,0,-8.59599546830056e-05
1.024,0,-7.38049879800039e-05
1.026,0,-6.13117758656404e-05
1.028,0,-4.88302415332768e-05
1.03,0,-3.67063202248434e-05
1.032,0,-2.52613552865732e-05
1.034,0,-1.47914964648001e-05
1.036,0,-5.63136988845363e-06
1.038,0,2.0062113656643e-06
1.04,0,7.954498806959e-06
1.042,0,1.20127483610721e-05
1.044,0,1.42362436135121e-05
1.046,0,1.46254646321495e-05
1.048,0,1.30735220102996e-05
1.05,0,9.83863709362969e-06
1.052,0,5.0346546058961e-06
1.054,0,-1.25729464810081e-06
1.056,0,-8.76626579913521e-06
1.058,0,-1.72633223204395e-05
1.06,0,-2.64839190883136e-05
1.062,0,-3.60859989754258e-05
1.064,0,-4.57469422975669e-05
1.066,0,-5.51275567725782e-05
1.068,0,-6.38845137468705e-05
1.07,0,-7.16895552247295e-05
1.072,0,-7.82273914630717e-05
1.074,0,-8.32333496600003e-05
1.076,0,-8.64769578577825e-05
1.078,0,-8.77604701460062e-05
1.08,0,-8.70969608501994e-05
1.082,0,-8.4380691118891e-05
1.084,0,-7.96785025423052e-05
1.086,0,-7.3145515882443e-05
1.088,0,-6.48692902498216e-05
1.09,0,-5.50530274445806e-05
1.092,0,-4.39598853995435e-05
1.094,0,-3.18692587954132e-05
1.096,0,-1.89709081888505e-05
1.098,0,-5.65356029430502e-06
1.1,0,7.81625568231965e-06
1.102,0,2.11181013983129e-05
1.104,0,3.396928878249e-05
1.106,0,4.60778239005924e-05
1.108,0,5.71215612207708e-05
1.11,0,6.69031494906503e-05
1.112,0,7.51974723720694e-05
1.114,0,8.17162040598426e-05
1.116,0,8.63348293148348e-05
1.118,0,8.90497716939551e-05
1.12,0,8.98376492997716e-05
1.122,0,8.86093108806452e-05
1.124,0,8.55796115104329e-05
1.126,0,8.08734443249076e-05
1.128,0,7.47064161020291e-05
1.13,0,6.72740906111281e-05
1.132,0,5.88694228300999e-05
1.134,0,4.97905408801413e-05
1.136,0,4.03456286180906e-05
1.138,0,3.08288997813788e-05
1.14,0,2.15314853778467e-05
1.142,0,1.27112386273457e-05
1.144,0,4.6446882572268e-06
1.146,0,-2.44494775048858e-06
1.148,0,-8.29783531699946e-06
1.15,0,-1.27299085123182e-05
1.152,0,-1.55119937852203e-05
1.154,0,-1.65739197816648e-05
1.156,0,-1.57801644534871e-05
1.158,0,-1.30770980939393e-05
1.16,0,-8.5621195434254e-06
1.162,0,-2.21852882965112e-06
1.164,0,5.81052199153514e-06
1.166,0,1.53151875019404e-05
1.168,0,2.61657953661691e-05
1.17,0,3.80759898265885e-05
1.172,0,5.075417975382e-05
1.174,0,6.38742604969454e-05
1.176,0,7.71461754804759e-05
1.178,0,9.02253540737858e-05
1.18,0,0.000102820750860768
1.182,0,0.000114642358142627
1.184,0,0.000125420761127273
1.186,0,0.000134847206464217
1.188,0,0.00014285377796887
1.19,0,0.000149130857684798
1.192,0,0.000153579333446759
1.194,0,0.000156181362044569
1.196,0,0.000156980808247338
1.198,0,0.00015589648276826
1.2,0,0.000153135864560811
1.202,0,0.00014879377021105
1.204,0,0.000143039721342716
1.206,0,0.000136059838513718
1.208,0,0.000128108944583523
1.21,0,0.000119453378695114
1.212,0,0.000110456072770186
1.214,0,0.00010142158377011
1.216,0,9.27059608925048e-05
1.218,0,8.46369277599592e-05
1.22,0,7.75118125267514e-05
1.222,0,7.16922403962415e-05
1.224,0,6.74308931269051e-05
1.226,0,6.48418658198278e-05
1.228,0,6.42116024751622e-05
1.23,0,6.55520335366e-05
1.232,0,6.87967095387085e-05
1.234,0,7.40087396632536e-05
1.236,0,8.09977564680892e-05
1.238,0,8.95983141202275e-05
1.24,0,9.97113675807113e-05
1.242,0,0.000111105662717843
1.244,0,0.000123473408126756
1.246,0,0.00013663684673167
1.248,0,0.000150229915753128
1.25,0,0.000163958746850393
1.252,0,0.000177488495602557
1.254,0,0.000190513757696526
1.256,0,0.000202714134533283
1.258,0,0.000213735799094942
1.26,0,0.000223367041630266
1.262,0,0.000231361034911433
1.264,0,0.000237473962772585
1.266,0,0.000241591933772078
1.268,0,0.000243730344812066
1.27,0,0.000243811079222367
1.272,0,0.000241909153684898
1.274,0,0.00023824172718697
1.276,0,0.000232956423408565
1.278,0,0.000226271338808534
1.28,0,0.000218461078951278
1.282,0,0.000209748801073825
1.284,0,0.000200489402717085
1.286,0,0.000190987203808118
1.288,0,0.000181554862415071
1.29,0,0.000172480208643176
1.292,0,0.000164032805963938
1.294,0,0.000156472541637884
1.296,0,0.000150082919685538
1.298,0,0.000145027399471735
1.3,0,0.00014161873346395
1.302,0,0.000139908489741147
1.304,0,0.000140143511250778
1.306,0,0.000142285377462797
1.308,0,0.000146411088799782
1.31,0,0.000152399248692977
1.312,0,0.000160221598598251
1.314,0,0.000169653608098363
1.316,0,0.000180535178687132
1.318,0,0.00019259577513822
1.32,0,0.000205572668915233
1.322,0,0.000219094432300773
1.324,0,0.000232910676576546
1.326,0,0.000246681686942415
1.328,0,0.000260117906664446
1.33,0,0.000272939504926875
1.332,0,0.000284880189956198
1.334,0,0.000295715828620531
1.336,0,0.000305172262122936
1.338,0,0.00031314467314727
1.34,0,0.000319404867954838
1.342,0,0.000323819334435634
1.344,0,0.000326426581403893
1.346,0,0.00032724814068732
1.348,0,0.000326211072138189
1.35,0,0.000323479260993191
1.352,0,0.000319207941747997
1.354,0,0.000313595724489458
1.356,0,0.000306802461149909
1.358,0,0.000299131678395462
1.36,0,0.000290882280223973
1.362,0,0.000282355279412901
1.364,0,0.000273882333048368
1.366,0,0.000265797131079687
1.368,0,0.000258389268761335
1.37,0,0.000251942278538908
1.372,0,0.000246795555841909
1.374,0,0.000243068270469688
1.376,0,0.000241063726256193
1.378,0,0.00024092962098757
1.38,0,0.000242597347193889
1.382,0,0.000246175488802203
1.384,0,0.000251603489333254
1.386,0,0.000258757932466102
1.388,0,0.000267486265453803
1.39,0,0.000277711870177367
1.392,0,0.000289168569315508
1.394,0,0.00030160681400876
1.396,0,0.000314835830728901
1.398,0,0.000328488542294707
1.4,0,0.00034227139708605
1.402,0,0.000355829376350683
1.404,0,0.000368840071873217
1.406,0,0.000380982511951709
1.408,0,0.000391868094259726
1.41,0,0.000401347794267042
1.412,0,0.000409101453064933
1.414,0,0.000414925528102451
1.416,0,0.000418801603520963
1.418,0,0.000420632153171917
1.42,0,0.000420556802089649
1.422,0,0.000418568354815308
1.424,0,0.000414865415518043
1.426,0,0.000409580525304018
1.428,0,0.000403035921736782
1.43,0,0.000395385160568626
1.432,0,0.000386896226248743
1.434,0,0.000377919840225662
1.436,0,0.000368745878146631
1.438,0,0.000359691897118282
1.44,0,0.000351065427831422
1.442,0,0.000343150667843162
1.444,0,0.00033624816160313
1.446,0,0.000330584596004259
1.448,0,0.000326456295927275
1.45,0,0.00032405629054365
1.452,0,0.000323569470162639
1.454,0,0.000325026052033536
1.456,0,0.000328519801360224
1.458,0,0.00033397777812061
1.46,0,0.000341297673135067
1.462,0,0.000350326464475919
1.464,0,0.000360875032584625
1.466,0,0.000372689359053295
1.468,0,0.000385515538696259
1.47,0,0.000399025193857058
1.472,0,0.00041291793849767
1.474,0,0.000426871688074794
1.476,0,0.000440580413676293
1.478,0,0.000453788920402687
1.48,0,0.000466202467270567
1.482,0,0.000477613125474861
1.484,0,0.00048771529153181
1.486,0,0.000496423621737362
1.488,0,0.000503408767223658
1.49,0,0.000508572898094726
1.492,0,0.000511869280665745
1.494,0,0.000513229467283494
1.496,0,0.000512714171757189
1.498,0,0.000510384583444472
1.5,0,0.000506352147895809
1.502,0,0.000500767881525618
1.504,0,0.000493892983101573
1.506,0,0.000485966418320036
1.508,0,0.000477289361963998
1.51,0,0.000468172109804372
1.512,0,0.00045892299938249
1.514,0,0.000449868614724863
1.516,0,0.000441298595171822
1.518,0,0.000433482911586244
1.52,0,0.000426679053054637
1.522,0,0.000421183583350924
1.524,0,0.000417183623857684
1.526,0,0.000414846048383926
1.528,0,0.000414292971938755
1.53,0,0.000415595886076076
1.532,0,0.000418780017096811
1.534,0,0.00042372745957269
1.536,0,0.000430387217956926
1.538,0,0.000438693850097706
1.54,0,0.000448424972879465
1.542,0,0.000459410721412183
1.544,0,0.00047140708568227
1.546,0,0.000484127587933447
1.548,0,0.000497282218775761
1.55,0,0.000510523118689087
1.552,0,0.000523500038984724
1.554,0,0.000535906263703157
1.556,0,0.000547417311012282
1.558,0,0.000557730600617549
1.56,0,0.00056659666564173
1.562,0,0.000573750199313962
1.564,0,0.000578992101071101
1.566,0,0.000582363490656942
1.568,0,0.000583808939707228
1.57,0,0.000583353961888053
1.572,0,0.000581055361084105
1.574,0,0.000577108189523543
1.576,0,0.000571637655198434
1.578,0,0.000564895511922435
1.58,0,0.000557043444915338
1.582,0,0.000548359837741472
1.584,0,0.000539187246159798
1.586,0,0.000529817140747365
1.588,0,0.00052058163514682
1.59,0,0.000511807933526466
1.592,0,0.000503779930768747
1.594,0,0.000496871728409832
1.596,0,0.000491303804377034
1.598,0,0.000487368366642208
1.6,0,0.000485293144522118
1.602,0,0.000485147909681256
1.604,0,0.000486983947484238
1.606,0,0.00049085308327437
1.608,0,0.000496665794477082
1.61,0,0.000504312620118988
1.612,0,0.000513577665005652
1.614,0,0.000524288698093476
1.616,0,0.000536104149555952
1.618,0,0.000548850782670569
1.62,0,0.000562180569799696
1.622,0,0.000575788449800628
1.624,0,0.000589368725763364
1.626,0,0.000602619778994575
1.628,0,0.000615251611081491
1.63,0,0.000627028764933436
1.632,0,0.000637630002701461
1.634,0,0.000646826792601421
1.636,0,0.000654503349310241
1.638,0,0.000660333216913357
1.64,0,0.0006642299908913
1.642,0,0.000666216528353006
1.644,0,0.000666186119856624
1.646,0,0.000664292319621111
1.648,0,0.000660618935317341
1.65,0,0.000655365855666154
1.652,0,0.000648655033925516
1.654,0,0.00064081777377014
1.656,0,0.000632102624032609
1.658,0,0.00062282486752507
1.66,0,0.00061329610360186
1.662,0,0.00060382641009997
1.664,0,0.000594710523673824
1.666,0,0.000586212658035325
1.668,0,0.000578586210218264
1.67,0,0.000572122020207604
1.672,0,0.000566943687299747
1.674,0,0.000563373941847471
1.676,0,0.000561463743368681
1.678,0,0.000561406241418597
1.68,0,0.000563178995650261
1.682,0,0.000566807033393806
1.684,0,0.000572270478938203
1.686,0,0.000579426550850673
1.688,0,0.000588140263147453
1.69,0,0.000598229952958409
1.692,0,0.000609523073560885
1.694,0,0.000621711899139278
1.696,0,0.000634504130199421
1.698,0,0.000647589615664777
1.7,0,0.000660637045195928
1.702,0,0.000673324614120322
1.704,0,0.000685343806450548
1.706,0,0.00069642539601747
1.708,0,0.000706221542408701
1.71,0,0.000714653553926774
1.712,0,0.000721398935290366
1.714,0,0.000726352082234218
1.716,0,0.000729443217823277
1.718,0,0.000730676455900709
1.72,0,0.000730001113035017
1.722,0,0.000727620344140936
1.724,0,0.000723609432872892
1.726,0,0.000718094191426235
1.728,0,0.000711350125801981
1.73,0,0.000703495013373581
1.732,0,0.000694841822745433
1.734,0,0.000685732194472236
1.736,0,0.00067645295313501
1.738,0,0.000667344486774171
1.74,0,0.000658744521406096
1.742,0,0.000650947263987111
1.744,0,0.000644320063099183
1.746,0,0.000639131371791649
1.748,0,0.000635518310673389
1.75,0,0.000633813309565935
1.752,0,0.000634072517829921
1.754,0,0.000636252219886825
1.756,0,0.000640442109076867
1.758,0,0.000646444013055605
1.76,0,0.000654211303437009
1.762,0,0.000663529014850014
1.764,0,0.000674219997661847
1.766,0,0.000685986420848966
1.768,0,0.000698646287370314
1.77,0,0.000711842654950013
1.772,0,0.000725306090177406
1.774,0,0.000738709779721431
1.776,0,0.000751734490444252
1.778,0,0.000764087439260609
1.78,0,0.000775476043221641
1.782,0,0.000785620336113575
1.784,0,0.000794228877943854
1.786,0,0.00080103916755384
1.788,0,0.000805946813276319
1.79,0,0.000808918397751658
1.792,0,0.000809876498670403
1.794,0,0.000808860365009041
1.796,0,0.000805970888934728
1.798,0,0.000801403381923872
1.8,0,0.000795251153402431
1.802,0,0.000787842855587307
1.804,0,0.000779379597372761
1.806,0,0.000770190377524793
1.808,0,0.000760594591842642
1.81,0,0.000750892828956162
1.812,0,0.000741392108224879
1.814,0,0.000732370074783231
1.816,0,0.000724112517119517
1.818,0,0.000716853775963407
1.82,0,0.000710859253483272
1.822,0,0.000706328416929246
1.824,0,0.000703466569228367
1.826,0,0.000702448083342422
1.828,0,0.000703269207511643
1.83,0,0.000706039525706274
1.832,0,0.000710713833651756
1.834,0,0.000717240821050345
1.836,0,0.000725466688677439
1.838,0,0.000735206163982496
1.84,0,0.000746276842768602
1.842,0,0.000758417341558651
1.844,0,0.000771295826016937
1.846,0,0.000784617247066896
1.848,0,0.000798066782515824
1.85,0,0.000811324968155561
1.852,0,0.000824093518221052
1.854,0,0.000836099767069144
1.856,0,0.000847103585277756
1.858,0,0.00085678309755236
1.86,0,0.000865073715587103
1.862,0,0.000871667313543915
1.864,0,0.000876497206854849
1.866,0,0.000879477645711408
1.868,0,0.000880580970747717
1.87,0,0.000879886078315429
1.872,0,0.000877463960841864
1.874,0,0.00087343669392133
1.876,0,0.000867924516139494
1.878,0,0.000861218160903614
1.88,0,0.000853467906764453
1.882,0,0.000844992582840889
1.884,0,0.000836092539756477
1.886,0,0.000827095315163898
1.888,0,0.000818334230464673
1.89,0,0.000810116462840754
1.892,0,0.000802742636534609
1.894,0,0.000796526285792856
1.896,0,0.000791673109663981
1.898,0,0.000788483307610151
1.9,0,0.000787135233993387
1.902,0,0.000787582519611442
1.904,0,0.000789998306927892
1.906,0,0.00079429477320201
1.908,0,0.000800346828898995
1.91,0,0.000808064321694263
1.912,0,0.00081731089779907
1.914,0,0.000827837146525977
1.916,0,0.000839509131523711
1.918,0,0.000852050057614928
1.92,0,0.000865137444086847
1.922,0,0.000878478187363282
1.924,0,0.000891738387978092
1.926,0,0.000904590468316517
1.928,0,0.00091674096470176
1.93,0,0.000927818036960924
1.932,0,0.000937527659877781
1.934,0,0.000945671147067066
1.936,0,0.000951950537809667
1.938,0,0.000956349568081972
1.94,0,0.000958757633922875
1.942,0,0.000959200610879032
1.944,0,0.000957636334307469
1.946,0,0.000954320822393666
1.948,0,0.000949367084253302
1.95,0,0.00094293267222556
1.952,0,0.000935341998701175
1.954,0,0.000926793137574951
1.956,0,0.000917578665579237
1.958,0,0.000908032150193319
1.96,0,0.000898459819215945
1.962,0,0.000889173551923841
1.964,0,0.000880457743383816
1.966,0,0.000872566605268928
1.968,0,0.00086586030492622
1.97,0,0.00086047059581592
1.972,0,0.000856718550277275
1.974,0,0.000854803042293892
1.976,0,0.000854711141599336
1.978,0,0.0008566023410478
1.98,0,0.000860498237861717
1.982,0,0.000866299639816041
1.984,0,0.00087388602586448
1.986,0,0.000883082313731474
1.988,0,0.000893722859854174
1.99,0,0.000905490780007829
1.992,0,0.000918157264839808
1.994,0,0.000931360046149673
1.996,0,0.00094481677701725
1.998,0,0.000958206057822693
2,0,0.000971246991808528
2.002,0,0.000983654806147779
2.004,0,0.000995187036261214
2.006,0,0.00100553141963458
2.008,0,0.00101461446142469
2.01,0,0.00102206564174863
2.012,0,0.00102781789808361
2.014,0,0.00103168660780992
2.016,0,0.00103373628933487
2.018,0,0.00103385391202081
2.02,0,0.00103213522839653
2.022,0,0.00102868484115691
2.024,0,0.00102368012701904
2.026,0,0.00101723093552253
2.028,0,0.00100959786475334
2.03,0,0.0010010917263992
2.032,0,0.000991964543751733
2.034,0,0.00098254200686904
2.036,0,0.000973142823056007
2.038,0,0.00096406296755011
2.04,0,0.000955590728273071
2.042,0,0.00094803501216218
2.044,0,0.000941688883544641
2.046,0,0.000936684431893295
2.048,0,0.000933333020504838
2.05,0,0.000931726963658812
2.052,0,0.000931973941453666
2.054,0,0.000934035898633995
2.056,0,0.000938001692525489
2.058,0,0.000943671101703292
2.06,0,0.000950985954824716
2.062,0,0.000959883607303906
2.064,0,0.000970013643635633
2.066,0,0.000981310518144299
2.068,0,0.000993443276435008
2.07,0,0.00100614226755064
2.072,0,0.00101906754191383
2.074,0,0.00103188504467415
2.076,0,0.00104425873459557
2.078,0,0.00105588438589668
2.08,0,0.00106637364375849
2.082,0,0.00107550271554068
2.084,0,0.00108309317245313
2.086,0,0.00108879111499181
2.088,0,0.00109260388314343
2.09,0,0.00109451726556339
2.092,0,0.00109446314097928
2.094,0,0.00109246262444244
2.096,0,0.00108878559569581
2.098,0,0.00108347408446807
2.1,0,0.00107676260092823
2.102,0,0.00106884515939476
2.104,0,0.00105997598612112
2.106,0,0.00105047066704222
2.108,0,0.00104063934078444
2.11,0,0.00103079764605633
2.112,0,0.00102128165265754
2.114,0,0.00101237596007659
2.116,0,0.00100441830959358
2.118,0,0.000997718498929486
2.12,0,0.000992474626123832
2.122,0,0.000988954068343457
2.124,0,0.000987359876327045
2.126,0,0.00098770174267105
2.128,0,0.000990041553621152
2.13,0,0.00099444298812333
2.132,0,0.00100066767092479
2.134,0,0.00100860084886883
2.136,0,0.00101814260375431
2.138,0,0.00102892143963746
2.14,0,0.00104078997382858
2.142,0,0.00105340828540884
2.144,0,0.0010664512219724
2.146,0,0.00107963608257883
2.148,0,0.0010926449371326
2.15,0,0.00110521662305079
2.152,0,0.00111706532441069
2.154,0,0.00112787018121236
2.156,0,0.00113746849415929
2.158,0,0.00114562120914916
2.16,0,0.00115202012559192
2.162,0,0.00115665376623523
2.164,0,0.00115931405552886
2.166,0,0.00115999864426875
2.168,0,0.00115879608974203
2.17,0,0.00115575177763659
2.172,0,0.00115100002594438
2.174,0,0.00114471259672053
2.176,0,0.00113711522593476
2.178,0,0.00112845566191853
2.18,0,0.00111904283226861
2.182,0,0.00110916650412604
2.184,0,0.00109914167816041
2.186,0,0.00108927393616137
2.188,0,0.00107984932122037
2.19,0,0.00107113215259198
2.192,0,0.00106337293528482
2.194,0,0.00105685478574857
2.196,0,0.00105182334351684
2.198,0,0.00104836995124134
2.2,0,0.0010466831751352
2.202,0,0.00104685529969608
2.204,0,0.00104886855180603
2.206,0,0.00105272005842711
2.208,0,0.001058312750056
2.21,0,0.00106553714560775
2.212,0,0.00107425285444479
2.214,0,0.00108428744499701
2.216,0,0.00109539089643497
2.218,0,0.00110724837483246
2.22,0,0.00111959862937784
2.222,0,0.00113208569333478
2.224,0,0.00114438618337556
2.226,0,0.00115618777332053
2.228,0,0.00116718448296528
2.23,0,0.00117711629594791
2.232,0,0.00118561712857272
2.234,0,0.00119259005169149
2.236,0,0.00119775380475886
2.238,0,0.00120114106253156
2.24,0,0.00120263071376897
2.242,0,0.00120223862117348
2.244,0,0.0012000416547507
2.246,0,0.00119613646944642
2.248,0,0.00119058931739794
2.25,0,0.00118372856802468
2.252,0,0.00117569740364757
2.254,0,0.00116669124259623
2.256,0,0.0011571060769661
2.258,0,0.00114720047139507
2.26,0,0.0011373266008589
2.262,0,0.00112781210170982
2.264,0,0.00111895678184434
2.266,0,0.00111114618856063
2.268,0,0.0011046145467692
2.27,0,0.00109965693630539
2.272,0,0.00109647856703541
2.274,0,0.00109520872665826
2.276,0,0.00109587636175662
2.278,0,0.00109854683938441
2.28,0,0.00110316302842223
2.282,0,0.0011095401148718
2.284,0,0.00111759317389814
2.286,0,0.00112710891789355
2.288,0,0.0011378108160042
2.29,0,0.00114954288431584
2.292,0,0.0011619391401471
2.294,0,0.00117474166796054
2.296,0,0.00118762382901134
2.298,0,0.00120027885409009
2.3,0,0.00121241724202344
2.302,0,0.00122371861249615
2.304,0,0.00123393450082913
2.306,0,0.00124278897071249
2.308,0,0.00124999249846265
2.31,0,0.00125533332522616
2.312,0,0.00125883126278879
2.314,0,0.00126032003267104
2.316,0,0.00125981702675972
2.318,0,0.00125740682694397
2.32,0,0.00125321096647671
2.322,0,0.00124730572922639
2.324,0,0.0012400980658707
2.326,0,0.00123165496660422
2.328,0,0.0012223014920868
2.33,0,0.00121234869925519
2.332,0,0.00120210334287114
2.334,0,0.00119187117511198
2.336,0,0.00118193313495022
2.338,0,0.00117257114571748
2.34,0,0.00116405968888709
2.342,0,0.0011567017769928
2.344,0,0.00115061095894387
2.346,0,0.00114612543889967
2.348,0,0.00114333595230318
2.35,0,0.00114237780477353
2.352,0,0.00114333054144278
2.354,0,0.00114617472938979
2.356,0,0.00115088781471556
2.358,0,0.00115734542539781
2.36,0,0.00116538443734543
2.362,0,0.00117490725409992
2.364,0,0.00118562328987031
2.366,0,0.00119726760952172
2.368,0,0.00120951896202657
2.37,0,0.00122210202550862
2.372,0,0.00123468215350675
2.374,0,0.00124695820345295
2.376,0,0.00125863384567699
2.378,0,0.00126945412853816
2.38,0,0.00127908384271619
2.382,0,0.00128744518888651
2.384,0,0.00129418464453513
2.386,0,0.00129918663660918
2.388,0,0.0013023649527352
2.39,0,0.00130377348205841
2.392,0,0.00130327907392413
2.394,0,0.0013009990532744
2.396,0,0.00129705180140753
2.398,0,0.001291604299793
2.4,0,0.00128476303381581
2.402,0,0.00127678143636404
2.404,0,0.0012679503794526
2.406,0,0.00125853963379784
2.408,0,0.00124888444812768
2.41,0,0.00123930604709399
2.412,0,0.00123013227067513
2.414,0,0.00122167058504261
2.416,0,0.00121426950730939
2.418,0,0.001208194885816
2.42,0,0.0012035943260562
2.422,0,0.00120087232877439
2.424,0,0.00119990611248454
2.426,0,0.00120089307428891
2.428,0,0.00120381197229467
2.43,0,0.00120854728873824
2.432,0,0.00121501934222003
2.434,0,0.00122306576737814
2.436,0,0.00123259294184347
2.438,0,0.00124327872895284
2.44,0,0.00125500727899158
2.442,0,0.0012673919708055
2.444,0,0.00128016440837472
2.446,0,0.00129301318770181
2.448,0,0.00130559426414351
2.45,0,0.00131760634551056
2.452,0,0.00132868862418669
2.454,0,0.00133853442874754
2.456,0,0.00134693492351519
2.458,0,0.00135354860325192
2.46,0,0.00135830885657783
2.462,0,0.00136113943239545
2.464,0,0.00136198103611468
2.466,0,0.00136090106781387
2.468,0,0.00135790992786489
2.47,0,0.00135320976792339
2.472,0,0.00134690858146805
2.474,0,0.00133933490258414
2.476,0,0.00133062687325192
2.478,0,0.00132111471459442
2.48,0,0.00131112090198455
2.482,0,0.00130092870729453
2.484,0,0.00129085874069164
2.486,0,0.0012812017969654
2.488,0,0.00127222022853963
2.49,0,0.00126424832239838
2.492,0,0.00125754478904695
2.494,0,0.00125224303500226
2.496,0,0.00124868669380883
2.498,0,0.00124695368227748
2.5,0,0.0012471100342315
2.502,0,0.00124927201990686
2.504,0,0.00125337024884937
2.506,0,0.00125929711083748
2.508,0,0.00126690858377002
2.51,0,0.00127608404119681
2.512,0,0.00128655947734044
2.514,0,0.00129810522967766
2.516,0,0.00131033626086874
2.518,0,0.00132302985322713
2.52,0,0.00133584828677502
2.522,0,0.00134849928166322
2.524,0,0.00136069255216916
2.526,0,0.00137216346705909
2.528,0,0.00138266550507915
2.53,0,0.00139189769910904
2.532,0,0.00139973879781863
2.534,0,0.00140593025469103
2.536,0,0.0014103278641853
2.538,0,0.00141288615844051
2.54,0,0.0014135270159785
2.542,0,0.00141235021708293
2.544,0,0.00140940733334798
2.546,0,0.00140481787814779
2.548,0,0.00139872091603393
2.55,0,0.0013913336969905
2.552,0,0.00138290923077647
2.554,0,0.00137373168020583
2.556,0,0.00136409244516148
2.558,0,0.00135431214418529
2.56,0,0.00134470165262525
2.562,0,0.00133555553805292
2.564,0,0.00132718216319093
2.566,0,0.00131992569971816
2.568,0,0.0013138996114925
2.57,0,0.00130947892625271
2.572,0,0.00130677712763078
2.574,0,0.00130587155586295
2.576,0,0.00130681464840739
2.578,0,0.00130963575379453
2.58,0,0.00131422129767522
2.582,0,0.0013205290385956
2.584,0,0.00132846364466831
2.586,0,0.00133771766753949
2.588,0,0.00134821948842075
2.59,0,0.00135969735426748
2.592,0,0.00137181997777206
2.594,0,0.00138430810515257
2.596,0,0.0013968079602712
2.598,0,0.00140898749961543
2.6,0,0.00142052427802064
2.602,0,0.00143101987221363
2.604,0,0.00144026999947639
2.606,0,0.00144799907261213
2.608,0,0.0014540033176544
2.61,0,0.00145809454507198
2.612,0,0.00146023996563131
2.614,0,0.00146043348227257
2.616,0,0.00145867197632361
2.618,0,0.00145517602904302
2.62,0,0.0014499108991326
2.622,0,0.00144319233060467
2.624,0,0.0014352157509702
2.626,0,0.00142612608065685
2.628,0,0.00141631155691475
2.63,0,0.00140603740246643
2.632,0,0.00139564193422572
2.634,0,0.00138543862289013
2.636,0,0.00137573210865614
2.638,0,0.00136688488858002
2.64,0,0.0013591253143967
2.642,0,0.00135272010053499
2.644,0,0.00134797263379954
2.646,0,0.00134503726653794
2.648,0,0.00134397613583886
2.65,0,0.00134499334518577
2.652,0,0.00134796662064374
2.654,0,0.00135284795239426
2.656,0,0.00135948984681765
2.658,0,0.00136781009423845
2.66,0,0.00137752450498131
2.662,0,0.00138841247978248
2.664,0,0.00140018650809436
2.666,0,0.00141252835276328
2.668,0,0.00142516334335605
2.67,0,0.00143778034711429
2.672,0,0.00145009980026485
2.674,0,0.00146183082052206
2.676,0,0.00147272504672832
2.678,0,0.00148245634520875
2.68,0,0.00149089082950993
2.682,0,0.00149770976186206
2.684,0,0.00150271559326616
2.686,0,0.00150593465765007
2.688,0,0.00150722108816591
2.69,0,0.00150656786073799
2.692,0,0.00150402386704666
2.694,0,0.00149973207644433
2.696,0,0.00149385597555213
2.698,0,0.00148656115583052
2.7,0,0.0014780868510364
2.702,0,0.00146871834179262
2.704,0,0.00145871772200119
2.706,0,0.00144841118025685
2.708,0,0.00143809941549789
2.71,0,0.00142806373074471
2.712,0,0.00141860851387629
2.714,0,0.00141000133989301
2.716,0,0.00140250505986747
2.718,0,0.0013963855440741
2.72,0,0.00139184400503012
2.722,0,0.00138899924628425
2.724,0,0.00138794520725442
2.726,0,0.00138880510689302
2.728,0,0.00139144482445472
2.73,0,0.00139585307256278
2.732,0,0.0014019799049617
2.734,0,0.00140972792518658
2.736,0,0.00141876013167267
2.738,0,0.00142901755433556
2.74,0,0.00144015909116771
2.742,0,0.0014519081762069
2.744,0,0.00146392559743168
2.746,0,0.00147587891174329
2.748,0,0.00148744709922381
2.75,0,0.00149831022392777
2.752,0,0.00150810638237055
2.754,0,0.00151667101681506
2.756,0,0.00152369953827901
2.758,0,0.00152897531834622
2.76,0,0.00153243771762454
2.762,0,0.00153406684941721
2.764,0,0.00153373040664959
2.766,0,0.00153156335375732
2.768,0,0.00152766254295799
2.77,0,0.00152204747026493
2.772,0,0.00151497682813302
2.774,0,0.0015066956256962
2.776,0,0.00149733315831266
2.778,0,0.00148727636830785
2.78,0,0.00147680518006528
2.782,0,0.00146626397089321
2.784,0,0.00145598165707982
2.786,0,0.00144628260412675
2.788,0,0.00143753937125173
2.79,0,0.00142997316017291
2.792,0,0.00142388310707735
2.794,0,0.00141955038245802
2.796,0,0.00141704170691776
2.798,0,0.00141649832317159
2.8,0,0.00141796369584114
2.802,0,0.00142135826078599
2.804,0,0.00142659005551543
2.806,0,0.00143355474037298
2.808,0,0.00144200679085361
2.81,0,0.00145182249882671
2.812,0,0.00146273597558361
2.814,0,0.00147442399504213
2.816,0,0.00148661957351781
2.818,0,0.00149902520817472
2.82,0,0.00151133139422609
2.822,0,0.0015232508579878
2.824,0,0.00153448472860801
2.826,0,0.00154468443278767
2.828,0,0.0015536788638668
2.83,0,0.00156111277036379
2.832,0,0.00156678712837067
2.834,0,0.00157066785472951
2.836,0,0.00157260743221757
2.838,0,0.00157249635961188
2.84,0,0.00157050094263271
2.842,0,0.00156667283244534
2.844,0,0.00156116140455716
2.846,0,0.00155414010393305
2.848,0,0.00154578014710547
2.85,0,0.00153642035773871
2.852,0,0.0015262851494486
2.854,0,0.00151570807790023
2.856,0,0.00150497731469405
2.858,0,0.0014943925989177
2.86,0,0.00148423522215823
2.862,0,0.00147476503214189
2.864,0,0.00146628655976552
2.866,0,0.00145905851694081
2.868,0,0.00145331662577124
2.87,0,0.00144917350836155
2.872,0,0.00144684330122148
2.874,0,0.00144638607992275
2.876,0,0.00144778165209975
2.878,0,0.00145102723566991
2.88,0,0.00145610248635621
2.882,0,0.00146284795450676
2.884,0,0.00147111208278265
2.886,0,0.00148068046299995
2.888,0,0.00149130466948449
2.89,0,0.00150266603080955
2.892,0,0.00151449884911055
2.894,0,0.00152646362363611
2.896,0,0.00153824917385083
2.898,0,0.00154955773399528
2.9,0,0.0015601180509888
2.902,0,0.00156957919821239
2.904,0,0.00157780927348346
2.906,0,0.00158448062680796
2.908,0,0.00158948748679463
2.91,0,0.00159268938373715
2.912,0,0.00159404428123721
2.914,0,0.00159348586862683
2.916,0,0.00159116812117139
2.918,0,0.00158712465114947
2.92,0,0.00158143501958047
2.922,0,0.00157437711637842
2.924,0,0.00156605771186691
2.926,0,0.00155676984008385
2.928,0,0.00154685784448612
2.93,0,0.00153658441417566
2.932,0,0.00152631120783835
2.934,0,0.00151635843305679
2.936,0,0.00150703273878651
2.938,0,0.00149871755199637
2.94,0,0.00149163703251011
2.942,0,0.00148607091931824
2.944,0,0.0014822766333844
2.946,0,0.00148029515142643
2.948,0,0.00148020135538466
2.95,0,0.00148203747952436
2.952,0,0.00148575269737159
2.954,0,0.00149125682215903
2.956,0,0.00149847478554645
2.958,0,0.00150710774141292
2.96,0,0.00151700334884715
2.962,0,0.00152800719078779
2.964,0,0.00153976291427229
2.966,0,0.00155199311369583
2.968,0,0.00156437736793045
2.97,0,0.00157659285930223
2.972,0,0.0015883280614929
2.974,0,0.0015992002364486
2.976,0,0.00160897544597152
2.978,0,0.00161735871057896
2.98,0,0.0016241110458693
2.982,0,0.00162901735998077
2.984,0,0.00163199739332576
2.986,0,0.00163299966455519
2.988,0,0.00163199011502768
2.99,0,0.00162914067601842
2.992,0,0.00162451285449453
2.994,0,0.00161821579710062
2.996,0,0.00161057723444778
2.998,0,0.00160168503962252
3,0,0.0015918790526773
3.002,5.00000000000079e-07,0.00158144227245512
3.004,1.00000000000005e-06,0.00157069178200108
3.006,1.50000000000013e-06,0.00155993131187685
3.008,2.00000000000009e-06,0.00154945546154754
3.01,2.50000000000017e-06,0.00153953812169634
3.012,4.00000000000001e-06,0.00153052565413821
3.014,5.50000000000018e-06,0.00152265153082969
3.016,7.00000000000002e-06,0.00151610236497312
3.018,8.50000000000019e-06,0.00151123671929739
3.02,1e-05,0.00150818702815389
3.022,1.30000000000004e-05,0.00150703274243732
3.024,1.60000000000001e-05,0.00150790909071723
3.026,1.90000000000005e-05,0.00151079500836514
3.028,2.20000000000002e-05,0.00151565793535144
3.03,2.50000000000006e-05,0.00152237622940827
3.032,3.00000000000001e-05,0.00153078476858389
3.034,3.50000000000006e-05,0.00154074431414404
3.036,4.00000000000001e-05,0.00155200911683653
3.038,4.50000000000007e-05,0.00156424801558475
3.04,5.00000000000001e-05,0.00157730302593814
3.042,5.75000000000011e-05,0.001590840420702
3.044,6.50000000000003e-05,0.00160460075069804
3.046,7.25000000000012e-05,0.00161832170878289
3.048,8.00000000000005e-05,0.00163176038706961
3.05,8.75000000000014e-05,0.00164463909677307
3.052,9.80000000000003e-05,0.00165673787634175
3.054,0.000108500000000001,0.00166789120923058
3.056,0.000119,0.00167788912784573
3.058,0.000129500000000002,0.00168672098113142
3.06,0.00014,0.00169428612841308
3.062,0.000154000000000002,0.00170055411108495
3.064,0.000168000000000001,0.0017056218560718
3.066,0.000182000000000002,0.00170956725138543
3.068,0.000196000000000001,0.00171253244457743
3.07,0.000210000000000003,0.00171464807890513
3.072,0.000228000000000001,0.00171612677766997
3.074,0.000245999999999999,0.00171723249823846
3.076,0.000264000000000001,0.00171821236063579
3.078,0.000281999999999999,0.00171936448626079
3.08,0.000300000000000001,0.00172101313761567
3.082,0.000322499999999998,0.00172345479279572
3.084,0.000345000000000001,0.00172699856016541
3.086,0.000367499999999998,0.00173198877828415
3.088,0.000390000000000001,0.00173866494049356
3.09,0.000412499999999998,0.00174733508368614
3.092,0.000440000000000001,0.0017583055010161
3.094,0.000467499999999998,0.00177161323766893
3.096,0.000495000000000001,0.00178736430055178
3.098,0.000522499999999998,0.00180570905859258
3.1,0.000550000000000002,0.00182662625026913
3.102,0.000582999999999998,0.0018500441078204
3.104,0.000616000000000002,0.00187592893548628
3.106,0.000648999999999998,0.00190423086943079
3.108,0.000682000000000002,0.00193464838916169
3.11,0.000714999999999998,0.00196717336282941
3.112,0.000754000000000002,0.00200149026440197
3.114,0.000792999999999998,0.00203732064016176
3.116,0.000832000000000003,0.00207438311016659
3.118,0.000870999999999999,0.00211234525909991
3.12,0.000910000000000003,0.00215088343278476
3.122,0.000955499999999998,0.00218965773689793
3.124,0.001001,0.00222833316648314
3.126,0.0010465,0.00226664810351849
3.128,0.001092,0.00230435346296973
3.13,0.0011375,0.00234123482504732
3.132,0.00119,0.00237721633352463
3.134,0.0012425,0.00241222591042036
3.136,0.001295,0.00244632311506635
3.138,0.0013475,0.00247955027655696
3.14,0.0014,0.00251205183198986
3.142,0.00146,0.0025440010789899
3.144,0.00152,0.00257562867156371
3.146,0.00158,0.0026071477082703
3.148,0.00164,0.00263886877758819
3.15,0.0017,0.00267110762620539
3.152,0.00176800000000001,0.00270416982934129
3.154,0.001836,0.00273847484496662
3.156,0.00190400000000001,0.00277427218609863
3.158,0.001972,0.00281191881107035
3.16,0.00204000000000001,0.00285188885397997
3.162,0.0021165,0.00289425597648556
3.164,0.00219300000000001,0.00293953800574529
3.166,0.0022695,0.00298801172005083
3.168,0.00234600000000001,0.00303955859538974
3.17,0.0024225,0.00309461265346177
3.172,0.00250800000000001,0.00315317800899289
3.174,0.0025935,0.00321506857317004
3.176,0.00267900000000001,0.00328029285124288
3.178,0.0027645,0.00334874492565562
3.18,0.00285000000000001,0.00342031775467094
3.182,0.002945,0.00349462500871163
3.184,0.00304000000000001,0.00357163198027011
3.186,0.003135,0.0036509346874705
3.188,0.00323000000000001,0.0037322998140191
3.19,0.003325,0.00381550251691033
3.192,0.00343000000000001,0.00390021786738352
3.194,0.003535,0.00398623587946531
3.196,0.00364000000000001,0.00407333025590521
3.198,0.003745,0.00416129124201455
3.2,0.00385000000000001,0.00424990187549803
3.202,0.003965,0.00433891614338641
3.204,0.00408000000000001,0.00442818324192852
3.206,0.004195,0.00451757340385823
3.208,0.00431000000000001,0.00460700232422185
3.21,0.004425,0.0046964467494673
3.212,0.00455000000000001,0.00478593537048884
3.214,0.004675,0.00487554361587343
3.216,0.00480000000000001,0.00496540145406347
3.218,0.004925,0.00505565935224039
3.22,0.00505000000000002,0.00514653582123613
3.222,0.005185,0.00523825367315388
3.224,0.00532000000000002,0.00533109701492962
3.226,0.005455,0.00542536959954845
3.228,0.00559000000000002,0.00552142463539513
3.23,0.005725,0.00561953960200995
3.232,0.00587000000000002,0.00572003308406867
3.234,0.006015,0.00582317228459137
3.236,0.00616000000000002,0.00592943463868527
3.238,0.006305,0.00603900562114153
3.24,0.00645000000000002,0.00615209819192587
3.242,0.006605,0.006269001226541
3.244,0.00676000000000002,0.00638978068192448
3.246,0.006915,0.00651444818493693
3.248,0.00707000000000002,0.00664319181960241
3.25,0.007225,0.00677582665025642
3.252,0.00739000000000002,0.00691243607274036
3.254,0.007555,0.00705283700293241
3.256,0.00772000000000002,0.00719669962548698
3.258,0.007885,0.00734414451421382
3.26,0.00805000000000002,0.0074945523671551
3.262,0.008225,0.00764780184448715
3.264,0.00840000000000003,0.00780338450024047
3.266,0.00857500000000001,0.00796104804881102
3.268,0.00875000000000003,0.00812035024530493
3.27,0.00892500000000001,0.00828094194785456
3.272,0.00911000000000003,0.00844255849918727
3.274,0.00929500000000001,0.00860484426648689
3.276,0.00948000000000003,0.00876759048444367
3.278,0.00966500000000001,0.00893057844141882
3.28,0.00985000000000003,0.00909367760884902
3.282,0.010046,0.00925681993970266
3.284,0.010242,0.00941998967287919
3.286,0.010438,0.00958322171746202
3.288,0.010634,0.00974660516703309
3.29,0.01083,0.00991026437580021
3.292,0.011038,0.0100743939788333
3.294,0.011246,0.0102392219170396
3.296,0.011454,0.0104050023789767
3.298,0.011662,0.0105720716838321
3.3,0.01187,0.0107407021711281
3.302,0.012091,0.0109113270615696
3.304,0.012312,0.0110842753560396
3.306,0.012533,0.0112598774192128
3.308,0.012754,0.0114383888792689
3.31,0.012975,0.0116203000646895
3.312,0.01321,0.011805959051066
3.314,0.013445,0.0119953988465942
3.316,0.01368,0.0121892504180006
3.318,0.013915,0.0123873925974953
3.32,0.01415,0.0125900606404339
3.322,0.0144,0.0127974512917279
3.324,0.01465,0.0130093711139027
3.326,0.0149,0.0132257358076236
3.328,0.01515,0.0134464801189056
3.33,0.0154,0.013671568406642
3.332,0.015666,0.0139008060281516
3.334,0.015932,0.0141337075875502
3.336,0.016198,0.0143704137690168
3.338,0.016464,0.014610632586284
3.34,0.01673,0.0148539602441398
3.342,0.017013,0.0151003011703837
3.344,0.017296,0.0153493728806114
3.346,0.017579,0.0156011339286175
3.348,0.017862,0.0158551636804724
3.35,0.018145,0.0161114258710206
3.352,0.018446,0.0163697156431193
3.354,0.018747,0.0166298372910441
3.356,0.019048,0.0168917467107999
3.358,0.019349,0.0171554050227888
3.36,0.01965,0.0174208264236375
3.362,0.01997,0.0176880906146797
3.364,0.02029,0.0179573211147157
3.366,0.02061,0.0182285792963302
3.368,0.02093,0.0185022320676337
3.37,0.02125,0.018778241710641
3.372,0.02159,0.0190569393904803
3.374,0.02193,0.0193386230618009
3.376,0.02227,0.019623492954568
3.378,0.02261,0.0199118175952023
3.38,0.02295,0.0202039340350207
3.382,0.023311,0.0205001634473076
3.384,0.023672,0.0208007546492149
3.386,0.024033,0.0211060438956215
3.388,0.024394,0.0214161936550354
3.39,0.024755,0.0217317014048525
3.392,0.025138,0.0220525938974559
3.394,0.025521,0.0223789283364662
3.396,0.025904,0.0227108993540223
3.398,0.026287,0.0230486847674048
3.4,0.02667,0.0233919503518377
3.402,0.027076,0.0237407451757654
3.404,0.027482,0.0240951516170398
3.406,0.027888,0.0244544060109444
3.408,0.028294,0.0248188547990714
3.41,0.0287,0.0251880457739656
3.412,0.02913,0.0255613598901978
3.414,0.02956,0.0259387755677779
3.416,0.02999,0.0263197078980996
3.418,0.0304200000000001,0.0267040634533687
3.42,0.03085,0.0270914865680136
3.422,0.0313050000000001,0.0274818652932686
3.424,0.03176,0.0278749040386966
3.426,0.032215,0.0282706979087009
3.428,0.03267,0.02866903185519
3.43,0.033125,0.02906994197261
3.432,0.033606,0.0294735421609203
3.434,0.034087,0.0298799960440223
3.436,0.034568,0.0302893545018159
3.438,0.0350490000000001,0.0307018881370273
3.44,0.03553,0.0311176795636858
3.442,0.0360380000000001,0.0315371714904981
3.444,0.036546,0.0319606235323496
3.446,0.0370540000000001,0.0323882225671482
3.448,0.037562,0.0328203646726635
3.45,0.03807,0.0332574728124705
3.452,0.038606,0.0336997566342417
3.454,0.0391420000000001,0.0341475836494808
3.456,0.039678,0.0346013338910209
3.458,0.0402140000000001,0.035061241331065
3.46,0.04075,0.0355278338544693
3.462,0.0413150000000001,0.0360012671961437
3.464,0.04188,0.036481692828093
3.466,0.0424450000000001,0.0369690847946979
3.468,0.04301,0.0374639284776008
3.47,0.0435750000000001,0.0379657138910022
3.472,0.04417,0.038474489850535
3.474,0.0447650000000001,0.0389906549344767
3.476,0.04536,0.0395135400788548
3.478,0.0459550000000001,0.0400434629684345
3.48,0.04655,0.0405802043833057
3.482,0.0471750000000001,0.0411232777687721
3.484,0.0478,0.0416727166595008
3.486,0.0484250000000001,0.0422281343152891
3.488,0.04905,0.0427895323651148
3.49,0.0496750000000001,0.0433562913217904
3.492,0.05033,0.0439283163427054
3.494,0.0509850000000001,0.0445054636936934
3.496,0.05164,0.0450874447763168
3.498,0.0522950000000001,0.0456739786758657
3.5,0.0529500000000001,0.0462645457416101
3.502,0.0536350000000001,0.0468593897901138
3.504,0.05432,0.0474581823783815
3.506,0.0550050000000001,0.0480610422865479
3.508,0.05569,0.0486677675541608
3.51,0.0563750000000001,0.049278451426231
3.512,0.05709,0.0498935857393093
3.514,0.0578050000000001,0.0505129363474187
3.516,0.05852,0.0511370310557706
3.518,0.0592350000000001,0.0517660828437302
3.52,0.0599500000000001,0.0524003671301492
3.522,0.0606950000000001,0.0530402711436102
3.524,0.06144,0.0536858936226547
3.526,0.0621850000000001,0.054337789488904
3.528,0.06293,0.0549961943991033
3.53,0.0636750000000001,0.055661592328593
3.532,0.06445,0.0563336911478103
3.534,0.0652250000000001,0.0570133215552386
3.536,0.066,0.0577007018493639
3.538,0.0667750000000002,0.058395491313736
3.54,0.0675500000000001,0.0590982144534211
3.542,0.0683550000000002,0.0598089327058782
3.544,0.0691600000000001,0.0605274170941026
3.546,0.0699650000000001,0.0612537309053075
3.548,0.07077,0.0619876673979573
3.55,0.0715750000000001,0.0627294431166075
3.552,0.07241,0.0634788130510869
3.554,0.0732450000000001,0.064235416875431
3.556,0.0740800000000001,0.0649989420631689
3.558,0.0749150000000002,0.0657693256576268
3.56,0.0757500000000001,0.0665462948731054
3.562,0.0766155000000002,0.0673294562668843
3.564,0.0774810000000001,0.0681188302191695
3.566,0.0783465000000002,0.0689136294178006
3.568,0.079212,0.0697137774087206
3.57,0.0800775000000001,0.0705192882681127
3.572,0.080974,0.0713298098693355
3.574,0.0818705000000002,0.0721450222182858
3.576,0.0827670000000001,0.0729650413919818
3.578,0.0836635000000002,0.0737895329331456
3.58,0.0845600000000001,0.0746186883618412
3.582,0.0854880000000002,0.0754523491128651
3.584,0.0864160000000001,0.0762909289263541
3.586,0.087344,0.077134103899477
3.588,0.0882720000000001,0.0779821462610981
3.59,0.0892,0.0788356410490811
3.592,0.0901595000000001,0.0796944226835493
3.594,0.091119,0.080558879067343
3.596,0.0920785000000001,0.0814294397686929
3.598,0.093038,0.0823063016522309
3.6,0.0939975000000001,0.0831899013502793
3.602,0.0949885,0.0840802584073146
3.604,0.0959795000000001,0.0849780992859427
3.606,0.0969705,0.0858836344108518
3.608,0.0979615000000001,0.0867965815407159
3.61,0.0989525,0.0877178538901691
3.612,0.0999750000000001,0.0886473517884047
3.614,0.1009975,0.0895848974265123
3.616,0.10202,0.0905310048876682
3.618,0.1030425,0.0914850393608333
3.62,0.104065,0.0924471321694866
3.622,0.105119,0.0934173881748225
3.624,0.106173,0.0943956843100988
3.626,0.107227,0.0953815107384664
3.628,0.108281,0.0963750726113934
3.63,0.109335,0.097376156245417
3.632,0.1104205,0.0983845029112556
3.634,0.111506,0.0993997647514671
3.636,0.1125915,0.100421850487083
3.638,0.113677,0.101450524276746
3.64,0.1147625,0.102485599893661
3.642,0.1158795,0.103526706306646
3.644,0.1169965,0.104573852747843
3.646,0.1181135,0.105626245955218
3.648,0.1192305,0.106684303690807
3.65,0.1203475,0.107747397373212
3.652,0.121496,0.108815443232671
3.654,0.1226445,0.10988845049281
3.656,0.123793,0.110966437392287
3.658,0.1249415,0.112049415820519
3.66,0.12609,0.113137554030153
3.662,0.12727,0.114231034089418
3.664,0.12845,0.115329885109302
3.666,0.12963,0.116434622814539
3.668,0.13081,0.117545049191195
3.67,0.13199,0.118661881995012
3.672,0.1332015,0.11978502629727
3.674,0.134413,0.120914848059153
3.676,0.1356245,0.122051825892252
3.678,0.136836,0.123196285743152
3.68,0.1380475,0.124348218607848
3.682,0.1392905,0.125508054578082
3.684,0.1405335,0.126676133207637
3.686,0.1417765,0.127852190217957
3.688,0.1430195,0.129036607349132
3.69,0.1442625,0.130229268046934
3.692,0.145537,0.131429998958435
3.694,0.1468115,0.132639083717125
3.696,0.148086,0.133856143525605
3.698,0.1493605,0.135080914847724
3.7,0.150635,0.136313797497609
3.702,0.151941,0.137553496975537
3.704,0.153247,0.138800843454006
3.706,0.154553,0.140055084361155
3.708,0.155859,0.141316112611938
3.71,0.157165,0.142583608121802
3.712,0.1585025,0.143857349305359
3.714,0.15984,0.145137065268699
3.716,0.1611775,0.14642248535505
3.718,0.162515,0.147713373133718
3.72,0.1638525,0.14900960705159
3.722,0.1652215,0.150310993659249
3.724,0.1665905,0.151617139544457
3.726,0.1679595,0.152928082369985
3.728,0.1693285,0.15424358468622
3.73,0.1706975,0.155563774853297
3.732,0.172098,0.156888435183717
3.734,0.1734985,0.158217645405054
3.736,0.174899,0.159551548461548
3.738,0.1762995,0.160890373803951
3.74,0.1777,0.162234466874011
3.742,0.179132,0.163583918986486
3.744,0.180564,0.164939108358066
3.746,0.181996,0.166300206730407
3.748,0.183428,0.167667902534366
3.75,0.18486,0.169042111213607
3.752,0.1863235,0.170423330687941
3.754,0.187787,0.171812318167054
3.756,0.1892505,0.173208393016383
3.758,0.190714,0.174612789919649
3.76,0.1921775,0.176025077222537
3.762,0.193672,0.177445908006676
3.764,0.1951665,0.178875200904606
3.766,0.196661,0.180312744204979
3.768,0.1981555,0.181758853485196
3.77,0.19965,0.183213376931542
3.772,0.201175,0.184676492144258
3.774,0.2027,0.186147537365187
3.776,0.204225,0.187626960801322
3.778,0.20575,0.189114358839511
3.78,0.207275,0.190608854656643
3.782,0.20883,0.192110844364591
3.784,0.210385,0.193619734995826
3.786,0.21194,0.195134997017878
3.788,0.213495,0.196656397325576
3.79,0.21505,0.198183515696579
3.792,0.2166345,0.199716271660115
3.794,0.218219,0.201254062096237
3.796,0.2198035,0.202796838314536
3.798,0.221388,0.204344128440622
3.8,0.2229725,0.205896122569421
3.802,0.224586,0.207452349708423
3.804,0.2261995,0.209012898417459
3.806,0.227813,0.210577919747313
3.808,0.2294265,0.212147401226408
3.81,0.23104,0.21372129922212
3.812,0.232682,0.215300021440726
3.814,0.234324,0.216883598794929
3.816,0.235966,0.218472249834383
3.818,0.237608,0.220066132519008
3.82,0.23925,0.221665671955119
3.822,0.24092,0.223270968738133
3.824,0.24259,0.224882329767981
3.826,0.24426,0.226499899296169
3.828,0.24593,0.22812449594151
3.83,0.2476,0.229755830449391
3.832,0.2492975,0.231394330555572
3.834,0.250995,0.233040657589535
3.836,0.2526925,0.234694405418498
3.838,0.25439,0.236355667042055
3.84,0.2560875,0.23802496577628
3.842,0.257812,0.239701985956901
3.844,0.2595365,0.241386712269087
3.846,0.261261,0.243079040401418
3.848,0.2629855,0.244778964588488
3.85,0.26471,0.246486118902198
3.852,0.266461,0.248200582476008
3.854,0.268212,0.249921515734927
3.856,0.269963,0.251649313180128
3.858,0.271714,0.25338349746747
3.86,0.273465,0.25512354130313
3.862,0.275242,0.256869302939702
3.864,0.277019,0.258620612242314
3.866,0.278796,0.260377089105174
3.868,0.280573,0.262138137203752
3.87,0.28235,0.263903756212052
3.872,0.2841515,0.265673773806152
3.874,0.285953,0.267447648176641
3.876,0.2877545,0.269225396242102
3.878,0.289556,0.271006959799387
3.88,0.2913575,0.272792410133972
3.882,0.293182,0.27458151135014
3.884,0.2950065,0.276374374264402
3.886,0.296831,0.278171343195944
3.888,0.2986555,0.279972539506652
3.89,0.30048,0.281778016142098
3.892,0.302326,0.283588069821676
3.894,0.304172,0.285403064968316
3.896,0.306018,0.287223022859418
3.898,0.307864,0.28904826980473
3.9,0.30971,0.290879116971268
3.902,0.311576,0.292715924569381
3.904,0.313442,0.294558607755227
3.906,0.315308,0.296407625498118
3.908,0.317174,0.298262906063147
3.91,0.31904,0.300124562499253
3.912,0.3209245,0.30199254634039
3.914,0.322809,0.30386701735813
3.916,0.3246935,0.305747586375222
3.918,0.326578,0.307634148093072
3.92,0.3284625,0.309527019937985
3.922,0.330364,0.311425727948269
3.924,0.3322655,0.313329754001555
3.926,0.334167,0.315239532696489
3.928,0.336068499999999,0.317154121855065
3.93,0.33797,0.319073567185817
3.932,0.339886999999999,0.320997396211104
3.934,0.341804,0.322925262739917
3.936,0.343720999999999,0.324856805271589
3.938,0.345638,0.326791655624845
3.94,0.347555,0.328729452503896
3.942,0.349486,0.330670011799548
3.944,0.351416999999999,0.332612950332264
3.946,0.353348,0.33455798712622
3.948,0.355278999999999,0.33650500864503
3.95,0.357209999999999,0.33845369554489
3.952,0.359153499999999,0.340404116951945
3.954,0.361097,0.342356180182021
3.956,0.363040499999999,0.344309893627191
3.958,0.364984,0.346265367211536
3.96,0.366927499999999,0.348222572123011
3.962,0.368882,0.350181824648865
3.964,0.370836499999999,0.352143336028514
3.966,0.372790999999999,0.354107137000437
3.968,0.374745499999999,0.356073700222658
3.97,0.376699999999999,0.358043228009955
3.972,0.378663999999999,0.360015965201548
3.974,0.380627999999999,0.361992215406929
3.976,0.382591999999999,0.363972396494146
3.978,0.384555999999999,0.365956304995282
3.98,0.386519999999999,0.36794459628141
3.982,0.388492,0.369937386019057
3.984,0.390463999999999,0.371934558384365
3.986,0.392435999999999,0.373936431452959
3.988,0.394407999999999,0.375942792397121
3.99,0.396379999999999,0.377953593797176
3.992,0.398358999999999,0.37996864149663
3.994,0.400337999999999,0.381987997083015
3.996,0.402316999999999,0.384011258588522
3.998,0.404295999999999,0.386038131395563
4,0.406274999999999,0.388068402091073
4.002,0.408259999999999,0.390101661885551
4.004,0.410245,0.392137489556658
4.006,0.412229999999999,0.394175549581108
4.008,0.414214999999999,0.396215326626103
4.01,0.416199999999999,0.398256458376797
4.012,0.418189999999999,0.400298612883998
4.014,0.420179999999999,0.40234138994571
4.016,0.422169999999999,0.404384468142359
4.018,0.424159999999998,0.406427580654518
4.02,0.426149999999999,0.408470541660968
4.022,0.428143999999999,0.410513248053771
4.024,0.430137999999999,0.412555621360709
4.026,0.432131999999998,0.414597682798657
4.028,0.434125999999999,0.416639459550436
4.03,0.436119999999999,0.418681033628135
4.032,0.438116999999999,0.420722526420687
4.034,0.440113999999998,0.42276409230411
4.036,0.442110999999999,0.424805948324532
4.038,0.444107999999999,0.426848317972087
4.04,0.446104999999999,0.428891477169704
4.042,0.448103999999999,0.430935725643424
4.044,0.450102999999999,0.432981271555366
4.046,0.452101999999999,0.435028419901105
4.048,0.454100999999999,0.437077433774065
4.05,0.456099999999999,0.439128562943893
4.052,0.458099999999999,0.441182096025835
4.054,0.460099999999999,0.443238040307244
4.056,0.462099999999998,0.445296635978304
4.058,0.464099999999998,0.447358044035043
4.06,0.466099999999999,0.449422049909035
4.062,0.468099999999999,0.451488703904688
4.064,0.470099999999998,0.453557960866433
4.066,0.472099999999998,0.455629649148948
4.068,0.474099999999999,0.457703572117748
4.07,0.476099999999998,0.459779513944445
4.072,0.478098999999998,0.461857198334067
4.074,0.480097999999998,0.463936301953731
4.076,0.482096999999999,0.466016487055846
4.078,0.484095999999999,0.468097369721856
4.08,0.486094999999998,0.470178567942027
4.082,0.488091999999998,0.472259717839119
4.084,0.490088999999999,0.474340449987573
4.086,0.492085999999999,0.476420337241081
4.088,0.494082999999998,0.478499148480628
4.09,0.496079999999998,0.480576406856625
4.092,0.498073999999999,0.482651917982093
4.094,0.500067999999999,0.48472549563688
4.096,0.502061999999998,0.486797025495012
4.098,0.504055999999998,0.488866360439586
4.1,0.506049999999998,0.49093347033714
4.102,0.508040499999999,0.492998354092277
4.104,0.510030999999998,0.495061190239442
4.106,0.512021499999998,0.497122146068602
4.108,0.514011999999998,0.499181250797649
4.11,0.516002499999998,0.501238837335337
4.112,0.517988999999998,0.503295210178067
4.114,0.519975499999997,0.50535060127788
4.116,0.521961999999997,0.507405331435337
4.118,0.523948499999998,0.509459704588077
4.12,0.525934999999998,0.511514017539915
4.122,0.527916999999997,0.513568568432013
4.124,0.529898999999997,0.515623580653723
4.126,0.531880999999998,0.517679358917412
4.128,0.533862999999998,0.519736019041506
4.13,0.535844999999998,0.521793736455824
4.132,0.537821999999997,0.523852560983565
4.134,0.539798999999998,0.525912467355924
4.136,0.541775999999998,0.527973419783665
4.138,0.543752999999997,0.530035331496021
4.14,0.545729999999997,0.532098055716424
4.142,0.547701499999998,0.534161452592227
4.144,0.549672999999997,0.536225303967681
4.146,0.551644499999997,0.538289339876842
4.148,0.553615999999997,0.540353271024164
4.15,0.555587499999997,0.542416800327034
4.152,0.557552499999997,0.544479589729559
4.154,0.559517499999997,0.546541309758076
4.156,0.561482499999997,0.548601623687389
4.158,0.563447499999997,0.550660133145731
4.16,0.565412499999997,0.552716651545986
4.162,0.567369999999997,0.554770795320699
4.164,0.569327499999997,0.556822182315348
4.166,0.571284999999997,0.558870806360446
4.168,0.573242499999997,0.560916433370695
4.17,0.575199999999997,0.562959003119987
4.172,0.577148999999997,0.564998340401809
4.174,0.579097999999997,0.567034671985881
4.176,0.581046999999997,0.569067979604601
4.178,0.582995999999997,0.571098302042903
4.18,0.584944999999997,0.573125753612453
4.182,0.586884499999997,0.575150568372791
4.184,0.588823999999997,0.577172861095854
4.186,0.590763499999997,0.579192724388616
4.188,0.592702999999996,0.58121058351309
4.19,0.594642499999997,0.583226573016577
4.192,0.596571499999996,0.585240927580149
4.194,0.598500499999996,0.587253896220233
4.196,0.600429499999996,0.589265703439865
4.198,0.602358499999997,0.591276570638212
4.2,0.604287499999996,0.593286629178149
4.202,0.606204999999996,0.595296059461742
4.204,0.608122499999996,0.597304932377906
4.206,0.610039999999997,0.599313323910033
4.208,0.611957499999996,0.601321204000186
4.21,0.613874999999996,0.603328558888517
4.212,0.615779999999996,0.605335285270966
4.214,0.617684999999997,0.607341268324697
4.216,0.619589999999996,0.609346332110089
4.218,0.621494999999996,0.611350254832024
4.22,0.623399999999996,0.613352838912905
4.222,0.625291499999996,0.615353770743876
4.224,0.627182999999996,0.617352775577502
4.226,0.629074499999996,0.619349552675543
4.228,0.630965999999995,0.621343811646629
4.23,0.632857499999996,0.623335263927386
4.232,0.634734499999996,0.62532345601427
4.234,0.636611499999995,0.627308013546371
4.236,0.638488499999995,0.629288944273994
4.238,0.640365499999996,0.631265586088951
4.24,0.642242499999995,0.633237897286282
4.242,0.644102999999995,0.635205885578603
4.244,0.645963499999995,0.637169063289139
4.246,0.647823999999996,0.639127699157392
4.248,0.649684499999995,0.641081720562913
4.25,0.651544999999995,0.643031287115998
4.252,0.653386999999995,0.644976293657927
4.254,0.655228999999996,0.646916971705859
4.256,0.657070999999995,0.648853564928017
4.258,0.658912999999995,0.650786331572492
4.26,0.660754999999995,0.652715411656431
4.262,0.662576499999995,0.654641046447508
4.264,0.664397999999995,0.656563560575949
4.266,0.666219499999995,0.658483191510948
4.268,0.668040999999994,0.660400045047369
4.27,0.669862499999995,0.662314555161379
4.272,0.671662499999995,0.66422673833196
4.274,0.673462499999994,0.666136802455899
4.276,0.675262499999994,0.668044932032729
4.278,0.677062499999995,0.669951077425203
4.28,0.678862499999994,0.671855266612309
4.282,0.680639999999994,0.67375745039568
4.284,0.682417499999994,0.675657501691507
4.286,0.684194999999995,0.677555160345672
4.288,0.685972499999994,0.679450468801322
4.29,0.687749999999994,0.681342936692212
4.292,0.689503999999994,0.68323223333327
4.294,0.691257999999995,0.685118196979834
4.296,0.693011999999994,0.687000426773986
4.298,0.694765999999994,0.688878419513816
4.3,0.696519999999994,0.690751940664655
4.302,0.698249499999995,0.692620529341906
4.304,0.699978999999994,0.694483642783018
4.306,0.701708499999994,0.696341428513756
4.308,0.703437999999993,0.698193095589962
4.31,0.705167499999994,0.700038577509945
4.312,0.706871499999994,0.701877595156176
4.314,0.708575499999993,0.703709880315756
4.316,0.710279499999993,0.70553569476271
4.318,0.711983499999994,0.707354652644917
4.32,0.713687499999993,0.709166975326945
4.322,0.715364999999993,0.710972802842561
4.324,0.717042499999993,0.712771733023446
4.326,0.718719999999994,0.714564724127049
4.328,0.720397499999993,0.716351351773518
4.33,0.722074999999993,0.718132367668502
4.332,0.723724999999993,0.719908079468665
4.334,0.725374999999994,0.721678813093347
4.336,0.727024999999993,0.723444790124187
4.338,0.728674999999993,0.725206621822231
4.34,0.730324999999993,0.726964509429548
4.342,0.731946499999994,0.728718491329385
4.344,0.733567999999993,0.730469147670999
4.346,0.735189499999993,0.732216449009476
4.348,0.736810999999992,0.73396037714039
4.35,0.738432499999993,0.73570116472672
4.352,0.740024499999993,0.737438625318039
4.354,0.741616499999992,0.739172664924955
4.356,0.743208499999992,0.740903024823648
4.358,0.744800499999992,0.74262972886845
4.36,0.746392499999993,0.744352476581844
4.362,0.747953999999992,0.746071057371052
4.364,0.749515499999992,0.747785003728419
4.366,0.751076999999992,0.749494170663086
4.368,0.752638499999992,0.751198207590846
4.37,0.754199999999992,0.752896789206129
4.372,0.755729999999992,0.754589163086823
4.374,0.757259999999992,0.756275431118474
4.376,0.758789999999992,0.757955001947108
4.378,0.760319999999992,0.759627554120614
4.38,0.761849999999992,0.761292299734016
4.382,0.763348999999992,0.762949363221296
4.384,0.764847999999992,0.764598437443306
4.386,0.766346999999992,0.766238843003482
4.388,0.767845999999992,0.767870672080647
4.39,0.769344999999992,0.769493760610752
4.392,0.770813499999992,0.771108027926299
4.394,0.772281999999992,0.772713663315609
4.396,0.773750499999991,0.774310481604492
4.398,0.775218999999991,0.77589910528031
4.4,0.776687499999991,0.777479784492303
4.402,0.778125999999991,0.779052663990122
4.404,0.779564499999991,0.780617921325555
4.406,0.781002999999991,0.782176323648999
4.408,0.782441499999991,0.783728133950978
4.41,0.783879999999991,0.785273621630133
4.412,0.785289499999991,0.786813301002976
4.414,0.786698999999991,0.788347621399407
4.416,0.788108499999991,0.789876646559371
4.418,0.789517999999991,0.791400768199815
4.42,0.790927499999991,0.792920423928385
4.422,0.79230899999999,0.794435722755488
4.424,0.793690499999991,0.795946693680318
4.426,0.795071999999991,0.79745360162357
4.428,0.796453499999991,0.79895647360024
4.43,0.797834999999991,0.800455224236926
4.432,0.799189499999991,0.801949621378418
4.434,0.800543999999991,0.80343975063509
4.436,0.80189849999999,0.80492554547768
4.438,0.80325299999999,0.806406566326143
4.44,0.80460749999999,0.807882670721228
4.442,0.80593599999999,0.8093538323834
4.444,0.80726449999999,0.810819424717434
4.446,0.80859299999999,0.81227947945417
4.448,0.80992149999999,0.813733579753563
4.45,0.81124999999999,0.815181404925941
4.452,0.81255349999999,0.816622617128878
4.454,0.81385699999999,0.818056975781432
4.456,0.81516049999999,0.819484102165758
4.458,0.81646399999999,0.820904055816577
4.46,0.81776749999999,0.822316475948344
4.462,0.819046999999989,0.8237213982868
4.464,0.82032649999999,0.825118623254825
4.466,0.82160599999999,0.826508503245707
4.468,0.82288549999999,0.827890949089244
4.47,0.824164999999989,0.829266178149481
4.472,0.82542149999999,0.83063406862044
4.474,0.826677999999989,0.831994759178086
4.476,0.827934499999989,0.833348940418093
4.478,0.829190999999989,0.83469639033541
4.48,0.830447499999989,0.836037547948794
4.482,0.831681999999989,0.83737273526777
4.484,0.832916499999989,0.838702279135313
4.486,0.834150999999989,0.840026364458638
4.488,0.835385499999989,0.841345489110239
4.49,0.836619999999989,0.84265988752372
4.492,0.837833499999989,0.843969745174512
4.494,0.839046999999988,0.845275392623836
4.496,0.840260499999989,0.846577074790519
4.498,0.841473999999989,0.84787504833838
4.5,0.842687499999988,0.849169189234248
4.502,0.843880999999988,0.850459589576898
4.504,0.845074499999989,0.85174621648187
4.506,0.846267999999988,0.85302900179097
4.508,0.847461499999988,0.854307764138601
4.51,0.848654999999988,0.855582294354606
4.512,0.849829499999989,0.85685265788931
4.514,0.851003999999988,0.858118475926463
4.516,0.852178499999988,0.85937950893006
4.518,0.853352999999988,0.860635815271631
4.52,0.854527499999988,0.86188713943305
4.522,0.855681999999988,0.863133312006059
4.524,0.856836499999988,0.864373958338104
4.526,0.857990999999987,0.865609295463942
4.528,0.859145499999988,0.866838899299102
4.53,0.860299999999988,0.868062601509341
4.532,0.861433499999988,0.869280319370747
4.534,0.862566999999987,0.870492149890994
4.536,0.863700499999988,0.871697973858268
4.538,0.864833999999987,0.872897805572869
4.54,0.865967499999987,0.874091792139417
4.542,0.867078999999987,0.875279755434654
4.544,0.868190499999987,0.876461895514103
4.546,0.869301999999987,0.877638667646383
4.548,0.870413499999987,0.878809727526364
4.55,0.871524999999987,0.879975110574695
4.552,0.872613999999987,0.881135288082431
4.554,0.873702999999987,0.882290251658271
4.556,0.874791999999987,0.883439789973631
4.558,0.875880999999986,0.884584174397084
4.56,0.876969999999987,0.885723505427371
4.562,0.878034999999987,0.8868578288054
4.564,0.879099999999986,0.887987567803992
4.566,0.880164999999986,0.889112644121592
4.568,0.881229999999986,0.890233291374163
4.57,0.882294999999986,0.891349619239077
4.572,0.883334499999986,0.892461726793261
4.574,0.884373999999986,0.893569802244981
4.576,0.885413499999986,0.894673987888142
4.578,0.886452999999986,0.895774039571626
4.58,0.887492499999986,0.896869959404314
4.582,0.888504999999986,0.897961984387281
4.584,0.889517499999986,0.899049667276526
4.586,0.890529999999986,0.900132822532907
4.588,0.891542499999986,0.901211494374915
4.59,0.892554999999986,0.902285010972657
4.592,0.893538999999986,0.903353463881587
4.594,0.894522999999986,0.904416405149444
4.596,0.895506999999985,0.905473387669917
4.598,0.896490999999985,0.906524315470325
4.6,0.897474999999985,0.907568984974846
4.602,0.898428999999985,0.908606839571418
4.604,0.899382999999985,0.909638135950284
4.606,0.900336999999985,0.910662811628655
4.608,0.901290999999985,0.911680117630416
4.61,0.902244999999985,0.912690635881914
4.612,0.903167499999985,0.913694150129786
4.614,0.904089999999985,0.914690445749061
4.616,0.905012499999985,0.915679973117518
4.618,0.905934999999985,0.916662665978348
4.62,0.906857499999985,0.917638714057198
4.622,0.907746999999985,0.918608303286752
4.624,0.908636499999985,0.919571926506983
4.626,0.909525999999985,0.920529598102393
4.628,0.910415499999985,0.921481724250455
4.63,0.911304999999984,0.922428598502892
4.632,0.912159999999984,0.923370489483772
4.634,0.913014999999985,0.924307615641358
4.636,0.913869999999984,0.925240097949139
4.638,0.914724999999984,0.926168057998905
4.64,0.915579999999984,0.9270917063967
4.642,0.916398999999984,0.928011079483679
4.644,0.917217999999984,0.928926094021147
4.646,0.918036999999984,0.929836874783499
4.648,0.918855999999984,0.930743037031395
4.65,0.919674999999984,0.931644699308258
4.652,0.920456499999984,0.932541575071424
4.654,0.921237999999984,0.933433473796081
4.656,0.922019499999983,0.934320003750307
4.658,0.922800999999984,0.935201148682736
4.66,0.923582499999983,0.936076442920407
4.662,0.924326499999983,0.93694559517186
4.664,0.925070499999983,0.937808290376077
4.666,0.925814499999983,0.938664264068688
4.668,0.926558499999983,0.939513173973432
4.67,0.927302499999983,0.940354816571936
4.672,0.928008999999983,0.941188250590799
4.674,0.928715499999983,0.942013883119902
4.676,0.929421999999983,0.942830922374676
4.678,0.930128499999983,0.943639411912903
4.68,0.930834999999983,0.944439014541624
4.682,0.931503999999983,0.945229467279152
4.684,0.932172999999983,0.946011128471789
4.686,0.932841999999983,0.946783718030556
4.688,0.933510999999982,0.947547028834011
4.69,0.934179999999982,0.948301235376708
4.692,0.934813499999982,0.949046600117345
4.694,0.935446999999982,0.949783007146505
4.696,0.936080499999982,0.950510938891068
4.698,0.936713999999982,0.951230690802542
4.7,0.937347499999982,0.951942387678655
4.702,0.937947499999982,0.95264656779363
4.704,0.938547499999982,0.953343323363491
4.706,0.939147499999982,0.95403386464235
4.708,0.939747499999982,0.954717849418561
4.71,0.940347499999982,0.955395932943227
4.712,0.940915999999982,0.956068406901709
4.714,0.941484499999982,0.95673557862018
4.716,0.942052999999982,0.957397630902727
4.718,0.942621499999982,0.958054748868737
4.72,0.943189999999982,0.958707051912228
4.722,0.943728999999982,0.959354626422508
4.724,0.944267999999982,0.959997274152322
4.726,0.944806999999981,0.960635026622458
4.728,0.945345999999981,0.961267813280445
4.73,0.945884999999981,0.961895393681684
4.732,0.946396499999981,0.962517808119959
4.734,0.946907999999981,0.963135319178703
4.736,0.947419499999981,0.963746734537922
4.738,0.947930999999981,0.964352919065749
4.74,0.948442499999981,0.964952466034024
4.742,0.948928499999981,0.965546034394156
4.744,0.949414499999981,0.966132824431397
4.746,0.949900499999981,0.966712044935504
4.748,0.950386499999981,0.967283969247478
4.75,0.950872499999981,0.967848165140111
4.752,0.951334999999981,0.968403767093166
4.754,0.951797499999981,0.968950843813516
4.756,0.952259999999981,0.969489151354182
4.758,0.952722499999981,0.970018222265892
4.76,0.953184999999981,0.97053858236969
4.762,0.953625999999981,0.971049524627095
4.764,0.95406699999998,0.971551697858274
4.766,0.95450799999998,0.9720452825054
4.768,0.95494899999998,0.972530631854352
4.77,0.95538999999998,0.973008165532294
4.772,0.95581149999998,0.973478353471705
4.774,0.95623299999998,0.973941561422525
4.776,0.95665449999998,0.974398480169332
4.778,0.95707599999998,0.974849470734693
4.78,0.95749749999998,0.975295530512644
4.782,0.95790149999998,0.975736621919139
4.784,0.95830549999998,0.976173456084689
4.786,0.95870949999998,0.976606283221389
4.788,0.95911349999998,0.977035334739217
4.79,0.95951749999998,0.977460839586999
4.792,0.95990599999998,0.977882774530602
4.794,0.96029449999998,0.978301232664797
4.796,0.96068299999998,0.978716269176092
4.798,0.961071499999979,0.979127635306698
4.8,0.961459999999979,0.97953545126057
4.802,0.961833999999979,0.979939710697183
4.804,0.962207999999979,0.980340173547529
4.806,0.962581999999979,0.980736927449599
4.808,0.962955999999979,0.981130085682737
4.81,0.963329999999979,0.981519395212544
4.812,0.963690499999979,0.98190487092287
4.814,0.964050999999979,0.982286467666047
4.816,0.964411499999979,0.982663847228419
4.818,0.964771999999979,0.983037231317923
4.82,0.965132499999979,0.983406341288624
4.822,0.965480499999979,0.983770900752604
4.824,0.965828499999978,0.984130813679247
4.826,0.966176499999978,0.9844858096907
4.828,0.966524499999978,0.984835831133002
4.83,0.966872499999978,0.985180758846317
4.832,0.967208999999978,0.98552019538667
4.834,0.967545499999978,0.98585469193682
4.836,0.967881999999978,0.986183333603957
4.838,0.968218499999978,0.98650667532144
4.84,0.968554999999978,0.986825137527588
4.842,0.968878999999978,0.987138140567287
4.844,0.969202999999978,0.987445836456376
4.846,0.969526999999978,0.987748820413999
4.848,0.969850999999978,0.988047006484717
4.85,0.970174999999978,0.988340973814347
4.852,0.970485499999978,0.988630843307944
4.854,0.970795999999978,0.988916749785319
4.856,0.971106499999977,0.989199065423011
4.858,0.971416999999978,0.989478114389206
4.86,0.971727499999977,0.989754104229562
4.862,0.972023499999977,0.990027233842118
4.864,0.972319499999977,0.990297661910867
4.866,0.972615499999977,0.990565499722849
4.868,0.972911499999977,0.990830804267005
4.87,0.973207499999977,0.991093490582467
4.872,0.973487999999977,0.991353640636346
4.874,0.973768499999977,0.991611042677778
4.876,0.974048999999977,0.991865765086298
4.878,0.974329499999977,0.992117394013157
4.88,0.974609999999977,0.992365876289644
4.882,0.974873999999977,0.992610921318374
4.884,0.975137999999977,0.992852579490095
4.886,0.975401999999977,0.993090508853933
4.888,0.975665999999977,0.993324864390774
4.89,0.975929999999977,0.993555385932674
4.892,0.976176499999977,0.993782211196341
4.894,0.976422999999977,0.994005286616438
4.896,0.976669499999976,0.994224516308947
4.898,0.976915999999976,0.994439943605427
4.9,0.977162499999976,0.994651559433716
4.902,0.977390499999976,0.994859391444087
4.904,0.977618499999976,0.995063421664883
4.906,0.977846499999976,0.995263878141138
4.908,0.978074499999976,0.99546085000882
4.91,0.978302499999976,0.995654365882413
4.912,0.978510999999976,0.995844599615186
4.914,0.978719499999976,0.996031838357882
4.916,0.978927999999976,0.996216241766882
4.918,0.979136499999976,0.99639795635987
4.92,0.979344999999976,0.996577169611261
4.922,0.979532999999976,0.996754001512766
4.924,0.979720999999976,0.99692861973739
4.926,0.979908999999976,0.99710102185124
4.928,0.980096999999976,0.997271408570866
4.93,0.980284999999975,0.997439779102166
4.932,0.980451499999975,0.997606245149622
4.934,0.980617999999975,0.997770705956846
4.936,0.980784499999975,0.997933219643247
4.938,0.980950999999975,0.998093638262199
4.94,0.981117499999975,0.998251811978853
4.942,0.981261999999975,0.9984077402549
4.944,0.981406499999975,0.998561192844214
4.946,0.981550999999975,0.998711929651989
4.948,0.981695499999975,0.99885982543606
4.95,0.981839999999975,0.999004757440192
4.952,0.981961999999975,0.999146511195044
4.954,0.982083999999975,0.999284977078281
4.956,0.982205999999975,0.999419652559566
4.958,0.982327999999975,0.999550709143841
4.96,0.982449999999975,0.999677626955161
4.962,0.982548999999974,0.999800220358864
4.964,0.982647999999974,0.999918657726052
4.966,0.982746999999974,1.00003259751369
4.968,0.982845999999974,1.00014192869906
4.97,0.982944999999974,1.00024657398372
4.972,0.983022999999974,1.00034659861823
4.974,0.983100999999974,1.00044200880362
4.976,0.983178999999974,1.00053248086278
4.978,0.983256999999974,1.00061815603365
4.98,0.983334999999974,1.00069899142007
4.982,0.983393999999974,1.00077506397786
4.984,0.983452999999974,1.0008463742436
4.986,0.983511999999974,1.00091278804871
4.988,0.983570999999974,1.00097472726292
4.99,0.983629999999974,1.00103234275005
4.992,0.983671999999974,1.00108575013622
4.994,0.983713999999974,1.00113510265143
4.996,0.983755999999973,1.00118081201654
4.998,0.983797999999973,1.00122286941743
5,0.983839999999973,1.00126170641265
5.002,0.983866999999973,1.00129727175054
5.004,0.983893999999973,1.00133002438036
5.006,0.983920999999973,1.00135992505829
5.008,0.983947999999973,1.00138716512156
5.01,0.983974999999973,1.00141199074843
5.012,0.983988999999973,1.00143441244059
5.014,0.984002999999973,1.00145445537511
5.016,0.984016999999973,1.00147231933092
5.018,0.984030999999973,1.00148800385205
5.02,0.984044999999973,1.001501396116
5.022,0.984047999999973,1.00151269931328
5.024,0.984050999999973,1.00152180126515
5.026,0.984053999999973,1.00152854056223
5.028,0.984056999999973,1.00153269166419
5.03,0.984059999999973,1.0015339666662
5.032,0.984053999999973,1.00153246576972
5.034,0.984047999999973,1.00152755062632
5.036,0.984041999999972,1.00151898749513
5.038,0.984035999999972,1.00150652776413
5.04,0.984029999999972,1.0014900190429
5.042,0.984016999999972,1.00146921215848
5.044,0.984003999999972,1.00144429186778
5.046,0.983990999999972,1.00141516085208
5.048,0.983977999999972,1.00138187837936
5.05,0.983964999999972,1.00134443606028
5.052,0.983945999999972,1.00130330762697
5.054,0.983926999999972,1.00125836413846
5.056,0.983907999999972,1.00120988319868
5.058,0.983888999999972,1.00115794458995
5.06,0.983869999999972,1.00110280488411
5.062,0.983845999999972,1.00104444953801
5.064,0.983821999999972,1.00098292660752
5.066,0.983797999999972,1.00091831488497
5.068,0.983773999999971,1.0008506611699
5.07,0.983749999999971,1.0007800174294
5.072,0.983721999999971,1.00070615747738
5.074,0.983693999999971,1.00062932076645
5.076,0.983665999999971,1.00054959924633
5.078,0.983637999999971,1.00046690206251
5.08,0.983609999999971,1.0003814659569
5.082,0.983578999999971,1.00029348274285
5.084,0.983547999999971,1.00020311763758
5.086,0.983516999999971,1.00011058041412
5.088,0.983485999999971,1.00001603190523
5.09,0.983454999999971,0.999919824588841
5.092,0.983421999999971,0.999822147016844
5.094,0.983388999999971,0.999723235582146
5.096,0.983355999999971,0.999623375109661
5.098,0.983322999999971,0.999522763085083
5.1,0.98328999999997,0.999421582751644
5.102,0.98325599999997,0.999320005999277
5.104,0.98322199999997,0.999218176156704
5.106,0.98318799999997,0.999116189042615
5.108,0.98315399999997,0.999014100764591
5.11,0.98311999999997,0.998911934503545
5.112,0.98308599999997,0.99880968772221
5.114,0.98305199999997,0.998707329164669
5.116,0.98301799999997,0.998604819491092
5.118,0.98298399999997,0.99850207630303
5.12,0.98294999999997,0.998399000342753
5.122,0.98291599999997,0.998295441306738
5.124,0.98288199999997,0.998191284516539
5.126,0.98284799999997,0.998086363838221
5.128,0.98281399999997,0.997980524525999
5.13,0.98277999999997,0.997873610851783
5.132,0.98274599999997,0.997765468357845
5.134,0.982711999999969,0.997656023563693
5.136,0.98267799999997,0.997545163679794
5.138,0.982643999999969,0.997432910951432
5.14,0.982609999999969,0.997319149464897
5.142,0.982575999999969,0.997203884253543
5.144,0.982541999999969,0.997087249454524
5.146,0.982507999999969,0.99696925749721
5.148,0.982473999999969,0.996849913511548
5.15,0.982439999999969,0.996729323579533
5.152,0.982405999999969,0.996607616200307
5.154,0.982371999999969,0.996484920815181
5.156,0.982337999999969,0.996361269590345
5.158,0.982303999999969,0.996236822795174
5.16,0.982269999999969,0.996111725168323
5.162,0.982235999999969,0.995986083490397
5.164,0.982201999999969,0.995860035506536
5.166,0.982167999999969,0.99573370692107
5.168,0.982133999999969,0.995607200165316
5.17,0.982099999999969,0.995480646432599
5.172,0.982065999999969,0.995354178737887
5.174,0.982031999999968,0.995227916654701
5.176,0.981997999999968,0.995102088526472
5.178,0.981963999999968,0.994976737887562
5.18,0.981929999999968,0.994852183290379
5.182,0.981895999999968,0.994728551833154
5.184,0.981861999999968,0.994605999790043
5.186,0.981827999999968,0.994484794711208
5.188,0.981793999999968,0.994364909761534
5.19,0.981759999999968,0.994246605785275
5.192,0.981725999999968,0.994129784558451
5.194,0.981691999999968,0.994014529067141
5.196,0.981657999999968,0.993900802093002
5.198,0.981623999999968,0.993788590045571
5.2,0.981589999999968,0.993677770183765
5.202,0.981555999999968,0.993568253717128
5.204,0.981521999999968,0.993459999504014
5.206,0.981487999999967,0.993352953961049
5.208,0.981453999999967,0.993247022828947
5.21,0.981419999999967,0.993142191122455
5.212,0.981385999999967,0.993038430056825
5.214,0.981351999999967,0.992935730296252
5.216,0.981317999999967,0.992834103212684
5.218,0.981283999999967,0.992733529744158
5.22,0.981249999999967,0.992633956703409
5.222,0.981215999999967,0.992535332016433
5.224,0.981181999999967,0.992437560119492
5.226,0.981147999999967,0.992340556976244
5.228,0.981113999999967,0.992244263075237
5.23,0.981079999999967,0.992148544191924
5.232,0.981045999999967,0.992053298136827
5.234,0.981011999999967,0.99195843382728
5.236,0.980977999999967,0.991863855049268
5.238,0.980943999999967,0.991769457791236
5.24,0.980909999999967,0.99167514810153
5.242,0.980875999999967,0.991580863470743
5.244,0.980841999999966,0.991486597127062
5.246,0.980807999999966,0.991392400565782
5.248,0.980773999999966,0.991298377226863
5.25,0.980739999999966,0.991204660127782
5.252,0.980706999999966,0.991111391789066
5.254,0.980673999999966,0.991018694513173
5.256,0.980640999999966,0.990926722320968
5.258,0.980607999999966,0.99083561521799
5.26,0.980574999999966,0.990745399786897
5.262,0.980543999999966,0.990656161411083
5.264,0.980512999999966,0.990567908213878
5.266,0.980481999999966,0.990480723379414
5.268,0.980450999999966,0.990394381253452
5.27,0.980419999999966,0.990308888100807
5.272,0.980391999999966,0.990224161878441
5.274,0.980363999999966,0.990140024273637
5.276,0.980335999999965,0.990056325974581
5.278,0.980307999999966,0.98997295239713
5.28,0.980279999999965,0.98988979308624
5.282,0.980255999999965,0.989806792280062
5.284,0.980231999999965,0.989723889008819
5.286,0.980207999999965,0.989641067493897
5.288,0.980183999999965,0.989558328458787
5.29,0.980159999999965,0.989475695039402
5.292,0.980140999999965,0.989393213109914
5.294,0.980121999999965,0.989310963734582
5.296,0.980102999999965,0.98922907518932
5.298,0.980083999999965,0.989147703887989
5.3,0.980064999999965,0.989067041456888
5.302,0.980051999999965,0.988987336384698
5.304,0.980038999999965,0.988908853432046
5.306,0.980025999999965,0.988831813997955
5.308,0.980012999999965,0.988756528832567
5.31,0.979999999999965,0.988683259424761
5.312,0.979993999999965,0.988612164814475
5.314,0.979987999999965,0.988543425035551
5.316,0.979981999999964,0.988477166566592
5.318,0.979975999999964,0.988413359296921
5.32,0.979969999999964,0.988351947997972
5.322,0.979971999999964,0.988292877548278
5.324,0.979973999999964,0.988235731870483
5.326,0.979975999999964,0.988180552956255
5.328,0.979977999999964,0.98812708201839
5.33,0.979979999999964,0.988075028967702
5.332,0.979988999999964,0.988024295673595
5.334,0.979997999999964,0.987974526482725
5.336,0.980006999999964,0.987925710055864
5.338,0.980015999999964,0.987877723134236
5.34,0.980024999999964,0.987830297675652
5.342,0.980039999999964,0.987783406176475
5.344,0.980054999999964,0.987736945562999
5.346,0.980069999999964,0.987690822056125
5.348,0.980084999999964,0.987644924464325
5.35,0.980099999999964,0.987599126717491
5.352,0.980119999999964,0.987553319350098
5.354,0.980139999999963,0.987507388304544
5.356,0.980159999999963,0.987461227763171
5.358,0.980179999999963,0.987414733659586
5.36,0.980199999999963,0.987367887730874
5.362,0.980223999999963,0.98732057234817
5.364,0.980247999999963,0.987272844560463
5.366,0.980271999999963,0.987224690976542
5.368,0.980295999999963,0.987176181249356
5.37,0.980319999999963,0.987127368742765
5.372,0.980346999999963,0.987078312516893
5.374,0.980373999999963,0.987029102040145
5.376,0.980400999999963,0.986979853121955
5.378,0.980427999999963,0.986930721458327
5.38,0.980454999999963,0.986881898920275
5.382,0.980483999999963,0.986833611308302
5.384,0.980512999999963,0.986786063054959
5.386,0.980541999999962,0.986739459498595
5.388,0.980570999999963,0.986694000709242
5.39,0.980599999999962,0.98664986372641
5.392,0.980629999999962,0.986607154636613
5.394,0.980659999999962,0.986566032654147
5.396,0.980689999999962,0.98652648546602
5.398,0.980719999999962,0.986488544431335
5.4,0.980749999999962,0.986452132261449
5.402,0.980779999999962,0.986417026994278
5.404,0.980809999999962,0.986383060969339
5.406,0.980839999999962,0.986349933634498
5.408,0.980869999999962,0.98631741640325
5.41,0.980899999999962,0.986285216717204
5.412,0.980929999999962,0.986253089420345
5.414,0.980959999999962,0.986220819429632
5.416,0.980989999999962,0.986188234820775
5.418,0.981019999999962,0.986155181256575
5.42,0.981049999999962,0.986121555001966
5.422,0.981079999999962,0.98608720660652
5.424,0.981109999999962,0.986052062173144
5.426,0.981139999999961,0.986016041818874
5.428,0.981169999999961,0.985979106390881
5.43,0.981199999999961,0.985941253172993
5.432,0.981229999999961,0.985902492999579
5.434,0.981259999999961,0.985862903003492
5.436,0.981289999999961,0.985822574299644
5.438,0.981319999999961,0.985781609124907
5.44,0.981349999999961,0.985740160616908
5.442,0.981379999999961,0.98569839701089
5.444,0.981409999999961,0.985656525782282
5.446,0.981439999999961,0.985614750028932
5.448,0.981469999999961,0.985573282526593
5.45,0.981499999999961,0.985532333491809
5.452,0.981529999999961,0.98549207007612
5.454,0.981559999999961,0.985452704184
5.456,0.981589999999961,0.98541435209775
5.458,0.98161999999996,0.985377101995544
5.46,0.98164999999996,0.985341116161754
5.462,0.98167999999996,0.985306387965433
5.464,0.98170999999996,0.985272970403884
5.466,0.98173999999996,0.98524088804773
5.468,0.98176999999996,0.985210108724474
5.47,0.98179999999996,0.985180599764872
5.472,0.98182999999996,0.985152349251528
5.474,0.98185999999996,0.985125326232633
5.476,0.98188999999996,0.985099497824908
5.478,0.98191999999996,0.985074814212437
5.48,0.98194999999996,0.985051251017173
5.482,0.98197999999996,0.98502872242596
5.484,0.98200999999996,0.9850072035388
5.486,0.98203999999996,0.984986551473742
5.488,0.98206999999996,0.984966869700389
5.49,0.98209999999996,0.984948043811422
5.492,0.98212999999996,0.984930098161568
5.494,0.98215999999996,0.984913057877025
5.496,0.982189999999959,0.98489698369296
5.498,0.982219999999959,0.984881874932352
5.5,0.982249999999959,0.984867774012846
5.502,0.982279999999959,0.984854847090824
5.504,0.982309999999959,0.984843032670889
5.506,0.982339999999959,0.984832363129598
5.508,0.982369999999959,0.984822960736348
5.51,0.982399999999959,0.984814765618783
5.512,0.982429999999959,0.984807740651186
5.514,0.982459999999959,0.984801784876321
5.516,0.982489999999959,0.984796797510629
5.518,0.982519999999959,0.9847926095176
5.52,0.982549999999959,0.98478908446162
5.522,0.982579999999959,0.98478604404776
5.524,0.982609999999959,0.984783394544165
5.526,0.982639999999959,0.984781097019677
5.528,0.982669999999959,0.984779121393423
5.53,0.982699999999959,0.984777499651467
5.532,0.982729999999959,0.984776286794959
5.534,0.982759999999958,0.984775554955363
5.536,0.982789999999958,0.984775385398842
5.538,0.982819999999958,0.984775881824859
5.54,0.982849999999958,0.984777059941419
5.542,0.982879999999958,0.984779095584379
5.544,0.982909999999958,0.984782033608878
5.546,0.982939999999958,0.984785940594154
5.548,0.982969999999958,0.984790830056874
5.55,0.982999999999958,0.984796721982395
5.552,0.983029999999958,0.984803533665351
5.554,0.983059999999958,0.984811093354744
5.556,0.983089999999958,0.984819259314503
5.558,0.983119999999958,0.984827911226402
5.56,0.983149999999958,0.984836851488113
5.562,0.983179999999958,0.984845959021223
5.564,0.983209999999958,0.984855103738
5.566,0.983239999999958,0.984864182456479
5.568,0.983269999999958,0.984873117463666
5.57,0.983299999999958,0.984881851630151
5.572,0.983329999999958,0.984890365427828
5.574,0.983359999999957,0.984898644527863
5.576,0.983389999999957,0.984906692046817
5.578,0.983419999999957,0.984914558814422
5.58,0.983449999999957,0.9849222761297
5.582,0.983479999999957,0.984929913126242
5.584,0.983509999999957,0.984937543743821
5.586,0.983539999999957,0.984945257123493
5.588,0.983569999999957,0.98495314473222
5.59,0.983599999999957,0.984961253588914
5.592,0.983629999999957,0.984969632307626
5.594,0.983659999999957,0.984978277279042
5.596,0.983689999999957,0.98498716141348
5.598,0.983719999999957,0.984996225295906
5.6,0.983749999999957,0.985005417940014
5.602,0.983779999999957,0.985014668959038
5.604,0.983809999999957,0.985023928823513
5.606,0.983839999999957,0.985033158555593
5.608,0.983869999999957,0.985042339298973
5.61,0.983899999999956,0.985051466227315
5.612,0.983928999999957,0.985060545154167
5.614,0.983957999999956,0.98506959570807
5.616,0.983986999999956,0.985078635861322
5.618,0.984015999999956,0.985087680104784
5.62,0.984044999999956,0.985096738805208
5.622,0.984071999999956,0.985105818288091
5.624,0.984098999999956,0.985114925140728
5.626,0.984125999999956,0.98512408213391
5.628,0.984152999999956,0.985133323102367
5.63,0.984179999999956,0.985142680333978
5.632,0.984203999999956,0.985152181932323
5.634,0.984227999999956,0.985161815210869
5.636,0.984251999999956,0.985171538389346
5.638,0.984275999999956,0.985181268844928
5.64,0.984299999999956,0.985190881323617
5.642,0.984319999999956,0.98520023630639
5.644,0.984339999999956,0.985209153528098
5.646,0.984359999999955,0.985217397163172
5.648,0.984379999999956,0.985224797359251
5.65,0.984399999999955,0.985231123048649
5.652,0.984414999999955,0.985236101861061
5.654,0.984429999999955,0.985239624518504
5.656,0.984444999999955,0.985241589256679
5.658,0.984459999999955,0.985241891379255
5.66,0.984474999999955,0.985240601691339
5.662,0.984483999999955,0.985237501284826
5.664,0.984492999999955,0.985232816393327
5.666,0.984501999999955,0.985226629512622
5.668,0.984510999999955,0.985218834938413
5.67,0.984519999999955,0.985209574498812
5.672,0.984521999999955,0.985198949411078
5.674,0.984523999999955,0.985186997226614
5.676,0.984525999999955,0.985173801380675
5.678,0.984527999999955,0.985159543224741
5.68,0.984529999999955,0.985144188125102
5.682,0.984523999999955,0.985127885437677
5.684,0.984517999999954,0.985110660405969
5.686,0.984511999999955,0.985092563116224
5.688,0.984505999999954,0.985073680370178
5.69,0.984499999999954,0.985054079061795
5.692,0.984486999999954,0.985033837511651
5.694,0.984473999999954,0.985012971457798
5.696,0.984460999999954,0.984991581233076
5.698,0.984447999999954,0.984969651361406
5.7,0.984434999999954,0.98494719796471
5.702,0.984415999999954,0.984924190308061
5.704,0.984396999999954,0.984900575941057
5.706,0.984377999999954,0.984876361530651
5.708,0.984358999999954,0.984851543685888
5.71,0.984339999999954,0.984826144461214
5.712,0.984315999999954,0.984800233283879
5.714,0.984291999999954,0.984773868943149
5.716,0.984267999999954,0.984747075532884
5.718,0.984243999999954,0.984719873005597
5.72,0.984219999999954,0.984692244087571
5.722,0.984191999999954,0.984664133877208
5.724,0.984163999999953,0.98463551153537
5.726,0.984135999999953,0.984606322450507
5.728,0.984107999999953,0.984576420849811
5.73,0.984079999999953,0.98454589293678
5.732,0.984048999999953,0.984514575104889
5.734,0.984017999999953,0.984482460462581
5.736,0.983986999999953,0.984449638211807
5.738,0.983955999999953,0.984416060307993
5.74,0.983924999999953,0.984381858877228
5.742,0.983891999999953,0.984347099852684
5.744,0.983858999999953,0.984311905577238
5.746,0.983825999999953,0.98427640262345
5.748,0.983792999999953,0.984240723125809
5.75,0.983759999999953,0.984205005750006
5.752,0.983725999999953,0.9841693941855
5.754,0.983691999999953,0.984134023265728
5.756,0.983657999999953,0.984099002486069
5.758,0.983623999999953,0.984064477393479
5.76,0.983589999999953,0.984030496667305
5.762,0.983555999999953,0.983997125411761
5.764,0.983521999999952,0.983964446012354
5.766,0.983487999999953,0.983932443775055
5.768,0.983453999999953,0.98390114680754
5.77,0.983419999999952,0.983870527602029
5.772,0.983385999999952,0.983840504345051
5.774,0.983351999999952,0.9838110571352
5.776,0.983317999999952,0.983782136334619
5.778,0.983283999999952,0.983753685156672
5.78,0.983249999999952,0.983725675795212
5.782,0.983215999999952,0.983698031912904
5.784,0.983181999999952,0.983670712006669
5.786,0.983147999999952,0.983643586280143
5.788,0.983113999999952,0.983616566222926
5.79,0.983079999999952,0.983589523220525
5.792,0.983045999999952,0.983562342242876
5.794,0.983011999999952,0.98353490870155
5.796,0.982977999999952,0.983507108857615
5.798,0.982943999999952,0.983478802826368
5.8,0.982909999999952,0.983449905305471
5.802,0.982875999999952,0.983420319033218
5.804,0.982841999999952,0.983389900059418
5.806,0.982807999999951,0.983358700170511
5.808,0.982773999999951,0.983326550887714
5.81,0.982739999999951,0.983293538042965
5.812,0.982705999999951,0.983259634393607
5.814,0.982671999999951,0.98322492248089
5.816,0.982637999999951,0.983189436823708
5.818,0.982603999999951,0.983153258365381
5.82,0.982569999999951,0.983116472614977
5.822,0.982535999999951,0.983079171564303
5.824,0.982501999999951,0.983041423457174
5.826,0.982467999999951,0.98300334078285
5.828,0.982433999999951,0.982964980152277
5.83,0.982399999999951,0.982926382048085
5.832,0.982365999999951,0.982887574858518
5.834,0.982331999999951,0.982848550842569
5.836,0.982297999999951,0.982809275512136
5.838,0.982263999999951,0.982769697018098
5.84,0.982229999999951,0.982729765431223
5.842,0.982195999999951,0.98268940818757
5.844,0.982161999999951,0.982648545803639
5.846,0.982127999999951,0.982607137503434
5.848,0.982093999999951,0.982565139386032
5.85,0.98205999999995,0.982522476598392
5.852,0.98202599999995,0.982479132987394
5.854,0.98199199999995,0.982435180063994
5.856,0.98195799999995,0.982390584254147
5.858,0.98192399999995,0.982345383757627
5.86,0.98188999999995,0.982299625244981
5.862,0.98185599999995,0.982253337245721
5.864,0.98182199999995,0.98220648689568
5.866,0.98178799999995,0.982159110614444
5.868,0.98175399999995,0.98211109482101
5.87,0.98171999999995,0.982062388632701
5.872,0.98168599999995,0.982012948786889
5.874,0.98165199999995,0.981962664334403
5.876,0.98161799999995,0.981911461496297
5.878,0.98158399999995,0.981859269260042
5.88,0.98154999999995,0.981805949487551
5.882,0.98151599999995,0.981751485747943
5.884,0.98148199999995,0.981695804929722
5.886,0.981447999999949,0.981638864545781
5.888,0.981413999999949,0.981580672952235
5.89,0.981379999999949,0.981521419506073
5.892,0.981345999999949,0.981461227039513
5.894,0.981311999999949,0.981400361947175
5.896,0.981277999999949,0.981339106214573
5.898,0.981243999999949,0.98127776881887
5.9,0.981209999999949,0.981216641698769
5.902,0.981175999999949,0.981155991252801
5.904,0.981141999999949,0.98109602873473
5.906,0.981107999999949,0.98103696026406
5.908,0.981073999999949,0.980978892884708
5.91,0.981039999999949,0.98092192405793
5.912,0.981005999999949,0.980866186092179
5.914,0.980971999999949,0.980811684654676
5.916,0.980937999999949,0.980758411218659
5.918,0.980903999999949,0.980706437560985
5.92,0.980869999999949,0.980655664022749
5.922,0.980835999999949,0.980606048072062
5.924,0.980801999999948,0.980557514051132
5.926,0.980767999999948,0.980509998497823
5.928,0.980733999999948,0.980463273631785
5.93,0.980699999999948,0.980417259371877
5.932,0.980665999999948,0.980371749249635
5.934,0.980631999999948,0.980326532289779
5.936,0.980597999999948,0.98028137614948
5.938,0.980563999999948,0.980236031978371
5.94,0.980529999999948,0.980190251463545
5.942,0.980495999999948,0.98014383564899
5.944,0.980461999999948,0.98009650261019
5.946,0.980427999999948,0.980048182023922
5.948,0.980393999999948,0.97999873198647
5.95,0.980359999999948,0.97994808689393
5.952,0.980325999999948,0.979896198193263
5.954,0.980291999999948,0.979843075295604
5.956,0.980257999999948,0.979788697436539
5.958,0.980223999999948,0.979733244007951
5.96,0.980189999999948,0.979676740510307
5.962,0.980155999999948,0.979619270206523
5.964,0.980121999999948,0.979561079672583
5.966,0.980087999999948,0.979502354981006
5.968,0.980053999999947,0.979443361717586
5.97,0.980019999999947,0.97938436850913
5.972,0.979986999999947,0.979325648904557
5.974,0.979953999999947,0.979267485029461
5.976,0.979920999999947,0.979210162824548
5.978,0.979887999999947,0.979153987464299
5.98,0.979854999999947,0.979099220459062
5.982,0.979823999999947,0.979046130889991
5.984,0.979792999999947,0.978995009065141
5.986,0.979761999999947,0.978945983230178
5.988,0.979730999999947,0.97889933432643
5.99,0.979699999999947,0.978855048937314
5.992,0.979671999999947,0.978813222101517
5.994,0.979643999999947,0.978773854686415
5.996,0.979615999999947,0.978736923814317
5.998,0.979587999999947,0.978702231380106
6,0.979559999999947,0.978669770360531
6.002,0.979535999999947,0.978639312438301
6.004,0.979511999999947,0.978610584398615
6.006,0.979487999999947,0.978583283143063
6.008,0.979463999999946,0.978557166252357
6.01,0.979439999999946,0.978531911270406
6.012,0.979420999999946,0.978507220587979
6.014,0.979401999999946,0.978482765673445
6.016,0.979382999999946,0.978458296371814
6.018,0.979363999999946,0.978433573352435
6.02,0.979344999999946,0.978408391665439
6.022,0.979331999999946,0.978382616199376
6.024,0.979318999999946,0.978356148545589
6.026,0.979305999999946,0.978328933406611
6.028,0.979292999999946,0.978301014697931
6.03,0.979279999999946,0.978272435503851
6.032,0.979273999999946,0.978243324710097
6.034,0.979267999999946,0.978213847557939
6.036,0.979261999999946,0.978184273047313
6.038,0.979255999999946,0.978154897719826
6.04,0.979249999999946,0.97812606216548
6.042,0.979251999999946,0.97809813557991
6.044,0.979253999999946,0.978071522629646
6.046,0.979255999999946,0.978046519250514
6.048,0.979257999999946,0.978023455892269
6.05,0.979259999999946,0.978002722852967
6.052,0.979268999999946,0.977984595516075
6.054,0.979277999999945,0.977969144544015
6.056,0.979286999999945,0.977956743321951
6.058,0.979295999999945,0.97794750028542
6.06,0.979304999999945,0.977941352128519
6.062,0.979319999999945,0.977938358760397
6.064,0.979334999999945,0.977938609773989
6.066,0.979349999999945,0.977941813956007
6.068,0.979364999999945,0.97794766788117
6.07,0.979379999999945,0.977956114724409
6.072,0.979399999999945,0.977966760116652
6.074,0.979419999999945,0.977979197753395
6.076,0.979439999999945,0.977993079467395
6.078,0.979459999999945,0.978007984361082
6.08,0.979479999999945,0.978023586990683
6.082,0.979503999999945,0.978039497046296
6.084,0.979527999999945,0.978055410841348
6.086,0.979551999999945,0.978071065369939
6.088,0.979575999999945,0.978086219557091
6.09,0.979599999999945,0.978100715765869
6.092,0.979626999999945,0.978114449452066
6.094,0.979653999999945,0.978127344204265
6.096,0.979680999999945,0.978139402304237
6.098,0.979707999999944,0.978150669428494
6.1,0.979734999999944,0.97816124428113
6.102,0.979763999999944,0.978171259329044
6.104,0.979792999999944,0.978180863389531
6.106,0.979821999999944,0.978190198576539
6.108,0.979850999999944,0.978199431614423
6.11,0.979879999999944,0.978208706169978
6.112,0.979909999999944,0.978218145809246
6.114,0.979939999999944,0.978227908232123
6.116,0.979969999999944,0.978238062593084
6.118,0.979999999999944,0.97824873050624
6.12,0.980029999999944,0.978259998620893
6.122,0.980059999999944,0.978271896186539
6.124,0.980089999999944,0.978284446103419
6.126,0.980119999999944,0.97829767916355
6.128,0.980149999999944,0.978311619053319
6.13,0.980179999999944,0.978326294427488
6.132,0.980209999999944,0.978341739487076
6.134,0.980239999999944,0.978357991249077
6.136,0.980269999999944,0.978375124629677
6.138,0.980299999999944,0.978393092246708
6.14,0.980329999999944,0.978411955404889
6.142,0.980359999999943,0.978431615383339
6.144,0.980389999999943,0.978452190416692
6.146,0.980419999999943,0.978473531690645
6.148,0.980449999999943,0.978495581304508
6.15,0.980479999999943,0.97851831949531
6.152,0.980509999999943,0.978541641311637
6.154,0.980539999999943,0.978565454446076
6.156,0.980569999999943,0.97858964680158
6.158,0.980599999999943,0.978614080793338
6.16,0.980629999999943,0.978638573968773
6.162,0.980659999999943,0.978662915808693
6.164,0.980689999999943,0.978686936435637
6.166,0.980719999999943,0.978710416725257
6.168,0.980749999999943,0.978733224219992
6.17,0.980779999999943,0.978755289841615
6.172,0.980809999999943,0.978776604920476
6.174,0.980839999999943,0.978797167065532
6.176,0.980869999999943,0.978817138222239
6.178,0.980899999999943,0.978836698407126
6.18,0.980929999999943,0.978856077006949
6.182,0.980959999999943,0.978875546374319
6.184,0.980989999999943,0.978895392628112
6.186,0.981019999999942,0.978915967983888
6.188,0.981049999999942,0.9789375092802
6.19,0.981079999999942,0.978960377893174
6.192,0.981109999999942,0.978984879494793
6.194,0.981139999999942,0.979011362663336
6.196,0.981169999999942,0.979040105033853
6.198,0.981199999999942,0.979071183979483
6.2,0.981229999999942,0.979104973030952
6.202,0.981259999999942,0.979141567701184
6.204,0.981289999999942,0.979180919039038
6.206,0.981319999999942,0.979222993452892
6.208,0.981349999999942,0.979267682246868
6.21,0.981379999999942,0.979314662374894
6.212,0.981409999999942,0.979363748726599
6.214,0.981439999999942,0.979414567443051
6.216,0.981469999999942,0.979466744339872
6.218,0.981499999999942,0.979519869554492
6.22,0.981529999999942,0.979573488991957
6.222,0.981559999999942,0.979627172722669
6.224,0.981589999999942,0.979680497751861
6.226,0.981619999999942,0.979733021557716
6.228,0.981649999999942,0.979784442073353
6.23,0.981679999999941,0.979834366567443
6.232,0.981709999999941,0.97988250539218
6.234,0.981739999999941,0.979928650877129
6.236,0.981769999999941,0.979972579731927
6.238,0.981799999999941,0.980014209643086
6.24,0.981829999999941,0.980053620934802
6.242,0.981859999999941,0.980090818734792
6.244,0.981889999999941,0.980125915337496
6.246,0.981919999999941,0.980159169621301
6.248,0.981949999999941,0.980190836486096
6.25,0.981979999999941,0.980221206312854
6.252,0.982009999999941,0.9802506520926
6.254,0.982039999999941,0.980279510897542
6.256,0.982069999999941,0.980308190328667
6.258,0.982099999999941,0.980337119382701
6.26,0.982129999999941,0.980366760865909
6.262,0.982159999999941,0.980397462271977
6.264,0.982189999999941,0.980429621000214
6.266,0.982219999999941,0.980463618433214
6.268,0.982249999999941,0.980499668684757
6.27,0.982279999999941,0.980537973388565
6.272,0.982309999999941,0.980578716770703
6.274,0.98233999999994,0.980622185686003
6.276,0.98236999999994,0.980668339679543
6.278,0.98239999999994,0.980717300022968
6.28,0.98242999999994,0.980769092900537
6.282,0.98245999999994,0.980823592515615
6.284,0.98248999999994,0.980880505439955
6.286,0.98251999999994,0.980939629019798
6.288,0.98254999999994,0.981000860629453
6.29,0.98257999999994,0.981063636308168
6.292,0.98260999999994,0.981127755198991
6.294,0.98263999999994,0.981192802832051
6.296,0.98266999999994,0.981258395109237
6.298,0.98269999999994,0.981324135677955
6.3,0.98272999999994,0.981389651563138
6.302,0.98275999999994,0.981454526558192
6.304,0.98278999999994,0.981518463743829
6.306,0.98281999999994,0.98158108550685
6.308,0.98284999999994,0.981642029273197
6.31,0.98287999999994,0.981701143389037
6.312,0.98290999999994,0.981758159954825
6.314,0.98293999999994,0.981812749080722
6.316,0.98296999999994,0.98186482682533
6.318,0.98299999999994,0.981914078091415
6.32,0.98302999999994,0.981960648432117
6.322,0.98305999999994,0.982004181136523
6.324,0.983089999999939,0.982044800235525
6.326,0.983119999999939,0.982082376195119
6.328,0.983149999999939,0.982117253449119
6.33,0.983179999999939,0.982149615262205
6.332,0.983208999999939,0.982179766517092
6.334,0.983237999999939,0.982208123474915
6.336,0.983266999999939,0.982235084794686
6.338,0.983295999999939,0.982261180512394
6.34,0.983324999999939,0.982286891627566
6.342,0.983351999999939,0.98231273656606
6.344,0.983378999999939,0.982339213010084
6.346,0.983405999999939,0.982366736755826
6.348,0.983432999999939,0.982395818346089
6.35,0.983459999999939,0.982426716800763
6.352,0.983483999999939,0.98245970255623
6.354,0.983507999999939,0.98249512509027
6.356,0.983531999999939,0.982533002706497
6.358,0.983555999999939,0.982573402499292
6.36,0.983579999999939,0.982616189121252
6.362,0.983599999999939,0.982661208095862
6.364,0.983619999999939,0.982708283865879
6.366,0.983639999999939,0.982756943831019
6.368,0.983659999999939,0.982806890189699
6.37,0.983679999999938,0.982857701209145
6.372,0.983694999999938,0.982908866279705
6.374,0.983709999999938,0.982960007756861
6.376,0.983724999999938,0.983010656759123
6.378,0.983739999999938,0.983060336991224
6.38,0.983754999999938,0.983108744513359
6.382,0.983763999999938,0.983155451850788
6.384,0.983772999999938,0.983200113751247
6.386,0.983781999999938,0.983242360553784
6.388,0.983790999999938,0.983281984408859
6.39,0.983799999999938,0.983318663358203
6.392,0.983801999999938,0.983352028545253
6.394,0.983803999999938,0.983382165182411
6.396,0.983805999999938,0.983408539863686
6.398,0.983807999999938,0.983431156015058
6.4,0.983809999999938,0.983449846640899
6.402,0.983803999999938,0.983464906547741
6.404,0.983797999999938,0.98347624409518
6.406,0.983791999999938,0.983484230174297
6.408,0.983785999999938,0.983489231413746
6.41,0.983779999999938,0.983491505345928
6.412,0.983766999999938,0.983491568250354
6.414,0.983753999999938,0.983489774975293
6.416,0.983740999999938,0.9834866222747
6.418,0.983727999999938,0.983482503839759
6.42,0.983714999999938,0.983477799647961
6.422,0.983695999999938,0.983472899864853
6.424,0.983676999999938,0.983468129566573
6.426,0.983657999999938,0.983463826642575
6.428,0.983638999999937,0.98346021178379
6.43,0.983619999999937,0.983457501164698
6.432,0.983595999999937,0.983455859323359
6.434,0.983571999999937,0.983455312184003
6.436,0.983547999999937,0.983455882778161
6.438,0.983523999999937,0.983457495655293
6.44,0.983499999999937,0.983460044787264
6.442,0.983471999999937,0.983463460627733
6.444,0.983443999999937,0.983467539170684
6.446,0.983415999999937,0.983472142508194
6.448,0.983387999999937,0.983477073668921
6.45,0.983359999999937,0.983482144949566
6.452,0.983328999999937,0.983487143516359
6.454,0.983297999999937,0.983491860643476
6.456,0.983266999999937,0.983496040849528
6.458,0.983235999999937,0.983499474073332
6.46,0.983204999999937,0.983501917975538
6.462,0.983171999999937,0.983503176969666
6.464,0.983138999999937,0.983503098188516
6.466,0.983105999999937,0.98350158296424
6.468,0.983072999999937,0.983498531812324
6.47,0.983039999999937,0.983493886197142
6.472,0.983005999999937,0.983487562761267
6.474,0.982971999999937,0.983479649871218
6.476,0.982937999999937,0.983470179213062
6.478,0.982903999999936,0.983459183482094
6.48,0.982869999999937,0.98344681635767
6.482,0.982835999999937,0.98343333555111
6.484,0.982801999999936,0.983418968034685
6.486,0.982767999999936,0.983403991051215
6.488,0.982733999999936,0.983388741240113
6.49,0.982699999999936,0.98337355952087
6.492,0.982665999999936,0.983358814432445
6.494,0.982631999999936,0.983344828414989
6.496,0.982597999999936,0.983332017377924
6.498,0.982563999999936,0.983320755205822
6.5,0.982529999999936,0.983311297191701
6.502,0.982495999999936,0.983304032549509
6.504,0.982461999999936,0.983299101239735
6.506,0.982427999999936,0.983296487902094
6.508,0.982393999999936,0.983296150748019
6.51,0.982359999999936,0.983297942521861
6.512,0.982325999999936,0.983301653886846
6.514,0.982291999999936,0.983306842014204
6.516,0.982257999999936,0.983313107697374
6.518,0.982223999999936,0.983320016753048
6.52,0.982189999999936,0.983327111803338
6.522,0.982155999999936,0.983333925960628
6.524,0.982121999999936,0.983339999376099
6.526,0.982087999999936,0.983344958939608
6.528,0.982053999999936,0.983348394597777
6.53,0.982019999999936,0.983349935679014
6.532,0.981985999999936,0.98334934746405
6.534,0.981951999999936,0.983346366237794
6.536,0.981917999999935,0.983340839083997
6.538,0.981883999999935,0.983332590136263
6.54,0.981849999999935,0.983321567889183
6.542,0.981815999999936,0.983307750487664
6.544,0.981781999999935,0.983291233239543
6.546,0.981747999999935,0.983272118853329
6.548,0.981713999999935,0.983250567722438
6.55,0.981679999999935,0.983226740885992
6.552,0.981645999999935,0.983200949135489
6.554,0.981611999999935,0.983173559298838
6.556,0.981577999999935,0.98314488408356
6.558,0.981543999999935,0.983115333316336
6.56,0.981509999999935,0.983085248459216
6.562,0.981475999999935,0.98305502796622
6.564,0.981441999999935,0.983024995437901
6.566,0.981407999999935,0.982995465289478
6.568,0.981373999999935,0.982966778402977
6.57,0.981339999999935,0.982939098878854
6.572,0.981305999999935,0.982912659523246
6.574,0.981271999999935,0.982887678790144
6.576,0.981237999999935,0.982864313226099
6.578,0.981203999999935,0.98284255917354
6.58,0.981169999999935,0.982822559744792
6.582,0.981135999999935,0.982804284796363
6.584,0.981101999999935,0.982787720518903
6.586,0.981067999999935,0.982772653086994
6.588,0.981033999999935,0.982758968219042
6.59,0.980999999999935,0.982746438836754
6.592,0.980965999999935,0.982734863147402
6.594,0.980931999999934,0.982723902429568
6.596,0.980897999999934,0.982713235948172
6.598,0.980863999999934,0.982702526990377
6.6,0.980829999999934,0.98269141405054
6.602,0.980795999999934,0.982679487195468
6.604,0.980761999999934,0.982666432646118
6.606,0.980727999999934,0.982651900574933
6.608,0.980693999999934,0.982635561653965
6.61,0.980659999999934,0.982617271524618
6.612,0.980625999999934,0.98259660138457
6.614,0.980591999999934,0.982573767769537
6.616,0.980557999999934,0.98254845491025
6.618,0.980523999999934,0.982520550565801
6.62,0.980489999999934,0.982490300717386
6.622,0.980455999999934,0.982457732084666
6.624,0.980421999999934,0.982422877383005
6.626,0.980387999999934,0.982386017365898
6.628,0.980353999999934,0.982347469165447
6.63,0.980319999999934,0.982307400888413
6.632,0.980285999999934,0.98226622132275
6.634,0.980251999999934,0.982224268283047
6.636,0.980217999999934,0.982181905433283
6.638,0.980183999999934,0.982139512044225
6.64,0.980149999999934,0.98209749327709
6.642,0.980115999999934,0.982056139559642
6.644,0.980081999999934,0.982015875849788
6.646,0.980047999999934,0.98197693644233
6.648,0.980013999999934,0.98193964990083
6.65,0.979979999999934,0.981904130270841
6.652,0.979945999999934,0.98187055998408
6.654,0.979911999999934,0.981838937484692
6.656,0.979877999999934,0.981809215346943
6.658,0.979843999999934,0.98178143224673
6.66,0.979809999999934,0.981755449010867
6.662,0.979775999999934,0.981731099208234
6.664,0.979741999999933,0.981708125913288
6.666,0.979707999999933,0.981686302381169
6.668,0.979673999999933,0.981665321792563
6.67,0.979639999999933,0.981644876490096
6.672,0.979605999999933,0.981624643948948
6.674,0.979571999999933,0.981604335437082
6.676,0.979537999999933,0.98158365114675
6.678,0.979503999999933,0.981562302818822
6.68,0.979469999999933,0.98154009507962
6.682,0.979435999999933,0.981516811754978
6.684,0.979401999999933,0.981492246184581
6.686,0.979367999999933,0.981466348503982
6.688,0.979333999999933,0.981438968046435
6.69,0.979299999999933,0.981410224809665
6.692,0.979266999999933,0.981380123247672
6.694,0.979233999999933,0.981348673853138
6.696,0.979200999999933,0.981316132376987
6.698,0.979167999999933,0.981282682307273
6.7,0.979134999999933,0.981248523929395
6.702,0.979103999999933,0.981213930039464
6.704,0.979072999999933,0.981179162306176
6.706,0.979041999999933,0.981144468921946
6.708,0.979010999999933,0.981110130777913
6.71,0.978979999999933,0.981076387923926
6.712,0.978951999999933,0.981043504003681
6.714,0.978923999999933,0.981011619503878
6.716,0.978895999999933,0.98098099272413
6.718,0.978867999999933,0.980951782952251
6.72,0.978839999999933,0.980924024157175
6.722,0.978815999999933,0.980897818222161
6.724,0.978791999999933,0.980873267669583
6.726,0.978767999999933,0.980850323020907
6.728,0.978743999999933,0.98082896070681
6.73,0.978719999999933,0.980809107704476
6.732,0.978700999999933,0.980790709834153
6.734,0.978681999999933,0.980773754218204
6.736,0.978662999999933,0.980758178197589
6.738,0.978643999999933,0.980743846144265
6.74,0.978624999999933,0.980730784254032
6.742,0.978611999999933,0.980718830194436
6.744,0.978598999999932,0.980707857712161
6.746,0.978585999999932,0.980697817054549
6.748,0.978572999999932,0.980688568713734
6.75,0.978559999999932,0.980680029014492
6.752,0.978553999999932,0.980672116696554
6.754,0.978547999999932,0.980664729822185
6.756,0.978541999999932,0.980657799968374
6.758,0.978535999999932,0.980651228830282
6.76,0.978529999999932,0.980644934454695
6.762,0.978531999999932,0.980638853197731
6.764,0.978533999999932,0.980632927085627
6.766,0.978535999999932,0.980627155593165
6.768,0.978537999999932,0.980621555662069
6.77,0.978539999999932,0.980616147633383
6.772,0.978548999999932,0.98061101693594
6.774,0.978557999999932,0.980606247940942
6.776,0.978566999999932,0.980601910420734
6.778,0.978575999999932,0.980598126718155
6.78,0.978584999999932,0.980595066508497
6.782,0.978599999999932,0.980592955643614
6.784,0.978614999999932,0.980591916849404
6.786,0.978629999999932,0.980592226577903
6.788,0.978644999999932,0.980594114386019
6.79,0.978659999999932,0.980597721155636
6.792,0.978679999999932,0.980603134001451
6.794,0.978699999999932,0.980610535854709
6.796,0.978719999999932,0.980619810629939
6.798,0.978739999999932,0.980631044683803
6.8,0.978759999999932,0.980644119598675
6.802,0.978783999999932,0.980658775424751
6.804,0.978807999999932,0.980674931206342
6.806,0.978831999999932,0.980692232368372
6.808,0.978855999999932,0.98071044545915
6.81,0.978879999999932,0.98072930532441
6.812,0.978906999999932,0.98074847492441
6.814,0.978933999999932,0.980767755651701
6.816,0.978960999999932,0.980786902986149
6.818,0.978987999999932,0.980805719638205
6.82,0.979014999999932,0.980824034512352
6.822,0.979043999999932,0.98084169384483
6.824,0.979072999999932,0.980858487911515
6.826,0.979101999999932,0.980874342718223
6.828,0.979130999999932,0.980888972363206
6.83,0.979159999999932,0.980902367400859
6.832,0.979189999999932,0.980914335885235
6.834,0.979219999999932,0.980924841624339
6.836,0.979249999999932,0.980933894514865
6.838,0.979279999999931,0.980941528827046
6.84,0.979309999999931,0.980947870796396
6.842,0.979339999999931,0.980953064349167
6.844,0.979369999999931,0.98095735826654
6.846,0.979399999999931,0.980961055234368
6.848,0.979429999999931,0.980964505862114
6.85,0.979459999999931,0.980968074040292
6.852,0.979489999999931,0.980972142719591
6.854,0.979519999999931,0.980977119523541
6.856,0.979549999999931,0.980983371507621
6.858,0.979579999999931,0.980991208895034
6.86,0.979609999999931,0.981000929073587
6.862,0.979639999999931,0.981012753195203
6.864,0.979669999999931,0.98102675715772
6.866,0.979699999999931,0.981043040693714
6.868,0.979729999999931,0.981061596660149
6.87,0.979759999999931,0.981082359841143
6.872,0.979789999999931,0.981105155029633
6.874,0.979819999999931,0.981129919614547
6.876,0.979849999999931,0.981156155525946
6.878,0.979879999999931,0.981183718496412
6.88,0.979909999999931,0.981212119337566
6.882,0.979939999999931,0.981241010777469
6.884,0.979969999999931,0.981269977650894
6.886,0.979999999999931,0.981298597649007
6.888,0.980029999999931,0.981326527414052
6.89,0.980059999999931,0.981353429169513
6.892,0.980089999999931,0.98137906660424
6.894,0.980119999999931,0.981403153445782
6.896,0.980149999999931,0.981425618988967
6.898,0.980179999999931,0.981446366491746
6.9,0.980209999999931,0.98146544921617
6.902,0.980239999999931,0.98148284960275
6.904,0.980269999999931,0.981498784220452
6.906,0.980299999999931,0.981513381492543
6.908,0.980329999999931,0.981526878986367
6.91,0.980359999999931,0.981539513270758
6.912,0.980389999999931,0.981551636303519
6.914,0.980419999999931,0.981563565621467
6.916,0.980449999999931,0.981575623188177
6.918,0.980479999999931,0.981588149214404
6.92,0.980509999999931,0.981601466915831
6.922,0.980539999999931,0.981615873658812
6.924,0.980569999999931,0.981631649959048
6.926,0.980599999999931,0.981649132839471
6.928,0.980629999999931,0.98166833391288
6.93,0.980659999999931,0.981689585050202
6.932,0.980689999999931,0.981713004975839
6.934,0.980719999999931,0.981738618333476
6.936,0.980749999999931,0.981766390825133
6.938,0.980779999999931,0.981796244861879
6.94,0.980809999999931,0.981828202327783
6.942,0.980839999999931,0.98186207291276
6.944,0.980869999999931,0.981897786763323
6.946,0.98089999999993,0.981935139817534
6.948,0.98092999999993,0.981973970964209
6.95,0.98095999999993,0.982014133013534
6.952,0.980989999999931,0.982055372761237
6.954,0.981019999999931,0.982097409464976
6.956,0.98104999999993,0.982140016584072
6.958,0.98107999999993,0.982182879099659
6.96,0.98110999999993,0.982225655658888
6.962,0.981139999999931,0.982268042095082
6.964,0.98116999999993,0.982309717153938
6.966,0.98119999999993,0.982350421782442
6.968,0.98122999999993,0.982389946416422
6.97,0.98125999999993,0.982428121657502
6.972,0.98128999999993,0.982464822088128
6.974,0.98131999999993,0.982500085982693
6.976,0.98134999999993,0.982533859245477
6.978,0.98137999999993,0.982566170339709
6.98,0.98140999999993,0.982597244669207
6.982,0.98143999999993,0.982627117940141
6.984,0.98146999999993,0.982656057383672
6.986,0.98149999999993,0.982684342829891
6.988,0.98152999999993,0.982712271282903
6.99,0.98155999999993,0.982740160312329
6.992,0.98158999999993,0.982768324086928
6.994,0.98161999999993,0.982797115717164
6.996,0.98164999999993,0.98282680282337
6.998,0.98167999999993,0.982857716968299
7,0.98170999999993,0.982890055074039
7.002,0.98173999999993,0.982924058147482
7.004,0.98176999999993,0.982959769501839
7.006,0.98179999999993,0.982997352485507
7.008,0.98182999999993,0.983036705765135
7.01,0.98185999999993,0.983077815650099
7.012,0.98188999999993,0.983120612209562
7.014,0.98191999999993,0.983164797266164
7.016,0.98194999999993,0.983210315343111
7.018,0.98197999999993,0.983256891660323
7.02,0.98200999999993,0.983304156686403
7.022,0.98203999999993,0.983351877859329
7.024,0.98206999999993,0.983399721113993
7.026,0.98209999999993,0.983447353071538
7.028,0.98212999999993,0.983494409510186
7.03,0.98215999999993,0.983540587397171
7.032,0.98218999999993,0.983585565564002
7.034,0.98221999999993,0.983629112691627
7.036,0.98224999999993,0.983670816723771
7.038,0.98227999999993,0.983710644695097
7.04,0.98230999999993,0.98374842013457
7.042,0.98233999999993,0.983784112589801
7.044,0.98236999999993,0.983817621631691
7.046,0.98239999999993,0.983849037091273
7.048,0.98242999999993,0.983878413194901
7.05,0.98245999999993,0.983905908743536
7.052,0.98248899999993,0.983931715459507
7.054,0.98251799999993,0.983956059412353
7.056,0.98254699999993,0.983979126767355
7.058,0.98257599999993,0.984001221208496
7.06,0.98260499999993,0.984022699714434
7.062,0.98263199999993,0.984043866430066
7.064,0.98265899999993,0.984065065458464
7.066,0.98268599999993,0.984086636380581
7.068,0.98271299999993,0.98410889643556
7.07,0.98273999999993,0.984132160667167
7.072,0.98276399999993,0.984156563835824
7.074,0.98278799999993,0.984182378037031
7.076,0.98281199999993,0.984209606848324
7.078,0.98283599999993,0.984238320707439
7.08,0.98285999999993,0.984268517542762
7.082,0.98287999999993,0.984300200953826
7.084,0.98289999999993,0.984333144009469
7.086,0.98291999999993,0.984367303696103
7.088,0.98293999999993,0.984402349229439
7.09,0.98295999999993,0.984438074305559
7.092,0.98297499999993,0.984474129568181
7.094,0.98298999999993,0.984510189714772
7.096,0.98300499999993,0.984545922881674
7.098,0.98301999999993,0.984580997931842
7.1,0.98303499999993,0.984615098199202
7.102,0.98304399999993,0.984647945259291
7.104,0.98305299999993,0.984679229254102
7.106,0.98306199999993,0.984708666467953
7.108,0.98307099999993,0.984735998070761
7.11,0.98307999999993,0.984760976321713
7.112,0.98308199999993,0.984783201027036
7.114,0.983083999999929,0.984802388610716
7.116,0.98308599999993,0.984818721525865
7.118,0.983087999999929,0.984831673632628
7.12,0.98308999999993,0.984841279264549
7.122,0.983083999999929,0.984847609508175
7.124,0.98307799999993,0.984850795989142
7.126,0.98307199999993,0.984850820006411
7.128,0.983065999999929,0.984848053493903
7.13,0.983059999999929,0.984842885310887
7.132,0.98304699999993,0.984835595844346
7.134,0.983033999999929,0.984826607314485
7.136,0.983020999999929,0.984816328076698
7.138,0.983007999999929,0.984805128480895
7.14,0.982994999999929,0.98479334322514
7.142,0.982975999999929,0.984781341937228
7.144,0.982956999999929,0.984769448521551
7.146,0.982937999999929,0.984757969582259
7.148,0.982918999999929,0.984747190981537
7.15,0.982899999999929,0.984737310292053
7.152,0.982875999999929,0.984728504930522
7.154,0.982851999999929,0.984720890324037
7.156,0.982827999999929,0.984714403509078
7.158,0.982803999999929,0.984709021408008
7.16,0.982779999999929,0.984704669900397
7.162,0.982751999999929,0.984701153671188
7.164,0.982723999999929,0.98469827047588
7.166,0.982695999999929,0.984695768114856
7.168,0.982667999999929,0.984693348333257
7.17,0.982639999999929,0.984690715927437
7.172,0.982608999999929,0.984687516551252
7.174,0.982577999999929,0.984683432223357
7.176,0.982546999999929,0.984678186508295
7.178,0.982515999999929,0.984671477852318
7.18,0.982484999999929,0.984663154189589
7.182,0.982451999999929,0.984653016468606
7.184,0.982418999999929,0.984640932619715
7.186,0.982385999999929,0.984626854186067
7.188,0.982352999999929,0.984610595948944
7.19,0.982319999999929,0.984592313961481
7.192,0.982285999999929,0.984571957955552
7.194,0.982251999999929,0.984549671311669
7.196,0.982217999999929,0.984525627017521
7.198,0.982183999999929,0.984500074383291
7.2,0.982149999999929,0.984473284411111
7.202,0.982115999999929,0.984445552795045
7.204,0.982081999999929,0.984417260974135
7.206,0.982047999999929,0.984388721130276
7.208,0.982013999999929,0.98436026984446
7.21,0.981979999999929,0.984332259615897
7.212,0.981945999999929,0.98430497457803
7.214,0.981911999999929,0.984278794396397
7.216,0.981877999999929,0.984253992434052
7.218,0.981843999999929,0.98423081192131
7.22,0.981809999999929,0.984209575730859
7.222,0.981775999999929,0.984190487899291
7.224,0.981741999999929,0.984173590651912
7.226,0.981707999999929,0.984159019779945
7.228,0.981673999999929,0.984146592398976
7.23,0.981639999999929,0.984136276830937
7.232,0.981605999999929,0.984127718012334
7.234,0.981571999999929,0.984120595974789
7.236,0.981537999999929,0.984114585670217
7.238,0.981503999999929,0.984109228057404
7.24,0.981469999999929,0.984104126793461
7.242,0.981435999999929,0.984098877610745
7.244,0.981401999999929,0.984093088539068
7.246,0.981367999999929,0.984086426488342
7.248,0.981333999999929,0.984078575599654
7.25,0.981299999999929,0.984069186530382
7.252,0.981265999999929,0.984058112599672
7.254,0.981231999999929,0.984045023609362
7.256,0.981197999999929,0.98402985825423
7.258,0.981163999999929,0.984012439773793
7.26,0.981129999999929,0.983992774524745
7.262,0.981095999999929,0.983970887568537
7.264,0.981061999999929,0.983946848738794
7.266,0.981027999999929,0.983920793699444
7.268,0.980993999999929,0.983892769445927
7.27,0.980959999999929,0.983862967715059
7.272,0.980925999999929,0.98383159404771
7.274,0.980891999999929,0.983798769428703
7.276,0.980857999999929,0.983764622330282
7.278,0.980823999999929,0.983729360270649
7.28,0.980789999999929,0.983693140629907
7.282,0.980755999999929,0.983656185065743
7.284,0.980721999999929,0.983618694701494
7.286,0.980687999999929,0.983580886219517
7.288,0.980653999999929,0.983542995200234
7.29,0.980619999999929,0.983505212580192
7.292,0.980585999999929,0.983467727374892
7.294,0.980551999999929,0.98343070588578
7.296,0.980517999999929,0.983394268353784
7.298,0.980483999999929,0.983358516336532
7.3,0.980449999999929,0.983323526720123
7.302,0.980415999999929,0.983289329735407
7.304,0.980381999999929,0.983256008113331
7.306,0.980347999999929,0.983223514911216
7.308,0.980313999999929,0.98319182053687
7.31,0.980279999999929,0.983160775345144
7.312,0.980245999999929,0.983130232974916
7.314,0.980211999999929,0.983099932026578
7.316,0.980177999999929,0.983069615510586
7.318,0.980143999999929,0.983038972986145
7.32,0.980109999999929,0.983007715448802
7.322,0.980075999999929,0.982975478461709
7.324,0.980041999999929,0.982941999471387
7.326,0.980007999999929,0.982907032078011
7.328,0.979973999999929,0.98287030743882
7.33,0.979939999999929,0.982831675142962
7.332,0.979905999999929,0.982791030867893
7.334,0.979871999999929,0.982748310009597
7.336,0.979837999999929,0.98270351242061
7.338,0.979803999999929,0.982656829166619
7.34,0.979769999999929,0.982608303188541
7.342,0.979735999999929,0.982558317140011
7.344,0.979701999999929,0.982507031914605
7.346,0.979667999999929,0.982454818617069
7.348,0.979633999999929,0.982402023103043
7.35,0.979599999999929,0.982348986169366
7.352,0.979565999999929,0.982296065067329
7.354,0.979531999999929,0.982243574141849
7.356,0.979497999999929,0.982191797460508
7.358,0.979463999999929,0.982141012445704
7.36,0.979429999999929,0.982091387551761
7.362,0.979395999999929,0.982043162785232
7.364,0.979361999999929,0.98199642914239
7.366,0.979327999999929,0.981951267441724
7.368,0.979293999999929,0.981907798902614
7.37,0.979259999999929,0.981865975335845
7.372,0.979225999999929,0.981825742894005
7.374,0.979191999999929,0.981786977513638
7.376,0.979157999999929,0.981749652916148
7.378,0.979123999999929,0.98171348803477
7.38,0.979089999999929,0.981678300998948
7.382,0.979055999999929,0.981643913827877
7.384,0.979021999999929,0.981610020517443
7.386,0.978987999999929,0.981576378843163
7.388,0.978953999999929,0.981542698858466
7.39,0.978919999999929,0.981508689309297
7.392,0.978885999999929,0.981474098692353
7.394,0.978851999999929,0.981438620310667
7.396,0.978817999999929,0.981402046492133
7.398,0.978783999999929,0.981364229938968
7.4,0.978749999999929,0.981325062245664
7.402,0.978715999999929,0.981284438479483
7.404,0.978681999999929,0.98124237021362
7.406,0.978647999999929,0.981198885715661
7.408,0.978613999999929,0.981154065186403
7.41,0.978579999999929,0.981108007983264
7.412,0.978546999999929,0.981060861324168
7.414,0.978513999999929,0.98101279414511
7.416,0.978480999999929,0.980964017644999
7.418,0.978447999999929,0.98091476250908
7.42,0.978414999999929,0.98086526775939
7.422,0.978383999999929,0.980815789668961
7.424,0.978352999999929,0.980766580392303
7.426,0.978321999999929,0.980717894375465
7.428,0.978290999999929,0.980670003895309
7.43,0.978259999999929,0.980623103958462
7.432,0.978231999999929,0.980577541218373
7.434,0.978203999999929,0.980533532752957
7.436,0.978175999999929,0.980491340178357
7.438,0.978147999999929,0.980451060216673
7.44,0.978119999999929,0.980412961527405
7.442,0.978095999999929,0.980376972092186
7.444,0.978071999999929,0.980343184429599
7.446,0.978047999999929,0.980311620424777
7.448,0.978023999999929,0.980282151528022
7.45,0.977999999999929,0.980254740059716
7.452,0.977980999999929,0.980229337163417
7.454,0.977961999999929,0.980205705912679
7.456,0.977942999999929,0.980183807835259
7.458,0.977923999999929,0.980163417501941
7.46,0.977904999999929,0.980144470810445
7.462,0.977891999999929,0.980126567194701
7.464,0.977878999999929,0.980109637096021
7.466,0.977865999999929,0.980093313115617
7.468,0.977852999999929,0.980077416883654
7.47,0.977839999999929,0.980061733929602
7.472,0.977833999999929,0.980046061028955
7.474,0.977827999999929,0.980030239569328
7.476,0.977821999999929,0.980014154891719
7.478,0.977815999999929,0.979997725530624
7.48,0.977809999999929,0.979980929681091
7.482,0.977811999999929,0.97996376803367
7.484,0.977813999999929,0.979946322275638
7.486,0.977815999999929,0.979928712823645
7.488,0.977817999999929,0.979911112007987
7.49,0.977819999999929,0.979893763983514
7.492,0.977828999999929,0.979876965313482
7.494,0.977837999999929,0.979861042612733
7.496,0.977846999999929,0.979846379115109
7.498,0.977855999999929,0.979833254585687
7.5,0.977864999999929,0.979821943787237
7.502,0.977879999999929,0.97981282585376
7.504,0.977894999999929,0.979805967025046
7.506,0.977909999999929,0.979801635571663
7.508,0.977924999999929,0.97979987690002
7.51,0.977939999999929,0.979800673164346
7.512,0.977959999999929,0.979804160955305
7.514,0.977979999999929,0.979810048409371
7.516,0.977999999999929,0.979818242346566
7.518,0.978019999999929,0.979828505666583
7.52,0.978039999999929,0.979840625515112
7.522,0.978063999999929,0.979854158957806
7.524,0.978087999999929,0.979868899976584
7.526,0.978111999999929,0.979884546646557
7.528,0.978135999999929,0.979900726655032
7.53,0.978159999999929,0.979917219339026
7.532,0.978187999999929,0.979933758242645
7.534,0.978215999999929,0.979950141409183
7.536,0.978243999999929,0.979966157243933
7.538,0.978271999999929,0.979981641367024
7.54,0.978299999999929,0.979996430669434
7.542,0.978331999999929,0.980010400478515
7.544,0.978363999999929,0.980023403951515
7.546,0.978395999999929,0.980035432080506
7.548,0.978427999999929,0.980046466969541
7.55,0.978459999999929,0.980056512206687
7.552,0.978495999999929,0.980065634656
7.554,0.978531999999929,0.980073945690044
7.556,0.978567999999929,0.980081577773118
7.558,0.978603999999929,0.980088666100989
7.56,0.978639999999929,0.98009536935451
7.562,0.978679999999929,0.980101858069915
7.564,0.978719999999929,0.980108335759706
7.566,0.978759999999929,0.98011501756073
7.568,0.978799999999929,0.980122152913755
7.57,0.978839999999929,0.980130013248849
7.572,0.978883999999929,0.980138913540141
7.574,0.978927999999929,0.980149123986715
7.576,0.978971999999929,0.980160906018553
7.578,0.979015999999929,0.980174537303137
7.58,0.979059999999929,0.980190262246507
7.582,0.979107999999929,0.980208114010238
7.584,0.979155999999929,0.980228287003076
7.586,0.979203999999929,0.980250741497454
7.588,0.979251999999929,0.980275493832324
7.59,0.979299999999929,0.980302500616518
7.592,0.979351999999929,0.980331726318076
7.594,0.979403999999929,0.980362980955848
7.596,0.979455999999929,0.980396227675497
7.598,0.979507999999929,0.980431255832406
7.6,0.979559999999929,0.980467951380439
7.602,0.979615999999929,0.980506191422892
7.604,0.979671999999929,0.980545728506587
7.606,0.979727999999929,0.980586402150932
7.608,0.979783999999929,0.980628006186068
7.61,0.979839999999929,0.98067030761875
7.612,0.979899999999929,0.980713086373929
7.614,0.979959999999929,0.980756153421859
7.616,0.980019999999929,0.980799353485684
7.618,0.980079999999929,0.980842562579948
7.62,0.980139999999929,0.980885702184467
7.622,0.980203999999929,0.980928736982422
7.624,0.980267999999929,0.980971667343188
7.626,0.980331999999929,0.981014557597213
7.628,0.980395999999929,0.981057502442181
7.63,0.980459999999929,0.98110064591266
7.632,0.980527999999929,0.981144213240233
7.634,0.980595999999929,0.981188428497135
7.636,0.980663999999929,0.981233602007477
7.638,0.980731999999929,0.981279976037873
7.64,0.980799999999929,0.981327858320465
7.642,0.980871999999929,0.981377507374488
7.644,0.980943999999929,0.981429184878747
7.646,0.981015999999929,0.981483160247458
7.648,0.981087999999929,0.981539497680286
7.65,0.981159999999929,0.981598430578229
7.652,0.981235999999929,0.981660129008796
7.654,0.981311999999929,0.981724496766894
7.656,0.981387999999929,0.981791586778084
7.658,0.981463999999929,0.981861449903715
7.66,0.981539999999929,0.981934029311662
7.662,0.981619999999929,0.982009152566862
7.664,0.981699999999929,0.982086625695548
7.666,0.981779999999929,0.982166347652207
7.668,0.981859999999929,0.982248034846619
7.67,0.981939999999929,0.982331387842335
7.672,0.982023999999929,0.98241607903176
7.674,0.982107999999929,0.982501803065184
7.676,0.982191999999929,0.982588162420994
7.678,0.982275999999929,0.982674849858108
7.68,0.982359999999929,0.982761554883574
7.682,0.982447999999929,0.982848004305898
7.684,0.982535999999929,0.982933932471776
7.686,0.982623999999929,0.983019195942444
7.688,0.982711999999929,0.983103633902822
7.69,0.982799999999929,0.983187195595767
7.692,0.982891999999929,0.98326982683164
7.694,0.982983999999929,0.983351638255638
7.696,0.983075999999929,0.983432612579525
7.698,0.983167999999929,0.983512960809234
7.7,0.983259999999929,0.983592772305692
7.702,0.983355999999929,0.98367224872412
7.704,0.983451999999929,0.983751636505283
7.706,0.983547999999929,0.98383119799655
7.708,0.983643999999929,0.983911215464984
7.71,0.983739999999929,0.983992006470735
7.712,0.983839999999929,0.984073836251722
7.714,0.983939999999929,0.984156992336129
7.716,0.984039999999929,0.984241819571532
7.718,0.984139999999929,0.984328643346939
7.72,0.984239999999929,0.984417672922966
7.722,0.984343999999929,0.984509144108866
7.724,0.984447999999929,0.984603361777382
7.726,0.984551999999929,0.984700343740497
7.728,0.984655999999929,0.984800274702826
7.73,0.984759999999929,0.984903029234435
7.732,0.984867999999929,0.985008613389837
7.734,0.984975999999929,0.985116950319184
7.736,0.985083999999929,0.985227927689383
7.738,0.985191999999929,0.98534140795759
7.74,0.985299999999929,0.985457123308758
7.742,0.985411999999929,0.9855748527023
7.744,0.985523999999929,0.98569426636395
7.746,0.985635999999929,0.985815012624985
7.748,0.985747999999929,0.985936791053526
7.75,0.985859999999929,0.986059193562407
7.752,0.985975999999929,0.986181894178569
7.754,0.986091999999929,0.986304541520358
7.756,0.986207999999929,0.986426777599116
7.758,0.986323999999929,0.986548294967385
7.76,0.986439999999929,0.986668804158923
7.762,0.986558999999929,0.986787998842151
7.764,0.986677999999929,0.986905866064096
7.766,0.986796999999929,0.987022214034725
7.768,0.986915999999929,0.98713707526028
7.77,0.987034999999929,0.987250446334392
7.772,0.987154999999929,0.987362518058209
7.774,0.987274999999929,0.987473456697944
7.776,0.987394999999929,0.987583408939814
7.778,0.987514999999929,0.987692644968421
7.78,0.987634999999929,0.987801408272848
7.782,0.987753999999929,0.987909981096895
7.784,0.987872999999929,0.988018660310263
7.786,0.987991999999929,0.988127758909963
7.788,0.988110999999929,0.988237563301438
7.79,0.988229999999929,0.988348347278593
7.792,0.988345999999929,0.988460418584387
7.794,0.988461999999929,0.98857393427803
7.796,0.988577999999929,0.988689029691294
7.798,0.988693999999929,0.988805786360224
7.8,0.988809999999929,0.988924262615663
7.802,0.988920999999929,0.989044449381195
7.804,0.989031999999929,0.98916615841815
7.806,0.989142999999929,0.989289303907087
7.808,0.989253999999929,0.989413704352143
7.81,0.989364999999929,0.989539119224566
7.812,0.989470999999929,0.989665186419713
7.814,0.989576999999929,0.989791619987688
7.816,0.989682999999929,0.98991807681526
7.818,0.989788999999929,0.990044183657845
7.82,0.989894999999929,0.990169482438576
7.822,0.989995999999929,0.990293606097097
7.824,0.990096999999929,0.990416077923054
7.826,0.990197999999929,0.990536490205388
7.828,0.990298999999929,0.990654399414438
7.83,0.990399999999929,0.990769544730765
7.832,0.990495999999929,0.990881455458267
7.834,0.990591999999929,0.99098995872356
7.836,0.990687999999929,0.991095091654753
7.838,0.990783999999929,0.991196814535211
7.84,0.990879999999929,0.991295292460406
7.842,0.990970999999929,0.991390749766207
7.844,0.991061999999929,0.991483473041173
7.846,0.991152999999929,0.991573792527631
7.848,0.991243999999929,0.991662030253516
7.85,0.991334999999929,0.991748631386803
7.852,0.991420999999929,0.991833954777837
7.854,0.991506999999929,0.991918404237043
7.856,0.991592999999929,0.99200242535635
7.858,0.991678999999929,0.992086388461321
7.86,0.991764999999929,0.992170692340494
7.862,0.991845999999929,0.992255675082898
7.864,0.991926999999929,0.992341739143694
7.866,0.992007999999929,0.992429089122151
7.868,0.992088999999929,0.992518096594312
7.87,0.992169999999929,0.992608942113925
7.872,0.992245999999929,0.992701781376477
7.874,0.992321999999929,0.992796631085172
7.876,0.992397999999929,0.992893534752561
7.878,0.992473999999929,0.992992508624792
7.88,0.992549999999929,0.993093284340708
7.882,0.992620999999929,0.993195804163308
7.884,0.992691999999929,0.993299684911315
7.886,0.992762999999929,0.993404732588091
7.888,0.992833999999929,0.993510570085565
7.89,0.992904999999929,0.993616797846965
7.892,0.992970999999929,0.99372307027152
7.894,0.993036999999929,0.993829009170347
7.896,0.993102999999929,0.993934162780117
7.898,0.993168999999929,0.994038246086387
7.9,0.993234999999929,0.994140939185062
7.902,0.993295999999929,0.994241759909896
7.904,0.993356999999929,0.994340441451418
7.906,0.993417999999929,0.994436718908983
7.908,0.993478999999929,0.994530444941312
7.91,0.993539999999929,0.99462127387423
7.912,0.993595999999929,0.994709219123884
7.914,0.993651999999929,0.994794182100627
7.916,0.993707999999929,0.994876126541741
7.918,0.993763999999929,0.994955155097804
7.92,0.993819999999929,0.99503144539006
7.922,0.993870999999929,0.995105009502036
7.924,0.993921999999929,0.995176282858087
7.926,0.993972999999929,0.995245466216008
7.928,0.994023999999929,0.995312952071199
7.93,0.994074999999929,0.995379089139534
7.932,0.994120999999929,0.995444273292072
7.934,0.994166999999929,0.995508849123939
7.936,0.994212999999929,0.995573167046477
7.938,0.994258999999929,0.99563757841582
7.94,0.994304999999929,0.995702387635774
7.942,0.994345999999929,0.995767911039132
7.944,0.994386999999929,0.995834419220743
7.946,0.994427999999929,0.995902103118017
7.948,0.994468999999929,0.995971083615632
7.95,0.994509999999929,0.996041503463463
7.952,0.994546999999929,0.99611323472812
7.954,0.994583999999929,0.996186205606256
7.956,0.994620999999929,0.996260151248368
7.958,0.994657999999929,0.99633479397801
7.96,0.994694999999929,0.996409779771334
7.962,0.994728999999929,0.996484713850836
7.964,0.994762999999929,0.996559196597573
7.966,0.994796999999929,0.996632824105254
7.968,0.994830999999929,0.996705284986436
7.97,0.994864999999929,0.996776145109005
7.972,0.99489699999993,0.996845064329861
7.974,0.994928999999929,0.996911887206306
7.976,0.994960999999929,0.996976347762242
7.978,0.994992999999929,0.997038078578966
7.98,0.995024999999929,0.997097184500797
7.982,0.995055999999929,0.997153544555639
7.984,0.995086999999929,0.997207034295745
7.986,0.995117999999929,0.997257861945382
7.988,0.995148999999929,0.99730597169012
7.99,0.995179999999929,0.997351676520501
7.992,0.995210999999929,0.997395096866154
7.994,0.995241999999929,0.997436405259613
7.996,0.995272999999929,0.997475856420738
7.998,0.995303999999929,0.99751389651037
8,0.995334999999929,0.997550777458927
8.002,0.99536699999993,0.997586824000649
8.004,0.995398999999929,0.997622440953081
8.006,0.995430999999929,0.99765795480666
8.008,0.995462999999929,0.997693705989486
8.01,0.995494999999929,0.997730044804352
8.012,0.995528999999929,0.997767226998629
8.014,0.995562999999929,0.997805545816294
8.016,0.995596999999929,0.997845146652274
8.018,0.99563099999993,0.997886232634751
8.02,0.99566499999993,0.997928816242926
8.022,0.99570199999993,0.99797296366707
8.024,0.99573899999993,0.99801868431522
8.026,0.995775999999929,0.998065907846235
8.028,0.995812999999929,0.998114597413543
8.03,0.995849999999929,0.998164473102985
8.032,0.99589099999993,0.998215431756905
8.034,0.995931999999929,0.998267078183777
8.036,0.995972999999929,0.998319173221238
8.038,0.99601399999993,0.998371356663387
8.04,0.99605499999993,0.998423316157905
8.042,0.99609899999993,0.998474759721331
8.044,0.99614299999993,0.998525409302543
8.046,0.996186999999929,0.998574990592451
8.048,0.996230999999929,0.998623293329398
8.05,0.996274999999929,0.998670139405019
8.052,0.99632099999993,0.998715465808664
8.054,0.996366999999929,0.998759200783416
8.056,0.996412999999929,0.998801319892198
8.058,0.99645899999993,0.998841873750646
8.06,0.99650499999993,0.998881161138677
8.062,0.99655199999993,0.998919167294402
8.064,0.99659899999993,0.998956162751648
8.066,0.99664599999993,0.998992324473052
8.068,0.99669299999993,0.999027925655032
8.07,0.99673999999993,0.999063176312311
8.072,0.99678699999993,0.999098315904356
8.074,0.99683399999993,0.9991335870952
8.076,0.99688099999993,0.999169245932388
8.078,0.99692799999993,0.999205504392975
8.08,0.99697499999993,0.999242587479691
8.082,0.99702099999993,0.999280676234004
8.084,0.99706699999993,0.999319915593175
8.086,0.99711299999993,0.999360339029939
8.088,0.99715899999993,0.999402055903269
8.09,0.99720499999993,0.999445037712589
8.092,0.99724999999993,0.999489226142315
8.094,0.99729499999993,0.999534657697478
8.096,0.99733999999993,0.999581096787541
8.098,0.99738499999993,0.9996285004203
8.1,0.99742999999993,0.999676719359435
8.102,0.99747399999993,0.999725551737236
8.104,0.99751799999993,0.999774794867255
8.106,0.99756199999993,0.999824202763138
8.108,0.99760599999993,0.999873523412435
8.11,0.99764999999993,0.99992247639137
8.112,0.99769299999993,0.999970753907834
8.114,0.99773599999993,1.00001806258029
8.116,0.99777899999993,1.00006414068172
8.118,0.99782199999993,1.00010869088254
8.12,0.99786499999993,1.00015161234974
8.122,0.99790699999993,1.00019278587724
8.124,0.99794899999993,1.00023207226541
8.126,0.99799099999993,1.00026956181218
8.128,0.99803299999993,1.00030520261212
8.13,0.99807499999993,1.00033928607387
8.132,0.99811599999993,1.00037182231757
8.134,0.99815699999993,1.00040319261438
8.136,0.99819799999993,1.00043359806803
8.138,0.99823899999993,1.00046333723456
8.14,0.99827999999993,1.00049276306113
8.142,0.99831999999993,1.00052223218962
8.144,0.99835999999993,1.0005520771876
8.146,0.99839999999993,1.00058268210728
8.148,0.99843999999993,1.0006143381854
8.15,0.99847999999993,1.00064735904371
8.152,0.99851899999993,1.00068210219356
8.154,0.99855799999993,1.00071873465029
8.156,0.99859699999993,1.00075746698437
8.158,0.99863599999993,1.00079852549448
8.16,0.99867499999993,1.00084198927375
8.162,0.99871199999993,1.00088777033416
8.164,0.99874899999993,1.00093590710615
8.166,0.99878599999993,1.00098617006755
8.168,0.99882299999993,1.00103833444477
8.17,0.99885999999993,1.00109222304053
8.172,0.99889399999993,1.00114752696854
8.174,0.99892799999993,1.00120387994356
8.176,0.99896199999993,1.00126087544461
8.178,0.99899599999993,1.0013182645711
8.18,0.99902999999993,1.00137564239647
8.182,0.99905999999993,1.0014326792487
8.184,0.99908999999993,1.00148903865401
8.186,0.99911999999993,1.00154428658789
8.188,0.99914999999993,1.00159823219706
8.19,0.99917999999993,1.00165047562415
8.192,0.99920499999993,1.00170077148592
8.194,0.99922999999993,1.00174894815354
8.196,0.99925499999993,1.00179472857986
8.198,0.99927999999993,1.00183817537189
8.2,0.99930499999993,1.00187919804933
8.202,0.99932399999993,1.00191776601341
8.204,0.99934299999993,1.00195405859655
8.206,0.99936199999993,1.00198811181421
8.208,0.99938099999993,1.00202010547048
8.21,0.99939999999993,1.00205024998763
8.212,0.99941199999993,1.00207881172068
8.214,0.99942399999993,1.00210598231476
8.216,0.99943599999993,1.00213205094436
8.218,0.99944799999993,1.00215730754944
8.22,0.99945999999993,1.00218198322783
8.222,0.99946399999993,1.00220632184871
8.224,0.99946799999993,1.00223056964593
8.226,0.99947199999993,1.00225494057021
8.228,0.99947599999993,1.0022796102284
8.23,0.99947999999993,1.00230469409352
8.232,0.99947699999993,1.00233025915058
8.234,0.99947399999993,1.00235629074055
8.236,0.99947099999993,1.0023827450591
8.238,0.99946799999993,1.00240949976769
8.24,0.99946499999993,1.00243638055403
8.242,0.99945599999993,1.00246316895973
8.244,0.99944699999993,1.0024895823979
8.246,0.99943799999993,1.00251529702731
8.248,0.999428999999931,1.00254001997017
8.25,0.99941999999993,1.00256337441965
8.252,0.999405999999931,1.00258500046057
8.254,0.99939199999993,1.00260457349131
8.256,0.99937799999993,1.00262191127682
8.258,0.99936399999993,1.00263665315576
8.26,0.99934999999993,1.00264853862737
8.262,0.99933199999993,1.002657496652
8.264,0.999313999999931,1.0026633663
8.266,0.99929599999993,1.00266619646693
8.268,0.99927799999993,1.00266597707681
8.27,0.999259999999931,1.00266265515343
8.272,0.99923899999993,1.00265657213838
8.274,0.999217999999931,1.00264780537673
8.276,0.999196999999931,1.00263649877492
8.278,0.999175999999931,1.00262304146329
8.28,0.999154999999931,1.00260766939878
8.282,0.999131999999931,1.0025908587034
8.284,0.999108999999931,1.00257295268217
8.286,0.999085999999931,1.00255433887427
8.288,0.999062999999931,1.00253543307805
8.29,0.999039999999931,1.00251659349595
8.292,0.999015999999931,1.00249820643777
8.294,0.998991999999931,1.00248052827495
8.296,0.998967999999931,1.00246391086374
8.298,0.998943999999931,1.00244857399844
8.3,0.998919999999931,1.00243461094644
8.302,0.998895999999931,1.00242217627289
8.304,0.998871999999931,1.00241127321423
8.306,0.998847999999931,1.00240185538104
8.308,0.998823999999931,1.00239396203832
8.31,0.998799999999931,1.00238741701182
8.312,0.998776999999931,1.00238212874222
8.314,0.998753999999931,1.00237782511721
8.316,0.998730999999931,1.00237432231693
8.318,0.998707999999931,1.0023712525565
8.32,0.998684999999931,1.00236830920858
8.322,0.998662999999931,1.00236514529806
8.324,0.998640999999931,1.00236138510895
8.326,0.998618999999931,1.00235670040627
8.328,0.998596999999931,1.00235078548165
8.33,0.998574999999931,1.0023433804922
8.332,0.998553999999931,1.00233412935203
8.334,0.998532999999931,1.00232279770996
8.336,0.998511999999931,1.00230932784606
8.338,0.998490999999931,1.00229357619153
8.34,0.998469999999931,1.00227547411549
8.342,0.998449999999931,1.00225505258778
8.344,0.998429999999931,1.00223237170108
8.346,0.998409999999931,1.00220770738765
8.348,0.998389999999931,1.00218115714567
8.35,0.998369999999931,1.00215293682671
8.352,0.998350999999931,1.00212337446571
8.354,0.998331999999931,1.00209270142257
8.356,0.998312999999931,1.00206124545419
8.358,0.998293999999931,1.00202932135037
8.36,0.998274999999931,1.0019972525287
8.362,0.998256999999931,1.0019653488312
8.364,0.998238999999931,1.00193393138625
8.366,0.998220999999931,1.00190328477175
8.368,0.998202999999931,1.00187371276481
8.37,0.998184999999931,1.0018454533693
8.372,0.998167999999931,1.00181869539994
8.374,0.998150999999931,1.00179356719679
8.376,0.998133999999931,1.00177010855845
8.378,0.998116999999931,1.00174827782028
8.38,0.998099999999931,1.00172803565685
8.382,0.998083999999931,1.00170925199309
8.384,0.998067999999931,1.00169187940742
8.386,0.998051999999931,1.001675674874
8.388,0.998035999999931,1.0016604968333
8.39,0.998019999999931,1.00164608116416
8.392,0.998005999999931,1.00163217885763
8.394,0.997991999999931,1.00161849943788
8.396,0.997977999999931,1.00160474290834
8.398,0.997963999999931,1.00159063112963
8.4,0.997949999999931,1.00157582856644
8.402,0.997938999999931,1.00156009381078
8.404,0.997927999999931,1.001543181229
8.406,0.997916999999931,1.00152477522789
8.408,0.997905999999931,1.001504855319
8.41,0.997894999999931,1.00148320976341
8.412,0.997887999999931,1.00145991545607
8.414,0.997880999999931,1.00143495540745
8.416,0.997873999999931,1.00140843722031
8.418,0.997866999999931,1.00138052696406
8.42,0.997859999999931,1.00135143818615
8.422,0.997857999999931,1.00132138634081
8.424,0.997855999999931,1.0012907230661
8.426,0.997853999999931,1.00125973708136
8.428,0.997851999999931,1.00122881653375
8.43,0.997849999999931,1.00119834122153
8.432,0.997853999999932,1.00116870581532
8.434,0.997857999999931,1.00114033477438
8.436,0.997861999999931,1.001113534127
8.438,0.997865999999931,1.00108872317841
8.44,0.997869999999931,1.00106619108068
8.442,0.997878999999931,1.00104624051143
8.444,0.997887999999931,1.00102918547449
8.446,0.997896999999931,1.00101513980982
8.448,0.997905999999931,1.0010043737844
8.45,0.997914999999931,1.0009967993214
8.452,0.997927999999932,1.00099242526128
8.454,0.997940999999931,1.00099130528695
8.456,0.997953999999932,1.00099324281022
8.458,0.997966999999931,1.00099814894232
8.46,0.997979999999931,1.00100578257935
8.462,0.997995999999931,1.00101588673642
8.464,0.998011999999932,1.0010281240775
8.466,0.998027999999931,1.00104209207754
8.468,0.998043999999931,1.00105742128884
8.47,0.998059999999931,1.00107381198565
8.472,0.998077999999932,1.00109085386194
8.474,0.998095999999931,1.00110820143714
8.476,0.998113999999932,1.00112552168451
8.478,0.998131999999932,1.00114248915739
8.48,0.998149999999931,1.00115877587464
8.482,0.998168999999932,1.00117411811566
8.484,0.998187999999932,1.00118824273372
8.486,0.998206999999931,1.00120101429449
8.488,0.998225999999932,1.00121226953973
8.49,0.998244999999932,1.00122199286933
8.492,0.998263999999932,1.00123020530508
8.494,0.998282999999932,1.00123698322949
8.496,0.998301999999932,1.00124241579741
8.498,0.998320999999932,1.00124671483366
8.5,0.998339999999932,1.00125009865338
8.502,0.998357999999932,1.00125275260585
8.504,0.998375999999932,1.00125497259256
8.506,0.998393999999932,1.0012569438983
8.508,0.998411999999932,1.00125891416432
8.51,0.998429999999932,1.0012611148624
8.512,0.998446999999932,1.00126378594042
8.514,0.998463999999932,1.00126716076817
8.516,0.998480999999932,1.00127145949229
8.518,0.998497999999932,1.00127686558751
8.52,0.998514999999932,1.0012836113152
8.522,0.998530999999932,1.00129181074255
8.524,0.998546999999932,1.00130150446303
8.526,0.998562999999932,1.0013127220135
8.528,0.998578999999932,1.00132542063928
8.53,0.998594999999932,1.00133953877995
8.532,0.998609999999932,1.00135490063513
8.534,0.998624999999932,1.00137132518306
8.536,0.998639999999932,1.00138865533488
8.538,0.998654999999932,1.0014066489531
8.54,0.998669999999932,1.00142505419461
8.542,0.998683999999932,1.00144364106569
8.544,0.998697999999932,1.00146216107051
8.546,0.998711999999932,1.00148035059899
8.548,0.998725999999932,1.00149791179611
8.55,0.998739999999932,1.00151464110131
8.552,0.998752999999932,1.00153025683712
8.554,0.998765999999932,1.00154452371134
8.556,0.998778999999932,1.0015572946719
8.558,0.998791999999932,1.00156849115601
8.56,0.998804999999932,1.00157802240912
8.562,0.998816999999932,1.00158589945489
8.564,0.998828999999932,1.00159214738374
8.566,0.998840999999932,1.00159680632565
8.568,0.998852999999932,1.00159996221779
8.57,0.998864999999932,1.00160182506919
8.572,0.998875999999932,1.00160261339791
8.574,0.998886999999932,1.00160248103404
8.576,0.998897999999932,1.00160175541338
8.578,0.998908999999932,1.0016007770985
8.58,0.998919999999932,1.00159986842282
8.582,0.998929999999932,1.0015993859016
8.584,0.998939999999932,1.00159959830262
8.586,0.998949999999932,1.00160085420122
8.588,0.998959999999932,1.00160337861232
8.59,0.998969999999932,1.00160736091725
8.592,0.998978999999932,1.00161300997033
8.594,0.998987999999932,1.00162037767346
8.596,0.998996999999932,1.00162952798642
8.598,0.999005999999932,1.00164043871942
8.6,0.999014999999932,1.00165311845294
8.602,0.999022999999932,1.00166752249263
8.604,0.999030999999932,1.00168343772696
8.606,0.999038999999932,1.00170080323143
8.608,0.999046999999932,1.00171935026092
8.61,0.999054999999932,1.00173887093102
8.612,0.999061999999932,1.00175908858618
8.614,0.999068999999932,1.00177971808301
8.616,0.999075999999932,1.00180042397445
8.618,0.999082999999932,1.00182087313007
8.62,0.999089999999932,1.00184078154008
8.622,0.999095999999932,1.0018598440143
8.624,0.999101999999932,1.00187771264217
8.626,0.999107999999932,1.00189421665212
8.628,0.999113999999932,1.00190900361766
8.63,0.999119999999932,1.00192189946314
8.632,0.999123999999932,1.00193266368518
8.634,0.999127999999932,1.0019413810485
8.636,0.999131999999932,1.00194793158571
8.638,0.999135999999932,1.00195231315799
8.64,0.999139999999932,1.00195463052197
8.642,0.999140999999932,1.00195503772438
8.644,0.999141999999932,1.0019537228375
8.646,0.999142999999933,1.00195082982386
8.648,0.999143999999932,1.00194664514683
8.65,0.999144999999932,1.00194140388358
8.652,0.999141999999932,1.00193531753189
8.654,0.999138999999932,1.00192865988058
8.656,0.999135999999933,1.00192167009119
8.658,0.999132999999932,1.00191459309517
8.66,0.999129999999932,1.00190766637934
8.662,0.999121999999932,1.00190115480292
8.664,0.999113999999932,1.00189529235172
8.666,0.999105999999932,1.00189029067283
8.668,0.999097999999932,1.00188629295817
8.67,0.999089999999932,1.00188341121965
8.672,0.999077999999932,1.00188168706354
8.674,0.999065999999933,1.00188105722794
8.676,0.999053999999932,1.00188144391873
8.678,0.999041999999932,1.00188271615038
8.68,0.999029999999932,1.00188473896182
8.682,0.999014999999932,1.0018872318444
8.684,0.998999999999932,1.00189001017158
8.686,0.998984999999933,1.0018927807299
8.688,0.998969999999932,1.00189525118411
8.69,0.998954999999933,1.00189711687349
8.692,0.998937999999933,1.00189802616412
8.694,0.998920999999932,1.00189774199735
8.696,0.998903999999933,1.00189594383181
8.698,0.998886999999932,1.00189236016359
8.7,0.998869999999933,1.0018866314039
8.702,0.998851999999933,1.00187866801341
8.704,0.998833999999933,1.00186813309192
8.706,0.998815999999933,1.00185508314091
8.708,0.998797999999933,1.00183949623731
8.71,0.998779999999933,1.00182121320447
8.712,0.998761999999933,1.00180033619305
8.714,0.998743999999933,1.00177710859242
8.716,0.998725999999933,1.0017516800054
8.718,0.998707999999933,1.0017241451765
8.72,0.998689999999933,1.00169495820278
8.722,0.998671999999933,1.0016644076754
8.724,0.998653999999933,1.00163286217588
8.726,0.998635999999933,1.00160075280464
8.728,0.998617999999933,1.00156850891998
8.73,0.998599999999933,1.00153654462561
8.732,0.998581999999933,1.00150529430782
8.734,0.998563999999933,1.00147509816123
8.736,0.998545999999933,1.00144633999256
8.738,0.998527999999933,1.00141936993631
8.74,0.998509999999933,1.00139441844848
8.742,0.998491999999933,1.0013717731067
8.744,0.998473999999933,1.0013516156233
8.746,0.998455999999933,1.00133407570052
8.748,0.998437999999933,1.00131905657566
8.75,0.998419999999933,1.00130654749631
8.752,0.998401999999933,1.00129644219067
8.754,0.998383999999933,1.00128845135714
8.756,0.998365999999933,1.00128235827183
8.758,0.998347999999933,1.00127781109488
8.76,0.998329999999933,1.00127435693301
8.762,0.998311999999933,1.0012716466671
8.764,0.998293999999933,1.00126919245575
8.766,0.998275999999933,1.00126660202428
8.768,0.998257999999933,1.00126345941099
8.77,0.998239999999933,1.00125936775595
8.772,0.998221999999933,1.00125406292985
8.774,0.998203999999933,1.00124721263188
8.776,0.998185999999933,1.00123845626623
8.778,0.998167999999933,1.00122772365027
8.78,0.998149999999933,1.00121482357113
8.782,0.998131999999933,1.00119941604032
8.784,0.998113999999933,1.0011816562167
8.786,0.998095999999933,1.00116143813454
8.788,0.998077999999933,1.00113877150684
8.79,0.998059999999933,1.00111385922678
8.792,0.998041999999933,1.00108681357404
8.794,0.998023999999933,1.00105783165336
8.796,0.998005999999933,1.00102713884478
8.798,0.997987999999933,1.00099504262648
8.8,0.997969999999933,1.0009619035229
8.802,0.997951999999933,1.00092804705497
8.804,0.997933999999933,1.0008938127076
8.806,0.997915999999933,1.00085956145963
8.808,0.997897999999933,1.00082561834606
8.81,0.997879999999933,1.00079228201836
8.812,0.997861999999933,1.00075993357559
8.814,0.997843999999933,1.00072886717276
8.816,0.997825999999933,1.00069922371705
8.818,0.997807999999933,1.00067136365382
8.82,0.997789999999933,1.0006454288833
8.822,0.997771999999933,1.0006214475544
8.824,0.997753999999933,1.00059944557564
8.826,0.997735999999933,1.00057941854735
8.828,0.997717999999933,1.00056116726399
8.83,0.997699999999933,1.00054466305512
8.832,0.997681999999933,1.00052960840627
8.834,0.997663999999933,1.00051581106999
8.836,0.997645999999933,1.00050302681124
8.838,0.997627999999933,1.00049089055795
8.84,0.997609999999933,1.00047910528229
8.842,0.997591999999933,1.00046732431898
8.844,0.997573999999933,1.00045518886175
8.846,0.997555999999933,1.00044241142465
8.848,0.997537999999933,1.00042870271889
8.85,0.997519999999933,1.00041369777286
8.852,0.997501999999933,1.00039726586418
8.854,0.997483999999933,1.00037912550815
8.856,0.997465999999933,1.00035912626249
8.858,0.997447999999933,1.00033719633441
8.86,0.997429999999933,1.0003133395625
8.862,0.997411999999933,1.00028762381817
8.864,0.997393999999933,1.00026017833149
8.866,0.997375999999933,1.00023104162434
8.868,0.997357999999933,1.00020056982476
8.87,0.997339999999933,1.00016892797613
8.872,0.997322999999933,1.00013642803859
8.874,0.997305999999933,1.00010344579523
8.876,0.997288999999933,1.00007032553892
8.878,0.997271999999933,1.00003741487717
8.88,0.997254999999933,1.00000507404603
8.882,0.997239999999933,0.9999735738872
8.884,0.997224999999933,0.999943281297106
8.886,0.997209999999933,0.999914347557181
8.888,0.997194999999933,0.999887008064347
8.89,0.997179999999933,0.999861496536152
8.892,0.997167999999933,0.999837870289116
8.894,0.997155999999933,0.999816192593194
8.896,0.997143999999933,0.999796412040314
8.898,0.997131999999933,0.999778595097434
8.9,0.997119999999933,0.999762601433147
8.902,0.997111999999933,0.999748315061305
8.904,0.997103999999933,0.999735543643838
8.906,0.997095999999933,0.999724147125823
8.908,0.997087999999933,0.999713839686985
8.91,0.997079999999933,0.999704423361346
8.912,0.997074999999934,0.999695686515581
8.914,0.997069999999934,0.999687342779008
8.916,0.997064999999933,0.999679158493087
8.918,0.997059999999933,0.999670883912692
8.92,0.997054999999934,0.999662300891134
8.922,0.997051999999934,0.999653201351852
8.924,0.997048999999933,0.999643449252309
8.926,0.997045999999933,0.999632950800041
8.928,0.997042999999934,0.999621671993212
8.93,0.997039999999934,0.999609635350488
8.932,0.997037999999933,0.999596879679812
8.934,0.997035999999934,0.999583514549188
8.936,0.997033999999933,0.999569671351609
8.938,0.997031999999934,0.999555514679718
8.94,0.997029999999933,0.99954123152039
8.942,0.997027999999934,0.999527022403748
8.944,0.997025999999934,0.999513078960137
8.946,0.997023999999934,0.999499571827348
8.948,0.997021999999933,0.999486657256327
8.95,0.997019999999934,0.999474448268296
8.952,0.997017999999934,0.999463126372295
8.954,0.997015999999934,0.999452771150663
8.956,0.997013999999933,0.99944354769406
8.958,0.997011999999934,0.999435492169166
8.96,0.997009999999934,0.999428642932604
8.962,0.997007999999934,0.999423011581666
8.964,0.997005999999934,0.999418632936668
8.966,0.997003999999934,0.999415379666656
8.968,0.997001999999933,0.999413261551452
8.97,0.996999999999933,0.999412142549159
8.972,0.996997999999934,0.999411877192158
8.974,0.996995999999934,0.999412367080042
8.976,0.996993999999934,0.999413462232158
8.978,0.996991999999934,0.999414954301575
8.98,0.996989999999934,0.999416635804847
8.982,0.996987999999934,0.999418312156983
8.984,0.996985999999934,0.999419788774496
8.986,0.996983999999934,0.99942088040218
8.988,0.996981999999934,0.999421437916899
8.99,0.996979999999934,0.999421302863242
8.992,0.996977999999934,0.999420240045829
8.994,0.996975999999934,0.999418195661969
8.996,0.996973999999934,0.999414965113032
8.998,0.996971999999934,0.999410427887925
9,0.996969999999934,0.999404550963822
9.002,0.996967999999934,0.999397239534221
9.004,0.996965999999934,0.999388567574385
9.006,0.996963999999934,0.999378460591246
9.008,0.996961999999934,0.999367017179684
9.01,0.996959999999934,0.99935429367284
9.012,0.996957999999934,0.999340404579493
9.014,0.996955999999934,0.999325515962519
9.016,0.996953999999934,0.999309801561065
9.018,0.996951999999934,0.999293487864058
9.02,0.996949999999934,0.999276862534746
9.022,0.996947999999934,0.999260149031648
9.024,0.996945999999934,0.999243615812156
9.026,0.996943999999934,0.999227522297776
9.028,0.996941999999934,0.999212086584592
9.03,0.996939999999934,0.999197544658661
9.032,0.996937999999934,0.999184083418443
9.034,0.996935999999934,0.999172020761218
9.036,0.996933999999934,0.999161449598021
9.038,0.996931999999934,0.999152520834058
9.04,0.996929999999934,0.999145443298205
9.042,0.996927999999934,0.999140176084477
9.044,0.996925999999934,0.999136753995192
9.046,0.996923999999934,0.999135216887326
9.048,0.996921999999934,0.999135402472212
9.05,0.996919999999934,0.999137264791712
9.052,0.996917999999934,0.99914058413031
9.054,0.996915999999934,0.999145186616732
9.056,0.996913999999934,0.999150878742946
9.058,0.996911999999934,0.999157384479678
9.06,0.996909999999934,0.999164439980871
9.062,0.996907999999934,0.999171749214062
9.064,0.996905999999934,0.99917902164723
9.066,0.996903999999934,0.999185979563456
9.068,0.996901999999934,0.999192321644325
9.07,0.996899999999934,0.999197774236879
9.072,0.996897999999934,0.999202001028934
9.074,0.996895999999934,0.999204830497517
9.076,0.996893999999934,0.999206025455944
9.078,0.996891999999934,0.999205343700439
9.08,0.996889999999934,0.999202837063978
9.082,0.996887999999934,0.999198442466018
9.084,0.996885999999934,0.999192114139331
9.086,0.996883999999934,0.99918401148042
9.088,0.996881999999934,0.999174248856523
9.09,0.996879999999934,0.999162970587207
9.092,0.996877999999934,0.999150328443487
9.094,0.996875999999934,0.999136652633464
9.096,0.996873999999934,0.99912208182338
9.098,0.996871999999934,0.999107005824302
9.1,0.996869999999934,0.999091706188266
9.102,0.996867999999934,0.999076515003413
9.104,0.996865999999934,0.999061761558609
9.106,0.996863999999934,0.999047754133242
9.108,0.996861999999934,0.999034793495206
9.11,0.996859999999934,0.999023133385017
9.112,0.996857999999934,0.999013122220875
9.114,0.996855999999934,0.999004927905413
9.116,0.996853999999934,0.998998713175291
9.118,0.996851999999934,0.998994610011792
9.12,0.996849999999934,0.998992632323116
9.122,0.996846999999934,0.998992706682722
9.124,0.996843999999934,0.998994772015326
9.126,0.996840999999934,0.998998797571519
9.128,0.996837999999934,0.999004475221582
9.13,0.996834999999934,0.999011630815299
9.132,0.996829999999934,0.99901998790946
9.134,0.996824999999934,0.99902930034379
9.136,0.996819999999934,0.999039155812458
9.138,0.996814999999934,0.999049184597896
9.14,0.996809999999934,0.999059049061763
9.142,0.996801999999934,0.999068365751123
9.144,0.996793999999934,0.999076787171064
9.146,0.996785999999934,0.999084006955212
9.148,0.996777999999934,0.999089763673444
9.15,0.996769999999934,0.999093636719809
9.152,0.996759999999934,0.999095530081618
9.154,0.996749999999934,0.999095069078635
9.156,0.996739999999934,0.999092194499523
9.158,0.996729999999934,0.999086697216465
9.16,0.996719999999934,0.999078682027212
9.162,0.996708999999934,0.999068128262643
9.164,0.996697999999934,0.999055154580655
9.166,0.996686999999934,0.999039807788511
9.168,0.996675999999934,0.999022484027015
9.17,0.996664999999934,0.99900329328517
9.172,0.996653999999934,0.998982605923531
9.174,0.996642999999934,0.99896073236024
9.176,0.996631999999934,0.998938086730046
9.178,0.996620999999934,0.998915003267765
9.18,0.996609999999934,0.99889184418151
9.182,0.996599999999934,0.998868950795962
9.184,0.996589999999934,0.9988466268597
9.186,0.996579999999934,0.998825199254031
9.188,0.996569999999934,0.998804936041891
9.19,0.996559999999934,0.99878610684906
9.192,0.996550999999934,0.998769043915544
9.194,0.996541999999934,0.998753801693619
9.196,0.996532999999934,0.998740629793626
9.198,0.996523999999934,0.998729611378251
9.2,0.996514999999934,0.998720627297634
9.202,0.996506999999934,0.998713752231042
9.204,0.996498999999934,0.998708788051568
9.206,0.996490999999934,0.998705582918825
9.208,0.996482999999934,0.998703906743841
9.21,0.996474999999934,0.998703571243798
9.212,0.996467999999934,0.998704250329231
9.214,0.996460999999934,0.998705677235109
9.216,0.996453999999934,0.998707516493427
9.218,0.996446999999934,0.998709460113548
9.22,0.996439999999934,0.998711207740028
9.222,0.996433999999934,0.998712480560852
9.224,0.996427999999934,0.99871302906698
9.226,0.996421999999934,0.998712553294917
9.228,0.996415999999934,0.99871082749477
9.23,0.996409999999934,0.998707737381093
9.232,0.996404999999934,0.998703125717093
9.234,0.996399999999934,0.998696928221235
9.236,0.996394999999934,0.998689163436824
9.238,0.996389999999934,0.998679872936592
9.24,0.996384999999934,0.998669168771738
9.242,0.996380999999934,0.998657180567974
9.244,0.996376999999934,0.998644084264365
9.246,0.996372999999934,0.998630096432796
9.248,0.996368999999934,0.998615432121697
9.25,0.996364999999934,0.998600370176991
9.252,0.996361999999934,0.998585185860338
9.254,0.996358999999934,0.998570177023662
9.256,0.996355999999934,0.998555624442241
9.258,0.996352999999934,0.998541791748176
9.26,0.996349999999934,0.998529000327135
9.262,0.996347999999935,0.998517502889235
9.264,0.996345999999934,0.998507474864983
9.266,0.996343999999935,0.998499104498454
9.268,0.996341999999934,0.998492508345576
9.27,0.996339999999935,0.998487707902607
9.272,0.996338999999935,0.998484713712803
9.274,0.996337999999934,0.998483460181285
9.276,0.996336999999935,0.998483951075195
9.278,0.996335999999934,0.998485932040808
9.28,0.996334999999935,0.998489280471133
9.282,0.996334999999935,0.998493789237199
9.284,0.996334999999935,0.998499241704657
9.286,0.996334999999935,0.998505377163095
9.288,0.996334999999935,0.998511908754745
9.29,0.996334999999935,0.998518553775546
9.292,0.996335999999935,0.998525024416692
9.294,0.996336999999935,0.998531041600041
9.296,0.996337999999934,0.998536377186002
9.298,0.996338999999935,0.998540726923459
9.3,0.996339999999935,0.998543881465153
9.302,0.996341999999935,0.998545652742192
9.304,0.996343999999935,0.998545884327121
9.306,0.996345999999934,0.998544413623091
9.308,0.996347999999935,0.998541294014516
9.31,0.996349999999935,0.9985365064242
9.312,0.996352999999935,0.99853015987064
9.314,0.996355999999935,0.998522254864391
9.316,0.996358999999934,0.998513116012029
9.318,0.996361999999935,0.99850285744565
9.32,0.996364999999935,0.998491714204721
9.322,0.996368999999935,0.998479959444969
9.324,0.996372999999935,0.998467873551887
9.326,0.996376999999935,0.998455746816821
9.328,0.996380999999935,0.998443876691439
9.33,0.996384999999935,0.998432535558568
9.332,0.996389999999935,0.998421997798717
9.334,0.996394999999935,0.998412563886231
9.336,0.996399999999935,0.998404539879134
9.338,0.996404999999935,0.998398080458659
9.34,0.996409999999935,0.998393403670971
9.342,0.996415999999935,0.99839079611255
9.344,0.996421999999935,0.998390222806934
9.346,0.996427999999935,0.998391816376317
9.348,0.996433999999935,0.998395520852288
9.35,0.996439999999935,0.998401234727887
9.352,0.996446999999935,0.9984088419282
9.354,0.996453999999934,0.998418180830003
9.356,0.996460999999935,0.998429056677232
9.358,0.996467999999935,0.998441260056321
9.36,0.996474999999934,0.998454542681166
9.362,0.996482999999935,0.998468530981701
9.364,0.996490999999935,0.998483025220467
9.366,0.996498999999935,0.998497691109506
9.368,0.996506999999935,0.998512243365825
9.37,0.996514999999935,0.998526414537255
9.372,0.996523999999935,0.998539940095697
9.374,0.996532999999935,0.998552505783725
9.376,0.996541999999935,0.99856396620451
9.378,0.996550999999935,0.998574071037082
9.38,0.996559999999935,0.998582641283392
9.382,0.996569999999935,0.998589610014167
9.384,0.996579999999935,0.998594899929687
9.386,0.996589999999935,0.998598549072316
9.388,0.996599999999935,0.998600614499137
9.39,0.996609999999935,0.998601203253767
9.392,0.996621999999935,0.998600469573487
9.394,0.996633999999935,0.99859858559915
9.396,0.996645999999935,0.99859586764367
9.398,0.996657999999935,0.99859252831682
9.4,0.996669999999935,0.998588934296135
9.402,0.996682999999935,0.998585409963752
9.404,0.996695999999935,0.998582301953251
9.406,0.996708999999935,0.998579936435617
9.408,0.996721999999935,0.99857860837931
9.41,0.996734999999935,0.998578597584189
9.412,0.996747999999935,0.998580123962385
9.414,0.996760999999935,0.998583519144174
9.416,0.996773999999935,0.998588963426412
9.418,0.996786999999935,0.998596553969988
9.42,0.996799999999935,0.998606423627375
9.422,0.996811999999935,0.998618602298899
9.424,0.996823999999935,0.998633039057554
9.426,0.996835999999935,0.998649689884154
9.428,0.996847999999935,0.998668377187579
9.43,0.996859999999935,0.998688923739405
9.432,0.996870999999935,0.998711183468829
9.434,0.996881999999935,0.998734816149665
9.436,0.996892999999935,0.998759533612332
9.438,0.996903999999935,0.998784963175909
9.44,0.996914999999935,0.998810724256595
9.442,0.996924999999935,0.998836438785707
9.444,0.996934999999935,0.998861732933576
9.446,0.996944999999935,0.99888623873179
9.448,0.996954999999935,0.998909635549524
9.45,0.996964999999935,0.998931645065216
9.452,0.996973999999935,0.998951853960702
9.454,0.996982999999935,0.998970098096717
9.456,0.996991999999935,0.998986101321948
9.458,0.997000999999935,0.99899978835532
9.46,0.997009999999935,0.999011015126044
9.462,0.997017999999935,0.999019831373136
9.464,0.997025999999935,0.999026345556564
9.466,0.997033999999935,0.999030572944709
9.468,0.997041999999935,0.99903282052293
9.47,0.997049999999935,0.999033277654944
9.472,0.997056999999935,0.999032083523925
9.474,0.997063999999935,0.999029611350205
9.476,0.997070999999935,0.999026198113523
9.478,0.997077999999935,0.999022176701578
9.48,0.997084999999935,0.999017910475761
9.482,0.997090999999935,0.99901375365401
9.484,0.997096999999935,0.999010042554124
9.486,0.997102999999935,0.999007112730534
9.488,0.997108999999935,0.999005272666096
9.49,0.997114999999935,0.999004844673109
9.492,0.997119999999935,0.999006050748551
9.494,0.997124999999935,0.999009098478384
9.496,0.997129999999935,0.999014195536886
9.498,0.997134999999935,0.999021317064011
9.5,0.997139999999935,0.99903044553759
9.502,0.997143999999935,0.999041636568376
9.504,0.997147999999935,0.999054688654595
9.506,0.997151999999935,0.999069406472269
9.508,0.997155999999935,0.999085609032111
9.51,0.997159999999935,0.999103029069184
9.512,0.997162999999935,0.999121392171934
9.514,0.997165999999935,0.999140322931452
9.516,0.997168999999935,0.99915948795222
9.518,0.997171999999935,0.999178539767038
9.52,0.997174999999935,0.99919710185586
9.522,0.997176999999935,0.999214888341078
9.524,0.997178999999935,0.999231606615297
9.526,0.997180999999935,0.999246852511006
9.528,0.997182999999935,0.999260509881705
9.53,0.997184999999935,0.999272192178072
9.532,0.997185999999935,0.999281858743472
9.534,0.997186999999935,0.999289264935168
9.536,0.997187999999935,0.999294460338413
9.538,0.997188999999935,0.999297458954336
9.54,0.997189999999935,0.999298363309856
9.542,0.997189999999935,0.999297279051644
9.544,0.997189999999935,0.999294359970054
9.546,0.997189999999935,0.99928997148552
9.548,0.997189999999935,0.999284295013973
9.55,0.997189999999935,0.999277655208757
9.552,0.997188999999935,0.999270423132027
9.554,0.997187999999935,0.999262917481107
9.556,0.997186999999935,0.999255466148673
9.558,0.997185999999935,0.999248368275921
9.56,0.997184999999935,0.999241891813724
9.562,0.997182999999935,0.999236364340159
9.564,0.997180999999935,0.999231942408114
9.566,0.997178999999935,0.999228909874486
9.568,0.997176999999935,0.999227440744416
9.57,0.997174999999935,0.999227576720023
9.572,0.997171999999935,0.99922936593767
9.574,0.997168999999935,0.999232898655906
9.576,0.997165999999935,0.999237979065011
9.578,0.997162999999935,0.999244531915982
9.58,0.997159999999935,0.99925238903807
9.582,0.997155999999935,0.999261366449794
9.584,0.997151999999935,0.999271208088766
9.586,0.997147999999935,0.999281631423869
9.588,0.997143999999935,0.999292330342984
9.59,0.997139999999935,0.999302989424009
9.592,0.997134999999935,0.999313292177235
9.594,0.997129999999935,0.999322915706197
9.596,0.997124999999935,0.999331578428625
9.598,0.997119999999935,0.999339027298049
9.6,0.997114999999935,0.999344898244464
9.602,0.997108999999935,0.99934912155463
9.604,0.997102999999935,0.999351412921617
9.606,0.997096999999935,0.999351657241323
9.608,0.997090999999935,0.999349919633394
9.61,0.997084999999935,0.999346141987137
9.612,0.997077999999935,0.99934029043399
9.614,0.997070999999935,0.999332618973396
9.616,0.997063999999935,0.999323205288081
9.618,0.997056999999935,0.999312239754105
9.62,0.997049999999935,0.999299872880136
9.622,0.997041999999935,0.9992863509541
9.624,0.997033999999935,0.99927198773195
9.626,0.997025999999935,0.999257024420807
9.628,0.997017999999935,0.999241791291186
9.63,0.997009999999935,0.999226588814706
9.632,0.997000999999935,0.999211729306311
9.634,0.996991999999935,0.999197472722184
9.636,0.996982999999935,0.999184138730927
9.638,0.996973999999935,0.999171977057705
9.64,0.996964999999935,0.999161143735456
9.642,0.996954999999935,0.999151857111888
9.644,0.996944999999935,0.999144138732652
9.646,0.996934999999935,0.999138061625528
9.648,0.996924999999935,0.999133556592894
9.65,0.996914999999935,0.999130582111775
9.652,0.996903999999935,0.999128985088058
9.654,0.996892999999935,0.999128620087134
9.656,0.996881999999935,0.99912929300863
9.658,0.996870999999935,0.999130746482097
9.66,0.996859999999935,0.999132753871242
9.662,0.996847999999935,0.999134999190985
9.664,0.996835999999935,0.999137216045151
9.666,0.996823999999935,0.999139100628301
9.668,0.996811999999935,0.999140348829088
9.67,0.996799999999935,0.999140693572365
9.672,0.996787999999935,0.999139893208001
9.674,0.996775999999935,0.999137567007563
9.676,0.996763999999935,0.999133628071309
9.678,0.996751999999935,0.999127753722537
9.68,0.996739999999935,0.999119888807627
9.682,0.996727999999935,0.99910994659186
9.684,0.996715999999935,0.999097843874817
9.686,0.996703999999935,0.999083665054263
9.688,0.996691999999935,0.999067518561486
9.69,0.996679999999935,0.999049568827174
9.692,0.996667999999935,0.999029947062403
9.694,0.996655999999935,0.999009051267537
9.696,0.996643999999935,0.998987072382366
9.698,0.996631999999935,0.998964278817971
9.7,0.996619999999935,0.998941062205189
9.702,0.996607999999935,0.99891770503728
9.704,0.996595999999935,0.998894543423152
9.706,0.996583999999935,0.998871876631124
9.708,0.996571999999935,0.998849984709975
9.71,0.996559999999935,0.998829112499405
9.712,0.996547999999935,0.998809600010051
9.714,0.996535999999935,0.998791655078817
9.716,0.996523999999935,0.998775507494109
9.718,0.996511999999935,0.998761286038613
9.72,0.996499999999935,0.998749096327331
9.722,0.996487999999935,0.99873902880243
9.724,0.996475999999935,0.998730930036219
9.726,0.996463999999935,0.998724745119229
9.728,0.996451999999935,0.998720413281946
9.73,0.996439999999935,0.998717606545523
9.732,0.996427999999935,0.998716138369271
9.734,0.996415999999935,0.998715796046795
9.736,0.996403999999935,0.998716217062494
9.738,0.996391999999935,0.99871706672999
9.74,0.996379999999935,0.998718011338965
9.742,0.996367999999935,0.998718712625505
9.744,0.996355999999935,0.998718850824033
9.746,0.996343999999935,0.998718131240579
9.748,0.996331999999935,0.998716299481438
9.75,0.996319999999935,0.998712989683867
9.752,0.996307999999935,0.998708104482597
9.754,0.996295999999935,0.998701304985733
9.756,0.996283999999935,0.998692568936895
9.758,0.996271999999935,0.998681794839983
9.76,0.996259999999935,0.998668877951581
9.762,0.996247999999935,0.998654008953541
9.764,0.996235999999935,0.998637222058261
9.766,0.996223999999935,0.998618588125709
9.768,0.996211999999935,0.998598310147985
9.77,0.996199999999935,0.998576706359454
9.772,0.996187999999935,0.998553905758662
9.774,0.996175999999935,0.99853028915523
9.776,0.996163999999935,0.998506207006638
9.778,0.996151999999935,0.998481978486948
9.78,0.996139999999935,0.998457975603098
9.782,0.996127999999935,0.998434503447679
9.784,0.996115999999935,0.998411877733907
9.786,0.996103999999935,0.998390368710296
9.788,0.996091999999935,0.998370281505595
9.79,0.996079999999935,0.998351829014194
9.792,0.996067999999935,0.998335161884835
9.794,0.996055999999935,0.998320427289973
9.796,0.996043999999935,0.998307645708722
9.798,0.996031999999935,0.998296766374966
9.8,0.996019999999935,0.998287724980088
9.802,0.996007999999935,0.998280410277612
9.804,0.995995999999935,0.99827476193991
9.806,0.995983999999935,0.998270413298037
9.808,0.995971999999935,0.998267190640108
9.81,0.995959999999935,0.998264877490094
9.812,0.995947999999935,0.998263070302524
9.814,0.995935999999935,0.998261489480205
9.816,0.995923999999935,0.998259791720634
9.818,0.995911999999935,0.998257654314681
9.82,0.995899999999935,0.998254772612657
9.822,0.995887999999935,0.998250876082113
9.824,0.995875999999935,0.998245590218379
9.826,0.995863999999935,0.998238776310452
9.828,0.995851999999935,0.998230190264605
9.83,0.995839999999935,0.998219637626642
9.832,0.995827999999935,0.998207160927594
9.834,0.995815999999935,0.998192654481626
9.836,0.995803999999935,0.998176268991202
9.838,0.995791999999935,0.998158100560162
9.84,0.995779999999935,0.998138347191382
9.842,0.995767999999935,0.998117112330605
9.844,0.995755999999935,0.998094751614739
9.846,0.995743999999935,0.998071463213648
9.848,0.995731999999935,0.998047557007554
9.85,0.995719999999935,0.998023357951425
9.852,0.995707999999935,0.997999151673199
9.854,0.995695999999935,0.997975255051237
9.856,0.995683999999935,0.997951957161553
9.858,0.995671999999935,0.997929521121823
9.86,0.995659999999935,0.997908313918742
9.862,0.995647999999935,0.997888474804206
9.864,0.995635999999935,0.997870258364059
9.866,0.995623999999935,0.997853885767087
9.868,0.995611999999935,0.997839376514087
9.87,0.995599999999935,0.997826803095604
9.872,0.995587999999936,0.997816182798763
9.874,0.995575999999935,0.997807320205164
9.876,0.995563999999936,0.997800133557732
9.878,0.995551999999935,0.997794473498677
9.88,0.995539999999935,0.997790097274604
9.882,0.995527999999936,0.997786768215951
9.884,0.995515999999935,0.997784168687627
9.886,0.995503999999935,0.997782034622333
9.888,0.995491999999935,0.997780029104918
9.89,0.995479999999935,0.997777838067066
9.892,0.995467999999936,0.997775188040058
9.894,0.995455999999936,0.997771796301924
9.896,0.995443999999935,0.997767321661002
9.898,0.995431999999935,0.997761654419942
9.9,0.995419999999935,0.997754522990292
9.902,0.995407999999935,0.997745668726196
9.904,0.995395999999936,0.997735105919981
9.906,0.995383999999935,0.997722649253068
9.908,0.995371999999935,0.997708347863387
9.91,0.995359999999935,0.997692176265802
9.912,0.995347999999936,0.997674293788709
9.914,0.995335999999935,0.997654797046021
9.916,0.995323999999935,0.997633857096957
9.918,0.995311999999935,0.997611705267303
9.92,0.995299999999935,0.997588568830687
9.922,0.995287999999936,0.997564779969785
9.924,0.995275999999935,0.997540635932603
9.926,0.995263999999936,0.997516476346344
9.928,0.995251999999936,0.997492613852146
9.93,0.995239999999936,0.997469335310546
9.932,0.995227999999936,0.997446914673636
9.934,0.995215999999935,0.997425691048307
9.936,0.995203999999936,0.997405758357498
9.938,0.995191999999936,0.997387425411123
9.94,0.995179999999936,0.997370854355895
9.942,0.995167999999936,0.997356105408555
9.944,0.995155999999936,0.997343256971683
9.946,0.995143999999936,0.997332304819304
9.948,0.995131999999936,0.997323126699069
9.95,0.995119999999936,0.997315652397675
9.952,0.995107999999936,0.997309712845139
9.954,0.995095999999936,0.997305173365145
9.956,0.995083999999936,0.997301789513086
9.958,0.995071999999936,0.997299299974104
9.96,0.995059999999936,0.997297378860159
9.962,0.995047999999936,0.99729575347241
9.964,0.995035999999936,0.997294087550187
9.966,0.995023999999936,0.997292079078419
9.968,0.995011999999936,0.99728942961246
9.97,0.994999999999936,0.997285853227379
9.972,0.994987999999936,0.997281019347739
9.974,0.994975999999935,0.997274699776123
9.976,0.994963999999936,0.997266750603821
9.978,0.994951999999936,0.997256920141045
9.98,0.994939999999936,0.997245199967693
9.982,0.994927999999936,0.997231547203465
9.984,0.994915999999936,0.997216020150297
9.986,0.994903999999936,0.997198746776286
9.988,0.994891999999936,0.997179853679532
9.99,0.994879999999936,0.997159505934586
9.992,0.994867999999936,0.997137950844618
9.994,0.994855999999936,0.99711536726499
9.996,0.994843999999936,0.997092037510511
9.998,0.994831999999936,0.99706827146705
10,0.994819999999936,0.997044352666104
10.002,0.994807999999936,0.997020605507099
10.004,0.994795999999936,0.996997320096044
10.006,0.994783999999936,0.996974798844529
10.008,0.994771999999936,0.996953363147182
10.01,0.994759999999936,0.996933232335337
10.012,0.994747999999936,0.996914700381482
10.014,0.994735999999936,0.996897998730337
10.016,0.994723999999936,0.996883147557327
10.018,0.994711999999936,0.996870264460165
10.02,0.994699999999936,0.996859391517041
10.022,0.994687999999936,0.996850358456153
10.024,0.994675999999936,0.996843092583448
10.026,0.994663999999936,0.996837469407119
10.028,0.994651999999936,0.996833188918385
10.03,0.994639999999936,0.996830115636607
10.032,0.994627999999936,0.996827946259442
10.034,0.994615999999936,0.996826350934009
10.036,0.994603999999936,0.996825020969626
10.038,0.994591999999936,0.996823634299713
10.04,0.994579999999936,0.99682186447339
10.042,0.994567999999936,0.99681942472665
10.044,0.994555999999936,0.99681606431022
10.046,0.994543999999936,0.99681144923467
10.048,0.994531999999936,0.996805333055845
10.05,0.994519999999936,0.996797566532681
10.052,0.994507999999936,0.996787929315239
10.054,0.994495999999936,0.996776398898894
10.056,0.994483999999936,0.996762950955844
10.058,0.994471999999936,0.996747421554401
10.06,0.994459999999936,0.996730047943311
10.062,0.994447999999936,0.99671090179338
10.064,0.994435999999936,0.99669018587675
10.066,0.994423999999936,0.996668030864921
10.068,0.994411999999936,0.996644793220241
10.07,0.994399999999936,0.996620722220109
10.072,0.994387999999936,0.99659617523291
10.074,0.994375999999936,0.996571472904359
10.076,0.994363999999936,0.996546950246311
10.078,0.994351999999936,0.996522898062217
10.08,0.994339999999936,0.996499599059436
10.082,0.994327999999936,0.996477291738067
10.084,0.994315999999936,0.996456296179386
10.086,0.994303999999936,0.996436775293304
10.088,0.994291999999936,0.996418942749213
10.09,0.994279999999936,0.996402957146948
10.092,0.994267999999936,0.99638880219732
10.094,0.994255999999936,0.996376617460589
10.096,0.994243999999936,0.996366257434512
10.098,0.994231999999936,0.99635768831555
10.1,0.994219999999936,0.99635079986964
10.102,0.994207999999936,0.996345456767165
10.104,0.994195999999936,0.996341284711686
10.106,0.994183999999936,0.996338209444658
10.108,0.994171999999936,0.996335863698276
10.11,0.994159999999936,0.996333974630894
10.112,0.994147999999936,0.9963322108598
10.114,0.994135999999936,0.996330257274119
10.116,0.994123999999936,0.996327808044377
10.118,0.994111999999936,0.996324571857476
10.12,0.994099999999936,0.996320280579788
10.122,0.994087999999936,0.996314603262314
10.124,0.994075999999936,0.996307459778044
10.126,0.994063999999936,0.996298528895635
10.128,0.994051999999936,0.99628770675554
10.13,0.994039999999936,0.996275071030477
10.132,0.994027999999936,0.996260513485818
10.134,0.994015999999936,0.996244194276155
10.136,0.994003999999936,0.99622619427789
10.138,0.993991999999936,0.99620663549368
10.14,0.993979999999936,0.99618569332405
10.142,0.993967999999936,0.996163662203335
10.144,0.993955999999936,0.996140687605994
10.146,0.993943999999936,0.996117083597812
10.148,0.993931999999936,0.996093154014102
10.15,0.993919999999936,0.99606922060982
10.152,0.993907999999936,0.996045591773506
10.154,0.993895999999936,0.996022572884964
10.156,0.993883999999936,0.996000477150928
10.158,0.993871999999936,0.995979646283566
10.16,0.993859999999936,0.99596020363433
10.162,0.993847999999936,0.995942488098245
10.164,0.993835999999936,0.995926656464837
10.166,0.993823999999936,0.995912687098881
10.168,0.993811999999936,0.995900692016948
10.17,0.993799999999936,0.995890653407094
10.172,0.993787999999936,0.995882362766961
10.174,0.993775999999936,0.995875698199057
10.176,0.993763999999936,0.995870559276515
10.178,0.993751999999936,0.995866722662042
10.18,0.993739999999936,0.995863848470767
10.182,0.993727999999936,0.995861747852276
10.184,0.993715999999936,0.995860043683138
10.186,0.993703999999936,0.99585845720075
10.188,0.993691999999936,0.995856657964844
10.19,0.993679999999936,0.995854334798116
10.192,0.993667999999936,0.995851217978819
10.194,0.993655999999936,0.995846963006626
10.196,0.993643999999936,0.99584134781405
10.198,0.993631999999936,0.995834196304828
10.2,0.993619999999936,0.995825212912531
10.202,0.993607999999936,0.995814345285998
10.204,0.993595999999936,0.995801515098771
10.206,0.993583999999936,0.99578676709821
10.208,0.993571999999936,0.995770018548437
10.21,0.993559999999936,0.995751557265519
10.212,0.993547999999936,0.99573152516506
10.214,0.993535999999936,0.995710039533611
10.216,0.993523999999936,0.99568749031532
10.218,0.993511999999936,0.995664071078109
10.22,0.993499999999936,0.99564013615741
10.222,0.993487999999936,0.995616006679718
10.224,0.993475999999936,0.995591993800549
10.226,0.993463999999936,0.995568386640534
10.228,0.993451999999936,0.995545482643777
10.23,0.993439999999936,0.995523526183831
10.232,0.993428999999936,0.995502831876881
10.234,0.993417999999936,0.995483498755121
10.236,0.993406999999936,0.995465857729195
10.238,0.993395999999936,0.995450053197768
10.24,0.993384999999936,0.995436087621837
10.242,0.993374999999936,0.995424113907061
10.244,0.993364999999936,0.995414124239466
10.246,0.993354999999936,0.995405947712274
10.248,0.993344999999936,0.995399515687456
10.25,0.993334999999936,0.995394666269512
10.252,0.993325999999936,0.995391220159402
10.254,0.993316999999936,0.995388919497117
10.256,0.993307999999936,0.995387466588211
10.258,0.993298999999936,0.995386603560578
10.26,0.993289999999936,0.995386034600494
10.262,0.993281999999936,0.995385461777736
10.264,0.993273999999936,0.995384608703791
10.266,0.993265999999936,0.995383205174867
10.268,0.993257999999936,0.995381009978642
10.27,0.993249999999936,0.995377702915087
10.272,0.993242999999936,0.995373201887326
10.274,0.993235999999936,0.995367250622445
10.276,0.993228999999936,0.995359753189737
10.278,0.993221999999936,0.99535075475861
10.28,0.993214999999936,0.995340212757545
10.282,0.993208999999936,0.995328104985317
10.284,0.993202999999936,0.995314641625397
10.286,0.993196999999935,0.995299914427764
10.288,0.993190999999936,0.995284103239111
10.29,0.993184999999936,0.995267352697333
10.292,0.993179999999936,0.995249942856136
10.294,0.993174999999936,0.995232124264767
10.296,0.993169999999935,0.99521416761869
10.298,0.993164999999936,0.995196367128516
10.3,0.993159999999936,0.995179032077955
10.302,0.993155999999936,0.995162454951057
10.304,0.993151999999935,0.995146930096668
10.306,0.993147999999936,0.995132707593508
10.308,0.993143999999936,0.995120048947841
10.31,0.993139999999936,0.995109153532475
10.312,0.993136999999936,0.995100115954435
10.314,0.993133999999935,0.995093021497304
10.316,0.993130999999935,0.995087830514124
10.318,0.993127999999936,0.995084540419583
10.32,0.993124999999935,0.995083105791289
10.322,0.993122999999936,0.995083310123615
10.324,0.993120999999935,0.995085014344681
10.326,0.993118999999935,0.995088057207817
10.328,0.993116999999935,0.995092194290556
10.33,0.993114999999935,0.995097162802668
10.332,0.993113999999936,0.995102672375024
10.334,0.993112999999936,0.9951084315986
10.336,0.993111999999935,0.995114136454702
10.338,0.993110999999935,0.995119504079772
10.34,0.993109999999935,0.995124274031036
10.342,0.993109999999935,0.995128123509145
10.344,0.993109999999935,0.995130804389882
10.346,0.993109999999935,0.995132132046478
10.348,0.993109999999935,0.995131858192078
10.35,0.993109999999935,0.995129916147486
10.352,0.993110999999935,0.995126293108351
10.354,0.993111999999935,0.995120863175216
10.356,0.993112999999935,0.995113762028246
10.358,0.993113999999935,0.995105131008121
10.36,0.993114999999935,0.995095158103441
10.362,0.993116999999935,0.995083978718885
10.364,0.993118999999935,0.995071902457422
10.366,0.993120999999935,0.99505917694453
10.368,0.993122999999935,0.995046110370773
10.37,0.993124999999935,0.995033011602394
10.372,0.993127999999936,0.995020186945627
10.374,0.993130999999935,0.995007913597115
10.376,0.993133999999935,0.99499647043631
10.378,0.993136999999935,0.994986111290645
10.38,0.993139999999935,0.994977187743648
10.382,0.993143999999935,0.994969810944427
10.384,0.993147999999935,0.994964309227902
10.386,0.993151999999935,0.994960794855068
10.388,0.993155999999935,0.994959401626621
10.39,0.993159999999935,0.994960112062537
10.392,0.993164999999935,0.994963023404521
10.394,0.993169999999935,0.994967950045864
10.396,0.993174999999935,0.994974812001608
10.398,0.993179999999935,0.994983414152444
10.4,0.993184999999935,0.994993635941176
10.402,0.993190999999935,0.995005192192915
10.404,0.993196999999935,0.995017780726245
10.406,0.993202999999935,0.995031115387909
10.408,0.993208999999935,0.995044892890302
10.41,0.993214999999935,0.995058795782922
10.412,0.993221999999935,0.995072527993012
10.414,0.993228999999935,0.995085813110394
10.416,0.993235999999935,0.995098388538055
10.418,0.993242999999935,0.995109974507052
10.42,0.993249999999935,0.995120322979546
10.422,0.993257999999935,0.995129299771548
10.424,0.993265999999935,0.995136725223593
10.426,0.993273999999935,0.995142533443633
10.428,0.993281999999935,0.995146733227344
10.43,0.993289999999935,0.995149231465864
10.432,0.993298999999935,0.995150157364779
10.434,0.993307999999935,0.995149618486904
10.436,0.993316999999935,0.995147780787647
10.438,0.993325999999935,0.995144789247728
10.44,0.993334999999935,0.995140890534953
10.442,0.993344999999935,0.995136379480122
10.444,0.993354999999935,0.995131555582286
10.446,0.993364999999935,0.995126753124751
10.448,0.993374999999935,0.995122307967807
10.45,0.993384999999935,0.995118527444533
10.452,0.993395999999935,0.995115711396449
10.454,0.993406999999935,0.995114116554267
10.456,0.993417999999935,0.995114066055141
10.458,0.993428999999935,0.995115793242938
10.46,0.993439999999935,0.995119472061656
10.462,0.993451999999935,0.995125198757079
10.464,0.993463999999935,0.995133060391621
10.466,0.993475999999935,0.995143055295573
10.468,0.993487999999935,0.99515518455419
10.47,0.993499999999935,0.995169322226097
10.472,0.993512999999935,0.995185283644565
10.474,0.993525999999935,0.995202999256362
10.476,0.993538999999935,0.995222198415476
10.478,0.993551999999935,0.995242661516436
10.48,0.993564999999935,0.995264089660013
10.482,0.993578999999935,0.995286127908432
10.484,0.993592999999935,0.995308489587011
10.486,0.993606999999935,0.99533082041308
10.488,0.993620999999935,0.995352808689372
10.49,0.993634999999935,0.995374162728361
10.492,0.993649999999935,0.995394538803831
10.494,0.993664999999935,0.995413639552517
10.496,0.993679999999935,0.995431298764033
10.498,0.993694999999935,0.995447291148067
10.5,0.993709999999935,0.99546165622214
10.502,0.993725999999935,0.995474177342996
10.504,0.993741999999935,0.995485021441371
10.506,0.993757999999935,0.995494240703652
10.508,0.993773999999935,0.995501994004641
10.51,0.993789999999935,0.99550839782419
10.512,0.993807999999935,0.995513768925065
10.514,0.993825999999935,0.995518252963265
10.516,0.993843999999935,0.995522158291967
10.518,0.993861999999935,0.99552579885388
10.52,0.993879999999935,0.99552947581922
10.522,0.993898999999935,0.995533517994682
10.524,0.993917999999935,0.995538225271845
10.526,0.993936999999935,0.995543908497461
10.528,0.993955999999935,0.995550940119556
10.53,0.993974999999935,0.995559514528376
10.532,0.993993999999935,0.995569890656985
10.534,0.994012999999935,0.995582411449726
10.536,0.994031999999935,0.995597057013774
10.538,0.994050999999935,0.995613981372407
10.54,0.994069999999934,0.995633273016966
10.542,0.994087999999935,0.995654722203802
10.544,0.994105999999934,0.995678247364633
10.546,0.994123999999935,0.995703809888714
10.548,0.994141999999934,0.995731054739886
10.55,0.994159999999934,0.995759874618576
10.552,0.994176999999934,0.99578986997942
10.554,0.994193999999934,0.995820789895374
10.556,0.994210999999934,0.995852215318283
10.558,0.994227999999934,0.995883818819157
10.56,0.994244999999934,0.995915238628065
10.562,0.994260999999934,0.995946119936132
10.564,0.994276999999934,0.99597615593875
10.566,0.994292999999934,0.99600504921408
10.568,0.994308999999934,0.996032533161961
10.57,0.994324999999934,0.99605822506742
10.572,0.994339999999934,0.996082009157793
10.574,0.994354999999934,0.996103715529019
10.576,0.994369999999934,0.996123014572913
10.578,0.994384999999934,0.996140004008259
10.58,0.994399999999934,0.996154677719819
10.582,0.994413999999934,0.996166952264337
10.584,0.994427999999934,0.996177037423758
10.586,0.994441999999934,0.996184991029611
10.588,0.994455999999934,0.996191149177994
10.59,0.994469999999934,0.996195741516142
10.592,0.994482999999934,0.99619901076724
10.594,0.994495999999934,0.996201401064848
10.596,0.994508999999934,0.996203230534801
10.598,0.994521999999934,0.996204877177383
10.6,0.994534999999934,0.996206682815973
10.602,0.994546999999934,0.996208952588271
10.604,0.994558999999934,0.996211972201967
10.606,0.994570999999934,0.996215971773626
10.608,0.994582999999934,0.996221290960812
10.61,0.994594999999934,0.996228068080264
10.612,0.994605999999934,0.996236489093667
10.614,0.994616999999934,0.996246689912459
10.616,0.994627999999934,0.996258789774149
10.618,0.994638999999934,0.996272722619755
10.62,0.994649999999934,0.996288495391458
10.622,0.994659999999934,0.996306016840325
10.624,0.994669999999934,0.996325117293083
10.626,0.994679999999934,0.9963456594664
10.628,0.994689999999934,0.996367433104478
10.63,0.994699999999934,0.996390151345137
10.632,0.994708999999934,0.996413504363453
10.634,0.994717999999934,0.996437198717646
10.636,0.994726999999934,0.996460882231293
10.638,0.994735999999934,0.996484221778587
10.64,0.994744999999934,0.996506893153433
10.642,0.994752999999934,0.996528562056331
10.644,0.994760999999934,0.996548917448627
10.646,0.994768999999934,0.996567708035632
10.648,0.994776999999934,0.996584761952794
10.65,0.994784999999934,0.99659983703335
10.652,0.994791999999934,0.996612941323306
10.654,0.994798999999934,0.996624042909333
10.656,0.994805999999934,0.996633169900992
10.658,0.994812999999934,0.996640425143269
10.66,0.994819999999934,0.996645925826032
10.662,0.994825999999934,0.996649845956177
10.664,0.994831999999934,0.996652317998712
10.666,0.994837999999933,0.99665358712866
10.668,0.994843999999933,0.996653949392417
10.67,0.994849999999934,0.996653718739902
10.672,0.994854999999934,0.996653223518832
10.674,0.994859999999933,0.996652798318915
10.676,0.994864999999933,0.996652780007168
10.678,0.994869999999934,0.996653517113044
10.68,0.994874999999933,0.996655301970631
10.682,0.994878999999934,0.996658357312432
10.684,0.994882999999933,0.996662920641285
10.686,0.994886999999933,0.996669164929663
10.688,0.994890999999933,0.996677104299418
10.69,0.994894999999933,0.996686774803867
10.692,0.994897999999933,0.996698156598636
10.694,0.994900999999933,0.996711131312947
10.696,0.994903999999933,0.996725526893177
10.698,0.994906999999933,0.996741197368485
10.7,0.994909999999933,0.996757925472634
10.702,0.994911999999933,0.996775423969561
10.704,0.994913999999933,0.996793408513558
10.706,0.994915999999933,0.996811571946457
10.708,0.994917999999933,0.996829593885468
10.71,0.994919999999933,0.996847144829768
10.712,0.994920999999933,0.996863945684725
10.714,0.994921999999933,0.996879636422535
10.716,0.994922999999933,0.996894010834094
10.718,0.994923999999933,0.996906833890257
10.72,0.994924999999933,0.996917852315977
10.722,0.994924999999933,0.996926927426744
10.724,0.994924999999933,0.996933913434138
10.726,0.994924999999933,0.996938823140471
10.728,0.994924999999933,0.996941617890782
10.73,0.994924999999933,0.996942440313714
10.732,0.994923999999933,0.996941374557245
10.734,0.994922999999933,0.996938567199653
10.736,0.994921999999933,0.996934236389125
10.738,0.994920999999933,0.996928624761864
10.74,0.994919999999933,0.996922004040627
10.742,0.994917999999933,0.99691467810614
10.744,0.994915999999933,0.99690690033176
10.746,0.994913999999933,0.996898969339295
10.748,0.994911999999933,0.996891137309838
10.75,0.994909999999933,0.996883659255362
10.752,0.994906999999933,0.99687680754789
10.754,0.994903999999933,0.996870844976514
10.756,0.994900999999933,0.996865911829422
10.758,0.994897999999932,0.996862292198702
10.76,0.994894999999932,0.996860147949503
10.762,0.994890999999932,0.99685947145526
10.764,0.994886999999932,0.996860373958686
10.766,0.994882999999932,0.996862855724774
10.768,0.994878999999932,0.996866797098811
10.77,0.994874999999932,0.996872098273209
10.772,0.994869999999932,0.996878601790615
10.774,0.994864999999932,0.996886127776431
10.776,0.994859999999932,0.996894443704689
10.778,0.994854999999932,0.996903283026279
10.78,0.994849999999932,0.996912400566153
10.782,0.994843999999932,0.996921511403142
10.784,0.994837999999932,0.996930340025988
10.786,0.994831999999932,0.996938618030172
10.788,0.994825999999932,0.996946074808532
10.79,0.994819999999932,0.996952406145339
10.792,0.994812999999932,0.996957415445323
10.794,0.994805999999932,0.996960816559054
10.796,0.994798999999932,0.996962436783369
10.798,0.994791999999932,0.996962101724961
10.8,0.994784999999932,0.996959688472879
10.802,0.994775999999932,0.996955255329874
10.804,0.994766999999932,0.996948793965825
10.806,0.994757999999932,0.996940321538451
10.808,0.994748999999932,0.996929989445039
10.81,0.994739999999932,0.996917968029898
10.812,0.994727999999932,0.99690433887347
10.814,0.994715999999932,0.996889371418787
10.816,0.994703999999932,0.996873335251037
10.818,0.994691999999932,0.996856463980079
10.82,0.994679999999932,0.996839065574871
10.822,0.994663999999932,0.996821452922291
10.824,0.994647999999932,0.996803917747253
10.826,0.994631999999932,0.996786768615203
10.828,0.994615999999932,0.996770276810813
10.83,0.994599999999932,0.996754664328409
10.832,0.994580999999932,0.996740157364784
10.834,0.994561999999932,0.996726841721346
10.836,0.994542999999932,0.996714791845915
10.838,0.994523999999931,0.99670398297112
10.84,0.994504999999931,0.996694364609468
10.842,0.994483999999931,0.996685851452184
10.844,0.994462999999931,0.996678251481184
10.846,0.994441999999931,0.996671437435127
10.848,0.994420999999931,0.996665149681577
10.85,0.994399999999931,0.996659178049079
10.852,0.994377999999931,0.996653225329464
10.854,0.994355999999931,0.996647002526444
10.856,0.994333999999931,0.996640203496757
10.858,0.994311999999931,0.996632509846455
10.86,0.994289999999931,0.996623589783363
10.862,0.994267999999931,0.996613177552969
10.864,0.994245999999931,0.996601064667215
10.866,0.994223999999931,0.996586841639553
10.868,0.994201999999931,0.99657056435783
10.87,0.994179999999931,0.99655198146514
10.872,0.994157999999931,0.996531129770466
10.874,0.994135999999931,0.996507929598426
10.876,0.994113999999931,0.996482507819633
10.878,0.994091999999931,0.996455123023852
10.88,0.994069999999931,0.996425918798342
10.882,0.994047999999931,0.996395106350154
10.884,0.994025999999931,0.99636299605383
10.886,0.994003999999931,0.996329971879221
10.888,0.993981999999931,0.996296335789242
10.89,0.993959999999931,0.996262491320724
10.892,0.993937999999931,0.996228773318916
10.894,0.993915999999931,0.996195538188317
10.896,0.993893999999931,0.996163077806761
10.898,0.993871999999931,0.996131715878391
10.9,0.993849999999931,0.996101760513952
10.902,0.993827999999931,0.996073458713703
10.904,0.99380599999993,0.996047015829018
10.906,0.99378399999993,0.996022696436305
10.908,0.99376199999993,0.996000667941927
10.91,0.99373999999993,0.995980983740269
10.912,0.99371799999993,0.995963634946766
10.914,0.99369599999993,0.995948650681717
10.916,0.99367399999993,0.995935818505521
10.918,0.99365199999993,0.995924983762248
10.92,0.99362999999993,0.995915883995689
10.922,0.99360799999993,0.995908268023763
10.924,0.99358599999993,0.995901779425521
10.926,0.99356399999993,0.995896041844756
10.928,0.99354199999993,0.995890681562613
10.93,0.99351999999993,0.995885338742897
10.932,0.99349799999993,0.995879633581591
10.934,0.99347599999993,0.995873260861789
10.936,0.99345399999993,0.995865895805644
10.938,0.99343199999993,0.995857242566868
10.94,0.99340999999993,0.995847019990399
10.942,0.99338799999993,0.995834875885026
10.944,0.99336599999993,0.995820842693543
10.946,0.99334399999993,0.995804570862889
10.948,0.99332199999993,0.995785996378561
10.95,0.99329999999993,0.995765134293069
10.952,0.99327799999993,0.995741926230044
10.954,0.99325599999993,0.995716586035283
10.956,0.99323399999993,0.995689110529914
10.958,0.99321199999993,0.995659700103889
10.96,0.99318999999993,0.995628573770583
10.962,0.99316799999993,0.995595973511105
10.964,0.99314599999993,0.995562308636407
10.966,0.99312399999993,0.995527880464198
10.968,0.99310199999993,0.995493032609718
10.97,0.99307999999993,0.995458150471168
10.972,0.99305799999993,0.995423583453635
10.974,0.99303599999993,0.995389670860807
10.976,0.993013999999929,0.995356708713884
10.978,0.992991999999929,0.995325106905952
10.98,0.992969999999929,0.995294980382663
10.982,0.992947999999929,0.995266628893294
10.984,0.992925999999929,0.995240123410723
10.986,0.992903999999929,0.99521556151582
10.988,0.992881999999929,0.995192903939351
10.99,0.992859999999929,0.995172076556687
10.992,0.992837999999929,0.995153018694297
10.994,0.992815999999929,0.995135508011762
10.996,0.992793999999929,0.995119362357187
10.998,0.992771999999929,0.995104321236209
11,0.992749999999929,0.995090096737689
11.002,0.992727999999929,0.995076348763328
11.004,0.992705999999929,0.995062725009272
11.006,0.992683999999929,0.995048881862814
11.008,0.992661999999929,0.995034459622479
11.01,0.992639999999929,0.995019119413477
11.012,0.992617999999929,0.995002591192729
11.014,0.992595999999929,0.994984591301387
11.016,0.992573999999929,0.994964913165476
11.018,0.992551999999929,0.994943309883039
11.02,0.992529999999929,0.99491974073074
11.022,0.992507999999929,0.994894165588179
11.024,0.992485999999929,0.994866588887423
11.026,0.992463999999929,0.994837201649834
11.028,0.992441999999929,0.994806016325515
11.03,0.992419999999928,0.994773320818186
11.032,0.992397999999929,0.994739372506016
11.034,0.992375999999928,0.994704338025445
11.036,0.992353999999928,0.99466859046688
11.038,0.992331999999928,0.99463244737964
11.04,0.992309999999928,0.994596212956199
11.042,0.992287999999928,0.994560212213438
11.044,0.992265999999928,0.99452473713907
11.046,0.992243999999928,0.994490079371573
11.048,0.992221999999928,0.994456529693392
11.05,0.992199999999928,0.99442429946408
11.052,0.992177999999928,0.994393601489563
11.054,0.992155999999928,0.994364595789628
11.056,0.992133999999928,0.994337274521208
11.058,0.992111999999928,0.994311754536234
11.06,0.992089999999928,0.994288007152984
11.062,0.992067999999928,0.994265938312542
11.064,0.992045999999928,0.994245414791663
11.066,0.992023999999928,0.994226259463123
11.068,0.992001999999928,0.994208336227668
11.07,0.991979999999928,0.994191393224567
11.072,0.991957999999928,0.994175111725732
11.074,0.991935999999928,0.994159289565832
11.076,0.991913999999928,0.994143621324567
11.078,0.991891999999927,0.994127832935405
11.08,0.991869999999927,0.994111658361072
11.082,0.991847999999927,0.994094823073086
11.084,0.991825999999927,0.994077053663409
11.086,0.991803999999927,0.994058219461322
11.088,0.991781999999927,0.994038007811449
11.09,0.991759999999927,0.994016291138984
11.092,0.991737999999927,0.993993057750733
11.094,0.991715999999927,0.993968175650081
11.096,0.991693999999927,0.993941579623862
11.098,0.991671999999927,0.993913388184841
11.1,0.991649999999927,0.993883641225788
11.102,0.991627999999927,0.993852452370734
11.104,0.991605999999927,0.993819991694697
11.106,0.991583999999927,0.993786398433883
11.108,0.991561999999927,0.993751915010178
11.11,0.991539999999927,0.993716817667799
11.112,0.991518999999927,0.993681354313342
11.114,0.991497999999927,0.993645816570705
11.116,0.991476999999927,0.993610481840818
11.118,0.991455999999927,0.993575622344031
11.12,0.991434999999927,0.993541505528225
11.122,0.991415999999927,0.993508399016264
11.124,0.991396999999927,0.993476606975383
11.126,0.991377999999927,0.99344617024693
11.128,0.991358999999926,0.993417494235428
11.13,0.991339999999927,0.993390562633335
11.132,0.991323999999926,0.993365571996029
11.134,0.991307999999926,0.993342514445514
11.136,0.991291999999926,0.993321422042168
11.138,0.991275999999926,0.993302193544628
11.14,0.991259999999926,0.993284736508732
11.142,0.991247999999926,0.993268906367277
11.144,0.991235999999926,0.99325463094285
11.146,0.991223999999926,0.993241610277442
11.148,0.991211999999926,0.993229651441599
11.15,0.991199999999926,0.993218590070776
11.152,0.991190999999926,0.993208162372167
11.154,0.991181999999926,0.993198091698228
11.156,0.991172999999926,0.993188143815645
11.158,0.991163999999926,0.993178040701926
11.16,0.991154999999926,0.993167575481837
11.162,0.991147999999926,0.993156528154815
11.164,0.991140999999926,0.993144751068632
11.166,0.991133999999926,0.993132203463589
11.168,0.991126999999926,0.993118853148744
11.17,0.991119999999926,0.993104693735951
11.172,0.991113999999926,0.993089827440355
11.174,0.991107999999925,0.993074342834458
11.176,0.991101999999926,0.993058371796406
11.178,0.991095999999925,0.99304208062506
11.18,0.991089999999925,0.993025657254645
11.182,0.991083999999925,0.993009281137835
11.184,0.991077999999925,0.992993130010246
11.186,0.991071999999925,0.992977399814039
11.188,0.991065999999925,0.992962258268668
11.19,0.991059999999925,0.992947899211385
11.192,0.991053999999925,0.992934481962093
11.194,0.991047999999925,0.99292214912091
11.196,0.991041999999925,0.992910984675889
11.198,0.991035999999925,0.992901038673549
11.2,0.991029999999925,0.992892342470837
11.202,0.991023999999925,0.992884947448198
11.204,0.991017999999925,0.992878794586397
11.206,0.991011999999925,0.992873846371428
11.208,0.991005999999925,0.992869955464982
11.21,0.990999999999925,0.99286708920365
11.212,0.990993999999925,0.992865102016047
11.214,0.990987999999925,0.992863843629757
11.216,0.990981999999925,0.992863095657827
11.218,0.990975999999925,0.992862689834576
11.22,0.990969999999925,0.992862390544185
11.222,0.990963999999925,0.992861966166531
11.224,0.990957999999925,0.992861192448648
11.226,0.990951999999925,0.992859836660586
11.228,0.990945999999924,0.992857689355475
11.23,0.990939999999924,0.992854553229709
11.232,0.990933999999924,0.992850251153445
11.234,0.990927999999924,0.992844575415195
11.236,0.990921999999924,0.99283747876256
11.238,0.990915999999924,0.99282883314264
11.24,0.990909999999924,0.992818609756125
11.242,0.990903999999924,0.99280676846068
11.244,0.990897999999924,0.99279328863262
11.246,0.990891999999924,0.992778210491223
11.248,0.990885999999924,0.992761710156881
11.25,0.990879999999924,0.992743888732821
11.252,0.990873999999924,0.992724937873723
11.254,0.990867999999924,0.992705053569531
11.256,0.990861999999924,0.992684528728263
11.258,0.990855999999924,0.992663618991314
11.26,0.990849999999924,0.992642607215127
11.262,0.990843999999924,0.992621782791118
11.264,0.990837999999924,0.992601412777383
11.266,0.990831999999924,0.992581757548396
11.268,0.990825999999924,0.992563067379832
11.27,0.990819999999923,0.992545611550962
11.272,0.990813999999923,0.992529579972259
11.274,0.990807999999923,0.992515199511811
11.276,0.990801999999923,0.992502581190086
11.278,0.990795999999923,0.992491840428894
11.28,0.990789999999923,0.992482959400123
11.282,0.990783999999923,0.992475980441538
11.284,0.990777999999923,0.992470767782767
11.286,0.990771999999923,0.992467236285971
11.288,0.990765999999923,0.992465251217118
11.29,0.990759999999923,0.992464662548479
11.292,0.990753999999923,0.992465289735082
11.294,0.990747999999923,0.992466892825669
11.296,0.990741999999923,0.992469269227928
11.298,0.990735999999923,0.992472186338054
11.3,0.990729999999923,0.992475380390675
11.302,0.990723999999923,0.992478590220983
11.304,0.990717999999923,0.992481547268608
11.306,0.990711999999923,0.992483954682076
11.308,0.990705999999922,0.992485521295258
11.31,0.990699999999922,0.992485915020823
11.312,0.990693999999922,0.9924849640621
11.314,0.990687999999922,0.992482482108498
11.316,0.990681999999922,0.992478254579555
11.318,0.990675999999922,0.992472297131395
11.32,0.990669999999922,0.992464559473389
11.322,0.990663999999922,0.992455189322682
11.324,0.990657999999922,0.992444255011842
11.326,0.990651999999922,0.99243181478707
11.328,0.990645999999922,0.992418142361468
11.33,0.990639999999922,0.992403375550023
11.332,0.990633999999922,0.992387727783195
11.334,0.990627999999922,0.992371517879443
11.336,0.990621999999922,0.992355026523486
11.338,0.990615999999922,0.992338580643395
11.34,0.990609999999922,0.992322535452888
11.342,0.990603999999922,0.992307188639323
11.344,0.990597999999922,0.992292875881655
11.346,0.990591999999922,0.992279988705347
11.348,0.990585999999922,0.992268648340749
11.35,0.990579999999922,0.992259268917762
11.352,0.990573999999921,0.992251944078476
11.354,0.990567999999922,0.992246791914924
11.356,0.990561999999921,0.992243860344922
11.358,0.990555999999921,0.992243106048935
11.36,0.990549999999921,0.99224436149337
11.362,0.990543999999921,0.992247511312492
11.364,0.990537999999921,0.992252322007118
11.366,0.990531999999921,0.992258575109938
11.368,0.990525999999921,0.992265900720157
11.37,0.990519999999921,0.992273979551848
11.372,0.990513999999921,0.992282419639366
11.374,0.990507999999921,0.992290890288486
11.376,0.990501999999921,0.992299005047732
11.378,0.990495999999921,0.992306463902058
11.38,0.990489999999921,0.992312884385551
11.382,0.990483999999921,0.992318022213035
11.384,0.990477999999921,0.992321673875287
11.386,0.990471999999921,0.992323464985759
11.388,0.990465999999921,0.992323410512844
11.39,0.990459999999921,0.992321318331967
11.392,0.990453999999921,0.992317205143102
11.394,0.990447999999921,0.992311052666192
11.396,0.99044199999992,0.992302935155302
11.398,0.99043599999992,0.992292954904784
11.4,0.99042999999992,0.992281422714827
11.402,0.99042399999992,0.992268448230329
11.404,0.99041799999992,0.992254326850381
11.406,0.99041199999992,0.992239401919622
11.408,0.99040599999992,0.992223986381479
11.41,0.99039999999992,0.99220840341316
11.412,0.99039399999992,0.992192970836485
11.414,0.99038799999992,0.992177984635242
11.416,0.99038199999992,0.992163708260488
11.418,0.99037599999992,0.992150476565818
11.42,0.99036999999992,0.992138529152224
11.422,0.99036399999992,0.992128059127611
11.424,0.99035799999992,0.992119234279565
11.426,0.99035199999992,0.992112208512627
11.428,0.99034599999992,0.992107079564066
11.43,0.99033999999992,0.992103732033065
11.432,0.99033299999992,0.992102165564156
11.434,0.99032599999992,0.992102336379388
11.436,0.99031899999992,0.992104069533952
11.438,0.990311999999919,0.992107185867074
11.44,0.990304999999919,0.992111513207018
11.442,0.990295999999919,0.992116781319739
11.444,0.990286999999919,0.992122727634007
11.446,0.990277999999919,0.992129030157367
11.448,0.990268999999919,0.99213539995746
11.45,0.990259999999919,0.99214153019385
11.452,0.990247999999919,0.9921471218006
11.454,0.990235999999919,0.992151868394988
11.456,0.990223999999919,0.992155519413166
11.458,0.990211999999919,0.992157720864559
11.46,0.990199999999919,0.992158336396084
11.462,0.990183999999919,0.992156975565762
11.464,0.990167999999919,0.992153601724104
11.466,0.990151999999919,0.992148075796962
11.468,0.990135999999919,0.992140161924151
11.47,0.990119999999919,0.992129915953606
11.472,0.990100999999919,0.992117364967392
11.474,0.990081999999918,0.992102577684223
11.476,0.990062999999919,0.992085694035803
11.478,0.990043999999918,0.992066762369557
11.48,0.990024999999918,0.9920460499886
11.482,0.990003999999918,0.992023709933666
11.484,0.989982999999918,0.992000026097812
11.486,0.989961999999918,0.991975259828009
11.488,0.989940999999918,0.991949756558784
11.49,0.989919999999918,0.991923805919388
11.492,0.989897999999918,0.991897736061526
11.494,0.989875999999918,0.99187187200869
11.496,0.989853999999918,0.991846527258703
11.498,0.989831999999918,0.991821952463964
11.5,0.989809999999918,0.991798308035283
11.502,0.989787999999918,0.991775819684208
11.504,0.989765999999918,0.991754544804673
11.506,0.989743999999918,0.991734446406718
11.508,0.989721999999918,0.991715532421418
11.51,0.989699999999918,0.991697707577294
11.512,0.989678999999918,0.991680810852624
11.514,0.989657999999918,0.991664698871189
11.516,0.989636999999917,0.991649199705395
11.518,0.989615999999917,0.991634114913663
11.52,0.989594999999917,0.991619242898012
11.522,0.989574999999917,0.991604402937005
11.524,0.989554999999917,0.991589409611432
11.526,0.989534999999917,0.991574072405339
11.528,0.989514999999917,0.991558218115774
11.53,0.989494999999917,0.991541729854358
11.532,0.989475999999917,0.991524459017764
11.534,0.989456999999917,0.991506332990766
11.536,0.989437999999917,0.991487320548329
11.538,0.989418999999917,0.991467347947973
11.54,0.989399999999917,0.991446418055292
11.542,0.989381999999917,0.991424590148761
11.544,0.989363999999917,0.991401925941133
11.546,0.989345999999917,0.991378550632309
11.548,0.989327999999916,0.991354563138478
11.55,0.989309999999917,0.991330165622196
11.552,0.989292999999916,0.991305491995727
11.554,0.989275999999916,0.991280758542767
11.556,0.989258999999916,0.991256137237351
11.558,0.989241999999916,0.991231831268573
11.56,0.989224999999916,0.991207992645777
11.562,0.989208999999916,0.991184855737989
11.564,0.989192999999916,0.991162585707038
11.566,0.989176999999916,0.99114132266096
11.568,0.989160999999916,0.991121309484507
11.57,0.989144999999916,0.99110256432176
11.572,0.989129999999916,0.991085293203315
11.574,0.989114999999916,0.991069462933037
11.576,0.989099999999916,0.991055230045544
11.578,0.989084999999916,0.991042501628139
11.58,0.989069999999916,0.991031245238636
11.582,0.989055999999916,0.99102149927228
11.584,0.989041999999916,0.991013043589229
11.586,0.989027999999916,0.991005744516877
11.588,0.989013999999915,0.990999475390628
11.59,0.988999999999915,0.990993980464177
11.592,0.988986999999915,0.990989067693521
11.594,0.988973999999915,0.990984533652919
11.596,0.988960999999915,0.990980136797236
11.598,0.988947999999915,0.990975657071903
11.6,0.988934999999915,0.990970870598823
11.602,0.988922999999915,0.990965536733988
11.604,0.988910999999915,0.990959438403015
11.606,0.988898999999915,0.990952326878156
11.608,0.988886999999915,0.990944103898526
11.61,0.988874999999915,0.990934480590111
11.612,0.988863999999915,0.990923385517174
11.614,0.988852999999915,0.990910844575152
11.616,0.988841999999915,0.990896721803092
11.618,0.988830999999915,0.990881116660829
11.62,0.988819999999915,0.990864007237939
11.622,0.988809999999915,0.990845559576958
11.624,0.988799999999915,0.990825874248778
11.626,0.988789999999915,0.99080508134979
11.628,0.988779999999915,0.990783407216702
11.63,0.988769999999914,0.990761019209639
11.632,0.988760999999915,0.990738141811342
11.634,0.988751999999914,0.990714978301031
11.636,0.988742999999914,0.990691760099779
11.638,0.988733999999914,0.990668720444687
11.64,0.988724999999914,0.990646136485419
11.642,0.988716999999914,0.990624246098235
11.644,0.988708999999914,0.990603329991974
11.646,0.988700999999914,0.99058361708026
11.648,0.988692999999914,0.990565439878367
11.65,0.988684999999914,0.990548882904463
11.652,0.988677999999914,0.990534196055618
11.654,0.988670999999914,0.9905213109103
11.656,0.988663999999914,0.990510306454595
11.658,0.988656999999914,0.990501250622748
11.66,0.988649999999914,0.990493926393864
11.662,0.988643999999913,0.990488255978405
11.664,0.988637999999913,0.990484211933453
11.666,0.988631999999913,0.990481450746823
11.668,0.988625999999913,0.990479897045787
11.67,0.988619999999913,0.990479255150327
11.672,0.988614999999913,0.990479201037087
11.674,0.988609999999913,0.990479465587778
11.676,0.988604999999913,0.990479717696224
11.678,0.988599999999913,0.990479653368607
11.68,0.988594999999913,0.990478965175319
11.682,0.988590999999913,0.990477277103586
11.684,0.988586999999913,0.990474406875334
11.686,0.988582999999913,0.990469971243672
11.688,0.988578999999913,0.990463766532275
11.69,0.988574999999913,0.990455792594438
11.692,0.988571999999913,0.990445851170467
11.694,0.988568999999913,0.990433926289905
11.696,0.988565999999913,0.990420203688693
11.698,0.988562999999913,0.990404770967014
11.7,0.988559999999913,0.990387804645603
11.702,0.988557999999913,0.990369544906484
11.704,0.988555999999913,0.990350359956548
11.706,0.988553999999912,0.990330473185987
11.708,0.988551999999912,0.9903102703406
11.71,0.988549999999912,0.990290088686364
11.712,0.988548999999912,0.990270281463858
11.714,0.988547999999912,0.990251183135244
11.716,0.988546999999912,0.990233121770063
11.718,0.988545999999912,0.990216408529859
11.72,0.988544999999912,0.990201340101991
11.722,0.988544999999912,0.990188230070329
11.724,0.988544999999912,0.9901772763316
11.726,0.988544999999912,0.990168521103535
11.728,0.988544999999912,0.990162179682903
11.73,0.988544999999912,0.990158155974954
11.732,0.988545999999912,0.990156471453856
11.734,0.988546999999912,0.990157065258466
11.736,0.988547999999911,0.990159690589948
11.738,0.988548999999912,0.990164112117476
11.74,0.988549999999911,0.990170201628493
11.742,0.988551999999911,0.990177509403338
11.744,0.988553999999911,0.990185797467248
11.746,0.988555999999911,0.990194680937984
11.748,0.988557999999911,0.990203840551939
11.75,0.988559999999911,0.990212950744673
11.752,0.988563999999911,0.990221711535851
11.754,0.988567999999911,0.99022978705779
11.756,0.988571999999911,0.990236970533494
11.758,0.988575999999911,0.990242949549268
11.76,0.988579999999911,0.990247479020197
11.762,0.988586999999911,0.990250515248699
11.764,0.988593999999911,0.990251956674642
11.766,0.988600999999911,0.990251700591452
11.768,0.988607999999911,0.990249760585977
11.77,0.988614999999911,0.990246255365068
11.772,0.988625999999911,0.990241202266196
11.774,0.98863699999991,0.990234822316059
11.776,0.98864799999991,0.990227338045631
11.778,0.98865899999991,0.990218941438374
11.78,0.98866999999991,0.990209995054021
11.782,0.98868599999991,0.990200842013778
11.784,0.98870199999991,0.990191841307302
11.786,0.98871799999991,0.990183360541689
11.788,0.98873399999991,0.990175755864512
11.79,0.98874999999991,0.990169337395149
11.792,0.98877199999991,0.990164410245005
11.794,0.98879399999991,0.990161249985771
11.796,0.98881599999991,0.990160196104011
11.798,0.98883799999991,0.990161538221258
11.8,0.98885999999991,0.990165399601184
11.802,0.98888699999991,0.99017216462357
11.804,0.988913999999909,0.990181840216807
11.806,0.988940999999909,0.990194495820164
11.808,0.988967999999909,0.990210337587566
11.81,0.988994999999909,0.990229223956775
11.812,0.989025999999909,0.990251112096478
11.814,0.989056999999909,0.990275841692856
11.816,0.989087999999909,0.990303249328086
11.818,0.989118999999909,0.990333151580615
11.82,0.989149999999909,0.990365100499183
11.822,0.989183999999909,0.990398899114404
11.824,0.989217999999909,0.990433927982731
11.826,0.989251999999909,0.99047002211644
11.828,0.989285999999909,0.99050679248863
11.83,0.989319999999909,0.990543837515075
11.832,0.989355999999909,0.990580855546695
11.834,0.989391999999909,0.99061753935947
11.836,0.989427999999908,0.990653607304381
11.838,0.989463999999908,0.990688795838432
11.84,0.989499999999908,0.990722846929025
11.842,0.989536999999908,0.990755679225194
11.844,0.989573999999908,0.990787133900302
11.846,0.989610999999908,0.990817178636003
11.848,0.989647999999908,0.990845940701623
11.85,0.989684999999908,0.990873476552993
11.852,0.989721999999908,0.990899919999017
11.854,0.989758999999908,0.990925444799765
11.856,0.989795999999908,0.990950202294113
11.858,0.989832999999908,0.990974408029572
11.86,0.989869999999908,0.990998294043751
11.862,0.989905999999908,0.991022079031807
11.864,0.989941999999908,0.991046041664894
11.866,0.989977999999907,0.991070423463653
11.868,0.990013999999907,0.991095471449681
11.87,0.990049999999907,0.991121453376058
11.872,0.990084999999907,0.991148514547178
11.874,0.990119999999907,0.991176802570254
11.876,0.990154999999907,0.991206395698159
11.878,0.990189999999907,0.991237345966852
11.88,0.990224999999907,0.991269703620337
11.882,0.990258999999907,0.991303417681322
11.884,0.990292999999907,0.991338377524967
11.886,0.990326999999907,0.991374517175926
11.888,0.990360999999907,0.99141169329949
11.89,0.990394999999907,0.991449751978183
11.892,0.990427999999907,0.991488454102377
11.894,0.990460999999907,0.991527602198912
11.896,0.990493999999907,0.991566932819692
11.898,0.990526999999906,0.991606163474531
11.9,0.990559999999907,0.99164501262854
11.902,0.990591999999906,0.991683185559336
11.904,0.990623999999906,0.991720429857003
11.906,0.990655999999906,0.991756490867382
11.908,0.990687999999906,0.991791088731959
11.91,0.990719999999906,0.991824186121342
11.912,0.990750999999906,0.9918554883309
11.914,0.990781999999906,0.991885002836331
11.916,0.990812999999906,0.991912605370295
11.918,0.990843999999906,0.991938394405208
11.92,0.990874999999906,0.9919623841027
11.922,0.990904999999906,0.99198483793029
11.924,0.990934999999906,0.992005885889496
11.926,0.990964999999906,0.992025759776362
11.928,0.990994999999906,0.992044817061726
11.93,0.991024999999906,0.99206337495108
11.932,0.991053999999906,0.992081776137093
11.934,0.991082999999905,0.992100344876014
11.936,0.991111999999905,0.992119403373103
11.938,0.991140999999905,0.992139204734145
11.94,0.991169999999905,0.992159988441958
11.942,0.991197999999905,0.992182003409694
11.944,0.991225999999905,0.992205416119816
11.946,0.991253999999905,0.992230484685256
11.948,0.991281999999905,0.992257237996056
11.95,0.991309999999905,0.992285805351253
11.952,0.991336999999905,0.992316297561902
11.954,0.991363999999905,0.992348605843354
11.956,0.991390999999905,0.992382699704499
11.958,0.991417999999905,0.992418495479721
11.96,0.991444999999905,0.992455925863279
11.962,0.991470999999905,0.992494813953418
11.964,0.991496999999904,0.992534941168394
11.966,0.991522999999904,0.992576114490936
11.968,0.991548999999904,0.992618102003161
11.97,0.991574999999904,0.992660665398174
11.972,0.991599999999904,0.99270350091894
11.974,0.991624999999904,0.992746333799395
11.976,0.991649999999904,0.992788835725842
11.978,0.991674999999904,0.992830743505122
11.98,0.991699999999904,0.992871736852392
11.982,0.991723999999904,0.992911480414657
11.984,0.991747999999904,0.992949810167974
11.986,0.991771999999904,0.992986512415772
11.988,0.991795999999904,0.99302134387568
11.99,0.991819999999904,0.993054356029144
11.992,0.991842999999904,0.993085513620488
11.994,0.991865999999903,0.993114819141881
11.996,0.991888999999903,0.993142310411443
11.998,0.991911999999903,0.993168050853565
12,0.991934999999903,0.993192291138109
12.002,0.991956999999903,0.993215021898467
12.004,0.991978999999903,0.993236584957149
12.006,0.992000999999903,0.993257184381269
12.008,0.992022999999903,0.993277109517697
12.01,0.992044999999903,0.993296680424175
12.012,0.992065999999903,0.993316225522632
12.014,0.992086999999903,0.993336060436887
12.016,0.992107999999903,0.993356497133648
12.018,0.992128999999903,0.993377881205234
12.02,0.992149999999903,0.993400507558354
12.022,0.992169999999903,0.993424638519427
12.024,0.992189999999902,0.993450405862133
12.026,0.992209999999902,0.993477996731106
12.028,0.992229999999902,0.993507377536516
12.03,0.992249999999902,0.993538529927914
12.032,0.992268999999902,0.993571360896235
12.034,0.992287999999902,0.993605724053602
12.036,0.992306999999902,0.993641444904526
12.038,0.992325999999902,0.993678191860959
12.04,0.992344999999902,0.993715770915453
12.042,0.992362999999902,0.993753790326394
12.044,0.992380999999902,0.993791897554184
12.046,0.992398999999902,0.993829752341315
12.048,0.992416999999902,0.993866988715569
12.05,0.992434999999901,0.993903222197131
12.052,0.992451999999901,0.993938181081569
12.054,0.992468999999901,0.993971551766835
12.056,0.992485999999901,0.994003137412026
12.058,0.992502999999901,0.994032587526089
12.06,0.992519999999901,0.994059904058007
12.062,0.992535999999901,0.994084899181271
12.064,0.992551999999901,0.994107654795351
12.066,0.992567999999901,0.994128169358371
12.068,0.992583999999901,0.994146518319275
12.07,0.992599999999901,0.99416285305573
12.072,0.992614999999901,0.994177502220412
12.074,0.992629999999901,0.994190559338187
12.076,0.992644999999901,0.994202357725165
12.078,0.9926599999999,0.994213247292376
12.08,0.9926749999999,0.994223508888868
12.082,0.9926879999999,0.994233468174432
12.084,0.9927009999999,0.994243436798766
12.086,0.9927139999999,0.994253742209791
12.088,0.9927269999999,0.994264637789131
12.09,0.9927399999999,0.994276394091051
12.092,0.9927499999999,0.994289242176846
12.094,0.9927599999999,0.994303354282674
12.096,0.9927699999999,0.994318802881694
12.098,0.9927799999999,0.994335724994482
12.1,0.9927899999999,0.994354034787935
12.102,0.9927959999999,0.994373726558857
12.104,0.9928019999999,0.994394745702027
12.106,0.9928079999999,0.994416907072124
12.108,0.992813999999899,0.994440094079785
12.11,0.992819999999899,0.994464021568804
12.112,0.992820999999899,0.994488515227709
12.114,0.992821999999899,0.994513212091267
12.116,0.992822999999899,0.994537804509823
12.118,0.992823999999899,0.994561944968376
12.12,0.992824999999899,0.99458529387136
12.122,0.992819999999899,0.994607534724076
12.124,0.992814999999899,0.99462834142482
12.126,0.992809999999899,0.994647419465343
12.128,0.992804999999899,0.99466454313162
12.13,0.992799999999899,0.994679257878398
12.132,0.992787999999899,0.994691465395645
12.134,0.992775999999898,0.99470098283649
12.136,0.992763999999898,0.994707509167154
12.138,0.992751999999898,0.994710873360341
12.14,0.992739999999898,0.994711283845652
12.142,0.992719999999898,0.994708399992785
12.144,0.992699999999898,0.99470248041974
12.146,0.992679999999898,0.994693470818702
12.148,0.992659999999898,0.994681545298012
12.15,0.992639999999898,0.994666916826707
12.152,0.992612999999898,0.994649659607005
12.154,0.992585999999898,0.994630232939537
12.156,0.992558999999897,0.994608930237413
12.158,0.992531999999897,0.994586051772569
12.16,0.992504999999897,0.994561932083025
12.162,0.992471999999897,0.994537022020901
12.164,0.992438999999897,0.99451163516018
12.166,0.992405999999897,0.994486100750976
12.168,0.992372999999897,0.994460726783805
12.17,0.992339999999897,0.994435758260018
12.172,0.992301999999897,0.994411418866671
12.174,0.992263999999897,0.994387771783387
12.176,0.992225999999897,0.994364873234944
12.178,0.992187999999897,0.994342691793053
12.18,0.992149999999897,0.994321072055295
12.182,0.992107999999897,0.994299863407508
12.184,0.992065999999896,0.994278866856665
12.186,0.992023999999896,0.994257844632703
12.188,0.991981999999896,0.99423655089899
12.19,0.991939999999896,0.994214788573833
12.192,0.991894999999896,0.994192283855044
12.194,0.991849999999896,0.994168794609631
12.196,0.991804999999896,0.994144175664227
12.198,0.991759999999896,0.994118187592459
12.2,0.991714999999896,0.994090708052267
12.202,0.991667999999896,0.994061561588874
12.204,0.991620999999896,0.994030693023027
12.206,0.991573999999895,0.993998060287449
12.208,0.991526999999895,0.993963562805286
12.21,0.991479999999895,0.993927281873363
12.212,0.991431999999895,0.993889221915603
12.214,0.991383999999895,0.993849473533085
12.216,0.991335999999895,0.993808062292513
12.218,0.991287999999895,0.993765147025822
12.22,0.991239999999895,0.993720945878773
12.222,0.991191999999895,0.993675588111847
12.224,0.991143999999895,0.993629358967386
12.226,0.991095999999895,0.993582474397346
12.228,0.991047999999895,0.993535265814903
12.23,0.990999999999894,0.993488020101961
12.232,0.990951999999894,0.993441047615574
12.234,0.990903999999894,0.993394667828072
12.236,0.990855999999894,0.993349186443071
12.238,0.990807999999894,0.993304886160279
12.24,0.990759999999894,0.99326201257549
12.242,0.990711999999894,0.9932209123328
12.244,0.990663999999894,0.993181591590872
12.246,0.990615999999894,0.993144278581358
12.248,0.990567999999894,0.993108949100677
12.25,0.990519999999894,0.993075547137682
12.252,0.990471999999894,0.993043933389366
12.254,0.990423999999893,0.993013851849382
12.256,0.990375999999893,0.992985143320358
12.258,0.990327999999893,0.992957364687735
12.26,0.990279999999893,0.99293029939512
12.262,0.990231999999893,0.992903533477783
12.264,0.990183999999893,0.99287673693377
12.266,0.990135999999893,0.992849549015187
12.268,0.990087999999893,0.992821666753449
12.27,0.990039999999893,0.992792760943522
12.272,0.989991999999893,0.992762521258635
12.274,0.989943999999893,0.992730731456954
12.276,0.989895999999893,0.992697006574363
12.278,0.989847999999892,0.992661322290275
12.28,0.989799999999892,0.992623395086554
12.282,0.989751999999892,0.992583201378588
12.284,0.989703999999892,0.992540555132983
12.286,0.989655999999892,0.992495647525835
12.288,0.989607999999892,0.992448508743212
12.29,0.989559999999892,0.992399202914601
12.292,0.989511999999892,0.992347883260543
12.294,0.989463999999892,0.992294769324792
12.296,0.989415999999892,0.992240024413362
12.298,0.989367999999892,0.992183929957311
12.3,0.989319999999892,0.992126692123942
12.302,0.989271999999891,0.992068579859861
12.304,0.989223999999891,0.992009839989033
12.306,0.989175999999891,0.991950776234579
12.308,0.989127999999891,0.991891679352289
12.31,0.989079999999891,0.991832831704652
12.312,0.989031999999891,0.991774513046969
12.314,0.988983999999891,0.991717020820196
12.316,0.988935999999891,0.991660506610951
12.318,0.988887999999891,0.991605173471597
12.32,0.98883999999989,0.991551108326246
12.322,0.98879199999989,0.991498322716678
12.324,0.98874399999989,0.991446820204713
12.326,0.98869599999989,0.99139656208835
12.328,0.98864799999989,0.991347516004065
12.33,0.98859999999989,0.991299566244108
12.332,0.98855199999989,0.991252515144707
12.334,0.98850399999989,0.991206259718951
12.336,0.98845599999989,0.991160575724606
12.338,0.98840799999989,0.991115193168535
12.34,0.98835999999989,0.991069870744255
12.342,0.98831199999989,0.991024331124929
12.344,0.988263999999889,0.990978307611184
12.346,0.988215999999889,0.99093153505207
12.348,0.988167999999889,0.990883771613859
12.35,0.988119999999889,0.990834681439814
12.352,0.988071999999889,0.99078399423962
12.354,0.988023999999889,0.990731589435651
12.356,0.987975999999889,0.99067715003837
12.358,0.987927999999889,0.990620663902723
12.36,0.987879999999889,0.990562020044964
12.362,0.987831999999889,0.990501277693339
12.364,0.987783999999889,0.990438610529371
12.366,0.987735999999889,0.990374077748648
12.368,0.987687999999889,0.990308082426321
12.37,0.987639999999888,0.990240826491913
12.372,0.987591999999888,0.990172627873321
12.374,0.987543999999888,0.990103875630242
12.376,0.987495999999888,0.990034893762187
12.378,0.987447999999888,0.989966031127021
12.38,0.987399999999888,0.989897643178655
12.382,0.987351999999888,0.989830024551532
12.384,0.987303999999888,0.989763444343102
12.386,0.987255999999888,0.989698179870327
12.388,0.987207999999888,0.989634437394989
12.39,0.987159999999888,0.98957243384141
12.392,0.987111999999888,0.98951216619753
12.394,0.987063999999887,0.989453804985275
12.396,0.987015999999887,0.989397318123528
12.398,0.986967999999887,0.98934265831107
12.4,0.986919999999887,0.989289710500678
12.402,0.986871999999887,0.989238298130089
12.404,0.986823999999887,0.989188218242518
12.406,0.986775999999887,0.989139183058935
12.408,0.986727999999887,0.989090890740181
12.41,0.986679999999887,0.989043029963637
12.412,0.986631999999887,0.988995268489375
12.414,0.986583999999886,0.988947290275591
12.416,0.986535999999886,0.988898811992886
12.418,0.986487999999886,0.988849587452675
12.42,0.986439999999886,0.988799331551546
12.422,0.986391999999886,0.988747938444707
12.424,0.986343999999886,0.988695233781594
12.426,0.986295999999886,0.988641111857998
12.428,0.986247999999886,0.988585551984537
12.43,0.986199999999886,0.988528393538775
12.432,0.986152999999885,0.988469834985647
12.434,0.986105999999885,0.988409848965144
12.436,0.986058999999885,0.988348486716501
12.438,0.986011999999885,0.988286012966056
12.44,0.985964999999885,0.98822251375009
12.442,0.985919999999885,0.988158255434669
12.444,0.985874999999885,0.988093558096253
12.446,0.985829999999885,0.988028677151662
12.448,0.985784999999885,0.987963941153636
12.45,0.985739999999885,0.987899632458649
12.452,0.985697999999885,0.987836065640868
12.454,0.985655999999884,0.987773492784308
12.456,0.985613999999884,0.987712178334975
12.458,0.985571999999884,0.987652301249973
12.46,0.985529999999884,0.987594230067342
12.462,0.985491999999884,0.987537999542405
12.464,0.985453999999884,0.987483824219982
12.466,0.985415999999884,0.98743187018178
12.468,0.985377999999884,0.987382148316833
12.47,0.985339999999884,0.987334670628171
12.472,0.985306999999883,0.987289424590871
12.474,0.985273999999883,0.987246369752924
12.476,0.985240999999883,0.987205437440611
12.478,0.985207999999883,0.987166598077683
12.48,0.985174999999883,0.987129666174198
12.482,0.985147999999883,0.987094439453592
12.484,0.985120999999883,0.987060800018495
12.486,0.985093999999883,0.987028529907505
12.488,0.985066999999883,0.986997312693757
12.49,0.985039999999883,0.986966942720551
12.492,0.985019999999883,0.98693714545201
12.494,0.984999999999882,0.986907628789547
12.496,0.984979999999882,0.986878151862684
12.498,0.984959999999882,0.986848531419007
12.5,0.984939999999882,0.986818641625883
12.502,0.984927999999882,0.986788414963096
12.504,0.984915999999882,0.986757875038392
12.506,0.984903999999882,0.986727061253387
12.508,0.984891999999882,0.986696104336995
12.51,0.984879999999881,0.98666515431336
12.512,0.984874999999881,0.986634375835734
12.514,0.984869999999881,0.986603986552108
12.516,0.984864999999881,0.986574224546672
12.518,0.984859999999881,0.986545251735332
12.52,0.984854999999881,0.986517348228609
12.522,0.984855999999881,0.986490809414468
12.524,0.984856999999881,0.98646579540668
12.526,0.984857999999881,0.986442532334992
12.528,0.98485899999988,0.986421299074837
12.53,0.98485999999988,0.98640217341491
12.532,0.98486599999988,0.986385320809034
12.534,0.98487199999988,0.98637085040468
12.536,0.98487799999988,0.986358724080696
12.538,0.98488399999988,0.98634910509721
12.54,0.98488999999988,0.98634185614639
12.542,0.98489999999988,0.986336991548167
12.544,0.98490999999988,0.98633436845838
12.546,0.98491999999988,0.986333741051562
12.548,0.98492999999988,0.986334995038043
12.55,0.984939999999879,0.986337836587662
12.552,0.984952999999879,0.986341864672142
12.554,0.984965999999879,0.986346830040833
12.556,0.984978999999879,0.986352406460639
12.558,0.984991999999879,0.986358169278736
12.56,0.985004999999879,0.986363792084195
12.562,0.985019999999879,0.986368925329858
12.564,0.985034999999879,0.986373270559603
12.566,0.985049999999879,0.986376608388425
12.568,0.985064999999878,0.986378642695743
12.57,0.985079999999878,0.986379236130539
12.572,0.985095999999878,0.986378216617756
12.574,0.985111999999878,0.986375509149673
12.576,0.985127999999878,0.986371006236972
12.578,0.985143999999878,0.986364735207315
12.58,0.985159999999878,0.986356724766345
12.582,0.985175999999878,0.986347110378951
12.584,0.985191999999877,0.986336035606373
12.586,0.985207999999877,0.98632359568976
12.588,0.985223999999877,0.986310144708443
12.59,0.985239999999877,0.986295923689402
12.592,0.985255999999877,0.986281247230349
12.594,0.985271999999877,0.986266450190623
12.596,0.985287999999877,0.986251880760535
12.598,0.985303999999877,0.986237892999277
12.6,0.985319999999877,0.986224743943409
12.602,0.985335999999877,0.986212833102516
12.604,0.985351999999876,0.986202411638291
12.606,0.985367999999876,0.986193724950761
12.608,0.985383999999876,0.986186867248576
12.61,0.985399999999876,0.986182017866933
12.612,0.985415999999876,0.98617917903698
12.614,0.985431999999876,0.986178308520737
12.616,0.985447999999876,0.986179367810976
12.618,0.985463999999875,0.986182197581811
12.62,0.985479999999875,0.98618668551335
12.622,0.985495999999875,0.986192735171474
12.624,0.985511999999875,0.98620004018513
12.626,0.985527999999875,0.986208455818664
12.628,0.985543999999875,0.986217779921433
12.63,0.985559999999875,0.98622771518171
12.632,0.985575999999875,0.986238060225922
12.634,0.985591999999875,0.986248520581657
12.636,0.985607999999875,0.986258882139635
12.638,0.985623999999874,0.986268928211547
12.64,0.985639999999874,0.986278500733316
12.642,0.985655999999874,0.986287517556071
12.644,0.985671999999874,0.986295927408006
12.646,0.985687999999874,0.986303734280161
12.648,0.985703999999874,0.986310989167745
12.65,0.985719999999874,0.986317743504155
12.652,0.985735999999874,0.986324098774679
12.654,0.985751999999874,0.986330185197114
12.656,0.985767999999874,0.986336106136073
12.658,0.985783999999873,0.986342029462501
12.66,0.985799999999873,0.986348128486977
12.662,0.985815999999873,0.98635458174212
12.664,0.985831999999873,0.986361582602593
12.666,0.985847999999873,0.986369309785637
12.668,0.985863999999873,0.986377977901889
12.67,0.985879999999873,0.986387754242561
12.672,0.985895999999873,0.986398815586963
12.674,0.985911999999872,0.986411321629758
12.676,0.985927999999872,0.986425354531508
12.678,0.985943999999872,0.986441161509352
12.68,0.985959999999872,0.986458652761955
12.682,0.985975999999872,0.98647796677706
12.684,0.985991999999872,0.986498963555283
12.686,0.986007999999872,0.986521597061508
12.688,0.986023999999872,0.986545704211789
12.69,0.986039999999871,0.9865710520569
12.692,0.986055999999871,0.986597406633279
12.694,0.986071999999871,0.986624527912802
12.696,0.986087999999871,0.986652150313485
12.698,0.986103999999871,0.98667998519736
12.7,0.986119999999871,0.986707776777149
12.702,0.986135999999871,0.986735308960981
12.704,0.986151999999871,0.986762366994976
12.706,0.98616799999987,0.986788845372479
12.708,0.98618399999987,0.986814597303447
12.71,0.98619999999987,0.986839532729362
12.712,0.98621599999987,0.986863585680846
12.714,0.98623199999987,0.986886721520015
12.716,0.98624799999987,0.986908893844431
12.718,0.98626399999987,0.986930048247596
12.72,0.98627999999987,0.986950267877808
12.722,0.98629599999987,0.986969622309253
12.724,0.98631199999987,0.986988161895263
12.726,0.986327999999869,0.987006033633381
12.728,0.986343999999869,0.987023381302274
12.73,0.986359999999869,0.987040388453786
12.732,0.986375999999869,0.987057230654375
12.734,0.986391999999869,0.987074123208577
12.736,0.986407999999869,0.987091286083358
12.738,0.986423999999869,0.987108952149376
12.74,0.986439999999869,0.987127352144856
12.742,0.986455999999868,0.987146694357184
12.744,0.986471999999868,0.987167177190915
12.746,0.986487999999868,0.98718893228235
12.748,0.986503999999868,0.987212014662308
12.75,0.986519999999868,0.987236501434852
12.752,0.986535999999868,0.987262348760041
12.754,0.986551999999868,0.987289620632142
12.756,0.986567999999868,0.987318126545093
12.758,0.986583999999867,0.987347803330096
12.76,0.986599999999867,0.98737851113359
12.762,0.986615999999867,0.987410107405205
12.764,0.986631999999867,0.987442362932395
12.766,0.986647999999867,0.987475048798955
12.768,0.986663999999867,0.987507937175351
12.77,0.986679999999867,0.987540751654914
12.772,0.986695999999867,0.987573245918732
12.774,0.986711999999867,0.987605163342955
12.776,0.986727999999866,0.987636249145354
12.778,0.986743999999866,0.987666188265862
12.78,0.986759999999866,0.987694840359972
12.782,0.986775999999866,0.987721906819363
12.784,0.986791999999866,0.987747142330074
12.786,0.986807999999866,0.987770486987857
12.788,0.986823999999865,0.987791857044434
12.79,0.986839999999865,0.987811116486737
12.792,0.986854999999865,0.987828378174371
12.794,0.986869999999865,0.987843766508139
12.796,0.986884999999865,0.987857400226779
12.798,0.986899999999865,0.987869480114113
12.8,0.986914999999865,0.987880145388398
12.802,0.986927999999865,0.987889769725158
12.804,0.986940999999864,0.987898467187962
12.806,0.986953999999864,0.987906541466054
12.808,0.986966999999864,0.987914260050305
12.81,0.986979999999864,0.987921918701736
12.812,0.986989999999864,0.987929814146452
12.814,0.986999999999864,0.987938250437717
12.816,0.987009999999864,0.987947504128874
12.818,0.987019999999863,0.987957768879577
12.82,0.987029999999863,0.987969253259786
12.822,0.987035999999863,0.987982013223014
12.824,0.987041999999863,0.987996152237086
12.826,0.987047999999863,0.98801165672126
12.828,0.987053999999863,0.988028475355176
12.83,0.987059999999863,0.988046431544245
12.832,0.987060999999863,0.988065393748948
12.834,0.987061999999862,0.988085169897944
12.836,0.987062999999862,0.988105477416986
12.838,0.987063999999862,0.988125940550682
12.84,0.987064999999862,0.98814630167279
12.842,0.987059999999862,0.988166119236706
12.844,0.987054999999862,0.988185037398214
12.846,0.987049999999862,0.988202704651334
12.848,0.987044999999862,0.9882186302147
12.85,0.987039999999861,0.988232554572888
12.852,0.987027999999861,0.988244096741683
12.854,0.987015999999861,0.988252797739413
12.856,0.987003999999861,0.988258468784843
12.858,0.986991999999861,0.988260830632736
12.86,0.986979999999861,0.988259599343537
12.862,0.986959999999861,0.988254697524411
12.864,0.986939999999861,0.988246035679541
12.866,0.986919999999861,0.988233716780105
12.868,0.98689999999986,0.988217977435054
12.87,0.98687999999986,0.98819902237956
12.872,0.98685299999986,0.988177197750625
12.874,0.98682599999986,0.988152918258455
12.876,0.98679899999986,0.988126618722834
12.878,0.98677199999986,0.98809881843343
12.88,0.986744999999859,0.988070071360802
12.882,0.986711999999859,0.988040765186118
12.884,0.986678999999859,0.988011349704434
12.886,0.986645999999859,0.987982199783004
12.888,0.986612999999859,0.987953598223826
12.89,0.986579999999859,0.98792589946747
12.892,0.986541999999859,0.987899173957253
12.894,0.986503999999859,0.987873674407042
12.896,0.986465999999858,0.987849454285742
12.898,0.986427999999858,0.987826540559239
12.9,0.986389999999858,0.987804869327821
12.902,0.986347999999858,0.987784334122097
12.904,0.986305999999858,0.987764812198026
12.906,0.986263999999858,0.98774618037527
12.908,0.986221999999858,0.987728229238614
12.91,0.986179999999858,0.987710765117936
12.912,0.986134999999857,0.987693564593726
12.914,0.986089999999857,0.987676413354903
12.916,0.986044999999857,0.987659045785377
12.918,0.985999999999857,0.987641207035837
12.92,0.985954999999857,0.987622602818675
12.922,0.985907999999857,0.987602895645424
12.924,0.985860999999857,0.987581933182489
12.926,0.985813999999856,0.987559407583199
12.928,0.985766999999856,0.987535063227272
12.93,0.985719999999856,0.987508839740264
12.932,0.985671999999856,0.987480659664753
12.934,0.985623999999856,0.987450491862042
12.936,0.985575999999856,0.98741840426313
12.938,0.985527999999856,0.98738448535552
12.94,0.985479999999855,0.987348676228625
12.942,0.985431999999855,0.987311285445925
12.944,0.985383999999855,0.987272417008503
12.946,0.985335999999855,0.987232237017083
12.948,0.985287999999855,0.987191036633367
12.95,0.985239999999855,0.987149132983382
12.952,0.985192999999855,0.987106841103221
12.954,0.985145999999855,0.987064490285975
12.956,0.985098999999854,0.987022444712867
12.958,0.985051999999854,0.986981066652376
12.96,0.985004999999854,0.986940661837012
12.962,0.984958999999854,0.986901655548711
12.964,0.984912999999854,0.986864285878867
12.966,0.984866999999854,0.9868288463147
12.968,0.984820999999854,0.986795537233814
12.97,0.984774999999853,0.986764321672354
12.972,0.984729999999853,0.986735199114611
12.974,0.984684999999853,0.986708031866201
12.976,0.984639999999853,0.986682693901241
12.978,0.984594999999853,0.98665888113107
12.98,0.984549999999853,0.986636297844201
12.982,0.984505999999852,0.986614603571524
12.984,0.984461999999852,0.986593486746218
12.986,0.984417999999852,0.986572531207294
12.988,0.984373999999852,0.98655138445374
12.99,0.984329999999852,0.986529682517581
12.992,0.984286999999852,0.986507062921801
12.994,0.984243999999852,0.986483199360661
12.996,0.984200999999851,0.986457795745548
12.998,0.984157999999851,0.986430604672351
13,0.984114999999851,0.986401432049769
13.002,0.984072999999851,0.986370085673644
13.004,0.984030999999851,0.986336509869996
13.006,0.983988999999851,0.986300656343739
13.008,0.98394699999985,0.986262607866937
13.01,0.98390499999985,0.986222427250087
13.012,0.98386399999985,0.986180268110028
13.014,0.98382299999985,0.986136284735173
13.016,0.98378199999985,0.98609069538221
13.018,0.98374099999985,0.986043832488133
13.02,0.98369999999985,0.98599592621748
13.022,0.98365999999985,0.985947264157631
13.024,0.983619999999849,0.9858981897818
13.026,0.983579999999849,0.985848981070456
13.028,0.983539999999849,0.98579996410963
13.03,0.983499999999849,0.985751423073493
13.032,0.983460999999849,0.985703613113178
13.034,0.983421999999849,0.985656794780527
13.036,0.983382999999849,0.985611069628813
13.038,0.983343999999848,0.985566571362303
13.04,0.983304999999848,0.985523397946285
13.042,0.983266999999848,0.98548154582945
13.044,0.983228999999848,0.985441010293168
13.046,0.983190999999848,0.9854017494969
13.048,0.983152999999848,0.985363683979376
13.05,0.983114999999847,0.985326760455723
13.052,0.983077999999847,0.985290824458911
13.054,0.983040999999847,0.985255759991082
13.056,0.983003999999847,0.985221319416731
13.058,0.982966999999847,0.985187376653243
13.06,0.982929999999847,0.985153693477512
13.062,0.982893999999847,0.985120052624202
13.064,0.982857999999846,0.985086245976105
13.066,0.982821999999846,0.985052041632282
13.068,0.982785999999846,0.985017203164772
13.07,0.982749999999846,0.984981533516436
13.072,0.982714999999846,0.984944760529763
13.074,0.982679999999846,0.984906630004222
13.076,0.982644999999845,0.984867138067794
13.078,0.982609999999845,0.984826024501289
13.08,0.982574999999845,0.984783221904621
13.082,0.982540999999845,0.984738810765931
13.084,0.982506999999845,0.984692764476997
13.086,0.982472999999845,0.984645138772029
13.088,0.982438999999844,0.984596221292353
13.09,0.982404999999844,0.984546090888966
13.092,0.982371999999844,0.984495016847716
13.094,0.982338999999844,0.984443269556727
13.096,0.982305999999844,0.984391128436233
13.098,0.982272999999844,0.984338886258136
13.1,0.982239999999844,0.984286857892543
13.102,0.982207999999844,0.984235381735819
13.104,0.982175999999843,0.984184709291014
13.106,0.982143999999843,0.984135174417931
13.108,0.982111999999843,0.984087044620679
13.11,0.982079999999843,0.984040571907857
13.112,0.982048999999843,0.983995935756838
13.114,0.982017999999843,0.983953188450271
13.116,0.981986999999843,0.98391248059205
13.118,0.981955999999842,0.983873784959741
13.12,0.981924999999842,0.983836957092668
13.122,0.981894999999842,0.983801884227273
13.124,0.981864999999842,0.983768425633076
13.126,0.981834999999842,0.983736359409066
13.128,0.981804999999842,0.983705331406523
13.13,0.981774999999842,0.983675074654354
13.132,0.981745999999841,0.983645289339201
13.134,0.981716999999841,0.983615636517259
13.136,0.981687999999841,0.983585856689562
13.138,0.981658999999841,0.983555662609228
13.14,0.981629999999841,0.983524895676511
13.142,0.981601999999841,0.98349334557481
13.144,0.98157399999984,0.98346088773117
13.146,0.98154599999984,0.983427397915003
13.148,0.98151799999984,0.983392815979833
13.15,0.98148999999984,0.983357118114399
13.152,0.98146399999984,0.983320317515693
13.154,0.981437999999839,0.983282505490304
13.156,0.981411999999839,0.983243826390387
13.158,0.981385999999839,0.983204440188128
13.16,0.981359999999839,0.983164546543662
13.162,0.981336999999839,0.983124425288461
13.164,0.981313999999839,0.983084383703251
13.166,0.981290999999839,0.983044718618106
13.168,0.981267999999838,0.983005739476353
13.17,0.981244999999838,0.982967755751617
13.172,0.981225999999838,0.982930986423861
13.174,0.981206999999838,0.982895657313844
13.176,0.981187999999838,0.982862052433943
13.178,0.981168999999838,0.982830293024384
13.18,0.981149999999837,0.982800686227586
13.182,0.981135999999837,0.98277319059793
13.184,0.981121999999837,0.982747957028356
13.186,0.981107999999837,0.982725090327209
13.188,0.981093999999837,0.982704652726225
13.19,0.981079999999837,0.982686625835361
13.192,0.981071999999836,0.982670926858271
13.194,0.981063999999836,0.982657493835245
13.196,0.981055999999836,0.982646214462158
13.198,0.981047999999836,0.982637095234124
13.2,0.981039999999836,0.98262984613228
13.202,0.981038999999836,0.982624406081588
13.204,0.981037999999836,0.982620484383315
13.206,0.981036999999835,0.982617862509333
13.208,0.981035999999835,0.982616287230579
13.21,0.981034999999835,0.982615502118046
13.212,0.981041999999835,0.982615201523132
13.214,0.981048999999835,0.982615145552058
13.216,0.981055999999835,0.982615158542174
13.218,0.981062999999834,0.982615093274423
13.22,0.981069999999834,0.982614892130524
13.222,0.981085999999834,0.982614542453434
13.224,0.981101999999834,0.98261409219651
13.226,0.981117999999834,0.982613639791073
13.228,0.981133999999834,0.982613334144448
13.23,0.981149999999834,0.982613310610962
13.232,0.981175999999833,0.982613770553789
13.234,0.981201999999833,0.982614907333634
13.236,0.981227999999833,0.982616911428594
13.238,0.981253999999833,0.982619946588384
13.24,0.981279999999833,0.982624247285904
13.242,0.981314999999833,0.982629980197131
13.244,0.981349999999832,0.982637333572309
13.246,0.981384999999832,0.982646551964413
13.248,0.981419999999832,0.982657854481641
13.25,0.981454999999832,0.982671499027373
13.252,0.981497999999832,0.982687504743302
13.254,0.981540999999831,0.982706032535479
13.256,0.981583999999831,0.98272715697224
13.258,0.981626999999831,0.982750917935557
13.26,0.981669999999831,0.982777336123473
13.262,0.981719999999831,0.982806397319989
13.264,0.981769999999831,0.982838072137044
13.266,0.981819999999831,0.982872073054146
13.268,0.98186999999983,0.982908410638766
13.27,0.98191999999983,0.982946867163604
13.272,0.98197599999983,0.982987035929174
13.274,0.98203199999983,0.983028553614186
13.276,0.98208799999983,0.983071301809513
13.278,0.982143999999829,0.983114825583831
13.28,0.982199999999829,0.983158775207452
13.282,0.982260999999829,0.983202840462849
13.284,0.982321999999829,0.983246742485046
13.286,0.982382999999829,0.983290248164861
13.288,0.982443999999829,0.983333155139702
13.29,0.982504999999829,0.983375281487839
13.292,0.982569999999828,0.983416466930134
13.294,0.982634999999828,0.983456665884673
13.296,0.982699999999828,0.983495814728153
13.298,0.982764999999828,0.983533846232748
13.3,0.982829999999828,0.983570802014475
13.302,0.982897999999828,0.983606889018918
13.304,0.982965999999827,0.983642136212928
13.306,0.983033999999827,0.983676746901251
13.308,0.983101999999827,0.983710932886776
13.31,0.983169999999827,0.98374496056109
13.312,0.983239999999827,0.983779095655735
13.314,0.983309999999827,0.983813613712974
13.316,0.983379999999826,0.983848856451349
13.318,0.983449999999826,0.983885098390944
13.32,0.983519999999826,0.983922631866038
13.322,0.983590999999826,0.983961718204695
13.324,0.983661999999826,0.984002548041755
13.326,0.983732999999826,0.984045293185692
13.328,0.983803999999825,0.984089991834733
13.33,0.983874999999825,0.98413668728611
13.332,0.983945999999825,0.984185378327704
13.334,0.984016999999825,0.984235979979949
13.336,0.984087999999825,0.984288382779936
13.338,0.984158999999825,0.984342492463978
13.34,0.984229999999824,0.984398138476551
13.342,0.984299999999824,0.98445511455565
13.344,0.984369999999824,0.984513217999094
13.346,0.984439999999824,0.984572201788816
13.348,0.984509999999824,0.984631815511812
13.35,0.984579999999824,0.984691799421889
13.352,0.984648999999824,0.984751910311694
13.354,0.984717999999823,0.984811928929374
13.356,0.984786999999823,0.984871674082449
13.358,0.984855999999823,0.984930994572252
13.36,0.984924999999823,0.984989835923996
13.362,0.984992999999823,0.98504814208279
13.364,0.985060999999823,0.985105900062262
13.366,0.985128999999822,0.985163144477367
13.368,0.985196999999822,0.98521998194841
13.37,0.985264999999822,0.985276449144725
13.372,0.985331999999822,0.985332677051019
13.374,0.985398999999822,0.985388760936856
13.376,0.985465999999821,0.985444852507666
13.378,0.985532999999821,0.985501096256311
13.38,0.985599999999821,0.985557659076059
13.382,0.985665999999821,0.985614720392395
13.384,0.985731999999821,0.985672407070962
13.386,0.98579799999982,0.985730896356197
13.388,0.98586399999982,0.985790362635296
13.39,0.98592999999982,0.985850981759924
13.392,0.98599499999982,0.985912952168271
13.394,0.98605999999982,0.985976341320904
13.396,0.98612499999982,0.986041320296423
13.398,0.986189999999819,0.986108081499293
13.4,0.986254999999819,0.986176540108457
13.402,0.986318999999819,0.986246684042172
13.404,0.986382999999819,0.986318546526264
13.406,0.986446999999819,0.986391952398298
13.408,0.986510999999819,0.986466722817124
13.41,0.986574999999819,0.986542615628225
13.412,0.986637999999818,0.986619423473386
13.414,0.986700999999818,0.98669689738959
13.416,0.986763999999818,0.986774793661104
13.418,0.986826999999818,0.986852839679004
13.42,0.986889999999818,0.986930813157961
13.422,0.986951999999818,0.987008486977298
13.424,0.987013999999817,0.987085659132585
13.426,0.987075999999817,0.987162212686983
13.428,0.987137999999817,0.987238022522221
13.43,0.987199999999817,0.987313008237246
13.432,0.987260999999817,0.987387088275383
13.434,0.987321999999817,0.987460228790664
13.436,0.987382999999816,0.98753240921706
13.438,0.987443999999816,0.987603615026194
13.44,0.987504999999816,0.987673945605998
13.442,0.987564999999816,0.987743366120686
13.444,0.987624999999815,0.987812048360766
13.446,0.987684999999815,0.987880051654508
13.448,0.987744999999815,0.987947545685323
13.45,0.987804999999815,0.988014691733982
13.452,0.987863999999815,0.988081662516857
13.454,0.987922999999815,0.988148651434437
13.456,0.987981999999814,0.988215870193254
13.458,0.988040999999814,0.988283501334813
13.46,0.988099999999814,0.988351793551811
13.462,0.988157999999814,0.988420923014447
13.464,0.988215999999814,0.988491119358395
13.466,0.988273999999814,0.988562517578155
13.468,0.988331999999813,0.988635203360209
13.47,0.988389999999813,0.98870926561318
13.472,0.988446999999813,0.988784731007707
13.474,0.988503999999813,0.988861600490153
13.476,0.988560999999813,0.988939818906407
13.478,0.988617999999813,0.989019231706325
13.48,0.988674999999813,0.989099686562956
13.482,0.988730999999812,0.989180944440851
13.484,0.988786999999812,0.989262765043626
13.486,0.988842999999812,0.989344783768946
13.488,0.988898999999812,0.98942666616393
13.49,0.988954999999812,0.989508058939025
13.492,0.989009999999812,0.989588606398595
13.494,0.989064999999811,0.989668005393488
13.496,0.989119999999811,0.989745958483957
13.498,0.989174999999811,0.989822220433859
13.5,0.989229999999811,0.989896483913814
13.502,0.989283999999811,0.989968496792179
13.504,0.98933799999981,0.990038147236669
13.506,0.98939199999981,0.99010537363816
13.508,0.98944599999981,0.990170109672012
13.51,0.98949999999981,0.990232304636381
13.512,0.98955299999981,0.990292222500109
13.514,0.989605999999809,0.990349923363605
13.516,0.989658999999809,0.990405582796407
13.518,0.989711999999809,0.990459444985313
13.52,0.989764999999809,0.990511740578803
13.522,0.989815999999809,0.990562825184696
13.524,0.989866999999809,0.990612972136152
13.526,0.989917999999809,0.990662492538217
13.528,0.989968999999808,0.99071176654531
13.53,0.990019999999808,0.99076112912513
13.532,0.990067999999808,0.990810918598547
13.534,0.990115999999808,0.990861491575026
13.536,0.990163999999808,0.990913076416381
13.538,0.990211999999807,0.990965891023337
13.54,0.990259999999807,0.991020044951832
13.542,0.990303999999807,0.991075611461485
13.544,0.990347999999807,0.991132560878994
13.546,0.990391999999807,0.991190826807
13.548,0.990435999999807,0.991250313039738
13.55,0.990479999999806,0.991310901986603
13.552,0.990518999999806,0.991372335283234
13.554,0.990557999999806,0.991434436422486
13.556,0.990596999999806,0.991496841048361
13.558,0.990635999999806,0.991559297053037
13.56,0.990674999999806,0.9916214737097
13.562,0.990707999999806,0.991682984644343
13.564,0.990740999999805,0.991743530885508
13.566,0.990773999999805,0.991802702159093
13.568,0.990806999999805,0.991860168385462
13.57,0.990839999999805,0.991915646373146
13.572,0.990865999999805,0.9919687443137
13.574,0.990891999999804,0.992019233796609
13.576,0.990917999999804,0.992066900612576
13.578,0.990943999999804,0.992111351230926
13.58,0.990969999999804,0.992152340377173
13.582,0.990987999999804,0.992189626719877
13.584,0.991005999999804,0.992223097592398
13.586,0.991023999999803,0.992252905097361
13.588,0.991041999999803,0.992278703323584
13.59,0.991059999999803,0.992300779948471
13.592,0.991068999999803,0.992319486074878
13.594,0.991077999999803,0.9923351075238
13.596,0.991086999999803,0.992348154658374
13.598,0.991095999999802,0.992359013398062
13.6,0.991104999999802,0.992368201068356
13.602,0.991103999999802,0.992376247089265
13.604,0.991102999999802,0.992383607153597
13.606,0.991101999999802,0.992390646360181
13.608,0.991100999999802,0.992397718093417
13.61,0.991099999999801,0.992405126804246
13.612,0.991087999999801,0.992413057910509
13.614,0.991075999999801,0.992421704543372
13.616,0.991063999999801,0.992431126035413
13.618,0.991051999999801,0.992441340902807
13.62,0.9910399999998,0.992452296259567
13.622,0.9910159999998,0.992463886107329
13.624,0.9909919999998,0.992475944766898
13.626,0.9909679999998,0.992488288775896
13.628,0.9909439999998,0.992500666304139
13.63,0.9909199999998,0.99251278294867
13.632,0.990884999999799,0.992524310719251
13.634,0.990849999999799,0.992534880444878
13.636,0.990814999999799,0.992544184465222
13.638,0.990779999999799,0.992551789687984
13.64,0.990744999999799,0.992557323230719
13.642,0.990699999999799,0.99256038359842
13.644,0.990654999999798,0.992560709734697
13.646,0.990609999999798,0.992558173893293
13.648,0.990564999999798,0.992552215985688
13.65,0.990519999999798,0.992543003569609
13.652,0.990465999999797,0.992530354656101
13.654,0.990411999999797,0.992514229764105
13.656,0.990357999999797,0.992494623045924
13.658,0.990303999999797,0.992471613005809
13.66,0.990249999999797,0.992445270862313
13.662,0.990187999999797,0.992415690700229
13.664,0.990125999999796,0.992383078405142
13.666,0.990063999999796,0.992347763892773
13.668,0.990001999999796,0.992309977659575
13.67,0.989939999999796,0.992270080845222
13.672,0.989870999999796,0.992228342728596
13.674,0.989801999999795,0.992185144030268
13.676,0.989732999999795,0.992140888213285
13.678,0.989663999999795,0.992095827477476
13.68,0.989594999999795,0.992050314857915
13.682,0.989519999999795,0.992004631849327
13.684,0.989444999999795,0.991959041044515
13.686,0.989369999999794,0.991913744349165
13.688,0.989294999999794,0.991868935568081
13.69,0.989219999999794,0.991824751605036
13.692,0.989139999999794,0.99178123740705
13.694,0.989059999999794,0.991738433960261
13.696,0.988979999999794,0.991696327192107
13.698,0.988899999999793,0.99165491099587
13.7,0.988819999999793,0.991614057564665
13.702,0.988735999999793,0.991573715768339
13.704,0.988651999999793,0.991533705871638
13.706,0.988567999999793,0.991493853202774
13.708,0.988483999999793,0.991453944952654
13.71,0.988399999999792,0.991413714969943
13.712,0.988312999999792,0.991372932470096
13.714,0.988225999999792,0.991331375333995
13.716,0.988138999999792,0.991288633541098
13.718,0.988051999999792,0.991244349445727
13.72,0.987964999999792,0.991198301663601
13.722,0.987875999999791,0.991150091417342
13.724,0.987786999999791,0.991099492620996
13.726,0.987697999999791,0.991046298215835
13.728,0.987608999999791,0.990990378067903
13.73,0.98751999999979,0.990931565579401
13.732,0.98742999999979,0.990870039065211
13.734,0.98733999999979,0.990805800556055
13.736,0.98724999999979,0.990739042022764
13.738,0.98715999999979,0.990669815122783
13.74,0.98706999999979,0.990598442375431
13.742,0.986979999999789,0.990525167522677
13.744,0.986889999999789,0.990450250113822
13.746,0.986799999999789,0.990373965911339
13.748,0.986709999999789,0.990296593846825
13.75,0.986619999999789,0.990218256768793
13.752,0.986529999999789,0.99013920812125
13.754,0.986439999999788,0.990059573764048
13.756,0.986349999999788,0.989979492403798
13.758,0.986259999999788,0.989899052396077
13.76,0.986169999999788,0.989818347991928
13.762,0.986079999999788,0.989737421077839
13.764,0.985989999999788,0.989656281184296
13.766,0.985899999999787,0.98957488000968
13.768,0.985809999999787,0.989493139514845
13.77,0.985719999999787,0.98941094295295
13.772,0.985629999999787,0.989328175529928
13.774,0.985539999999787,0.989244707614922
13.776,0.985449999999787,0.989160326231248
13.778,0.985359999999786,0.989074928050952
13.78,0.985269999999786,0.98898840410814
13.782,0.985179999999786,0.98890053864682
13.784,0.985089999999786,0.9888113277146
13.786,0.984999999999786,0.988720658110161
13.788,0.984909999999785,0.988628457117347
13.79,0.984819999999785,0.988534744827647
13.792,0.984729999999785,0.988439577154565
13.794,0.984639999999785,0.988343009858829
13.796,0.984549999999785,0.98824525336556
13.798,0.984459999999785,0.988146305160174
13.8,0.984369999999784,0.988046400284909
13.802,0.984279999999784,0.987945655391421
13.804,0.984189999999784,0.987844339981744
13.806,0.984099999999784,0.987742545663408
13.808,0.984009999999784,0.987640477607469
13.81,0.983919999999784,0.987538316298678
13.812,0.983829999999783,0.9874362293105
13.814,0.983739999999783,0.987334366420311
13.816,0.983649999999783,0.987232852414899
13.818,0.983559999999783,0.987131808970666
13.82,0.983469999999782,0.987031259215196
13.822,0.983379999999782,0.986931255820128
13.824,0.983289999999782,0.986831764786611
13.826,0.983199999999782,0.986732764947358
13.828,0.983109999999782,0.986634214291594
13.83,0.983019999999782,0.986536007037044
13.832,0.982929999999781,0.986438063045862
13.834,0.982839999999781,0.986340281691354
13.836,0.982749999999781,0.986242561185492
13.838,0.982659999999781,0.986144799392067
13.84,0.982569999999781,0.986046905058173
13.842,0.982479999999781,0.98594879115421
13.844,0.98238999999978,0.985850364233696
13.846,0.98229999999978,0.985751546357809
13.848,0.98220999999978,0.985652291728694
13.85,0.98211999999978,0.98555254925239
13.852,0.98202999999978,0.985452293066988
13.854,0.98193999999978,0.985351521977917
13.856,0.981849999999779,0.985250182034779
13.858,0.981759999999779,0.985148278479394
13.86,0.981669999999779,0.985045767690751
13.862,0.981579999999779,0.984942602427957
13.864,0.981489999999779,0.984838770000443
13.866,0.981399999999779,0.984734297924145
13.868,0.981309999999778,0.984629164157852
13.87,0.981219999999778,0.984523424734598
13.872,0.981129999999778,0.984417141638033
13.874,0.981039999999778,0.984310352874882
13.876,0.980949999999778,0.984203186383738
13.878,0.980859999999778,0.984095735984714
13.88,0.980769999999778,0.983988122579056
13.882,0.980679999999777,0.983880495191039
13.884,0.980589999999777,0.983773007114794
13.886,0.980499999999777,0.98366586557367
13.888,0.980409999999777,0.983559205051272
13.89,0.980319999999776,0.983453242295283
13.892,0.980229999999776,0.983348165862397
13.894,0.980139999999776,0.983244077814835
13.896,0.980049999999776,0.983141188793366
13.898,0.979959999999776,0.983039551057842
13.9,0.979869999999775,0.982939370877305
13.902,0.979779999999775,0.982840660960011
13.904,0.979689999999775,0.982743527057214
13.906,0.979599999999775,0.982648008981348
13.908,0.979509999999775,0.982554104972066
13.91,0.979419999999775,0.982461750792742
13.912,0.979330999999774,0.98237092256803
13.914,0.979241999999774,0.982281473827167
13.916,0.979152999999774,0.982193326578745
13.918,0.979063999999774,0.982106340829787
13.92,0.978974999999774,0.982020357301078
13.922,0.978887999999773,0.981935198347072
13.924,0.978800999999773,0.981850687614107
13.926,0.978713999999773,0.98176666228295
13.928,0.978626999999773,0.981682938703611
13.93,0.978539999999773,0.981599342922845
13.932,0.978455999999773,0.981515674218031
13.934,0.978371999999772,0.981431762889154
13.936,0.978287999999772,0.981347448813822
13.938,0.978203999999772,0.981262618777364
13.94,0.978119999999772,0.981177197128951
13.942,0.978039999999772,0.981091121494451
13.944,0.977959999999771,0.981004393840856
13.946,0.977879999999771,0.980917005187207
13.948,0.977799999999771,0.980828983937828
13.95,0.977719999999771,0.980740360340237
13.952,0.977644999999771,0.980651216000785
13.954,0.97756999999977,0.980561644991055
13.956,0.97749499999977,0.980471700106571
13.958,0.97741999999977,0.980381511487153
13.96,0.97734499999977,0.980291225049745
13.962,0.97727599999977,0.980200982339674
13.964,0.97720699999977,0.980110996087656
13.966,0.977137999999769,0.980021512202043
13.968,0.977068999999769,0.979932794123513
13.97,0.976999999999769,0.979845183955421
13.972,0.976937999999769,0.979758940070933
13.974,0.976875999999769,0.979674365124416
13.976,0.976813999999769,0.979591857322323
13.978,0.976751999999768,0.979511605135139
13.98,0.976689999999768,0.979433969245923
13.982,0.976635999999768,0.979359086042999
13.984,0.976581999999768,0.979287162002717
13.986,0.976527999999767,0.97921837736251
13.988,0.976473999999767,0.979152477001334
13.99,0.976419999999767,0.97908951201232
13.992,0.976374999999767,0.979029305968196
13.994,0.976329999999767,0.978971837329133
13.996,0.976284999999767,0.978916573528949
13.998,0.976239999999766,0.978863403097206
14,0.976194999999766,0.978811898676865
14.002,0.976159999999766,0.97876173401586
14.004,0.976124999999766,0.978712532990756
14.006,0.976089999999766,0.978663934405569
14.008,0.976054999999765,0.978615627062414
14.01,0.976019999999765,0.978567338232736
14.012,0.975995999999765,0.978518823088679
14.014,0.975971999999765,0.978469862848583
14.016,0.975947999999765,0.97842030139166
14.018,0.975923999999764,0.978370045519576
14.02,0.975899999999764,0.978319065958193
14.022,0.975887999999764,0.978267372995535
14.024,0.975875999999764,0.978215085950602
14.026,0.975863999999764,0.978162341384343
14.028,0.975851999999764,0.97810935446714
14.03,0.975839999999763,0.978056361788846
14.032,0.975838999999763,0.978003643676082
14.034,0.975837999999763,0.977951531065952
14.036,0.975836999999763,0.977900326316352
14.038,0.975835999999763,0.977850470769594
14.04,0.975834999999762,0.977802194784805
14.042,0.975843999999762,0.977755964683902
14.044,0.975852999999762,0.977712148364917
14.046,0.975861999999762,0.977670958572184
14.048,0.975870999999762,0.977632792480831
14.05,0.975879999999762,0.977597623434405
14.052,0.975897999999761,0.977565857293257
14.054,0.975915999999761,0.977537317609854
14.056,0.975933999999761,0.977512090160275
14.058,0.975951999999761,0.977490195275219
14.06,0.975969999999761,0.977471429895528
14.062,0.975995999999761,0.977455960514861
14.064,0.97602199999976,0.977443339069325
14.066,0.97604799999976,0.977433562453096
14.068,0.97607399999976,0.97742641953305
14.07,0.97609999999976,0.97742144644206
14.072,0.97613299999976,0.977418459349427
14.074,0.97616599999976,0.977417299891705
14.076,0.976198999999759,0.977417350710805
14.078,0.976231999999759,0.977418488066531
14.08,0.976264999999759,0.977420356101771
14.082,0.976303999999759,0.977422641786264
14.084,0.976342999999758,0.977425087599051
14.086,0.976381999999758,0.977427468957131
14.088,0.976420999999758,0.977429614583519
14.09,0.976459999999758,0.977431393064458
14.092,0.976503999999758,0.977432710913342
14.094,0.976547999999757,0.97743351950782
14.096,0.976591999999757,0.977433772403176
14.098,0.976635999999757,0.977433420452682
14.1,0.976679999999757,0.97743252285091
14.102,0.976727999999757,0.97743106321386
14.104,0.976775999999757,0.977429131586436
14.106,0.976823999999756,0.977426889244341
14.108,0.976871999999756,0.977424499967929
14.11,0.976919999999756,0.9774222218165
14.112,0.976970999999756,0.977420370965537
14.114,0.977021999999756,0.977419326859644
14.116,0.977072999999756,0.977419491529403
14.118,0.977123999999755,0.977421317389391
14.12,0.977174999999755,0.977425182398111
14.122,0.977227999999755,0.977431679756461
14.124,0.977280999999755,0.97744121210894
14.126,0.977333999999755,0.977453868653542
14.128,0.977386999999754,0.977469975906455
14.13,0.977439999999754,0.977489809933093
14.132,0.977493999999754,0.977513111065498
14.134,0.977547999999754,0.977539847897932
14.136,0.977601999999754,0.977570001581679
14.138,0.977655999999754,0.977603165226258
14.14,0.977709999999753,0.977639105365285
14.142,0.977763999999753,0.977677472169865
14.144,0.977817999999753,0.977717859259224
14.146,0.977871999999753,0.977759796118309
14.148,0.977925999999753,0.977802874319365
14.15,0.977979999999752,0.977846635261102
14.152,0.978033999999752,0.977890717498959
14.154,0.978087999999752,0.977934804696678
14.156,0.978141999999752,0.977978653435074
14.158,0.978195999999752,0.978022101759092
14.16,0.978249999999752,0.978065046402712
14.162,0.978303999999751,0.97810744558617
14.164,0.978357999999751,0.978149306381063
14.166,0.978411999999751,0.978190700880081
14.168,0.978465999999751,0.978231685445638
14.17,0.978519999999751,0.978272401589525
14.172,0.97857399999975,0.97831297512065
14.174,0.97862799999975,0.978353573308532
14.176,0.97868199999975,0.978394394961226
14.178,0.97873599999975,0.978435632744331
14.18,0.97878999999975,0.978477540305603
14.182,0.978843999999749,0.978520303134412
14.184,0.978897999999749,0.978564126731381
14.186,0.978951999999749,0.978609210163725
14.188,0.979005999999749,0.978655726020132
14.19,0.979059999999749,0.978703779657379
14.192,0.979113999999749,0.978753448055431
14.194,0.979167999999748,0.978804951750868
14.196,0.979221999999748,0.978858216774394
14.198,0.979275999999748,0.978913457939975
14.2,0.979329999999748,0.978970705857187
14.202,0.979383999999748,0.979029917876841
14.204,0.979437999999747,0.97909112592105
14.206,0.979491999999747,0.979154301102726
14.208,0.979545999999747,0.979219419701382
14.21,0.979599999999747,0.979286388332917
14.212,0.979653999999747,0.979355043645119
14.214,0.979707999999746,0.979425223894074
14.216,0.979761999999746,0.979496836118662
14.218,0.979815999999746,0.97956954749132
14.22,0.979869999999746,0.979643089580694
14.222,0.979923999999746,0.979717357988213
14.224,0.979977999999746,0.97979198036405
14.226,0.980031999999745,0.979866758781513
14.228,0.980085999999745,0.979941491660975
14.23,0.980139999999745,0.980016039012048
14.232,0.980193999999745,0.980090287865314
14.234,0.980247999999745,0.980164165321459
14.236,0.980301999999744,0.980237670498877
14.238,0.980355999999744,0.980310799889466
14.24,0.980409999999744,0.9803835771753
14.242,0.980463999999744,0.980456079540043
14.244,0.980517999999744,0.98052838702687
14.246,0.980571999999744,0.980600600987139
14.248,0.980625999999743,0.980672795274779
14.25,0.980679999999743,0.980745025302229
14.252,0.980733999999743,0.980817305315393
14.254,0.980787999999743,0.980889619667323
14.256,0.980841999999743,0.980961928578785
14.258,0.980895999999742,0.981034173273795
14.26,0.980949999999742,0.981106280393304
14.262,0.981003999999742,0.981178162316439
14.264,0.981057999999742,0.981249722646028
14.266,0.981111999999742,0.981320862790315
14.268,0.981165999999742,0.981391473109612
14.27,0.981219999999741,0.981461469189406
14.272,0.981273999999741,0.981530824991414
14.274,0.981327999999741,0.981599398720664
14.276,0.981381999999741,0.98166725110112
14.278,0.98143599999974,0.981734284855797
14.28,0.98148999999974,0.981800490939621
14.282,0.98154399999974,0.98186585033665
14.284,0.98159799999974,0.981930404851832
14.286,0.98165199999974,0.981994115376035
14.288,0.981705999999739,0.982057024695514
14.29,0.981759999999739,0.982119141792887
14.292,0.981813999999739,0.982180517885101
14.294,0.981867999999739,0.982241212943861
14.296,0.981921999999739,0.982301297164351
14.298,0.981975999999738,0.982360850955783
14.3,0.982029999999738,0.982419965941592
14.302,0.982083999999738,0.98247874670701
14.304,0.982137999999738,0.982537309886749
14.306,0.982191999999738,0.98259579117307
14.308,0.982245999999738,0.982654320944616
14.31,0.982299999999737,0.982713025756455
14.312,0.982352999999737,0.982772018518543
14.314,0.982405999999737,0.982831408212985
14.316,0.982458999999737,0.982891278244714
14.318,0.982511999999737,0.982951765159516
14.32,0.982564999999736,0.983012879306107
14.322,0.982615999999736,0.983074755822449
14.324,0.982666999999736,0.983137393210781
14.326,0.982717999999736,0.983200758625752
14.328,0.982768999999736,0.983264789492852
14.33,0.982819999999735,0.983329377345538
14.332,0.982867999999735,0.983394437094202
14.334,0.982915999999735,0.983459817729252
14.336,0.982963999999735,0.983525411068968
14.338,0.983011999999735,0.983591099944729
14.34,0.983059999999734,0.983656771718965
14.342,0.983103999999734,0.983722315368911
14.344,0.983147999999734,0.983787624661444
14.346,0.983191999999734,0.983852567577563
14.348,0.983235999999734,0.983917018206386
14.35,0.983279999999733,0.983980816106594
14.352,0.983318999999733,0.984043842851679
14.354,0.983357999999733,0.984105922747625
14.356,0.983396999999733,0.984166911671154
14.358,0.983435999999733,0.984226670949765
14.36,0.983474999999733,0.984285111574871
14.362,0.983507999999732,0.984342151082089
14.364,0.983540999999732,0.98439777131569
14.366,0.983573999999732,0.984451980135297
14.368,0.983606999999732,0.984504823973739
14.37,0.983639999999732,0.984556297525479
14.372,0.983665999999731,0.984606483197645
14.374,0.983691999999731,0.984655438283973
14.376,0.983717999999731,0.984703082134852
14.378,0.983743999999731,0.984749541401485
14.38,0.983769999999731,0.984794646481342
14.382,0.98378799999973,0.984838522044067
14.384,0.98380599999973,0.984880844351583
14.386,0.98382399999973,0.984921757175758
14.388,0.98384199999973,0.984961121787105
14.39,0.98385999999973,0.98499884761943
14.392,0.983868999999729,0.985034996354893
14.394,0.983877999999729,0.985069625129099
14.396,0.983886999999729,0.985102835153273
14.398,0.983895999999729,0.985134767377758
14.4,0.983904999999729,0.985165608583753
14.402,0.983903999999729,0.985195515854043
14.404,0.983902999999728,0.985224715283224
14.406,0.983901999999728,0.985253428612807
14.408,0.983900999999728,0.985281816754342
14.41,0.983899999999728,0.985310047731813
14.412,0.983887999999728,0.985338254376698
14.414,0.983875999999727,0.985366541124911
14.416,0.983863999999727,0.985394974989519
14.418,0.983851999999727,0.98542356922277
14.42,0.983839999999727,0.985452294961576
14.422,0.983815999999727,0.985481055906282
14.424,0.983791999999726,0.985509731777536
14.426,0.983767999999726,0.985538162913005
14.428,0.983743999999726,0.985566143297098
14.43,0.983719999999726,0.98559350260467
14.432,0.983684999999726,0.985620039552519
14.434,0.983649999999725,0.985645464285314
14.436,0.983614999999725,0.98566954773444
14.438,0.983579999999725,0.985692106671667
14.44,0.983544999999725,0.985712784848963
14.442,0.983499999999725,0.985731372162833
14.444,0.983454999999725,0.985747677068411
14.446,0.983409999999724,0.985761478337228
14.448,0.983364999999724,0.985772674534146
14.45,0.983319999999724,0.985781092298569
14.452,0.983265999999724,0.985786704438967
14.454,0.983211999999723,0.98578948517833
14.456,0.983157999999723,0.985789348873841
14.458,0.983103999999723,0.985786258184165
14.46,0.983049999999723,0.98578013572103
14.462,0.982987999999723,0.985771151503552
14.464,0.982925999999723,0.985759094817153
14.466,0.982863999999722,0.985744122514171
14.468,0.982801999999722,0.985726187578756
14.47,0.982739999999722,0.985705553439115
14.472,0.982670999999722,0.985682284773319
14.474,0.982601999999722,0.985656454075627
14.476,0.982532999999721,0.985628489503703
14.478,0.982463999999721,0.985598606740479
14.48,0.982394999999721,0.985567074690538
14.482,0.982319999999721,0.985534262520432
14.484,0.98224499999972,0.985500530076348
14.486,0.98216999999972,0.98546617077073
14.488,0.98209499999972,0.985431471391352
14.49,0.98201999999972,0.985396697342519
14.492,0.98193999999972,0.985362053688692
14.494,0.98185999999972,0.985327716156726
14.496,0.981779999999719,0.985293812492511
14.498,0.981699999999719,0.985260443733473
14.5,0.981619999999719,0.985227675845445
14.502,0.981535999999719,0.985195620041028
14.504,0.981451999999719,0.985164275338172
14.506,0.981367999999719,0.98513358629931
14.508,0.981283999999718,0.985103571107469
14.51,0.981199999999718,0.985074089629464
14.512,0.981112999999718,0.985044947387276
14.514,0.981025999999718,0.985015958006248
14.516,0.980938999999718,0.984986851726928
14.518,0.980851999999717,0.984957361429282
14.52,0.980764999999717,0.984927076845142
14.522,0.980675999999717,0.98489568319043
14.524,0.980586999999717,0.984862919969486
14.526,0.980497999999717,0.984828237988051
14.528,0.980408999999716,0.984791289612022
14.53,0.980319999999716,0.984751827078999
14.532,0.980229999999716,0.984709684673872
14.534,0.980139999999716,0.984664613564079
14.536,0.980049999999716,0.984616250587412
14.538,0.979959999999716,0.984564392118462
14.54,0.979869999999715,0.984509027978544
14.542,0.979779999999715,0.984450013243503
14.544,0.979689999999715,0.984387240498438
14.546,0.979599999999715,0.98432097866192
14.548,0.979509999999715,0.984251015725454
14.55,0.979419999999714,0.984177794849804
14.552,0.979330499999714,0.98410142810122
14.554,0.979240999999714,0.98402231003579
14.556,0.979151499999714,0.98394076876948
14.558,0.979061999999713,0.983857210060187
14.56,0.978972499999713,0.983772095221527
14.562,0.978883499999713,0.983685882162398
14.564,0.978794499999713,0.983598983290933
14.566,0.978705499999713,0.983511742640622
14.568,0.978616499999712,0.983424515655688
14.57,0.978527499999712,0.983337552167297
14.572,0.978438999999712,0.983251055226025
14.574,0.978350499999712,0.983165140336022
14.576,0.978261999999712,0.983079899247376
14.578,0.978173499999711,0.982995296030997
14.58,0.978084999999711,0.982911302077105
14.582,0.977996999999711,0.98282778647608
14.584,0.977908999999711,0.982744555802842
14.586,0.977820999999711,0.982661424914911
14.588,0.97773299999971,0.982578155633307
14.59,0.97764499999971,0.98249447703763
14.592,0.97755749999971,0.982410130439921
14.594,0.97746999999971,0.982324904293172
14.596,0.97738249999971,0.982238534221275
14.598,0.977294999999709,0.982150772081429
14.6,0.977207499999709,0.982061487851856
14.602,0.977120499999709,0.981970415806093
14.604,0.977033499999709,0.981877490504101
14.606,0.976946499999709,0.981782578164558
14.608,0.976859499999708,0.981685540764099
14.61,0.976772499999708,0.981586437451357
14.612,0.976685999999708,0.981485351552497
14.614,0.976599499999708,0.981382201635314
14.616,0.976512999999708,0.981277520531995
14.618,0.976426499999708,0.98117111966863
14.62,0.976339999999707,0.98106338249273
14.622,0.976253999999707,0.98095458253616
14.624,0.976167999999707,0.980844881717337
14.626,0.976081999999707,0.980734535361271
14.628,0.975995999999707,0.980623811295171
14.63,0.975909999999707,0.980512876105305
14.632,0.975824499999706,0.980401882399737
14.634,0.975738999999706,0.980290936129408
14.636,0.975653499999706,0.980180101319757
14.638,0.975567999999706,0.980069405547604
14.64,0.975482499999705,0.979958846366332
14.642,0.975397499999705,0.979848403540779
14.644,0.975312499999705,0.979738049404971
14.646,0.975227499999705,0.979627731198121
14.648,0.975142499999704,0.979517390292519
14.65,0.975057499999704,0.979406959260615
14.652,0.974972999999704,0.979296361707428
14.654,0.974888499999704,0.979185533829597
14.656,0.974803999999704,0.979074421637327
14.658,0.974719499999704,0.97896301260362
14.66,0.974634999999703,0.978851305455432
14.662,0.974550999999703,0.978739336263497
14.664,0.974466999999703,0.978627168203284
14.666,0.974382999999703,0.978514899470246
14.668,0.974298999999702,0.978402621330214
14.67,0.974214999999702,0.978290439064069
14.672,0.974131499999702,0.978178451671941
14.674,0.974047999999702,0.978066766966322
14.676,0.973964499999702,0.977955482506207
14.678,0.973880999999701,0.977844704439355
14.68,0.973797499999701,0.977734527087844
14.682,0.973714499999701,0.977625139397391
14.684,0.973631499999701,0.977516518623756
14.686,0.973548499999701,0.977408945319889
14.688,0.973465499999701,0.977302326306164
14.69,0.9733824999997,0.977196884714234
14.692,0.9732999999997,0.977092704933068
14.694,0.9732174999997,0.976989790534919
14.696,0.9731349999997,0.976888187006604
14.698,0.9730524999997,0.976787949322346
14.7,0.972969999999699,0.976689140302452
14.702,0.972887999999699,0.976591806167042
14.704,0.972805999999699,0.976495915602584
14.706,0.972723999999699,0.976401466005515
14.708,0.972641999999699,0.97630837906233
14.71,0.972559999999698,0.976216573872864
14.712,0.972479499999698,0.976125879119378
14.714,0.972398999999698,0.976036121724647
14.716,0.972318499999698,0.975947100441995
14.718,0.972237999999698,0.975858628910873
14.72,0.972157499999698,0.975770484732914
14.722,0.972079499999697,0.975682460345531
14.724,0.972001499999697,0.975594390369805
14.726,0.971923499999697,0.975506113423
14.728,0.971845499999696,0.975417496510124
14.73,0.971767499999696,0.975328409832524
14.732,0.971692999999696,0.975238769289518
14.734,0.971618499999696,0.975148522492749
14.736,0.971543999999696,0.97505760561498
14.738,0.971469499999696,0.974966107735285
14.74,0.971394999999695,0.974874055956411
14.742,0.971324999999695,0.974781560466482
14.744,0.971254999999695,0.974688722462173
14.746,0.971184999999695,0.974595648538394
14.748,0.971114999999695,0.974502448287811
14.75,0.971044999999694,0.974409247003905
14.752,0.970980499999694,0.97431616265977
14.754,0.970915999999694,0.974223354367343
14.756,0.970851499999694,0.974130947242728
14.758,0.970786999999694,0.974039069382681
14.76,0.970722499999693,0.973947933643999
14.762,0.970664499999693,0.973857721894331
14.764,0.970606499999693,0.973768487012128
14.766,0.970548499999693,0.973680382572262
14.768,0.970490499999693,0.973593618962211
14.77,0.970432499999692,0.973508224208516
14.772,0.970381999999692,0.973424381079795
14.774,0.970331499999692,0.973342045433937
14.776,0.970280999999692,0.973261301605407
14.778,0.970230499999692,0.97318223427533
14.78,0.970179999999692,0.973104845829763
14.782,0.970137999999691,0.973029224238142
14.784,0.970095999999691,0.97295543504457
14.786,0.970053999999691,0.972883629619522
14.788,0.970011999999691,0.972813863869896
14.79,0.969969999999691,0.972746268366708
14.792,0.96993749999969,0.972680795768145
14.794,0.96990499999969,0.972617490195395
14.796,0.96987249999969,0.972556191518736
14.798,0.96983999999969,0.972496965214771
14.8,0.96980749999969,0.972439546944699
14.802,0.969785499999689,0.972383921845233
14.804,0.969763499999689,0.972329902262697
14.806,0.969741499999689,0.972277326736255
14.808,0.969719499999689,0.972226061364684
14.81,0.969697499999689,0.972175900434433
14.812,0.969686999999688,0.972126724459158
14.814,0.969676499999688,0.972078359719056
14.816,0.969665999999688,0.972030709999475
14.818,0.969655499999688,0.971983665375162
14.82,0.969644999999688,0.971937145787952
14.822,0.969646999999687,0.971891049771313
14.824,0.969648999999687,0.971845333289282
14.826,0.969650999999687,0.971799948910084
14.828,0.969652999999687,0.971754867665677
14.83,0.969654999999687,0.971710098242608
14.832,0.969669499999686,0.971665728846292
14.834,0.969683999999686,0.971621822217662
14.836,0.969698499999686,0.971578502258386
14.838,0.969712999999686,0.971535910667809
14.84,0.969727499999685,0.971494201748681
14.842,0.969753499999685,0.971453610557184
14.844,0.969779499999685,0.971414316368387
14.846,0.969805499999685,0.971376548753332
14.848,0.969831499999685,0.971340546777727
14.85,0.969857499999685,0.971306555652943
14.852,0.969893999999684,0.971274930036962
14.854,0.969930499999684,0.971245717083969
14.856,0.969966999999684,0.971219249389883
14.858,0.970003499999684,0.971195876698828
14.86,0.970039999999683,0.971175518786991
14.862,0.970085999999683,0.971158405847759
14.864,0.970131999999683,0.971144709069774
14.866,0.970177999999683,0.97113430466527
14.868,0.970223999999683,0.971127266105954
14.87,0.970269999999683,0.971123644779849
14.872,0.970324499999683,0.971123152740636
14.874,0.970378999999682,0.971125949040895
14.876,0.970433499999682,0.971131844736952
14.878,0.970487999999682,0.971140816808031
14.88,0.970542499999682,0.971152594446282
14.882,0.970604499999681,0.971167116254725
14.884,0.970666499999681,0.971184339577523
14.886,0.970728499999681,0.971203994582435
14.888,0.970790499999681,0.971226007890013
14.89,0.970852499999681,0.971250030456627
14.892,0.97092099999968,0.971275874906989
14.894,0.97098949999968,0.971303149512247
14.896,0.97105799999968,0.971331637125915
14.898,0.97112649999968,0.971361059260565
14.9,0.97119499999968,0.97139109994545
14.902,0.97126899999968,0.971421517844571
14.904,0.971342999999679,0.971452053352811
14.906,0.971416999999679,0.971482480892099
14.908,0.971490999999679,0.971512625995955
14.91,0.971564999999679,0.971542310879302
14.912,0.971643499999678,0.971571506056808
14.914,0.971721999999678,0.971600132076851
14.916,0.971800499999678,0.971628225789262
14.918,0.971878999999678,0.971655839254825
14.92,0.971957499999678,0.971683142263728
14.922,0.972039499999678,0.971710322441114
14.924,0.972121499999677,0.971737664549556
14.926,0.972203499999677,0.971765514166808
14.928,0.972285499999677,0.971794257593392
14.93,0.972367499999677,0.971824318479402
14.932,0.972451999999676,0.971856192661949
14.934,0.972536499999676,0.97189020433665
14.936,0.972620999999676,0.971926747050925
14.938,0.972705499999676,0.97196619083528
14.94,0.972789999999676,0.972008877869464
14.942,0.972875999999675,0.972054947180818
14.944,0.972961999999675,0.972104653673835
14.946,0.973047999999675,0.972158004197482
14.948,0.973133999999675,0.972215109501582
14.95,0.973219999999674,0.972275912882081
14.952,0.973306499999674,0.972340339594687
14.954,0.973392999999674,0.972408210973786
14.956,0.973479499999674,0.972479401242563
14.958,0.973565999999674,0.972553414409289
14.96,0.973652499999674,0.972630018549415
14.962,0.973738999999673,0.972708880360887
14.964,0.973825499999673,0.972789526574038
14.966,0.973911999999673,0.972871527214571
14.968,0.973998499999673,0.972954554868193
14.97,0.974084999999672,0.973038185172332
14.972,0.974171499999672,0.973122082361563
14.974,0.974257999999672,0.973205984497589
14.976,0.974344499999672,0.973289695532489
14.978,0.974430999999672,0.973373098567901
14.98,0.974517499999672,0.97345616068401
14.982,0.974603999999672,0.973538883431494
14.984,0.974690499999671,0.973621302780844
14.986,0.974776999999671,0.973703467693696
14.988,0.974863499999671,0.9737854774717
14.99,0.974949999999671,0.973867412175272
14.992,0.975036499999671,0.973949392832681
14.994,0.97512299999967,0.97403155286841
14.996,0.97520949999967,0.974114090166998
14.998,0.97529599999967,0.974197189609942
15,0.97538249999967,0.974281028754239
15.002,0.97546899999967,0.974365870193162
15.004,0.975555499999669,0.974451903523864
15.006,0.975641999999669,0.974539340898809
15.008,0.975728499999669,0.974628305591835
15.01,0.975814999999669,0.974719050412366
15.012,0.975901499999668,0.974811695319954
15.014,0.975987999999668,0.974906339315979
15.016,0.976074499999668,0.975003041870951
15.018,0.976160999999668,0.97510193110295
15.02,0.976247499999668,0.975202851748342
15.022,0.976333999999667,0.975305777803564
15.024,0.976420499999667,0.975410597247261
15.026,0.976506999999667,0.975517175650389
15.028,0.976593499999667,0.975625287415982
15.03,0.976679999999667,0.975734667859104
15.032,0.976766499999666,0.975845075743139
15.034,0.976852999999666,0.97595627900662
15.036,0.976939499999666,0.97606797865971
15.038,0.977025999999666,0.976179895511746
15.04,0.977112499999666,0.976291790215658
15.042,0.977198999999665,0.976403464465036
15.044,0.977285499999665,0.976514777950589
15.046,0.977371999999665,0.976625623812845
15.048,0.977458499999665,0.976735975787386
15.05,0.977544999999665,0.976845830000368
15.052,0.977631499999664,0.976955183028173
15.054,0.977717999999664,0.97706413718708
15.056,0.977804499999664,0.977172769617617
15.058,0.977890999999664,0.97728117917202
15.06,0.977977499999664,0.977389516964127
15.062,0.978063999999664,0.977497936141059
15.064,0.978150499999663,0.977606588467665
15.066,0.978236999999663,0.977715598600525
15.068,0.978323499999663,0.977825015103146
15.07,0.978409999999663,0.977934902012736
15.072,0.978496499999663,0.978045240946998
15.074,0.978582999999662,0.978155992411063
15.076,0.978669499999662,0.97826708502886
15.078,0.978755999999662,0.978378426457212
15.08,0.978842499999662,0.978489904491526
15.082,0.978928999999662,0.978601404916587
15.084,0.979015499999661,0.978712808608486
15.086,0.979101999999661,0.978824001277977
15.088,0.979188499999661,0.978934899230475
15.09,0.979274999999661,0.979045386380141
15.092,0.979361499999661,0.979155377653757
15.094,0.97944799999966,0.979264795888638
15.096,0.97953449999966,0.9793735345932
15.098,0.97962099999966,0.979481519030112
15.1,0.97970749999966,0.979588658215275
15.102,0.97979399999966,0.979694912660881
15.104,0.979880499999659,0.979800244077531
15.106,0.979966999999659,0.979904635564284
15.108,0.980053499999659,0.980008023685712
15.11,0.980139999999659,0.98011038239659
15.112,0.980225999999659,0.98021169989506
15.114,0.980311999999658,0.980312010670123
15.116,0.980397999999658,0.980411306917241
15.118,0.980483999999658,0.980509638057953
15.12,0.980569999999658,0.980607086609844
15.122,0.980654499999658,0.980703749182037
15.124,0.980738999999657,0.980799715672458
15.126,0.980823499999657,0.980895129073055
15.128,0.980907999999657,0.980990114877012
15.13,0.980992499999657,0.981084791001723
15.132,0.981074499999657,0.981179278197319
15.134,0.981156499999656,0.981273698895011
15.136,0.981238499999656,0.981368176168291
15.138,0.981320499999656,0.981462815636382
15.14,0.981402499999656,0.981557780085207
15.142,0.981480999999656,0.981653148487667
15.144,0.981559499999655,0.981749030686824
15.146,0.981637999999655,0.981845479832158
15.148,0.981716499999655,0.981942477067596
15.15,0.981794999999655,0.982039965950432
15.152,0.981868999999655,0.982137855211251
15.154,0.981942999999655,0.982236022693816
15.156,0.982016999999654,0.982334323388374
15.158,0.982090999999654,0.982432587883432
15.16,0.982164999999654,0.982530633852223
15.162,0.982233499999654,0.982628269295726
15.164,0.982301999999653,0.982725300609662
15.166,0.982370499999653,0.982821543505392
15.168,0.982438999999653,0.982916817361952
15.17,0.982507499999653,0.983011016418037
15.172,0.982569499999653,0.983103960269598
15.174,0.982631499999653,0.983195580310456
15.176,0.982693499999652,0.983285828427814
15.178,0.982755499999652,0.983374574367545
15.18,0.982817499999652,0.983461864430467
15.182,0.982871999999652,0.9835476138898
15.184,0.982926499999652,0.983631835116598
15.186,0.982980999999651,0.983714492597434
15.188,0.983035499999651,0.983795535799718
15.19,0.983089999999651,0.98387485208441
15.192,0.983135999999651,0.983952439349381
15.194,0.983181999999651,0.984028155571845
15.196,0.98322799999965,0.98410197400097
15.198,0.98327399999965,0.984173806433949
15.2,0.98331999999965,0.984243773919152
15.202,0.98335649999965,0.984311849418533
15.204,0.98339299999965,0.984378045697194
15.206,0.983429499999649,0.984442561229126
15.208,0.983465999999649,0.984505516026161
15.21,0.983502499999649,0.984567076657104
15.212,0.983528499999649,0.984627507963653
15.214,0.983554499999648,0.984686923793426
15.216,0.983580499999648,0.984745542803208
15.218,0.983606499999648,0.98480356394025
15.22,0.983632499999648,0.984861142313667
15.222,0.983646999999648,0.984918389443402
15.224,0.983661499999647,0.984975360940747
15.226,0.983675999999647,0.985032067497043
15.228,0.983690499999647,0.985088494123611
15.23,0.983704999999647,0.985144591706777
15.232,0.983706999999647,0.985200338087343
15.234,0.983708999999647,0.985255667401315
15.236,0.983710999999646,0.985310444902652
15.238,0.983712999999646,0.985364586000654
15.24,0.983714999999646,0.985417939976121
15.242,0.983704499999646,0.985470354115818
15.244,0.983693999999645,0.985521604974738
15.246,0.983683499999645,0.985571619943133
15.248,0.983672999999645,0.98562012563891
15.25,0.983662499999645,0.985666937774384
15.252,0.983640499999645,0.985711961773824
15.254,0.983618499999644,0.985754942383529
15.256,0.983596499999644,0.985795692800714
15.258,0.983574499999644,0.985834098675548
15.26,0.983552499999644,0.985869833917215
15.262,0.983519999999644,0.985903025045356
15.264,0.983487499999643,0.985933272048116
15.266,0.983454999999643,0.985960561148058
15.268,0.983422499999643,0.985984922466158
15.27,0.983389999999643,0.986006096994068
15.272,0.983347999999643,0.986024240649306
15.274,0.983305999999643,0.986039271916002
15.276,0.983263999999642,0.986051188825825
15.278,0.983221999999642,0.98605994989913
15.28,0.983179999999642,0.986065692909817
15.282,0.983129499999642,0.986068453958369
15.284,0.983078999999642,0.986067958339424
15.286,0.983028499999641,0.986064875028628
15.288,0.982977999999641,0.986059049391333
15.29,0.982927499999641,0.986050312006058
15.292,0.982869499999641,0.986039021321494
15.294,0.982811499999641,0.986025294022631
15.296,0.98275349999964,0.986009311833537
15.298,0.98269549999964,0.985991186797673
15.3,0.98263749999964,0.985971135480775
15.302,0.98257299999964,0.985949335318385
15.304,0.98250849999964,0.985925973751573
15.306,0.982443999999639,0.985901302786835
15.308,0.982379499999639,0.985875479075781
15.31,0.982314999999639,0.985848677991238
15.312,0.982244999999639,0.985821129511991
15.314,0.982174999999639,0.985793046941514
15.316,0.982104999999638,0.98576463032956
15.318,0.982034999999638,0.985736085445729
15.32,0.981964999999638,0.985707588242027
15.322,0.981890499999638,0.985679259089348
15.324,0.981815999999638,0.985651166988826
15.326,0.981741499999637,0.98562328913187
15.328,0.981666999999637,0.985595543838055
15.33,0.981592499999637,0.985567763388429
15.332,0.981514499999637,0.985539711123746
15.334,0.981436499999637,0.985511115979421
15.336,0.981358499999636,0.985481603297538
15.338,0.981280499999636,0.985450817124474
15.34,0.981202499999636,0.985418344759884
15.342,0.981121999999636,0.985383971401467
15.344,0.981041499999636,0.98534719810983
15.346,0.980960999999635,0.985307790248889
15.348,0.980880499999635,0.985265529685758
15.35,0.980799999999635,0.985220312796365
15.352,0.980717999999635,0.985171761845947
15.354,0.980635999999635,0.985119811883934
15.356,0.980553999999634,0.985064557164231
15.358,0.980471999999634,0.985005600001984
15.36,0.980389999999634,0.984943160791721
15.362,0.980307499999634,0.984877380406166
15.364,0.980224999999634,0.984808150380363
15.366,0.980142499999634,0.984735866981785
15.368,0.980059999999633,0.98466061560182
15.37,0.979977499999633,0.984582741850809
15.372,0.979894499999633,0.98450256682415
15.374,0.979811499999633,0.984420583351046
15.376,0.979728499999633,0.984337101860618
15.378,0.979645499999632,0.984252535338018
15.38,0.979562499999632,0.984167314680287
15.382,0.979478999999632,0.984081746922116
15.384,0.979395499999632,0.983996101075192
15.386,0.979311999999632,0.983910606283828
15.388,0.979228499999631,0.983825409592562
15.39,0.979144999999631,0.983740610373804
15.392,0.979060999999631,0.983656283623686
15.394,0.978976999999631,0.983572405492135
15.396,0.978892999999631,0.983489000532047
15.398,0.97880899999963,0.983405993715377
15.4,0.97872499999963,0.983323324990283
15.402,0.97864049999963,0.983240867708675
15.404,0.97855599999963,0.983158462926407
15.406,0.978471499999629,0.983075942955544
15.408,0.978386999999629,0.982993107629384
15.41,0.978302499999629,0.982909706106899
15.412,0.978217499999629,0.98282548468884
15.414,0.978132499999629,0.98274022858148
15.416,0.978047499999628,0.982653686130049
15.418,0.977962499999628,0.982565593662431
15.42,0.977877499999628,0.982475801379791
15.422,0.977791999999628,0.982384069312765
15.424,0.977706499999628,0.982290174125223
15.426,0.977620999999627,0.98219415142305
15.428,0.977535499999627,0.982095861037308
15.43,0.977449999999627,0.981995112360742
15.432,0.977363999999627,0.981892119191551
15.434,0.977277999999627,0.981786813137695
15.436,0.977191999999627,0.981679553660966
15.438,0.977105999999626,0.981570211480618
15.44,0.977019999999626,0.981459084022399
15.442,0.976933499999626,0.981346324760465
15.444,0.976846999999626,0.981232175607064
15.446,0.976760499999626,0.981116856524391
15.448,0.976673999999625,0.981000624950532
15.45,0.976587499999625,0.980883751828866
15.452,0.976500499999625,0.980766542414413
15.454,0.976413499999625,0.980649292851038
15.456,0.976326499999625,0.980532250736331
15.458,0.976239499999624,0.980415668215632
15.46,0.976152499999624,0.980299756311828
15.462,0.976064999999624,0.980184659418069
15.464,0.975977499999624,0.980070478540546
15.466,0.975889999999624,0.979957204892841
15.468,0.975802499999624,0.9798448270696
15.47,0.975714999999623,0.979733246910989
15.472,0.975626999999623,0.979622303095203
15.474,0.975538999999623,0.979511819741261
15.476,0.975450999999623,0.979401611165574
15.478,0.975362999999622,0.97929149548347
15.48,0.975274999999622,0.979181312668415
15.482,0.975186499999622,0.979070958647784
15.484,0.975097999999622,0.978960333208873
15.486,0.975009499999621,0.978849417100938
15.488,0.974920999999621,0.978738196100376
15.49,0.974832499999621,0.978626687748189
15.492,0.974743499999621,0.978514931029616
15.494,0.974654499999621,0.978402982529192
15.496,0.974565499999621,0.978290912273366
15.498,0.97447649999962,0.978178806995415
15.5,0.97438749999962,0.978066760192489
15.502,0.97429799999962,0.977954902443462
15.504,0.97420849999962,0.977843296508481
15.506,0.97411899999962,0.977732144170899
15.508,0.97402949999962,0.977621539778068
15.51,0.973939999999619,0.977511613847608
15.512,0.973849999999619,0.977402480131821
15.514,0.973759999999619,0.977294233280078
15.516,0.973669999999619,0.977186895246752
15.518,0.973579999999618,0.977080542816867
15.52,0.973489999999618,0.976975263300433
15.522,0.973399999999618,0.976871059046656
15.524,0.973309999999618,0.976767987237936
15.526,0.973219999999618,0.976666060402007
15.528,0.973129999999617,0.976565260321836
15.53,0.973039999999617,0.976465535265167
15.532,0.972950999999617,0.976366799920927
15.534,0.972861999999617,0.976268964666388
15.536,0.972772999999617,0.976171869882763
15.538,0.972683999999616,0.976075363972982
15.54,0.972594999999616,0.975979310641688
15.542,0.972507999999616,0.975883548627109
15.544,0.972420999999616,0.97578793121926
15.546,0.972333999999616,0.975692312051205
15.548,0.972246999999616,0.975596561033477
15.55,0.972159999999615,0.975500529713195
15.552,0.972075999999615,0.975404117330779
15.554,0.971991999999615,0.975307239401935
15.556,0.971907999999615,0.975209822913364
15.558,0.971823999999614,0.975111894048668
15.56,0.971739999999614,0.97501346233634
15.562,0.971659999999614,0.974914579376472
15.564,0.971579999999614,0.974815320249055
15.566,0.971499999999614,0.974715789122049
15.568,0.971419999999613,0.974616110620024
15.57,0.971339999999613,0.974516430544968
15.572,0.971264999999613,0.974416886557385
15.574,0.971189999999613,0.974317656701304
15.576,0.971114999999613,0.97421895174278
15.578,0.971039999999612,0.974120825738809
15.58,0.970964999999612,0.97402337661895
15.582,0.970895999999612,0.973926965015844
15.584,0.970826999999612,0.973831563903338
15.586,0.970757999999612,0.973737425417632
15.588,0.970688999999611,0.973644630689234
15.59,0.970619999999611,0.973553325392349
15.592,0.970557999999611,0.973463552393145
15.594,0.970495999999611,0.973375439059982
15.596,0.970433999999611,0.973289080072616
15.598,0.970371999999611,0.973204559794586
15.6,0.97030999999961,0.973121986505293
15.602,0.97025599999961,0.973041381651749
15.604,0.97020199999961,0.972962796481086
15.606,0.97014799999961,0.97288615621555
15.608,0.970093999999609,0.97281140375938
15.61,0.970039999999609,0.972738416753537
15.612,0.969994999999609,0.972667215242892
15.614,0.969949999999609,0.972597588437328
15.616,0.969904999999609,0.972529403597338
15.618,0.969859999999608,0.972462486229229
15.62,0.969814999999608,0.972396711281886
15.622,0.969779999999608,0.972331906660275
15.624,0.969744999999608,0.97226782406939
15.626,0.969709999999608,0.972204324030125
15.628,0.969674999999607,0.972141252401365
15.63,0.969639999999607,0.97207848175262
15.632,0.969615999999607,0.972015909018096
15.634,0.969591999999607,0.971953460623205
15.636,0.969567999999607,0.971891066358555
15.638,0.969543999999607,0.971828679316532
15.64,0.969519999999606,0.971766285475063
15.642,0.969507999999606,0.971703904612785
15.644,0.969495999999606,0.971641599412002
15.646,0.969483999999606,0.971579471278326
15.648,0.969471999999606,0.971517630658589
15.65,0.969459999999605,0.971456238451278
15.652,0.969458999999605,0.971395446290912
15.654,0.969457999999605,0.97133541936543
15.656,0.969456999999605,0.971276398310337
15.658,0.969455999999604,0.971218625228652
15.66,0.969454999999604,0.971162282045911
15.662,0.969463999999604,0.97110768486413
15.664,0.969472999999604,0.971055034651004
15.666,0.969481999999604,0.971004627265136
15.668,0.969490999999603,0.970956735380648
15.67,0.969499999999603,0.970911531166203
15.672,0.969517999999603,0.970869275694495
15.674,0.969535999999603,0.970830162233066
15.676,0.969553999999603,0.970794266276158
15.678,0.969571999999602,0.970761680442722
15.68,0.969589999999602,0.970732308924022
15.682,0.969615999999602,0.970706275755931
15.684,0.969641999999602,0.97068341450975
15.686,0.969667999999602,0.97066374007436
15.688,0.969693999999601,0.970647239654346
15.69,0.969719999999601,0.970633575055305
15.692,0.969753999999601,0.970622864388214
15.694,0.969787999999601,0.97061508541847
15.696,0.969821999999601,0.970610199511595
15.698,0.9698559999996,0.970607772327286
15.7,0.9698899999996,0.970608067534967
15.702,0.9699319999996,0.970610680405567
15.704,0.9699739999996,0.970615665490154
15.706,0.9700159999996,0.970622724812215
15.708,0.970057999999599,0.970631501340905
15.71,0.970099999999599,0.970641875185425
15.712,0.970149999999599,0.970653458335427
15.714,0.970199999999599,0.970666058795231
15.716,0.970249999999599,0.970679317309473
15.718,0.970299999999598,0.970692986418096
15.72,0.970349999999598,0.970706810331613
15.722,0.970407999999598,0.970720575236271
15.724,0.970465999999598,0.970734113453556
15.726,0.970523999999598,0.970747359067573
15.728,0.970581999999597,0.970760302960174
15.73,0.970639999999597,0.97077299017947
15.732,0.970705999999597,0.9707855663739
15.734,0.970771999999597,0.970798233996591
15.736,0.970837999999597,0.970811262339243
15.738,0.970903999999597,0.970824941635912
15.74,0.970969999999596,0.970839641901545
15.742,0.971043999999596,0.970855712654407
15.744,0.971117999999596,0.970873544908491
15.746,0.971191999999596,0.97089360698344
15.748,0.971265999999596,0.970916125659741
15.75,0.971339999999595,0.970941485678712
15.752,0.971420999999595,0.970970065303454
15.754,0.971501999999595,0.971002192151723
15.756,0.971582999999595,0.971037855461052
15.758,0.971663999999595,0.971077601544494
15.76,0.971744999999594,0.971121289573398
15.762,0.971831999999594,0.971169385836545
15.764,0.971918999999594,0.971221748847362
15.766,0.972005999999594,0.971278555120748
15.768,0.972092999999594,0.97133975926386
15.77,0.972179999999593,0.971405486374193
15.772,0.972271999999593,0.971475484001012
15.774,0.972363999999593,0.971549482098403
15.776,0.972455999999593,0.97162704286503
15.778,0.972547999999592,0.971707945643579
15.78,0.972639999999592,0.971791797018341
15.782,0.972735999999592,0.971878082699816
15.784,0.972831999999592,0.971966361403056
15.786,0.972927999999592,0.972055979851403
15.788,0.973023999999592,0.972146689087576
15.79,0.973119999999591,0.972237902752448
15.792,0.973218999999591,0.972329235525347
15.794,0.973317999999591,0.972420370264069
15.796,0.973416999999591,0.97251107143641
15.798,0.973515999999591,0.972601156988694
15.8,0.97361499999959,0.972690595052208
15.802,0.97371599999959,0.972779330664297
15.804,0.97381699999959,0.972867417286027
15.806,0.97391799999959,0.972954925357469
15.808,0.97401899999959,0.973041977107597
15.81,0.974119999999589,0.973128719974643
15.812,0.974221999999589,0.973215379127351
15.814,0.974323999999589,0.973302179681313
15.816,0.974425999999589,0.973389421422203
15.818,0.974527999999589,0.973477393486356
15.82,0.974629999999588,0.973566413291771
15.822,0.974732999999588,0.973656811332743
15.824,0.974835999999588,0.97374890465794
15.826,0.974938999999588,0.973842990533973
15.828,0.975041999999588,0.973939285862526
15.83,0.975144999999587,0.974038029453819
15.832,0.975248999999587,0.974139396449846
15.834,0.975352999999587,0.974243481475228
15.836,0.975456999999587,0.974350286899309
15.838,0.975560999999587,0.974459918325296
15.84,0.975664999999586,0.97457221752678
15.842,0.975769999999586,0.974687163719814
15.844,0.975874999999586,0.974804431814503
15.846,0.975979999999586,0.974924026010456
15.848,0.976084999999586,0.975045502949942
15.85,0.976189999999585,0.97516871010002
15.852,0.976295999999585,0.975293423702912
15.854,0.976401999999585,0.975419035165694
15.856,0.976507999999585,0.975545439870939
15.858,0.976613999999585,0.975672244814047
15.86,0.976719999999584,0.975799089117386
15.862,0.976826999999584,0.975925679669569
15.864,0.976933999999584,0.976051802265686
15.866,0.977040999999584,0.976177200618968
15.868,0.977147999999584,0.976301666029876
15.87,0.977254999999583,0.976425166623803
15.872,0.977362999999583,0.976547650249556
15.874,0.977470999999583,0.976669124531392
15.876,0.977578999999583,0.976789703079401
15.878,0.977686999999582,0.976909479037623
15.88,0.977794999999582,0.977028602865999
15.882,0.977903999999582,0.9771472307243
15.884,0.978012999999582,0.97726557246876
15.886,0.978121999999582,0.97738384088031
15.888,0.978230999999582,0.97750228842956
15.89,0.978339999999582,0.977621153724639
15.892,0.978449999999581,0.977740679989805
15.894,0.978559999999581,0.977861065943217
15.896,0.978669999999581,0.977982552870845
15.898,0.978779999999581,0.978105190762784
15.9,0.978889999999581,0.978229127160059
15.902,0.979000999999581,0.978354350334369
15.904,0.97911199999958,0.97848090007012
15.906,0.97922299999958,0.978608698516377
15.908,0.97933399999958,0.978737616650215
15.91,0.979444999999579,0.978867516476991
15.912,0.979556999999579,0.978998270530411
15.914,0.979668999999579,0.97912962569611
15.916,0.979780999999579,0.979261397451247
15.918,0.979892999999579,0.979393384403982
15.92,0.980004999999578,0.979525365029424
15.922,0.980117999999578,0.979657143245216
15.924,0.980230999999578,0.979788523487175
15.926,0.980343999999578,0.979919340721775
15.928,0.980456999999578,0.980049438249599
15.93,0.980569999999577,0.980178664944807
15.932,0.980682999999577,0.980306881513281
15.934,0.980795999999577,0.980433978605834
15.936,0.980908999999577,0.980559862488758
15.938,0.981021999999577,0.980684484723444
15.94,0.981134999999576,0.980807841181301
15.942,0.981246999999576,0.980929961999998
15.944,0.981358999999576,0.981050908247038
15.946,0.981470999999576,0.981170797417554
15.948,0.981582999999576,0.981289734676519
15.95,0.981694999999575,0.981407937035585
15.952,0.981804999999575,0.981525595790814
15.954,0.981914999999575,0.981642873970254
15.956,0.982024999999575,0.981759969366446
15.958,0.982134999999575,0.981877044037993
15.96,0.982244999999574,0.981994255218923
15.962,0.982351999999574,0.982111755936639
15.964,0.982458999999574,0.98222966316109
15.966,0.982565999999574,0.982348071459549
15.968,0.982672999999574,0.982467005511255
15.97,0.982779999999573,0.982586465679446
15.972,0.982884999999573,0.982706402914984
15.974,0.982989999999573,0.982826763955361
15.976,0.983094999999573,0.982947493353759
15.978,0.983199999999573,0.983068523359333
15.98,0.983304999999572,0.983189784841759
15.982,0.983408999999572,0.983311190184384
15.984,0.983512999999572,0.983432670872495
15.986,0.983616999999572,0.983554118956872
15.988,0.983720999999572,0.983675411959919
15.99,0.983824999999571,0.983796420377955
15.992,0.983928999999571,0.983917004875619
15.994,0.984032999999571,0.984037035141403
15.996,0.984136999999571,0.984156384722391
15.998,0.984240999999571,0.984274950329356
16,0.98434499999957,0.9843925914103
16.002,0.98444999999957,0.984509153794848
16.004,0.98455499999957,0.984624661008438
16.006,0.98465999999957,0.984738954973229
16.008,0.984764999999569,0.984852103007562
16.01,0.984869999999569,0.984964117056723
16.012,0.984976999999569,0.985075066329555
16.014,0.985083999999569,0.985185057136085
16.016,0.985190999999569,0.985294143202472
16.018,0.985297999999569,0.985402484494606
16.02,0.985404999999568,0.985510186359667
16.022,0.985514999999568,0.985617379824888
16.024,0.985624999999568,0.985724236677063
16.026,0.985734999999568,0.985830939980203
16.028,0.985844999999568,0.985937669547607
16.03,0.985954999999567,0.986044612966064
16.032,0.986066999999567,0.986152026653216
16.034,0.986178999999567,0.98626008804769
16.036,0.986290999999567,0.986369059849071
16.038,0.986402999999567,0.986479077153868
16.04,0.986514999999566,0.986590408125658
16.042,0.986627999999566,0.986703173491068
16.044,0.986740999999566,0.986817580801454
16.046,0.986853999999566,0.986933877570261
16.048,0.986966999999566,0.987052206580598
16.05,0.987079999999565,0.987172712752875
16.052,0.987192999999565,0.987295528233618
16.054,0.987305999999565,0.987420681397231
16.056,0.987418999999565,0.987548271164549
16.058,0.987531999999565,0.987678074812189
16.06,0.987644999999565,0.987810043889334
16.062,0.987756999999565,0.987944016491896
16.064,0.987868999999564,0.988079717064631
16.066,0.987980999999564,0.988216747716404
16.068,0.988092999999564,0.988354927042157
16.07,0.988204999999564,0.988493784406655
16.072,0.988314999999563,0.988632925091338
16.074,0.988424999999563,0.988772002176892
16.076,0.988534999999563,0.988910622283657
16.078,0.988644999999563,0.989048404780975
16.08,0.988754999999562,0.989184996455106
16.082,0.988860999999562,0.989320054775297
16.084,0.988966999999562,0.989453226310814
16.086,0.989072999999562,0.989584226337191
16.088,0.989178999999562,0.989712838419007
16.09,0.989284999999562,0.989838922431987
16.092,0.989384999999561,0.989962229429212
16.094,0.989484999999561,0.990082811892276
16.096,0.989584999999561,0.990200747075701
16.098,0.989684999999561,0.990316008248955
16.1,0.989784999999561,0.990428839494144
16.102,0.98987899999956,0.990539409430293
16.104,0.98997299999956,0.990647963471537
16.106,0.99006699999956,0.990754752561798
16.108,0.99016099999956,0.990860176603639
16.11,0.99025499999956,0.99096449984815
16.112,0.990342999999559,0.99106801283767
16.114,0.990430999999559,0.991171030539429
16.116,0.990518999999559,0.991273821498728
16.118,0.990606999999559,0.991376644826463
16.12,0.990694999999559,0.991479750357186
16.122,0.990776999999558,0.991583332753859
16.124,0.990858999999558,0.991687535028139
16.126,0.990940999999558,0.991792472977743
16.128,0.991022999999558,0.991898172072784
16.13,0.991104999999558,0.99200459819653
16.132,0.991180999999558,0.99211167989441
16.134,0.991256999999557,0.992219311918394
16.136,0.991332999999557,0.992327327698178
16.138,0.991408999999557,0.992435511312562
16.14,0.991484999999557,0.992543594487129
16.142,0.991554999999556,0.992651273107468
16.144,0.991624999999556,0.992758227225517
16.146,0.991694999999556,0.992864112701001
16.148,0.991764999999556,0.992968552480932
16.15,0.991834999999556,0.993071269299613
16.152,0.991898999999555,0.993171864414923
16.154,0.991962999999555,0.993270248693812
16.156,0.992026999999555,0.993366016739463
16.158,0.992090999999555,0.993458888116108
16.16,0.992154999999554,0.993548947019469
16.162,0.992212999999554,0.99363605949412
16.164,0.992270999999554,0.993720148827858
16.166,0.992328999999554,0.993801377318316
16.168,0.992386999999554,0.99387983326026
16.17,0.992444999999554,0.993955486785525
16.172,0.992496999999553,0.994028713403831
16.174,0.992548999999553,0.994099609208126
16.176,0.992600999999553,0.994168500798069
16.178,0.992652999999553,0.994235753771305
16.18,0.992704999999553,0.994301631155476
16.182,0.992750999999553,0.994366478931296
16.184,0.992796999999552,0.994430630958356
16.186,0.992842999999552,0.994494392551786
16.188,0.992888999999552,0.994558057480188
16.19,0.992934999999552,0.994621870523913
16.192,0.992974999999551,0.994686024443022
16.194,0.993014999999551,0.994750680602301
16.196,0.993054999999551,0.994815904532914
16.198,0.993094999999551,0.994881712833499
16.2,0.993134999999551,0.994948048005166
16.202,0.993168999999551,0.995014821052061
16.204,0.99320299999955,0.995081865472857
16.206,0.99323699999955,0.995149010923767
16.208,0.99327099999955,0.995216065920113
16.21,0.99330499999955,0.995282810107094
16.212,0.993332999999549,0.995349019672839
16.214,0.993360999999549,0.995414442949337
16.216,0.993388999999549,0.995478871606238
16.218,0.993416999999549,0.995542021848087
16.22,0.993444999999549,0.99560369296893
16.222,0.993466999999549,0.995663559597406
16.224,0.993488999999548,0.995721423996982
16.226,0.993510999999548,0.995776874235148
16.228,0.993532999999548,0.995829927360759
16.23,0.993554999999548,0.99588005732802
16.232,0.993570999999548,0.9959271781008
16.234,0.993586999999547,0.995971238269937
16.236,0.993602999999547,0.996012261178302
16.238,0.993618999999547,0.996049991059841
16.24,0.993634999999547,0.996084768637119
16.242,0.993644999999547,0.996116632102605
16.244,0.993654999999546,0.996145800681424
16.246,0.993664999999546,0.996172361187033
16.248,0.993674999999546,0.99619658082484
16.25,0.993684999999546,0.996218777163172
16.252,0.993689999999545,0.996239220372692
16.254,0.993694999999545,0.996258219755869
16.256,0.993699999999545,0.996276021565419
16.258,0.993704999999545,0.99629297618064
16.26,0.993709999999545,0.99630932062747
16.262,0.993710999999545,0.996325312451018
16.264,0.993711999999544,0.996341209791694
16.266,0.993712999999544,0.996357243736041
16.268,0.993713999999544,0.996373649557992
16.27,0.993714999999544,0.99639058312079
16.272,0.993712999999544,0.996408176164711
16.274,0.993710999999543,0.996426520887365
16.276,0.993708999999543,0.996445634215716
16.278,0.993706999999543,0.996465421584099
16.28,0.993704999999543,0.996485795153382
16.282,0.993700999999543,0.996506607907544
16.284,0.993696999999542,0.996527626686663
16.286,0.993692999999542,0.996548593038629
16.288,0.993688999999542,0.996569259955169
16.29,0.993684999999542,0.996589308875955
16.292,0.993679999999542,0.996608405897982
16.294,0.993674999999541,0.996626340733595
16.296,0.993669999999541,0.99664285682238
16.298,0.993664999999541,0.99665760241523
16.3,0.993659999999541,0.996670544160793
16.302,0.993654999999541,0.996681438088644
16.304,0.993649999999541,0.996690284367632
16.306,0.99364499999954,0.99669691674024
16.308,0.99363999999954,0.996701520147607
16.31,0.99363499999954,0.996704074859155
16.312,0.99362999999954,0.996704676125896
16.314,0.993624999999539,0.996703403877643
16.316,0.993619999999539,0.996700560981463
16.318,0.993614999999539,0.996696209749969
16.32,0.993609999999539,0.996690569345087
16.322,0.993604999999539,0.996683923081364
16.324,0.993599999999539,0.996676499118263
16.326,0.993594999999538,0.996668597226377
16.328,0.993589999999538,0.996660503029999
16.33,0.993584999999538,0.996652520615428
16.332,0.993579999999538,0.996644956393266
16.334,0.993574999999538,0.996638104982794
16.336,0.993569999999537,0.996632265898029
16.338,0.993564999999537,0.996627628073004
16.34,0.993559999999537,0.996624386161122
16.342,0.993555999999537,0.996622598543966
16.344,0.993551999999537,0.996622285549801
16.346,0.993547999999536,0.996623444272778
16.348,0.993543999999536,0.996625993567422
16.35,0.993539999999536,0.996629793664513
16.352,0.993537999999536,0.996634786619839
16.354,0.993535999999536,0.996640667963595
16.356,0.993533999999536,0.996647369317614
16.358,0.993531999999535,0.996654663823584
16.36,0.993529999999535,0.996662299552034
16.362,0.993528999999535,0.996670045995668
16.364,0.993527999999535,0.996677651504996
16.366,0.993526999999535,0.996684877936214
16.368,0.993525999999534,0.996691485941982
16.37,0.993524999999534,0.996697232294046
16.372,0.993523999999534,0.996701846826222
16.374,0.993522999999534,0.996705084809348
16.376,0.993521999999534,0.996706798024575
16.378,0.993520999999533,0.996706758787389
16.38,0.993519999999533,0.996704851508023
16.382,0.993518999999533,0.996701024475794
16.384,0.993517999999533,0.996695256447495
16.386,0.993516999999533,0.99668767783356
16.388,0.993515999999532,0.996678339403292
16.39,0.993514999999532,0.996667511709087
16.392,0.993513999999532,0.996655376735365
16.394,0.993512999999532,0.996642138845579
16.396,0.993511999999532,0.996628101136994
16.398,0.993510999999531,0.99661349505115
16.4,0.993509999999531,0.996598577225835
16.402,0.993508999999531,0.996583621250694
16.404,0.993507999999531,0.996568880833554
16.406,0.993506999999531,0.996554626017933
16.408,0.99350599999953,0.996541095921684
16.41,0.99350499999953,0.996528507323624
16.412,0.99350399999953,0.996517067976597
16.414,0.99350299999953,0.996506936101298
16.416,0.99350199999953,0.996498188252703
16.418,0.99350099999953,0.996490875554903
16.42,0.993499999999529,0.99648501100911
16.422,0.993498999999529,0.996480605891427
16.424,0.993497999999529,0.99647745745227
16.426,0.993496999999529,0.996475450180997
16.428,0.993495999999529,0.996474390886755
16.43,0.993494999999528,0.996474044676332
16.432,0.993493999999528,0.9964741387036
16.434,0.993492999999528,0.996474405242639
16.436,0.993491999999528,0.996474542821143
16.438,0.993490999999528,0.996474295057256
16.44,0.993489999999527,0.996473372075652
16.442,0.993488999999527,0.996471560627069
16.444,0.993487999999527,0.996468666120694
16.446,0.993486999999527,0.996464439527891
16.448,0.993485999999527,0.996458828058853
16.45,0.993484999999527,0.996451747503684
16.452,0.993483999999527,0.996443163406
16.454,0.993482999999526,0.996433090032133
16.456,0.993481999999526,0.996421604382354
16.458,0.993480999999526,0.996408730928461
16.46,0.993479999999526,0.996394735026412
16.462,0.993478999999525,0.996379705462135
16.464,0.993477999999525,0.996363860962507
16.466,0.993476999999525,0.99634744363985
16.468,0.993475999999525,0.996330712583404
16.47,0.993474999999525,0.996313936188912
16.472,0.993473999999525,0.996297386643534
16.474,0.993472999999524,0.996281328549932
16.476,0.993471999999524,0.99626602527501
16.478,0.993470999999524,0.996251683660611
16.48,0.993469999999524,0.996238614064492
16.482,0.993468999999524,0.996227025119206
16.484,0.993467999999523,0.996216996314826
16.486,0.993466999999523,0.996208816463968
16.488,0.993465999999523,0.996202569671722
16.49,0.993464999999523,0.996198173418319
16.492,0.993463999999523,0.996195713715566
16.494,0.993462999999522,0.996195025494687
16.496,0.993461999999522,0.99619599341858
16.498,0.993460999999522,0.996198424544638
16.5,0.993459999999522,0.996202184673291
16.502,0.993458999999522,0.996207039426587
16.504,0.993457999999521,0.996212691333478
16.506,0.993456999999521,0.996218921697106
16.508,0.993455999999521,0.996225455390224
16.51,0.993454999999521,0.996231986732087
16.512,0.993453999999521,0.996238229686465
16.514,0.993452999999521,0.996243898746051
16.516,0.99345199999952,0.996248645929542
16.518,0.99345099999952,0.996252196087376
16.52,0.99344999999952,0.996254379682844
16.522,0.99344899999952,0.996254866247811
16.524,0.99344799999952,0.996253638281631
16.526,0.993446999999519,0.996250561682265
16.528,0.993445999999519,0.996245679776705
16.53,0.993444999999519,0.996238963053465
16.532,0.993443999999519,0.996230609949259
16.534,0.993442999999519,0.99622075975033
16.536,0.993441999999519,0.996209479296434
16.538,0.993440999999518,0.996197095708484
16.54,0.993439999999518,0.996183768562438
16.542,0.993438999999518,0.996169811296035
16.544,0.993437999999518,0.996155525234292
16.546,0.993436999999518,0.996141197509235
16.548,0.993435999999517,0.996127137389594
16.55,0.993434999999517,0.996113622858243
16.552,0.993433999999517,0.996100931223152
16.554,0.993432999999517,0.996089313370403
16.556,0.993431999999517,0.996079101733114
16.558,0.993430999999517,0.996070517159318
16.56,0.993429999999516,0.996063733971247
16.562,0.993428999999516,0.996058949359207
16.564,0.993427999999516,0.996056241251961
16.566,0.993426999999516,0.996055595171825
16.568,0.993425999999516,0.996056963577287
16.57,0.993424999999516,0.996060234052046
16.572,0.993423999999515,0.996065235952765
16.574,0.993422999999515,0.996071737275328
16.576,0.993421999999515,0.996079434170587
16.578,0.993420999999515,0.996087965462004
16.58,0.993419999999515,0.996096959868227
16.582,0.993418999999515,0.996106044964251
16.584,0.993417999999514,0.996114859918356
16.586,0.993416999999514,0.996123055554779
16.588,0.993415999999514,0.996130335262505
16.59,0.993414999999514,0.99613645557192
16.592,0.993413999999514,0.996141071783116
16.594,0.993412999999513,0.9961441023982
16.596,0.993411999999513,0.996145240585688
16.598,0.993410999999513,0.99614436199218
16.6,0.993409999999513,0.996141350946296
16.602,0.993408999999513,0.996136347541582
16.604,0.993407999999513,0.99612916237404
16.606,0.993406999999512,0.996119996014368
16.608,0.993405999999512,0.996108955588026
16.61,0.993404999999512,0.996096241681619
16.612,0.993402999999512,0.996081987586748
16.614,0.993400999999511,0.996066517193219
16.616,0.993398999999511,0.996050118872819
16.618,0.993396999999511,0.996033135500058
16.62,0.993394999999511,0.996015904994891
16.622,0.993392999999511,0.995998764163943
16.624,0.993390999999511,0.995982028899484
16.626,0.99338899999951,0.995966070795688
16.628,0.99338699999951,0.995951078311771
16.63,0.99338499999951,0.995937391744919
16.632,0.99338399999951,0.995925167883961
16.634,0.99338299999951,0.995914597211275
16.636,0.99338199999951,0.995905641153268
16.638,0.99338099999951,0.995898404127418
16.64,0.993379999999509,0.995892786853559
16.642,0.993379999999509,0.995888737510198
16.644,0.993379999999509,0.995886130461814
16.646,0.993379999999509,0.995884908596755
16.648,0.993379999999509,0.995884888138577
16.65,0.993379999999509,0.995885896908164
16.652,0.993380999999508,0.995887661249783
16.654,0.993381999999508,0.995890022930321
16.656,0.993382999999508,0.995892690744913
16.658,0.993383999999508,0.995895383708293
16.66,0.993384999999508,0.995897833668276
16.662,0.993386999999508,0.995899764810044
16.664,0.993388999999507,0.995900874878805
16.666,0.993390999999507,0.995900890758908
16.668,0.993392999999507,0.995899650056448
16.67,0.993394999999507,0.995896957892238
16.672,0.993397999999507,0.995892697556439
16.674,0.993400999999507,0.995886891459454
16.676,0.993403999999506,0.995879479775166
16.678,0.993406999999506,0.995870614251419
16.68,0.993409999999506,0.995860420516282
16.682,0.993413999999506,0.995849000957765
16.684,0.993417999999506,0.995836593141319
16.686,0.993421999999506,0.995823445126314
16.688,0.993425999999505,0.995809828825212
16.69,0.993429999999505,0.995796047456631
16.692,0.993434999999505,0.995782390332787
16.694,0.993439999999505,0.995769172024955
16.696,0.993444999999505,0.995756667646928
16.698,0.993449999999505,0.995745205984625
16.7,0.993454999999504,0.995735014502654
16.702,0.993460999999504,0.995726260645789
16.704,0.993466999999504,0.995719242919972
16.706,0.993472999999504,0.995714089287109
16.708,0.993478999999504,0.995710774258683
16.71,0.993484999999503,0.995709412667641
16.712,0.993491999999503,0.995709948582449
16.714,0.993498999999503,0.995712322019979
16.716,0.993505999999503,0.995716372524205
16.718,0.993512999999503,0.995721902143439
16.72,0.993519999999502,0.99572876725764
16.722,0.993527999999502,0.995736722630496
16.724,0.993535999999502,0.995745430088424
16.726,0.993543999999502,0.995754694232159
16.728,0.993551999999502,0.995764226768524
16.73,0.993559999999502,0.995773751750808
16.732,0.993568999999502,0.995783026070096
16.734,0.993577999999502,0.995791755029463
16.736,0.993586999999501,0.995799743833404
16.738,0.993595999999501,0.995806734666931
16.74,0.993604999999501,0.995812526307353
16.742,0.993614999999501,0.995817028356226
16.744,0.993624999999501,0.995820168242963
16.746,0.9936349999995,0.995821795666846
16.748,0.993644999999501,0.995822017090861
16.75,0.9936549999995,0.995820802425313
16.752,0.9936659999995,0.995818293702837
16.754,0.9936769999995,0.99581465995047
16.756,0.9936879999995,0.995809997296079
16.758,0.993698999999499,0.995804523638337
16.76,0.993709999999499,0.995798486809177
16.762,0.993721999999499,0.995792126409782
16.764,0.993733999999499,0.995785701188495
16.766,0.993745999999499,0.995779495945897
16.768,0.993757999999499,0.995773800349288
16.77,0.993769999999498,0.995768876519463
16.772,0.993782999999498,0.995764994088767
16.774,0.993795999999498,0.995762428550287
16.776,0.993808999999498,0.995761442686618
16.778,0.993821999999498,0.995762289326736
16.78,0.993834999999498,0.995765064094216
16.782,0.993848999999497,0.995769974197471
16.784,0.993862999999497,0.995776985918823
16.786,0.993876999999497,0.995786137549824
16.788,0.993890999999497,0.995797389121609
16.79,0.993904999999497,0.995810596146881
16.792,0.993919999999497,0.995825605811765
16.794,0.993934999999497,0.995842318304827
16.796,0.993949999999496,0.995860518707153
16.798,0.993964999999496,0.995879885710427
16.8,0.993979999999496,0.995900214203377
16.802,0.993995999999496,0.995921154685291
16.804,0.994011999999496,0.995942402697481
16.806,0.994027999999496,0.995963632789771
16.808,0.994043999999495,0.995984536004028
16.81,0.994059999999495,0.996004805396821
16.812,0.994076999999495,0.996024135752042
16.814,0.994093999999495,0.996042223500763
16.816,0.994110999999495,0.996058934507615
16.818,0.994127999999495,0.9960740237788
16.82,0.994144999999494,0.996087468702929
16.822,0.994162999999494,0.996099265722415
16.824,0.994180999999494,0.996109316473388
16.826,0.994198999999494,0.996117841209802
16.828,0.994216999999494,0.996124941534674
16.83,0.994234999999493,0.996130701814865
16.832,0.994253999999493,0.9961353444861
16.834,0.994272999999493,0.996139093881217
16.836,0.994291999999493,0.996142210421128
16.838,0.994310999999493,0.996145006604263
16.84,0.994329999999493,0.996147769749071
16.842,0.994349999999493,0.996150829294811
16.844,0.994369999999492,0.996154497456066
16.846,0.994389999999492,0.996159077972631
16.848,0.994409999999492,0.996164925351518
16.85,0.994429999999492,0.996172316647619
16.852,0.994450999999492,0.996181545712735
16.854,0.994471999999492,0.996192817239974
16.856,0.994492999999492,0.996206180307099
16.858,0.994513999999491,0.996221813833905
16.86,0.994534999999491,0.996239761240629
16.862,0.994556999999491,0.996259798465867
16.864,0.994578999999491,0.996281861666851
16.866,0.994600999999491,0.996305751696479
16.868,0.994622999999491,0.996331322591296
16.87,0.994644999999491,0.996358177983142
16.872,0.994667999999491,0.996386125764599
16.874,0.99469099999949,0.99641477967454
16.876,0.99471399999949,0.996443835844297
16.878,0.99473699999949,0.996472959799795
16.88,0.99475999999949,0.996501855302766
16.882,0.99478399999949,0.996530222415599
16.884,0.994807999999489,0.99655775340838
16.886,0.994831999999489,0.996584203794543
16.888,0.994855999999489,0.996609364819211
16.89,0.994879999999489,0.996632959550452
16.892,0.994902999999489,0.996654788902131
16.894,0.994925999999489,0.996674890938993
16.896,0.994948999999488,0.99669315779981
16.898,0.994971999999488,0.996709547533823
16.9,0.994994999999488,0.996724192047327
16.902,0.995016999999488,0.996737231979771
16.904,0.995038999999488,0.996748766068179
16.906,0.995060999999488,0.996759069803405
16.908,0.995082999999487,0.996768350026546
16.91,0.995104999999487,0.996776858899223
16.912,0.995125999999487,0.996784888500999
16.914,0.995146999999487,0.996792719213921
16.916,0.995167999999487,0.996800614793325
16.918,0.995188999999487,0.996808850802217
16.92,0.995209999999487,0.996817706384744
16.922,0.995229999999486,0.996827431278751
16.924,0.995249999999486,0.996838177351452
16.926,0.995269999999486,0.996850252358978
16.928,0.995289999999486,0.996863667176354
16.93,0.995309999999486,0.996878532394211
16.932,0.995328999999486,0.996894895764548
16.934,0.995347999999486,0.996912776017469
16.936,0.995366999999485,0.996932073586728
16.938,0.995385999999485,0.996952708131836
16.94,0.995404999999485,0.996974532221315
16.942,0.995422999999485,0.996997442897301
16.944,0.995440999999485,0.99702118672652
16.946,0.995458999999485,0.997045539640954
16.948,0.995476999999485,0.99707026507127
16.95,0.995494999999484,0.997095056786304
16.952,0.995511999999484,0.997119630282164
16.954,0.995528999999484,0.997143709804134
16.956,0.995545999999484,0.997166951221205
16.958,0.995562999999484,0.997189112618769
16.96,0.995579999999484,0.997210034834893
16.962,0.995595999999484,0.997229390139887
16.964,0.995611999999483,0.99724713033843
16.966,0.995627999999483,0.99726313395411
16.968,0.995643999999483,0.997277424886141
16.97,0.995659999999483,0.997289981831001
16.972,0.995674999999483,0.997300922793188
16.974,0.995689999999483,0.997310297584023
16.976,0.995704999999482,0.997318220967603
16.978,0.995719999999482,0.997325008766937
16.98,0.995734999999482,0.997330747105285
16.982,0.995748999999482,0.997335724860252
16.984,0.995762999999482,0.99734021439969
16.986,0.995776999999482,0.997344496540475
16.988,0.995790999999482,0.99734885184836
16.99,0.995804999999481,0.997353545459384
16.992,0.995817999999481,0.997358820543624
16.994,0.995830999999481,0.997364975020635
16.996,0.995843999999481,0.997372268395062
16.998,0.995856999999481,0.997380822342267
17,0.995869999999481,0.997390899727563
17.002,0.995881999999481,0.997402598943507
17.004,0.99589399999948,0.997415986306987
17.006,0.99590599999948,0.997431075859534
17.008,0.99591799999948,0.997447755616616
17.01,0.99592999999948,0.997465957248218
17.012,0.99594099999948,0.997485603576606
17.014,0.99595199999948,0.997506373732262
17.016,0.99596299999948,0.997528188444319
17.018,0.995973999999479,0.997550743622729
17.02,0.995984999999479,0.997573789378282
17.022,0.995994999999479,0.997597031268313
17.024,0.996004999999479,0.997620178284538
17.026,0.996014999999479,0.997642944795921
17.028,0.996024999999479,0.997665054418581
17.03,0.996034999999479,0.997686132044511
17.032,0.996043999999479,0.997706016054902
17.034,0.996052999999478,0.997724406136463
17.036,0.996061999999478,0.997740986924428
17.038,0.996070999999478,0.997755768313035
17.04,0.996079999999478,0.997768540006812
17.042,0.996087999999478,0.997779321653483
17.044,0.996095999999478,0.997788004951887
17.046,0.996103999999477,0.997794816641455
17.048,0.996111999999477,0.997799822798953
17.05,0.996119999999477,0.997803081811056
17.052,0.996126999999477,0.997804898783129
17.054,0.996133999999477,0.997805408468529
17.056,0.996140999999477,0.997804965941814
17.058,0.996147999999477,0.99780380398621
17.06,0.996154999999477,0.997802234873302
17.062,0.996160999999476,0.997800563341168
17.064,0.996166999999476,0.997799081998875
17.066,0.996172999999476,0.997798056896567
17.068,0.996178999999476,0.99779779722052
17.07,0.996184999999476,0.997798560741943
17.072,0.996189999999476,0.997800556252634
17.074,0.996194999999475,0.997804009038032
17.076,0.996199999999475,0.997808998946319
17.078,0.996204999999475,0.997815626327982
17.08,0.996209999999475,0.997823933087954
17.082,0.996213999999475,0.997833872067534
17.084,0.996217999999475,0.997845395936511
17.086,0.996221999999474,0.997858445311698
17.088,0.996225999999474,0.997872703675331
17.09,0.996229999999474,0.997888099791121
17.092,0.996232999999474,0.997904355340442
17.094,0.996235999999474,0.997921110886695
17.096,0.996238999999474,0.997938074597195
17.098,0.996241999999474,0.997954884045539
17.1,0.996244999999474,0.997971221024624
17.102,0.996246999999473,0.997986767641915
17.104,0.996248999999473,0.998001209110716
17.106,0.996250999999473,0.998014239603409
17.108,0.996252999999473,0.998025639153825
17.11,0.996254999999473,0.99803510471035
17.112,0.996255999999473,0.998042615805314
17.114,0.996256999999473,0.998047840354903
17.116,0.996257999999473,0.998050918521865
17.118,0.996258999999472,0.998051796274236
17.12,0.996259999999472,0.998050458203872
17.122,0.996259999999472,0.998047075457208
17.124,0.996259999999472,0.998041709568379
17.126,0.996259999999472,0.998034568242851
17.128,0.996259999999472,0.998025850266721
17.13,0.996259999999472,0.998015799173916
17.132,0.996258999999471,0.998004802873
17.134,0.996257999999471,0.997993102950615
17.136,0.996256999999471,0.997981075119015
17.138,0.996255999999471,0.99796905605806
17.14,0.996254999999471,0.99795736558551
17.142,0.996252999999471,0.997946369641621
17.144,0.996250999999471,0.997936370168887
17.146,0.99624899999947,0.997927628303493
17.148,0.99624699999947,0.997920422982496
17.15,0.99624499999947,0.997914786363708
17.152,0.99624199999947,0.997910839959103
17.154,0.99623899999947,0.997908672446882
17.156,0.99623599999947,0.9979081316082
17.158,0.99623299999947,0.997909152599599
17.16,0.996229999999469,0.997911666468605
17.162,0.996225999999469,0.997915379013299
17.164,0.996221999999469,0.997920215141424
17.166,0.996217999999469,0.997925926145899
17.168,0.996213999999469,0.997932164813165
17.17,0.996209999999469,0.997938708617227
17.172,0.996203999999469,0.997945227935914
17.174,0.996197999999469,0.997951418233244
17.176,0.996191999999468,0.997956971115061
17.178,0.996185999999468,0.99796156055867
17.18,0.996179999999468,0.997964812201235
17.182,0.996172999999468,0.997966575719134
17.184,0.996165999999468,0.997966426528303
17.186,0.996158999999468,0.997964193075486
17.188,0.996151999999467,0.997959783260989
17.19,0.996144999999467,0.997953020699091
17.192,0.996137999999467,0.997944008808109
17.194,0.996130999999467,0.997932790231418
17.196,0.996123999999467,0.997919304514267
17.198,0.996116999999467,0.997903916840854
17.2,0.996109999999467,0.997886705750569
17.202,0.996102999999467,0.997867938220909
17.204,0.996095999999467,0.997847936270393
17.206,0.996088999999466,0.997827047616766
17.208,0.996081999999466,0.997805636072564
17.21,0.996074999999466,0.997784051498514
17.212,0.996067999999466,0.997762646013282
17.214,0.996060999999466,0.997741741815893
17.216,0.996053999999466,0.997721646062772
17.218,0.996046999999466,0.99770272984092
17.22,0.996039999999465,0.997685131299774
17.222,0.996032999999465,0.997669189367724
17.224,0.996025999999465,0.997655085675329
17.226,0.996018999999465,0.997642838325062
17.228,0.996011999999465,0.997632661677869
17.23,0.996004999999465,0.997624408590655
17.232,0.995997999999465,0.997618078308383
17.234,0.995990999999465,0.997613602138784
17.236,0.995983999999465,0.99761085233722
17.238,0.995976999999464,0.99760965018256
17.24,0.995969999999464,0.997609733961236
17.242,0.995962999999464,0.997610851050578
17.244,0.995955999999464,0.997612737581721
17.246,0.995948999999464,0.997615071038739
17.248,0.995941999999464,0.99761756643721
17.25,0.995934999999464,0.997619926642262
17.252,0.995927999999464,0.997621866389307
17.254,0.995920999999463,0.997623108221615
17.256,0.995913999999463,0.997623332307479
17.258,0.995906999999463,0.997622364548956
17.26,0.995899999999463,0.997619943731578
17.262,0.995892999999463,0.997615865684478
17.264,0.995885999999463,0.997610136889467
17.266,0.995878999999463,0.997602598615288
17.268,0.995871999999463,0.997593282746641
17.27,0.995864999999462,0.997582234362733
17.272,0.995857999999462,0.997569542186523
17.274,0.995850999999462,0.997555355804483
17.276,0.995843999999462,0.997539777927522
17.278,0.995836999999462,0.997523004668864
17.28,0.995829999999462,0.99750531862869
17.282,0.995822999999462,0.997486945850109
17.284,0.995815999999462,0.997468128592902
17.286,0.995808999999461,0.997449184379171
17.288,0.995801999999461,0.997430392210446
17.29,0.995794999999461,0.997412050951419
17.292,0.995787999999461,0.997394477374658
17.294,0.995780999999461,0.99737790842897
17.296,0.995773999999461,0.997362667438839
17.298,0.995766999999461,0.997348934968965
17.3,0.995759999999461,0.997336890919005
17.302,0.995752999999461,0.997326590684084
17.304,0.99574599999946,0.997318082772152
17.306,0.99573899999946,0.997311299368622
17.308,0.99573199999946,0.997306190350439
17.31,0.99572499999946,0.997302634107435
17.312,0.99571799999946,0.997300543227829
17.314,0.99571099999946,0.997299664778474
17.316,0.99570399999946,0.997299881088054
17.318,0.99569699999946,0.997300783214902
17.32,0.99568999999946,0.997302178823897
17.322,0.995682999999459,0.997303720732604
17.324,0.995675999999459,0.997305084682642
17.326,0.995668999999459,0.997305955428154
17.328,0.995661999999459,0.997305983960678
17.33,0.995654999999459,0.997304934303667
17.332,0.995647999999459,0.997302487310187
17.334,0.995640999999459,0.9972984194835
17.336,0.995633999999459,0.997292552187373
17.338,0.995626999999458,0.997284878513168
17.34,0.995619999999458,0.99727530920352
17.342,0.995612999999458,0.997263869204008
17.344,0.995605999999458,0.997250596330601
17.346,0.995598999999458,0.997235603494393
17.348,0.995591999999458,0.997219072053001
17.35,0.995584999999458,0.997201120477569
17.352,0.995577999999458,0.997181981827334
17.354,0.995570999999458,0.997161942257935
17.356,0.995563999999457,0.997141300080498
17.358,0.995556999999457,0.997120351696015
17.36,0.995549999999457,0.997099418546592
17.362,0.995542999999457,0.997078794151499
17.364,0.995535999999457,0.997058847794325
17.366,0.995528999999457,0.997039808111295
17.368,0.995521999999457,0.997021996297331
17.37,0.995514999999457,0.997005666709535
17.372,0.995507999999456,0.996991025634935
17.374,0.995500999999456,0.996978202395643
17.376,0.995493999999456,0.996967267336725
17.378,0.995486999999456,0.996958351143811
17.38,0.995479999999456,0.996951282832238
17.382,0.995472999999456,0.996946039459908
17.384,0.995465999999456,0.996942527477138
17.386,0.995458999999456,0.996940419496165
17.388,0.995451999999456,0.996939623810291
17.39,0.995444999999455,0.996939820392798
17.392,0.995437999999455,0.996940718340675
17.394,0.995430999999455,0.996942001514096
17.396,0.995423999999455,0.99694337630028
17.398,0.995416999999455,0.996944543263302
17.4,0.995409999999455,0.996945223873039
17.402,0.995402999999455,0.996945160842115
17.404,0.995395999999455,0.996944007249257
17.406,0.995388999999455,0.996941585121667
17.408,0.995381999999454,0.996937564624032
17.41,0.995374999999454,0.996931816053723
17.412,0.995367999999454,0.996924203169649
17.414,0.995360999999454,0.996914711672519
17.416,0.995353999999454,0.996903187060936
17.418,0.995346999999454,0.996889764429115
17.42,0.995339999999454,0.996874572412691
17.422,0.995332999999454,0.996857635729819
17.424,0.995325999999453,0.996839220022383
17.426,0.995318999999453,0.996819485673101
17.428,0.995311999999453,0.996798720069385
17.43,0.995304999999453,0.996777219605908
17.432,0.995297999999453,0.996755250844276
17.434,0.995290999999453,0.996733141439268
17.436,0.995283999999453,0.99671118581558
17.438,0.995276999999453,0.996689682847406
17.44,0.995269999999453,0.996668913933447
17.442,0.995262999999453,0.996649207195539
17.444,0.995255999999452,0.996630851141615
17.446,0.995248999999452,0.996613997133069
17.448,0.995241999999452,0.996598923296445
17.45,0.995234999999452,0.996585705027859
17.452,0.995227999999452,0.996574459338819
17.454,0.995220999999452,0.996565070699093
17.456,0.995213999999452,0.996557602464563
17.458,0.995206999999452,0.996551921537522
17.46,0.995199999999452,0.996547974449323
17.462,0.995193999999452,0.996545536783809
17.464,0.995187999999452,0.996544456671681
17.466,0.995181999999451,0.996544447688115
17.468,0.995175999999451,0.996545275884351
17.47,0.995169999999451,0.996546587534264
17.472,0.995165999999451,0.996548064674016
17.474,0.995161999999451,0.996549389387024
17.476,0.995157999999451,0.996550253863933
17.478,0.995153999999451,0.99655028814794
17.48,0.995149999999451,0.996549299160709
17.482,0.995146999999451,0.996546916700003
17.484,0.99514399999945,0.99654310027315
17.486,0.99514099999945,0.99653767140285
17.488,0.99513799999945,0.996530595492866
17.49,0.99513499999945,0.996521817309047
17.492,0.99513199999945,0.996511430559272
17.494,0.99512899999945,0.99649950161778
17.496,0.99512599999945,0.996486162793103
17.498,0.99512299999945,0.996471687154943
17.5,0.99511999999945,0.996456173377429
17.502,0.99511699999945,0.996439919413046
17.504,0.995113999999449,0.996423261732363
17.506,0.995110999999449,0.996406468979894
17.508,0.995107999999449,0.99638987640216
17.51,0.995104999999449,0.996373792845621
17.512,0.995101999999449,0.99635850639226
17.514,0.995098999999449,0.996344402571287
17.516,0.995095999999449,0.996331652662398
17.518,0.995092999999449,0.996320609691433
17.52,0.995089999999449,0.996311437882466
17.522,0.995086999999449,0.996304275879416
17.524,0.995083999999449,0.996299253707408
17.526,0.995080999999448,0.996296288847418
17.528,0.995077999999448,0.996295447102293
17.53,0.995074999999448,0.99629650096887
17.532,0.995071999999448,0.996299322864762
17.534,0.995068999999448,0.996303663508626
17.536,0.995065999999448,0.996309302691113
17.538,0.995062999999448,0.996315867917415
17.54,0.995059999999448,0.996323015938126
17.542,0.995056999999448,0.996330427776176
17.544,0.995053999999448,0.996337737354159
17.546,0.995050999999447,0.996344633040349
17.548,0.995047999999447,0.996350784965108
17.55,0.995044999999447,0.996355825396476
17.552,0.995041999999447,0.996359586887928
17.554,0.995038999999447,0.996361664171804
17.556,0.995035999999447,0.996361894155892
17.558,0.995032999999447,0.996360118912573
17.56,0.995029999999447,0.996356265663235
17.562,0.995026999999447,0.996350290533635
17.564,0.995023999999447,0.996342275065579
17.566,0.995020999999446,0.99633217369696
17.568,0.995017999999446,0.996320195649977
17.57,0.995014999999446,0.996306526568827
17.572,0.995011999999446,0.996291346172268
17.574,0.995008999999446,0.996275004347176
17.576,0.995005999999446,0.996257784983056
17.578,0.995002999999446,0.996240018366402
17.58,0.994999999999446,0.996222044942857
17.582,0.994996999999446,0.996204200087345
17.584,0.994993999999445,0.996186801304113
17.586,0.994990999999445,0.996170163338146
17.588,0.994987999999445,0.99615461097695
17.59,0.994984999999445,0.996140456136474
17.592,0.994981999999445,0.996127859675661
17.594,0.994978999999445,0.996117056723687
17.596,0.994975999999445,0.9961081891828
17.598,0.994972999999445,0.996101251363543
17.6,0.994969999999445,0.99609633252122
17.602,0.994966999999445,0.996093374889084
17.604,0.994963999999445,0.996092255504615
17.606,0.994960999999445,0.996092982295783
17.608,0.994957999999444,0.996095246515849
17.61,0.994954999999444,0.996098975810683
17.612,0.994951999999444,0.99610386601473
17.614,0.994948999999444,0.99610963009753
17.616,0.994945999999444,0.996115953538484
17.618,0.994942999999444,0.996122516974201
17.62,0.994939999999444,0.996129000266905
17.622,0.994936999999444,0.996135085437227
17.624,0.994933999999444,0.996140478833073
17.626,0.994930999999444,0.996144847026119
17.628,0.994927999999444,0.996147911930885
17.63,0.994924999999444,0.996149467297922
17.632,0.994921999999443,0.996149271731921
17.634,0.994918999999443,0.996147283465684
17.636,0.994915999999443,0.99614335333599
17.638,0.994912999999443,0.996137541783639
17.64,0.994909999999443,0.996129895804378
17.642,0.994906999999443,0.996120472306661
17.644,0.994903999999443,0.996109477331896
17.646,0.994900999999443,0.996096995815575
17.648,0.994897999999443,0.996083298014424
17.65,0.994894999999443,0.996068656718799
17.652,0.994891999999443,0.996053396518956
17.654,0.994888999999442,0.99603781373936
17.656,0.994885999999442,0.996022243071439
17.658,0.994882999999442,0.996007002657697
17.66,0.994879999999442,0.995992394243969
17.662,0.994876999999442,0.99597877837793
17.664,0.994873999999442,0.995966391082799
17.666,0.994870999999442,0.995955504710678
17.668,0.994867999999442,0.995946315853222
17.67,0.994864999999442,0.995938900411146
17.672,0.994861999999442,0.995933366774045
17.674,0.994858999999441,0.99592973129404
17.676,0.994855999999442,0.995927900784649
17.678,0.994852999999441,0.995927823616667
17.68,0.994849999999441,0.99592935965733
17.682,0.994846999999441,0.99593221481165
17.684,0.994843999999441,0.995936338649789
17.686,0.994840999999441,0.995941405138255
17.688,0.994837999999441,0.995947128834816
17.69,0.994834999999441,0.995953220703333
17.692,0.994831999999441,0.995959374685613
17.694,0.994828999999441,0.99596528086775
17.696,0.994825999999441,0.995970592611931
17.698,0.994822999999441,0.995975038934034
17.7,0.99481999999944,0.995978357022754
17.702,0.99481699999944,0.995980224360287
17.704,0.99481399999944,0.995980495991576
17.706,0.99481099999944,0.995979068938121
17.708,0.99480799999944,0.995975725676993
17.71,0.99480499999944,0.995970509249388
17.712,0.99480199999944,0.995963456464911
17.714,0.99479899999944,0.995954679540096
17.716,0.99479599999944,0.995944164522573
17.718,0.99479299999944,0.995932185006733
17.72,0.99478999999944,0.995918883650485
17.722,0.99478699999944,0.995904519958882
17.724,0.994783999999439,0.995889440648864
17.726,0.994780999999439,0.99587388713251
17.728,0.994777999999439,0.995858200632291
17.73,0.994774999999439,0.995842690307296
17.732,0.994771999999439,0.995827641076323
17.734,0.994768999999439,0.995813395468603
17.736,0.994765999999439,0.99580024086629
17.738,0.994762999999439,0.995788330179777
17.74,0.994759999999439,0.995778049659098
17.742,0.994756999999439,0.995769388295905
17.744,0.994753999999439,0.995762561504718
17.746,0.994750999999439,0.995757635108475
17.748,0.994747999999439,0.99575460924864
17.75,0.994744999999439,0.995753440933956
17.752,0.994741999999438,0.995754021167599
17.754,0.994738999999438,0.995756304670075
17.756,0.994735999999438,0.995760088995392
17.758,0.994732999999438,0.995765167700185
17.76,0.994729999999438,0.995771207706271
17.762,0.994725999999438,0.995778032491462
17.764,0.994721999999438,0.995785293144785
17.766,0.994717999999438,0.995792688928725
17.768,0.994713999999438,0.995799921613118
17.77,0.994709999999438,0.995806697684307
17.772,0.994703999999438,0.995812752047085
17.774,0.994697999999438,0.995817728109542
17.776,0.994691999999437,0.995821405169661
17.778,0.994685999999437,0.995823624122712
17.78,0.994679999999437,0.995824055818312
17.782,0.994672999999437,0.995822631699347
17.784,0.994665999999437,0.99581926174254
17.786,0.994658999999437,0.995813867760825
17.788,0.994651999999437,0.995806526294944
17.79,0.994644999999437,0.995797279542014
17.792,0.994637999999437,0.995786265559261
17.794,0.994630999999437,0.995773551095932
17.796,0.994623999999437,0.995759343874655
17.798,0.994616999999437,0.995743919173589
17.8,0.994609999999437,0.995727482722174
17.802,0.994602999999437,0.995710345551964
17.804,0.994595999999436,0.99569279844515
17.806,0.994588999999436,0.995675149612996
17.808,0.994581999999436,0.99565769906754
17.81,0.994574999999436,0.995640776951658
17.812,0.994567999999436,0.995624637858702
17.814,0.994560999999436,0.995609572795649
17.816,0.994553999999436,0.995595835363623
17.818,0.994546999999436,0.995583580439577
17.82,0.994539999999436,0.995572868311399
17.822,0.994532999999436,0.995563813080122
17.824,0.994525999999436,0.995556447740139
17.826,0.994518999999436,0.995550622072972
17.828,0.994511999999436,0.995546287395093
17.83,0.994504999999436,0.995543319641463
17.832,0.994497999999436,0.995541617535992
17.834,0.994490999999436,0.99554099842225
17.836,0.994483999999435,0.995541202689662
17.838,0.994476999999435,0.995542087998598
17.84,0.994469999999435,0.995543364424314
17.842,0.994462999999435,0.995544762751292
17.844,0.994455999999435,0.995546015912007
17.846,0.994448999999435,0.995546807999127
17.848,0.994441999999435,0.995546843279736
17.85,0.994434999999435,0.995545943264533
17.852,0.994427999999435,0.995543740005638
17.854,0.994420999999435,0.995540217507635
17.856,0.994413999999435,0.995535128504085
17.858,0.994406999999434,0.995528413133657
17.86,0.994399999999434,0.995520057328577
17.862,0.994392999999434,0.995510070265422
17.864,0.994385999999434,0.995498553185703
17.866,0.994378999999434,0.995485607518213
17.868,0.994371999999434,0.995471303959332
17.87,0.994364999999434,0.995455845764392
17.872,0.994357999999434,0.995439454430722
17.874,0.994350999999434,0.995422356023698
17.876,0.994343999999434,0.995404790236294
17.878,0.994336999999434,0.995387046259121
17.88,0.994329999999434,0.995369377280913
17.882,0.994322999999434,0.9953520634857
17.884,0.994315999999434,0.995335373737571
17.886,0.994308999999434,0.995319544535638
17.888,0.994301999999434,0.995304862833682
17.89,0.994294999999433,0.995291496169114
17.892,0.994287999999434,0.995279647300352
17.894,0.994280999999433,0.995269419719741
17.896,0.994273999999433,0.995260899198574
17.898,0.994266999999433,0.995254160334474
17.9,0.994259999999433,0.995249109498558
17.902,0.994252999999433,0.995245696836383
17.904,0.994245999999433,0.995243827256675
17.906,0.994238999999433,0.99524325267221
17.908,0.994231999999433,0.995243871897116
17.91,0.994224999999433,0.995245381932092
17.912,0.994217999999433,0.995247534549404
17.914,0.994210999999433,0.995250036403921
17.916,0.994203999999433,0.995252607846851
17.918,0.994196999999433,0.995254977469265
17.92,0.994189999999432,0.99525687421723
17.922,0.994182999999432,0.995257979908442
17.924,0.994175999999432,0.995258088287426
17.926,0.994168999999432,0.995256986387469
17.928,0.994161999999432,0.995254306368365
17.93,0.994154999999432,0.995250051256719
17.932,0.994147999999432,0.995243934115083
17.934,0.994140999999432,0.99523602365428
17.936,0.994133999999432,0.995226186926205
17.938,0.994126999999432,0.995214548612536
17.94,0.994119999999432,0.995201163717878
17.942,0.994112999999432,0.995186175966288
17.944,0.994105999999432,0.995169697524231
17.946,0.994098999999432,0.995151949076593
17.948,0.994091999999432,0.995133192135989
17.95,0.994084999999431,0.995113670842331
17.952,0.994077999999431,0.995093689653279
17.954,0.994070999999431,0.995073544445292
17.956,0.994063999999431,0.995053530633121
17.958,0.994056999999431,0.995033943298447
17.96,0.994049999999431,0.995015116533761
17.962,0.994042999999431,0.994997324381032
17.964,0.994035999999431,0.994980881808256
17.966,0.994028999999431,0.994965937410072
17.968,0.994021999999431,0.99495277906148
17.97,0.994014999999431,0.994941419384499
17.972,0.994007999999431,0.994932035053245
17.974,0.994000999999431,0.994924492767376
17.976,0.993993999999431,0.99491879816662
17.978,0.993986999999431,0.994914913608888
17.98,0.993979999999431,0.994912726006231
17.982,0.993972999999431,0.994911955662164
17.984,0.99396599999943,0.994912552398178
17.986,0.99395899999943,0.994914169823938
17.988,0.99395199999943,0.99491653807974
17.99,0.99394499999943,0.99491935618039
17.992,0.99393799999943,0.994922279643503
17.994,0.99393099999943,0.994924988726338
17.996,0.99392399999943,0.994927175088882
17.998,0.99391699999943,0.994928452739442
18,0.99390999999943,0.994928627492649
18.002,0.99390299999943,0.994927304447617
18.004,0.99389599999943,0.99492427823499
18.006,0.99388899999943,0.994919475745621
18.008,0.99388199999943,0.994912804746939
18.01,0.99387499999943,0.994904106836752
18.012,0.99386799999943,0.994893416571798
18.014,0.99386099999943,0.994880853557191
18.016,0.993853999999429,0.994866449510712
18.018,0.993846999999429,0.994850451252553
18.02,0.993839999999429,0.994833066551114
18.022,0.993832999999429,0.994814461798474
18.024,0.993825999999429,0.994794997091762
18.026,0.993818999999429,0.994775009251758
18.028,0.993811999999429,0.994754816994574
18.03,0.993804999999429,0.99473476696933
18.032,0.993797999999429,0.994715172839887
18.034,0.993790999999429,0.994696401163587
18.036,0.993783999999429,0.994678726252418
18.038,0.993776999999429,0.994662361310467
18.04,0.993769999999429,0.994647698769826
18.042,0.993762999999429,0.994634812833462
18.044,0.993755999999429,0.99462390080182
18.046,0.993748999999429,0.994615057636485
18.048,0.993741999999429,0.994608193216525
18.05,0.993734999999429,0.994603260176371
18.052,0.993727999999429,0.994600264171838
18.054,0.993720999999429,0.994598988501412
18.056,0.993713999999429,0.994599213539742
18.058,0.993706999999428,0.9946007381089
18.06,0.993699999999428,0.994603255925785
18.062,0.993693999999428,0.994606442689226
18.064,0.993687999999428,0.994610004700565
18.066,0.993681999999428,0.994613607487362
18.068,0.993675999999428,0.99461695004092
18.07,0.993669999999428,0.994619721638948
18.072,0.993665999999428,0.994621620964303
18.074,0.993661999999428,0.994622354856251
18.076,0.993657999999428,0.994621656208853
18.078,0.993653999999428,0.994619340125387
18.08,0.993649999999428,0.994615309289454
18.082,0.993646999999428,0.994609387748264
18.084,0.993643999999428,0.994601687608075
18.086,0.993640999999428,0.994592199396926
18.088,0.993637999999428,0.994580968204365
18.09,0.993634999999428,0.994568230277214
18.092,0.993631999999428,0.994554011043931
18.094,0.993628999999428,0.994538610040625
18.096,0.993625999999427,0.994522261356356
18.098,0.993622999999427,0.994505292692348
18.1,0.993619999999427,0.994487995669234
18.102,0.993616999999427,0.994470706220279
18.104,0.993613999999427,0.994453737437194
18.106,0.993610999999427,0.994437411061905
18.108,0.993607999999427,0.994422032774685
18.11,0.993604999999427,0.994407947154842
18.112,0.993601999999427,0.994395462119445
18.114,0.993598999999427,0.994384690494265
18.116,0.993595999999427,0.994375920276927
18.118,0.993592999999427,0.99436927472555
18.12,0.993589999999427,0.994364675052674
18.122,0.993586999999427,0.994362166881372
18.124,0.993583999999427,0.994361752079568
18.126,0.993580999999427,0.994363248609085
18.128,0.993577999999427,0.994366542445997
18.13,0.993574999999427,0.994371416546874
18.132,0.993571999999427,0.994377672595094
18.134,0.993568999999427,0.994384931471498
18.136,0.993565999999427,0.994392874873948
18.138,0.993562999999427,0.994401148529973
18.14,0.993559999999426,0.99440938731703
18.142,0.993556999999426,0.994417235681195
18.144,0.993553999999426,0.994424357263964
18.146,0.993550999999426,0.994430451757262
18.148,0.993547999999426,0.994435130735826
18.15,0.993544999999426,0.994438148626463
18.152,0.993541999999426,0.994439345661792
18.154,0.993538999999426,0.994438440115249
18.156,0.993535999999426,0.994435375897712
18.158,0.993532999999426,0.994430059503007
18.16,0.993529999999426,0.994422505007279
18.162,0.993526999999426,0.994412816845273
18.164,0.993523999999426,0.994401096515826
18.166,0.993520999999426,0.99438756304065
18.168,0.993517999999426,0.994372393229757
18.17,0.993514999999426,0.994355960733312
18.172,0.993511999999426,0.994338608609076
18.174,0.993508999999426,0.994320727059799
18.176,0.993505999999426,0.994302678487073
18.178,0.993502999999426,0.994284845410528
18.18,0.993499999999426,0.994267584003098
18.182,0.993496999999426,0.994251229806308
18.184,0.993493999999425,0.994236116014246
18.186,0.993490999999425,0.994222599107786
18.188,0.993487999999425,0.994210845472306
18.19,0.993484999999425,0.994201125571167
18.192,0.993481999999425,0.994193542800636
18.194,0.993478999999425,0.99418811180876
18.196,0.993475999999425,0.994184823764084
18.198,0.993472999999425,0.994183681752307
18.2,0.993469999999425,0.994184488693433
18.202,0.993466999999425,0.994187117466897
18.204,0.993463999999425,0.994191357127756
18.206,0.993460999999425,0.994196962836165
18.208,0.993457999999425,0.994203601241974
18.21,0.993454999999425,0.994210937808797
18.212,0.993451999999425,0.994218650763476
18.214,0.993448999999425,0.994226390302216
18.216,0.993445999999425,0.99423382455064
18.218,0.993442999999425,0.994240574790092
18.22,0.993439999999425,0.994246358000463
18.222,0.993436999999425,0.994250906232166
18.224,0.993433999999425,0.994253834723631
18.226,0.993430999999425,0.994255048711526
18.228,0.993427999999425,0.994254345924949
18.23,0.993424999999424,0.994251598349521
18.232,0.993421999999424,0.99424691474645
18.234,0.993418999999424,0.994240282731253
18.236,0.993415999999424,0.994231731850899
18.238,0.993412999999424,0.994221509423668
18.24,0.993409999999424,0.994209675584913
18.242,0.993406999999424,0.994196454365635
18.244,0.993403999999424,0.994182143290267
18.246,0.993400999999424,0.994167059953382
18.248,0.993397999999424,0.994151483504493
18.25,0.993394999999424,0.994135754639283
18.252,0.993391999999424,0.99412018901419
18.254,0.993388999999424,0.994105090631827
18.256,0.993385999999424,0.994090830599722
18.258,0.993382999999424,0.994077568269918
18.26,0.993379999999424,0.99406573494851
18.262,0.993376999999424,0.994055407925822
18.264,0.993373999999424,0.994046864155618
18.266,0.993370999999424,0.994040136664381
18.268,0.993367999999424,0.994035330728493
18.27,0.993364999999424,0.994032408339037
18.272,0.993361999999424,0.994031325260927
18.274,0.993358999999424,0.994031977352887
18.276,0.993355999999424,0.994034297241673
18.278,0.993352999999424,0.994038106946478
18.28,0.993349999999424,0.994043126792404
18.282,0.993346999999424,0.994049090881654
18.284,0.993343999999423,0.994055758407385
18.286,0.993340999999423,0.994062810266741
18.288,0.993337999999423,0.994069937656663
18.29,0.993334999999423,0.994076845090548
18.292,0.993331999999423,0.994083224094257
18.294,0.993328999999423,0.994088761362247
18.296,0.993325999999423,0.994093271269241
18.298,0.993322999999423,0.994096385978894
18.3,0.993319999999423,0.994098030332792
18.302,0.993316999999423,0.994098033323482
18.304,0.993313999999423,0.994096257697438
18.306,0.993310999999423,0.994092758330683
18.308,0.993307999999423,0.994087494338223
18.31,0.993304999999423,0.994080546247089
18.312,0.993301999999423,0.994072033646368
18.314,0.993298999999423,0.994062059755077
18.316,0.993295999999423,0.994050819980582
18.318,0.993292999999423,0.994038575206736
18.32,0.993289999999423,0.994025522187488
18.322,0.993286999999423,0.994011965149741
18.324,0.993283999999423,0.993998195376881
18.326,0.993280999999423,0.993984505343176
18.328,0.993277999999423,0.993971192895571
18.33,0.993274999999423,0.993958612181553
18.332,0.993271999999423,0.993947000159723
18.334,0.993268999999423,0.993936621081351
18.336,0.993265999999422,0.993927756988376
18.338,0.993262999999422,0.993920577993536
18.34,0.993259999999422,0.993915129440553
18.342,0.993256999999423,0.993911501000411
18.344,0.993253999999422,0.99390969106052
18.346,0.993250999999422,0.993909629333206
18.348,0.993247999999422,0.993911207730222
18.35,0.993244999999422,0.993914315038923
18.352,0.993241999999422,0.993918669888142
18.354,0.993238999999422,0.993924184427349
18.356,0.993235999999422,0.993930577803771
18.358,0.993232999999422,0.993937535873915
18.36,0.993229999999422,0.993944786262726
18.362,0.993225999999422,0.993952016417407
18.364,0.993221999999422,0.993958916867416
18.366,0.993217999999422,0.99396520011727
18.368,0.993213999999422,0.993970484847505
18.37,0.993209999999422,0.993974577535555
18.372,0.993203999999422,0.993977220817335
18.374,0.993197999999422,0.99397811590973
18.376,0.993191999999422,0.993977230978832
18.378,0.993185999999422,0.993974367210534
18.38,0.993179999999422,0.993969580576464
18.382,0.993172999999422,0.993962833585031
18.384,0.993165999999422,0.993954190056419
18.386,0.993158999999422,0.993943706973633
18.388,0.993151999999422,0.993931597505804
18.39,0.993144999999422,0.993917985480469
18.392,0.993137999999422,0.993903118473968
18.394,0.993130999999422,0.993887231508195
18.396,0.993123999999422,0.99387060997617
18.398,0.993116999999422,0.993853546878948
18.4,0.993109999999422,0.993836315488031
18.402,0.993102999999422,0.993819209110294
18.404,0.993095999999422,0.993802538437182
18.406,0.993088999999422,0.993786545707863
18.408,0.993081999999422,0.993771469053263
18.41,0.993074999999422,0.993757527599854
18.412,0.993067999999422,0.993744927038609
18.414,0.993060999999421,0.993733801777321
18.416,0.993053999999421,0.993724179608911
18.418,0.993046999999421,0.993716184045241
18.42,0.993039999999421,0.993709720407021
18.422,0.993032999999421,0.993704749029884
18.424,0.993025999999421,0.99370115316866
18.426,0.993018999999421,0.993698840607841
18.428,0.993011999999421,0.993697587752137
18.43,0.993004999999421,0.993697156704955
18.432,0.992997999999421,0.99369738227178
18.434,0.992990999999421,0.993698030751822
18.436,0.992983999999421,0.993698836795644
18.438,0.992976999999421,0.99369956606357
18.44,0.992969999999421,0.993699942613726
18.442,0.992962999999421,0.993699755832278
18.444,0.992955999999421,0.993698752033538
18.446,0.992948999999421,0.993696735973361
18.448,0.992941999999421,0.993693513237101
18.45,0.992934999999421,0.993689001344292
18.452,0.992927999999421,0.993683093928609
18.454,0.992920999999421,0.993675744595122
18.456,0.992913999999421,0.993666957096382
18.458,0.992906999999421,0.993656724736273
18.46,0.992899999999421,0.993645202833915
18.462,0.992892999999421,0.993632541292315
18.464,0.992885999999421,0.993618777351726
18.466,0.992878999999421,0.993604159096392
18.468,0.992871999999421,0.993588831444146
18.47,0.99286499999942,0.993572986226106
18.472,0.99285799999942,0.993556840522513
18.474,0.99285099999942,0.993540628278772
18.476,0.992843999999421,0.993524592570293
18.478,0.992836999999421,0.993508989228218
18.48,0.992829999999421,0.993494096796162
18.482,0.992822999999421,0.993480148123777
18.484,0.99281599999942,0.993467373593516
18.486,0.992808999999421,0.993455983672055
18.488,0.99280199999942,0.993446049817354
18.49,0.99279499999942,0.993437680034562
18.492,0.99278799999942,0.993430938879764
18.494,0.99278099999942,0.993425790144817
18.496,0.99277399999942,0.993422139117584
18.498,0.99276699999942,0.993419920093141
18.5,0.99275999999942,0.993418983179175
18.502,0.99275299999942,0.993419263424719
18.504,0.99274599999942,0.993420498631248
18.506,0.99273899999942,0.99342248046823
18.508,0.99273199999942,0.993424988887275
18.51,0.99272499999942,0.993427734324653
18.512,0.99271799999942,0.993430438451942
18.514,0.99271099999942,0.993432808991124
18.516,0.99270399999942,0.993434548617677
18.518,0.99269699999942,0.993435340256703
18.52,0.99268999999942,0.993434989272035
18.522,0.99268299999942,0.99343322963271
18.524,0.99267599999942,0.993429813496041
18.526,0.99266899999942,0.993424734684082
18.528,0.99266199999942,0.993417837072923
18.53,0.99265499999942,0.993409095263837
18.532,0.99264799999942,0.993398484114912
18.534,0.99264099999942,0.993386160899693
18.536,0.99263399999942,0.993372233444833
18.538,0.99262699999942,0.993356746687095
18.54,0.99261999999942,0.99333996067443
18.542,0.99261299999942,0.993322108199964
18.544,0.99260599999942,0.993303450577269
18.546,0.99259899999942,0.99328431579539
18.548,0.99259199999942,0.993264992617781
18.55,0.99258499999942,0.993245800443825
18.552,0.99257799999942,0.993227034173105
18.554,0.99257099999942,0.993209039437933
18.556,0.99256399999942,0.993192101648185
18.558,0.99255699999942,0.993176410218296
18.56,0.99254999999942,0.993162357915033
18.562,0.99254299999942,0.993150017785312
18.564,0.99253599999942,0.993139591417422
18.566,0.99252899999942,0.993131161460314
18.568,0.99252199999942,0.993124677862235
18.57,0.99251499999942,0.993120133787919
18.572,0.99250799999942,0.993117480614967
18.574,0.99250099999942,0.993116443796934
18.576,0.99249399999942,0.993116987858254
18.578,0.99248699999942,0.993118823630747
18.58,0.992479999999419,0.993121628171622
18.582,0.99247299999942,0.993125114037488
18.584,0.99246599999942,0.9931289832262
18.586,0.992458999999419,0.993132899971191
18.588,0.992451999999419,0.993136560281379
18.59,0.992444999999419,0.993139660440475
18.592,0.99243799999942,0.993141876355807
18.594,0.992430999999419,0.993142951649426
18.596,0.992423999999419,0.993142541836737
18.598,0.992416999999419,0.99314045417168
18.6,0.992409999999419,0.993136444700221
18.602,0.992402999999419,0.993130559840368
18.604,0.992395999999419,0.993122585148143
18.606,0.992388999999419,0.993112544382152
18.608,0.992381999999419,0.993100580665266
18.61,0.992374999999419,0.993086700493697
18.612,0.992367999999419,0.993071108261509
18.614,0.992360999999419,0.99305406039957
18.616,0.992353999999419,0.993035649149359
18.618,0.992346999999419,0.993016287276242
18.62,0.992339999999419,0.992996195744733
18.622,0.992332999999419,0.992975722517374
18.624,0.992325999999419,0.992955194700347
18.626,0.992318999999419,0.992934922425016
18.628,0.992311999999419,0.992915226365786
18.63,0.992304999999419,0.992896404245709
18.632,0.992297999999419,0.992878791716658
18.634,0.992290999999419,0.99286267309989
18.636,0.992283999999419,0.992848206698485
18.638,0.992276999999419,0.992835620966426
18.64,0.992269999999419,0.992824975682
18.642,0.992262999999419,0.992816332532247
18.644,0.992255999999419,0.992809628145643
18.646,0.992248999999419,0.992804807560593
18.648,0.992241999999419,0.992801871513227
18.65,0.992234999999419,0.99280051798871
18.652,0.992227999999419,0.992800694324117
18.654,0.992220999999419,0.992802091814166
18.656,0.992213999999419,0.992804473482402
18.658,0.992206999999419,0.992807487330906
18.66,0.992199999999419,0.99281081859926
18.662,0.992193999999419,0.992814132279054
18.664,0.992187999999419,0.992817100365134
18.666,0.992181999999419,0.992819410541652
18.668,0.992175999999419,0.992820701460816
18.67,0.992169999999419,0.992820800633905
18.672,0.992165999999419,0.992819325137006
18.674,0.992161999999419,0.992816222103338
18.676,0.992157999999419,0.992811309047931
18.678,0.992153999999419,0.992804458628325
18.68,0.992149999999419,0.992795795453222
18.682,0.992146999999419,0.992785310968538
18.684,0.992143999999419,0.992773042212216
18.686,0.992140999999419,0.992759268065714
18.688,0.992137999999419,0.992744118020074
18.69,0.992134999999419,0.992727836874151
18.692,0.992131999999419,0.992710764316058
18.694,0.992128999999419,0.99269323500553
18.696,0.992125999999419,0.992675590039932
18.698,0.992122999999419,0.992658191202798
18.7,0.992119999999419,0.99264136796007
18.702,0.992116999999419,0.992625419146441
18.704,0.992113999999419,0.992610727304591
18.706,0.992110999999419,0.992597589198534
18.708,0.992107999999419,0.99258620902166
18.71,0.992104999999419,0.992576859479101
18.712,0.992101999999419,0.992569704955749
18.714,0.992098999999419,0.992564752850382
18.716,0.992095999999419,0.992562018974864
18.718,0.992092999999419,0.992561563060221
18.72,0.992089999999419,0.99256317125742
18.722,0.992086999999419,0.992566729683663
18.724,0.992083999999419,0.992572000969746
18.726,0.992080999999418,0.99257879166428
18.728,0.992077999999418,0.992586758071617
18.73,0.992074999999419,0.992595535658069
18.732,0.992071999999419,0.992604787025354
18.734,0.992068999999419,0.992614147693214
18.736,0.992065999999419,0.992623267329066
18.738,0.992062999999419,0.992631809663813
18.74,0.992059999999419,0.992639427605547
18.742,0.992056999999419,0.99264577095549
18.744,0.992053999999419,0.992650514462891
18.746,0.992050999999419,0.992653416472648
18.748,0.992047999999419,0.992654296363679
18.75,0.992044999999419,0.99265294478904
18.752,0.992041999999419,0.992649356967256
18.754,0.992038999999419,0.99264353163442
18.756,0.992035999999418,0.992635446814597
18.758,0.992032999999418,0.992625286054636
18.76,0.992029999999418,0.992613193322544
18.762,0.992026999999419,0.992599315372575
18.764,0.992023999999418,0.992583931518952
18.766,0.992020999999419,0.992567376594817
18.768,0.992017999999419,0.99254997831309
18.77,0.992014999999419,0.992532100435207
18.772,0.992011999999419,0.992514088243962
18.774,0.992008999999419,0.992496303640509
18.776,0.992005999999419,0.992479093619878
18.778,0.992002999999419,0.992462794478818
18.78,0.991999999999418,0.992447763485329
18.782,0.991996999999418,0.992434239451823
18.784,0.991993999999419,0.992422556383557
18.786,0.991990999999419,0.992412842975994
18.788,0.991987999999419,0.992405251536095
18.79,0.991984999999419,0.992399761049179
18.792,0.991981999999419,0.992396493495305
18.794,0.991978999999419,0.992395285232718
18.796,0.991975999999418,0.992396115229916
18.798,0.991972999999418,0.992398822066023
18.8,0.991969999999418,0.992403175376572
18.802,0.991966999999419,0.99240890994489
18.804,0.991963999999418,0.992415725190163
18.806,0.991960999999418,0.992423286010254
18.808,0.991957999999418,0.992431234939346
18.81,0.991954999999418,0.992439224824432
18.812,0.991951999999418,0.992446921773981
18.814,0.991948999999418,0.992454020236399
18.816,0.991945999999418,0.992460143443153
18.818,0.991942999999418,0.992465055586694
18.82,0.991939999999418,0.992468441005499
18.822,0.991936999999418,0.992470110645579
18.824,0.991933999999418,0.99246993837172
18.826,0.991930999999418,0.992467815985162
18.828,0.991927999999418,0.992463739853366
18.83,0.991924999999418,0.992457729690603
18.832,0.991921999999418,0.992449815204449
18.834,0.991918999999418,0.992440140289961
18.836,0.991915999999418,0.992429004942009
18.838,0.991912999999418,0.99241646376338
18.84,0.991909999999418,0.992402875613899
18.842,0.991906999999418,0.992388566004382
18.844,0.991903999999418,0.992373819757904
18.846,0.991900999999418,0.992358971426173
18.848,0.991897999999418,0.992344342116448
18.85,0.991894999999418,0.99233023076113
18.852,0.991891999999419,0.992317000129335
18.854,0.991888999999418,0.992304865226091
18.856,0.991885999999419,0.99229414351623
18.858,0.991882999999419,0.99228509140546
18.86,0.991879999999419,0.992277677066293
18.862,0.991876999999419,0.992272167959997
18.864,0.991873999999419,0.992268592184079
18.866,0.991870999999419,0.992266809516575
18.868,0.991867999999419,0.992266798309138
18.87,0.991864999999419,0.992268457758329
18.872,0.991861999999419,0.992271602995129
18.874,0.991858999999419,0.992276102533418
18.876,0.991855999999419,0.992281658999323
18.878,0.991852999999419,0.992288065844696
18.88,0.991849999999419,0.992295009943366
18.882,0.991846999999419,0.992302197152538
18.884,0.991843999999419,0.992309324654596
18.886,0.991840999999419,0.992316083953231
18.888,0.991837999999418,0.992322135976468
18.89,0.991834999999418,0.992327218170372
18.892,0.991831999999419,0.992331094430678
18.894,0.991828999999419,0.992333479639845
18.896,0.991825999999419,0.992334227718711
18.898,0.991822999999419,0.992333225462604
18.9,0.991819999999419,0.992330450287752
18.902,0.991816999999419,0.992325771641902
18.904,0.991813999999419,0.99231938276296
18.906,0.991810999999419,0.992311344984018
18.908,0.991807999999419,0.992301663329299
18.91,0.991804999999419,0.992290661898037
18.912,0.991801999999419,0.992278436092011
18.914,0.991798999999419,0.992265253901025
18.916,0.991795999999419,0.992251413502712
18.918,0.991792999999419,0.992237200823497
18.92,0.991789999999419,0.992222923840328
18.922,0.991786999999419,0.992208878216729
18.924,0.991783999999419,0.992195348991627
18.926,0.991780999999419,0.992182694730487
18.928,0.991777999999419,0.992171085282945
18.93,0.991774999999419,0.992160854145307
18.932,0.991771999999419,0.99215215624389
18.934,0.991768999999419,0.992145181974662
18.936,0.991765999999419,0.99213994193135
18.938,0.991762999999419,0.992136553979752
18.94,0.991759999999419,0.992135019563551
18.942,0.991756999999419,0.992135249143826
18.944,0.991753999999419,0.992137132676035
18.946,0.991750999999419,0.992140534754368
18.948,0.991747999999419,0.992145301998087
18.95,0.991744999999419,0.992151167204539
18.952,0.991741999999419,0.992157860432348
18.954,0.991738999999419,0.99216511088521
18.956,0.991735999999419,0.992172618480645
18.958,0.991732999999419,0.992180077819178
18.96,0.991729999999419,0.992187203810717
18.962,0.991725999999419,0.992193717103557
18.964,0.991721999999419,0.992199296048378
18.966,0.991717999999419,0.992203683097777
18.968,0.991713999999419,0.992206603110427
18.97,0.991709999999419,0.992207877327333
18.972,0.991703999999419,0.992207419859995
18.974,0.991697999999419,0.992205144364028
18.976,0.991691999999419,0.992200842619981
18.978,0.991685999999419,0.992194705080657
18.98,0.991679999999419,0.992186743780316
18.982,0.991672999999419,0.992177101153836
18.984,0.991665999999419,0.992165849447859
18.986,0.991658999999419,0.992153196516414
18.988,0.991651999999419,0.992139427812883
18.99,0.991644999999419,0.992124681798277
18.992,0.991637999999419,0.992109268395511
18.994,0.991630999999419,0.992093454422071
18.996,0.991623999999419,0.992077505901397
18.998,0.991616999999419,0.992061697686628
19,0.991609999999419,0.992046322007588
19.002,0.991602999999419,0.992031683637682
19.004,0.991595999999419,0.992017974274017
19.006,0.991588999999419,0.992005424949931
19.008,0.99158199999942,0.991994226904779
19.01,0.991574999999419,0.991984462177007
19.012,0.991567999999419,0.991976158164053
19.014,0.991560999999419,0.991969405630043
19.016,0.991553999999419,0.991964107082468
19.018,0.991546999999419,0.991960185139465
19.02,0.991539999999419,0.991957513160388
19.022,0.99153299999942,0.991956001776229
19.024,0.99152599999942,0.991955443815441
19.026,0.99151899999942,0.991955633883424
19.028,0.99151199999942,0.991956389309238
19.03,0.99150499999942,0.991957428992313
19.032,0.99149799999942,0.991958505490693
19.034,0.99149099999942,0.99195935206033
19.036,0.99148399999942,0.991959670472827
19.038,0.99147699999942,0.991959241032134
19.04,0.99146999999942,0.991957812019436
19.042,0.99146299999942,0.991955243000738
19.044,0.99145599999942,0.99195136306078
19.046,0.99144899999942,0.99194604720997
19.048,0.99144199999942,0.991939287757039
19.05,0.99143499999942,0.991931057219973
19.052,0.99142799999942,0.991921395861304
19.054,0.99142099999942,0.991910274227695
19.056,0.99141399999942,0.99189796069302
19.058,0.99140699999942,0.991884492649245
19.06,0.99139999999942,0.991870033637321
19.062,0.99139299999942,0.991854847632145
19.064,0.99138599999942,0.991839111372131
19.066,0.99137899999942,0.991823100184282
19.068,0.99137199999942,0.991807058055541
19.07,0.99136499999942,0.991791224988723
19.072,0.99135799999942,0.991775879502383
19.074,0.99135099999942,0.991761252494461
19.076,0.99134399999942,0.991747571109589
19.078,0.99133699999942,0.991735071497944
19.08,0.99132999999942,0.991723838201658
19.082,0.99132299999942,0.991714098299296
19.084,0.991315999999421,0.991705881837894
19.086,0.99130899999942,0.991699266492366
19.088,0.991301999999421,0.991694280069983
19.09,0.991294999999421,0.991690830539598
19.092,0.991287999999421,0.991688840932825
19.094,0.991280999999421,0.991688154146138
19.096,0.991273999999421,0.991688670178922
19.098,0.991266999999421,0.991690153674016
19.1,0.991259999999421,0.991692363468905
19.102,0.991252999999421,0.991695078014737
19.104,0.991245999999421,0.991698046532394
19.106,0.991238999999421,0.991701009693585
19.108,0.991231999999421,0.991703716062021
19.11,0.991224999999421,0.991705908850822
19.112,0.991217999999421,0.991707287578381
19.114,0.991210999999421,0.991707645598209
19.116,0.991203999999421,0.991706731762251
19.118,0.991196999999421,0.991704290530664
19.12,0.991189999999421,0.991700182076323
19.122,0.991182999999421,0.991694349201638
19.124,0.991175999999421,0.99168664919894
19.126,0.991168999999421,0.991677180058448
19.128,0.991161999999421,0.991665943946333
19.13,0.991154999999421,0.991653056552998
19.132,0.991147999999421,0.991638674372121
19.134,0.991140999999421,0.991622913128486
19.136,0.991133999999421,0.991605999133288
19.138,0.991126999999422,0.991588166955353
19.14,0.991119999999422,0.991569670304641
19.142,0.991112999999422,0.991550779298589
19.144,0.991105999999422,0.991531785436464
19.146,0.991098999999422,0.99151297469108
19.148,0.991091999999422,0.991494642352307
19.15,0.991084999999422,0.991477095494112
19.152,0.991077999999422,0.991460586049957
19.154,0.991070999999422,0.991445463498395
19.156,0.991063999999422,0.991431922667227
19.158,0.991056999999422,0.991420100176638
19.16,0.991049999999422,0.991410154788562
19.162,0.991042999999422,0.991402135329708
19.164,0.991035999999422,0.991395972736812
19.166,0.991028999999422,0.991391648796676
19.168,0.991021999999422,0.991389083899113
19.17,0.991014999999422,0.991388167826243
19.172,0.991007999999422,0.99138860680929
19.174,0.991000999999422,0.991390297640909
19.176,0.990993999999422,0.991392936239153
19.178,0.990986999999422,0.99139618637295
19.18,0.990979999999422,0.991399757411082
19.182,0.990972999999422,0.991403302714014
19.184,0.990965999999422,0.9914065078202
19.186,0.990958999999422,0.991409078263794
19.188,0.990951999999422,0.991410639590372
19.19,0.990944999999422,0.991410930326042
19.192,0.990937999999423,0.99140976588945
19.194,0.990930999999422,0.991406794486565
19.196,0.990923999999422,0.991401977629545
19.198,0.990916999999423,0.991395237441583
19.2,0.990909999999422,0.991386416192769
19.202,0.990902999999423,0.991375554386548
19.204,0.990895999999423,0.991362773621258
19.206,0.990888999999423,0.991348123552152
19.208,0.990881999999423,0.991331891291378
19.21,0.990874999999423,0.991314229264651
19.212,0.990867999999423,0.991295424134173
19.214,0.990860999999423,0.99127581909023
19.216,0.990853999999423,0.991255775496507
19.218,0.990846999999423,0.991235629247702
19.22,0.990839999999423,0.991215734530088
19.222,0.990832999999423,0.991196399973017
19.224,0.990825999999423,0.991177991389639
19.226,0.990818999999423,0.991160732681541
19.228,0.990811999999423,0.991144963076494
19.23,0.990804999999423,0.991130926991214
19.232,0.990797999999423,0.991118684294731
19.234,0.990790999999423,0.991108439459729
19.236,0.990783999999423,0.991100291205402
19.238,0.990776999999424,0.991094122055212
19.24,0.990769999999424,0.991089873230918
19.242,0.990762999999424,0.991087539951991
19.244,0.990755999999424,0.991086946675195
19.246,0.990748999999424,0.991087800537391
19.248,0.990741999999424,0.991089961053992
19.25,0.990734999999424,0.991093097270019
19.252,0.990727999999424,0.991096882964298
19.254,0.990720999999424,0.991101026923734
19.256,0.990713999999424,0.991105185141119
19.258,0.990706999999424,0.991109045986196
19.26,0.990699999999424,0.991112311681419
19.262,0.990693999999424,0.991114611241625
19.264,0.990687999999424,0.991115677254818
19.266,0.990681999999424,0.991115319761247
19.268,0.990675999999424,0.991113165317168
19.27,0.990669999999424,0.991109258671519
19.272,0.990665999999424,0.991103377343584
19.274,0.990661999999424,0.991095601727463
19.276,0.990657999999424,0.991085941103106
19.278,0.990653999999425,0.991074427341903
19.28,0.990649999999425,0.991061214215719
19.282,0.990646999999425,0.99104655043061
19.284,0.990643999999425,0.991030584376196
19.286,0.990640999999425,0.991013542889294
19.288,0.990637999999425,0.990995783192556
19.29,0.990634999999425,0.990977609999843
19.292,0.990631999999425,0.990959376049871
19.294,0.990628999999425,0.990941415816441
19.296,0.990625999999425,0.990924082683643
19.298,0.990622999999425,0.990907692981162
19.3,0.990619999999425,0.990892591719021
19.302,0.990616999999425,0.990879130828878
19.304,0.990613999999425,0.990867432357227
19.306,0.990610999999425,0.990857821808663
19.308,0.990607999999426,0.990850441821026
19.31,0.990604999999426,0.990845242057282
19.312,0.990601999999426,0.990842267357677
19.314,0.990598999999426,0.990841410122749
19.316,0.990595999999426,0.990842711626959
19.318,0.990592999999426,0.99084590696986
19.32,0.990589999999426,0.990850891225786
19.322,0.990586999999426,0.99085735925922
19.324,0.990583999999426,0.990865023071514
19.326,0.990580999999426,0.990873577961951
19.328,0.990577999999426,0.990882654020285
19.33,0.990574999999426,0.990891914781772
19.332,0.990571999999426,0.990901006353407
19.334,0.990568999999426,0.990909606605875
19.336,0.990565999999426,0.990917391508837
19.338,0.990562999999426,0.990924033079396
19.34,0.990559999999426,0.990929195965221
19.342,0.990556999999426,0.990932741675774
19.344,0.990553999999426,0.990934335982007
19.346,0.990550999999427,0.99093378899896
19.348,0.990547999999427,0.990931056998079
19.35,0.990544999999427,0.990926102432784
19.352,0.990541999999427,0.990918926967524
19.354,0.990538999999427,0.990909597829606
19.356,0.990535999999427,0.990898289721829
19.358,0.990532999999427,0.990885181566728
19.36,0.990529999999427,0.99087051461929
19.362,0.990526999999427,0.990854669320253
19.364,0.990523999999427,0.990837979676207
19.366,0.990520999999427,0.990820804722678
19.368,0.990517999999427,0.990803517816476
19.37,0.990514999999427,0.990786485721361
19.372,0.990511999999428,0.99077004588003
19.374,0.990508999999428,0.990754527996103
19.376,0.990505999999428,0.990740262571086
19.378,0.990502999999428,0.990727573834247
19.38,0.990499999999428,0.990716609836718
19.382,0.990496999999428,0.990707678795468
19.384,0.990493999999428,0.990700882839525
19.386,0.990490999999428,0.990696207422834
19.388,0.990487999999428,0.990693671875532
19.39,0.990484999999428,0.990693238514755
19.392,0.990481999999428,0.990694756344615
19.394,0.990478999999428,0.990698080709121
19.396,0.990475999999428,0.990702995241787
19.398,0.990472999999428,0.990709235065849
19.4,0.990469999999428,0.99071646411066
19.402,0.990466999999429,0.990724320093585
19.404,0.990463999999429,0.990732465740362
19.406,0.990460999999429,0.99074053286048
19.408,0.990457999999429,0.990748181117637
19.41,0.990454999999429,0.990755032043863
19.412,0.990451999999429,0.990760832695929
19.414,0.990448999999429,0.990765262367001
19.416,0.990445999999429,0.990767977974587
19.418,0.990442999999429,0.990768954592897
19.42,0.990439999999429,0.990768033181879
19.422,0.990436999999429,0.990765143988611
19.424,0.990433999999429,0.990760218547495
19.426,0.990430999999429,0.990753389413938
19.428,0.99042799999943,0.990744644612522
19.43,0.99042499999943,0.990734253355844
19.432,0.99042199999943,0.990722387929353
19.434,0.99041899999943,0.990709149446982
19.436,0.99041599999943,0.990694934421667
19.438,0.99041299999943,0.990679996749636
19.44,0.99040999999943,0.990664698634063
19.442,0.99040699999943,0.990649372283526
19.444,0.99040399999943,0.990634333218394
19.446,0.99040099999943,0.990619928244413
19.448,0.99039799999943,0.990606482428124
19.45,0.99039499999943,0.99059421055075
19.452,0.99039199999943,0.990583436749627
19.454,0.99038899999943,0.990574360007073
19.456,0.99038599999943,0.990567045631687
19.458,0.990382999999431,0.990561648349291
19.46,0.990379999999431,0.990558153842352
19.462,0.990376999999431,0.990556529664991
19.464,0.990373999999431,0.990556704136659
19.466,0.990370999999431,0.990558542993129
19.468,0.990367999999431,0.990561956516236
19.47,0.990364999999431,0.990566728467106
19.472,0.990361999999431,0.990572606195432
19.474,0.990358999999431,0.990579308495282
19.476,0.990355999999431,0.990586574795979
19.478,0.990352999999431,0.990594098494395
19.48,0.990349999999431,0.990601581267702
19.482,0.990346999999432,0.990608738418283
19.484,0.990343999999432,0.990615272163111
19.486,0.990340999999432,0.990620863661264
19.488,0.990337999999432,0.990625331785392
19.49,0.990334999999432,0.990628345056136
19.492,0.990331999999432,0.990629758945886
19.494,0.990328999999432,0.990629503109458
19.496,0.990325999999432,0.99062746877313
19.498,0.990322999999432,0.990623613585853
19.5,0.990319999999432,0.990618014587325
19.502,0.990316999999432,0.990610754373596
19.504,0.990313999999432,0.990601966500525
19.506,0.990310999999433,0.990591836477695
19.508,0.990307999999433,0.990580557693541
19.51,0.990304999999433,0.990568365022443
19.512,0.990301999999433,0.990555519391687
19.514,0.990298999999433,0.990542275944935
19.516,0.990295999999433,0.990528924925024
19.518,0.990292999999433,0.990515735892372
19.52,0.990289999999433,0.990502994341101
19.522,0.990286999999433,0.990491041292326
19.524,0.990283999999433,0.990480103925559
19.526,0.990280999999433,0.990470407430966
19.528,0.990277999999433,0.990462306343887
19.53,0.990274999999434,0.990455843805051
19.532,0.990271999999434,0.990451144324356
19.534,0.990268999999434,0.990448322736763
19.536,0.990265999999434,0.990447289948072
19.538,0.990262999999434,0.990447999681304
19.54,0.990259999999434,0.99045031000726
19.542,0.990256999999434,0.990454185470044
19.544,0.990253999999434,0.990459262138215
19.546,0.990250999999434,0.990465479305397
19.548,0.990247999999434,0.990472475404565
19.55,0.990244999999434,0.990479989090976
19.552,0.990241999999435,0.990487715122039
19.554,0.990238999999435,0.990495337626647
19.556,0.990235999999435,0.990502558292779
19.558,0.990232999999435,0.990509052385728
19.56,0.990229999999435,0.990514503960088
19.562,0.990225999999435,0.990518730752898
19.564,0.990221999999435,0.990521454531367
19.566,0.990217999999435,0.990522470418844
19.568,0.990213999999435,0.990521681236832
19.57,0.990209999999435,0.990519012720844
19.572,0.990203999999435,0.990514405230013
19.574,0.990197999999435,0.990507970134097
19.576,0.990191999999436,0.990499737294025
19.578,0.990185999999436,0.990489816730208
19.58,0.990179999999436,0.990478352450991
19.582,0.990172999999436,0.990465549317009
19.584,0.990165999999436,0.990451655905733
19.586,0.990158999999436,0.990436900376056
19.588,0.990151999999436,0.990421593526951
19.59,0.990144999999436,0.990406011347409
19.592,0.990137999999436,0.99039045385907
19.594,0.990130999999437,0.990375205876116
19.596,0.990123999999437,0.990360539848968
19.598,0.990116999999437,0.990346714978206
19.6,0.990109999999437,0.990333973808061
19.602,0.990102999999437,0.990322489783421
19.604,0.990095999999437,0.990312390579358
19.606,0.990088999999437,0.990303798225275
19.608,0.990081999999437,0.990296697881091
19.61,0.990074999999437,0.990291168270369
19.612,0.990067999999437,0.990287083996068
19.614,0.990060999999437,0.99028437137481
19.616,0.990053999999438,0.990282902935968
19.618,0.990046999999438,0.990282514141525
19.62,0.990039999999438,0.9902829731004
19.622,0.990032999999438,0.990284046794613
19.624,0.990025999999438,0.990285510078391
19.626,0.990018999999438,0.990287083490183
19.628,0.990011999999438,0.990288515164841
19.63,0.990004999999438,0.990289512991118
19.632,0.989997999999438,0.990289860918861
19.634,0.989990999999439,0.990289336935154
19.636,0.989983999999439,0.990287670334924
19.638,0.989976999999439,0.990284758834309
19.64,0.989969999999439,0.990280471185987
19.642,0.989962999999439,0.990274718588727
19.644,0.989955999999439,0.990267497580313
19.646,0.989948999999439,0.990258825933297
19.648,0.989941999999439,0.990248720373565
19.65,0.989934999999439,0.990237321162398
19.652,0.989927999999439,0.990224821883271
19.654,0.98992099999944,0.990211264096103
19.656,0.98991399999944,0.990196893860872
19.658,0.98990699999944,0.990181910467953
19.66,0.98989999999944,0.990166487280279
19.662,0.98989299999944,0.990150856972487
19.664,0.98988599999944,0.990135257459986
19.666,0.98987899999944,0.990119935725794
19.668,0.98987199999944,0.990105151215693
19.67,0.98986499999944,0.990091162465195
19.672,0.989857999999441,0.990078186491833
19.674,0.98985099999944,0.990066471627224
19.676,0.989843999999441,0.990056167496915
19.678,0.989836999999441,0.990047406499356
19.68,0.989829999999441,0.990040212105884
19.682,0.989822999999441,0.990034598631494
19.684,0.989815999999441,0.990030608977602
19.686,0.989808999999441,0.990028063858885
19.688,0.989801999999441,0.990026887330148
19.69,0.989794999999441,0.990026934408353
19.692,0.989787999999442,0.990028060631049
19.694,0.989780999999442,0.990030027152113
19.696,0.989773999999442,0.990032642744737
19.698,0.989766999999442,0.990035673539295
19.7,0.989759999999442,0.990038859660479
19.702,0.989752999999442,0.99004194990477
19.704,0.989745999999442,0.990044688365518
19.706,0.989738999999442,0.990046799444674
19.708,0.989731999999443,0.990047980257761
19.71,0.989724999999443,0.990048041420423
19.712,0.989717999999443,0.990046732162918
19.714,0.989710999999443,0.990043797137391
19.716,0.989703999999443,0.990039243954703
19.718,0.989696999999443,0.990032929160314
19.72,0.989689999999443,0.99002485096792
19.722,0.989682999999443,0.990014914768208
19.724,0.989675999999443,0.990003326192185
19.726,0.989668999999443,0.989990167736499
19.728,0.989661999999444,0.989975515995909
19.73,0.989654999999444,0.989959600846579
19.732,0.989647999999444,0.98994266686323
19.734,0.989640999999444,0.989924987518153
19.736,0.989633999999444,0.989906835424077
19.738,0.989626999999444,0.989888520070503
19.74,0.989619999999444,0.989870339504146
19.742,0.989612999999445,0.989852597367714
19.744,0.989605999999445,0.989835574995472
19.746,0.989598999999445,0.989819610722368
19.748,0.989591999999445,0.989804887143313
19.75,0.989584999999445,0.989791673151301
19.752,0.989577999999445,0.989780184932671
19.754,0.989570999999445,0.989770547951268
19.756,0.989563999999445,0.989762796452384
19.758,0.989556999999445,0.989757036212888
19.76,0.989549999999445,0.989753133746729
19.762,0.989542999999446,0.989751018722247
19.764,0.989535999999446,0.989750645960299
19.766,0.989528999999446,0.989751725140459
19.768,0.989521999999446,0.989754069850043
19.77,0.989514999999446,0.989757450926778
19.772,0.989507999999446,0.989761461570563
19.774,0.989500999999446,0.989765861859083
19.776,0.989493999999446,0.98977028347518
19.778,0.989486999999446,0.989774410732174
19.78,0.989479999999446,0.989777929886233
19.782,0.989472999999447,0.989780487374632
19.784,0.989465999999447,0.989781868792179
19.786,0.989458999999447,0.989781701976119
19.788,0.989451999999447,0.989779787971979
19.79,0.989444999999447,0.989776014312076
19.792,0.989437999999447,0.989770176941636
19.794,0.989430999999447,0.989762269306492
19.796,0.989423999999447,0.989752381500921
19.798,0.989416999999448,0.989740579165495
19.8,0.989409999999448,0.989726855908367
19.802,0.989402999999448,0.989711544048061
19.804,0.989395999999448,0.989694718498082
19.806,0.989388999999448,0.989676639636107
19.808,0.989381999999448,0.989657641439419
19.81,0.989374999999448,0.989638006879715
19.812,0.989367999999448,0.989618060624621
19.814,0.989360999999448,0.989598135996923
19.816,0.989353999999449,0.989578559951075
19.818,0.989346999999449,0.989559637462673
19.82,0.989339999999449,0.989541754329696
19.822,0.989332999999449,0.989525089060674
19.824,0.989325999999449,0.989510030579755
19.826,0.989318999999449,0.989496744065034
19.828,0.989311999999449,0.989485396363248
19.83,0.98930499999945,0.989476074374298
19.832,0.98929799999945,0.989468752481274
19.834,0.98929099999945,0.989463470008843
19.836,0.98928399999945,0.989460047741592
19.838,0.98927699999945,0.989458467888667
19.84,0.98926999999945,0.989458475300313
19.842,0.98926299999945,0.989459937978609
19.844,0.98925599999945,0.989462555890386
19.846,0.98924899999945,0.989466013247912
19.848,0.989241999999451,0.989470034791674
19.85,0.989234999999451,0.989474276654693
19.852,0.989227999999451,0.989478417196273
19.854,0.989220999999451,0.989482148910863
19.856,0.989213999999451,0.989485188518856
19.858,0.989206999999451,0.989487171009704
19.86,0.989199999999451,0.989487888557825
19.862,0.989193999999452,0.989487043477986
19.864,0.989187999999452,0.989484437591663
19.866,0.989181999999452,0.989479998902416
19.868,0.989175999999452,0.989473635273886
19.87,0.989169999999452,0.989465324277673
19.872,0.989165999999452,0.989455086682543
19.874,0.989161999999452,0.989443014029735
19.876,0.989157999999453,0.989429253007702
19.878,0.989153999999453,0.989414078680118
19.88,0.989149999999453,0.989397674917211
19.882,0.989147999999453,0.989380341993194
19.884,0.989145999999453,0.989362439635195
19.886,0.989143999999453,0.989344320003541
19.888,0.989141999999453,0.98932633466391
19.89,0.989139999999453,0.989308817551666
19.892,0.989139999999454,0.989292089535942
19.894,0.989139999999454,0.989276449398625
19.896,0.989139999999454,0.989262255173546
19.898,0.989139999999454,0.989249797759269
19.9,0.989139999999454,0.989239312011304
19.902,0.989141999999454,0.989230971619216
19.904,0.989143999999454,0.989225011354422
19.906,0.989145999999455,0.989221477813536
19.908,0.989147999999455,0.989220434829365
19.91,0.989149999999455,0.989221785302583
19.912,0.989153999999455,0.989225423180344
19.914,0.989157999999455,0.989231211417226
19.916,0.989161999999455,0.989239049689704
19.918,0.989165999999455,0.989248590026829
19.92,0.989169999999456,0.9892596021119
19.922,0.989175999999456,0.98927172498929
19.924,0.989181999999456,0.989284671868289
19.926,0.989187999999456,0.989298091330329
19.928,0.989193999999456,0.989311631483395
19.93,0.989199999999456,0.989324982830249
19.932,0.989207999999456,0.989337832042305
19.934,0.989215999999457,0.989349839986985
19.936,0.989223999999457,0.989360743540035
19.938,0.989231999999457,0.989370342962904
19.94,0.989239999999457,0.989378418368144
19.942,0.989249999999457,0.989384893054169
19.944,0.989259999999457,0.989389673509085
19.946,0.989269999999457,0.989392845350252
19.948,0.989279999999458,0.989394467790723
19.95,0.989289999999458,0.989394654183835
19.952,0.989301999999458,0.989393514009431
19.954,0.989313999999458,0.989391286854899
19.956,0.989325999999458,0.989388174204221
19.958,0.989337999999458,0.989384445233472
19.96,0.989349999999458,0.989380396277929
19.962,0.989363999999458,0.989376340879597
19.964,0.989377999999459,0.989372584212912
19.966,0.989391999999459,0.98936946351173
19.968,0.989405999999459,0.989367265163153
19.97,0.989419999999459,0.989366364159358
19.972,0.989435999999459,0.989366914223508
19.974,0.989451999999459,0.989369299743387
19.976,0.98946799999946,0.989373713902475
19.978,0.98948399999946,0.989380121769879
19.98,0.98949999999946,0.989388764566861
19.982,0.98951799999946,0.989399692151114
19.984,0.98953599999946,0.989412738711367
19.986,0.98955399999946,0.98942789196014
19.988,0.98957199999946,0.989445015556171
19.99,0.98958999999946,0.989464008552131
19.992,0.989609999999461,0.989484654032801
19.994,0.989629999999461,0.989506698515963
19.996,0.989649999999461,0.989529860888839
19.998,0.989669999999461,0.989553837599594
20,0.989689999999461,0.989578322407225
