t,x_ref,x_meas,pitch_deg
0,0,0,-0
0.002,0,1.35593028917498e-15,4.50609480099098e-12
0.004,0,3.45936491887329e-13,1.14961619728654e-09
0.006,0,3.94278738964736e-12,1.31026701404572e-08
0.008,0,2.14258611807965e-11,7.12023946777821e-08
0.01,0,8.4681734238023e-11,2.81413863426806e-07
0.012,0,2.28785504703213e-10,7.60297011733968e-07
0.014,0,5.65873776198218e-10,1.88049241746796e-06
0.016,0,1.23212623232037e-09,4.09450712714052e-06
0.018,0,2.32347241914629e-09,7.72105834850666e-06
0.02,0,4.21912534513943e-09,1.40200138672132e-05
0.022,0,7.46381751017827e-09,2.4800404701473e-05
0.024,0,1.19215004064442e-08,3.96091029801502e-05
0.026,0,1.7920527279205e-08,5.95363046283284e-05
0.028,0,2.79451577568345e-08,9.28219156871372e-05
0.03,0,3.92708939507198e-08,0.000130421264914553
0.032,0,5.65853791452513e-08,0.000187869495476448
0.034,0,7.79541847480736e-08,0.000258721856954277
0.036,0,1.06719622245036e-07,0.000354028482590233
0.038,0,1.38356594023316e-07,0.000458791571928324
0.04,0,1.84808969944874e-07,0.00061234437359021
0.042,0,2.31261345866433e-07,0.000765897175252096
0.044,0,2.96723164500432e-07,0.000981757705758537
0.046,0,3.69692294618993e-07,0.00122211414838747
0.048,0,4.57315522185068e-07,0.00151017768352115
0.05,0,5.62063479079961e-07,0.00185365840154205
0.052,0,6.84377858002715e-07,0.00225356137220669
0.054,0,8.24174048662508e-07,0.00270916042698991
0.056,0,9.83688621660649e-07,0.003226889007081
0.058,0,1.16391018480571e-06,0.00380882381498002
0.06,0,1.36868535770481e-06,0.0044655816496175
0.062,0,1.58896039864467e-06,0.00516883153707182
0.064,0,1.83217208838196e-06,0.00593998776690871
0.066,0,2.11196217184956e-06,0.00681609438652282
0.068,0,2.39846702054211e-06,0.00771077707884716
0.07,0,2.74943467841778e-06,0.00878221393649565
0.072,0,3.10040233629344e-06,0.00985365079414415
0.074,0,3.46783106102691e-06,0.0109680063968457
0.076,0,3.92355767394655e-06,0.0123125800397582
0.078,0,4.37928428686618e-06,0.0136571536826707
0.08,0,4.86742718627206e-06,0.0150816982948458
0.082,0,5.4601159254311e-06,0.0167641574630569
0.084,0,6.05280466459014e-06,0.0184466166312679
0.086,0,6.68694327653093e-06,0.020227202034828
0.088,0,7.41070770531333e-06,0.0222199628542948
0.09,0,8.19368093142203e-06,0.0243473157426488
0.092,0,9.04682702677655e-06,0.0266308998473028
0.094,0,9.98400741001581e-06,0.0290913741431446
0.096,0,1.09892473278362e-05,0.0316796413728632
0.098,0,1.20557620112176e-05,0.0343635008814158
0.1,0,1.31804532037312e-05,0.0371032183595194
0.102,0,1.43430129104388e-05,0.0398319678505691
0.104,0,1.55284693484239e-05,0.0424884604190191
0.106,0,1.67213771533006e-05,0.0450105371071332
0.108,0,1.79067769433676e-05,0.0473386852103865
0.11,0,1.90709334694558e-05,0.0494187696738479
0.112,0,2.01918380841643e-05,0.051128161371531
0.114,0,2.12697959746665e-05,0.0525175024582156
0.116,0,2.2304616438779e-05,0.0535981574883071
0.118,0,2.32770991979237e-05,0.0542525225097047
0.12,0,2.41906566411325e-05,0.0545128898355346
0.122,0,2.50468168195564e-05,0.0543860537203968
0.124,0,2.58507668861123e-05,0.0538923085278914
0.126,0,2.6611642506558e-05,0.0530661796036678
0.128,0,2.73421934067104e-05,0.051941126143965
0.13,0,2.80635883676194e-05,0.0506179005870673
0.132,0,2.87933033084817e-05,0.0491541132164543
0.134,0,2.95520204703486e-05,0.0476239646679263
0.136,0,3.03616632952694e-05,0.0461056761865431
0.138,0,3.12588803403427e-05,0.0447056862432784
0.14,0,3.22646276798477e-05,0.043511367342477
0.142,0,3.33913876761864e-05,0.042576517708312
0.144,0,3.46530527101297e-05,0.0419496099844638
0.146,0,3.60600640791973e-05,0.0416666689727185
0.148,0,3.76192659659457e-05,0.0417507291402101
0.15,0,3.93351467007694e-05,0.0422146018631133
0.152,0,4.12509829031698e-05,0.0431561633904065
0.154,0,4.3286246048498e-05,0.0443705232167166
0.156,0,4.54290370069207e-05,0.0458293968961064
0.158,0,4.77594662773743e-05,0.0476738963631706
0.16,0,5.01668324803686e-05,0.0496407145357308
0.162,0,5.2647395535405e-05,0.0517239052213679
0.164,0,5.5225104145111e-05,0.0538519802369727
0.166,0,5.78211123459853e-05,0.0558967680856053
0.168,0,6.04363620533448e-05,0.0578539138172867
0.17,0,6.30299891642847e-05,0.0594356556014887
0.172,0,6.55890354272431e-05,0.060745048356587
0.174,0,6.81084822782424e-05,0.0617487669767611
0.176,0,7.05245784442548e-05,0.0620948743795109
0.178,0,7.28814797321548e-05,0.0620823732950769
0.18,0,7.51691770875147e-05,0.0616527865082195
0.182,0,7.73504776027378e-05,0.0605666900716324
0.184,0,7.94845509568605e-05,0.0591528647242505
0.186,0,8.15635950426907e-05,0.0573475995181754
0.188,0,8.36204997598389e-05,0.0552824453340962
0.19,0,8.56575314629577e-05,0.0529840063901769
0.192,0,8.76958922249639e-05,0.0504899302811438
0.194,0,8.97719128241852e-05,0.0479106454140301
0.196,0,9.19038256101473e-05,0.045367438789574
0.198,0,9.41177048212373e-05,0.0429424111283638
0.2,0,9.64485609925226e-05,0.0407461889590503
0.202,0,9.89085433851159e-05,0.0388445298459748
0.204,0,0.000101511987035642,0.0372945209598989
0.206,0,0.000104291082562083,0.0361970179025175
0.208,0,0.00010723669952692,0.0355410297673721
0.21,0,0.000110347850285141,0.0353292980341575
0.212,0,0.000113634368851158,0.0355891667550585
0.214,0,0.000117073969445461,0.0362561907304115
0.216,0,0.000120648162464213,0.0372719361030879
0.218,0,0.000124336523466226,0.0385693214576521
0.22,0,0.000128115141587972,0.0400687059328137
0.222,0,0.000131955799943176,0.0416797891465039
0.224,0,0.000135832899425438,0.0433196775930612
0.226,0,0.000139724185642857,0.0449171199743193
0.228,0,0.000143608440456874,0.0463982436322181
0.23,0,0.000147467091686754,0.0477064342009041
0.232,0,0.00015128245745961,0.0487799012047207
0.234,0,0.000155044772698209,0.0495926493421452
0.236,0,0.000158740430492031,0.0500944379629853
0.238,0,0.000162367209328228,0.0502837747975755
0.24,0,0.00016592006422738,0.050141416923365
0.242,0,0.000169406527523238,0.0497008178221809
0.244,0,0.000172826645298865,0.0489596103276951
0.246,0,0.000176178814204194,0.0479039805719238
0.248,0,0.000179481398234518,0.0466122198636369
0.25,0,0.000182729396330928,0.0450505322631349
0.252,0,0.000185938255602547,0.0432832487988966
0.254,0,0.000189117063770283,0.0413426222564563
0.256,0,0.00019227456931528,0.0392494723022882
0.258,0,0.000195429621076221,0.0370699021556969
0.26,0,0.000198595124432045,0.0348629448071587
0.262,0,0.000201796348203456,0.0326914249256305
0.264,0,0.00020504669933851,0.0306178836324155
0.266,0,0.00020836006791032,0.0286909554137264
0.268,0,0.000211749121933002,0.0269548089374405
0.27,0,0.000215224859884394,0.0254480451726217
0.272,0,0.000218804970155251,0.0242268266129108
0.274,0,0.00022249318098976,0.0233074223013223
0.276,0,0.000226296464471048,0.0227120750023803
0.278,0,0.000230208284249512,0.0224224159264065
0.28,0,0.000234222291515286,0.0224182473520035
0.282,0,0.00023833033941026,0.022672380252472
0.284,0,0.000242524178915421,0.0231547243037792
0.286,0,0.000246779509384251,0.0237940217840108
0.288,0,0.000251102716611373,0.0245927769937209
0.29,0,0.000255466797262091,0.0254681555017831
0.292,0,0.000259855585643385,0.0263687157468727
0.294,0,0.000264256657032893,0.0272520944693791
0.296,0,0.000268658518357326,0.0280804965175052
0.298,0,0.000273045099696918,0.0287882255880466
0.3,0,0.000277404587151914,0.0293422244694928
0.302,0,0.000281727536586279,0.0297108168731901
0.304,0,0.000286001648309618,0.029846084026717
0.306,0,0.000290235322323233,0.0297923606765747
0.308,0,0.000294415018848246,0.029487673831895
0.31,0,0.000298567256121317,0.0290546038526392
0.312,0,0.000302657782790617,0.0283252785770333
0.314,0,0.000306728557771289,0.0274893603957698
0.316,0,0.000310774036773815,0.0265169287313884
0.318,0,0.000314805588593908,0.0254341429994439
0.32,0,0.000318837913531055,0.024304981670465
0.322,0,0.000322880309952437,0.0231636501552685
0.324,0,0.000326946168052836,0.022050428473017
0.326,0,0.000331056810236695,0.0210324989906807
0.328,0,0.000335212733735766,0.0201254291521283
0.33,0,0.000339419958752437,0.0193502327831588
0.332,0,0.000343684179600575,0.0187267804977167
0.334,0,0.000348040116986295,0.0183559431158279
0.336,0,0.000352464634874667,0.0181769050882984
0.338,0,0.000356963694476149,0.0182063451700688
0.34,0,0.000361530635436992,0.0184256398323374
0.342,0,0.000366184434044781,0.0188836889669252
0.344,0,0.00037087616841235,0.0194454837794465
0.346,0,0.000375668152902315,0.020269793342188
0.348,0,0.000380486565341361,0.0211568248937939
0.35,0,0.00038535415125137,0.0221594480362875
0.352,0,0.000390263132514539,0.0232365583539144
0.354,0,0.000395188503413143,0.0243167207341889
0.356,0,0.000400120537746984,0.0253690002359588
0.358,0,0.000405051634760376,0.0263666068207172
0.36,0,0.000409966909536299,0.0272412673757885
0.362,0,0.000414855931220243,0.0279643402814442
0.364,0,0.000419716921409735,0.0285371936117111
0.366,0,0.000424546666748713,0.0289484456202876
0.368,0,0.000429334577725434,0.029149126702998
0.37,0,0.000434072856787341,0.0290983687639144
0.372,0,0.000438801251326843,0.0289972856771539
0.374,0,0.000443472563072748,0.0285909980112431
0.376,0,0.000448136912873696,0.0281406747366497
0.378,0,0.00045277040872981,0.0274951944693945
0.38,0,0.000457399956348966,0.026798422235844
0.382,0,0.000462022263305356,0.026007585782095
0.384,0,0.000466654247137785,0.0251956996856097
0.386,0,0.00047129510493886,0.0243645104722025
0.388,0,0.000475969296295524,0.0235779686080844
0.39,0,0.000480658434869639,0.0228114472196288
0.392,0,0.000485411964854651,0.0221813812592008
0.394,0,0.00049017871603129,0.0215801409610792
0.396,0,0.000495038235248311,0.0212035875690127
0.398,0,0.000499916532488279,0.0208747171609471
0.4,0,0.000504871507256168,0.0207405537967112
0.402,0,0.00050989109518029,0.0207720224015076
0.404,0,0.000514956812546047,0.0209203812705976
0.406,0,0.000520078947759465,0.0212102483869244
0.408,0,0.000525261444189959,0.0216427409810074
0.41,0,0.000530479836380488,0.0221492360459996
0.412,0,0.000535735289142236,0.0227278001967696
0.414,0,0.000541003613171146,0.0233163645178586
0.416,0,0.000546301517538508,0.0239279109135863
0.418,0,0.000551600397225577,0.0245203506317935
0.42,0,0.000556903292241056,0.0250341293893818
0.422,0,0.000562204328332183,0.0255324297613062
0.424,0,0.00056748601735737,0.0258696362470787
0.426,0,0.000572752188009618,0.0261128526072311
0.428,0,0.000577998911471346,0.0262382831732745
0.43,0,0.000583211417035172,0.0261728992123879
0.432,0,0.000588408429962756,0.0260218124052205
0.434,0,0.000593567950875269,0.0256653884188558
0.436,0,0.000598707019763011,0.0251931128451948
0.438,0,0.000603826618239346,0.0246105460855934
0.44,0,0.00060892058656504,0.0238647547779412
0.442,0,0.000614007769988943,0.023063442481739
0.444,0,0.000619084933176643,0.0221558152189347
0.446,0,0.000624164780579175,0.021237384886512
0.448,0,0.00062925503774939,0.0202770587104146
0.45,0,0.000634353643662368,0.0193282513266093
0.452,0,0.000639488936354264,0.018430060831872
0.454,0,0.000644636418289062,0.0175592081090069
0.456,0,0.000649845243586094,0.0168259349598826
0.458,0,0.000655067672808314,0.016127220990575
0.46,0,0.000660369578943658,0.0156304088175545
0.462,0,0.000665684181993312,0.0151671364195129
0.464,0,0.000671086429685116,0.0149353833894014
0.466,0,0.000676498830684024,0.014730284986287
0.468,0,0.000681996038168716,0.0147478219493938
0.47,0,0.000687500146565409,0.0147824965123149
0.472,0,0.000693076395605074,0.0149963238407274
0.474,0,0.000698656430095515,0.0152181120300697
0.476,0,0.000704288600314396,0.015549542454418
0.478,0,0.000709922171010063,0.0158822062497296
0.48,0,0.000715583470593304,0.016239290303274
0.482,0,0.000721244827526703,0.0165944498761217
0.484,0,0.000726908142007988,0.0168839206485332
0.486,0,0.00073257126076675,0.0171720607222368
0.488,0,0.00073821245540775,0.0173111408164978
0.49,0,0.000743853650048749,0.0174502209107587
0.492,0,0.000749455412722232,0.0173809742914601
0.494,0,0.000755056746230876,0.0173094603112818
0.496,0,0.000760611528341274,0.0170080930696313
0.498,0,0.000766164851846454,0.0166995237850972
0.5,0,0.000771684792919318,0.0162269968562145
0.502,0,0.00077717564785705,0.0155978606612699
0.504,0,0.000782666502794782,0.0149687244663253
0.506,0,0.000788144416578347,0.0142431180141267
0.508,0,0.000793617047886358,0.0134781331750368
0.51,0,0.000799095828288894,0.012705574628385
0.512,0,0.000804583091209929,0.011922568346016
0.514,0,0.000810076517076721,0.0111525088476666
0.516,0,0.000815611044999379,0.0104687943312534
0.518,0,0.000821145572922036,0.0097850798148402
0.52,0,0.000826741449507933,0.00926319943230722
0.522,0,0.000832348966217506,0.00877202500544064
0.524,0,0.000838004894663379,0.00841727383233347
0.526,0,0.000843700328459096,0.0081738479034444
0.528,0,0.000849419359289258,0.0079979883681918
0.53,0,0.00085520527853749,0.0080136532889394
0.532,0,0.000860991197785722,0.008029318209687
0.534,0,0.000866855275190162,0.00826421612477389
0.536,0,0.00087272169408207,0.00850568189322111
0.538,0,0.000878628272509413,0.00885040496289923
0.54,0,0.000884553659051556,0.00924348703759087
0.542,0,0.000890490337531919,0.00965506069214606
0.544,0,0.000896444590869225,0.0100954147796448
0.546,0,0.000902398419726023,0.0105289391500855
0.548,0,0.000908348482913997,0.0109018754553112
0.55,0,0.000914298546101971,0.0112748117605369
0.552,0,0.000920222007415762,0.011512618041212
0.554,0,0.000926139286856519,0.0117190221489018
0.556,0,0.000932030363237242,0.0118071371845202
0.558,0,0.000937897403404286,0.0117867449920359
0.56,0,0.000943752105760463,0.011711546259929
0.562,0,0.000949565895863945,0.0114546087232352
0.564,0,0.000955379685967427,0.0111976711865415
0.566,0,0.000961153359558605,0.0107540258928539
0.568,0,0.00096692455526959,0.0102988482044963
0.57,0,0.000972681548050086,0.00976284877806287
0.572,0,0.000978430958674552,0.00918370311296325
0.574,0,0.000984182099711015,0.00859399278832073
0.576,0,0.000989936289330335,0.00798566999447594
0.578,0,0.000995692842068121,0.00738243993255961
0.58,0,0.00100147975394844,0.00684463654166685
0.582,0,0.00100726666582877,0.00630683315077409
0.584,0,0.00101309860393823,0.00589347584807969
0.586,0,0.00101894306851271,0.00551473991163161
0.588,0,0.00102482418902905,0.00524405288186652
0.59,0,0.00103074308518626,0.00508471524019641
0.592,0,0.00103667797355899,0.00497322148385918
0.594,0,0.00104267580122201,0.00505002310074498
0.596,0,0.00104867362888503,0.00512682471763078
0.598,0,0.00105473436232245,0.00538802962818248
0.6,0,0.00106080110975317,0.00566686408358587
0.602,0,0.00106689665936015,0.00602268276132617
0.604,0,0.00107300964788846,0.00642511325702073
0.606,0,0.0010791281196059,0.00683427355432278
0.608,0,0.00108525757416327,0.00725691365908555
0.61,0,0.001091386450048,0.00767594131808416
0.612,0,0.00109750248782908,0.00801482529910259
0.614,0,0.00110361852561015,0.00835370928012101
0.616,0,0.00110970627610663,0.00856628218588635
0.618,0,0.00111578476078741,0.00873748048956125
0.62,0,0.00112183900713458,0.00880740457999762
0.622,0,0.00112786518542084,0.00876005283658864
0.624,0,0.001133881669497,0.00867283183083029
0.626,0,0.00113985198040697,0.00839571499465029
0.628,0,0.00114582229131694,0.00811859815847028
0.63,0,0.00115175054112372,0.00766554951626297
0.632,0,0.00115767325287725,0.00718933648615063
0.634,0,0.00116357924599539,0.00663648052458973
0.636,0,0.00116947380159884,0.00603119177563819
0.638,0,0.00117536824032655,0.00541679884391866
0.64,0,0.00118126241136048,0.00478155356790511
0.642,0,0.00118715700484843,0.00414740975737544
0.644,0,0.00119308125749123,0.00359059634218106
0.646,0,0.00119900551013403,0.00303378292698667
0.648,0,0.00120497021572279,0.00260034020012706
0.65,0,0.00121095032917245,0.0022138873366526
0.652,0,0.00121696106690291,0.00192446446653368
0.654,0,0.00122301169374258,0.0017614262787001
0.656,0,0.00122907258418451,0.00163118978221911
0.658,0,0.00123519427142093,0.00169525521210072
0.66,0,0.00124131595865735,0.00175932064198234
0.662,0,0.00124748761871204,0.0019811578771703
0.664,0,0.00125366778341674,0.00222984558893568
0.666,0,0.00125986843217563,0.00253958079341637
0.668,0,0.00126608487137454,0.00289637537214914
0.67,0,0.00127230372896311,0.00325670700290694
0.672,0,0.00127852896786671,0.00362637172156227
0.674,0,0.00128475420677031,0.0039960364402176
0.676,0,0.00129096026034086,0.00428182132243466
0.678,0,0.00129716602089208,0.00456632510033746
0.68,0,0.00130334133102957,0.00473329383563476
0.682,0,0.00130950328352645,0.00484870363739753
0.684,0,0.00131564126845413,0.0048744618168893
0.686,0,0.00132174407353873,0.00476862842880546
0.688,0,0.00132783981079006,0.00463660968907819
0.69,0,0.0013338813418667,0.00430376451643252
0.692,0,0.00133992287294334,0.00397091934378686
0.694,0,0.00134592409559205,0.00348796984326025
0.696,0,0.0013519167962852,0.0029732854803872
0.698,0,0.001357896263761,0.00240726998350145
0.7,0,0.00136386425758628,0.00179674864378435
0.702,0,0.00136983342905245,0.00118846153673833
0.704,0,0.00137580621511439,0.000587032078841232
0.706,0,0.00138177900117633,-1.43973790558984e-05
0.708,0,0.00138778293952719,-0.000512340281441852
0.71,0,0.0013937883161061,-0.00100550545251702
0.712,0,0.00139982915076612,-0.00137714959938903
0.714,0,0.00140588776769293,-0.00168785081863089
0.716,0,0.00141197032542992,-0.00191558554895184
0.718,0,0.00141809259261332,-0.00200570783765628
0.72,0,0.00142422025235276,-0.00207703890124924
0.722,0,0.00143040503391303,-0.00194931983280955
0.724,0,0.00143658981547329,-0.00182160076436986
0.726,0,0.00144281421759113,-0.00155529565134621
0.728,0,0.00144904874925285,-0.00125355909799467
0.73,0,0.00145529685135064,-0.000904017277403905
0.732,0,0.00146155817442105,-0.000507901262331023
0.734,0,0.00146781894172926,-0.00011342197642602
0.736,0,0.00147407769957414,0.000275139405538671
0.738,0,0.00148033645741903,0.000663700787503362
0.74,0,0.00148656554277915,0.000950593215361401
0.742,0,0.00149279228396977,0.00122945364781271
0.744,0,0.00149898439913245,0.00138920449044664
0.746,0,0.00150515677494743,0.00148105422667262
0.748,0,0.00151130683140513,0.0014962003078195
0.75,0,0.0015174148944025,0.00136702987228151
0.752,0,0.00152351950374298,0.00122605189984871
0.754,0,0.00152956716079785,0.00089036257169909
0.756,0,0.00153561481785272,0.000554673243549474
0.758,0,0.00154162810626252,0.000103276869968385
0.76,0,0.00154763097191811,-0.000383209222568012
0.762,0,0.0015536235751377,-0.000902092095528589
0.764,0,0.00155960494585481,-0.00145643408530612
0.766,0,0.00156558726877627,-0.00200576417509575
0.768,0,0.00157157371614472,-0.00253338535758932
0.77,0,0.00157756016351317,-0.00306100654008289
0.772,0,0.00158357402464547,-0.00348333821589437
0.774,0,0.00158959100993269,-0.00389367078301865
0.776,0,0.00159563856299894,-0.00419000668862011
0.778,0,0.0016017058386045,-0.00441279117136854
0.78,0,0.00160779211260588,-0.00456515003862119
0.782,0,0.00161391913971987,-0.00456644020150333
0.784,0,0.00162004773222027,-0.00456188350206707
0.786,0,0.00162623049243266,-0.00435500541170278
0.788,0,0.00163241325264506,-0.0041481273213385
0.79,0,0.00163862432560254,-0.00383190363681046
0.792,0,0.00164484543865805,-0.00347690446509429
0.794,0,0.00165107182772025,-0.00309687075113009
0.796,0,0.00165730470843354,-0.00268603428736789
0.798,0,0.00166353484278222,-0.00228239531376309
0.8,0,0.00166975039392445,-0.00191697503998066
0.802,0,0.00167596594506669,-0.00155155476619823
0.804,0,0.00168214464882893,-0.00130152761509856
0.806,0,0.0016883177788333,-0.00106895552662359
0.808,0,0.00169445673560078,-0.000946722108190723
0.81,0,0.00170057081789284,-0.000904803485343937
0.812,0,0.00170666612333026,-0.000923789814366087
0.814,0,0.00171271520452878,-0.00109270993695968
0.816,0,0.0017187642857273,-0.00126163005955328
0.818,0,0.00172475379699431,-0.00162137315710172
0.82,0,0.00173074324864761,-0.00198130721789607
0.822,0,0.0017367018538031,-0.0024357648135212
0.824,0,0.00174264780642636,-0.00292899381457935
0.826,0,0.00174858583938975,-0.00344147572411304
0.828,0,0.00175451290244979,-0.0039806257670168
0.83,0,0.00176044119719767,-0.00451271486778791
0.832,0,0.00176637777933027,-0.00499729457417314
0.834,0,0.00177231436146287,-0.00548187428055835
0.836,0,0.00177828037666685,-0.0058448050838751
0.838,0,0.00178425201811973,-0.00618448221452691
0.84,0,0.00179025179677182,-0.00641294186841689
0.842,0,0.00179627462911591,-0.00655027754669087
0.844,0,0.00180231153058164,-0.00663208064034523
0.846,0,0.00180838852015392,-0.00655565095828502
0.848,0,0.0018144655097262,-0.00647922127622482
0.85,0,0.00182058534238191,-0.00622844738038699
0.852,0,0.00182670650402796,-0.00597226533556933
0.854,0,0.00183284430688788,-0.00564030600247944
0.856,0,0.00183898993933197,-0.00527269394223761
0.858,0,0.0018451353656319,-0.00489562016963162
0.86,0,0.00185128046973725,-0.00450375814091971
0.862,0,0.00185742292551246,-0.00411852648464394
0.864,0,0.00186354162675329,-0.00379276679840106
0.866,0,0.00186966032799412,-0.00346700711215817
0.868,0,0.00187573943400285,-0.00325821521224972
0.87,0,0.00188180927848442,-0.00307678267537899
0.872,0,0.00188784603132576,-0.00299695771893179
0.874,0,0.00189385230717207,-0.00301071209855219
0.876,0,0.00189984317799718,-0.00307190237054033
0.878,0,0.0019057826775519,-0.00329127756299758
0.88,0,0.00191172217710662,-0.00351065275545483
0.882,0,0.00191760818909722,-0.00389007747618699
0.884,0,0.00192349083696946,-0.00427956856592584
0.886,0,0.0019293501848076,-0.00473136777788701
0.888,0,0.00193519703916406,-0.00521657661407624
0.89,0,0.00194104063157583,-0.00570225717209969
0.892,0,0.00194687845225861,-0.00618877240110819
0.894,0,0.00195271746353164,-0.00666889466027987
0.896,0,0.00195857200182648,-0.00706564333047974
0.898,0,0.00196442654012133,-0.00746239200067961
0.9,0,0.00197031308446556,-0.00771900045939287
0.902,0,0.00197620858535683,-0.00793639219431759
0.904,0,0.0019821040862481,-0.0081537839292423
0.906,0,0.00198805414873594,-0.00813984228561624
0.908,0,0.00199400474244144,-0.00812364835493815
0.91,0,0.00199996514158376,-0.00806484784434091
0.912,0,0.00200596491804417,-0.00783494502763138
0.914,0,0.00201196469450458,-0.00760504221092184
0.916,0,0.00201797516207363,-0.00732060474945817
0.918,0,0.00202400111804233,-0.00695716197614047
0.92,0,0.00203002707401103,-0.00659371920282278
0.922,0,0.00203604765016906,-0.00622304780210752
0.924,0,0.00204206489229341,-0.00584789659927363
0.926,0,0.00204808213441776,-0.00547274539643973
0.928,0,0.00205406178967474,-0.00519388072785187
0.93,0,0.00206003354893339,-0.00493524329196848
0.932,0,0.00206600277404679,-0.00468394713928937
0.934,0,0.00207190295902371,-0.00463265656733924
0.936,0,0.00207780314400063,-0.00458136599538911
0.938,0,0.00208368425505395,-0.00458619165082763
0.94,0,0.00208950640107598,-0.00476449472889323
0.942,0,0.00209532854709801,-0.00494279780695883
0.944,0,0.00210112159660765,-0.00520296010320313
0.946,0,0.00210687957212543,-0.00556179847143947
0.948,0,0.00211263754764322,-0.00592063683967582
0.95,0,0.00211837151332648,-0.00633366828845356
0.952,0,0.00212409324400835,-0.00677431560504735
0.954,0,0.00212981497469021,-0.00721496292164115
0.956,0,0.00213553410254457,-0.00762425990111672
0.958,0,0.00214125284642889,-0.00802893206782667
0.96,0,0.00214697377443423,-0.00842211792080859
0.962,0,0.00215271966582111,-0.00868402110679562
0.964,0,0.00215846555720799,-0.00894592429278264
0.966,0,0.0021642248109257,-0.00914696775646985
0.968,0,0.00217001686472309,-0.00919862083562428
0.97,0,0.00217580891852049,-0.00925027391477872
0.972,0,0.00218162461080349,-0.00919461136799037
0.974,0,0.00218746408639229,-0.00903097573049941
0.976,0,0.00219330356198109,-0.00886734009300846
0.978,0,0.00219916362494779,-0.00859633377138314
0.98,0,0.00220503220001671,-0.0082809337322882
0.982,0,0.00221090077508562,-0.00796553369319326
0.984,0,0.0022167666759102,-0.007613220569439
0.986,0,0.00222263233306654,-0.0072575440484452
0.988,0,0.00222849332249014,-0.00691182841651264
0.99,0,0.00223432178711594,-0.00663552033661215
0.992,0,0.00224015025174173,-0.00635921225671166
0.994,0,0.00224595770223026,-0.0061394332133724
0.996,0,0.00225172334648176,-0.00603211495166783
0.998,0,0.00225748899073327,-0.00592479668996327
1,0,0.00226323084763989,-0.00588420526447382
1.002,0,0.00226890931436719,-0.0060215835415743
1.004,0,0.00227458778109449,-0.00615896181867479
1.006,0,0.00228024823142421,-0.00634510757905243
1.008,0,0.002285862899465,-0.00665517861361715
1.01,0,0.00229147756750579,-0.00696524964818186
1.012,0,0.00229706842546858,-0.007329470915246
1.014,0,0.00230264093603325,-0.00773541887782963
1.016,0,0.00230821344659792,-0.00814136684041326
1.018,0,0.00231377577519215,-0.00853830055843166
1.02,0,0.00231933626714365,-0.00893360827027295
1.022,0,0.00232489909389946,-0.00931380395240482
1.024,0,0.00233047760438026,-0.00959248666550297
1.026,0,0.00233605611486106,-0.00987116937860113
1.028,0,0.0023416502499484,-0.0100727598428606
1.03,0,0.00234726668676728,-0.0101643129353678
1.032,0,0.00235288312358616,-0.010255866027875
1.034,0,0.00235852814463817,-0.0102090005440769
1.036,0,0.00236418574734691,-0.0101012086395878
1.038,0,0.00236984335005566,-0.00999341673509857
1.04,0,0.00237552818799449,-0.00973563468188329
1.042,0,0.00238121367389879,-0.00947428414633297
1.044,0,0.00238690006980624,-0.00919517517754096
1.046,0,0.00239258906712224,-0.00886530051603551
1.048,0,0.00239827806443824,-0.00853542585453007
1.05,0,0.00240395361464457,-0.00822221668515745
1.052,0,0.00240961778119822,-0.00792311569061729
1.054,0,0.00241528194775186,-0.00762401469607713
1.056,0,0.00242090460308333,-0.00742403257127919
1.058,0,0.00242651838857161,-0.00724522951049817
1.06,0,0.00243212506731543,-0.00708532122655617
1.062,0,0.00243767202202731,-0.00708420185979802
1.064,0,0.00244321897673918,-0.00708308249303987
1.066,0,0.00244873914328699,-0.00715370330622154
1.068,0,0.00245421718668208,-0.0073371322442728
1.07,0,0.00245969523007716,-0.00752056118232406
1.072,0,0.00246513640891204,-0.00779471482027686
1.074,0,0.00247055952308431,-0.00811332609135819
1.076,0,0.00247598263725659,-0.00843193736243951
1.078,0,0.00248137796823909,-0.00879297128205006
1.08,0,0.00248677194499822,-0.00915607298951759
1.082,0,0.00249216581254089,-0.00950585316202428
1.084,0,0.00249755932635629,-0.00981248791426697
1.086,0,0.0025029528401717,-0.0101191226665097
1.088,0,0.00250835779466262,-0.0103551898110851
1.09,0,0.00251377338143569,-0.0105256756257968
1.092,0,0.00251918896820876,-0.0106961614405084
1.094,0,0.0025246309784374,-0.0107264224201685
1.096,0,0.00253007956539322,-0.0107217818146631
1.098,0,0.00253553070043947,-0.0107032402873741
1.1,0,0.00254100995003004,-0.0105313219109728
1.102,0,0.00254648919962062,-0.0103594035345714
1.104,0,0.00255197426437428,-0.0101452486893
1.106,0,0.00255746942432744,-0.00985777077940436
1.108,0,0.0025629645842806,-0.00957029286950874
1.11,0,0.00256845446844356,-0.00926263445836443
1.112,0,0.00257394148536051,-0.00894400850312986
1.114,0,0.00257942850227747,-0.00862538254789529
1.116,0,0.00258488264134353,-0.00836645619691629
1.118,0,0.00259033431653669,-0.00811200374656337
1.12,0,0.00259577383055094,-0.00788746917500565
1.122,0,0.00260116832477786,-0.00777368838399408
1.124,0,0.00260656281900479,-0.00765990759298252
1.126,0,0.00261192446221127,-0.00763172506007833
1.128,0,0.00261725260056422,-0.00769084444535449
1.13,0,0.00262258073891718,-0.00774996383063064
1.132,0,0.00262786176738983,-0.00792788611496659
1.134,0,0.00263312931174542,-0.0081398129900366
1.136,0,0.00263839427749605,-0.0083572030580871
1.138,0,0.00264361874621912,-0.00866039265006807
1.14,0,0.00264884321494218,-0.00896358224204904
1.142,0,0.00265406095447563,-0.00926974853989949
1.144,0,0.00265926576196628,-0.00958163542073508
1.146,0,0.00266447056945694,-0.00989352230157068
1.148,0,0.00266967768027746,-0.0101593255650942
1.15,0,0.00267488617515347,-0.0103974374914079
1.152,0,0.00268009467002949,-0.0106355494177215
1.154,0,0.00268532266960878,-0.0107496788883328
1.156,0,0.0026905526680347,-0.0108511026074132
1.158,0,0.00269578812438053,-0.0109217362456511
1.16,0,0.00270104693358217,-0.0108606280611835
1.162,0,0.0027063057427838,-0.010799519876716
1.164,0,0.00271157519196114,-0.0106719953270136
1.166,0,0.00271685655138063,-0.0104701252133486
1.168,0,0.00272213791080013,-0.0102682550996837
1.17,0,0.00272742231493154,-0.0100089870865446
1.172,0,0.00273270771120333,-0.00973101557189667
1.174,0,0.00273799235588709,-0.00945340377994492
1.176,0,0.00274325723025532,-0.00918525439411137
1.178,0,0.00274852210462354,-0.00891710500827783
1.18,0,0.00275377326095343,-0.00867724656088441
1.182,0,0.00275899513451872,-0.00849777844558126
1.184,0,0.002764217008084,-0.0083183103302781
1.186,0,0.00276940445483767,-0.00822230926995688
1.188,0,0.00277456908516098,-0.00818162614809894
1.19,0,0.00277973371548429,-0.00814094302624101
1.192,0,0.00278484485253357,-0.00823308772741665
1.194,0,0.00278994895690082,-0.00834269510704895
1.196,0,0.00279504430209465,-0.00847266733547469
1.198,0,0.00280009570438115,-0.00870480567254455
1.2,0,0.00280514710666765,-0.0089369440096144
1.202,0,0.00281018260974547,-0.00919667529671132
1.204,0,0.00281519856988966,-0.00949032318943759
1.206,0,0.00282021453003386,-0.00978397108216386
1.208,0,0.00282522119061257,-0.0100640286635296
1.21,0,0.00283022442889011,-0.0103390849210781
1.212,0,0.00283522778616449,-0.0106128736390389
1.214,0,0.00284023991466612,-0.0107932323324113
1.216,0,0.00284525204316775,-0.0109735910257837
1.218,0,0.0028502707419235,-0.0111120148614754
1.22,0,0.00285530508376768,-0.0111505961834933
1.222,0,0.00286033942561186,-0.0111891775055112
1.224,0,0.00286538710302262,-0.0111438026703863
1.226,0,0.00287044450983327,-0.0110371748678023
1.228,0,0.00287550191664392,-0.0109305470652183
1.23,0,0.00288056980589641,-0.0107315130128063
1.232,0,0.00288563939353934,-0.0105175070776734
1.234,0,0.00289070809667279,-0.0102973540929625
1.236,0,0.00289577149733819,-0.0100403507009378
1.238,0,0.00290083489800359,-0.0097833473089131
1.24,0,0.00290588686695256,-0.00953900411978297
1.242,0,0.00291092339207422,-0.00931176439785279
1.244,0,0.00291595991719589,-0.0090845246759226
1.246,0,0.00292096455351777,-0.00892360792281417
1.248,0,0.00292595602218424,-0.0087900775249683
1.25,0,0.00293094749085071,-0.00865654712712244
1.252,0,0.00293588331289601,-0.00865449639543501
1.254,0,0.00294081858117463,-0.00865375408206471
1.256,0,0.00294573841699138,-0.00868957818037694
1.258,0,0.00295061706091427,-0.00882300431789669
1.26,0,0.00295549570483716,-0.00895643045541645
1.262,0,0.00296034913009388,-0.00914252582015717
1.264,0,0.00296518232970132,-0.00937086248785053
1.266,0,0.00297001552930876,-0.0095991991555439
1.268,0,0.00297482684750858,-0.00985028345567453
1.27,0,0.00297963391475893,-0.0101057869886967
1.272,0,0.0029844403492723,-0.0103557716435076
1.274,0,0.00298924213158246,-0.010565178706785
1.276,0,0.00299404391389262,-0.0107745857700624
1.278,0,0.00299885001984266,-0.0109427139932817
1.28,0,0.00300366255429248,-0.0110494677677056
1.282,0,0.00300847508874231,-0.0111562215421295
1.284,0,0.00301330013071811,-0.011174471163394
1.286,0,0.00301813093730686,-0.0111519299690483
1.288,0,0.00302296174389561,-0.0111293887747026
1.29,0,0.00302780819551498,-0.0109889204623528
1.292,0,0.00303265518257859,-0.0108444161467151
1.294,0,0.00303750343648858,-0.010679271582118
1.296,0,0.00304235550511542,-0.0104519752787632
1.298,0,0.00304720757374226,-0.0102246789754084
1.3,0,0.00305205287469541,-0.00998672584740922
1.302,0,0.00305689221488124,-0.00973938650268387
1.304,0,0.00306173155506708,-0.00949204715795851
1.306,0,0.0030665443249301,-0.00928538958431565
1.308,0,0.00307135102710946,-0.00908802222966442
1.31,0,0.00307615306222243,-0.00890081618742131
1.312,0,0.00308091139398458,-0.00880876272373107
1.314,0,0.00308566972574673,-0.00871670926004083
1.316,0,0.00309040732918264,-0.00867307680599647
1.318,0,0.00309511095153467,-0.00870882357299906
1.32,0,0.0030998145738867,-0.00874457034000165
1.322,0,0.0031044850054414,-0.00885452577814186
1.324,0,0.00310913843566454,-0.0090024931449856
1.326,0,0.00311379186588768,-0.00915046051182935
1.328,0,0.00311841018751674,-0.00936140756563715
1.33,0,0.00312302641340464,-0.00957611407279636
1.332,0,0.00312763813378548,-0.00979217054483177
1.334,0,0.00313223442943899,-0.0100128486587428
1.336,0,0.0031368307250925,-0.0102335267726539
1.338,0,0.00314142568110169,-0.0104262661510317
1.34,0,0.00314601934203763,-0.010591996338949
1.342,0,0.00315061300297358,-0.0107577265268664
1.344,0,0.00315521507847038,-0.0108430851132048
1.346,0,0.00315981937926205,-0.0109071888157355
1.348,0,0.00316442486053551,-0.0109624447965285
1.35,0,0.00316904527769155,-0.0109057562005129
1.352,0,0.00317366569484759,-0.0108490676044973
1.354,0,0.00317829019860225,-0.010755211167399
1.356,0,0.00318292210652676,-0.0105940133948082
1.358,0,0.00318755401445127,-0.0104328156222173
1.36,0,0.00319218451771633,-0.0102355798681455
1.362,0,0.0031968142241058,-0.0100178994519717
1.364,0,0.00320144393049527,-0.00980021903579789
1.366,0,0.00320605492613307,-0.00958911976092438
1.368,0,0.00321066430426948,-0.00937858941055756
1.37,0,0.00321526618691248,-0.00918138166374533
1.372,0,0.00321983860964374,-0.00903653641030762
1.374,0,0.003224411032375,-0.00889169115686991
1.376,0,0.00322896034732955,-0.00879701096325413
1.378,0,0.0032334851467482,-0.00875555195744042
1.38,0,0.00323800994616686,-0.0087140929516267
1.382,0,0.00324249614850483,-0.00875925538736866
1.384,0,0.00324697066605861,-0.00883064138286751
1.386,0,0.00325144295040696,-0.00890667839672083
1.388,0,0.00325587281174201,-0.00907106832788571
1.39,0,0.00326030267307707,-0.00923545825905058
1.392,0,0.00326472195510834,-0.009415730188243
1.394,0,0.00326911998973467,-0.00962789941902542
1.396,0,0.003273518024361,-0.00984006864980785
1.398,0,0.00327790700697448,-0.0100446319473448
1.4,0,0.00328229031804027,-0.0102444297398098
1.402,0,0.00328667362910606,-0.0104442275322747
1.404,0,0.00329105965527833,-0.0105704218581037
1.406,0,0.00329544599256991,-0.0106881820916432
1.408,0,0.00329983232986148,-0.0108059423251826
1.41,0,0.00330422677295014,-0.0108511152097688
1.412,0,0.00330862759649878,-0.0108391511255309
1.414,0,0.00331302842004742,-0.010827187041293
1.416,0,0.00331743186878099,-0.0107884581097094
1.418,0,0.00332184452231796,-0.0106558823965805
1.42,0,0.00332625717585493,-0.0105233066834516
1.422,0,0.00333066982939189,-0.0103907309703227
1.424,0,0.00333507873631387,-0.0102013970263097
1.426,0,0.00333948715288244,-0.0100046346189387
1.428,0,0.003343895569451,-0.0098078722115677
1.43,0,0.00334828951051066,-0.00961888811495622
1.432,0,0.00335267144553824,-0.00943635537346525
1.434,0,0.00335705338056582,-0.00925382263197429
1.436,0,0.00336142551411363,-0.00908931087310955
1.438,0,0.00336576054872017,-0.00899300915914192
1.44,0,0.00337009558332672,-0.0088967074451743
1.442,0,0.00337443061793327,-0.00880040573120668
1.444,0,0.0033787153520358,-0.00881247320605745
1.446,0,0.00338299265911154,-0.00884054173066023
1.448,0,0.00338726996618729,-0.008868610255263
1.45,0,0.00339151868289409,-0.00895532988168767
1.452,0,0.00339574242005197,-0.00909329327033009
1.454,0,0.00339996615720985,-0.00923125665897251
1.456,0,0.00340418288654217,-0.00937853828992383
1.458,0,0.00340837088051301,-0.00956402907139699
1.46,0,0.00341255887448384,-0.00974951985287015
1.462,0,0.00341674686845467,-0.00993501063434331
1.464,0,0.00342092388152179,-0.0100922280316357
1.466,0,0.00342509908348308,-0.0102447822343377
1.468,0,0.00342927428544436,-0.0103973364370397
1.47,0,0.0034334522119449,-0.010499752850377
1.472,0,0.00343763264558245,-0.0105560321756404
1.474,0,0.00344181307922,-0.0106123115009038
1.476,0,0.0034459957262001,-0.0106465616829121
1.478,0,0.00345018824562305,-0.0105825525789794
1.48,0,0.003454380765046,-0.0105185434750467
1.482,0,0.00345857328446895,-0.010454534371114
1.484,0,0.00346277073293067,-0.010307681697627
1.486,0,0.00346696908212375,-0.0101456902100098
1.488,0,0.00347116743131683,-0.00998369872239265
1.49,0,0.00347535981096026,-0.00980351654157346
1.492,0,0.00347954640567112,-0.00960570624140053
1.494,0,0.00348373300038198,-0.00940789594122759
1.496,0,0.00348791528007001,-0.0092144455881308
1.498,0,0.00349207652384343,-0.00904225015719515
1.5,0,0.00349623776761686,-0.0088700547262595
1.502,0,0.00350035531194455,-0.00878470836142464
1.504,0,0.00350447285627223,-0.00869936199658978
1.506,0,0.00350859040059992,-0.00861401563175493
1.508,0,0.00351268636515634,-0.00857444390011076
1.51,0,0.00351674419749162,-0.00861575756870027
1.512,0,0.00352080202982691,-0.00865707123728977
1.514,0,0.00352485986216219,-0.00869838490587927
1.516,0,0.00352888038091384,-0.00881104325196876
1.518,0,0.00353288658924451,-0.0089510635469899
1.52,0,0.00353689279757517,-0.00909108384201105
1.522,0,0.00354089637682107,-0.00923339609924636
1.524,0,0.00354487135820657,-0.00940063916756876
1.526,0,0.00354884633959207,-0.00956788223589116
1.528,0,0.00355282132097757,-0.00973512530421356
1.53,0,0.00355679285477563,-0.00987775178904214
1.532,0,0.00356076009903938,-0.00998974999216313
1.534,0,0.00356472734330314,-0.0101017481952841
1.536,0,0.0035686945875669,-0.0102137463984051
1.538,0,0.00357266883480439,-0.0102347953792331
1.54,0,0.00357664475698325,-0.0102340915131531
1.542,0,0.00358062067916212,-0.010233387647073
1.544,0,0.00358459819501018,-0.0102132796063166
1.546,0,0.00358858358158926,-0.0100973392313081
1.548,0,0.00359256896816834,-0.00998139885629964
1.55,0,0.00359655435474742,-0.00986545848129116
1.552,0,0.00360053638414616,-0.00971792925808663
1.554,0,0.00360451543383128,-0.00954236289911523
1.556,0,0.0036084944835164,-0.00936679654014384
1.558,0,0.00361247353320153,-0.00919123018117245
1.56,0,0.00361642597302491,-0.00903634760084956
1.562,0,0.00362037516360662,-0.008883990647919
1.564,0,0.00362432435418833,-0.00873163369498845
1.566,0,0.0036282611400794,-0.00860232277479014
1.568,0,0.00363216121843768,-0.00854120887998161
1.57,0,0.00363606129679595,-0.00848009498517309
1.572,0,0.00363996137515423,-0.00841898109036456
1.574,0,0.00364382701442943,-0.00842911969062616
1.576,0,0.00364767100089123,-0.00848405672457606
1.578,0,0.00365151498735304,-0.00853899375852596
1.58,0,0.00365535897381484,-0.00859393079247586
1.582,0,0.0036591561508752,-0.00873436374077754
1.584,0,0.00366295214608845,-0.00887695529604574
1.586,0,0.00366674814130169,-0.00901954685131393
1.588,0,0.00367053482837749,-0.00916761112163024
1.59,0,0.00367430318424814,-0.00932645321542999
1.592,0,0.00367807154011879,-0.00948529530922974
1.594,0,0.00368183989598944,-0.00964413740302949
1.596,0,0.00368560494594379,-0.00975827405776996
1.598,0,0.00368936856669054,-0.00985308374012212
1.6,0,0.00369313218743729,-0.00994789342247429
1.602,0,0.00369689631950106,-0.0100361050846071
1.604,0,0.0037006685242143,-0.0100201475087337
1.606,0,0.00370444072892753,-0.0100041899328603
1.608,0,0.00370821293364077,-0.00998823235698692
1.61,0,0.00371198778203658,-0.00992906059235987
1.612,0,0.00371576626681594,-0.00981044774088331
1.614,0,0.00371954475159531,-0.00969183488940675
1.616,0,0.00372332323637467,-0.00957322203793019
1.618,0,0.00372709460301393,-0.00941677178976607
1.62,0,0.00373086398952103,-0.00924979589235708
1.622,0,0.00373463337602813,-0.00908281999494809
1.624,0,0.00373839840012799,-0.00891968334045103
1.626,0,0.00374213744142744,-0.00877941348332498
1.628,0,0.0037458764827269,-0.00863914362619892
1.63,0,0.00374961552402635,-0.00849887376907286
1.632,0,0.0037533301664128,-0.00840411534726322
1.634,0,0.00375702090804471,-0.00835393914282868
1.636,0,0.00376071164967662,-0.00830376293839413
1.638,0,0.00376440239130853,-0.00825358673395959
1.64,0,0.00376804646529017,-0.00829862711545631
1.642,0,0.00377168335266731,-0.00835833041527351
1.644,0,0.00377532024004446,-0.00841803371509072
1.646,0,0.0037789472022075,-0.00849461645312827
1.648,0,0.0037825405488104,-0.00862836790963944
1.65,0,0.00378613389541329,-0.0087621193661506
1.652,0,0.00378972724201619,-0.00889587082266176
1.654,0,0.00379330690162363,-0.00903140593294133
1.656,0,0.00379687702433489,-0.00916818386680795
1.658,0,0.00380044714704616,-0.00930496180067456
1.66,0,0.00380401726975742,-0.00944173973454118
1.662,0,0.00380758407579841,-0.00951563157402087
1.664,0,0.00381115071002228,-0.00958626565618396
1.666,0,0.00381471734424615,-0.00965689973834704
1.668,0,0.00381828621642786,-0.00969526464213717
1.67,0,0.00382186002026152,-0.00966251991480779
1.672,0,0.00382543382409517,-0.00962977518747841
1.674,0,0.00382900762792882,-0.00959703046014903
1.676,0,0.00383258437561749,-0.00950155432539823
1.678,0,0.00383616255015461,-0.00937567308863255
1.68,0,0.00383974072469173,-0.00924979185186686
1.682,0,0.0038433185023517,-0.0091226012086996
1.684,0,0.0038468853181398,-0.00895924434799476
1.686,0,0.00385045213392789,-0.00879588748728992
1.688,0,0.00385401894971599,-0.00863253062658507
1.69,0,0.00385757282199539,-0.00848409776235753
1.692,0,0.00386110698001557,-0.00835839563845245
1.694,0,0.00386464113803575,-0.00823269351454736
1.696,0,0.00386817529605593,-0.00810699139064228
1.698,0,0.00387167298120393,-0.00805133094960486
1.7,0,0.00387515900517816,-0.00801806436424574
1.702,0,0.00387864502915239,-0.00798479777888663
1.704,0,0.00388212506218232,-0.0079635042771643
1.706,0,0.00388556079830875,-0.00803073947892139
1.708,0,0.00388899653443518,-0.00809797468067849
1.71,0,0.00389243227056161,-0.00816520988243559
1.712,0,0.00389584910369864,-0.00826240543259573
1.714,0,0.0038992455020859,-0.00839198909923384
1.716,0,0.00390264190047316,-0.00852157276587194
1.718,0,0.00390603829886041,-0.00865115643251004
1.72,0,0.00390941734868217,-0.00877794799771205
1.722,0,0.00391279314131674,-0.00890421534683151
1.724,0,0.00391616893395131,-0.00903048269595099
1.726,0,0.00391954430130245,-0.0091428950707832
1.728,0,0.00392291800230244,-0.00920102070030739
1.73,0,0.00392629170330242,-0.00925914632983158
1.732,0,0.0039296654043024,-0.00931727195935578
1.734,0,0.00393304311515036,-0.00931882863944304
1.736,0,0.00393642391670157,-0.00927678320866776
1.738,0,0.00393980471825278,-0.00923473777789248
1.74,0,0.00394318551980399,-0.0091926923471172
1.742,0,0.00394656798017621,-0.00907528343272618
1.744,0,0.00394995057287659,-0.00895186259131806
1.746,0,0.00395333316557696,-0.00882844174990994
1.748,0,0.00395671153042525,-0.0086983324032652
1.75,0,0.00396007941850926,-0.0085516487084275
1.752,0,0.00396344730659328,-0.00840496501358979
1.754,0,0.0039668151946773,-0.00825828131875209
1.756,0,0.0039701613953351,-0.00813940344854675
1.758,0,0.00397349586242766,-0.00803556938550174
1.76,0,0.00397683032952021,-0.00793173532245673
1.762,0,0.0039801643222984,-0.00782880248715413
1.764,0,0.0039834528015638,-0.00781234824709009
1.766,0,0.0039867412808292,-0.00779589400702604
1.768,0,0.0039900297600946,-0.00777943976696199
1.77,0,0.00399330071492582,-0.00779705670098027
1.772,0,0.0039965420489368,-0.00787226271962564
1.774,0,0.00399978338294779,-0.00794746873827101
1.776,0,0.00400302471695877,-0.00802267475691639
1.778,0,0.00400623989240201,-0.0081356954962772
1.78,0,0.00400944554472969,-0.00826248281331494
1.782,0,0.00401265119705738,-0.00838927013035267
1.784,0,0.00401585527126668,-0.00851465637085562
1.786,0,0.00401904422511939,-0.00862661853811142
1.788,0,0.0040222331789721,-0.00873858070536721
1.79,0,0.00402542213282481,-0.00885054287262301
1.792,0,0.00402861097961693,-0.00892946980550435
1.794,0,0.00403179969863837,-0.00896897108337959
1.796,0,0.00403498841765982,-0.00900847236125482
1.798,0,0.00403817713668127,-0.00904797363913006
1.8,0,0.00404137043157484,-0.00901158218406566
1.802,0,0.00404456474934973,-0.00895822581915674
1.804,0,0.00404775906712461,-0.00890486945424783
1.806,0,0.00405095323682918,-0.00883899721776825
1.808,0,0.00405414672600484,-0.00871560222854014
1.81,0,0.00405734021518049,-0.00859220723931204
1.812,0,0.00406053370435615,-0.00846881225008394
1.814,0,0.00406371850389872,-0.00833677279666896
1.816,0,0.00406689590405644,-0.00819737242056234
1.818,0,0.00407007330421416,-0.00805797204445572
1.82,0,0.00407325070437188,-0.0079185716683491
1.822,0,0.00407639774088297,-0.00782080178521071
1.824,0,0.00407954145959595,-0.0077275808145433
1.826,0,0.00408268517830893,-0.00763435984387589
1.828,0,0.00408581704801035,-0.00756388270881921
1.83,0,0.00408891569500557,-0.00755717559915754
1.832,0,0.00409201434200079,-0.00755046848949587
1.834,0,0.00409511298899602,-0.00754376137983419
1.836,0,0.00409818420845661,-0.00758883121057809
1.838,0,0.00410123892148728,-0.0076650614226608
1.84,0,0.00410429363451794,-0.00774129163474352
1.842,0,0.00410734834754861,-0.00781752184682623
1.844,0,0.00411037229243319,-0.00793188781214282
1.846,0,0.00411339579055775,-0.00804680751670389
1.848,0,0.0041164192886823,-0.00816172722126496
1.85,0,0.0041194379270335,-0.00826917669210367
1.852,0,0.004122447423486,-0.00836257363107726
1.854,0,0.00412545691993849,-0.00845597057005086
1.856,0,0.00412846641639099,-0.00854936750902445
1.858,0,0.00413147580582059,-0.00859318222830855
1.86,0,0.00413448515121381,-0.00861659550920149
1.862,0,0.00413749449660704,-0.00864000879009443
1.864,0,0.00414050415833532,-0.00865740611727905
1.866,0,0.00414351803053307,-0.00859473015248895
1.868,0,0.00414653190273083,-0.00853205418769886
1.87,0,0.00414954577492858,-0.00846937822290876
1.872,0,0.00415255851844145,-0.0083805524654537
1.874,0,0.00415556977356906,-0.00825724324281209
1.876,0,0.00415858102869666,-0.00813393402017048
1.878,0,0.00416159228382427,-0.00801062479752887
1.88,0,0.00416458882359603,-0.00788387449755648
1.882,0,0.00416758151456584,-0.00775622418365975
1.884,0,0.00417057420553564,-0.00762857386976302
1.886,0,0.00417356153729993,-0.00750908389627723
1.888,0,0.0041765194447805,-0.00743439761067401
1.89,0,0.00417947735226107,-0.00735971132507078
1.892,0,0.00418243525974165,-0.00728502503946755
1.894,0,0.00418537100692381,-0.00725273429856153
1.896,0,0.00418828592400506,-0.0072602942608399
1.898,0,0.0041912008410863,-0.00726785422311827
1.9,0,0.00419411575816755,-0.00727541418539665
1.902,0,0.00419699547881055,-0.00734662786202071
1.904,0,0.00419987025710334,-0.00742677991321398
1.906,0,0.00420274503539613,-0.00750693196440724
1.908,0,0.00420561313164394,-0.00759430135731781
1.91,0,0.00420845986547121,-0.00770474450823194
1.912,0,0.00421130659929848,-0.00781518765914606
1.914,0,0.00421415333312575,-0.00792563081006019
1.916,0,0.00421699299831204,-0.00802010530550576
1.918,0,0.00421982794446389,-0.00810391910457079
1.92,0,0.00422266289061573,-0.00818773290363581
1.922,0,0.00422549783676758,-0.00827154670270084
1.924,0,0.00422833370052523,-0.00828698157839582
1.926,0,0.00423116960146091,-0.00829964598952674
1.928,0,0.0042340055023966,-0.00831231040065766
1.93,0,0.00423684248526048,-0.00829936335672042
1.932,0,0.00423968174143977,-0.00823260228367046
1.934,0,0.00424252099761906,-0.00816584121062051
1.936,0,0.00424536025379835,-0.00809908013757055
1.938,0,0.00424819578664396,-0.00799922871201858
1.94,0,0.00425102959821087,-0.00788407978041667
1.942,0,0.00425386340977777,-0.00776893084881476
1.944,0,0.00425669630848743,-0.00765394643040509
1.946,0,0.00425950994825356,-0.00754243281786658
1.948,0,0.00426232358801969,-0.00743091920532807
1.95,0,0.00426513722778583,-0.00731940559278956
1.952,0,0.0042679370976762,-0.00722908397323767
1.954,0,0.00427071687584889,-0.00716968373217931
1.956,0,0.00427349665402159,-0.00711028349112094
1.958,0,0.00427627643219428,-0.00705088325006257
1.96,0,0.00427902494654256,-0.00705019559628981
1.962,0,0.00428176401922592,-0.00706723912500596
1.964,0,0.00428450309190928,-0.00708428265372212
1.966,0,0.00428723735603097,-0.00710963390270738
1.968,0,0.00428993928174762,-0.00719085600072209
1.97,0,0.00429264120746426,-0.0072720780987368
1.972,0,0.0042953431331809,-0.00735330019675151
1.974,0,0.00429803310314926,-0.00744412147024092
1.976,0,0.0043007106713621,-0.00754490001487229
1.978,0,0.00430338823957494,-0.00764567855950367
1.98,0,0.00430606580778778,-0.00774645710413504
1.982,0,0.0043087356499587,-0.00781835126605403
1.984,0,0.00431140415262399,-0.0078852375864964
1.986,0,0.00431407265528928,-0.00795212390693877
1.988,0,0.00431674134624557,-0.00800433608032908
1.99,0,0.0043194107302589,-0.00800253600211701
1.992,0,0.00432208011427223,-0.00800073592390495
1.994,0,0.00432474949828556,-0.00799893584569288
1.996,0,0.00432742013608949,-0.00796059729162947
1.998,0,0.00433009170046644,-0.00789525616962651
2,0,0.00433276326484339,-0.00782991504762356
2.002,0,0.00433542875364858,-0.007723845589266
2.004,0,0.00433809424245377,-0.00761777613090846
2.006,0,0.00434075973125896,-0.0075117066725509
2.008,0,0.00434342522006415,-0.00740563721419336
2.01,0,0.00434607593467035,-0.00730241362602289
2.012,0,0.00434871803036585,-0.00720085024975711
2.014,0,0.00435136012606134,-0.00709928687349132
2.016,0,0.00435400222175683,-0.00699772349722555
2.018,0,0.0043566336507398,-0.00691332158849884
2.02,0,0.0043592352077042,-0.00687698019287739
2.022,0,0.00436183676466861,-0.00684063879725592
2.024,0,0.00436443832163301,-0.00680429740163447
2.026,0,0.00436703987859741,-0.00676795600601301
2.028,0,0.0043696012885479,-0.00680409181149784
2.03,0,0.00437215797276942,-0.00684875895158114
2.032,0,0.00437471465699094,-0.00689342609166444
2.034,0,0.00437727134121246,-0.00693809323174775
2.036,0,0.00437981020081994,-0.0070053383526638
2.038,0,0.0043823330139104,-0.00709290918456453
2.04,0,0.00438485582700087,-0.00718048001646523
2.042,0,0.00438737864009133,-0.00726805084836595
2.044,0,0.00438989898483404,-0.00735234071241409
2.046,0,0.00439240615665785,-0.00741912091909085
2.048,0,0.00439491332848165,-0.00748590112576761
2.05,0,0.00439742050030546,-0.00755268133244436
2.052,0,0.00439992767212927,-0.00761946153912114
2.054,0,0.00440243365814969,-0.00763088635845955
2.056,0,0.00440493932776231,-0.00762754070530294
2.058,0,0.00440744499737492,-0.00762419505214633
2.06,0,0.00440995066698754,-0.00762084939898972
2.062,0,0.00441245614114691,-0.00758661858381341
2.064,0,0.00441496134642719,-0.00750989998965525
2.066,0,0.00441746655170747,-0.0074331813954971
2.068,0,0.00441997175698775,-0.00735646280133893
2.07,0,0.00442247624690548,-0.00727833773465816
2.072,0,0.00442496782518012,-0.00717482711834899
2.074,0,0.00442745940345476,-0.00707131650203984
2.076,0,0.00442995098172939,-0.00696780588573066
2.078,0,0.00443244256000403,-0.00686429526942151
2.08,0,0.00443491260081552,-0.00678565660074894
2.082,0,0.00443737269423785,-0.00671850540116216
2.084,0,0.00443983278766019,-0.00665135420157537
2.086,0,0.00444229288108252,-0.0065842030019886
2.088,0,0.00444473975617114,-0.00654021916616305
2.09,0,0.00444715796905168,-0.00654647069391628
2.092,0,0.00444957618193222,-0.00655272222166951
2.094,0,0.00445199439481276,-0.00655897374942274
2.096,0,0.0044544126076933,-0.00656522527717597
2.098,0,0.00445679398973765,-0.00663140037578947
2.1,0,0.0044591733179697,-0.00670091701588682
2.102,0,0.00446155264620175,-0.00677043365598415
2.104,0,0.0044639319744338,-0.0068399502960815
2.106,0,0.00446629721784753,-0.00691666876690758
2.108,0,0.00446865220920468,-0.00699862930578302
2.11,0,0.00447100720056184,-0.00708058984465844
2.112,0,0.004473362191919,-0.00716255038353387
2.114,0,0.00447571562916336,-0.00723467198215413
2.116,0,0.00447806323074823,-0.00726984857557554
2.118,0,0.00448041083233309,-0.00730502516899695
2.12,0,0.00448275843391796,-0.00734020176241837
2.122,0,0.00448510603550282,-0.00737537835583978
2.124,0,0.00448745383238897,-0.00734881699418269
2.126,0,0.0044898016659595,-0.00731065909558104
2.128,0,0.00449214949953002,-0.00727250119697939
2.13,0,0.00449449733310055,-0.00723434329837774
2.132,0,0.00449684230238892,-0.00717202807337324
2.134,0,0.00449918408589337,-0.00708284397943099
2.136,0,0.00450152586939782,-0.00699365988548874
2.138,0,0.00450386765290227,-0.0069044757915465
2.14,0,0.00450620721567221,-0.00681554957256411
2.142,0,0.00450852784769047,-0.00672882162032598
2.144,0,0.00451084847970874,-0.00664209366808784
2.146,0,0.00451316911172701,-0.00655536571584972
2.148,0,0.00451548974374528,-0.00646863776361157
2.15,0,0.00451778416190012,-0.00642141718784184
2.152,0,0.00452006920403961,-0.00638832737039301
2.154,0,0.00452235424617909,-0.00635523755294419
2.156,0,0.00452463928831858,-0.00632214773549536
2.158,0,0.00452690959639075,-0.00631468790710747
2.16,0,0.00452915461290718,-0.00635122287551176
2.162,0,0.0045313996294236,-0.00638775784391605
2.164,0,0.00453364464594003,-0.00642429281232034
2.166,0,0.00453588966245645,-0.00646082778072463
2.168,0,0.00453810367741987,-0.0065357584086463
2.17,0,0.00454031768239351,-0.00661070140896669
2.172,0,0.00454253168736716,-0.0066856444092871
2.174,0,0.00454474569234081,-0.00676058740960749
2.176,0,0.00454695019624725,-0.0068246213318384
2.178,0,0.00454914914978362,-0.00688228234675928
2.18,0,0.00455134810331998,-0.00693994336168016
2.182,0,0.00455354705685634,-0.00699760437660104
2.184,0,0.00455574524237454,-0.00703959664435948
2.186,0,0.00455794127348801,-0.00703763575471927
2.188,0,0.00456013730460147,-0.00703567486507907
2.19,0,0.00456233333571493,-0.00703371397543886
2.192,0,0.00456452936682839,-0.00703175308579865
2.194,0,0.00456672385031032,-0.00697305382399049
2.196,0,0.00456891815099659,-0.00690765301307163
2.198,0,0.00457111245168285,-0.00684225220215278
2.2,0,0.00457330675236911,-0.00677685139123392
2.202,0,0.00457549460025129,-0.00669779046345373
2.204,0,0.00457767663151936,-0.00660641618675331
2.206,0,0.00457985866278744,-0.0065150419100529
2.208,0,0.00458204069405551,-0.00642366763335248
2.21,0,0.0045842183406702,-0.0063368828508659
2.212,0,0.0045863725307188,-0.00627465047080417
2.214,0,0.0045885267207674,-0.00621241809074245
2.216,0,0.004590680910816,-0.00615018571068072
2.218,0,0.0045928351008646,-0.006087953330619
2.22,0,0.00459495972098656,-0.00607580607198258
2.222,0,0.00459707643567481,-0.00607704892457419
2.224,0,0.00459919315036306,-0.0060782917771658
2.226,0,0.00460130986505132,-0.00607953462975741
2.228,0,0.00460341186217088,-0.00610401176605652
2.23,0,0.00460549358600073,-0.00616049387376319
2.232,0,0.00460757530983057,-0.00621697598146987
2.234,0,0.00460965703366042,-0.00627345808917654
2.236,0,0.00461173756991622,-0.00633059772743922
2.238,0,0.00461379653186726,-0.00639968252792813
2.24,0,0.0046158554938183,-0.00646876732841706
2.242,0,0.00461791445576934,-0.00653785212890597
2.244,0,0.00461997341772038,-0.00660693692939491
2.246,0,0.00462202664241602,-0.00665031027926678
2.248,0,0.00462407721332576,-0.00668179071513362
2.25,0,0.0046261277842355,-0.00671327115100045
2.252,0,0.00462817835514524,-0.00674475158686729
2.254,0,0.00463022857714355,-0.00675640246825939
2.256,0,0.00463227804144414,-0.00672499139513397
2.258,0,0.00463432750574473,-0.00669358032200856
2.26,0,0.00463637697004533,-0.00666216924888314
2.262,0,0.00463842643434592,-0.00663075817575773
2.264,0,0.00464047017275182,-0.00655646599648365
2.266,0,0.00464251358980579,-0.006479767219283
2.268,0,0.00464455700685977,-0.00640306844208233
2.27,0,0.00464660042391374,-0.00632636966488168
2.272,0,0.00464863269216959,-0.00625053614065353
2.274,0,0.00465065683471079,-0.0061753332493131
2.276,0,0.00465268097725199,-0.00610013035797265
2.278,0,0.00465470511979319,-0.00602492746663222
2.28,0,0.0046567226214888,-0.00595924181440691
2.282,0,0.00465871513851308,-0.00592936261000076
2.284,0,0.00466070765553737,-0.00589948340559461
2.286,0,0.00466270017256165,-0.00586960420118846
2.288,0,0.00466469268958594,-0.00583972499678231
2.29,0,0.00466665523620084,-0.00586009023401187
2.292,0,0.00466861213970256,-0.00588991597166338
2.294,0,0.00467056904320427,-0.00591974170931488
2.296,0,0.00467252594670599,-0.00594956744696639
2.298,0,0.00467446934934394,-0.0059960220886908
2.3,0,0.00467639771629494,-0.00606099606370309
2.302,0,0.00467832608324595,-0.00612597003871536
2.304,0,0.00468025445019695,-0.00619094401372765
2.306,0,0.00468218127540524,-0.00625455368856301
2.308,0,0.00468409491276559,-0.00630649333367735
2.31,0,0.00468600855012594,-0.0063584329787917
2.312,0,0.00468792218748629,-0.00641037262390603
2.314,0,0.00468983582484664,-0.00646231226902038
2.316,0,0.00469174667190478,-0.00647654084357635
2.318,0,0.00469365651928703,-0.00647725874985818
2.32,0,0.00469556636666929,-0.00647797665614001
2.322,0,0.00469747621405155,-0.00647869456242184
2.324,0,0.00469938507820968,-0.00645921619104621
2.326,0,0.00470129225228895,-0.00640502213135553
2.328,0,0.0047031994263682,-0.00635082807166487
2.33,0,0.00470510660044747,-0.00629663401197419
2.332,0,0.00470701377452673,-0.00624243995228352
2.334,0,0.00470890961398479,-0.00616418326346141
2.336,0,0.00471080544613568,-0.00608591106203138
2.338,0,0.00471270127828658,-0.00600763886060133
2.34,0,0.00471459711043748,-0.0059293666591713
2.342,0,0.00471647756674846,-0.00586504686553948
2.344,0,0.00471834902830534,-0.00580888912862343
2.346,0,0.00472022048986222,-0.00575273139170737
2.348,0,0.00472209195141909,-0.00569657365479132
2.35,0,0.00472395467903416,-0.00565453480183457
2.352,0,0.0047257928658617,-0.00565216744414023
2.354,0,0.00472763105268924,-0.00564980008644589
2.356,0,0.00472946923951679,-0.00564743272875155
2.358,0,0.00473130742634433,-0.00564506537105721
2.36,0,0.00473311726651906,-0.00568626054112198
2.362,0,0.00473492374716083,-0.00573261856935023
2.364,0,0.00473673022780259,-0.00577897659757847
2.366,0,0.00473853670844436,-0.00582533462580672
2.368,0,0.0047403320833657,-0.00587797765530966
2.37,0,0.00474211743455159,-0.00593629336408128
2.372,0,0.00474390278573749,-0.00599460907285288
2.374,0,0.00474568813692338,-0.0060529247816245
2.376,0,0.00474747209840059,-0.00610637804066405
2.378,0,0.0047492486072714,-0.00613375538573207
2.38,0,0.00475102511614221,-0.00616113273080009
2.382,0,0.00475280162501301,-0.00618851007586811
2.384,0,0.00475457813388382,-0.00621588742093613
2.386,0,0.00475635281522541,-0.00620102278828919
2.388,0,0.00475812700703645,-0.00617484302127151
2.39,0,0.00475990119884749,-0.00614866325425382
2.392,0,0.00476167539065852,-0.00612248348723613
2.394,0,0.00476344713300955,-0.00607912156221
2.396,0,0.00476521549679276,-0.00601206009292808
2.398,0,0.00476698386057596,-0.00594499862364614
2.4,0,0.00476875222435917,-0.00587793715436422
2.402,0,0.0047705196950229,-0.00581084808044296
2.404,0,0.00477227083430335,-0.00574325423425091
2.406,0,0.0047740219735838,-0.00567566038805884
2.408,0,0.00477577311286425,-0.00560806654186679
2.41,0,0.0047775242521447,-0.00554047269567472
2.412,0,0.00477925601271626,-0.00549950525526238
2.414,0,0.0047809787962445,-0.00547087230006379
2.416,0,0.00478270157977274,-0.00544223934486521
2.418,0,0.00478442436330098,-0.00541360638966662
2.42,0,0.00478613709712255,-0.00540130639668672
2.422,0,0.00478782797435576,-0.00542452812030511
2.424,0,0.00478951885158898,-0.0054477498439235
2.426,0,0.00479120972882219,-0.00547097156754189
2.428,0,0.0047929006060554,-0.00549419329116028
2.43,0,0.00479456675620826,-0.00554755265531832
2.432,0,0.00479623150972627,-0.00560261425357025
2.434,0,0.00479789626324427,-0.00565767585182218
2.436,0,0.00479956101676228,-0.0057127374500741
2.438,0,0.00480121737728933,-0.00576278167638857
2.44,0,0.00480286761256494,-0.00580916419676788
2.442,0,0.00480451784784054,-0.00585554671714719
2.444,0,0.00480616808311614,-0.00590192923752649
2.446,0,0.00480781736133406,-0.00593921492719899
2.448,0,0.00480946303183738,-0.00594220929948353
2.45,0,0.00481110870234069,-0.00594520367176807
2.452,0,0.00481275437284401,-0.00594819804405261
2.454,0,0.00481440004334733,-0.00595119241633715
2.456,0,0.00481604307451963,-0.00591363865898613
2.458,0,0.00481768560753265,-0.0058684316641535
2.46,0,0.00481932814054568,-0.00582322466932088
2.462,0,0.0048209706735587,-0.00577801767448825
2.464,0,0.00482260816981865,-0.00572262409487275
2.466,0,0.00482424004947697,-0.0056558712153767
2.468,0,0.00482587192913529,-0.00558911833588067
2.47,0,0.00482750380879362,-0.00552236545638462
2.472,0,0.00482913342353112,-0.00545745482475265
2.474,0,0.00483074359765729,-0.00540835685395092
2.476,0,0.00483235377178345,-0.00535925888314921
2.478,0,0.00483396394590962,-0.00531016091234748
2.48,0,0.00483557412003578,-0.00526106294154577
2.482,0,0.00483716261992171,-0.00524524692625537
2.484,0,0.00483874334173528,-0.00524137455722097
2.486,0,0.00484032406354885,-0.00523750218818657
2.488,0,0.00484190478536242,-0.00523362981915217
2.49,0,0.00484347494976885,-0.00524556248630852
2.492,0,0.00484502694172493,-0.00528470034045986
2.494,0,0.00484657893368102,-0.00532383819461121
2.496,0,0.0048481309256371,-0.00536297604876255
2.498,0,0.00484968291759318,-0.0054021139029139
2.5,0,0.00485121991361428,-0.00545851989818767
2.502,0,0.00485274888287909,-0.00550373210351078
2.504,0,0.0048542778521439,-0.00554894430883388
2.506,0,0.00485580682140871,-0.00559415651415698
2.508,0,0.00485733579067352,-0.00563936871948008
2.51,0,0.00485886472465485,-0.00568438872514887
2.512,0,0.0048603863918121,-0.00568982416274849
2.514,0,0.00486190805896935,-0.00569525960034811
2.516,0,0.0048634297261266,-0.00570069503794773
2.518,0,0.00486495139328385,-0.00570613047554735
2.52,0,0.00486647301668475,-0.00571109079592055
2.522,0,0.00486799015603335,-0.00566736218162868
2.524,0,0.00486950729538195,-0.00562363356733681
2.526,0,0.00487102443473055,-0.00557990495304493
2.528,0,0.00487254157407915,-0.00553617633875307
2.53,0,0.0048740585250728,-0.0054921727146446
2.532,0,0.00487556267072653,-0.00542947250605748
2.534,0,0.00487706681638026,-0.00536677229747035
2.536,0,0.00487857096203399,-0.00530407208888323
2.538,0,0.00488007510768772,-0.0052413718802961
2.54,0,0.00488157875272874,-0.0051791902384846
2.542,0,0.00488305699724945,-0.00514332008619545
2.544,0,0.00488453524177015,-0.00510744993390631
2.546,0,0.00488601348629086,-0.00507157978161716
2.548,0,0.00488749173081156,-0.00503570962932801
2.55,0,0.00488896919641442,-0.00500103788388091
2.552,0,0.00489041520067472,-0.00501477109926024
2.554,0,0.00489186120493503,-0.00502850431463958
2.556,0,0.00489330720919534,-0.00504223753001892
2.558,0,0.00489475321345565,-0.00505597074539826
2.56,0,0.00489619843555842,-0.00507061976883976
2.562,0,0.00489761746119013,-0.00511594156389819
2.564,0,0.00489903648682183,-0.00516126335895664
2.566,0,0.00490045551245353,-0.00520658515401507
2.568,0,0.00490187453808523,-0.00525190694907352
2.57,0,0.00490329306370613,-0.00529685970634149
2.572,0,0.00490469730648562,-0.00533127087491411
2.574,0,0.00490610154926511,-0.00536568204348673
2.576,0,0.00490750579204459,-0.00540009321205935
2.578,0,0.00490891003482408,-0.00543450438063196
2.58,0,0.00491031407440914,-0.00546721288094956
2.582,0,0.00491171306066411,-0.00545757698819216
2.584,0,0.00491311204691908,-0.00544794109543477
2.586,0,0.00491451103317404,-0.00543830520267737
2.588,0,0.00491591001942901,-0.00542866930991997
2.59,0,0.00491730873485624,-0.00541727999067535
2.592,0,0.00491870149341353,-0.00536732396637391
2.594,0,0.00492009425197082,-0.00531736794207248
2.596,0,0.00492148701052812,-0.00526741191777104
2.598,0,0.00492287976908541,-0.00521745589346962
2.6,0,0.00492427172417229,-0.00516733353226925
2.602,0,0.00492564785447092,-0.00511393507503737
2.604,0,0.00492702398476956,-0.00506053661780547
2.606,0,0.00492840011506819,-0.00500713816057358
2.608,0,0.00492977624536682,-0.00495373970334168
2.61,0,0.00493115091892341,-0.00490219430923621
2.612,0,0.00493249964188404,-0.00488365962748769
2.614,0,0.00493384836484467,-0.00486512494573916
2.616,0,0.00493519708780531,-0.00484659026399064
2.618,0,0.00493654581076594,-0.00482805558224211
2.62,0,0.00493789279053521,-0.00481210697078646
2.622,0,0.00493921144991517,-0.00483817240279393
2.624,0,0.00494053010929512,-0.0048642378348014
2.626,0,0.00494184876867508,-0.00489030326680887
2.628,0,0.00494316742805503,-0.00491636869881634
2.63,0,0.00494448467998264,-0.00494356777585875
2.632,0,0.00494578093321293,-0.00498768044085203
2.634,0,0.00494707718644321,-0.00503179310584529
2.636,0,0.00494837343967349,-0.00507590577083857
2.638,0,0.00494966969290377,-0.00512001843583184
2.64,0,0.00495096522988964,-0.00516256536915916
2.642,0,0.00495225089521349,-0.00518353255444072
2.644,0,0.00495353656053734,-0.0052044997397223
2.646,0,0.00495482222586119,-0.00522546692500386
2.648,0,0.00495610789118504,-0.00524643411028543
2.65,0,0.00495739322988916,-0.00526419461610259
2.652,0,0.00495867438883068,-0.00524091914663925
2.654,0,0.0049599555477722,-0.00521764367717591
2.656,0,0.00496123670671372,-0.00519436820771257
2.658,0,0.00496251786565524,-0.00517109273824924
2.66,0,0.00496379835841169,-0.00514553909769863
2.662,0,0.00496507090043846,-0.00509279613176161
2.664,0,0.00496634344246523,-0.00504005316582457
2.666,0,0.004967615984492,-0.00498731019988754
2.668,0,0.00496888852651877,-0.00493456723395051
2.67,0,0.00497015948200784,-0.00488252552420154
2.672,0,0.0049714127097617,-0.00483831954629039
2.674,0,0.00497266593751556,-0.00479411356837924
2.676,0,0.00497391916526943,-0.00474990759046809
2.678,0,0.00497517239302329,-0.00470570161255694
2.68,0,0.00497642318698382,-0.00466492351064042
2.682,0,0.00497764843213683,-0.00466012962443282
2.684,0,0.00497887367728984,-0.00465533573822523
2.686,0,0.00498009892244285,-0.00465054185201764
2.688,0,0.00498132416759586,-0.00464574796581004
2.69,0,0.00498254691430045,-0.0046443655687657
2.692,0,0.00498374494537243,-0.004676730961845
2.694,0,0.0049849429764444,-0.00470909635492429
2.696,0,0.00498614100751638,-0.00474146174800359
2.698,0,0.00498733903858835,-0.00477382714108288
2.7,0,0.00498853534117299,-0.00480665460294996
2.702,0,0.00498971548625045,-0.00484380137893798
2.704,0,0.0049908956313279,-0.00488094815492601
2.706,0,0.00499207577640536,-0.00491809493091403
2.708,0,0.00499325592148282,-0.00495524170690206
2.71,0,0.00499443527667966,-0.00498930411754311
2.712,0,0.00499560763746635,-0.00499605440558703
2.714,0,0.00499677999825304,-0.00500280469363094
2.716,0,0.00499795235903973,-0.00500955498167485
2.718,0,0.00499912471982643,-0.00501630526971877
2.72,0,0.00500029657283451,-0.00501873684083798
2.722,0,0.00500146415691414,-0.00498486067231591
2.724,0,0.00500263174099376,-0.00495098450379384
2.726,0,0.00500379932507339,-0.00491710833527177
2.728,0,0.00500496690915302,-0.00488323216674969
2.73,0,0.00500613323032014,-0.00484745058088745
2.732,0,0.00500728945063299,-0.00479642934624939
2.734,0,0.00500844567094584,-0.00474540811161133
2.736,0,0.00500960189125869,-0.00469438687697327
2.738,0,0.00501075811157154,-0.00464336564233522
2.74,0,0.00501191179756311,-0.00459467334709527
2.742,0,0.00501304616405823,-0.00456373489256826
2.744,0,0.00501418053055336,-0.00453279643804124
2.746,0,0.00501531489704848,-0.00450185798351422
2.748,0,0.00501644926354361,-0.0044709195289872
2.75,0,0.00501758032614276,-0.00444479167895564
2.752,0,0.00501868734226557,-0.00445367645893058
2.754,0,0.00501979435838837,-0.00446256123890551
2.756,0,0.00502090137451118,-0.00447144601888045
2.758,0,0.00502200839063398,-0.00448033079885538
2.76,0,0.00502311242625834,-0.00449266322781823
2.762,0,0.00502419571813401,-0.00452899069162273
2.764,0,0.00502527901000968,-0.00456531815542723
2.766,0,0.00502636230188536,-0.00460164561923173
2.768,0,0.00502744559376103,-0.00463797308303623
2.77,0,0.00502852707834,-0.00467339569559169
2.772,0,0.00502959651725565,-0.00470278745918202
2.774,0,0.00503066595617131,-0.00473217922277235
2.776,0,0.00503173539508697,-0.00476157098636268
2.778,0,0.00503280483400263,-0.00479096274995301
2.78,0,0.00503387349796071,-0.00481559177563068
2.782,0,0.00503493720895846,-0.00480978087450948
2.784,0,0.00503600091995622,-0.00480396997338828
2.786,0,0.00503706463095397,-0.00479815907226707
2.788,0,0.00503812834195173,-0.00479234817114587
2.79,0,0.00503919120380541,-0.00478180257788507
2.792,0,0.00504024885497549,-0.00474220304276114
2.794,0,0.00504130650614557,-0.00470260350763722
2.796,0,0.00504236415731565,-0.0046630039725133
2.798,0,0.00504342180848573,-0.00462340443738938
2.8,0,0.00504447742518033,-0.00458301631968661
2.802,0,0.00504552104149011,-0.0045379767355711
2.804,0,0.0050465646577999,-0.00449293715145558
2.806,0,0.00504760827410968,-0.00444789756734008
2.808,0,0.00504865189041947,-0.00440285798322456
2.81,0,0.00504969205562352,-0.00436180069973601
2.812,0,0.00505071263241165,-0.00434334688513851
2.814,0,0.00505173320919977,-0.00432489307054101
2.816,0,0.0050527537859879,-0.0043064392559435
2.818,0,0.00505377436277603,-0.004287985441346
2.82,0,0.00505479094456954,-0.00427521933078667
2.822,0,0.00505578568429689,-0.00429354993497689
2.824,0,0.00505678042402423,-0.0043118805391671
2.826,0,0.00505777516375158,-0.00433021114335732
2.828,0,0.00505876990347892,-0.00434854174754753
2.83,0,0.00505976146629541,-0.00436948449933735
2.832,0,0.00506073628241534,-0.00440419686734767
2.834,0,0.00506171109853526,-0.00443890923535799
2.836,0,0.00506268591465519,-0.0044736216033683
2.838,0,0.00506366073077512,-0.00450833397137862
2.84,0,0.00506463384070552,-0.00454028397431858
2.842,0,0.00506559827137735,-0.00455818203257285
2.844,0,0.00506656270204918,-0.00457608009082712
2.846,0,0.00506752713272101,-0.00459397814908139
2.848,0,0.00506849156339283,-0.00461187620733566
2.85,0,0.00506945515289147,-0.00462376249483963
2.852,0,0.00507041460969519,-0.00460611287376714
2.854,0,0.0050713740664989,-0.00458846325269464
2.856,0,0.00507233352330262,-0.00457081363162215
2.858,0,0.00507329298010633,-0.00455316401054966
2.86,0,0.00507425109179496,-0.00453107524996695
2.862,0,0.00507520281585114,-0.00448790606900723
2.864,0,0.00507615453990733,-0.00444473688804752
2.866,0,0.00507710626396351,-0.0044015677070878
2.868,0,0.0050780579880197,-0.00435839852612809
2.87,0,0.00507900676850029,-0.00431621405007834
2.872,0,0.00507994202798784,-0.00427855270849302
2.874,0,0.0050808772874754,-0.00424089136690768
2.876,0,0.00508181254696295,-0.00420323002532236
2.878,0,0.00508274780645051,-0.00416556868373703
2.88,0,0.00508367870397842,-0.00413369260399734
2.882,0,0.0050845902073775,-0.00412753893404496
2.884,0,0.00508550171077659,-0.00412138526409259
2.886,0,0.00508641321417568,-0.00411523159414021
2.888,0,0.00508732471757476,-0.00410907792418783
2.89,0,0.00508823178817285,-0.00410878273840099
2.892,0,0.00508911976869073,-0.00413371740898428
2.894,0,0.00509000774920861,-0.00415865207956757
2.896,0,0.00509089572972649,-0.00418358675015086
2.898,0,0.00509178371024437,-0.00420852142073416
2.9,0,0.00509266854194154,-0.00423461549059052
2.902,0,0.0050935402308185,-0.00426554876139869
2.904,0,0.00509441191969546,-0.00429648203220684
2.906,0,0.00509528360857242,-0.004327415303015
2.908,0,0.00509615529744939,-0.00435834857382316
2.91,0,0.00509702543874757,-0.00438462255646989
2.912,0,0.00509788931592023,-0.00439203716578657
2.914,0,0.0050987531930929,-0.00439945177510325
2.916,0,0.00509961707026556,-0.00440686638441993
2.918,0,0.00510048094743822,-0.00441428099373661
2.92,0,0.0051013438207047,-0.00441493325400654
2.922,0,0.0051022027511187,-0.00438902631445496
2.924,0,0.00510306168153269,-0.00436311937490339
2.926,0,0.00510392061194669,-0.0043372124353518
2.928,0,0.00510477954236068,-0.00431130549580023
2.93,0,0.00510563639807087,-0.00428220666462477
2.932,0,0.00510648534310628,-0.00424093741351871
2.934,0,0.0051073342881417,-0.00419966816241264
2.936,0,0.00510818323317712,-0.00415839891130658
2.938,0,0.00510903217821253,-0.00411712966020051
2.94,0,0.00510987722586202,-0.00407889962095406
2.942,0,0.00511070783941346,-0.00405192540362334
2.944,0,0.0051115384529649,-0.00402495118629263
2.946,0,0.00511236906651634,-0.00399797696896191
2.948,0,0.00511319968006777,-0.00397100275163119
2.95,0,0.0051140252461298,-0.00395094354490435
2.952,0,0.00511483264622593,-0.00395577153190986
2.954,0,0.00511564004632205,-0.00396059951891538
2.956,0,0.00511644744641818,-0.00396542750592089
2.958,0,0.0051172548465143,-0.00397025549292641
2.96,0,0.00511805763642326,-0.00398029189178055
2.962,0,0.00511884429514105,-0.00400855268891673
2.964,0,0.00511963095385885,-0.0040368134860529
2.966,0,0.00512041761257664,-0.00406507428318909
2.968,0,0.00512120427129444,-0.00409333508032526
2.97,0,0.00512198802582788,-0.00412064002923459
2.972,0,0.00512276189652849,-0.00414469193256766
2.974,0,0.00512353576722911,-0.00416874383590075
2.976,0,0.00512430963792972,-0.00419279573923382
2.978,0,0.00512508350863033,-0.0042168476425669
2.98,0,0.0051258559823518,-0.00423446989511611
2.982,0,0.00512662382987615,-0.00423079989572654
2.984,0,0.0051273916774005,-0.00422712989633697
2.986,0,0.00512815952492485,-0.0042234598969474
2.988,0,0.0051289273724492,-0.00421978989755783
2.99,0,0.00512969383427776,-0.0042094722680517
2.992,0,0.00513045582920397,-0.0041777254657318
2.994,0,0.00513121782413018,-0.00414597866341188
2.996,0,0.00513197981905639,-0.00411423186109198
2.998,0,0.00513274181398261,-0.00408248505877206
3,0,0.00513350279904462,-0.00404814460745845
3.002,5.00000000000079e-07,0.00513425870838503,-0.00400535378602548
3.004,1.00000000000005e-06,0.00513501159406834,-0.00396173712712915
3.006,1.50000000000013e-06,0.005135763685711,-0.00391790359558826
3.008,2.00000000000009e-06,0.00513651706360073,-0.00385038011688159
3.01,2.50000000000017e-06,0.00513727048170553,-0.00378211596205826
3.012,4.00000000000001e-06,0.00513803089387544,-0.00368491220194187
3.014,5.50000000000018e-06,0.00513881203835968,-0.00350192356805144
3.016,7.00000000000002e-06,0.00513959318284392,-0.00331893493416106
3.018,8.50000000000019e-06,0.00514042010280882,-0.00297381590914958
3.02,1e-05,0.0051412868371398,-0.00248767993242973
3.022,1.30000000000004e-05,0.00514215357147078,-0.00200154395570977
3.024,1.60000000000001e-05,0.00514313988415878,-0.00110981913523339
3.026,1.90000000000005e-05,0.00514415291061517,-0.000127485891079662
3.028,2.20000000000002e-05,0.00514530183509307,0.00130457731331144
3.03,2.50000000000006e-05,0.00514652256726742,0.00297427512125723
3.032,3.00000000000001e-05,0.00514788395621074,0.0051009390571798
3.034,3.50000000000006e-05,0.00514939105994841,0.00770100164889217
3.036,4.00000000000001e-05,0.00515105112415507,0.0107859788079017
3.038,4.50000000000007e-05,0.00515302449120638,0.0148641871875978
3.04,5.00000000000001e-05,0.00515499785825769,0.018942395567293
3.042,5.75000000000011e-05,0.00515714223088979,0.0235472443171885
3.044,6.50000000000003e-05,0.0051597936473189,0.0297136194905707
3.046,7.25000000000012e-05,0.00516244506374801,0.0358799946639543
3.048,8.00000000000005e-05,0.00516523715121263,0.0424610780499053
3.05,8.75000000000014e-05,0.00516868625526501,0.0509790930419177
3.052,9.80000000000003e-05,0.00517213535931738,0.0594971080339282
3.054,0.000108500000000001,0.00517565848674337,0.068222059702223
3.056,0.000119,0.00517984417991657,0.0787992527214573
3.058,0.000129500000000002,0.00518402987308976,0.089376445740694
3.06,0.00014,0.00518875918884862,0.101354016045209
3.062,0.000154000000000002,0.00519356456787745,0.113527526103395
3.064,0.000168000000000001,0.00519876006247109,0.126605525378043
3.066,0.000182000000000002,0.00520416193440572,0.140162013839749
3.068,0.000196000000000001,0.0052098106488901,0.154215269586591
3.07,0.000210000000000003,0.00521578553950273,0.168924950369901
3.072,0.000228000000000001,0.00522187799900281,0.183836401081484
3.074,0.000245999999999999,0.00522841938820046,0.199518298080772
3.076,0.000264000000000001,0.00523496498410426,0.215206528092971
3.078,0.000281999999999999,0.00524209999578464,0.231782097888732
3.08,0.000300000000000001,0.00524923500746503,0.248357667684496
3.082,0.000322499999999998,0.00525690322742737,0.26568742845642
3.084,0.000345000000000001,0.00526469926547315,0.283197980203259
3.086,0.000367499999999998,0.00527295585440269,0.301357048783703
3.088,0.000390000000000001,0.00528151164249552,0.319937429538005
3.09,0.000412499999999998,0.00529042273914347,0.339025007619229
3.092,0.000440000000000001,0.00529985423699157,0.358855450159676
3.094,0.000467499999999998,0.00530948887274564,0.378975240688502
3.096,0.000495000000000001,0.00531990989587982,0.400215155033859
3.098,0.000522499999999998,0.00533033729344769,0.421463585818667
3.1,0.000550000000000002,0.00534207570849827,0.444463576279462
3.102,0.000582999999999998,0.00535381412354886,0.467463566740251
3.104,0.000616000000000002,0.00536555253859944,0.490463557201045
3.106,0.000648999999999998,0.00537845427101933,0.514863740108251
3.108,0.000682000000000002,0.00539150594236737,0.539444392559002
3.11,0.000714999999999998,0.00540549644717508,0.564925955700023
3.112,0.000754000000000002,0.00541957813515298,0.590495018803841
3.114,0.000792999999999998,0.005434612835236,0.616737734294465
3.116,0.000832000000000003,0.00544971147998142,0.643025650128526
3.118,0.000870999999999999,0.00546577929074926,0.669748743806895
3.12,0.000910000000000003,0.00548188457986754,0.696488666126987
3.122,0.000955499999999998,0.00549899291806163,0.723468163609952
3.124,0.001001,0.00551613154730501,0.750452603343281
3.126,0.0010465,0.0055345696227067,0.777586686990288
3.128,0.001092,0.00555300769810839,0.804720770637301
3.13,0.0011375,0.00557161621636059,0.831873067624338
3.132,0.00119,0.0055915429076375,0.859166223165714
3.134,0.0012425,0.00561146959891441,0.886459378707083
3.136,0.001295,0.0056326564550683,0.913960759221384
3.138,0.0013475,0.00565401585132799,0.941490649623167
3.14,0.0014,0.0056762554734959,0.969219035854345
3.142,0.00146,0.00569898031633978,0.997056842041931
3.144,0.00152,0.00572289601189465,1.02520975475005
3.146,0.00158,0.00574720093192299,1.05346564842601
3.148,0.00164,0.00577251834102151,1.08198942008665
3.15,0.0017,0.00579883284843391,1.11071376606368
3.152,0.00176800000000001,0.00582602123090868,1.13961389901257
3.154,0.001836,0.00585320961338344,1.16851403196146
3.156,0.00190400000000001,0.00588169776283956,1.19756270848661
3.158,0.001972,0.00591097464301908,1.22670152492455
3.16,0.00204000000000001,0.00594113441873891,1.25582372057892
3.162,0.0021165,0.00597221361186086,1.28492860791427
3.164,0.00219300000000001,0.00600394961365465,1.31395598179727
3.166,0.0022695,0.0060368665957307,1.34284398197408
3.168,0.00234600000000001,0.00607020991454096,1.37165917816275
3.17,0.0024225,0.00610502245669389,1.40022348037428
3.172,0.00250800000000001,0.00614001829576971,1.42875738031816
3.174,0.0025935,0.00617681379891074,1.45699278169614
3.176,0.00267900000000001,0.00621360930205179,1.48522818307412
3.178,0.0027645,0.00625241856519852,1.51323336924845
3.18,0.00285000000000001,0.00629131182546095,1.54122895278243
3.182,0.002944,0.00633181208106563,1.5691415179622
3.184,0.00303800000000001,0.00637302695385775,1.59703905557484
3.186,0.003132,0.00641562098412192,1.62494487963729
3.188,0.00322600000000001,0.00645931627372142,1.65288597746297
3.19,0.00332,0.00650373306959382,1.68085018541413
3.192,0.00342200000000001,0.00655043587868312,1.70883176876638
3.194,0.003524,0.00659715593090412,1.73681348317926
3.196,0.00362600000000001,0.00664536792946834,1.7647075214895
3.198,0.003728,0.00669443536411046,1.7925512890231
3.2,0.00383000000000001,0.0067453774107913,1.82001705287327
3.202,0.0039395,0.00679695845259623,1.84724881455739
3.204,0.00404900000000001,0.00684982312573158,1.87399380749483
3.206,0.0041585,0.00690387888630347,1.90003263705163
3.208,0.00426800000000001,0.00695855993215503,1.92570075195443
3.21,0.0043775,0.00701498900106414,1.94993388634487
3.212,0.00449400000000001,0.00707199771730931,1.97356829973758
3.214,0.0046105,0.00713013806863467,1.99603075617129
3.216,0.00472700000000001,0.00718961338310017,2.0168515243507
3.218,0.0048435,0.00724972875869001,2.03688516905206
3.22,0.00496000000000001,0.00731076049686918,2.05568765786748
3.222,0.005083,0.00737314576635212,2.07267164377704
3.224,0.00520600000000002,0.00743579562714395,2.08928809241348
3.226,0.005329,0.0075001932539912,2.10347676225099
3.228,0.00545200000000002,0.00756530580923484,2.11668873645418
3.23,0.005575,0.00763147492053143,2.12845730221318
3.232,0.00570400000000002,0.00769886829155788,2.13862772089633
3.234,0.005833,0.00776684932649785,2.14803100386302
3.236,0.00596200000000002,0.00783659175511472,2.15527936734581
3.238,0.006091,0.00790685081456049,2.16193504852789
3.24,0.00622000000000002,0.00797859862393115,2.16690908080346
3.242,0.0063545,0.00805151244841131,2.17070337551943
3.244,0.00648900000000002,0.00812563046561296,2.17327930576406
3.246,0.0066235,0.00819991573915732,2.17570443124889
3.248,0.00675800000000002,0.00827688350939092,2.17571091441336
3.25,0.0068925,0.0083538512796245,2.17571739757783
3.252,0.00703200000000002,0.00843264722372621,2.17427023673473
3.254,0.00717150000000001,0.0085125380298295,2.17195251340547
3.256,0.00731100000000002,0.00859299849624729,2.16922067236392
3.258,0.00745050000000001,0.00867585347567397,2.16474812686378
3.26,0.00759000000000002,0.00875870845510067,2.16027558136363
3.262,0.00773400000000001,0.00884352406659978,2.15442214179001
3.264,0.00787800000000002,0.00892896247240915,2.14813006154326
3.266,0.00802200000000001,0.00901648297010792,2.14033590179715
3.268,0.00816600000000002,0.00910442806344964,2.13222032325971
3.27,0.00831000000000001,0.00919418025709577,2.1227184777014
3.272,0.00845800000000003,0.00928489695050488,2.1123927145977
3.274,0.00860600000000001,0.00937738549636334,2.10055335825432
3.276,0.00875400000000003,0.00946987404222182,2.08871400191094
3.278,0.00890200000000001,0.00956364393632485,2.07567797987225
3.28,0.00905000000000003,0.00965942519326102,2.06076352321331
3.282,0.00920250000000001,0.00975520645019716,2.04584906655438
3.284,0.00935500000000003,0.00985217643690591,2.02978002645468
3.286,0.00950750000000001,0.00995074933662301,2.01215411711598
3.288,0.00966000000000003,0.0100498634569009,1.99405223408464
3.29,0.00981250000000001,0.0101508134137928,1.97433583380159
3.292,0.00997000000000003,0.0102518263597137,1.95457567995954
3.294,0.0101275,0.010354907711715,1.93337876595383
3.296,0.010285,0.0104587301955285,1.91186571641336
3.298,0.0104425,0.0105637245804712,1.88985278333786
3.3,0.0106,0.0106702240805948,1.86759597598665
3.302,0.010763,0.0107774585425313,1.8452768560833
3.304,0.010926,0.010886610780888,1.82314072974241
3.306,0.011089,0.0109968029970971,1.80134126452661
3.308,0.011252,0.0111082112069911,1.77993544019562
3.31,0.011415,0.0112218315216472,1.75970718641614
3.312,0.011584,0.0113359412158807,1.7397394442493
3.314,0.011753,0.0114521410605606,1.72118761733395
3.316,0.011922,0.0115691532752825,1.70318610828408
3.318,0.012091,0.0116887222567026,1.68721730393764
3.32,0.01226,0.0118088816201743,1.67174561381711
3.322,0.0124355,0.011931395766603,1.65830516468514
3.324,0.012611,0.0120549137170133,1.6457681815798
3.326,0.0127865,0.0121801958743144,1.63481905927101
3.328,0.012962,0.0123068919363577,1.62516203401652
3.33,0.0131375,0.0124350158112848,1.61680893891384
3.332,0.01332,0.0125648769608144,1.61003955159393
3.334,0.0135025,0.0126964004830141,1.60476315097164
3.336,0.013685,0.0128293143543845,1.60071104527208
3.338,0.0138675,0.0129636700929331,1.59791684188023
3.34,0.01405,0.0130995443666575,1.59639862277129
3.342,0.01424,0.0132365422204333,1.59582451777231
3.344,0.01443,0.0133755678417608,1.59687364629929
3.346,0.01462,0.0135151422521257,1.59836195849994
3.348,0.01481,0.0136572537053096,1.60178743950048
3.35,0.015,0.0137999066923483,1.60561169147909
3.352,0.015198,0.0139445415795715,1.61089536149372
3.354,0.015396,0.0140902579132695,1.61696319464068
3.356,0.015594,0.0142374202028958,1.62407949884582
3.358,0.015792,0.0143862206031453,1.63239595647082
3.36,0.01599,0.0145359377496829,1.64138406360307
3.362,0.0161965,0.0146878810468435,1.65205876872373
3.364,0.016403,0.0148403847659262,1.66316481346836
3.366,0.0166095,0.0149953825429053,1.67625327702964
3.368,0.016816,0.0151512468914536,1.69007026930979
3.37,0.0170225,0.0153093281709387,1.70575104054709
3.372,0.017238,0.0154677169874141,1.72170179441181
3.374,0.0174535,0.0156293134659706,1.74046851209132
3.376,0.017669,0.015790909944527,1.75923522977083
3.378,0.0178845,0.0159557459152106,1.78090001130004
3.38,0.0181,0.0161209662268946,1.80290862597206
3.382,0.018325,0.0162887675008346,1.82716232316956
3.384,0.01855,0.0164576728287654,1.85237639563648
3.386,0.018775,0.0166281956800088,1.8788978115803
3.388,0.019,0.0168002923542238,1.90669125073375
3.39,0.019225,0.0169747895273853,1.9361665099584
3.392,0.01946,0.0171503225034465,1.9662676868397
3.394,0.019695,0.0173276713327497,1.99740873319515
3.396,0.01993,0.0175067798978826,2.02929333019623
3.398,0.0201650000000001,0.0176868835304704,2.06156212225887
3.4,0.0204,0.0178692120799552,2.0944216370621
3.402,0.0206455000000001,0.0180529291522871,2.12742411162774
3.404,0.020891,0.018238086757571,2.16057490082068
3.406,0.0211365000000001,0.0184241175821732,2.19372578563557
3.408,0.021382,0.0186120222168277,2.22687687564215
3.41,0.0216275,0.0188017420747691,2.25989814184155
3.412,0.021884,0.0189925658247574,2.29283425457236
3.414,0.0221405000000001,0.0191850682844066,2.32563409830134
3.416,0.022397,0.0193793764989621,2.35832794172419
3.418,0.0226535000000001,0.0195748488462221,2.39097819333942
3.42,0.02291,0.0197722086848501,2.42359787571474
3.422,0.0231780000000001,0.0199713988340564,2.4562791145365
3.424,0.023446,0.0201718333941155,2.4890258316047
3.426,0.0237140000000001,0.0203744008874037,2.52194204133653
3.428,0.023982,0.0205791609341439,2.55510819442885
3.43,0.0242500000000001,0.0207849809802037,2.58839518370503
3.432,0.02453,0.020992849950749,2.62193236065191
3.434,0.0248100000000001,0.0212021660130001,2.65564623737747
3.436,0.0250900000000001,0.0214143106080928,2.68964772530488
3.438,0.0253700000000001,0.0216274147374171,2.72371786182845
3.44,0.0256500000000001,0.0218431427283569,2.75792673432225
3.442,0.0259425000000001,0.0220604252303643,2.79210919367103
3.444,0.0262350000000001,0.0222793697502795,2.8262634131951
3.446,0.0265275000000001,0.0225008230263824,2.86017314452577
3.448,0.02682,0.0227232060540204,2.89397584044473
3.45,0.0271125000000001,0.022948204475788,2.9273383492754
3.452,0.027418,0.0231750856699781,2.96026995958788
3.454,0.0277235000000001,0.023403765806208,2.99274336061828
3.456,0.0280290000000001,0.0236340371551032,3.02479016481287
3.458,0.0283345000000001,0.0238668226878889,3.0561155690025
3.46,0.0286400000000001,0.0241008201897534,3.08709231184667
3.462,0.0289570000000001,0.0243372911669911,3.11735588464343
3.464,0.0292740000000001,0.0245754166301669,3.14715780480344
3.466,0.0295910000000001,0.0248156277731814,3.17638918016579
3.468,0.0299080000000001,0.0250577802741745,3.20510384525328
3.47,0.0302250000000001,0.0253019099866732,3.23329728044905
3.472,0.0305520000000001,0.0255489273439028,3.26069540171902
3.474,0.0308790000000001,0.0257970357720939,3.28775221885874
3.476,0.0312060000000001,0.0260475953495363,3.31404227802131
3.478,0.0315330000000001,0.0262999672210011,3.33964630072315
3.48,0.0318600000000001,0.0265543348869946,3.36442396384303
3.482,0.0321955000000001,0.0268106554036106,3.38826470287989
3.484,0.0325310000000001,0.027069429177295,3.41063708749646
3.486,0.0328665000000001,0.0273299277509053,3.43175133670135
3.488,0.0332020000000001,0.0275921238066196,3.45148621637433
3.49,0.0335375000000001,0.0278560205071976,3.46968627623332
3.492,0.0338800000000001,0.0281222590000421,3.48537162321267
3.494,0.0342225000000001,0.0283900625588381,3.49911243869744
3.496,0.0345650000000001,0.0286594884351525,3.51067870354882
3.498,0.0349075000000002,0.0289305198746566,3.51995798860159
3.5,0.0352500000000001,0.0292029903835068,3.52701862208817
3.502,0.0355980000000002,0.0294779786594989,3.52987405800372
3.504,0.0359460000000001,0.0297535197424267,3.5317448453719
3.506,0.0362940000000001,0.0300310029437997,3.53015637059503
3.508,0.0366420000000001,0.0303102819618374,3.52519839608708
3.51,0.0369900000000001,0.0305908705284658,3.51773456210882
3.512,0.0373420000000001,0.0308727633032301,3.50775446684106
3.514,0.0376940000000001,0.0311566050997644,3.49397787890859
3.516,0.0380460000000001,0.0314418870062998,3.4774100309061
3.518,0.0383980000000002,0.0317284591597735,3.45836795266958
3.52,0.0387500000000002,0.0320164850557008,3.43656863909163
3.522,0.0391045000000002,0.0323064500145152,3.41123444324052
3.524,0.0394590000000001,0.032597883236126,3.3833819241344
3.526,0.0398135000000002,0.0328904330849854,3.35362933680417
3.528,0.0401680000000001,0.033185114310755,3.32056674476464
3.53,0.0405225000000001,0.033480442088515,3.286503862
3.532,0.0408780000000001,0.0337785578881803,3.24861200086567
3.534,0.0412335000000002,0.0340773643870247,3.20989043526178
3.536,0.0415890000000002,0.0343783353349819,3.16856881864006
3.538,0.0419445000000002,0.0346806776083928,3.12579361344001
3.54,0.0423000000000002,0.0349845276684368,3.08142017244355
3.542,0.0426550000000002,0.0352904152605938,3.03507539015132
3.544,0.0430100000000002,0.0355971323002133,2.98792810564318
3.546,0.0433650000000002,0.0359065047725225,2.93829745837719
3.548,0.0437200000000001,0.0362165171137443,2.88805219522202
3.55,0.0440750000000002,0.0365287494418302,2.83565668483474
3.552,0.0444280000000001,0.0368420411732291,2.78212974800184
3.554,0.0447810000000002,0.0371568333541166,2.72700035419085
3.556,0.0451340000000002,0.0374731716206219,2.66997454093241
3.558,0.0454870000000002,0.0377903488485577,2.61191966256029
3.56,0.0458400000000002,0.0381094673987619,2.55109984697618
3.562,0.0461905000000002,0.0384290811663487,2.48952878708894
3.564,0.0465410000000002,0.0387504837541167,2.4250634248151
3.566,0.0468915000000002,0.0390724966425587,2.3595366797472
3.568,0.0472420000000002,0.0393956359751736,2.29205091920645
3.57,0.0475925000000002,0.0397201033164169,2.22225697388076
3.572,0.0479400000000002,0.0400453596889307,2.15118520043341
3.574,0.0482875000000002,0.040371489571212,2.07872913701412
3.576,0.0486350000000002,0.0406990311425166,2.00444535923757
3.578,0.0489825000000003,0.0410273073477026,1.92942828202701
3.58,0.0493300000000002,0.0413567162455873,1.853479368671
3.582,0.0496740000000003,0.0416872036008649,1.77698040359787
3.584,0.0500180000000003,0.0420188064797382,1.70021625958137
3.586,0.0503620000000002,0.04235172214387,1.62353104176657
3.588,0.0507060000000003,0.0426860755571064,1.547382902986
3.59,0.0510500000000002,0.0430213746989259,1.47178870338115
3.592,0.0513900000000003,0.0433577922213634,1.39690637752338
3.594,0.0517300000000002,0.0436961653409247,1.3237744170953
3.596,0.0520700000000003,0.0440349588539706,1.25106392265591
3.598,0.0524100000000002,0.04437556362321,1.18029032564285
3.6,0.0527500000000003,0.0447174088060787,1.11101715499534
3.602,0.0530855000000003,0.0450602480844609,1.0429822076616
3.604,0.0534210000000003,0.0454043219698786,0.976537421064068
3.606,0.0537565000000003,0.0457497213584148,0.911859280649519
3.608,0.0540920000000003,0.0460959647141254,0.848316446484328
3.61,0.0544275000000003,0.0464430495607545,0.785909941100129
3.612,0.0547580000000003,0.0467914057431202,0.725217233142928
3.614,0.0550885000000002,0.0471404156603555,0.665397842231072
3.616,0.0554190000000003,0.0474900586367489,0.606422831979345
3.618,0.0557495000000002,0.0478405673615353,0.548596744068032
3.62,0.0560800000000002,0.048191687425455,0.491591647361783
3.622,0.0564055000000002,0.0485432964316836,0.435262269844845
3.624,0.0567310000000003,0.048895512793118,0.379798690639578
3.626,0.0570565000000003,0.0492480948394569,0.324906740169233
3.628,0.0573820000000003,0.0496011798648967,0.270843206736231
3.63,0.0577075000000003,0.0499546769464238,0.217544690447057
3.632,0.0580280000000003,0.0503085989752811,0.165134256898996
3.634,0.0583485000000003,0.0506629710567448,0.113809680260868
3.636,0.0586690000000003,0.0510177263041035,0.0635313531700901
3.638,0.0589895000000003,0.0513728660712503,0.014403063535619
3.64,0.0593100000000003,0.0517283930939842,-0.0334687790574485
3.642,0.0596255000000003,0.0520843107900775,-0.0799775936195556
3.644,0.0599410000000003,0.0524406375671207,-0.124958605724029
3.646,0.0602565000000003,0.0527975423385368,-0.167574952369072
3.648,0.0605720000000003,0.0531546464285699,-0.209311849408213
3.65,0.0608875000000003,0.053512261464508,-0.248777818276704
3.652,0.0611980000000004,0.0538702441566705,-0.286447128625278
3.654,0.0615085000000003,0.0542285229035463,-0.322669681955631
3.656,0.0618190000000003,0.0545873212893305,-0.356083883029074
3.658,0.0621295000000003,0.0549462893650247,-0.388530443595197
3.66,0.0624400000000003,0.055305725706202,-0.418131555514856
3.662,0.0627455000000003,0.0556653395756305,-0.446504611084035
3.664,0.0630510000000003,0.0560252205825918,-0.472986904709265
3.666,0.0633565000000003,0.056385356793613,-0.497366801493807
3.668,0.0636620000000004,0.0567456651388786,-0.519974435415969
3.67,0.0639675000000004,0.057106084186129,-0.541142507934998
3.672,0.0642680000000004,0.05746658487771,-0.560937023104956
3.674,0.0645685000000004,0.0578271329660002,-0.579164008954329
3.676,0.0648690000000004,0.0581876565908793,-0.596001249427256
3.678,0.0651695000000003,0.0585480828489547,-0.611651830034863
3.68,0.0654700000000004,0.0589084246166653,-0.626460420742832
3.682,0.0657655000000004,0.0592685969724214,-0.640481666697245
3.684,0.0660610000000004,0.0596285629327537,-0.653543686635163
3.686,0.0663565000000004,0.0599883580066743,-0.666164083203664
3.688,0.0666520000000004,0.0603478722370979,-0.678058693267469
3.69,0.0669475000000004,0.0607069717958509,-0.689279355687709
3.692,0.0672380000000004,0.0610658108187247,-0.700162297317014
3.694,0.0675285000000004,0.0614243401514082,-0.710668401209347
3.696,0.0678190000000004,0.061782357988875,-0.720663437746639
3.698,0.0681095000000004,0.0621400792210181,-0.730385956077586
3.7,0.0684000000000004,0.0624974682706779,-0.739808225265307
3.702,0.0686855000000004,0.0628542961126881,-0.748731128456575
3.704,0.0689710000000004,0.063210816184906,-0.757369876480447
3.706,0.0692565000000004,0.0635670089838115,-0.765705088366766
3.708,0.0695420000000005,0.063922494816238,-0.773330742120796
3.71,0.0698275000000004,0.0642779573044478,-0.780932966081083
3.712,0.0701080000000005,0.0646327389115852,-0.787810730020822
3.714,0.0703885000000004,0.0649873958788729,-0.794555876692037
3.716,0.0706690000000005,0.0653412960259458,-0.800482741536822
3.718,0.0709495000000004,0.0656950782263924,-0.80629139973122
3.72,0.0712300000000004,0.0660481898841699,-0.811429573571161
3.722,0.0715055000000004,0.0664010823581921,-0.816383024059638
3.724,0.0717810000000005,0.0667534543874262,-0.820897854881926
3.726,0.0720565000000005,0.0671052496113985,-0.825057896838754
3.728,0.0723320000000005,0.0674566577146042,-0.829042694068304
3.73,0.0726075000000005,0.0678075789100858,-0.832844033012527
3.732,0.0728780000000005,0.0681577894778316,-0.836548712187487
3.734,0.0731485000000005,0.0685075485921126,-0.840270722560719
3.736,0.0734190000000005,0.0688567914390295,-0.844037473811965
3.738,0.0736895000000005,0.0692050233502189,-0.848112532133747
3.74,0.0739600000000005,0.0695531629673319,-0.852219407832192
3.742,0.0742245000000005,0.0699000121543879,-0.856946550306905
3.744,0.0744890000000005,0.0702467401312448,-0.86174921713946
3.746,0.0747535000000005,0.0705923503683352,-0.8672483317851
3.748,0.0750180000000006,0.070937267798055,-0.873258701014479
3.75,0.0752825000000006,0.0712815986103994,-0.879713341791296
3.752,0.0755400000000006,0.0716248676089353,-0.887041298565917
3.754,0.0757975000000005,0.0719673626480724,-0.895063560661194
3.756,0.0760550000000006,0.0723092174259102,-0.903671205709284
3.758,0.0763125000000005,0.0726499358228958,-0.913373861554914
3.76,0.0765700000000006,0.0729897934466675,-0.923956282704661
3.762,0.0768195000000006,0.0733289550716101,-0.935259966381779
3.764,0.0770690000000006,0.0736669056036101,-0.94786138023847
3.766,0.0773185000000006,0.0740038049081676,-0.961633579742245
3.768,0.0775680000000006,0.0743401362569338,-0.976038329788266
3.77,0.0778175000000006,0.0746748975462039,-0.992237294655547
3.772,0.0780580000000006,0.0750092765828991,-1.00887518466129
3.774,0.0782985000000006,0.0753418640254965,-1.02759285041826
3.776,0.0785390000000006,0.0756739244067105,-1.04692548900294
3.778,0.0787795000000006,0.0760045352194523,-1.06794947749481
3.78,0.0790200000000006,0.0763341794177413,-1.0900990777922
3.782,0.0792505000000006,0.0766627442730659,-1.11350556099611
3.784,0.0794810000000006,0.0769898719992375,-1.13857592295021
3.786,0.0797115000000006,0.0773163179930672,-1.16443558067102
3.788,0.0799420000000007,0.0776408212312728,-1.19252762662698
3.79,0.0801725000000007,0.0779648646106915,-1.22114592107763
3.792,0.0803920000000007,0.0782868310044389,-1.25212889202329
3.794,0.0806115000000007,0.0786080966679417,-1.28389938630001
3.796,0.0808310000000007,0.0789276930769376,-1.31754589046796
3.798,0.0810505000000006,0.079246057498484,-1.3525491960258
3.8,0.0812700000000007,0.0795631971706756,-1.3889013315798
3.802,0.0814775000000007,0.0798785230411462,-1.42718690598793
3.804,0.0816850000000007,0.08019309822968,-1.46627267680503
3.806,0.0818925000000007,0.0805053454144042,-1.50771951539059
3.808,0.0821000000000007,0.0808171445675368,-1.5496126014637
3.81,0.0823075000000007,0.0811263427974481,-1.59395887690001
3.812,0.0825020000000008,0.08143496332294,-1.63879851603518
3.814,0.0826965000000007,0.0817414071873731,-1.68549703925558
3.816,0.0828910000000007,0.082046801416794,-1.73298398862156
3.818,0.0830855000000007,0.082350462796027,-1.78177255652965
3.82,0.0832800000000007,0.0826525940711831,-1.83154511575762
3.822,0.0834605000000007,0.0829534464627678,-1.88214010945398
3.824,0.0836410000000008,0.0832522728834018,-1.93383132402443
3.826,0.0838215000000008,0.0835502806300458,-1.98596551015704
3.828,0.0840020000000008,0.0838457377433756,-2.03926397002243
3.83,0.0841825000000008,0.0841406711407527,-2.09279000165572
3.832,0.0843480000000008,0.084432072620566,-2.14769626940378
3.834,0.0845135000000008,0.0847234741003793,-2.20260253715183
3.836,0.0846790000000008,0.0850135834019506,-2.25797970036876
3.838,0.0848445000000008,0.0853014143313898,-2.31418714773573
3.84,0.0850100000000008,0.0855869699289597,-2.37119693035273
3.842,0.0851605000000009,0.0858711991249022,-2.42867425984997
3.844,0.0853110000000008,0.0861535068933623,-2.48682875571405
3.846,0.0854615000000009,0.0864335037014073,-2.54578383083814
3.848,0.0856120000000008,0.0867120884127581,-2.60521139334846
3.85,0.0857625000000008,0.0869884924930421,-2.66534960685056
3.852,0.0858980000000008,0.0872626066220376,-2.72613808550616
3.854,0.0860335000000009,0.0875352528770173,-2.78729594799625
3.856,0.0861690000000009,0.0878055061168883,-2.8489713595872
3.858,0.0863045000000009,0.0880735745657668,-2.91091160099953
3.86,0.0864400000000009,0.0883401639150128,-2.97296329678328
3.862,0.0865605000000009,0.0886042246795993,-3.03501539079536
3.864,0.0866810000000009,0.0888662716777244,-3.09678106160127
3.866,0.0868015000000009,0.0891268650089586,-3.15827609363234
3.868,0.0869220000000009,0.0893848540558971,-3.2189958612513
3.87,0.0870425000000009,0.0896410171726673,-3.27888590743816
3.872,0.0871480000000009,0.0898957624452312,-3.33809308669336
3.874,0.0872535000000009,0.0901478298758493,-3.39569875492186
3.876,0.0873590000000009,0.0903982270446479,-3.45211172360641
3.878,0.087464500000001,0.0906472209642331,-3.50751219236463
3.88,0.087570000000001,0.0908933966506313,-3.56068329081214
3.882,0.087660500000001,0.0911380024282279,-3.6125610136854
3.884,0.087751000000001,0.0913811762962239,-3.66325907717668
3.886,0.087841500000001,0.091621282411106,-3.71145710817213
3.888,0.087932000000001,0.0918598748392757,-3.75848497867253
3.89,0.088022500000001,0.0920968165750871,-3.80423677601222
3.892,0.088098000000001,0.0923306292973893,-3.84776631168273
3.894,0.088173500000001,0.0925628283067263,-3.89025486809151
3.896,0.088249000000001,0.0927931055213617,-3.93151603855446
3.898,0.088324500000001,0.0930201887668215,-3.97095957698382
3.9,0.088400000000001,0.0932455555848318,-4.00950925646831
3.902,0.088461500000001,0.0934687102308027,-4.04693077637085
3.904,0.088523000000001,0.0936886559043073,-4.08285126925487
3.906,0.0885845000000011,0.0939068073451859,-4.11795964984813
3.908,0.0886460000000011,0.0941224766607944,-4.15195901479011
3.91,0.0887075000000011,0.0943350097956518,-4.18454876288856
3.912,0.0887560000000011,0.0945457124960589,-4.21628526052645
3.914,0.0888045000000011,0.0947537185353717,-4.24673773218534
3.916,0.0888530000000011,0.0949587525485763,-4.27562886252013
3.918,0.0889015000000011,0.0951620721864416,-4.30356887085399
3.92,0.0889500000000011,0.0953626434937242,-4.32988619289833
3.922,0.0889865000000011,0.0955605292602751,-4.35444133107037
3.924,0.0890230000000011,0.0957558143607126,-4.37710876628542
3.926,0.0890595000000011,0.0959487468401577,-4.39791822499619
3.928,0.0890960000000011,0.096139167598849,-4.41658345116247
3.93,0.0891325000000011,0.0963278367284531,-4.43368420579725
3.932,0.0891580000000012,0.0965134221818206,-4.44784598679643
3.934,0.0891835000000011,0.0966968075481881,-4.45975146442686
3.936,0.0892090000000011,0.0968783411151174,-4.46971991659847
3.938,0.0892345000000012,0.0970571808065273,-4.4767716437869
3.94,0.0892600000000011,0.0972335324339106,-4.48103450637456
3.942,0.0892755000000012,0.0974080573917549,-4.48323412211903
3.944,0.0892910000000012,0.0975802334625297,-4.48276310710573
3.946,0.0893065000000012,0.09774960110672,-4.47912445478246
3.948,0.0893220000000012,0.0979171319911064,-4.47346215776377
3.95,0.0893375000000012,0.0980826178938704,-4.46556823496518
3.952,0.0893440000000012,0.0982449143242976,-4.45439805672058
3.954,0.0893505000000012,0.0984053208374278,-4.44143462317016
3.956,0.0893570000000012,0.0985638314963175,-4.42670380365155
3.958,0.0893635000000012,0.0987189447364961,-4.40913992960312
3.96,0.0893700000000012,0.0988719556831412,-4.39006175670136
3.962,0.0893685000000012,0.0990229824499568,-4.36960867878404
3.964,0.0893670000000013,0.0991708183359225,-4.3472136191284
3.966,0.0893655000000013,0.0993158053635513,-4.32339722649989
3.968,0.0893640000000013,0.09945945505481,-4.29891361912994
3.97,0.0893625000000013,0.0995989310371418,-4.27270172439865
3.972,0.0893540000000013,0.0997374176784967,-4.24610905738225
3.974,0.0893455000000013,0.0998716781942205,-4.21802071458902
3.976,0.0893370000000013,0.100004647633855,-4.18950500827604
3.978,0.0893285000000013,0.100134780788676,-4.16005045360855
3.98,0.0893200000000013,0.100261565485104,-4.12946606313434
3.982,0.0893055000000013,0.100386139941302,-4.09807928630273
3.984,0.0892910000000013,0.100508524252,-4.06586015002483
3.986,0.0892765000000014,0.100628288035152,-4.03257273183496
3.988,0.0892620000000014,0.10074519929736,-3.99797600959679
3.99,0.0892475000000014,0.100860046323483,-3.9623464075151
3.992,0.0892280000000014,0.100972776907176,-3.92560785273146
3.994,0.0892085000000014,0.101082342948334,-3.88709139680059
3.996,0.0891890000000014,0.101190658984742,-3.84784359937188
3.998,0.0891695000000014,0.101296094926177,-3.80691074197026
4,0.0891500000000014,0.10140033887968,-3.76527772885111
4.002,0.0891265000000014,0.101500772189974,-3.72153045011046
4.004,0.0891030000000014,0.101600364472473,-3.67737269858233
4.006,0.0890795000000014,0.101697415502454,-3.63197466104845
4.008,0.0890560000000015,0.101791725108916,-3.58551595227924
4.01,0.0890325000000015,0.101883996908136,-3.53846321387532
4.012,0.0890060000000015,0.101974216568348,-3.49093418834611
4.014,0.0889795000000015,0.10206236959437,-3.44304739338441
4.016,0.0889530000000015,0.102147539963027,-3.3949383652545
4.018,0.0889265000000015,0.102230564689643,-3.3468546672841
4.02,0.0889000000000015,0.102311482154279,-3.29887764699569
4.022,0.0888705000000015,0.102390291705494,-3.25108092652693
4.024,0.0888410000000015,0.102466326693406,-3.2036374839403
4.026,0.0888115000000015,0.10254002131454,-3.1565593284977
4.028,0.0887820000000015,0.102611658714313,-3.10981949453623
4.03,0.0887525000000016,0.102681258410469,-3.06342295975479
4.032,0.0887200000000016,0.102748420108323,-3.01743712999799
4.034,0.0886875000000016,0.102813163066379,-2.97184060816797
4.036,0.0886550000000016,0.102875978024222,-2.92654036148594
4.038,0.0886225000000015,0.102936888614537,-2.88152565146297
4.04,0.0885900000000016,0.102995719081687,-2.83681579225969
4.042,0.0885545000000016,0.103052084356267,-2.79247960428259
4.044,0.0885190000000016,0.103106631470232,-2.74845122482917
4.046,0.0884835000000016,0.103159370506238,-2.70476288706491
4.048,0.0884480000000016,0.10321030709774,-2.66145117094047
4.05,0.0884125000000016,0.103258652760424,-2.61882309880856
4.052,0.0883740000000016,0.103305202217259,-2.57679316544982
4.054,0.0883355000000016,0.10334995014151,-2.53544130764761
4.056,0.0882970000000017,0.103392890852945,-2.49484831629906
4.058,0.0882585000000017,0.103433390243196,-2.45545711298504
4.06,0.0882200000000017,0.103471866836577,-2.41721804951351
4.062,0.0881785000000017,0.103508506102085,-2.38010879079206
4.064,0.0881370000000017,0.103543304323599,-2.34419702732677
4.066,0.0880955000000017,0.103575824328327,-2.30986962965181
4.068,0.0880540000000017,0.10360583284686,-2.27740719406203
4.07,0.0880125000000017,0.103634721547043,-2.24579499501136
4.072,0.0879680000000017,0.103660927244582,-2.21625464380279
4.074,0.0879235000000017,0.103685360118615,-2.18810957930742
4.076,0.0878790000000017,0.103708304794757,-2.16113578918809
4.078,0.0878345000000017,0.103728387208938,-2.13640521158245
4.08,0.0877900000000017,0.103747362819658,-2.11252751587177
4.082,0.0877425000000017,0.103764008239243,-2.09043248648203
4.084,0.0876950000000017,0.103778831884332,-2.06967460630223
4.086,0.0876475000000018,0.103792459456294,-2.04979462195538
4.088,0.0876000000000018,0.103803288244547,-2.03185641452023
4.09,0.0875525000000018,0.103813112178894,-2.01457509623738
4.092,0.0875020000000018,0.103820982556316,-1.99855965249732
4.094,0.0874515000000018,0.103827030212971,-1.98363858178804
4.096,0.0874010000000018,0.103832108796286,-1.9692972865827
4.098,0.0873505000000018,0.103834564052598,-1.95641205828359
4.1,0.0873000000000018,0.103836055406384,-1.94402377991037
4.102,0.0872465000000018,0.103835908174325,-1.93248029143324
4.104,0.0871930000000019,0.10383391640324,-1.92183079643086
4.106,0.0871395000000019,0.103831027249602,-1.91161218396927
4.108,0.0870860000000019,0.103825823872823,-1.90246667487803
4.11,0.0870325000000019,0.103819554064842,-1.89380369395521
4.112,0.0869760000000019,0.103811872940716,-1.88577929130487
4.114,0.0869195000000019,0.103802265559004,-1.87862069173651
4.116,0.086863000000002,0.103791791508915,-1.8718524787436
4.118,0.0868065000000019,0.103779207714717,-1.86603783820996
4.12,0.086750000000002,0.103765429376813,-1.86076787894923
4.122,0.086691000000002,0.103750409874745,-1.85606385869433
4.124,0.086632000000002,0.103733343723195,-1.85229327571532
4.126,0.086573000000002,0.10371542373689,-1.84890727350213
4.128,0.086514000000002,0.103695569431369,-1.84638377575776
4.13,0.086455000000002,0.103674404476737,-1.84440880007816
4.132,0.086394000000002,0.10365216914716,-1.842881788899
4.134,0.086333000000002,0.103627822278275,-1.84212994719035
4.136,0.086272000000002,0.103602666423495,-1.84162743099408
4.138,0.086211000000002,0.10357582277009,-1.84160683176027
4.14,0.086150000000002,0.103547643478419,-1.8418118749301
4.142,0.086087500000002,0.103518611983987,-1.84216088902706
4.144,0.086025000000002,0.103487569499346,-1.84253985844012
4.146,0.0859625000000021,0.103455825548019,-1.84281032066304
4.148,0.0859000000000021,0.103422733897023,-1.84284475520877
4.15,0.0858375000000021,0.103388396796043,-1.8423884977566
4.152,0.0857740000000021,0.103353406017844,-1.84166497142673
4.154,0.0857105000000021,0.10331671033747,-1.83987158814344
4.156,0.0856470000000021,0.103279322681676,-1.83747139357849
4.158,0.0855835000000021,0.103240792460731,-1.83406925385275
4.16,0.0855200000000021,0.103201609132804,-1.82995792514011
4.162,0.0854560000000022,0.103161152582669,-1.82446404319579
4.164,0.0853920000000022,0.103120204687467,-1.8183616740456
4.166,0.0853280000000022,0.103078115174369,-1.81084551256945
4.168,0.0852640000000022,0.103034998011468,-1.80197136797572
4.17,0.0852000000000022,0.102991270875855,-1.79228734544979
4.172,0.0851360000000022,0.102946440036486,-1.78112852316517
4.174,0.0850720000000022,0.102900747787432,-1.76883970523373
4.176,0.0850080000000022,0.102854452210336,-1.75576513055758
4.178,0.0849440000000022,0.102806907700328,-1.74111804221963
4.18,0.0848800000000022,0.102758650354774,-1.72562320416363
4.182,0.0848170000000022,0.102709745950891,-1.70935884287082
4.184,0.0847540000000022,0.102659521149911,-1.69162418190001
4.186,0.0846910000000023,0.102608600027977,-1.6731653795588
4.188,0.0846280000000023,0.10255675149325,-1.65374654230194
4.19,0.0845650000000023,0.102504270592219,-1.63370578323285
4.192,0.0845040000000023,0.102450637431075,-1.6125317953776
4.194,0.0844430000000023,0.102396548692686,-1.5909171880501
4.196,0.0843820000000023,0.102341372144286,-1.56825048631529
4.198,0.0843210000000023,0.102285264027512,-1.54464494110722
4.2,0.0842600000000023,0.102228614194892,-1.52047510149305
4.202,0.0842020000000024,0.102170916000484,-1.4951433618998
4.204,0.0841440000000024,0.102112554465883,-1.46896205272181
4.206,0.0840860000000023,0.102053700873913,-1.44215013448565
4.208,0.0840280000000024,0.101993788032017,-1.41370480307186
4.21,0.0839700000000024,0.101933466513,-1.38447695854987
4.212,0.0839160000000024,0.101872598928912,-1.35420353781937
4.214,0.0838620000000024,0.101810920963923,-1.32188456054847
4.216,0.0838080000000024,0.101749105148506,-1.28921762240669
4.218,0.0837540000000024,0.101686500726394,-1.2537675659731
4.22,0.0837000000000024,0.101623692232186,-1.21759730669289
4.222,0.0836510000000024,0.101560769548988,-1.18086857568985
4.224,0.0836020000000025,0.101497195928584,-1.14095626259452
4.226,0.0835530000000025,0.101433534055945,-1.1004309374417
4.228,0.0835040000000025,0.101369478107309,-1.05716830666023
4.23,0.0834550000000025,0.101305337710736,-1.01319542376348
4.232,0.0834120000000025,0.101240892063445,-0.966655219777571
4.234,0.0833690000000025,0.10117635724948,-0.919368637105416
4.236,0.0833260000000025,0.101111555547763,-0.869848043442487
4.238,0.0832830000000025,0.101046645660196,-0.819627364066971
4.24,0.0832400000000025,0.100981463235792,-0.767643060823997
4.242,0.0832040000000026,0.100916138978306,-0.715089653203362
4.244,0.0831680000000026,0.100850510381446,-0.661315085698535
4.246,0.0831320000000026,0.10078469916672,-0.607162345061631
4.248,0.0830960000000026,0.100718551205127,-0.552312254160446
4.25,0.0830600000000026,0.100652187191103,-0.497286009724165
4.252,0.0830320000000026,0.100585478559769,-0.441978789246188
4.254,0.0830040000000026,0.100518545075907,-0.386649901882961
4.256,0.0829760000000026,0.10045129990145,-0.331290979881647
4.258,0.0829480000000026,0.100383860264681,-0.275967872069909
4.26,0.0829200000000026,0.100316185629328,-0.220688044026909
4.262,0.0829010000000026,0.100248395928372,-0.165403502556144
4.264,0.0828820000000026,0.100180479521355,-0.110094483973351
4.266,0.0828630000000027,0.100112516331404,-0.0546123830739509
4.268,0.0828440000000027,0.100044615714447,0.00116589754238828
4.27,0.0828250000000027,0.0999768174406222,0.0572793057130566
4.272,0.0828160000000027,0.0999091760414434,0.113833141840426
4.274,0.0828070000000027,0.0998418938661612,0.171233004274095
4.276,0.0827980000000027,0.0997749796039078,0.229405399363883
4.278,0.0827890000000027,0.0997083379131388,0.288145977904615
4.28,0.0827800000000028,0.0996423271440576,0.348062540261571
4.282,0.0827820000000028,0.0995765566624772,0.408426977874399
4.284,0.0827840000000028,0.0995116758945823,0.470208210266272
4.286,0.0827860000000028,0.0994469557320766,0.532230944494107
4.288,0.0827880000000028,0.0993831184271472,0.595400668032371
4.29,0.0827900000000028,0.0993198199023211,0.65906705450469
4.292,0.0828040000000028,0.0992570132380983,0.723097146082056
4.294,0.0828180000000028,0.0991947758237726,0.787422215397934
4.296,0.0828320000000028,0.0991332255489107,0.851792206673707
4.298,0.0828460000000028,0.0990721373607705,0.916018226296657
4.3,0.0828600000000028,0.0990115088395394,0.980028086645655
4.302,0.0828850000000029,0.0989515333861924,1.04352489832599
4.304,0.0829100000000029,0.098892120285009,1.10642559450335
4.306,0.0829350000000029,0.098833188664671,1.16877798830756
4.308,0.0829600000000029,0.0987747751657642,1.23051146159808
4.31,0.0829850000000029,0.0987171894100621,1.29124088538166
4.312,0.083020000000003,0.098660169627995,1.35131062568078
4.314,0.0830550000000029,0.0986037545729954,1.41069348605096
4.316,0.0830900000000029,0.0985482341854461,1.46910359058905
4.318,0.083125000000003,0.0984933927979633,1.52680802659857
4.32,0.083160000000003,0.0984391813128153,1.58385782017798
4.322,0.083204000000003,0.098386139537385,1.63967794307658
4.324,0.083248000000003,0.0983335547429906,1.69499247730693
4.326,0.083292000000003,0.0982821674929663,1.74892130612132
4.328,0.083336000000003,0.0982314858759832,1.80188001541365
4.33,0.083380000000003,0.0981815410386342,1.8538257841765
4.332,0.083432000000003,0.0981327431756294,1.90380548218334
4.334,0.0834840000000031,0.0980843937748917,1.95293247095676
4.336,0.0835360000000031,0.0980372122673139,1.99952475296128
4.338,0.0835880000000031,0.0979906193001487,2.04452128680889
4.34,0.0836400000000031,0.0979447181988705,2.08764191937485
4.342,0.0836990000000031,0.097899768361382,2.12765531086617
4.344,0.0837580000000031,0.0978552067042759,2.16634252122324
4.346,0.0838170000000031,0.0978116904251556,2.20112726370552
4.348,0.0838760000000031,0.0977686711718486,2.23391602286112
4.35,0.0839350000000032,0.0977263104998811,2.26406001521031
4.352,0.0840000000000032,0.0976848334153005,2.29060294456811
4.354,0.0840650000000032,0.0976437389893613,2.31559874837163
4.356,0.0841300000000032,0.0976037670780383,2.33616825482756
4.358,0.0841950000000032,0.0975643074073784,2.35484768373516
4.36,0.0842600000000032,0.0975256143479838,2.37069845251337
4.362,0.0843300000000032,0.0974878999829016,2.38323588741881
4.364,0.0844000000000032,0.0974506264740046,2.39430162899681
4.366,0.0844700000000032,0.0974147125292352,2.4011817787338
4.368,0.0845400000000033,0.0973793551412516,2.40650623572284
4.37,0.0846100000000033,0.0973449413686495,2.40919309014685
4.372,0.0846840000000033,0.0973116155203491,2.40911147302568
4.374,0.0847580000000032,0.0972788019966386,2.40773443981486
4.376,0.0848320000000033,0.0972478318375283,2.40212095208259
4.378,0.0849060000000033,0.097216861678418,2.39650746435032
4.38,0.0849800000000033,0.0971875065042775,2.3874788572974
4.382,0.0850570000000033,0.0971587578620548,2.37722011247744
4.384,0.0851340000000033,0.0971314275272936,2.36421478421055
4.386,0.0852110000000034,0.0971049756604037,2.34961452578895
4.388,0.0852880000000034,0.0970793820517438,2.33345602946663
4.39,0.0853650000000034,0.097055255222059,2.31476508100485
4.392,0.0854440000000034,0.0970317107469274,2.29508556844743
4.394,0.0855230000000034,0.0970096058847779,2.27300095719624
4.396,0.0856020000000034,0.0969883747401463,2.2494768701075
4.398,0.0856810000000034,0.096967991772575,2.22455538585185
4.4,0.0857600000000034,0.0969490290327501,2.19728528015278
4.402,0.0858400000000034,0.0969306689494018,2.16900759307091
4.404,0.0859200000000034,0.0969138851835198,2.13807148673439
4.406,0.0860000000000034,0.0968971014176378,2.10713538039787
4.408,0.0860800000000035,0.0968823189355785,2.0727558805367
4.41,0.0861600000000035,0.0968676455733535,2.03818862992955
4.412,0.0862400000000035,0.0968544385710318,2.00109486030252
4.414,0.0863200000000035,0.0968417977540335,1.96302556073563
4.416,0.0864000000000035,0.0968300283355263,1.92351141341637
4.418,0.0864800000000035,0.0968191493925999,1.88252078701816
4.42,0.0865600000000035,0.0968095709659303,1.83962250921988
4.422,0.0866400000000035,0.0968003907450489,1.7961401265899
4.424,0.0867200000000036,0.0967926867745017,1.75102433378577
4.426,0.0868000000000036,0.0967857669130495,1.70504095657281
4.428,0.0868800000000036,0.0967788470515974,1.65905757935986
4.43,0.0869600000000036,0.0967735758012503,1.61184001783105
4.432,0.0870400000000037,0.0967688978607968,1.56422061529341
4.434,0.0871200000000037,0.0967658172353019,1.51614190960083
4.436,0.0872000000000037,0.0967633397583399,1.46809142132831
4.438,0.0872800000000037,0.0967620230477994,1.42009523781146
4.44,0.0873600000000037,0.096761859607766,1.37249421555077
4.442,0.0874400000000037,0.0967623748487013,1.32512573927344
4.444,0.0875200000000037,0.0967646171746611,1.27877783575237
4.446,0.0876000000000037,0.0967674577203608,1.23288036666155
4.448,0.0876800000000037,0.0967720159230462,1.18837446056316
4.45,0.0877600000000037,0.0967766786228699,1.14397037523504
4.452,0.0878400000000037,0.0967836364442647,1.10180262909903
4.454,0.0879200000000037,0.0967905942656594,1.05963488296301
4.456,0.0880000000000038,0.0967996207655924,1.01976258684251
4.458,0.0880800000000038,0.0968089230275298,0.980196282148793
4.46,0.0881600000000038,0.0968196637358114,0.942353827803377
4.462,0.0882400000000038,0.0968310930378299,0.905345962331792
4.464,0.0883200000000038,0.0968440413907112,0.870265942235858
4.466,0.0884000000000039,0.0968576881935385,0.836110884693868
4.468,0.0884800000000039,0.096872226497121,0.803136448354745
4.47,0.0885600000000039,0.0968879888052477,0.771853251111173
4.472,0.0886400000000039,0.0969043201668972,0.741374741959982
4.474,0.0887200000000039,0.0969220428639857,0.712917259113818
4.476,0.0888000000000039,0.0969400064440823,0.684828428090557
4.478,0.0888800000000039,0.096959498844783,0.659079332472004
4.48,0.088960000000004,0.096979189135074,0.633650878139019
4.482,0.0890400000000039,0.0970004044999706,0.61069350822095
4.484,0.0891200000000039,0.0970217618398228,0.587977481434982
4.486,0.089200000000004,0.0970444941378914,0.567598745202947
4.488,0.089280000000004,0.0970678632449251,0.548349042881957
4.49,0.089360000000004,0.0970919160424977,0.530311493412772
4.492,0.089440000000004,0.0971170992275462,0.514340404322203
4.494,0.089520000000004,0.0971427806205398,0.499294791269732
4.496,0.089600000000004,0.0971694052492925,0.486015448455344
4.498,0.089680000000004,0.0971968477721887,0.474294595650981
4.5,0.0897600000000041,0.097224734166689,0.463419536236976
4.502,0.0898400000000041,0.0972540889577219,0.45537351061807
4.504,0.0899200000000041,0.0972834437487548,0.447327484999161
4.506,0.0900000000000042,0.097314028275851,0.441653734180994
4.508,0.0900800000000042,0.0973450267735469,0.436778571003877
4.51,0.0901600000000042,0.0973768086289085,0.433397740484433
4.512,0.0902400000000042,0.0974093855339677,0.431533546336696
4.514,0.0903200000000042,0.097442330058245,0.43035033802228
4.516,0.0904000000000042,0.0974764108604732,0.431271995691435
4.518,0.0904800000000042,0.0975104916627013,0.432193653360591
4.52,0.0905600000000042,0.0975458422592379,0.435360418530571
4.522,0.0906400000000042,0.0975814191017426,0.438899411856658
4.524,0.0907200000000042,0.097617839273965,0.4438213530503
4.526,0.0908000000000042,0.0976546708305566,0.449352696789277
4.528,0.0908800000000043,0.097692079031831,0.455738250760345
4.53,0.0909600000000043,0.0977301423824595,0.462939885419916
4.532,0.0910400000000043,0.0977685933887862,0.470624399788054
4.534,0.0911200000000043,0.0978073488676424,0.478603539929174
4.536,0.0912000000000043,0.0978468758358228,0.487329219138475
4.538,0.0912800000000043,0.0978864028040031,0.496054898347771
4.54,0.0913600000000044,0.0979268628169826,0.505368219566261
4.542,0.0914400000000044,0.0979673670711896,0.514709404402706
4.544,0.0915200000000044,0.0980084445866845,0.524234902624465
4.546,0.0916000000000045,0.0980498638862998,0.533870290332165
4.548,0.0916800000000045,0.0980915182339163,0.543529331237423
4.55,0.0917600000000045,0.0981337256572681,0.553244028900291
4.552,0.0918400000000045,0.0981762605132667,0.562938743569011
4.554,0.0919200000000045,0.0982191507211882,0.572611771348924
4.556,0.0920000000000045,0.098262491616715,0.582207531698235
4.558,0.0920800000000045,0.0983060637833736,0.591763642130564
4.56,0.0921600000000045,0.0983502094039731,0.601158067119289
4.562,0.0922400000000045,0.0983944816313668,0.610513501237149
4.564,0.0923200000000045,0.0984395494579677,0.619507779358521
4.566,0.0924000000000045,0.0984846172845687,0.628502057479894
4.568,0.0924800000000046,0.0985300887342062,0.637219515403578
4.57,0.0925600000000046,0.0985760871354822,0.645575569632384
4.572,0.0926400000000046,0.0986220855367582,0.653931623861189
4.574,0.0927200000000046,0.0986687396120241,0.661644628069486
4.576,0.0928000000000047,0.0987155149118815,0.669238741674642
4.578,0.0928800000000047,0.0987628719671707,0.676060995911952
4.58,0.0929600000000047,0.0988102804313276,0.682813468041582
4.582,0.0930390000000047,0.0988582838465265,0.688590931946729
4.584,0.0931180000000048,0.0989063390550521,0.694266318060427
4.586,0.0931970000000048,0.0989549139530207,0.698917465068707
4.588,0.0932760000000048,0.0990035818595975,0.703348017703153
4.59,0.0933550000000048,0.0990526948404487,0.706722959650972
4.592,0.0934320000000048,0.0991019478728763,0.709669959652609
4.594,0.0935090000000048,0.0991516099164229,0.711367184259252
4.596,0.0935860000000048,0.0992012719599694,0.713064408865894
4.598,0.0936630000000048,0.0992513645798149,0.712926211194636
4.6,0.0937400000000048,0.0993015443783885,0.712416395809621
4.602,0.0938140000000049,0.0993518651696086,0.710990533869751
4.604,0.0938880000000049,0.0994023903949655,0.708236438214376
4.606,0.0939620000000049,0.0994530346054228,0.704053439215251
4.608,0.0940360000000049,0.0995037449912223,0.699075734261452
4.61,0.0941100000000049,0.0995545298334574,0.691886868583595
4.612,0.0941800000000049,0.0996053233446869,0.684075594301371
4.614,0.094250000000005,0.0996561027516226,0.673774274828563
4.616,0.094320000000005,0.0997068373030956,0.662298046605638
4.618,0.094390000000005,0.099757487037499,0.648600186698145
4.62,0.094460000000005,0.0998080929759883,0.63418602421643
4.622,0.094525000000005,0.0998585025793708,0.616560709605203
4.624,0.0945900000000051,0.0999089062821087,0.598860337149515
4.626,0.0946550000000051,0.0999590029111573,0.577253901759635
4.628,0.0947200000000051,0.100009099540206,0.555647466369764
4.63,0.0947850000000052,0.1000588951943,0.530722588958717
4.632,0.0948440000000052,0.100108639938991,0.505236402707215
4.634,0.0949030000000052,0.100158155853173,0.477455975376306
4.636,0.0949620000000052,0.10020756981924,0.448653422303874
4.638,0.0950210000000052,0.100256690976382,0.417180451529676
4.64,0.0950800000000052,0.100305725036475,0.384983107258138
4.642,0.0951320000000053,0.100354524521185,0.350855744069873
4.644,0.0951840000000053,0.10040311769216,0.315269218114554
4.646,0.0952360000000053,0.100451527785704,0.278387869143598
4.648,0.0952880000000053,0.100499797631942,0.240676077574282
4.65,0.0953400000000053,0.100547716546849,0.200886325752247
4.652,0.0953840000000053,0.10059561213379,0.160985206635215
4.654,0.0954280000000053,0.100642965215613,0.118494177624768
4.656,0.0954720000000053,0.100690318297436,0.0760031486143211
4.658,0.0955160000000053,0.100737149264492,0.0315099911054111
4.66,0.0955600000000053,0.100783847183026,-0.0134933612020154
4.662,0.0955950000000054,0.10083012855686,-0.0597818933009386
4.664,0.0956300000000054,0.100876072710109,-0.107110863750538
4.666,0.0956650000000054,0.100921752007714,-0.155097920751242
4.668,0.0957000000000055,0.100966837115944,-0.204561359483911
4.67,0.0957350000000055,0.10101186002795,-0.254149171684882
4.672,0.0957600000000055,0.101055973464591,-0.305555657061997
4.674,0.0957850000000055,0.101100086901232,-0.356962142439134
4.676,0.0958100000000056,0.101143303465165,-0.409812655394464
4.678,0.0958350000000056,0.101186322760951,-0.462980783819292
4.68,0.0958600000000056,0.101228635282878,-0.517068658212105
4.682,0.0958740000000056,0.101270426262172,-0.571835231639242
4.684,0.0958880000000056,0.101311762570902,-0.627082618405964
4.686,0.0959020000000056,0.101352180321035,-0.683301379311044
4.688,0.0959160000000056,0.10139248089541,-0.739623167686538
4.69,0.0959300000000056,0.101431548560349,-0.797028998894773
4.692,0.0959320000000057,0.101470208173708,-0.854730586119155
4.694,0.0959340000000057,0.101507976355404,-0.913078283517401
4.696,0.0959360000000057,0.101545061943807,-0.971842020224271
4.698,0.0959380000000057,0.101581468302974,-1.03100819272368
4.7,0.0959400000000057,0.101616771512722,-1.09072008658828
4.702,0.0959310000000058,0.101651288509211,-1.15073278367222
4.704,0.0959220000000058,0.101685117241801,-1.21098061454748
4.706,0.0959130000000058,0.101717866571511,-1.27150212565396
4.708,0.0959040000000058,0.101749673643032,-1.33211592041892
4.71,0.0958950000000059,0.101780758717679,-1.3927357915245
4.712,0.0958760000000059,0.101810844888507,-1.45326272340444
4.714,0.0958570000000059,0.101839871746733,-1.51344362560403
4.716,0.0958380000000059,0.101868183608657,-1.5732663979407
4.718,0.095819000000006,0.101895627900051,-1.63256157440622
4.72,0.095800000000006,0.101921949670134,-1.6908017055231
4.722,0.095772000000006,0.101947598291723,-1.74821138333584
4.724,0.095744000000006,0.101972535812998,-1.80468242685347
4.726,0.095716000000006,0.101996331502695,-1.85916716430544
4.728,0.095688000000006,0.10201950914247,-1.91232260506432
4.73,0.095660000000006,0.102042072386094,-1.96411482819254
4.732,0.0956240000000061,0.102063594012984,-2.01318446331942
4.734,0.0955880000000061,0.102084408694448,-2.06010508472718
4.736,0.0955520000000061,0.102104736177434,-2.10554469194005
4.738,0.0955160000000061,0.102124046539145,-2.1475642011991
4.74,0.0954800000000061,0.102143068268573,-2.18861317655615
4.742,0.0954370000000062,0.102160825080851,-2.22513512205001
4.744,0.0953940000000062,0.102178332908239,-2.26075295817221
4.746,0.0953510000000062,0.102194708210287,-2.29224545041359
4.748,0.0953080000000063,0.102210613979566,-2.32205390392572
4.75,0.0952650000000063,0.102225607421633,-2.34859018036476
4.752,0.0952160000000063,0.102239931776191,-2.37280284701688
4.754,0.0951670000000063,0.102253514434004,-2.39446127454437
4.756,0.0951180000000063,0.102266085460971,-2.41276150505171
4.758,0.0950690000000063,0.102277801673845,-2.42835527742072
4.76,0.0950200000000064,0.102288753186642,-2.44160413883713
4.762,0.0949660000000064,0.102298763571751,-2.45204104505286
4.764,0.0949120000000064,0.102307730624817,-2.45956526536419
4.766,0.0948580000000064,0.10231602273379,-2.46520523400755
4.768,0.0948040000000065,0.102323235587416,-2.46804384652487
4.77,0.0947500000000065,0.102329580995235,-2.46863088379751
4.772,0.0946920000000065,0.102334918957189,-2.46678470883035
4.774,0.0946340000000065,0.102339255929936,-2.46252091592761
4.776,0.0945760000000065,0.102342777705271,-2.45638762935112
4.778,0.0945180000000066,0.102345298335487,-2.44795841488799
4.78,0.0944600000000066,0.10234644955241,-2.4364904140832
4.782,0.0943990000000066,0.102346950672785,-2.42358735810487
4.784,0.0943380000000067,0.102346282343627,-2.40811016663958
4.786,0.0942770000000067,0.102344558827044,-2.39028777373515
4.788,0.0942160000000067,0.102342198206454,-2.37104295701077
4.79,0.0941550000000067,0.102338427511619,-2.34859105244157
4.792,0.0940920000000068,0.10233380605534,-2.32414140598618
4.794,0.0940290000000067,0.102328294985375,-2.29760278554218
4.796,0.0939660000000068,0.10232202175675,-2.26924614030372
4.798,0.0939030000000068,0.102314353409613,-2.23756163148089
4.8,0.0938400000000068,0.102306685062477,-2.20587712265806
4.802,0.0937760000000068,0.102297336198335,-2.17033723862172
4.804,0.0937120000000068,0.102287327801058,-2.13328427992138
4.806,0.0936480000000069,0.102277146380627,-2.09587918622362
4.808,0.0935840000000069,0.102265053667342,-2.0545842483605
4.81,0.0935200000000069,0.102252847255975,-2.0131063612795
4.812,0.093456000000007,0.102238876139669,-1.96878892420716
4.814,0.093392000000007,0.10222484088904,-1.92439204339318
4.816,0.093328000000007,0.102209184080483,-1.87798652471657
4.818,0.093264000000007,0.102192686752943,-1.8308360174777
4.82,0.093200000000007,0.102175401339283,-1.78302623033503
4.822,0.0931360000000071,0.102156764519373,-1.73435858093521
4.824,0.0930720000000071,0.102137157514924,-1.68527061869045
4.826,0.0930080000000071,0.102116738446752,-1.63587032247273
4.828,0.0929440000000072,0.10209505354657,-1.58611588029576
4.83,0.0928800000000072,0.102072200207493,-1.53617682260839
4.832,0.0928160000000072,0.10204884994528,-1.4861592501448
4.834,0.0927520000000072,0.102023881119897,-1.43603114424512
4.836,0.0926880000000072,0.101998551717371,-1.38589542941392
4.838,0.0926240000000072,0.101971700471505,-1.33578749848205
4.84,0.0925600000000072,0.101944317254331,-1.2857428177896
4.842,0.0924960000000073,0.101915807755488,-1.23583204955456
4.844,0.0924320000000073,0.101886446058032,-1.18614401754768
4.846,0.0923680000000073,0.101856320093912,-1.13665573929751
4.848,0.0923040000000074,0.101825018240237,-1.08770910304673
4.85,0.0922400000000074,0.1017932893632,-1.03895916365933
4.852,0.0921760000000074,0.101760037642186,-0.9912908040762
4.854,0.0921120000000075,0.101726445433434,-0.943931013752236
4.856,0.0920480000000075,0.101691434677947,-0.897967911129936
4.858,0.0919840000000075,0.101655818986478,-0.852762251583541
4.86,0.0919200000000075,0.101619093487539,-0.808946186978754
4.862,0.0918560000000076,0.101581382848248,-0.766596728548442
4.864,0.0917920000000076,0.101542895595738,-0.725403436077858
4.866,0.0917280000000076,0.101503040168989,-0.686512850387542
4.868,0.0916640000000077,0.101462765804314,-0.648327358517519
4.87,0.0916000000000077,0.101420760662542,-0.613316056157389
4.872,0.0915360000000077,0.101378395287316,-0.57900018860846
4.874,0.0914720000000077,0.101334600447282,-0.547466111863444
4.876,0.0914080000000077,0.101290163638379,-0.51723258820438
4.878,0.0913440000000077,0.101244700341275,-0.489078608373776
4.88,0.0912800000000077,0.101198305983223,-0.462861502638208
4.882,0.0912160000000078,0.10115126772542,-0.437983893259796
4.884,0.0911520000000078,0.101103057638889,-0.415585282073716
4.886,0.0910880000000078,0.10105454472976,-0.393827407428257
4.888,0.0910240000000078,0.10100467625731,-0.374966603819963
4.89,0.0909600000000079,0.100954543160652,-0.356674879455029
4.892,0.0908960000000079,0.100903416695202,-0.340519413016986
4.894,0.0908320000000079,0.100851804209831,-0.32541385078308
4.896,0.090768000000008,0.100799511532189,-0.311777645449776
4.898,0.090704000000008,0.100746540189032,-0.299614118146127
4.9,0.090640000000008,0.100693158418356,-0.288341202749138
4.902,0.0905760000000081,0.100638923988045,-0.278928677368948
4.904,0.0905120000000081,0.100584479066018,-0.269975909315954
4.906,0.0904480000000082,0.100529087645916,-0.263101481626358
4.908,0.0903840000000082,0.100473466343995,-0.256734984782666
4.91,0.0903200000000082,0.100417126320552,-0.25195652492198
4.912,0.0902560000000082,0.100360371141227,-0.248099363461862
4.914,0.0901920000000083,0.100303105945744,-0.245374010774509
4.916,0.0901280000000083,0.100245245909008,-0.243969341176973
4.918,0.0900640000000083,0.100187072739542,-0.243259897574785
4.92,0.0900000000000083,0.100128129927173,-0.244249832310406
4.922,0.0899360000000084,0.100068994651905,-0.245661998246052
4.924,0.0898720000000083,0.100008915844182,-0.249120049310014
4.926,0.0898080000000084,0.0999488370364587,-0.252578100373975
4.928,0.0897440000000084,0.099887970368561,-0.257685927615503
4.93,0.0896800000000084,0.099826776913558,-0.263478045799942
4.932,0.0896160000000084,0.0997652606774535,-0.269909130020854
4.934,0.0895520000000085,0.0997031335894025,-0.277549435120999
4.936,0.0894880000000085,0.0996405821362137,-0.285954471020486
4.938,0.0894240000000086,0.0995777060333369,-0.294944544646533
4.94,0.0893600000000086,0.0995142884300066,-0.304786564805343
4.942,0.0892960000000086,0.0994507195583268,-0.314864929463343
4.944,0.0892320000000086,0.099386541246858,-0.325703924755779
4.946,0.0891680000000087,0.0993222407044386,-0.336639301547572
4.948,0.0891040000000087,0.099257528819741,-0.347899029784969
4.95,0.0890400000000087,0.0991925924734747,-0.359171402584833
4.952,0.0889760000000087,0.0991273816949587,-0.370459234938618
4.954,0.0889120000000088,0.0990620752964428,-0.381657947860933
4.956,0.0888480000000088,0.0989964107849338,-0.392522893513266
4.958,0.0887840000000088,0.0989307462734249,-0.403387839165594
4.96,0.0887200000000088,0.0988647241816543,-0.413445780932884
4.962,0.0886560000000089,0.0987986916236882,-0.423480102100009
4.964,0.0885920000000089,0.0987324226226624,-0.432712568600709
4.966,0.0885280000000089,0.0986660672248524,-0.441652035743846
4.968,0.0884640000000089,0.0985995717392695,-0.450055876602875
4.97,0.0884000000000089,0.0985329323071151,-0.457909337043279
4.972,0.0883360000000089,0.0984661010839585,-0.465074863219719
4.974,0.088272000000009,0.0983991918298581,-0.471960500562032
4.976,0.088208000000009,0.0983320042669334,-0.477993724661383
4.978,0.0881440000000091,0.0982647464771337,-0.483837465886603
4.98,0.0880800000000091,0.0981972034548698,-0.488957386755344
4.982,0.0880170000000091,0.0981295282380652,-0.493791429533169
4.984,0.0879540000000092,0.0980616216461387,-0.498125110664543
4.986,0.0878910000000092,0.0979934949303472,-0.502013017849811
4.988,0.0878280000000092,0.0979252095983192,-0.505579710497149
4.99,0.0877650000000093,0.0978566282378704,-0.508491718835857
4.992,0.0877040000000093,0.0977879668536825,-0.511223017617768
4.994,0.0876430000000093,0.0977189779380128,-0.513006078212556
4.996,0.0875820000000093,0.0976499314569191,-0.514542331020001
4.998,0.0875210000000094,0.0975806965311709,-0.515270640359478
5,0.0874600000000094,0.0975113551475622,-0.515290640190051
5.002,0.0874020000000094,0.0974419129476795,-0.514045017634126
5.004,0.0873440000000094,0.0973724559695678,-0.511975285787115
5.006,0.0872860000000094,0.0973029841240543,-0.509076471899899
5.008,0.0872280000000095,0.0972335761036906,-0.504234012465076
5.01,0.0871700000000095,0.0971642467665316,-0.498276639691088
5.012,0.0871160000000095,0.0970949973494981,-0.491190019458421
5.014,0.0870620000000096,0.0970260796502697,-0.480942086479943
5.016,0.0870080000000096,0.0969571639587133,-0.470675020131567
5.018,0.0869540000000097,0.0968886563256828,-0.457260639586108
5.02,0.0869000000000097,0.0968202818439614,-0.442819276441427
5.022,0.0868510000000097,0.0967522164015206,-0.426319642388826
5.024,0.0868020000000098,0.09668444320407,-0.407873591167539
5.026,0.0867530000000098,0.0966171120073244,-0.386773068536424
5.028,0.0867040000000098,0.0965499478765245,-0.364669217694565
5.03,0.0866550000000098,0.0964833938888874,-0.339157126236941
5.032,0.0866120000000099,0.096416980508312,-0.312893876869262
5.034,0.0865690000000099,0.0963511368443309,-0.283643662321887
5.036,0.0865260000000099,0.0962855332492885,-0.253208463502014
5.038,0.0864830000000099,0.096220354760654,-0.220674932386413
5.04,0.08644000000001,0.0961555425778815,-0.1864450468855
5.042,0.08640400000001,0.0960910037604429,-0.150949212539394
5.044,0.08636800000001,0.0960269800512062,-0.113265172429263
5.046,0.08633200000001,0.0959630979383343,-0.0749796237810687
5.048,0.0862960000000101,0.0958995998045363,-0.0352312350254141
5.05,0.0862600000000101,0.0958363340163017,0.0054023176155769
5.052,0.0862320000000101,0.0957734861086137,0.047376129521044
5.054,0.0862040000000102,0.0957107528428664,0.0897176300504478
5.056,0.0861760000000102,0.0956485259571011,0.133376067431443
5.058,0.0861480000000103,0.0955863907163006,0.177240242636376
5.06,0.0861200000000103,0.0955247749442079,0.222186483021575
5.062,0.0861010000000103,0.0954633424602929,0.267453744118595
5.064,0.0860820000000103,0.0954024059527077,0.313589684671206
5.066,0.0860630000000104,0.0953418238570211,0.360289671779067
5.068,0.0860440000000104,0.0952817086255929,0.407732673378838
5.07,0.0860250000000104,0.095222184635381,0.456080447336199
5.072,0.0860160000000105,0.0951630660300198,0.505048578936066
5.074,0.0860070000000105,0.0951048442749321,0.55536404374391
5.076,0.0859980000000105,0.0950469136333018,0.606116846689422
5.078,0.0859890000000105,0.0949902431854681,0.658717265509691
5.08,0.0859800000000105,0.0949338037746282,0.711648821901796
5.082,0.0859820000000106,0.094878734087689,0.766499257048225
5.084,0.0859840000000106,0.0948242079877666,0.822050724724479
5.086,0.0859860000000106,0.0947706879973243,0.878899713224588
5.088,0.0859880000000107,0.094718170570012,0.936876441912814
5.09,0.0859900000000107,0.0946662593577136,0.995535075823247
5.092,0.0860040000000107,0.0946158006456312,1.05549720458454
5.094,0.0860180000000108,0.0945657501208205,1.11576549193022
5.096,0.0860320000000108,0.0945168824567486,1.17679740615041
5.098,0.0860460000000109,0.0944690248977037,1.23818552505084
5.1,0.0860600000000109,0.094422038216635,1.29967658927195
5.102,0.0860850000000109,0.094375725467149,1.36119943002315
5.104,0.086110000000011,0.0943306104151176,1.42243263840416
5.106,0.086135000000011,0.0942859571924477,1.48350430822884
5.108,0.086160000000011,0.0942425973926388,1.54390903622453
5.11,0.0861850000000111,0.0941998916349207,1.60384566566167
5.112,0.0862200000000111,0.0941580314104893,1.66317714610578
5.114,0.0862550000000111,0.0941176069373394,1.72126572629448
5.116,0.0862900000000111,0.094077663859551,1.77893757245306
5.118,0.0863250000000111,0.0940383980894705,1.83595187140312
5.12,0.0863600000000112,0.0940008308007523,1.89131724230253
5.122,0.0864040000000112,0.0939632635120341,1.94668261320194
5.124,0.0864480000000112,0.0939274868715946,2.00009902935717
5.126,0.0864920000000113,0.0938920999104998,2.0530913156503
5.128,0.0865360000000113,0.0938585064149784,2.10381104981988
5.13,0.0865800000000114,0.0938251215151393,2.15424863256333
5.132,0.0866320000000114,0.0937935805930335,2.20189834258171
5.134,0.0866840000000114,0.093762313286339,2.24904367322919
5.136,0.0867360000000115,0.0937326415492599,2.29324774996602
5.138,0.0867880000000115,0.0937034283704569,2.33642335901633
5.14,0.0868400000000115,0.0936755566566265,2.37659029185478
5.142,0.0868990000000116,0.0936483130363427,2.41508685629831
5.144,0.0869580000000116,0.0936221710339693,2.45065374927674
5.146,0.0870170000000116,0.0935968203766832,2.48383374150375
5.148,0.0870760000000116,0.0935723567680825,2.51433816625968
5.15,0.0871350000000117,0.0935488554412214,2.5417255812335
5.152,0.0872000000000117,0.0935260513435372,2.56685454104247
5.154,0.0872650000000117,0.0935044010825946,2.58818145406662
5.156,0.0873300000000117,0.0934832735182162,2.60778601182153
5.158,0.0873950000000118,0.0934635191786649,2.62298836432364
5.16,0.0874600000000118,0.0934441154785133,2.63706665718343
5.162,0.0875300000000118,0.0934261504570468,2.6467573873747
5.164,0.0876000000000118,0.0934089486390379,2.6542377898901
5.166,0.0876700000000119,0.093392583638942,2.65932639270155
5.168,0.0877400000000119,0.0933776233117674,2.66064288197621
5.17,0.0878100000000119,0.0933635392877588,2.65974793937912
5.172,0.087884000000012,0.0933503881525684,2.65651598522834
5.174,0.087958000000012,0.0933384656637903,2.65040690482539
5.176,0.0880320000000121,0.0933272623546858,2.64261371848395
5.178,0.0881060000000121,0.0933176619310504,2.63132596727301
5.18,0.0881800000000122,0.0933084520065948,2.61918686096443
5.182,0.0882570000000122,0.0933012245319028,2.60300742528147
5.184,0.0883340000000122,0.0932943521901025,2.58614263379709
5.186,0.0884110000000122,0.0932892225540332,2.56594257407191
5.188,0.0884880000000123,0.0932847620187619,2.54453394523691
5.19,0.0885650000000123,0.0932816970313137,2.52060459606341
5.192,0.0886440000000124,0.0932796595089072,2.49491333599973
5.194,0.0887230000000123,0.0932786601969653,2.46744173865002
5.196,0.0888020000000124,0.0932790391381577,2.43771084425366
5.198,0.0888810000000124,0.0932800947023889,2.40687079770276
5.2,0.0889600000000125,0.0932828659480116,2.37332330123269
5.202,0.0890400000000125,0.0932859928973585,2.33921668162888
5.204,0.0891200000000125,0.0932913090066824,2.30177982422408
5.206,0.0892000000000125,0.0932966251160062,2.26434296681927
5.208,0.0892800000000126,0.093303787720818,2.22420319875886
5.21,0.0893600000000126,0.0933115105178785,2.18324341808103
5.212,0.0894400000000126,0.0933204479424415,2.14060548786871
5.214,0.0895200000000127,0.0933305196666449,2.09640039043073
5.216,0.0896000000000127,0.093341205965118,2.05142252079871
5.218,0.0896800000000128,0.0933535797888894,2.00432273898853
5.22,0.0897600000000128,0.093365996920958,1.9571780806637
5.222,0.0898400000000129,0.0933809446099604,1.90741123253123
5.224,0.0899200000000129,0.0933958922989627,1.85764438439877
5.226,0.0900000000000129,0.0934113026259494,1.80751770012191
5.228,0.0900800000000129,0.0934287795035443,1.7557836692197
5.23,0.0901600000000129,0.0934463343227248,1.70401425846825
5.232,0.090240000000013,0.0934658241426585,1.65136649716294
5.234,0.090320000000013,0.0934858420067634,1.59864152846003
5.236,0.090400000000013,0.0935071867069014,1.5457225578862
5.238,0.0904800000000131,0.0935295404096008,1.49293763140985
5.24,0.0905600000000131,0.0935527866049184,1.44027127090363
5.242,0.0906400000000131,0.0935775451711708,1.38820498082157
5.244,0.0907200000000131,0.0936027835813694,1.33633975357304
5.246,0.0908000000000132,0.0936299625853883,1.28570707826376
5.248,0.0908800000000132,0.093657680882798,1.23552855453768
5.25,0.0909600000000132,0.093686868348534,1.18658725183601
5.252,0.0910400000000133,0.0937170906910866,1.13869730295884
5.254,0.0911200000000133,0.0937482897013767,1.09179957203892
5.256,0.0912000000000134,0.0937810036752542,1.04665628822813
5.258,0.0912800000000134,0.0938142074015815,1.00208160570186
5.26,0.0913600000000135,0.0938493504202477,0.959975216241338
5.262,0.0914400000000135,0.09388497150552,0.918521891628311
5.264,0.0915200000000135,0.0939220090351446,0.879003506630803
5.266,0.0916000000000135,0.0939599569855825,0.840800463522034
5.268,0.0916800000000135,0.093998821564776,0.803921731304533
5.27,0.0917600000000136,0.0940389931739644,0.76902367336006
5.272,0.0918400000000136,0.0940796139021095,0.734806210632596
5.274,0.0919200000000136,0.0941219053468866,0.703233366520379
5.276,0.0920000000000137,0.0941645967200763,0.67231929989784
5.278,0.0920800000000137,0.0942085281369492,0.643451314178693
5.28,0.0921600000000137,0.0942532145311289,0.615879636799857
5.282,0.0922400000000138,0.0942987118574083,0.589700343052262
5.284,0.0923200000000138,0.0943453115488533,0.56548615278737
5.286,0.0924000000000138,0.0943923229226208,0.542005837640147
5.288,0.0924800000000139,0.0944407628498812,0.521160682808119
5.29,0.0925600000000139,0.0944895537203037,0.500980412423672
5.292,0.0926400000000139,0.0945394538569193,0.482908455339361
5.294,0.092720000000014,0.0945899967186131,0.466088765889879
5.296,0.092800000000014,0.0946412761948211,0.450704275636024
5.298,0.0928800000000141,0.0946935076129957,0.437210220810688
5.3,0.0929600000000141,0.0947461242292854,0.424481120351659
5.302,0.0930400000000142,0.0947999811493518,0.414246877215067
5.304,0.0931200000000142,0.0948541734132762,0.404690524995404
5.306,0.0932000000000142,0.0949094624581059,0.397353421669593
5.308,0.0932800000000142,0.0949648729589084,0.390261328574053
5.31,0.0933600000000143,0.0950216111724649,0.385847598675529
5.312,0.0934400000000143,0.0950783493860213,0.381433868777006
5.314,0.0935200000000143,0.0951365604757919,0.379939125679431
5.316,0.0936000000000143,0.0951948269156064,0.378554076828991
5.318,0.0936800000000144,0.0952536162103111,0.378174785480584
5.32,0.0937600000000144,0.0953132901638368,0.379497213409557
5.322,0.0938400000000144,0.0953734160954406,0.381642391783599
5.324,0.0939200000000144,0.0954342295769084,0.385039139612445
5.326,0.0940000000000145,0.095495491998927,0.389192990885821
5.328,0.0940800000000145,0.0955573698290825,0.394384680285885
5.33,0.0941600000000145,0.0956196871589638,0.40023786559647
5.332,0.0942400000000146,0.0956825482968355,0.406909542343243
5.334,0.0943200000000147,0.0957458345031256,0.414121940902887
5.336,0.0944000000000147,0.0958095959757143,0.421938917086967
5.338,0.0944800000000147,0.0958738236593741,0.430196977104761
5.34,0.0945600000000148,0.0959385226451852,0.438900937644148
5.342,0.0946400000000148,0.0960032216309963,0.447604898183539
5.344,0.0947200000000148,0.0960687161595751,0.456805421669022
5.346,0.0948000000000148,0.096134292503568,0.4660570128088
5.348,0.0948800000000149,0.0962004693220429,0.475458173284908
5.35,0.0949600000000149,0.0962667625274809,0.484888324036759
5.352,0.0950400000000149,0.0963335792856362,0.494294332827996
5.354,0.095120000000015,0.0964005537218525,0.503693070799294
5.356,0.095200000000015,0.0964679888431628,0.512953745690702
5.358,0.095280000000015,0.0965356219324212,0.52215509141135
5.36,0.0953600000000151,0.0966036599677187,0.531142131963516
5.362,0.0954400000000151,0.0966719354910575,0.540003489314014
5.364,0.0955200000000151,0.0967405624047635,0.548595809479058
5.366,0.0956000000000152,0.0968094640394907,0.556977793285335
5.368,0.0956800000000152,0.0968786637674275,0.565050974465833
5.37,0.0957600000000152,0.0969481711320607,0.572805466670474
5.372,0.0958400000000153,0.0970179243158519,0.580228443381393
5.374,0.0959200000000154,0.097088012788453,0.587199244450716
5.376,0.0960000000000154,0.09715829766278,0.593838198678343
5.378,0.0960800000000154,0.0972289410776938,0.599871350890633
5.38,0.0961600000000155,0.0972997352849487,0.605596742593362
5.382,0.0962390000000155,0.0973709081497062,0.610549311054228
5.384,0.0963180000000156,0.0974421772692153,0.61527395394852
5.386,0.0963970000000156,0.097513796366817,0.619169869389328
5.388,0.0964760000000156,0.0975856492682901,0.622420039532353
5.39,0.0965550000000156,0.0976576579933384,0.625225805055092
5.392,0.0966320000000157,0.0977300195949046,0.626854481437579
5.394,0.0967090000000157,0.0978024199965911,0.628316841669453
5.396,0.0967860000000157,0.097875149223,0.628369699518722
5.398,0.0968630000000157,0.0979479211666257,0.628155226923214
5.4,0.0969400000000158,0.0980209424433406,0.626380392237428
5.402,0.0970140000000158,0.0980940001192523,0.62420615115633
5.404,0.0970880000000158,0.0981672160538911,0.620295345722628
5.406,0.0971620000000158,0.0982404498670791,0.615818053879964
5.408,0.0972360000000159,0.0983137443147179,0.609419543932979
5.41,0.0973100000000159,0.098387025507243,0.602254235392739
5.412,0.097380000000016,0.0984602705762846,0.592999209862104
5.414,0.097450000000016,0.0985334604541829,0.582753531112667
5.416,0.0975200000000161,0.0986065270049197,0.570294191945211
5.418,0.0975900000000161,0.0986794897376976,0.556614582198802
5.42,0.0976600000000161,0.0987522595693126,0.540667622791365
5.422,0.0977250000000162,0.0988248758588958,0.523287985916038
5.424,0.0977900000000162,0.0988972526080619,0.503673233648012
5.426,0.0978550000000162,0.0989694304835867,0.482453257437893
5.428,0.0979200000000163,0.0990413461664826,0.45911697319029
5.43,0.0979850000000163,0.0991130256840561,0.434059028672879
5.432,0.0980440000000164,0.0991844410782891,0.407075608150477
5.434,0.0981030000000164,0.0992555916782561,0.378315879823329
5.436,0.0981620000000164,0.0993264906849378,0.347868399253999
5.438,0.0982210000000164,0.0993971023295223,0.315646060112084
5.44,0.0982800000000165,0.0994674821691011,0.28199200431164
5.442,0.0983320000000165,0.0995375530791674,0.246606088223843
5.444,0.0983840000000165,0.0996074130366198,0.210037570799204
5.446,0.0984360000000165,0.0996769373512098,0.17180299462071
5.448,0.0984880000000166,0.0997462686988081,0.132610571927969
5.45,0.0985400000000166,0.0998152267930624,0.0918228466073336
5.452,0.0985840000000167,0.099884005727436,0.0502693833959562
5.454,0.0986280000000167,0.0999523586024705,0.00718309421291264
5.456,0.0986720000000167,0.100020542815576,-0.036509986939692
5.458,0.0987160000000168,0.100088230411738,-0.0816891726031351
5.46,0.0987600000000168,0.100155758700769,-0.127345077897101
5.462,0.0987950000000168,0.100222700867135,-0.174458985716319
5.464,0.0988300000000169,0.100289494528144,-0.221942306286913
5.466,0.0988650000000169,0.100355593242169,-0.270874097931593
5.468,0.0989000000000169,0.10042155817801,-0.320084722114663
5.47,0.098935000000017,0.100486700353389,-0.370750306406703
5.472,0.098960000000017,0.100551729587148,-0.42161561535929
5.474,0.098985000000017,0.100615790687924,-0.473952091274924
5.476,0.0990100000000171,0.10067976762769,-0.526416457573281
5.478,0.0990350000000171,0.100742616547154,-0.580366264392002
5.48,0.0990600000000171,0.100805417473437,-0.634378936633914
5.482,0.0990740000000171,0.100866924486587,-0.689868042416225
5.484,0.0990880000000172,0.100928371916029,-0.745415362382023
5.486,0.0991020000000172,0.100988466765198,-0.802284173718735
5.488,0.0991160000000173,0.101048452433728,-0.859244364045783
5.49,0.0991300000000173,0.101107230538789,-0.917215227427794
5.492,0.0991320000000173,0.101165271465287,-0.97569891664966
5.494,0.0991340000000174,0.101222666060622,-1.03460877554606
5.496,0.0991360000000174,0.101279009140176,-1.09412153873421
5.498,0.0991380000000175,0.101334389644356,-1.15405943329554
5.5,0.0991400000000175,0.101389337586348,-1.21418837342234
5.502,0.0991310000000175,0.101442735984396,-1.27479383774502
5.504,0.0991220000000176,0.101495695167823,-1.3354755438268
5.506,0.0991130000000176,0.101547676972296,-1.39632690976771
5.508,0.0991040000000176,0.101598396881232,-1.4572090861069
5.51,0.0990950000000177,0.101648237930192,-1.5179800543034
5.512,0.0990760000000177,0.10169719871733,-1.57855552859586
5.514,0.0990570000000177,0.101745278453462,-1.63884928247842
5.516,0.0990380000000178,0.101792158261152,-1.69853759812843
5.518,0.0990190000000178,0.101838096179419,-1.75753265800729
5.52,0.0990000000000178,0.101883177453271,-1.81575665721972
5.522,0.0989720000000178,0.101927394839526,-1.87306556504398
5.524,0.0989440000000179,0.101970431150177,-1.92881129558248
5.526,0.0989160000000179,0.102012742096778,-1.98333926276863
5.528,0.0988880000000179,0.102054338751953,-2.03666805565955
5.53,0.098860000000018,0.102094705191298,-2.08742395245899
5.532,0.098824000000018,0.102134553343142,-2.13694904354327
5.534,0.0987880000000181,0.102173417914692,-2.18401550867865
5.536,0.0987520000000181,0.102211431554956,-2.2286441589975
5.538,0.0987160000000181,0.102248945480139,-2.27182970342681
5.54,0.0986800000000182,0.102285207257009,-2.31107739686294
5.542,0.0986370000000182,0.102320932598212,-2.34855014259993
5.544,0.0985940000000182,0.102355897635956,-2.38350721132907
5.546,0.0985510000000183,0.102389812265102,-2.41494564103731
5.548,0.0985080000000183,0.102423215468978,-2.44468620355081
5.55,0.0984650000000183,0.102455499836146,-2.4707497290211
5.552,0.0984160000000183,0.102486993726735,-2.49432130031797
5.554,0.0983670000000184,0.102517865472707,-2.51593157900779
5.556,0.0983180000000184,0.102547352227478,-2.53341083911536
5.558,0.0982690000000185,0.102576257940051,-2.54924515375998
5.56,0.0982200000000185,0.102604128457588,-2.56217607461825
5.562,0.0981660000000185,0.102630879945815,-2.57215706356868
5.564,0.0981120000000186,0.102657021241788,-2.58055084155714
5.566,0.0980580000000186,0.102681669979533,-2.58523278799903
5.568,0.0980040000000186,0.102705531888048,-2.58805653858819
5.57,0.0979500000000187,0.102728504439459,-2.58877996089835
5.572,0.0978920000000187,0.102750023891884,-2.58621767553726
5.574,0.0978340000000188,0.102770886717437,-2.58220172544794
5.576,0.0977760000000188,0.102790425606962,-2.5752942443046
5.578,0.0977180000000188,0.102808896168069,-2.56611147370684
5.58,0.0976600000000189,0.1028266988339,-2.55550624251268
5.582,0.0975990000000189,0.102842772060194,-2.54127104437095
5.584,0.0975380000000189,0.102858187934895,-2.52566151593354
5.586,0.0974770000000189,0.102872535581635,-2.50781869800542
5.588,0.097416000000019,0.102885590851547,-2.48726055227198
5.59,0.097355000000019,0.102897976381714,-2.4652892258992
5.592,0.097292000000019,0.102908780098528,-2.43995834497581
5.594,0.0972290000000191,0.102919244377171,-2.41390135749127
5.596,0.0971660000000191,0.102928063534761,-2.38432522192315
5.598,0.0971030000000191,0.102936496108522,-2.35392974114176
5.6,0.0970400000000192,0.102943371598162,-2.32023409794766
5.602,0.0969760000000192,0.102949811323035,-2.28565532198403
5.604,0.0969120000000192,0.102954765013661,-2.2480649084616
5.606,0.0968480000000193,0.102959227695659,-2.2095729136896
5.608,0.0967840000000193,0.102962252857877,-2.16844137083638
5.61,0.0967200000000193,0.10296472255528,-2.1264475922489
5.612,0.0966560000000194,0.10296578117197,-2.08226342431286
5.614,0.0965920000000194,0.102966210264536,-2.03731675151406
5.616,0.0965280000000195,0.102965240196903,-1.9906753597762
5.618,0.0964640000000195,0.10296356038531,-1.94342065861632
5.62,0.0964000000000196,0.10296049151371,-1.89496563221593
5.622,0.0963360000000196,0.102956633071057,-1.84607398812679
5.624,0.0962720000000196,0.102951407021162,-1.79642608339241
5.626,0.0962080000000196,0.102945418714454,-1.7465325590743
5.628,0.0961440000000196,0.1029382573871,-1.69626105605138
5.63,0.0960800000000196,0.102929618821104,-1.64578407095027
5.632,0.0960160000000197,0.102920172881589,-1.59526803520597
5.634,0.0959520000000197,0.102909659557537,-1.5447338720288
5.636,0.0958880000000198,0.102897531389974,-1.49435470275826
5.638,0.0958240000000198,0.102885101923238,-1.44400445241104
5.64,0.0957600000000198,0.102870977967858,-1.39398801433471
5.642,0.0956960000000199,0.102856408135546,-1.34405941348985
5.644,0.0956320000000199,0.102840303980374,-1.29462712613636
5.646,0.09556800000002,0.102823662436241,-1.24536867011832
5.648,0.09550400000002,0.102805625616245,-1.19678576158941
5.65,0.09544000000002,0.102786960557048,-1.14850702618214
5.652,0.0953760000000201,0.102767166027016,-1.10097631571892
5.654,0.0953120000000201,0.102746621079106,-1.05396585764039
5.656,0.0952480000000202,0.102724647385844,-1.00820158707454
5.658,0.0951840000000202,0.102701884890212,-0.963279705794086
5.66,0.0951200000000202,0.102678350781798,-0.919181856446371
5.662,0.0950560000000203,0.102653326657182,-0.876961176236489
5.664,0.0949920000000203,0.102627531251623,-0.83584348989772
5.666,0.0949280000000203,0.102600599830089,-0.79637813452183
5.668,0.0948640000000204,0.102572817133231,-0.758290512557582
5.67,0.0948000000000204,0.102543862628521,-0.7220993849252
5.672,0.0947360000000205,0.102513965416228,-0.687570472648436
5.674,0.0946720000000205,0.102483000880511,-0.654923502790671
5.676,0.0946080000000205,0.102451021830549,-0.624172723778172
5.678,0.0945440000000205,0.102418095826548,-0.595191861344185
5.68,0.0944800000000205,0.102384214918827,-0.568059633231824
5.682,0.0944160000000206,0.102349554576541,-0.542438290584194
5.684,0.0943520000000206,0.102313525229451,-0.519525800348841
5.686,0.0942880000000207,0.102276826068009,-0.497951780215506
5.688,0.0942240000000207,0.102239454353921,-0.477721702036226
5.69,0.0941600000000207,0.10220085935428,-0.459944471648244
5.692,0.0940960000000208,0.102161630328543,-0.443435672050014
5.694,0.0940320000000208,0.102121626355999,-0.428476970730966
5.696,0.0939680000000209,0.102081017951386,-0.414719083618905
5.698,0.0939040000000209,0.102039568530957,-0.402632027350406
5.7,0.0938400000000209,0.101997578025431,-0.391608499480034
5.702,0.093776000000021,0.101954788645432,-0.382155197247384
5.704,0.093712000000021,0.101911510971531,-0.373650405800776
5.706,0.093648000000021,0.101867467792804,-0.366632607289906
5.708,0.0935840000000211,0.101822978992106,-0.360470865305929
5.71,0.0935200000000211,0.101777747792696,-0.355735299097289
5.712,0.0934560000000211,0.101732104998974,-0.351782499310059
5.714,0.0933920000000212,0.101685732829557,-0.349216819764966
5.716,0.0933280000000212,0.101638976566814,-0.347374040341521
5.718,0.0932640000000212,0.101591495535722,-0.346895343786097
5.72,0.0932000000000212,0.101543653806106,-0.347086207369138
5.722,0.0931360000000212,0.101495086431196,-0.348624077195949
5.724,0.0930720000000213,0.10144618006525,-0.350777721911374
5.726,0.0930080000000214,0.101396545588044,-0.354253975729639
5.728,0.0929440000000214,0.101346545006037,-0.358366222494971
5.73,0.0928800000000214,0.101295703532543,-0.363939256048131
5.732,0.0928160000000215,0.101244862059049,-0.369512289601289
5.734,0.0927520000000215,0.10119329017171,-0.376280268623022
5.736,0.0926880000000216,0.101141304337317,-0.38372545846421
5.738,0.0926240000000216,0.101088665400669,-0.392124570571408
5.74,0.0925600000000216,0.101035774248896,-0.400892068521138
5.742,0.0924960000000217,0.100982204318145,-0.410500315002464
5.744,0.0924320000000217,0.100928469482272,-0.420312816099186
5.746,0.0923680000000217,0.100874053143277,-0.430757007902267
5.748,0.0923040000000218,0.100819550569071,-0.44128113181428
5.75,0.0922400000000218,0.10076438591179,-0.452135166203362
5.752,0.0921760000000219,0.100709169313838,-0.462996806763737
5.754,0.0921120000000218,0.100653390928969,-0.473817881542897
5.756,0.0920480000000219,0.10059752519858,-0.48455299847771
5.758,0.0919840000000219,0.1005411096287,-0.494747011336464
5.76,0.0919200000000219,0.100484694058819,-0.504941024195219
5.762,0.0918560000000219,0.100428211686317,-0.515013403227227
5.764,0.091792000000022,0.100371212814435,-0.524145343190215
5.766,0.0917280000000221,0.100314213942554,-0.533277283153202
5.768,0.0916640000000221,0.100256803033801,-0.541277893995306
5.77,0.0916000000000221,0.100199372661017,-0.549225062471785
5.772,0.0915360000000222,0.100141603347632,-0.556149047692175
5.774,0.0914720000000222,0.100083746773633,-0.562809613309166
5.776,0.0914080000000223,0.100025604254865,-0.568657380059305
5.778,0.0913440000000223,0.0999672978182757,-0.574039209907702
5.78,0.0912800000000223,0.0999087874817685,-0.578912176269378
5.782,0.0912170000000224,0.0998500526788213,-0.583224952237078
5.784,0.0911540000000224,0.0997909872978986,-0.586827559817857
5.786,0.0910910000000224,0.0997317790119496,-0.590135745489127
5.788,0.0910280000000224,0.0996722260866327,-0.592762967761138
5.79,0.0909650000000225,0.0996124635879581,-0.594972918701831
5.792,0.0909040000000225,0.0995525011884268,-0.596782302699021
5.794,0.0908430000000225,0.0994921842884663,-0.597791094563683
5.796,0.0907820000000225,0.0994316937547699,-0.598300443801337
5.798,0.0907210000000226,0.0993710398862795,-0.598329579645302
5.8,0.0906600000000226,0.099310120504705,-0.597266313216114
5.802,0.0906020000000226,0.0992490935069362,-0.595478067919932
5.804,0.0905440000000227,0.0991879680848315,-0.59299701754764
5.806,0.0904860000000227,0.0991267303461371,-0.588940764809003
5.808,0.0904280000000228,0.0990654806416018,-0.583850497258706
5.81,0.0903700000000228,0.099004223576954,-0.577782200042718
5.812,0.0903160000000229,0.098943038170396,-0.56958539034699
5.814,0.0902620000000229,0.0988819773872292,-0.559700887240546
5.816,0.0902080000000229,0.0988210220460417,-0.54838845208813
5.818,0.090154000000023,0.0987602154442869,-0.535622306153417
5.82,0.090100000000023,0.0986996755421536,-0.52024956082141
5.822,0.090051000000023,0.0986392315922096,-0.504119882337377
5.824,0.0900020000000231,0.0985792419626564,-0.484406229702438
5.826,0.0899530000000231,0.0985192523331031,-0.46469257706749
5.828,0.0899040000000231,0.0984598111151935,-0.44114178521797
5.83,0.0898550000000232,0.0984005605709991,-0.416366570030586
5.832,0.0898120000000232,0.0983416351038396,-0.389509032675711
5.834,0.0897690000000232,0.0982830950197251,-0.360331646022217
5.836,0.0897260000000232,0.0982247499215054,-0.329999804456332
5.838,0.0896830000000232,0.0981668704356284,-0.297023359642793
5.84,0.0896400000000233,0.0981092360661808,-0.262735425473395
5.842,0.0896040000000233,0.0980518658789845,-0.22703399074202
5.844,0.0895680000000234,0.0979949621271874,-0.189023791133855
5.846,0.0895320000000234,0.0979381381657771,-0.150618644566702
5.848,0.0894960000000235,0.0978817667417346,-0.110179974747133
5.85,0.0894600000000235,0.0978254987771618,-0.0692763991487274
5.852,0.0894320000000236,0.0977696957989608,-0.0265722384757
5.854,0.0894040000000236,0.0977139416230374,0.0163191976934571
5.856,0.0893760000000236,0.0976586944672194,0.0608239014197309
5.858,0.0893480000000237,0.0976035017885881,0.105465667361278
5.86,0.0893200000000237,0.097548797758197,0.151336850867953
5.862,0.0893010000000237,0.0974942151423858,0.197451685014818
5.864,0.0892820000000238,0.0974401313211213,0.244567483054851
5.866,0.0892630000000238,0.0973862634562582,0.29205000778801
5.868,0.0892440000000238,0.097332921180538,0.340425062527291
5.87,0.0892250000000238,0.0972799270668558,0.389336816689646
5.872,0.0892160000000239,0.0972274851662865,0.439099819485501
5.874,0.0892070000000239,0.0971755656826243,0.489627500638236
5.876,0.0891980000000239,0.0971242073056369,0.54097649159971
5.878,0.089189000000024,0.097073584419723,0.593361278253012
5.88,0.089180000000024,0.0970234993841743,0.646503522217839
5.882,0.089182000000024,0.0969743659360811,0.70092291853356
5.884,0.0891840000000241,0.0969256947065448,0.755962671405015
5.886,0.0891860000000241,0.0968783215741247,0.812615240559095
5.888,0.0891880000000241,0.0968312284113722,0.869606964437992
5.89,0.0891900000000242,0.0967856863686288,0.92830193625725
5.892,0.0892040000000242,0.0967404656032647,0.987295425243575
5.894,0.0892180000000243,0.0966963871285659,1.04735028174333
5.896,0.0892320000000243,0.0966533718044148,1.10816541469591
5.898,0.0892460000000243,0.0966112766135493,1.16943864606211
5.9,0.0892600000000244,0.0965700702233609,1.23109486829574
5.902,0.0892850000000244,0.0965294474836022,1.29284549583418
5.904,0.0893100000000244,0.0964899124829349,1.35477206488711
5.906,0.0893350000000245,0.0964514365724297,1.41650319098126
5.908,0.0893600000000245,0.0964135189274603,1.47807604334722
5.91,0.0893850000000245,0.0963768269323605,1.53906375135069
5.912,0.0894200000000246,0.0963410235892924,1.59935211519646
5.914,0.0894550000000246,0.096306022705719,1.65900896598711
5.916,0.0894900000000246,0.0962715838563053,1.71807866574934
5.918,0.0895250000000247,0.0962385707446727,1.77565891262003
5.92,0.0895600000000247,0.0962056521360413,1.83311291242244
5.922,0.0896040000000247,0.0961750011504836,1.88753758234943
5.924,0.0896480000000248,0.0961443501649258,1.94196225227645
5.926,0.0896920000000248,0.0961138313914796,1.99618030668526
5.928,0.0897360000000249,0.096085499033166,2.04698152363283
5.93,0.0897800000000249,0.0960571666748525,2.0977827405804
5.932,0.0898320000000249,0.096030713494055,2.14508732340314
5.934,0.089884000000025,0.0960042922647206,2.19233245331359
5.936,0.089936000000025,0.0959795910759341,2.23586115541595
5.938,0.089988000000025,0.0959550609548818,2.27902023781095
5.94,0.0900400000000251,0.0959320820168194,2.31831253987904
5.942,0.0900990000000251,0.095909407820339,2.35684518382713
5.944,0.0901580000000251,0.0958881218078964,2.39147708831723
5.946,0.0902170000000252,0.0958672692310631,2.42489105675686
5.948,0.0902760000000252,0.0958476592254149,2.4545184819642
5.95,0.0903350000000252,0.0958286118718144,2.48243131220186
5.952,0.0904000000000253,0.0958106815703134,2.50682036579316
5.954,0.0904650000000253,0.0957934518040241,2.52899955860928
5.956,0.0905300000000253,0.0957772278129216,2.54803628908182
5.958,0.0905950000000253,0.0957618577030322,2.56440513751347
5.96,0.0906600000000254,0.0957473860338979,2.57808501150065
5.962,0.0907300000000254,0.0957339393726478,2.58869710390076
5.964,0.0908000000000255,0.095721277943619,2.5971002113847
5.966,0.0908700000000255,0.0957098275074734,2.60209660052456
5.968,0.0909400000000256,0.0956990372216991,2.60535729728344
5.97,0.0910100000000256,0.0956896522197676,2.60492316849211
5.972,0.0910840000000257,0.0956808471429496,2.60306937695476
5.974,0.0911580000000257,0.0956738207313145,2.59686139443962
5.976,0.0912320000000257,0.0956667943196794,2.59065341192448
5.978,0.0913060000000257,0.0956616758428866,2.58006901916129
5.98,0.0913800000000258,0.0956572932069344,2.56779675880189
5.982,0.0914570000000258,0.0956533783292228,2.55451248937696
5.984,0.0915340000000258,0.0956513645321176,2.53711517470527
5.986,0.0916110000000259,0.0956498829135295,2.51862777646121
5.988,0.0916880000000259,0.09564994113562,2.49698625798473
5.99,0.091765000000026,0.0956506548388311,2.47406289649554
5.992,0.091844000000026,0.0956527859383903,2.44836770901818
5.994,0.091923000000026,0.0956556931741874,2.42122518311811
5.996,0.092002000000026,0.0956598906893498,2.3916765449786
5.998,0.092081000000026,0.0956648660763917,2.36073958013259
6,0.0921600000000261,0.09567085191433,2.32799918723917
6.002,0.0922400000000261,0.0956794767349681,2.29093780261292
6.004,0.0923200000000262,0.0956881015556061,2.25387641798666
6.006,0.0924000000000262,0.0956967263762441,2.21681503336041
6.008,0.0924800000000263,0.0957065274126515,2.17795352975211
6.01,0.0925600000000263,0.0957181167190547,2.13635519940822
6.012,0.0926400000000264,0.0957303452731821,2.09390459283628
6.014,0.0927200000000264,0.0957440925139228,2.04942919923861
6.016,0.0928000000000264,0.0957582591791743,2.0044682947952
6.018,0.0928800000000264,0.095774149690038,1.95751192818946
6.02,0.0929600000000265,0.0957902432837935,1.91036124495162
6.022,0.0930400000000265,0.095808268001728,1.86136279628504
6.024,0.0931200000000265,0.0958262927196626,1.81236434761846
6.026,0.0932000000000266,0.0958464396897966,1.76181944020391
6.028,0.0932800000000266,0.0958665981425338,1.71126616555933
6.03,0.0933600000000266,0.0958886739559897,1.65980529977075
6.032,0.0934400000000267,0.0959109769133318,1.60823691442277
6.034,0.0935200000000267,0.0959349988520484,1.55632804085517
6.036,0.0936000000000267,0.0959594680191505,1.50433058226912
6.038,0.0936800000000267,0.0959854583959116,1.45246152146027
6.04,0.0937600000000268,0.0960121226524674,1.40064933950911
6.042,0.0938400000000268,0.0960401055460421,1.34931345499104
6.044,0.0939200000000269,0.0960689954698363,1.29830519373778
6.046,0.0940000000000269,0.0960989933872868,1.24798673799921
6.048,0.094080000000027,0.0961301356484616,1.19838071829962
6.05,0.094160000000027,0.0961621661329912,1.14953998577066
6.052,0.0942400000000271,0.0961955777841556,1.10188925697261
6.054,0.0943200000000271,0.0962296498553968,1.05494726307096
6.056,0.0944000000000271,0.0962653321195761,1.00973326013314
6.058,0.0944800000000271,0.096301442660308,0.965056441609736
6.06,0.0945600000000272,0.0963393752474273,0.922665003679363
6.062,0.0946400000000272,0.0963775058762177,0.880551864184484
6.064,0.0947200000000272,0.096417644312842,0.841260200470873
6.066,0.0948000000000273,0.0964577827494664,0.801968536757262
6.068,0.0948800000000273,0.0965000376257085,0.765914519627984
6.07,0.0949600000000273,0.0965423155168385,0.729895709774615
6.072,0.0950400000000274,0.0965864221494273,0.696864683217203
6.074,0.0951200000000274,0.0966307578002891,0.664207824898369
6.076,0.0952000000000274,0.0966764928337173,0.633951591291225
6.078,0.0952800000000275,0.0967227817232177,0.604658464928186
6.08,0.0953600000000275,0.0967704013648975,0.577745356966193
6.082,0.0954400000000275,0.0968186710914549,0.552032661317169
6.084,0.0955200000000276,0.0968677434482298,0.527802060128558
6.086,0.0956000000000276,0.0969179029529031,0.505636098619254
6.088,0.0956800000000277,0.0969685356018443,0.48437697467492
6.09,0.0957600000000277,0.0970205179037855,0.465750195018327
6.092,0.0958400000000278,0.0970725200020567,0.447162867278668
6.094,0.0959200000000278,0.0971261141873567,0.431748394570786
6.096,0.0960000000000278,0.0971797083726567,0.416333921862903
6.098,0.0960800000000278,0.0972347144893405,0.403785038145356
6.1,0.0961600000000279,0.0972898471661912,0.391493014941765
6.102,0.0962400000000279,0.0973461895124361,0.381684112206642
6.104,0.0963200000000279,0.0974027916729392,0.372408537094462
6.106,0.0964000000000279,0.0974604171329304,0.365241430714971
6.108,0.096480000000028,0.0975184236716383,0.358859522186514
6.11,0.096560000000028,0.0975772811232486,0.354222054495551
6.112,0.0966400000000281,0.0976366295725434,0.350591172096284
6.114,0.0967200000000281,0.097696668760451,0.348354275474287
6.116,0.0968000000000281,0.0977572973948359,0.347306946064017
6.118,0.0968800000000282,0.0978184675601299,0.347321022872251
6.12,0.0969600000000282,0.0978803130699811,0.348658782042104
6.122,0.0970400000000282,0.0979426023378585,0.350820311427971
6.124,0.0971200000000283,0.0980057140147269,0.354508519752402
6.126,0.0972000000000283,0.0980688256915953,0.358196728076832
6.128,0.0972800000000284,0.0981329690623833,0.363642862899382
6.13,0.0973600000000284,0.0981973718556125,0.369531033460261
6.132,0.0974400000000285,0.098262035064008,0.375810500564002
6.134,0.0975200000000285,0.0983274893221856,0.383278589088291
6.136,0.0976000000000285,0.0983931799272845,0.391038933283763
6.138,0.0976800000000285,0.0984594670895594,0.399536952490812
6.14,0.0977600000000286,0.0985259985944191,0.408267238737479
6.142,0.0978400000000286,0.0985930496709509,0.417491419137801
6.144,0.0979200000000286,0.0986603788625879,0.426878157415293
6.146,0.0980000000000286,0.0987282112719369,0.436559025718236
6.148,0.0980800000000287,0.0987960436812859,0.446239894021179
6.15,0.0981600000000287,0.0988645995875231,0.456064515929082
6.152,0.0982400000000288,0.0989332305914605,0.465904059207501
6.154,0.0983200000000288,0.0990022002915625,0.475670179628715
6.156,0.0984000000000288,0.0990715740897576,0.485348699304246
6.158,0.0984800000000289,0.0991409521144,0.495024728773978
6.16,0.0985600000000289,0.0992110316359831,0.504287439060555
6.162,0.0986400000000289,0.0992811111575662,0.513550149347133
6.164,0.098720000000029,0.0993515214851939,0.52251858941753
6.166,0.098800000000029,0.0994221959796582,0.531252038521583
6.168,0.0988800000000291,0.0994932286027216,0.539558610072808
6.17,0.0989600000000291,0.0995643945398946,0.547706275574644
6.172,0.0990400000000291,0.0996359890189405,0.555222931397683
6.174,0.0991200000000292,0.0997076643353713,0.562610326238959
6.176,0.0992000000000292,0.0997797638605473,0.569245403355963
6.178,0.0992800000000293,0.099851990926635,0.575607416062227
6.18,0.0993600000000293,0.09992460699851,0.581136569455435
6.182,0.0994390000000294,0.0999972230703849,0.586665722848644
6.184,0.0995180000000294,0.100070211613021,0.591275799860984
6.186,0.0995970000000294,0.100143316440084,0.595598943556702
6.188,0.0996760000000294,0.100216801531901,0.59880665539341
6.19,0.0997550000000295,0.100290369094404,0.601725798124387
6.192,0.0998320000000295,0.100364209017589,0.603688506305475
6.194,0.0999090000000295,0.100438192766058,0.605008569646974
6.196,0.0999860000000295,0.100512344178027,0.60557947346148
6.198,0.10006300000003,0.100586672671712,0.605049241161818
6.2,0.10014000000003,0.10066107889466,0.604035669863412
6.202,0.10021400000003,0.100735654617875,0.601335072789273
6.204,0.10028800000003,0.100810259068501,0.598167692795072
6.206,0.10036200000003,0.100884944632946,0.593253206109019
6.208,0.10043600000003,0.100959630536421,0.587404529426852
6.21,0.10051000000003,0.101034316960024,0.580122654488576
6.212,0.10058000000003,0.101108927715976,0.570992410213334
6.214,0.10065000000003,0.101183493616305,0.560766456553406
6.216,0.10072000000003,0.101257927931705,0.54874777095717
6.218,0.10079000000003,0.101332233956563,0.534981236654451
6.22,0.10086000000003,0.101406391912561,0.519746812726719
6.222,0.10092500000003,0.101480313193817,0.502166099402788
6.224,0.10099000000003,0.101554123474566,0.483661514038085
6.226,0.10105500000003,0.101627623282522,0.462572822192888
6.228,0.10112000000003,0.101700859980107,0.43954915426598
6.23,0.10118500000003,0.101773940513982,0.41537702138396
6.232,0.10124400000003,0.101846575802861,0.38819577982144
6.234,0.10130300000003,0.101919041217661,0.359947609656875
6.236,0.10136200000003,0.101991205915358,0.329813941053614
6.238,0.10142100000003,0.102063027785109,0.297683109920194
6.24,0.10148000000003,0.10213466802247,0.264519953981765
6.242,0.10153200000003,0.102205782617294,0.2285749478347
6.244,0.10158400000003,0.102276897212117,0.192629941687635
6.246,0.10163600000003,0.102347458813421,0.154072909758518
6.248,0.101688000000031,0.102417898094165,0.114938105320338
6.25,0.101740000000031,0.102487951785866,0.0742515506786731
6.252,0.101784000000031,0.102557694428976,0.0323132236548251
6.254,0.101828000000031,0.102627224091449,-0.0103327600887336
6.256,0.101872000000031,0.102696227556439,-0.0547271055140352
6.258,0.101916000000031,0.102765215080647,-0.0991653947555014
6.26,0.101960000000031,0.102833518258491,-0.1454902157098
6.262,0.101995000000031,0.102901617299187,-0.192278856782572
6.264,0.102030000000031,0.102969256324136,-0.240112699873718
6.266,0.102065000000031,0.10303646262171,-0.288782832435742
6.268,0.102100000000031,0.103103370646478,-0.338029407395489
6.27,0.102135000000031,0.103169568600047,-0.388457303945809
6.272,0.102160000000031,0.103235521456255,-0.439262801874406
6.274,0.102185000000031,0.103300719064359,-0.491167813993324
6.276,0.102210000000031,0.103365425851574,-0.543702194964828
6.278,0.102235000000031,0.103429522398102,-0.597019074176258
6.28,0.102260000000031,0.10349306339908,-0.650970794192766
6.282,0.102274000000031,0.103555832273852,-0.705804849102282
6.284,0.102288000000031,0.103618025702705,-0.76121838832978
6.286,0.102302000000031,0.103679323229702,-0.817534116725956
6.288,0.102316000000031,0.10374012578181,-0.87429076913025
6.29,0.102330000000031,0.103800062614952,-0.931818604646913
6.292,0.102332000000031,0.103858896147536,-0.990189796550757
6.294,0.102334000000031,0.103917041650221,-1.04901854270267
6.296,0.102336000000031,0.103974491533301,-1.108294726758
6.298,0.102338000000031,0.104030457971493,-1.16831547260028
6.3,0.102340000000032,0.104086210689967,-1.22841499884983
6.302,0.102331000000032,0.104140634905516,-1.28900423191137
6.304,0.102322000000032,0.104194099748316,-1.34979056628959
6.306,0.102313000000032,0.104246790532174,-1.41067950877765
6.308,0.102304000000032,0.104298439676914,-1.4716176657126
6.31,0.102295000000032,0.104348942413454,-1.53240582045389
6.312,0.102276000000032,0.104398658174758,-1.59298476517454
6.314,0.102257000000032,0.104447487906794,-1.65326807088041
6.316,0.102238000000032,0.104495016589134,-1.7128172309781
6.318,0.102219000000032,0.104541773811896,-1.77175654508949
6.32,0.102200000000032,0.104587762226182,-1.83004478528229
6.322,0.102172000000032,0.104632460885864,-1.88690105526928
6.324,0.102144000000032,0.10467636151752,-1.94262297912878
6.326,0.102116000000032,0.10471953083751,-1.99723624095082
6.328,0.102088000000032,0.104761623929049,-2.04996392440756
6.33,0.102060000000032,0.104802599064157,-2.10026070928964
6.332,0.102024000000032,0.104843141519576,-2.14961666999153
6.334,0.101988000000032,0.104882665737516,-2.19634468258267
6.336,0.101952000000032,0.104921404511281,-2.2410455585015
6.338,0.101916000000032,0.104959511030315,-2.28387096155794
6.34,0.101880000000032,0.104996700537192,-2.32397620875052
6.342,0.101837000000032,0.105032870439521,-2.36077260209111
6.344,0.101794000000032,0.105068560096104,-2.39599165152753
6.346,0.101751000000032,0.105103087346138,-2.4273129640175
6.348,0.101708000000032,0.105136941409658,-2.45638756461713
6.35,0.101665000000032,0.105170099695304,-2.48314005627412
6.352,0.101616000000032,0.105202047741279,-2.50599719421165
6.354,0.101567000000032,0.105233469891686,-2.52722020920861
6.356,0.101518000000033,0.105263727986702,-2.5449113663836
6.358,0.101469000000033,0.105293094478461,-2.56008513326968
6.36,0.101420000000033,0.105321803032159,-2.57340125004988
6.362,0.101366000000033,0.105348997636203,-2.58275276694507
6.364,0.101312000000033,0.105375590719694,-2.59061788435783
6.366,0.101258000000033,0.105401007206035,-2.59561121115362
6.368,0.101204000000033,0.105425288413259,-2.5979929754651
6.37,0.101150000000033,0.10544894673494,-2.59894544828823
6.372,0.101092000000033,0.105470885834165,-2.59611596550637
6.374,0.101034000000033,0.105492148929274,-2.59184309992675
6.376,0.100976000000033,0.105512315974708,-2.5852299834356
6.378,0.100918000000033,0.10553116433685,-2.57584671932353
6.38,0.100860000000033,0.10554937224416,-2.56511993376472
6.382,0.100799000000033,0.105565996855563,-2.55108331689581
6.384,0.100738000000033,0.105581808201734,-2.53534077703535
6.386,0.100677000000033,0.105596684344564,-2.51763653413111
6.388,0.100616000000033,0.105609963746999,-2.496554117598
6.39,0.100555000000033,0.105622907600672,-2.47476179105779
6.392,0.100492000000033,0.105634205934047,-2.4494648540326
6.394,0.100429000000033,0.105645045429875,-2.42319068999638
6.396,0.100366000000033,0.105654364750759,-2.39368962058484
6.398,0.100303000000033,0.105663143188882,-2.36304040865564
6.4,0.100240000000033,0.105670515682609,-2.32948504112165
6.402,0.100176000000033,0.105677265874175,-2.29464334468537
6.404,0.100112000000033,0.105682840747912,-2.2574988746314
6.406,0.100048000000033,0.105687754648627,-2.21906374775056
6.408,0.0999840000000335,0.105691079176904,-2.17779541281493
6.41,0.0999200000000336,0.105693779621022,-2.13554912914924
6.412,0.0998560000000336,0.105695469869932,-2.09171985526256
6.414,0.0997920000000336,0.105695913167145,-2.0462512429364
6.416,0.0997280000000336,0.105695741320134,-2.00002644749364
6.418,0.0996640000000337,0.105694060659719,-1.95222252930833
6.42,0.0996000000000337,0.105691412101784,-1.90369622309361
6.422,0.0995360000000337,0.105687721214751,-1.854391977016
6.424,0.0994720000000338,0.105683305516777,-1.80471802115113
6.426,0.0994080000000338,0.105677597877515,-1.75438507504269
6.428,0.0993440000000338,0.105670529819617,-1.7036859015609
6.43,0.0992800000000339,0.105662727160434,-1.65284997910828
6.432,0.0992160000000339,0.105653527448411,-1.60188063873313
6.434,0.099152000000034,0.105643246624659,-1.55096816034588
6.436,0.099088000000034,0.10563223496907,-1.50010340163355
6.438,0.0990240000000341,0.105619578285075,-1.44953481317976
6.44,0.0989600000000341,0.105606041118344,-1.39923721500858
6.442,0.0988960000000342,0.105591483325809,-1.34925373960671
6.444,0.0988320000000342,0.105575798258763,-1.29978240207851
6.446,0.0987680000000342,0.1055588688453,-1.25087638996284
6.448,0.0987040000000343,0.105541939431837,-1.20197037784714
6.45,0.0986400000000343,0.105523026712083,-1.15425036086031
6.452,0.0985760000000344,0.105503675514391,-1.10683167245541
6.454,0.0985120000000344,0.105482753709574,-1.0606495504489
6.456,0.0984480000000344,0.105461235172297,-1.01504243489655
6.458,0.0983840000000345,0.105438543710375,-0.97056553981038
6.46,0.0983200000000345,0.105414861888697,-0.927227151375757
6.462,0.0982560000000346,0.105390396010895,-0.884790105214002
6.464,0.0981920000000346,0.105364539336608,-0.844207172258528
6.466,0.0981280000000346,0.105338288242642,-0.804150052204438
6.468,0.0980640000000346,0.105310243446694,-0.766788369256422
6.47,0.0980000000000347,0.105281740261866,-0.730191758688918
6.472,0.0979360000000347,0.105251620637006,-0.69629306823403
6.474,0.0978720000000347,0.105221501012145,-0.662394377779157
6.476,0.0978080000000348,0.105189355807108,-0.632142987469219
6.478,0.0977440000000348,0.105156912491212,-0.602428381528647
6.48,0.0976800000000349,0.105123418778705,-0.574714333297598
6.482,0.0976160000000349,0.105088965102448,-0.548828606728367
6.484,0.097552000000035,0.105053356771043,-0.525224810013735
6.486,0.097488000000035,0.105017216037147,-0.502673193374205
6.488,0.097424000000035,0.10497971931387,-0.482852137016311
6.49,0.0973600000000351,0.104941963926563,-0.463552181383607
6.492,0.0972960000000351,0.104902712064251,-0.447293020817502
6.494,0.0972320000000352,0.104863219687039,-0.431522974594941
6.496,0.0971680000000352,0.104822554717708,-0.418137527526756
6.498,0.0971040000000352,0.104781508288098,-0.405524187533156
6.5,0.0970400000000353,0.104739694794122,-0.394463449096692
6.502,0.0969760000000353,0.104696784008135,-0.385598100731648
6.504,0.0969120000000353,0.104653769556408,-0.376937283414941
6.506,0.0968480000000354,0.104609636078947,-0.370484288128616
6.508,0.0967840000000354,0.104565307667216,-0.364408437084722
6.51,0.0967200000000354,0.104520024608097,-0.36017956640376
6.512,0.0966560000000355,0.104474464159858,-0.356475673682554
6.514,0.0965920000000355,0.10442809054016,-0.354310763799972
6.516,0.0965280000000356,0.104381362518777,-0.352800767237351
6.518,0.0964640000000356,0.104333943896376,-0.352566960451976
6.52,0.0964000000000357,0.104286096855106,-0.353104273410813
6.522,0.0963360000000357,0.104237667630564,-0.3546894697588
6.524,0.0962720000000357,0.104188737993564,-0.357147834262036
6.526,0.0962080000000358,0.104139325078491,-0.36044946918552
6.528,0.0961440000000358,0.104089227813468,-0.364885799045823
6.53,0.0960800000000358,0.104038661812054,-0.370099323104716
6.532,0.0960160000000359,0.10398809581064,-0.375312847163608
6.534,0.0959520000000359,0.103936495427657,-0.382135918407497
6.536,0.095888000000036,0.103884755088521,-0.389176768119905
6.538,0.095824000000036,0.103832288051105,-0.39722596156799
6.54,0.0957600000000361,0.10377955897767,-0.405638747976784
6.542,0.0956960000000361,0.103726282111217,-0.414692888450707
6.544,0.0956320000000361,0.103672623212522,-0.424194310877321
6.546,0.0955680000000361,0.10361858533864,-0.4340242754453
6.548,0.0955040000000362,0.103564071530079,-0.444266838525199
6.55,0.0954400000000362,0.103509329521825,-0.454611626940694
6.552,0.0953760000000362,0.103454048525722,-0.465197862717925
6.554,0.0953120000000363,0.103398665323946,-0.475772747403205
6.556,0.0952480000000363,0.103342710178203,-0.486284111264566
6.558,0.0951840000000364,0.103286751655818,-0.496792725697864
6.56,0.0951200000000364,0.103230210686595,-0.506827083331861
6.562,0.0950560000000365,0.103173669717373,-0.516861440965853
6.564,0.0949920000000365,0.103116675611662,-0.526155264005859
6.566,0.0949280000000366,0.103059607691168,-0.535328455840403
6.568,0.0948640000000366,0.103002258378493,-0.543825911940157
6.57,0.0948000000000366,0.102944701668807,-0.551825324448241
6.572,0.0947360000000367,0.102887009854278,-0.559430684167422
6.574,0.0946720000000367,0.102828989605229,-0.566078117163527
6.576,0.0946080000000367,0.102770966527986,-0.572716943925127
6.578,0.0945440000000368,0.102712555366086,-0.578174823991626
6.58,0.0944800000000368,0.102653994968772,-0.583200851786246
6.582,0.0944170000000369,0.102595253239488,-0.587702147409808
6.584,0.0943540000000369,0.102536200919229,-0.591372683648218
6.586,0.0942910000000369,0.102476989944716,-0.594639833381642
6.588,0.0942280000000369,0.102417541103751,-0.597311485830426
6.59,0.094165000000037,0.102357794813264,-0.599247049350958
6.592,0.094104000000037,0.102297927031595,-0.600873594882908
6.594,0.0940430000000371,0.102237716992914,-0.601580832338486
6.596,0.0939820000000371,0.102177359933957,-0.601803518249613
6.598,0.0939210000000372,0.102116802545405,-0.601365954986883
6.6,0.0938600000000372,0.102056030930777,-0.599934565885758
6.602,0.0938020000000373,0.10199517227866,-0.598059306547552
6.604,0.0937440000000373,0.101934120219902,-0.594684631475161
6.606,0.0936860000000374,0.101873027947224,-0.590579122074748
6.608,0.0936280000000374,0.101811870616379,-0.585291267284078
6.61,0.0935700000000374,0.101750718893491,-0.578420957528949
6.612,0.0935160000000375,0.101689572204931,-0.570822602991067
6.614,0.0934620000000375,0.101628548066637,-0.560682646800175
6.616,0.0934080000000375,0.101567633460121,-0.549295891884916
6.618,0.0933540000000376,0.101506930777436,-0.535496810939012
6.62,0.0933000000000376,0.101446228094751,-0.521697729993107
6.622,0.0932510000000377,0.101385997233116,-0.503813437588059
6.624,0.0932020000000377,0.101325841191326,-0.485281325649036
6.626,0.0931530000000377,0.101265915770101,-0.465066076696687
6.628,0.0931040000000377,0.101206357936226,-0.442168066657794
6.63,0.0930550000000378,0.10114708303394,-0.41742456688882
6.632,0.0930120000000378,0.101088103606633,-0.390753760090196
6.634,0.0929690000000379,0.101029478850088,-0.36193689173835
6.636,0.0929260000000379,0.100971097725529,-0.331645841432348
6.638,0.092883000000038,0.100913132643983,-0.29900830984106
6.64,0.092840000000038,0.100855348911001,-0.265347972912235
6.642,0.0928040000000381,0.100798031637522,-0.229250196413578
6.644,0.0927680000000381,0.100740830927512,-0.192543328636428
6.646,0.0927320000000382,0.10068413916289,-0.153413494924991
6.648,0.0926960000000382,0.100627506086998,-0.114006991071273
6.65,0.0926600000000382,0.100571475631387,-0.072100811166221
6.652,0.0926320000000383,0.100515445175777,-0.0301946312611693
6.654,0.0926040000000383,0.100459817539997,0.0131417164723824
6.656,0.0925760000000383,0.100404370150511,0.0571180089957091
6.658,0.0925480000000384,0.100349415406749,0.102507193400872
6.66,0.0925200000000384,0.100294602780987,0.14824419990732
6.662,0.0925010000000385,0.100240239120666,0.195034690900374
6.664,0.0924820000000385,0.100186166503365,0.242390890861912
6.666,0.0924630000000385,0.100132436086176,0.290412235354015
6.668,0.0924440000000386,0.100079227104162,0.339303506982563
6.67,0.0924250000000386,0.100026225096403,0.388540080442438
6.672,0.0924160000000386,0.0999740447551349,0.439004391320711
6.674,0.0924070000000387,0.0999221111650542,0.489812767134489
6.676,0.0923980000000387,0.0998709317245835,0.541664759616248
6.678,0.0923890000000388,0.099820293183872,0.594221887037624
6.68,0.0923800000000388,0.0997702299284933,0.647528975577495
6.682,0.0923820000000389,0.0997213135039532,0.702219580674319
6.684,0.0923840000000389,0.0996727982538452,0.757394155551394
6.686,0.092386000000039,0.0996247013776236,0.813036799264884
6.688,0.092388000000039,0.0995778069950542,0.870024770262927
6.69,0.0923900000000391,0.0995318379358144,0.92792389044273
6.692,0.0924040000000391,0.0994864473192574,0.986373109867185
6.694,0.0924180000000391,0.0994423392363861,1.04590502300319
6.696,0.0924320000000391,0.0993989853192721,1.10594595037894
6.698,0.0924460000000392,0.0993563351277662,1.16646184808042
6.7,0.0924600000000392,0.0993154097106513,1.22770650760882
6.702,0.0924850000000392,0.0992746002086421,1.28900014426993
6.704,0.0925100000000393,0.0992348857858951,1.35050263945958
6.706,0.0925350000000393,0.0991959537179917,1.41215434894546
6.708,0.0925600000000394,0.0991586250232594,1.47355728524397
6.71,0.0925850000000394,0.0991214069036795,1.53494306512901
6.712,0.0926200000000394,0.0990857863271993,1.59561632481089
6.714,0.0926550000000395,0.0990505494807395,1.6560434868951
6.716,0.0926900000000395,0.0990167045990215,1.71538899129989
6.718,0.0927250000000396,0.0989834517286917,1.77409339125214
6.72,0.0927600000000396,0.098951209312372,1.83170354440833
6.722,0.0928040000000397,0.0989199189976019,1.88800117562637
6.724,0.0928480000000397,0.0988892661053926,1.94342008640203
6.726,0.0928920000000397,0.0988601326839487,1.99624407472712
6.728,0.0929360000000398,0.0988313137214733,2.0485310361769
6.73,0.0929800000000399,0.0988036406695792,2.09843159101527
6.732,0.0930320000000399,0.0987772077103836,2.14574960105199
6.734,0.0930840000000399,0.098750774751188,2.19306761108872
6.736,0.09313600000004,0.0987252909031114,2.23808186748157
6.738,0.09318800000004,0.0987011581884279,2.27981655163562
6.74,0.0932400000000401,0.0986774070364786,2.32048684228215
6.742,0.0932990000000401,0.0986551807613353,2.35690339212349
6.744,0.0933580000000401,0.098632954486192,2.39331994196483
6.746,0.0934170000000402,0.098612610915185,2.42408185706138
6.748,0.0934760000000402,0.0985922908377407,2.45477321008012
6.75,0.0935350000000402,0.098573469362057,2.48083102374497
6.752,0.0936000000000403,0.098555082449999,2.50554520649016
6.754,0.0936650000000403,0.0985378151293316,2.52684709019987
6.756,0.0937300000000404,0.0985214177630115,2.54549752052659
6.758,0.0937950000000404,0.0985057446741677,2.56204320724643
6.76,0.0938600000000405,0.0984914150874989,2.57468468914655
6.762,0.0939300000000405,0.0984773822731764,2.58651858281929
6.764,0.0940000000000406,0.098465206344128,2.59329944946332
6.766,0.0940700000000406,0.0984530304150796,2.60008031610735
6.768,0.0941400000000406,0.0984429196863204,2.60161300682944
6.77,0.0942100000000407,0.0984329756094354,2.60272219463088
6.772,0.0942840000000407,0.0984246652350074,2.59992491460295
6.774,0.0943580000000408,0.0984170129118946,2.59555411898027
6.776,0.0944320000000408,0.0984105265097953,2.58853158974398
6.778,0.0945060000000408,0.0984052042007555,2.57886148433422
6.78,0.0945800000000409,0.0984005579464202,2.56771505430092
6.782,0.0946570000000409,0.0983975836750753,2.55291745574106
6.784,0.0947340000000409,0.0983947866786001,2.53774599702682
6.786,0.094811000000041,0.0983941618412292,2.51799360848578
6.788,0.094888000000041,0.0983935370038584,2.49824121994474
6.79,0.094965000000041,0.098394930418322,2.47437381529884
6.792,0.0950440000000411,0.0983966442671718,2.44985307659574
6.794,0.0951230000000412,0.0983998671817495,2.42236802532735
6.796,0.0952020000000412,0.0984039008274938,2.39329042541146
6.798,0.0952810000000413,0.098409141029985,2.36197624026573
6.8,0.0953600000000413,0.0984159290738698,2.32779283308997
6.802,0.0954400000000414,0.0984227171177546,2.29360942591418
6.804,0.0955200000000414,0.0984304555803059,2.2577842323977
6.806,0.0956000000000414,0.0984401002939171,2.21866611433969
6.808,0.0956800000000415,0.0984497450075282,2.17954799628168
6.81,0.0957600000000415,0.0984615652318152,2.13710731122656
6.812,0.0958400000000415,0.0984737189522418,2.09415729138439
6.814,0.0959200000000416,0.0984867549401456,2.05003737331356
6.816,0.0960000000000416,0.0985011063121949,2.00417323864019
6.818,0.0960800000000417,0.0985166657300643,1.95704089975715
6.82,0.0961600000000417,0.0985332370089324,1.90884631111786
6.822,0.0962400000000417,0.0985499559036299,1.86053645495561
6.824,0.0963200000000417,0.0985690906522096,1.8103401514256
6.826,0.0964000000000418,0.0985882254007893,1.76014384789557
6.828,0.0964800000000418,0.0986086430896964,1.70930121117206
6.83,0.0965600000000418,0.0986300247431606,1.65797293822897
6.832,0.0966400000000419,0.0986528391381755,1.60632557377959
6.834,0.096720000000042,0.0986761463060001,1.55456846195948
6.836,0.096800000000042,0.0987012356939203,1.50282993943473
6.838,0.0968800000000421,0.0987266626158357,1.45113405783122
6.84,0.0969600000000422,0.09875386906521,1.39985091396464
6.842,0.0970400000000422,0.0987815922620359,1.34879425201728
6.844,0.0971200000000422,0.0988107606467659,1.29837099218762
6.846,0.0972000000000423,0.0988409047219117,1.24858578475768
6.848,0.0972800000000423,0.0988723084270678,1.19962431192408
6.85,0.0973600000000423,0.0989039429925359,1.15085974850755
6.852,0.0974400000000424,0.0989378430831047,1.10402753640481
6.854,0.0975200000000424,0.0989717431736736,1.05719532430206
6.856,0.0976000000000424,0.09900749093788,1.01232424752505
6.858,0.0976800000000425,0.0990438596367597,0.968112235692314
6.86,0.0977600000000425,0.0990810948586811,0.924967860876777
6.862,0.0978400000000426,0.099119605989844,0.883395524970102
6.864,0.0979200000000426,0.0991592544885505,0.843401853304263
6.866,0.0980000000000426,0.0991995824045558,0.804351211708379
6.868,0.0980800000000427,0.0992414203106689,0.767576600213722
6.87,0.0981600000000427,0.099283663104395,0.73142772876533
6.872,0.0982400000000428,0.0993277007766053,0.698192130823578
6.874,0.0983200000000428,0.0993717384488156,0.664956532881812
6.876,0.0984000000000429,0.0994176058249012,0.63487430617573
6.878,0.0984800000000429,0.0994636985967201,0.605180533815378
6.88,0.098560000000043,0.0995111952884458,0.578040819058022
6.882,0.098640000000043,0.0995592613457513,0.551936913024825
6.884,0.0987200000000431,0.0996083328277521,0.527743280334835
6.886,0.0988000000000431,0.0996582866428092,0.505226050984468
6.888,0.0988800000000431,0.0997088775516093,0.483961342588485
6.89,0.0989600000000432,0.0997606323788032,0.464984887990495
6.892,0.0990400000000432,0.099812686995878,0.446612964930482
6.894,0.0991200000000432,0.0998661560687471,0.431093316717486
6.896,0.0992000000000433,0.0999196251416161,0.415573668504491
6.898,0.0992800000000433,0.0999747160590762,0.403379394981236
6.9,0.0993600000000434,0.100029813455685,0.391198406082486
6.902,0.0994400000000434,0.100086314971625,0.381918056549788
6.904,0.0995200000000434,0.100143130659144,0.373286724824025
6.906,0.0996000000000435,0.100200131195722,0.365036414490701
6.908,0.0996800000000435,0.100258529810303,0.359667902038875
6.91,0.0997600000000435,0.100317031992911,0.354510029825783
6.912,0.0998400000000436,0.100376712285019,0.351748237514215
6.914,0.0999200000000436,0.100436447078148,0.349094683511485
6.916,0.100000000000044,0.100497342920621,0.348746958179556
6.918,0.100080000000044,0.100558248954294,0.348418728664776
6.92,0.100160000000044,0.100620294217656,0.350269851397348
6.922,0.100240000000044,0.100682339481018,0.35212097412992
6.924,0.100320000000044,0.100745437270531,0.355877267272067
6.926,0.100400000000044,0.100808564382182,0.359686636215612
6.928,0.100480000000044,0.100872815006476,0.365337020677205
6.93,0.100560000000044,0.100937141265635,0.371111342294373
6.932,0.100640000000044,0.101001573771818,0.377035767017865
6.934,0.100720000000044,0.101067183332175,0.384623104100647
6.936,0.100800000000044,0.101132792892532,0.392210441183428
6.938,0.100880000000044,0.101198666276731,0.400082499741649
6.94,0.100960000000044,0.10126542963048,0.408915022833379
6.942,0.101040000000044,0.101332192984228,0.417747545925105
6.944,0.101120000000044,0.101399304225042,0.426831580019273
6.946,0.101200000000044,0.101466996457653,0.436335652235921
6.948,0.101280000000044,0.101534821404046,0.445882927838166
6.95,0.101360000000044,0.101603253767079,0.455627940669934
6.952,0.101440000000044,0.101671686130112,0.465372953501702
6.954,0.101520000000044,0.101740801490148,0.475098979916483
6.956,0.101600000000045,0.101809927885944,0.48482469955167
6.958,0.101680000000045,0.101879573837523,0.494357970484155
6.96,0.101760000000045,0.10194935882689,0.503839740417722
6.962,0.101840000000045,0.102019561613722,0.513014618704134
6.964,0.101920000000045,0.10209005035141,0.521979452804186
6.966,0.102000000000045,0.102160539089098,0.530944286904234
6.968,0.102080000000045,0.102231675580291,0.539195326381825
6.97,0.102160000000045,0.102302909547138,0.547338952162452
6.972,0.102240000000045,0.102374233011001,0.555349740883607
6.974,0.102320000000045,0.10244608536587,0.562575516539949
6.976,0.102400000000045,0.10251800239964,0.569677909434197
6.978,0.102480000000045,0.102590353085301,0.575953059323979
6.98,0.102560000000045,0.102662758124093,0.582102913637402
6.982,0.102639000000045,0.102735582038696,0.587287169729518
6.984,0.102718000000045,0.102808450382033,0.592348253918083
6.986,0.102797000000045,0.102881718936665,0.596299813185781
6.988,0.102876000000045,0.102955022133956,0.600133137890771
6.99,0.102955000000045,0.10302869831897,0.602693464472449
6.992,0.103032000000045,0.103102399451559,0.605142743552785
6.994,0.103109000000045,0.103176431774784,0.606117815464067
6.996,0.103186000000045,0.103250479942015,0.606990949113225
6.998,0.103263000000045,0.103324799736724,0.60611646701085
7,0.103340000000045,0.103399119531433,0.605241984908476
7.002,0.103414000000046,0.10347363565779,0.602196189012051
7.004,0.103488000000046,0.103548151784146,0.599150393115624
7.006,0.103562000000046,0.103622749398567,0.593996420969072
7.008,0.103636000000046,0.103697348147536,0.588039490744738
7.01,0.103710000000046,0.103771938588527,0.58052138728797
7.012,0.103780000000046,0.103846467514044,0.571371947570393
7.014,0.103850000000046,0.103920959680009,0.561314769658454
7.016,0.103920000000046,0.10399519605592,0.547686903546412
7.018,0.103990000000046,0.104069432431832,0.534059037434371
7.02,0.104060000000046,0.104143577570518,0.519445102730842
7.022,0.104125000000046,0.104217446688523,0.501848007099947
7.024,0.104190000000046,0.104291144666654,0.482764922552139
7.026,0.104255000000046,0.104364640309788,0.461924985217292
7.028,0.104320000000046,0.104437853557922,0.438910946980312
7.03,0.104385000000046,0.10451092648258,0.414816587235332
7.032,0.104444000000046,0.104583595441332,0.387910524212967
7.034,0.104503000000046,0.104656165306653,0.360341491937064
7.036,0.104562000000046,0.104728288851074,0.329944309825659
7.038,0.104621000000046,0.104800259723059,0.298667372612536
7.04,0.104680000000046,0.104871870031755,0.265312736239565
7.042,0.104732000000046,0.104943208865586,0.230544656195376
7.044,0.104784000000047,0.105014284015224,0.194403694892534
7.046,0.104836000000047,0.105084843840224,0.155943000904322
7.048,0.104888000000047,0.105155200353992,0.116567101866582
7.05,0.104940000000047,0.10522555686776,0.0771912028288425
7.052,0.104984000000047,0.105295037398693,0.0344754803337292
7.054,0.105028000000047,0.105364468712114,-0.00842789173115617
7.056,0.105072000000047,0.105433752856603,-0.0517948132992912
7.058,0.105116000000047,0.105502350443948,-0.0973242376420492
7.06,0.105160000000047,0.105570748527993,-0.143360803651809
7.062,0.105195000000047,0.105638611976518,-0.190756424618868
7.064,0.105230000000047,0.105706184898422,-0.238763942399737
7.066,0.105265000000047,0.105773256685478,-0.28782693253515
7.068,0.105300000000047,0.105839929777544,-0.337583145722097
7.07,0.105335000000047,0.10590613899049,-0.388145919586161
7.072,0.105360000000047,0.10597181903838,-0.439473809401867
7.074,0.105385000000047,0.106037078986574,-0.49140911834714
7.076,0.105410000000047,0.106101651464074,-0.544187413619781
7.078,0.105435000000047,0.106165858106644,-0.597414300876162
7.08,0.105460000000047,0.106229082181298,-0.651677881944243
7.082,0.105474000000047,0.106291975074366,-0.706290888121353
7.084,0.105488000000047,0.106354268728488,-0.761472281551998
7.086,0.105502000000047,0.106415797946196,-0.817378754548714
7.088,0.105516000000047,0.106476336891119,-0.874125569319656
7.09,0.105530000000048,0.106536426404235,-0.931238419043108
7.092,0.105532000000048,0.106595339184733,-0.989249364217576
7.094,0.105534000000048,0.106653560440129,-1.04772135762603
7.096,0.105536000000048,0.106711029804709,-1.10669464582777
7.098,0.105538000000048,0.106767246188171,-1.16636216004119
7.1,0.105540000000048,0.106822926478026,-1.2262905889046
7.102,0.105531000000048,0.10687730161492,-1.28676854232395
7.104,0.105522000000048,0.106930837367579,-1.34746661677496
7.106,0.105513000000048,0.10698359441203,-1.40836890051084
7.108,0.105504000000048,0.107034932674817,-1.46937189936172
7.11,0.105495000000048,0.107085702550937,-1.53033532376872
7.112,0.105476000000048,0.107135179542649,-1.59109319922292
7.114,0.105457000000048,0.107183859927677,-1.65153720115817
7.116,0.105438000000048,0.107231535688428,-1.71148463065619
7.118,0.105419000000048,0.107278305430008,-1.77081239930328
7.12,0.105400000000048,0.107323966303538,-1.82911950653397
7.122,0.105372000000048,0.107368685196966,-1.88629916852635
7.124,0.105344000000048,0.107412550274188,-1.94227135873488
7.126,0.105316000000048,0.107455575433041,-1.9968901211323
7.128,0.105288000000048,0.107497761999753,-2.04998182823719
7.13,0.105260000000048,0.107538787750462,-2.10060221781141
7.132,0.105224000000048,0.107579147564666,-2.1495467657266
7.134,0.105188000000048,0.107618543727441,-2.19606626681399
7.136,0.105152000000049,0.107657674852788,-2.24183170940839
7.138,0.105116000000049,0.107695513563489,-2.28392010064915
7.14,0.105080000000049,0.107732587843287,-2.32358982049859
7.142,0.105037000000049,0.107769112733466,-2.36151300135855
7.144,0.104994000000049,0.10780442307918,-2.3953926489131
7.146,0.104951000000049,0.107839126043519,-2.42721146926762
7.148,0.104908000000049,0.107873155586011,-2.45674538903427
7.15,0.104865000000049,0.107905991307672,-2.48227814103827
7.152,0.104816000000049,0.107938239605922,-2.50590401405017
7.154,0.104767000000049,0.107969594232228,-2.52665296452361
7.156,0.104718000000049,0.107999842682533,-2.54405639946406
7.158,0.104669000000049,0.108029459117713,-2.55961911724913
7.16,0.104620000000049,0.108057904453196,-2.57190144889353
7.162,0.104566000000049,0.108085156433478,-2.5811459062933
7.164,0.104512000000049,0.108111759113888,-2.58873746825957
7.166,0.104458000000049,0.108137195359545,-2.59360751619691
7.168,0.104404000000049,0.108161588045294,-2.5960427404801
7.17,0.104350000000049,0.108185048500148,-2.59646692279876
7.172,0.104292000000049,0.108207156146714,-2.59397277849837
7.174,0.104234000000049,0.108228690054929,-2.59029360705346
7.176,0.104176000000049,0.108248806544646,-2.58368683037648
7.178,0.104118000000049,0.108267640104595,-2.57447639023216
7.18,0.10406000000005,0.108285673965841,-2.56363886297147
7.182,0.10399900000005,0.108302472264466,-2.55028157993976
7.184,0.10393800000005,0.108318074078263,-2.53444406510018
7.186,0.10387700000005,0.10833289698054,-2.5169761236966
7.188,0.10381600000005,0.108346466980948,-2.49685384890401
7.19,0.10375500000005,0.108358762929773,-2.47397161073261
7.192,0.10369200000005,0.10837050929113,-2.44989880751405
7.194,0.10362900000005,0.108380614987133,-2.42225321062903
7.196,0.10356600000005,0.108389921191788,-2.3928666020133
7.198,0.10350300000005,0.108399227396443,-2.36347999339756
7.2,0.10344000000005,0.108406468204276,-2.32969908795001
7.202,0.10337600000005,0.108413307934364,-2.29506485754113
7.204,0.10331200000005,0.108418937819495,-2.25800807757969
7.206,0.10324800000005,0.108423717863396,-2.21929995034402
7.208,0.10318400000005,0.108427297600559,-2.17841242099013
7.21,0.10312000000005,0.108429848846923,-2.13586526349795
7.212,0.10305600000005,0.108431639537639,-2.09215957660483
7.214,0.10299200000005,0.108432216834105,-2.04677325208382
7.216,0.10292800000005,0.108431703621,-2.00013814641344
7.218,0.10286400000005,0.108430334514432,-1.95263565690404
7.22,0.10280000000005,0.108427486145309,-1.90385382299219
7.222,0.10273600000005,0.108424337513207,-1.85488149787383
7.224,0.10267200000005,0.108419498642192,-1.80483686057807
7.226,0.102608000000051,0.108413739815901,-1.75443632672849
7.228,0.102544000000051,0.108407114933144,-1.7037007477745
7.23,0.102480000000051,0.108398910253377,-1.6526589264087
7.232,0.102416000000051,0.108390051306455,-1.60156532797781
7.234,0.102352000000051,0.10837983375681,-1.55044144483638
7.236,0.102288000000051,0.108368531070421,-1.49946020712236
7.238,0.102224000000051,0.108356528207264,-1.44857101035607
7.24,0.102160000000051,0.108342808562044,-1.39814866354063
7.242,0.102096000000051,0.108328453986751,-1.34797652353838
7.244,0.102032000000051,0.108312943737202,-1.29827169701228
7.246,0.101968000000051,0.108296094435835,-1.24930288037507
7.248,0.101904000000051,0.108278672721012,-1.20064869081896
7.25,0.101840000000051,0.108259835490764,-1.15298436149038
7.252,0.101776000000051,0.108240336386902,-1.1057828758406
7.254,0.101712000000051,0.108219302239449,-1.05996066730749
7.256,0.101648000000051,0.10819748520122,-1.01484190676611
7.258,0.101584000000051,0.108175440418542,-0.969967523837151
7.26,0.101520000000051,0.108151434545272,-0.92719745844116
7.262,0.101456000000051,0.108126883408591,-0.885122398152341
7.264,0.101392000000051,0.108101078622019,-0.844645268436988
7.266,0.101328000000051,0.108074373419434,-0.805459316920135
7.268,0.101264000000052,0.108046775568293,-0.767553405225485
7.27,0.101200000000052,0.108017927770223,-0.73162150353854
7.272,0.101136000000052,0.107988547399603,-0.6965306803966
7.274,0.101072000000052,0.107957424484383,-0.664430360652913
7.276,0.101008000000052,0.107926108563221,-0.632661271985372
7.278,0.100944000000052,0.107893269202219,-0.603677098817927
7.28,0.100880000000052,0.107859888036978,-0.575683367797783
7.282,0.100816000000052,0.107825360657049,-0.549894517624979
7.284,0.100752000000052,0.107789986173585,-0.525735172276583
7.286,0.100688000000052,0.107753827352261,-0.503138117085535
7.288,0.100624000000052,0.107716550986426,-0.482767052611398
7.29,0.100560000000052,0.107678825933023,-0.463309030797056
7.292,0.100496000000052,0.107639753187247,-0.446593453215473
7.294,0.100432000000052,0.107600533778416,-0.430179202695934
7.296,0.100368000000052,0.107559778066472,-0.416921368775188
7.298,0.100304000000052,0.107519022354528,-0.403663534854441
7.3,0.100240000000052,0.107476817379992,-0.393379706006892
7.302,0.100176000000052,0.107434494080755,-0.383338689098134
7.304,0.100112000000052,0.107391061672052,-0.37554786842186
7.306,0.100048000000052,0.107347282639059,-0.368460290025088
7.308,0.0999840000000525,0.107302557418968,-0.363243033998166
7.31,0.0999200000000525,0.107257199467255,-0.359276494777551
7.312,0.0998560000000526,0.107211841515542,-0.355309955556938
7.314,0.0997920000000526,0.107165505549822,-0.353216471453846
7.316,0.0997280000000527,0.107118646858042,-0.352124092360685
7.318,0.0996640000000527,0.107071312118018,-0.351901511702299
7.32,0.0996000000000528,0.107023242065712,-0.353022436628188
7.322,0.0995360000000528,0.10697501738272,-0.354412250626904
7.324,0.0994720000000529,0.106925795819541,-0.357535551023306
7.326,0.0994080000000529,0.106876574256362,-0.360658851419709
7.328,0.099344000000053,0.106826386404759,-0.365364810707555
7.33,0.099280000000053,0.10677606124809,-0.370295658422029
7.332,0.0992160000000531,0.106725081523505,-0.376219369833749
7.334,0.0991520000000531,0.106673695276341,-0.382759704058662
7.336,0.0990880000000531,0.1066218980489,-0.38984937341769
7.338,0.0990240000000531,0.106569364391894,-0.397923388391018
7.34,0.0989600000000532,0.106516830734888,-0.405997403364346
7.342,0.0988960000000532,0.106463716952553,-0.414703418426159
7.344,0.0988320000000533,0.106409978560102,-0.424089896190155
7.346,0.0987680000000534,0.10635624016765,-0.43347637395415
7.348,0.0987040000000534,0.106301840624453,-0.443326532359608
7.35,0.0986400000000535,0.106247009229654,-0.453479558498643
7.352,0.0985760000000535,0.106192177834854,-0.463632584637674
7.354,0.0985120000000536,0.106136733205122,-0.473933111615095
7.356,0.0984480000000536,0.106081059744751,-0.484288679017272
7.358,0.0983840000000537,0.106024971769607,-0.494490548182342
7.36,0.0983200000000537,0.105968680276712,-0.504616954850655
7.362,0.0982560000000538,0.105912050481835,-0.514408605020734
7.364,0.0981920000000538,0.105855207245017,-0.52398905016955
7.366,0.0981280000000538,0.105798051983353,-0.53302555662907
7.368,0.0980640000000539,0.105740647146868,-0.541626990679016
7.37,0.0980000000000539,0.105683242310383,-0.550228424728963
7.372,0.097936000000054,0.105625317133769,-0.557574041054461
7.374,0.097872000000054,0.105567332324774,-0.564775737285643
7.376,0.097808000000054,0.105509238735543,-0.571665326099876
7.378,0.0977440000000541,0.105450798323947,-0.577559827617384
7.38,0.0976800000000541,0.105392173119855,-0.58289331465802
7.382,0.0976170000000542,0.105333375727187,-0.587704051661445
7.384,0.0975540000000542,0.105274288105265,-0.591645337059833
7.386,0.0974910000000543,0.105215098392264,-0.595281893983697
7.388,0.0974280000000544,0.10515556599732,-0.59790546791565
7.39,0.0973650000000544,0.105095881449932,-0.600054628739184
7.392,0.0973040000000545,0.105035919646421,-0.601339301716673
7.394,0.0972430000000545,0.104975950477625,-0.602597718210322
7.396,0.0971820000000546,0.104915580073478,-0.602425772169492
7.398,0.0971210000000546,0.104855137379898,-0.601908390136669
7.4,0.0970600000000546,0.104794466778255,-0.600301946465084
7.402,0.0970020000000547,0.104733691030803,-0.597922807889724
7.404,0.0969440000000547,0.104672793619865,-0.594649589400818
7.406,0.0968860000000548,0.104611805968248,-0.590031092895191
7.408,0.0968280000000548,0.10455077708156,-0.58479787765302
7.41,0.0967700000000549,0.104489730669914,-0.577478005386539
7.412,0.0967160000000549,0.104428696004921,-0.569600653554208
7.414,0.0966620000000549,0.104367750154358,-0.559427208304649
7.416,0.096608000000055,0.104306883805204,-0.548197923955573
7.418,0.096554000000055,0.104246162085801,-0.53504784664484
7.42,0.0965000000000551,0.104185696993805,-0.519533195131747
7.422,0.0964510000000551,0.10412541965862,-0.502288545571691
7.424,0.0964020000000552,0.104065142323436,-0.485043896011643
7.426,0.0963530000000552,0.104005408607638,-0.463598125431613
7.428,0.0963040000000553,0.103945710538574,-0.441876874892986
7.43,0.0962550000000553,0.103886582354094,-0.416334656958813
7.432,0.0962120000000554,0.103827480544984,-0.390624695604373
7.434,0.0961690000000554,0.103768907645432,-0.361632785421401
7.436,0.0961260000000555,0.103710571978556,-0.331263224645097
7.438,0.0960830000000556,0.103652489577563,-0.299422905715706
7.44,0.0960400000000556,0.103594859239747,-0.265104915816631
7.442,0.0960040000000556,0.103537442224795,-0.22968012340217
7.444,0.0959680000000557,0.103480315696181,-0.192763125164965
7.446,0.0959320000000557,0.103423619212889,-0.153827488969585
7.448,0.0958960000000558,0.103367007841838,-0.114492334888037
7.45,0.0958600000000558,0.103310901169613,-0.0730479712856687
7.452,0.0958320000000558,0.103254852251047,-0.0313622467762785
7.454,0.0958040000000559,0.103199348345889,0.0122564440449289
7.456,0.0957760000000559,0.103143880642384,0.0559950536431615
7.458,0.095748000000056,0.103088998352694,0.101439791448174
7.46,0.095720000000056,0.10303416507515,0.147003209500386
7.462,0.0957010000000561,0.102979859939185,0.193845493671042
7.464,0.0956820000000561,0.102925883931618,0.241356575949024
7.466,0.0956630000000562,0.102872194857734,0.289437573494447
7.468,0.0956440000000562,0.102819084550727,0.33855001816767
7.47,0.0956250000000563,0.102766388012362,0.388324343703276
7.472,0.0956160000000563,0.102714053151592,0.438668406982637
7.474,0.0956070000000564,0.102662450223877,0.490084181826201
7.476,0.0955980000000564,0.102611362905951,0.542199719318667
7.478,0.0955890000000565,0.102560736704671,0.594931605839425
7.48,0.0955800000000566,0.102511134040028,0.648943915544585
7.482,0.0955820000000566,0.102461808305008,0.703273519552152
7.484,0.0955840000000567,0.102413561412849,0.758839216285639
7.486,0.0955860000000567,0.102365798894809,0.814898795248022
7.488,0.0955880000000568,0.102319026696213,0.871968133309468
7.49,0.0955900000000568,0.102272966887299,0.929660444744569
7.492,0.0956040000000568,0.102227768490456,0.98810604724644
7.494,0.0956180000000569,0.102183522982008,1.04722555186971
7.496,0.0956320000000569,0.102139976458745,1.10683939308161
7.498,0.0956460000000569,0.102097572166877,1.16705725723474
7.5,0.095660000000057,0.102055654956653,1.22753269484292
7.502,0.095685000000057,0.102015325659668,1.28853673574181
7.504,0.0957100000000571,0.101975478367116,1.34960309514273
7.506,0.0957350000000572,0.101936761399641,1.41081559462185
7.508,0.0957600000000572,0.101899016029158,1.4719370795284
7.51,0.0957850000000573,0.101861924082525,1.53299735480468
7.512,0.0958200000000573,0.101826290025797,1.59356206656153
7.514,0.0958550000000574,0.101791139794355,1.65387637132319
7.516,0.0958900000000574,0.101757288072389,1.71339627917888
7.518,0.0959250000000575,0.101724225089809,1.77219949624044
7.52,0.0959600000000575,0.101691967600633,1.83027079891114
7.522,0.0960040000000576,0.10166095389562,1.88681604638828
7.524,0.0960480000000576,0.10163040579607,1.94274252109706
7.526,0.0960920000000577,0.101601251467817,1.99649369399173
7.528,0.0961360000000577,0.101572686031915,2.0491246267537
7.53,0.0961800000000578,0.101545035542651,2.10001507172807
7.532,0.0962320000000578,0.101518591615651,2.14813020292729
7.534,0.0962840000000578,0.101492688395432,2.1950016096845
7.536,0.0963360000000579,0.101467465187413,2.24006160497545
7.538,0.0963880000000579,0.101443549466311,2.28163872629323
7.54,0.0964400000000579,0.101419633745209,2.32321584761102
7.542,0.096499000000058,0.101397669799704,2.35893354703409
7.544,0.0965580000000581,0.101375718134384,2.3946143801374
7.546,0.0966170000000581,0.101354876980351,2.42675864405235
7.548,0.0966760000000582,0.101334646103075,2.45695940140498
7.55,0.0967350000000582,0.101315754197754,2.48284147966547
7.552,0.0968000000000583,0.101297239281844,2.50752508441075
7.554,0.0968650000000583,0.101280055633569,2.52802275701583
7.556,0.0969300000000584,0.101263492144359,2.54666342308629
7.558,0.0969950000000584,0.101247914245132,2.56235283497079
7.56,0.0970600000000585,0.10123339436502,2.57506728460852
7.562,0.0971300000000585,0.101219487465219,2.58605814224287
7.564,0.0972000000000585,0.101207309429188,2.59253963465841
7.566,0.0972700000000586,0.101195366881191,2.59840690773868
7.568,0.0973400000000587,0.101184958336292,2.60053642921234
7.57,0.0974100000000587,0.101175276376196,2.60089555431291
7.572,0.0974840000000587,0.101166700598118,2.59871992568567
7.574,0.0975580000000588,0.101159337422176,2.5937656876278
7.576,0.0976320000000588,0.101152621789599,2.58739274804874
7.578,0.0977060000000589,0.101147608878671,2.5772893188645
7.58,0.0977800000000589,0.101142770497928,2.56681560456694
7.582,0.097857000000059,0.101140116549589,2.55170737505735
7.584,0.097934000000059,0.101137462601251,2.53659914554775
7.586,0.0980110000000591,0.101136859938374,2.51724979969926
7.588,0.0980880000000591,0.101136557161045,2.49728042824955
7.59,0.0981650000000592,0.101137819780789,2.47415848913482
7.592,0.0982440000000593,0.10113985021535,2.44949024064709
7.594,0.0983230000000593,0.101143163477369,2.42233687769886
7.596,0.0984020000000593,0.10114792690196,2.39237423595344
7.598,0.0984810000000594,0.101152690326552,2.36241159420802
7.6,0.0985600000000594,0.101158847220764,2.32988408029889
7.602,0.0986400000000595,0.101166725248132,2.29418858449908
7.604,0.0987200000000595,0.101174603275501,2.25849308869927
7.606,0.0988000000000595,0.101183595754721,2.22088030876146
7.608,0.0988800000000596,0.101194093484787,2.18067792069901
7.61,0.0989600000000597,0.101205200388905,2.13952939067434
7.612,0.0990400000000597,0.101217844182361,2.09599383269094
7.614,0.0991200000000597,0.101230792350834,2.05204507690783
7.616,0.0992000000000598,0.101245575089832,2.00560583910714
7.618,0.0992800000000598,0.101260359433304,1.9591648215144
7.62,0.0993600000000598,0.10127729189794,1.91034096106305
7.622,0.0994400000000599,0.101294224362575,1.8615171006117
7.624,0.09952000000006,0.10131302900262,1.8111642458003
7.626,0.0996000000000601,0.101332140464448,1.76056081149153
7.628,0.0996800000000601,0.101352847568027,1.70916374156218
7.63,0.0997600000000602,0.101374182498665,1.6574544048497
7.632,0.0998400000000602,0.101396683922093,1.60550201794546
7.634,0.0999200000000603,0.101420043728554,1.5533707785336
7.636,0.10000000000006,0.10144503167842,1.50135194465618
7.638,0.10008000000006,0.101470607255538,1.44946290460434
7.64,0.10016000000006,0.101497621412449,1.39799364089777
7.642,0.10024000000006,0.101525633022335,1.34701298395857
7.644,0.10032000000006,0.101554498965672,1.29645082605374
7.646,0.10040000000006,0.101584955677797,1.24694275444593
7.648,0.100480000000061,0.101616066419538,1.19793690350392
7.65,0.100560000000061,0.101648967716988,1.15043039481048
7.652,0.100640000000061,0.101681869014438,1.10292388611704
7.654,0.100720000000061,0.101716892427694,1.05751751941461
7.656,0.100800000000061,0.101752284237825,1.01247573495869
7.658,0.100880000000061,0.101788944739875,0.96889557918314
7.66,0.100960000000061,0.101826758605971,0.926644185688545
7.662,0.101040000000061,0.101864975300718,0.884911343128601
7.664,0.101120000000061,0.10190484929429,0.845311898602194
7.666,0.101200000000061,0.101945504223221,0.806820216671603
7.668,0.101280000000061,0.101987093111296,0.769653362707943
7.67,0.101360000000061,0.102029880226728,0.734315287376488
7.672,0.101440000000061,0.102073144413609,0.699705336021303
7.674,0.101520000000061,0.102118003390422,0.667692165689742
7.676,0.101600000000061,0.10216335839301,0.636537833859746
7.678,0.101680000000061,0.102210196030348,0.607964285220256
7.68,0.101760000000061,0.102257033667685,0.579390736580765
7.682,0.101840000000061,0.102305464993496,0.553748384507775
7.684,0.101920000000061,0.102354516538358,0.529246772290191
7.686,0.102000000000061,0.10240395492815,0.505491841641575
7.688,0.102080000000062,0.102454895565457,0.484636523858733
7.69,0.102160000000062,0.102506244853775,0.464600060458538
7.692,0.102240000000062,0.102558766274375,0.446912314255812
7.694,0.102320000000062,0.102611762394904,0.43019838705201
7.696,0.102400000000062,0.102665804094583,0.415629404013162
7.698,0.102480000000062,0.102720379536698,0.402172479485571
7.7,0.102560000000062,0.102775879633565,0.390642083784565
7.702,0.102640000000062,0.102832034058278,0.380484318068815
7.704,0.102720000000062,0.102889093146417,0.372224329062622
7.706,0.102800000000062,0.102946152234556,0.363964340056424
7.708,0.102880000000062,0.103004752392994,0.358925336299958
7.71,0.102960000000062,0.103063366825197,0.3539161660876
7.712,0.103040000000062,0.103123121784577,0.351250974343685
7.714,0.103120000000062,0.103183114411847,0.349074230775359
7.716,0.103200000000062,0.103243966496335,0.34860872416207
7.718,0.103280000000062,0.103305252941449,0.349008058685029
7.72,0.103360000000062,0.103367144033641,0.350551688908084
7.722,0.103440000000062,0.103429637338665,0.353235008016768
7.724,0.103520000000062,0.103492508040975,0.356580154554857
7.726,0.103600000000062,0.103556118775215,0.361223067260409
7.728,0.103680000000062,0.103619908756043,0.366147310997959
7.73,0.103760000000063,0.1036845468935,0.372402753193377
7.732,0.103840000000063,0.103749196727963,0.378673493218712
7.734,0.103920000000063,0.103814879777635,0.38629551496578
7.736,0.104000000000063,0.103880562827306,0.393917536712849
7.738,0.104080000000063,0.103946561585165,0.40186172755417
7.74,0.104160000000063,0.10401323419954,0.410493565254994
7.742,0.104240000000063,0.104079906813916,0.419125402955819
7.744,0.104320000000063,0.104147402831411,0.428305346795144
7.746,0.104400000000063,0.104214915099186,0.437496107788449
7.748,0.104480000000063,0.104282930884436,0.446854202617135
7.75,0.104560000000063,0.104351227135403,0.456305504546204
7.752,0.104640000000063,0.104419749559465,0.46576034048452
7.754,0.104720000000063,0.104488790132756,0.475223272629673
7.756,0.104800000000063,0.104557830706047,0.484686204774821
7.758,0.104880000000063,0.104627562833208,0.493956853028099
7.76,0.104960000000063,0.104697319691203,0.503220624968231
7.762,0.105040000000063,0.104767511834921,0.512241068176497
7.764,0.105120000000063,0.104837962837224,0.52111680704907
7.766,0.105200000000063,0.104908633458904,0.529795743151684
7.768,0.105280000000063,0.104979845201999,0.537989775803553
7.77,0.105360000000064,0.105051056945095,0.546183808455425
7.772,0.105440000000064,0.105122489482514,0.55410500287824
7.774,0.105520000000064,0.105194431055801,0.561397175491094
7.776,0.105600000000064,0.105266372629088,0.568689348103947
7.778,0.105680000000064,0.105338893915756,0.574996064300898
7.78,0.105760000000064,0.105411438422602,0.581263308450407
7.782,0.105839000000064,0.105484297498209,0.586853453834669
7.784,0.105918000000064,0.105557349007962,0.592029391135164
7.786,0.105997000000064,0.105630716767146,0.596338324663341
7.788,0.106076000000064,0.105704180405286,0.600384404223253
7.79,0.106155000000064,0.105777983067129,0.603243652646259
7.792,0.106232000000064,0.105851836931444,0.605900041718723
7.794,0.106309000000064,0.105925988687462,0.607151206905927
7.796,0.106386000000064,0.10600019236886,0.608042147521127
7.798,0.106463000000064,0.106074593666089,0.607562157806056
7.8,0.106540000000064,0.10614905446109,0.606372471826286
7.802,0.106614000000064,0.106223623361302,0.603893294452455
7.804,0.106688000000064,0.106298229440606,0.600264660734445
7.806,0.106762000000064,0.106372872417324,0.595495279194727
7.808,0.106836000000064,0.106447498507736,0.589048546915393
7.81,0.106910000000065,0.106522115457881,0.581693893493461
7.812,0.106980000000065,0.106596632363416,0.572064370245805
7.814,0.107050000000065,0.106671123585013,0.561850831374941
7.816,0.107120000000065,0.106745380564359,0.548412442179749
7.818,0.107190000000065,0.106819623286827,0.534777776287082
7.82,0.107260000000065,0.106893606766302,0.518388323311286
7.822,0.107325000000065,0.106967480494845,0.500832626849729
7.824,0.107390000000065,0.10704114795747,0.481437857420135
7.826,0.107455000000065,0.107114575711576,0.45990583980228
7.828,0.107520000000065,0.107187893129452,0.437506980227887
7.83,0.107585000000065,0.107260824868195,0.412078083714777
7.832,0.107644000000065,0.107333756606938,0.386649187201666
7.834,0.107703000000065,0.107406226638281,0.357942870605683
7.836,0.107762000000065,0.10747858493696,0.328518707123394
7.838,0.107821000000065,0.107550610391823,0.296974075603828
7.84,0.107880000000065,0.107622407638477,0.264124678957263
7.842,0.107932000000065,0.10769396911376,0.229927275307903
7.844,0.107984000000065,0.107765074359021,0.193477020182134
7.846,0.108036000000065,0.107836024742993,0.156262064210034
7.848,0.108088000000065,0.107906767389806,0.118150526995277
7.85,0.108140000000065,0.107977026554084,0.0779523078700575
7.852,0.108184000000066,0.108047013859881,0.0367589568700522
7.854,0.108228000000066,0.108116602626021,-0.00589323960989066
7.856,0.108272000000066,0.108185818341682,-0.0497226081650868
7.858,0.108316000000066,0.108254676351022,-0.0946807298468494
7.86,0.108360000000066,0.108323048658908,-0.140951505705493
7.862,0.108395000000066,0.108391117525279,-0.188042360995382
7.864,0.108430000000066,0.108458577971127,-0.236525397620307
7.866,0.108465000000066,0.108525802349147,-0.285548602124412
7.868,0.108500000000066,0.108592285028482,-0.335985184829233
7.87,0.108535000000066,0.108658610858529,-0.386720658943902
7.872,0.108560000000066,0.108724047256475,-0.438842100256764
7.874,0.108585000000066,0.108789380918029,-0.491112773624363
7.876,0.108610000000066,0.108853727618785,-0.544625549978515
7.878,0.108635000000066,0.108917918978498,-0.598296795496275
7.88,0.108660000000066,0.108981159135157,-0.65293839855527
7.882,0.108674000000066,0.109044102544374,-0.70783159134987
7.884,0.108688000000066,0.109106133287867,-0.763498564455408
7.886,0.108702000000066,0.109167615459764,-0.819559589630426
7.888,0.108716000000066,0.1092280804023,-0.876351314932163
7.89,0.108730000000066,0.109288545344835,-0.933143040233926
7.892,0.108732000000067,0.109347313691726,-0.991000710250185
7.894,0.108734000000067,0.109405795106305,-1.04903865538441
7.896,0.108736000000067,0.109463591529518,-1.10745229709314
7.898,0.108738000000067,0.109520171981467,-1.16653286142485
7.9,0.108740000000067,0.109576018335998,-1.22595919872421
7.902,0.108731000000067,0.109630805145274,-1.2858533744929
7.904,0.108722000000067,0.109684650850135,-1.34609835420484
7.906,0.108713000000067,0.109737393093842,-1.40666404311138
7.908,0.108704000000067,0.109788790253773,-1.46741227935996
7.91,0.108695000000067,0.109839806597021,-1.5281713819766
7.912,0.108676000000067,0.109889216484127,-1.58882635980471
7.914,0.108657000000067,0.109938089533902,-1.64931000868123
7.916,0.108638000000067,0.109985926754872,-1.70946307797007
7.918,0.108619000000067,0.11003244433505,-1.76878612894325
7.92,0.108600000000067,0.110078119487765,-1.82731932918113
7.922,0.108572000000067,0.110122965483889,-1.88494407190452
7.924,0.108544000000067,0.110166953379342,-1.94147246425541
7.926,0.108516000000067,0.110209784017579,-1.996110555366
7.928,0.108488000000067,0.110251851933715,-2.04924443683071
7.93,0.108460000000067,0.11029316758311,-2.10077185403647
7.932,0.108424000000067,0.11033366714688,-2.15039118802503
7.934,0.108388000000068,0.110372962187027,-2.19675456338088
7.936,0.108352000000068,0.110411999134027,-2.2423681837663
7.938,0.108316000000068,0.11044974648957,-2.28410230514065
7.94,0.108280000000068,0.110487056899714,-2.32440655971668
7.942,0.108237000000068,0.110523354721302,-2.36139720402558
7.944,0.108194000000068,0.110558943302572,-2.39596309687478
7.946,0.108151000000068,0.110593781716746,-2.42796431775566
7.948,0.108108000000068,0.110627746316106,-2.45695260741612
7.95,0.108065000000068,0.110660936002641,-2.48329297479174
7.952,0.108016000000068,0.110693317280716,-2.50690206691315
7.954,0.107967000000068,0.110724591149343,-2.52691856448443
7.956,0.107918000000068,0.110755088704847,-2.54454139299685
7.958,0.107869000000068,0.110784796850836,-2.5597956065109
7.96,0.107820000000068,0.110813453552867,-2.57204610846262
7.962,0.107766000000068,0.110840848609552,-2.58099769748917
7.964,0.107712000000068,0.110867850478855,-2.58894780625082
7.966,0.107658000000068,0.11089288899434,-2.59225243826432
7.968,0.107604000000068,0.110917927509826,-2.59555707027782
7.97,0.107550000000068,0.110940997318451,-2.59462646201693
7.972,0.107492000000068,0.110963626043544,-2.59274695944648
7.974,0.107434000000069,0.11098497870571,-2.58830860937595
7.976,0.107376000000069,0.111005415752021,-2.58203420460244
7.978,0.107318000000069,0.11102420422198,-2.57256699197158
7.98,0.107260000000069,0.111042467826456,-2.5620818242504
7.982,0.107199000000069,0.111059066916364,-2.54836323684606
7.984,0.107138000000069,0.111074911382986,-2.53313840262765
7.986,0.107077000000069,0.111089636044403,-2.51567840942235
7.988,0.107016000000069,0.111103128049459,-2.49565490287487
7.99,0.106955000000069,0.111116029365342,-2.47440296022635
7.992,0.106892000000069,0.11112725232241,-2.44951216018471
7.994,0.106829000000069,0.111137948935978,-2.42345350903048
7.996,0.106766000000069,0.111147122202802,-2.39399908092516
7.998,0.106703000000069,0.111156295469625,-2.36454465281984
8,0.106640000000069,0.111163904682089,-2.33159175677177
8.002,0.106576000000069,0.111170044186541,-2.29549099817136
8.004,0.106512000000069,0.111176183690994,-2.25939023957098
8.006,0.106448000000069,0.11118065398847,-2.21992804275254
8.008,0.106384000000069,0.111184463988255,-2.17927373607307
8.01,0.106320000000069,0.111187310002713,-2.13690664878131
8.012,0.106256000000069,0.111188898415113,-2.09262937388114
8.014,0.10619200000007,0.111189813306464,-2.04742674636939
8.016,0.10612800000007,0.11118946484825,-2.00065388939645
8.018,0.10606400000007,0.11118805458649,-1.95285058031836
8.02,0.10600000000007,0.111185943122416,-1.90439332519771
8.022,0.10593600000007,0.111182241478597,-1.85479618537579
8.024,0.10587200000007,0.11117770747815,-1.80479146070186
8.026,0.10580800000007,0.111172283389785,-1.75435088156331
8.028,0.10574400000007,0.111165286362791,-1.70345329036611
8.03,0.10568000000007,0.11115755519948,-1.65244112251206
8.032,0.10561600000007,0.111148649757551,-1.60129170098524
8.034,0.10555200000007,0.111138190326225,-1.55024032641713
8.036,0.10548800000007,0.111127206449335,-1.49922204106622
8.038,0.10542400000007,0.111114931231523,-1.44849456685156
8.04,0.10536000000007,0.111101552340372,-1.39801564086459
8.042,0.10529600000007,0.111087395734854,-1.3478522885503
8.044,0.10523200000007,0.111071665013569,-1.29832766623024
8.046,0.10516800000007,0.111055652384245,-1.24896847809433
8.048,0.10510400000007,0.111037614547679,-1.2007977573349
8.05,0.10504000000007,0.111019576711112,-1.15262703657547
8.052,0.104976000000071,0.110999465813719,-1.10606450972785
8.054,0.104912000000071,0.110979159105072,-1.05965388506306
8.056,0.104848000000071,0.110957272236667,-1.01478077844066
8.058,0.104784000000071,0.1109347248106,-0.970550403868582
8.06,0.104720000000071,0.110911074140576,-0.927613729689563
8.062,0.104656000000071,0.110886305605272,-0.885987901350008
8.064,0.104592000000071,0.110860901905724,-0.845228900297028
8.066,0.104528000000071,0.110833929580415,-0.80661064886234
8.068,0.104464000000071,0.110806783471534,-0.768259910382224
8.07,0.104400000000071,0.110777631234273,-0.732997296549302
8.072,0.104336000000071,0.110748478997012,-0.697734682716379
8.074,0.104272000000071,0.11071746111675,-0.665624333880857
8.076,0.104208000000071,0.110686167480892,-0.633979912725067
8.078,0.104144000000071,0.110653492773129,-0.604839285593213
8.08,0.104080000000071,0.110620115231311,-0.576972851139988
8.082,0.104016000000071,0.110585825676222,-0.550848155239596
8.084,0.103952000000071,0.110550440348489,-0.526816136628375
8.086,0.103888000000071,0.110514583964196,-0.503717816528464
8.088,0.103824000000071,0.110477281779612,-0.483485270301553
8.09,0.103760000000071,0.110439911942949,-0.463390183954699
8.092,0.103696000000071,0.110400793605201,-0.446847815499586
8.094,0.103632000000072,0.110361675267453,-0.430305447044488
8.096,0.103568000000072,0.110321139666865,-0.416682283752468
8.098,0.103504000000072,0.110280311220746,-0.403662308637431
8.1,0.103440000000072,0.11023848912826,-0.39269461998954
8.102,0.103376000000072,0.110196058703948,-0.382983385563155
8.104,0.103312000000072,0.110153012933639,-0.374532290388071
8.106,0.103248000000072,0.110109088109778,-0.367881369244633
8.108,0.103184000000072,0.11006488066643,-0.361797518021248
8.11,0.103120000000072,0.110019565505002,-0.357936279290422
8.112,0.103056000000072,0.109974250343574,-0.354075040559593
8.114,0.102992000000072,0.1099276484053,-0.352712902806348
8.116,0.102928000000072,0.109881039714747,-0.351363878924135
8.118,0.102864000000072,0.109833481348628,-0.351778987751912
8.12,0.102800000000072,0.109785664858778,-0.352673591404137
8.122,0.102736000000072,0.109737192256717,-0.354720779058581
8.124,0.102672000000072,0.109688240215711,-0.357610191029165
8.126,0.102608000000072,0.109638890598924,-0.361152429581622
8.128,0.102544000000072,0.109588861985642,-0.365809592590831
8.13,0.102480000000072,0.109538668120009,-0.370716696999638
8.132,0.102416000000073,0.109487611841994,-0.376928185628862
8.134,0.102352000000073,0.10943655556398,-0.383139674258092
8.136,0.102288000000073,0.109384562973609,-0.390625572233833
8.138,0.102224000000073,0.10933252349407,-0.398175290786183
8.14,0.102160000000073,0.109279787186497,-0.406543817155588
8.142,0.102096000000073,0.109226810878019,-0.415194356601795
8.144,0.102032000000073,0.109173361534731,-0.424288431380509
8.146,0.101968000000073,0.10911950158023,-0.433767510766178
8.148,0.101904000000073,0.1090653730345,-0.443416011711393
8.15,0.101840000000073,0.109010691266713,-0.453413473208419
8.152,0.101776000000073,0.10895592039075,-0.463432172733358
8.154,0.101712000000073,0.108900485597232,-0.473609110257416
8.156,0.101648000000073,0.108845050803714,-0.483786047781483
8.158,0.101584000000073,0.108788995727378,-0.493808708365006
8.16,0.101520000000073,0.108732879184116,-0.503816080875031
8.162,0.101456000000073,0.108676332239121,-0.51346859163633
8.164,0.101392000000073,0.108619602015741,-0.522969991277072
8.166,0.101328000000073,0.108562598590705,-0.532073286558626
8.168,0.101264000000073,0.108505314038617,-0.540766928744482
8.17,0.101200000000073,0.108447884914609,-0.549160301656504
8.172,0.101136000000073,0.108390091946114,-0.556797986199061
8.174,0.101072000000073,0.108332265192572,-0.564349261106066
8.176,0.101008000000073,0.108274026882717,-0.570847927413648
8.178,0.100944000000074,0.108215713303325,-0.577130802687512
8.18,0.100880000000074,0.108157075786178,-0.582484977362797
8.182,0.100817000000074,0.108098318522675,-0.587479724116589
8.184,0.100754000000074,0.108039283483151,-0.591640704723633
8.186,0.100691000000074,0.107980084268186,-0.595292725712191
8.188,0.100628000000074,0.107920652589124,-0.598224085699373
8.19,0.100565000000074,0.107861016836507,-0.600479581906532
8.192,0.100504000000074,0.107801197627115,-0.602127494296222
8.194,0.100443000000074,0.107741147192193,-0.602891624861952
8.196,0.100382000000074,0.107680966288521,-0.603157082509455
8.198,0.100321000000074,0.107620549692801,-0.602260933018674
8.2,0.100260000000074,0.107560055355803,-0.600981636010042
8.202,0.100202000000074,0.107499352743931,-0.59816736538854
8.204,0.100144000000074,0.107438617530083,-0.595112820117726
8.206,0.100086000000074,0.107377739919699,-0.590038586820064
8.208,0.100028000000074,0.10731685609788,-0.584701330702181
8.21,0.0999700000000744,0.107255942865522,-0.577178728777492
8.212,0.0999160000000745,0.107195048436859,-0.569097470551588
8.214,0.0998620000000745,0.107134227968053,-0.558818870909427
8.216,0.0998080000000746,0.107073477328279,-0.547562578265945
8.218,0.0997540000000746,0.107012878264898,-0.534184028230809
8.22,0.0997000000000746,0.106952470610085,-0.519007775834533
8.222,0.0996510000000747,0.106892318685545,-0.501429713947253
8.224,0.0996020000000748,0.106832166761005,-0.483851652059958
8.226,0.0995530000000748,0.106772429630421,-0.463059859369161
8.228,0.0995040000000749,0.10671286194397,-0.4409552514363
8.23,0.0994550000000749,0.1066537239664,-0.415997036761335
8.232,0.099412000000075,0.10659474463036,-0.389985316897681
8.234,0.099369000000075,0.106536185759281,-0.361403674900687
8.236,0.099326000000075,0.106477862782532,-0.331419739395851
8.238,0.0992830000000751,0.106419945461735,-0.299122851447161
8.24,0.0992400000000752,0.106362341111303,-0.265143252843254
8.242,0.0992040000000752,0.106304953757754,-0.230008974884856
8.244,0.0991680000000753,0.106248010363325,-0.192638052129699
8.246,0.0991320000000753,0.106191345669876,-0.153991711830334
8.248,0.0990960000000753,0.106134943290637,-0.114144944650688
8.25,0.0990600000000754,0.106078792627577,-0.0732843292113629
8.252,0.0990320000000754,0.106022997487502,-0.0309917582892945
8.254,0.0990040000000754,0.105967395848517,0.0119453503086382
8.256,0.0989760000000755,0.105912217137045,0.0562911988604947
8.258,0.0989480000000755,0.105857157692095,0.100965152877814
8.26,0.0989200000000756,0.105802538161612,0.14684932362404
8.262,0.0989010000000756,0.10574828608201,0.193565115083002
8.264,0.0988820000000757,0.105694304575518,0.240856003372879
8.266,0.0988630000000757,0.105640777275052,0.289036800489312
8.268,0.0988440000000758,0.105587714972372,0.338027150910826
8.27,0.0988250000000759,0.105535018123498,0.387623584218875
8.272,0.0988160000000759,0.105482981848283,0.438257835408447
8.274,0.0988070000000759,0.105431327239759,0.489443475648596
8.276,0.098798000000076,0.105380344562771,0.541599846899213
8.278,0.098789000000076,0.105329973732997,0.594566802134559
8.28,0.0987800000000761,0.105280184543311,0.64830432252119
8.282,0.0987820000000762,0.105231272010457,0.703096386430237
8.284,0.0987840000000762,0.105182804960236,0.75842432801544
8.286,0.0987860000000763,0.105135502836009,0.814992837862777
8.288,0.0987880000000763,0.105088467842551,0.871845824111659
8.29,0.0987900000000764,0.10504273621199,0.929904041716644
8.292,0.0988040000000764,0.104997682999507,0.988489774162833
8.294,0.0988180000000765,0.104953305969442,1.04758379038909
8.296,0.0988320000000765,0.10491014215602,1.10742139332734
8.298,0.0988460000000766,0.104867749014926,1.16760876669053
8.3,0.0988600000000766,0.104826083857919,1.22809421188531
8.302,0.0988850000000766,0.104785538231932,1.28890587273375
8.304,0.0989100000000767,0.104745942979394,1.34983835579514
8.306,0.0989350000000768,0.104707100726694,1.41080540641825
8.308,0.0989600000000768,0.104669255140365,1.47173106178438
8.31,0.0989850000000768,0.104632668288006,1.53235537838453
8.312,0.0990200000000769,0.10459645401534,1.59286807009514
8.314,0.099055000000077,0.10456182163803,1.65266427650313
8.316,0.099090000000077,0.104527694186232,1.71210168810583
8.318,0.0991250000000771,0.104494745876436,1.77070121369406
8.32,0.0991600000000771,0.104462693911471,1.82840588806589
8.322,0.0992040000000772,0.104431413588437,1.88534020632356
8.324,0.0992480000000772,0.104401403993984,1.94059850325791
8.326,0.0992920000000773,0.104371783469118,1.99533659173725
8.328,0.0993360000000773,0.104343745018676,2.04743101886068
8.33,0.0993800000000773,0.104316096410413,2.09872761783855
8.332,0.0994320000000774,0.104289617016243,2.14763137180257
8.334,0.0994840000000774,0.104263876916773,2.19474005443225
8.336,0.0995360000000775,0.104238913693696,2.23996241412936
8.338,0.0995880000000776,0.104215023657581,2.28219422990939
8.34,0.0996400000000776,0.104191540360348,2.32329262669381
8.342,0.0996990000000777,0.104169459854145,2.36006613346058
8.344,0.0997580000000777,0.10414772480317,2.39571804434819
8.346,0.0998170000000777,0.104127152281745,2.42756004879762
8.348,0.0998760000000778,0.10410722474029,2.45724575212944
8.35,0.0999350000000778,0.104088125342593,2.48416280001495
8.352,0.100000000000078,0.104070049394141,2.50772020969447
8.354,0.100065000000078,0.104052465346996,2.52966287351637
8.356,0.100130000000078,0.104036320133187,2.54710815188923
8.358,0.100195000000078,0.104020560070747,2.56340118122712
8.36,0.100260000000078,0.104006199551685,2.5756110321609
8.362,0.100330000000078,0.103992506631592,2.58601739013946
8.364,0.100400000000078,0.103979866477388,2.59357974153449
8.366,0.100470000000078,0.103968769141019,2.59735012955036
8.368,0.100540000000078,0.103958595077013,2.59885128337375
8.37,0.100610000000078,0.103948421013007,2.60035243719714
8.372,0.100684000000078,0.103939839877959,2.59817967644836
8.374,0.100758000000078,0.103932490558146,2.59316587001318
8.376,0.100832000000078,0.103925751790992,2.5868273421972
8.378,0.100906000000078,0.103920885471356,2.57642614882038
8.38,0.100980000000078,0.10391601915172,2.56602495544356
8.382,0.101057000000079,0.103913229650338,2.55125028750392
8.384,0.101134000000079,0.103910761782975,2.53580608280434
8.386,0.101211000000079,0.10391011252949,2.51662044433201
8.388,0.101288000000079,0.103909923800142,2.49650874822275
8.39,0.101365000000079,0.103911242348542,2.47336610116638
8.392,0.101444000000079,0.103913411495536,2.44857181882131
8.394,0.101523000000079,0.103916927341011,2.42116260771309
8.396,0.101602000000079,0.103920636162471,2.39339496987539
8.398,0.101681000000079,0.103926534811066,2.36156002501527
8.4,0.101760000000079,0.103932433459661,2.32972508015512
8.402,0.101840000000079,0.103940305061505,2.29443234748176
8.404,0.101920000000079,0.103948523222738,2.25853223658892
8.406,0.102000000000079,0.103958160860066,2.22029877909987
8.408,0.102080000000079,0.10396866778946,2.18063637209239
8.41,0.102160000000079,0.103980052765002,2.13963492534675
8.412,0.102240000000079,0.103992812280122,2.09653727543603
8.414,0.102320000000079,0.104005890461981,2.05299429975979
8.416,0.102400000000079,0.104020649173935,2.00710284129861
8.418,0.10248000000008,0.104036164307098,1.96030232428973
8.42,0.10256000000008,0.104052938353873,1.91198885898486
8.422,0.10264000000008,0.104069859317927,1.86352730226959
8.424,0.10272000000008,0.104088579889843,1.81325175560145
8.426,0.10280000000008,0.104108012860288,1.76245283616658
8.428,0.10288000000008,0.104128373468274,1.71097241584911
8.43,0.10296000000008,0.104150305186363,1.65883905990341
8.432,0.10304000000008,0.104172646311151,1.60653555915317
8.434,0.10312000000008,0.104196319208374,1.55411742463197
8.436,0.10320000000008,0.104221011249286,1.50161156620137
8.438,0.10328000000008,0.104246427299631,1.44927251488032
8.44,0.10336000000008,0.104273250668336,1.39725770064404
8.442,0.10344000000008,0.104301298980552,1.34586913223132
8.444,0.10352000000008,0.104330006074295,1.2948173623532
8.446,0.10360000000008,0.104360542299986,1.24507162158686
8.448,0.10368000000008,0.104391669505343,1.19583436379596
8.45,0.10376000000008,0.104424182965999,1.14781912983211
8.452,0.10384000000008,0.10445779111106,1.10091846219942
8.454,0.10392000000008,0.104492185431938,1.05481824910192
8.456,0.10400000000008,0.104528223164318,1.0105757062721
8.458,0.10408000000008,0.104564822104855,0.967002114012078
8.46,0.10416000000008,0.104602846495884,0.925175418485236
8.462,0.10424000000008,0.104641759758546,0.884513869564266
8.464,0.10432000000008,0.104681514319992,0.844955108027079
8.466,0.10440000000008,0.104722646040165,0.807314081161058
8.468,0.104480000000081,0.104764289055237,0.770402993486402
8.47,0.104560000000081,0.10480732878161,0.735551947550042
8.472,0.104640000000081,0.10485106523204,0.701787614918781
8.474,0.104720000000081,0.104895668931459,0.669375971351339
8.476,0.104800000000081,0.10494142130409,0.638855408963035
8.478,0.104880000000081,0.10498764287225,0.60911576597731
8.48,0.104960000000081,0.105035245201741,0.581767987346889
8.482,0.105040000000081,0.105083391645156,0.555407585450731
8.484,0.105120000000081,0.105132436410464,0.530677324036252
8.486,0.105200000000081,0.10518256291068,0.50800072109819
8.488,0.105280000000081,0.105233180428521,0.486256308198356
8.49,0.105360000000081,0.105284794404827,0.466476157970475
8.492,0.105440000000081,0.105337105288992,0.448069783110171
8.494,0.105520000000081,0.105390216947476,0.431295118556577
8.496,0.105600000000081,0.10544416507466,0.416224897527673
8.498,0.105680000000081,0.105498627946723,0.402225806822581
8.5,0.105760000000081,0.105553896778423,0.38990383392809
8.502,0.105840000000082,0.105610448359963,0.380292175608005
8.504,0.105920000000082,0.105666999941504,0.370680517287929
8.506,0.106000000000082,0.105724849457068,0.363820958614936
8.508,0.106080000000082,0.10578289986276,0.357387361232027
8.51,0.106160000000082,0.105841995249795,0.35315602604553
8.512,0.106240000000082,0.105901473349751,0.349731245158308
8.514,0.106320000000082,0.105961758425202,0.347972022287155
8.516,0.106400000000082,0.106022586197957,0.347332900148054
8.518,0.106480000000082,0.106084000103905,0.347856681272468
8.52,0.106560000000082,0.106146091441355,0.349724503838164
8.522,0.106640000000082,0.106208568441872,0.352309775082052
8.524,0.106720000000082,0.106271829018992,0.356352733215857
8.526,0.106800000000082,0.106335298873536,0.360748260900238
8.528,0.106880000000082,0.106399628233686,0.366591797157528
8.53,0.106960000000082,0.106464017324304,0.372521984021503
8.532,0.107040000000082,0.106529313552608,0.379768149698926
8.534,0.107120000000082,0.106594609780911,0.387014315376349
8.536,0.107200000000082,0.106660713224959,0.395194923682323
8.538,0.107280000000082,0.106726879536485,0.403448308134127
8.54,0.107360000000082,0.106793669398413,0.412211420605019
8.542,0.107440000000082,0.106860621321251,0.421107011519829
8.544,0.107520000000082,0.10692804777281,0.430220827533352
8.546,0.107600000000082,0.106995719025359,0.439447222022324
8.548,0.107680000000082,0.107063744557908,0.448718450553113
8.55,0.107760000000082,0.107132089795068,0.458030137619097
8.552,0.107840000000083,0.10720068892572,0.46730423702757
8.554,0.107920000000083,0.107269682481866,0.476519943720746
8.556,0.108000000000083,0.107338840245919,0.485677124488299
8.558,0.108080000000083,0.107408471288906,0.494665622221846
8.56,0.108160000000083,0.107478180716387,0.503613288294456
8.562,0.108240000000083,0.107548446171541,0.512271311198671
8.564,0.108320000000083,0.107618711626695,0.520929334102893
8.566,0.108400000000083,0.107689602068802,0.52916235181068
8.568,0.108480000000083,0.107760499128415,0.537390869465947
8.57,0.108560000000083,0.107831929270589,0.545154942861643
8.572,0.108640000000083,0.107903449460816,0.552840562554336
8.574,0.108720000000083,0.107975406837674,0.560036002879366
8.576,0.108800000000083,0.108047533003556,0.567042194743436
8.578,0.108880000000083,0.108120037597456,0.573479783629657
8.58,0.108960000000083,0.10819280797591,0.579518020772765
8.582,0.109039000000083,0.108265578354364,0.585556257915873
8.584,0.109118000000083,0.108338891872246,0.590538941144841
8.586,0.109197000000083,0.10841224209768,0.595450285788145
8.588,0.109276000000084,0.108486026711057,0.59920021752113
8.59,0.109355000000084,0.108559831107832,0.602882763748135
8.592,0.109432000000084,0.10863400122805,0.605206713474991
8.594,0.109509000000084,0.108708197460409,0.607384238021586
8.596,0.109586000000084,0.108782668946826,0.608018261178128
8.598,0.109663000000084,0.108857168500225,0.608377167414921
8.6,0.109740000000084,0.108931845410363,0.606997595359774
8.602,0.109814000000084,0.10900654001628,0.605176022526221
8.604,0.109888000000084,0.109081311752235,0.601427914888137
8.606,0.109962000000084,0.109156077716705,0.597033504626871
8.608,0.110036000000084,0.10923082505896,0.590553740750151
8.61,0.110110000000084,0.109305531313438,0.583194062288885
8.612,0.110180000000084,0.10938013528348,0.57364391321
8.614,0.110250000000084,0.109454638453053,0.562801586254207
8.616,0.110320000000084,0.109528942925312,0.549412125579414
8.618,0.110390000000084,0.109603247397571,0.53602266490461
8.62,0.110460000000084,0.109677221202644,0.519252652812667
8.622,0.110525000000084,0.109751132033333,0.50183882678056
8.624,0.110590000000084,0.109824684605766,0.481277578450376
8.626,0.110655000000084,0.109898189042961,0.460293445451976
8.628,0.110720000000084,0.109971299283233,0.43611941622856
8.63,0.110785000000084,0.110044376679436,0.411679608240358
8.632,0.110844000000084,0.110117039722519,0.384104034816109
8.634,0.110903000000084,0.110189684926437,0.35639493657273
8.636,0.110962000000085,0.110261903512,0.325696041968866
8.638,0.111021000000085,0.11033410102635,0.294864452323175
8.64,0.111080000000085,0.110405877788411,0.261383193536941
8.642,0.111132000000085,0.110477613776585,0.227677785853172
8.644,0.111184000000085,0.110548933563264,0.191684367054346
8.646,0.111236000000085,0.110620112352884,0.155029216925893
8.648,0.111288000000085,0.110690938982487,0.116721299568782
8.65,0.111340000000085,0.110761492359263,0.077316044082323
8.652,0.111384000000085,0.110831752765534,0.0367342675322641
8.654,0.111428000000085,0.110901570352042,-0.00538149823579986
8.656,0.111472000000085,0.110971178852802,-0.0482215661013924
8.658,0.111516000000085,0.11104013815266,-0.0930218693224564
8.66,0.111560000000085,0.111108945614357,-0.138258264967455
8.662,0.111595000000085,0.111176988266946,-0.185518267370103
8.664,0.111630000000085,0.111244789732332,-0.233335235243232
8.666,0.111665000000085,0.111311936824084,-0.282663326066666
8.668,0.111700000000085,0.111378643712405,-0.332866042419346
8.67,0.111735000000085,0.111444846152639,-0.384071029870667
8.672,0.111760000000085,0.11151037710071,-0.436393798117708
8.674,0.111785000000085,0.111575599392592,-0.489230362327858
8.676,0.111810000000086,0.111639903525001,-0.543304150496179
8.678,0.111835000000086,0.111703980352453,-0.597645634266512
8.68,0.111860000000086,0.111767132622815,-0.652958477864796
8.682,0.111874000000086,0.111829905929637,-0.70857373629518
8.684,0.111888000000086,0.111891951358237,-0.764769845246451
8.686,0.111902000000086,0.111953334936023,-0.821368745024524
8.688,0.111916000000086,0.112014201602541,-0.878282227957076
8.69,0.111930000000086,0.112074074877534,-0.935678937990561
8.692,0.111932000000086,0.112133668905549,-0.993211485409977
8.694,0.111934000000086,0.112191707470956,-1.05139112738205
8.696,0.111936000000086,0.112249745527797,-1.10957098092495
8.698,0.111938000000086,0.112306574551848,-1.16821881099109
8.7,0.111940000000086,0.112362510217841,-1.22719685062346
8.702,0.111931000000086,0.112417587105933,-1.28647722019479
8.704,0.111922000000086,0.112471728932581,-1.34606951499064
8.706,0.111913000000086,0.112524620756712,-1.40601571569835
8.708,0.111904000000086,0.112576465122023,-1.46616376347883
8.71,0.111895000000086,0.112627632357233,-1.52641099091707
8.712,0.111876000000086,0.112677356651295,-1.58672234470686
8.714,0.111857000000086,0.112726159246896,-1.6468726989655
8.716,0.111838000000086,0.112774237869816,-1.70689303579594
8.718,0.111819000000087,0.112820895588764,-1.76630056057833
8.72,0.111800000000087,0.112866602013556,-1.82499560783148
8.722,0.111772000000087,0.112911393696849,-1.88279548924487
8.724,0.111744000000087,0.112955295657805,-1.93951078059943
8.726,0.111716000000087,0.112998333371431,-1.99495187550828
8.728,0.111688000000087,0.113040357887108,-2.04854549180465
8.73,0.111660000000087,0.113081510613623,-2.10021601459266
8.732,0.111624000000087,0.11312179655114,-2.14969228368444
8.734,0.111588000000087,0.113161616993783,-2.19795197060106
8.736,0.111552000000087,0.113200166962014,-2.24244500646761
8.738,0.111516000000087,0.113238216036462,-2.28529785721468
8.74,0.111480000000087,0.113275510299602,-2.32567770722093
8.742,0.111437000000087,0.113311807414877,-2.36259039710945
8.744,0.111394000000087,0.11334760161759,-2.39773263164313
8.746,0.111351000000087,0.113382379714773,-2.42925300686444
8.748,0.111308000000087,0.113416384400634,-2.45803135950926
8.75,0.111265000000087,0.113449866657229,-2.48495751165239
8.752,0.111216000000087,0.113482012927365,-2.50729664944552
8.754,0.111167000000087,0.113513600498902,-2.52782026640589
8.756,0.111118000000087,0.113544344231055,-2.54560305106427
8.758,0.111069000000087,0.113573920886287,-2.55986874007729
8.76,0.111020000000087,0.113602896956341,-2.5724019572303
8.762,0.110966000000088,0.11363063463476,-2.58152095004853
8.764,0.110912000000088,0.113657409735857,-2.58822956136791
8.766,0.110858000000088,0.113683531628984,-2.5933024802886
8.768,0.110804000000088,0.11370797479221,-2.59455356336961
8.77,0.110750000000088,0.113731720397819,-2.59434569416345
8.772,0.110692000000088,0.113754410467069,-2.59193229791698
8.774,0.110634000000088,0.113775678661842,-2.58674505505166
8.776,0.110576000000088,0.113796227512862,-2.58018470128113
8.778,0.110518000000088,0.113815318300952,-2.5709047466682
8.78,0.110460000000088,0.113833332305202,-2.55964922348293
8.782,0.110399000000088,0.11385061223265,-2.54704689418754
8.784,0.110338000000088,0.11386611373917,-2.53114082464438
8.786,0.110277000000088,0.113880916695941,-2.51388886435061
8.788,0.110216000000088,0.11389466143509,-2.49459698231525
8.79,0.110155000000088,0.113907063000063,-2.47257610700695
8.792,0.110092000000088,0.113918799929001,-2.44916797256943
8.794,0.110029000000088,0.113929221501597,-2.42293386258223
8.796,0.109966000000088,0.113938541470703,-2.39421768890858
8.798,0.109903000000088,0.113947106984264,-2.3638016234601
8.8,0.109840000000089,0.113954829146135,-2.33147120831678
8.802,0.109776000000089,0.113961308873915,-2.29632055417183
8.804,0.109712000000089,0.113967398274021,-2.26032027870513
8.806,0.109648000000089,0.113972063774766,-2.22122061946192
8.808,0.109584000000089,0.113975858492324,-2.18042714751899
8.81,0.109520000000089,0.113978940855156,-2.13824803159737
8.812,0.109456000000089,0.113980586687272,-2.09369674911044
8.814,0.109392000000089,0.113981676768047,-2.04834997655205
8.816,0.109328000000089,0.113981457340385,-2.00127463097663
8.818,0.109264000000089,0.113980273480086,-1.95324528200865
8.82,0.109200000000089,0.11397831539702,-1.90445008261293
8.822,0.109136000000089,0.11397476118635,-1.85456177296812
8.824,0.109072000000089,0.113970596423508,-1.80436465308759
8.826,0.109008000000089,0.113965006730038,-1.75356937276053
8.828,0.108944000000089,0.113958374865658,-1.7025689860442
8.83,0.108880000000089,0.113950922037848,-1.65140702808931
8.832,0.108816000000089,0.113941797290027,-1.60022395439353
8.834,0.108752000000089,0.11393204909827,-1.54909783179678
8.836,0.108688000000089,0.113920868675348,-1.49817170071355
8.838,0.108624000000089,0.113908655054433,-1.44752358228908
8.84,0.108560000000089,0.113895642812422,-1.39709035663013
8.842,0.108496000000089,0.113880838275743,-1.34737159814899
8.844,0.108432000000089,0.113865832194679,-1.29773318184038
8.846,0.10836800000009,0.113848982669517,-1.24906753437756
8.848,0.10830400000009,0.113831831978797,-1.20056080926694
8.85,0.10824000000009,0.113812962295627,-1.15322484373054
8.852,0.10817600000009,0.11379371584878,-1.10614548181221
8.854,0.10811200000009,0.113772860257704,-1.06043683638617
8.856,0.10804800000009,0.113751553130093,-1.01511282309306
8.858,0.10798400000009,0.113728733034849,-0.971357604928141
8.86,0.10792000000009,0.113705385587062,-0.928149198261637
8.862,0.10785600000009,0.113680612785996,-0.886688388107964
8.864,0.10779200000009,0.113655235466696,-0.845968765401756
8.866,0.10772800000009,0.113628518608695,-0.807133865240108
8.868,0.10766400000009,0.113601120391745,-0.769257632843858
8.87,0.10760000000009,0.113572472516301,-0.733342827928667
8.872,0.10753600000009,0.113543070028822,-0.698612440027162
8.874,0.10747200000009,0.113512515006642,-0.665850738992878
8.876,0.10740800000009,0.113481139515757,-0.634490510699003
8.878,0.10734400000009,0.113448715794869,-0.605039340323021
8.88,0.10728000000009,0.113415416264512,-0.577183212062117
8.882,0.107216000000091,0.113381177360045,-0.551121442239169
8.884,0.107152000000091,0.113346019380969,-0.526815255477173
8.886,0.107088000000091,0.113310031620957,-0.504149978853681
8.888,0.107024000000091,0.11327309343889,-0.483364182846514
8.89,0.106960000000091,0.113235432183962,-0.464043159799314
8.892,0.106896000000091,0.113196799711835,-0.446689590889974
8.894,0.106832000000091,0.113157545408925,-0.430614755057703
8.896,0.106768000000091,0.113117307901158,-0.416561782092365
8.898,0.106704000000091,0.11307654297985,-0.403600353862677
8.9,0.106640000000091,0.11303479026167,-0.392683288155885
8.902,0.106576000000091,0.112992597261611,-0.382675114242571
8.904,0.106512000000091,0.112949418454908,-0.374701981092239
8.906,0.106448000000091,0.112905879137431,-0.367463855443512
8.908,0.106384000000091,0.11286136207426,-0.36221915266321
8.91,0.106320000000091,0.112816556847722,-0.357548301731878
8.912,0.106256000000091,0.112770787134004,-0.354798141678414
8.914,0.106192000000091,0.112724794076004,-0.352477215953987
8.916,0.106128000000091,0.112677853164978,-0.351977922070551
8.918,0.106064000000091,0.112630746288475,-0.351782619047439
8.92,0.106000000000091,0.112582708823809,-0.353291828924681
8.922,0.105936000000091,0.112534555853802,-0.355000195107503
8.924,0.105872000000091,0.112485487150359,-0.358287484698978
8.926,0.105808000000091,0.112436340193599,-0.361699230332869
8.928,0.105744000000091,0.112386194524139,-0.366699353738661
8.93,0.105680000000092,0.11233604885468,-0.371699477144449
8.932,0.105616000000092,0.112285236795798,-0.377661563244567
8.934,0.105552000000092,0.112233967137149,-0.3842842149079
8.936,0.105488000000092,0.112182576567351,-0.391059380015166
8.938,0.105424000000092,0.112130237814458,-0.399030552850188
8.94,0.105360000000092,0.112077899061564,-0.407001725685202
8.942,0.105296000000092,0.112024918314313,-0.415640328070315
8.944,0.105232000000092,0.111971565856401,-0.424665367930564
8.946,0.105168000000092,0.111918067738892,-0.433799809657571
8.948,0.105104000000092,0.111863766560777,-0.443537413353029
8.95,0.105040000000092,0.111809465382662,-0.453275017048488
8.952,0.104976000000092,0.111754577051147,-0.463228619686828
8.954,0.104912000000092,0.111699404403189,-0.473286815181363
8.956,0.104848000000092,0.111644079143928,-0.483325515360358
8.958,0.104784000000092,0.111588119712579,-0.493283203289401
8.96,0.104720000000092,0.111532160281229,-0.503240891218445
8.962,0.104656000000092,0.111475698258697,-0.512830944106513
8.964,0.104592000000092,0.111419035102037,-0.522273871545779
8.966,0.104528000000093,0.111362224005411,-0.531508866466791
8.968,0.104464000000093,0.111304929717806,-0.540064727005693
8.97,0.104400000000093,0.1112476354302,-0.548620587544595
8.972,0.104336000000093,0.111189906847955,-0.556277973278674
8.974,0.104272000000093,0.11113203704791,-0.563643205661055
8.976,0.104208000000093,0.111074042102269,-0.570689239235198
8.978,0.104144000000093,0.111015716963172,-0.576893074916431
8.98,0.104080000000093,0.110957179184144,-0.582482334929203
8.982,0.104017000000093,0.110898498613936,-0.587658897360265
8.984,0.103954000000093,0.110839494416496,-0.591845127930846
8.986,0.103891000000093,0.110780377884689,-0.595673387037531
8.988,0.103828000000093,0.110721000064465,-0.598658288613436
8.99,0.103765000000093,0.110661426255488,-0.600953756404982
8.992,0.103704000000093,0.110601703697451,-0.602725966477227
8.994,0.103643000000093,0.110541721627827,-0.603439215031701
8.996,0.103582000000093,0.110481667775389,-0.603857893008235
8.998,0.103521000000093,0.110421328630519,-0.602792523466822
9,0.103460000000093,0.110360957214542,-0.601527204758606
9.002,0.103402000000093,0.110300398049422,-0.59890277761561
9.004,0.103344000000093,0.110239737025164,-0.595103833623755
9.006,0.103286000000093,0.11017902458007,-0.590368763570457
9.008,0.103228000000093,0.110118269797854,-0.584634393650195
9.01,0.103170000000093,0.110057501559695,-0.577044546411567
9.012,0.103116000000094,0.109996759448196,-0.568522819369478
9.014,0.103062000000094,0.109936059147565,-0.558509791755835
9.016,0.103008000000094,0.10987550807381,-0.546241341908982
9.018,0.102954000000094,0.109815022689995,-0.532980051122155
9.02,0.102900000000094,0.109754671316202,-0.518335879594162
9.022,0.102851000000094,0.109694586481184,-0.500941232137901
9.024,0.102802000000094,0.109634501646167,-0.483546584681641
9.026,0.102753000000094,0.109574960466425,-0.461829154192738
9.028,0.102704000000094,0.109515433349588,-0.439999904899673
9.03,0.102655000000094,0.109456270321493,-0.415688650059244
9.032,0.102612000000094,0.109397335215191,-0.389823644481262
9.034,0.102569000000094,0.109338861760437,-0.361150782706645
9.036,0.102526000000094,0.109280498417632,-0.331808268203783
9.038,0.102483000000094,0.10922272861079,-0.29913458300458
9.04,0.102440000000094,0.109165073207117,-0.265865373575105
9.042,0.102404000000094,0.109107896548774,-0.230104061492166
9.044,0.102368000000094,0.109050942199548,-0.193275864871711
9.046,0.102332000000094,0.108994342221626,-0.154747003574352
9.048,0.102296000000094,0.108938062678155,-0.114826413848566
9.05,0.102260000000095,0.108882016968608,-0.0738902238408202
9.052,0.102232000000095,0.108826370988936,-0.0314225852029384
9.054,0.102204000000095,0.108770888663651,0.0116465024420857
9.056,0.102176000000095,0.108715859583041,0.0561933712039594
9.058,0.102148000000095,0.108661042012813,0.101313499469314
9.06,0.102120000000095,0.108606530073767,0.14726198414722
9.062,0.102101000000095,0.108552426852316,0.194123335857673
9.064,0.102082000000095,0.108498506116289,0.241381607171669
9.066,0.102063000000095,0.108445187738393,0.289770307006833
9.068,0.102044000000095,0.108392136110729,0.338596613856067
9.07,0.102025000000095,0.108339545802725,0.388179721236094
9.072,0.102016000000095,0.108287533754532,0.438626444856219
9.074,0.102007000000095,0.108235791493925,0.489475651591732
9.076,0.101998000000095,0.108185015137646,0.541673385428497
9.078,0.101989000000095,0.108134594422871,0.59433896307249
9.08,0.101980000000095,0.108084916535958,0.647981725360077
9.082,0.101982000000095,0.108036021284857,0.702585906899055
9.084,0.101984000000095,0.107987560773068,0.757724138552545
9.086,0.101986000000095,0.107940368703736,0.814283553225474
9.088,0.101988000000095,0.107893619494737,0.871285523865949
9.09,0.101990000000095,0.10784787458344,0.929275593319515
9.092,0.102004000000096,0.107802906145232,0.987916708313175
9.094,0.102018000000096,0.107758781255888,1.04721058768987
9.096,0.102032000000096,0.107715496615093,1.10706866537525
9.098,0.102046000000096,0.107673487692692,1.16755144107863
9.1,0.102060000000096,0.10763200843072,1.22820364882712
9.102,0.102085000000096,0.107591545579763,1.28916139693266
9.104,0.102110000000096,0.107552106425441,1.35020936815685
9.106,0.102135000000096,0.107513210334875,1.41129294430437
9.108,0.102160000000096,0.107475781265507,1.47219204284932
9.11,0.102185000000096,0.107438962128971,1.53288277090595
9.112,0.102220000000096,0.107403069405433,1.59325700980378
9.114,0.102255000000096,0.107368344858154,1.65297451514209
9.116,0.102290000000096,0.107334175678047,1.71233873978891
9.118,0.102325000000096,0.107301374388207,1.77062047304615
9.12,0.102360000000096,0.107269306357994,1.82814395811345
9.122,0.102404000000096,0.107238048064348,1.88483011181471
9.124,0.102448000000096,0.10720806754494,1.93986039368667
9.126,0.102492000000096,0.107178678821868,1.994010428317
9.128,0.102536000000096,0.107150696650008,2.04586692255974
9.13,0.102580000000096,0.107122775856917,2.09760084602952
9.132,0.102632000000096,0.10709673258073,2.14558544863558
9.134,0.102684000000097,0.107070689304542,2.19357005124168
9.136,0.102736000000097,0.107046280412218,2.23757280594856
9.138,0.102788000000097,0.107022117284239,2.28097680520605
9.14,0.102840000000097,0.106999245901392,2.32069014285172
9.142,0.102899000000097,0.106976910078656,2.35887332482285
9.144,0.102958000000097,0.10695555360615,2.39393905876713
9.146,0.103017000000097,0.106935016272174,2.42639732735833
9.148,0.103076000000097,0.106915170252659,2.45654867121793
9.15,0.103135000000097,0.106896441843663,2.48297053522976
9.152,0.103200000000097,0.106878123170176,2.50804434117518
9.154,0.103265000000097,0.106861258917946,2.52833300093445
9.156,0.103330000000097,0.106844507012498,2.54827481519663
9.158,0.103395000000097,0.10682959917836,2.56252347273381
9.16,0.103460000000097,0.106814691344221,2.576772130271
9.162,0.103530000000097,0.106801633300764,2.58581048614536
9.164,0.103600000000097,0.106788792150029,2.59423792072696
9.166,0.103670000000097,0.106777541980931,2.59859331168388
9.168,0.103740000000098,0.106766872282849,2.60146301403082
9.17,0.103810000000098,0.106757677512707,2.60087485696585
9.172,0.103884000000098,0.106749594006356,2.59768142417812
9.174,0.103958000000098,0.106741510500005,2.59448799139039
9.176,0.104032000000098,0.106735401695766,2.58689519781548
9.178,0.104106000000098,0.106729857299073,2.57804498297915
9.18,0.104180000000098,0.106725995520787,2.56557682980726
9.182,0.104257000000098,0.106722574764016,2.55216039945482
9.184,0.104334000000098,0.106720860823582,2.5351362298572
9.186,0.104411000000098,0.106719555236274,2.51724891431637
9.188,0.104488000000098,0.10671997645217,2.49578589839462
9.19,0.104565000000098,0.10672077273947,2.47354622016629
9.192,0.104644000000098,0.106723318602081,2.44780879374583
9.194,0.104723000000098,0.106726207264786,2.42138604192082
9.196,0.104802000000098,0.106731192933067,2.39105051381467
9.198,0.104881000000098,0.106736546398814,2.36002871705361
9.2,0.104960000000098,0.106742340244459,2.3282568816621
9.202,0.105040000000098,0.106750534097745,2.2923974427106
9.204,0.105120000000098,0.106758727951031,2.25653800375907
9.206,0.105200000000098,0.106768031196395,2.21896920783113
9.208,0.105280000000098,0.106778640425131,2.17938814605806
9.21,0.105360000000098,0.106790355499512,2.13826467086563
9.212,0.105440000000098,0.106802942016328,2.09592572359347
9.214,0.105520000000099,0.106816811360555,2.0519283304797
9.216,0.105600000000099,0.106831343785297,2.00707370348509
9.218,0.105680000000099,0.106847201214408,1.96062434235156
9.22,0.105760000000099,0.10686377044982,1.91334828588561
9.222,0.105840000000099,0.106881599449653,1.8646856860975
9.224,0.105920000000099,0.106900374198246,1.81510176690361
9.226,0.106000000000099,0.106919806295504,1.76488955428858
9.228,0.106080000000099,0.106940698960856,1.71350823762859
9.23,0.106160000000099,0.106962483769435,1.66166767123953
9.232,0.106240000000099,0.10698525793057,1.60931781454891
9.234,0.106320000000099,0.107008506876649,1.55685912413753
9.236,0.106400000000099,0.107033278193152,1.50405146470392
9.238,0.106480000000099,0.107059002947666,1.4513662563426
9.24,0.106560000000099,0.107085570917148,1.39878934298923
9.242,0.106640000000099,0.107113670854654,1.34686191603895
9.244,0.106720000000099,0.107142321853506,1.29522585625834
9.246,0.106800000000099,0.107172662866391,1.24474391652448
9.248,0.106880000000099,0.107203800348089,1.19497687131192
9.25,0.1069600000001,0.107236086309365,1.14624067846399
9.252,0.1070400000001,0.107269742000642,1.09896837245778
9.254,0.1071200000001,0.10730397789333,1.05231615158546
9.256,0.1072000000001,0.107340131995468,1.0079693099785
9.258,0.1072800000001,0.107376837008274,0.964340127171475
9.26,0.1073600000001,0.107414879844427,0.922455905404585
9.262,0.1074400000001,0.107453977464661,0.882031780739016
9.264,0.1075200000001,0.107493834882585,0.842659414839849
9.266,0.1076000000001,0.107535212514828,0.805490839399842
9.268,0.1076800000001,0.107577086445258,0.769057938742973
9.27,0.1077600000001,0.107620343293995,0.734710564757237
9.272,0.1078400000001,0.107664329758321,0.701505704890935
9.274,0.1079200000001,0.10770917233475,0.669641441612508
9.276,0.1080000000001,0.107755158788722,0.639639042000005
9.278,0.1080800000001,0.107801587607762,0.610361206182039
9.28,0.1081600000001,0.107849411401637,0.5834480111891
9.282,0.1082400000001,0.107897714894644,0.557382513904401
9.284,0.1083200000001,0.107946953956077,0.532970301263496
9.286,0.1084000000001,0.107997062620088,0.510158666184611
9.288,0.1084800000001,0.108047677874827,0.488279454459018
9.29,0.1085600000001,0.108099534659575,0.468773292691519
9.292,0.1086400000001,0.108151777972552,0.45002433676457
9.294,0.108720000000101,0.108205047194841,0.433302381619625
9.296,0.108800000000101,0.108258970976941,0.417909810679692
9.298,0.108880000000101,0.108313521836206,0.403790807813592
9.3,0.108960000000101,0.108369078551537,0.391758777588877
9.302,0.109040000000101,0.108424998918573,0.380484919017417
9.304,0.109120000000101,0.10848202197189,0.371533153403684
9.306,0.109200000000101,0.108539558682041,0.363671520117779
9.308,0.109280000000101,0.108597900313607,0.357518169093404
9.31,0.109360000000101,0.108656654603244,0.352238809820705
9.312,0.109440000000101,0.108716399821709,0.349058194484115
9.314,0.109520000000101,0.108776411190155,0.346432753172427
9.316,0.109600000000101,0.10883749754244,0.34604966822967
9.318,0.109680000000101,0.108898714279583,0.345929596397298
9.32,0.109760000000101,0.108961067729116,0.348102507555241
9.322,0.109840000000101,0.109023429844381,0.350291901311439
9.324,0.109920000000101,0.109086962401614,0.354707526620193
9.326,0.110000000000102,0.109150494958848,0.35912315192895
9.328,0.110080000000102,0.109215010412837,0.365237926156209
9.33,0.110160000000102,0.109279620946077,0.371517065364613
9.332,0.110240000000102,0.109345022057532,0.378970170980688
9.334,0.110320000000102,0.109410601143062,0.386687558590176
9.336,0.110400000000102,0.109476799304103,0.39512435451854
9.338,0.110480000000102,0.109543237386026,0.403839955012866
9.34,0.110560000000102,0.109610149993473,0.412918226019765
9.342,0.110640000000102,0.109677347139829,0.422213964511132
9.344,0.110720000000102,0.10974490319832,0.431625089017678
9.346,0.110800000000102,0.109812778056265,0.441138703786066
9.348,0.110880000000102,0.109880922371394,0.450623884692604
9.35,0.110960000000102,0.109949418036669,0.46007199016717
9.352,0.111040000000102,0.110018113328066,0.469431219868471
9.354,0.111120000000102,0.110087198744476,0.4786167615684
9.356,0.111200000000102,0.110156425374885,0.487709453718395
9.358,0.111280000000102,0.110226092059755,0.496512805867594
9.36,0.111360000000102,0.110295845443988,0.505250298690195
9.362,0.111440000000102,0.110366100359574,0.513606813886733
9.364,0.111520000000102,0.110436386448219,0.521938100020046
9.366,0.111600000000102,0.110507242707263,0.529807934326163
9.368,0.111680000000102,0.110578098966307,0.537677768632286
9.37,0.111760000000102,0.110649540084549,0.545039617530761
9.372,0.111840000000103,0.110721007936759,0.552378246369789
9.374,0.111920000000103,0.110793003065764,0.559199443300982
9.376,0.112000000000103,0.110865083505588,0.565936922268376
9.378,0.112080000000103,0.110937623801916,0.572133476193681
9.38,0.112160000000103,0.111010305215301,0.578164035402031
9.382,0.112239000000103,0.111083371244466,0.583621819305246
9.384,0.112318000000103,0.111156627024259,0.588797023864673
9.386,0.112397000000103,0.111230186608418,0.593365536572091
9.388,0.112476000000103,0.111303971586813,0.597483941044256
9.39,0.112555000000103,0.111377977208415,0.600968862495157
9.392,0.112632000000103,0.11145222326953,0.603763464256625
9.394,0.112709000000103,0.111526598801316,0.606006287665451
9.396,0.112786000000103,0.111601182922055,0.607360146283373
9.398,0.112863000000103,0.111675929372459,0.607561938106412
9.4,0.112940000000103,0.111750745621039,0.607168631576822
9.402,0.113014000000103,0.111825680301211,0.605175243958139
9.404,0.113088000000103,0.111900635753724,0.602168367013026
9.406,0.113162000000104,0.111975613475764,0.598074952559984
9.408,0.113236000000104,0.112050531205534,0.591684144149693
9.41,0.113310000000104,0.112125438277766,0.584885207145728
9.412,0.113380000000104,0.112200129502976,0.574815647529113
9.414,0.113450000000104,0.112274778185562,0.56410146066552
9.416,0.113520000000104,0.11234932924883,0.55237090124321
9.418,0.113590000000104,0.11242351204854,0.536806131672905
9.42,0.113660000000104,0.11249769484825,0.521241362102613
9.422,0.113725000000104,0.112571580840055,0.503123504169089
9.424,0.113790000000104,0.112645255161164,0.48318489287786
9.426,0.113855000000104,0.112718620741834,0.460847536005397
9.428,0.113920000000104,0.112791827881822,0.437279181065443
9.43,0.113985000000104,0.112864697510221,0.411202628067821
9.432,0.114044000000104,0.1129374473166,0.384235624584898
9.434,0.114103000000104,0.113009848706299,0.354764073558688
9.436,0.114162000000104,0.113082171080548,0.324724530341157
9.438,0.114221000000104,0.113154138528593,0.292256590145123
9.44,0.114280000000104,0.113226063128247,0.259495482235932
9.442,0.114332000000105,0.113297610822535,0.224391779841691
9.444,0.114384000000105,0.113369123732206,0.189096221422857
9.446,0.114436000000105,0.113440167806357,0.151385152999621
9.448,0.114488000000105,0.113511211880509,0.113674084576352
9.45,0.114540000000105,0.113581948626698,0.0746542778082474
9.452,0.114584000000105,0.113652422529451,0.0345151674773786
9.454,0.114628000000105,0.113722494383744,-0.00701502361233936
9.456,0.114672000000105,0.113792357434838,-0.0492676701794709
9.458,0.114716000000105,0.113861713662105,-0.0930515534550889
9.46,0.114760000000105,0.113930731742781,-0.137793390009547
9.462,0.114795000000105,0.113999269114411,-0.183828963193061
9.464,0.114830000000105,0.114067206104748,-0.231335848234362
9.466,0.114865000000105,0.114134702336378,-0.279850788761029
9.468,0.114900000000105,0.114201544740269,-0.329803503757885
9.47,0.114935000000105,0.114267916166768,-0.38067232016555
9.472,0.114960000000105,0.11433363890614,-0.432802902431965
9.474,0.114985000000105,0.114398734684862,-0.485963341144539
9.476,0.115010000000105,0.114463289084608,-0.540013058363634
9.478,0.115035000000105,0.114527064982829,-0.595084111611607
9.48,0.115060000000105,0.114590426476345,-0.650698832972261
9.482,0.115074000000106,0.114652858331599,-0.70721431911583
9.484,0.115088000000106,0.114715010292501,-0.764001006419588
9.486,0.115102000000106,0.114776068405837,-0.821498956398763
9.488,0.115116000000106,0.114836983066677,-0.879090003450729
9.49,0.115130000000106,0.114896609171619,-0.937195558019989
9.492,0.115132000000106,0.114956074872086,-0.995340189125182
9.494,0.115134000000106,0.115014324639268,-1.05378103678639
9.496,0.115136000000106,0.115072226112321,-1.11228404450157
9.498,0.115138000000106,0.115128978022079,-1.17099221478065
9.5,0.115140000000106,0.115185403523009,-1.2297545756399
9.502,0.115131000000106,0.115240415408459,-1.28875739988058
9.504,0.115122000000106,0.115294737794184,-1.34788075906042
9.506,0.115113000000106,0.115347919448339,-1.40719330088718
9.508,0.115104000000106,0.115400442470051,-1.46661062964281
9.51,0.115095000000106,0.115451427717533,-1.52619543881696
9.512,0.115076000000106,0.115501648021279,-1.58578551852102
9.514,0.115057000000106,0.115550943834803,-1.64537475591077
9.516,0.115038000000107,0.115598757265295,-1.70469359251097
9.518,0.115019000000107,0.115645878374699,-1.76376539893324
9.52,0.115000000000107,0.115691872869503,-1.82230972848393
9.522,0.114972000000107,0.115736879637058,-1.88015700213007
9.524,0.114944000000107,0.115780720032375,-1.93680866866975
9.526,0.114916000000107,0.11582365271213,-1.99219734865099
9.528,0.114888000000107,0.115865711114587,-2.04610231119697
9.53,0.114860000000107,0.115906875472993,-2.09817549516432
9.532,0.114824000000107,0.115947410801949,-2.14883221713414
9.534,0.114788000000107,0.115986782100612,-2.19635663221616
9.536,0.114752000000107,0.116025437299151,-2.24162773494324
9.538,0.114716000000107,0.116063422214286,-2.28477587395297
9.54,0.114680000000107,0.116100622955191,-2.32518593829517
9.542,0.114637000000107,0.116137071364942,-2.36296911336589
9.544,0.114594000000107,0.116172822337836,-2.39819054492546
9.546,0.114551000000107,0.116207911265227,-2.43098011153917
9.548,0.114508000000107,0.116241814066048,-2.45938949748615
9.55,0.114465000000107,0.116275108493136,-2.48561042255763
9.552,0.114416000000108,0.116307781415294,-2.50959565080526
9.554,0.114367000000108,0.116339195832338,-2.52926268757885
9.556,0.114318000000108,0.116369957046435,-2.54682387622523
9.558,0.114269000000108,0.116400015768289,-2.56212491203523
9.56,0.114220000000108,0.11642872600345,-2.57341248159475
9.562,0.114166000000108,0.116456720721755,-2.58273622609142
9.564,0.114112000000108,0.116483914186627,-2.58987498414141
9.566,0.114058000000108,0.116509369642006,-2.59276653242572
9.568,0.114004000000108,0.116534720380516,-2.59540218192731
9.57,0.113950000000108,0.116558368404359,-2.59425291489027
9.572,0.113892000000108,0.116581384602194,-2.59177053041542
9.574,0.113834000000108,0.116602882692064,-2.58624124590729
9.576,0.113776000000108,0.116623420364507,-2.57891718543479
9.578,0.113718000000108,0.116643027733282,-2.56985462395985
9.58,0.113660000000108,0.116661036379472,-2.55793730843919
9.582,0.113599000000108,0.116678417490506,-2.54490740796225
9.584,0.113538000000108,0.116694211659856,-2.52908376563062
9.586,0.113477000000108,0.116709078576617,-2.51159841370173
9.588,0.113416000000108,0.116723001004806,-2.49242046393868
9.59,0.113355000000108,0.116735424033532,-2.47043180145971
9.592,0.113292000000109,0.116747230361853,-2.44724725082878
9.594,0.113229000000109,0.116757397673348,-2.42077083515632
9.596,0.113166000000109,0.116767340948795,-2.39381312905647
9.598,0.113103000000109,0.11677547414536,-2.36296688069836
9.6,0.113040000000109,0.116783477820034,-2.33182936487961
9.602,0.112976000000109,0.116789666091677,-2.29660938993586
9.604,0.112912000000109,0.116795810658813,-2.26129254452083
9.606,0.112848000000109,0.116800102879436,-2.22186999714453
9.608,0.112784000000109,0.116804395100059,-2.1824474497682
9.61,0.112720000000109,0.116807090297684,-2.13974266327742
9.612,0.112656000000109,0.116809047676332,-2.09572499478274
9.614,0.112592000000109,0.116810270704007,-2.05042373607092
9.616,0.112528000000109,0.116810096274799,-2.00309220604135
9.618,0.112464000000109,0.116809091695663,-1.95482955345121
9.62,0.112400000000109,0.116807284059842,-1.90571430429609
9.622,0.112336000000109,0.116803899073886,-1.8553809010415
9.624,0.11227200000011,0.116799917112454,-1.80477174825741
9.626,0.11220800000011,0.11679459303544,-1.75354265754608
9.628,0.11214400000011,0.116788201654211,-1.70212588421731
9.63,0.11208000000011,0.116780884067963,-1.65054624019114
9.632,0.11201600000011,0.11677202422939,-1.59905017130557
9.634,0.11195200000011,0.116762685119357,-1.54758007429183
9.636,0.11188800000011,0.11675134451357,-1.49657912337439
9.638,0.11182400000011,0.116739549989309,-1.44574565378572
9.64,0.11176000000011,0.116726196182136,-1.39549683516228
9.642,0.11169600000011,0.116711974794509,-1.34567198210376
9.644,0.11163200000011,0.116696673530325,-1.29637483857565
9.646,0.11156800000011,0.116680099560377,-1.24782876461734
9.648,0.11150400000011,0.116662907259447,-1.19964759007032
9.65,0.11144000000011,0.116644062556942,-1.15261309833302
9.652,0.11137600000011,0.116624806408975,-1.10589114056481
9.654,0.11131200000011,0.116603991488462,-1.06043478993602
9.656,0.11124800000011,0.11658255256536,-1.01557107066641
9.658,0.11118400000011,0.116559982848968,-0.971781294962835
9.66,0.11112000000011,0.116536400390719,-0.929110646939644
9.662,0.11105600000011,0.116512093923617,-0.887240062962501
9.664,0.11099200000011,0.116486385136968,-0.847149000325401
9.666,0.110928000000111,0.116460282854139,-0.807567895792937
9.668,0.110864000000111,0.116432519116467,-0.770362652877546
9.67,0.110800000000111,0.116404297919366,-0.733879275222498
9.672,0.110736000000111,0.116374812485487,-0.699390847390898
9.674,0.110672000000111,0.116344401675543,-0.666491304699349
9.676,0.110608000000111,0.116313040082017,-0.635224272250804
9.678,0.110544000000111,0.116280954192557,-0.605282420650041
9.68,0.110480000000111,0.11624758536785,-0.577687843330419
9.682,0.110416000000111,0.11621377322214,-0.550946871054008
9.684,0.110352000000111,0.116178463903046,-0.527088673885271
9.686,0.110288000000111,0.116142995562292,-0.503546885080364
9.688,0.110224000000111,0.116106031012727,-0.482982130861476
9.69,0.110160000000111,0.116068450384235,-0.463671498760188
9.692,0.110096000000111,0.116030106468163,-0.445914654326133
9.694,0.110032000000111,0.115990710135229,-0.430327316416904
9.696,0.109968000000112,0.115950859818047,-0.415678544727048
9.698,0.109904000000112,0.11590993525807,-0.403259841789185
9.7,0.109840000000112,0.115868315393525,-0.392285556492719
9.702,0.109776000000112,0.11582599559079,-0.382765314672928
9.704,0.109712000000112,0.115783168159371,-0.374287879052868
9.706,0.109648000000112,0.115739071907664,-0.368416942438393
9.708,0.109584000000112,0.115694975655958,-0.362546005823913
9.71,0.109520000000112,0.115650507421605,-0.357421852696328
9.712,0.109456000000112,0.115604712488177,-0.354961148980621
9.714,0.109392000000112,0.115558917554749,-0.352500445264912
9.716,0.109328000000112,0.115511965416712,-0.352256004903997
9.718,0.109264000000112,0.115464820713998,-0.352380361930469
9.72,0.109200000000112,0.115417117621428,-0.353516272563358
9.722,0.109136000000112,0.115368846422069,-0.355681339554559
9.724,0.109072000000112,0.11531999917621,-0.358816463190449
9.726,0.109008000000112,0.115270797941515,-0.362547700543855
9.728,0.108944000000112,0.115220943192375,-0.367296151856585
9.73,0.108880000000112,0.115170862485223,-0.372396313287976
9.732,0.108816000000112,0.115119980985682,-0.3786231203082
9.734,0.108752000000112,0.115068976397165,-0.385023102865377
9.736,0.108688000000113,0.115017309062473,-0.392231671431529
9.738,0.108624000000113,0.114965179669307,-0.400003976206979
9.74,0.108560000000113,0.114913050276142,-0.407776280982435
9.742,0.108496000000113,0.114860251072563,-0.416212182291042
9.744,0.108432000000113,0.114806899860079,-0.425194971475918
9.746,0.108368000000113,0.114753548647596,-0.434177760660802
9.748,0.108304000000113,0.114699693728618,-0.44352043964495
9.75,0.108240000000113,0.114645349413383,-0.453212784005716
9.752,0.108176000000113,0.114590765113142,-0.462987951523555
9.754,0.108112000000113,0.114535649331486,-0.47294654287057
9.756,0.108048000000113,0.114480452022869,-0.482899469571811
9.758,0.107984000000113,0.114424626990479,-0.4928087808512
9.76,0.107920000000113,0.114368801958088,-0.50271809213058
9.762,0.107856000000113,0.11431238514547,-0.512283637375621
9.764,0.107792000000113,0.114255916047345,-0.521818809890415
9.766,0.107728000000113,0.114198983926383,-0.530786530303131
9.768,0.107664000000113,0.114141874135761,-0.539536509788037
9.77,0.107600000000114,0.114084732439408,-0.548226555539777
9.772,0.107536000000114,0.114026983042355,-0.555775058055015
9.774,0.107472000000114,0.113969233645302,-0.563323560570252
9.776,0.107408000000114,0.113911300349313,-0.570427032696765
9.778,0.107344000000114,0.113853063254409,-0.576795319765108
9.78,0.107280000000114,0.113794578550426,-0.582461661903338
9.782,0.107217000000114,0.113735979731955,-0.58780450182156
9.784,0.107154000000114,0.113677029546696,-0.592070999277057
9.786,0.107091000000114,0.113617972979387,-0.595987290580303
9.788,0.107028000000114,0.113558674157537,-0.599104567414668
9.79,0.106965000000114,0.113499174337129,-0.601488104573941
9.792,0.106904000000114,0.113439544313345,-0.603396337905423
9.794,0.106843000000114,0.113379595336456,-0.603881753073772
9.796,0.106782000000114,0.113319616473202,-0.604233848132917
9.798,0.106721000000114,0.113259442921323,-0.603461715537628
9.8,0.106660000000114,0.113199163896093,-0.6020805280505
9.802,0.106602000000115,0.113138706746999,-0.599097648877718
9.804,0.106544000000115,0.113078211433243,-0.595571163444716
9.806,0.106486000000115,0.113017626114857,-0.590546504642281
9.808,0.106428000000115,0.112957023426582,-0.584404855945892
9.81,0.106370000000115,0.112896404299484,-0.577206090534577
9.812,0.106316000000115,0.112835827164182,-0.568072325879094
9.814,0.106262000000115,0.112775272910958,-0.55822284042552
9.816,0.106208000000115,0.112714844468976,-0.545977997480852
9.818,0.106154000000115,0.112654526311094,-0.532410367634001
9.82,0.106100000000115,0.112594388911989,-0.516674652420033
9.822,0.106051000000115,0.112534251512884,-0.500938937206065
9.824,0.106002000000115,0.112474551842722,-0.48119688021121
9.826,0.105953000000115,0.112414892375004,-0.461086867814928
9.828,0.105904000000115,0.11235551388966,-0.438907347931017
9.83,0.105855000000115,0.11229647491472,-0.414227246573431
9.832,0.105812000000115,0.112237435939779,-0.389547145215846
9.834,0.105769000000115,0.112179014815752,-0.360916951282859
9.836,0.105726000000115,0.112120717812592,-0.331576125533953
9.838,0.105683000000115,0.112062881721076,-0.299613092286967
9.84,0.105640000000116,0.112005296707213,-0.266341303408302
9.842,0.105604000000116,0.11194806246252,-0.231241111542678
9.844,0.105568000000116,0.111891210674706,-0.194313196056227
9.846,0.105532000000116,0.111834582665579,-0.156315864339014
9.848,0.105496000000116,0.111778458078204,-0.116132860206732
9.85,0.105460000000116,0.111722464375549,-0.0754026340573357
9.852,0.105432000000116,0.111667088729389,-0.0323290071303253
9.854,0.105404000000116,0.111611713083229,0.0107446197966852
9.856,0.105376000000116,0.111556835388152,0.0554428173751606
9.858,0.105348000000116,0.111502134189077,0.100690250316797
9.86,0.105320000000116,0.111447939797606,0.14727137080407
9.862,0.105301000000116,0.111393957637534,0.194305552229996
9.864,0.105282000000116,0.111340343110748,0.242124538747282
9.866,0.105263000000116,0.1112871474257,0.290675641212483
9.868,0.105244000000116,0.111234172108794,0.339611936980026
9.87,0.105225000000117,0.111181884371798,0.389574927766603
9.872,0.105216000000117,0.111129834100161,0.439863972564159
9.874,0.105207000000117,0.11107842982582,0.491024096349302
9.876,0.105198000000117,0.111027536630827,0.54283395609827
9.878,0.105189000000117,0.110977109578857,0.595236424191814
9.88,0.105180000000117,0.110927592084591,0.648749646526371
9.882,0.105182000000117,0.110878412526608,0.702668735211784
9.884,0.105184000000117,0.110830363373963,0.757907876584079
9.886,0.105186000000117,0.110782814262958,0.813696517850864
9.888,0.105188000000117,0.110736044857961,0.870341984497848
9.89,0.105190000000117,0.110690430962371,0.928143293920461
9.892,0.105204000000117,0.110645500837851,0.986557617044591
9.894,0.105218000000117,0.110601318420184,1.04562720193189
9.896,0.105232000000117,0.11055843047538,1.10563248964019
9.898,0.105246000000117,0.110516258664293,1.16603753959086
9.9,0.105260000000117,0.110474806531255,1.22683333722497
9.902,0.105285000000117,0.110434735187008,1.28810047634492
9.904,0.105310000000118,0.110395385708074,1.34945696036735
9.906,0.105335000000118,0.110356756766369,1.41088953102278
9.908,0.105360000000118,0.11031942426928,1.47218887521574
9.91,0.105385000000118,0.110282913362505,1.53321198160006
9.912,0.105420000000118,0.110247168610925,1.5939147065047
9.914,0.105455000000118,0.110212463390848,1.65402676255406
9.916,0.105490000000118,0.110178786967277,1.71331605302862
9.918,0.105525000000118,0.110145867832745,1.77188957433181
9.92,0.105560000000118,0.11011376318487,1.82962589233609
9.922,0.105604000000118,0.110082891980894,1.88581849705031
9.924,0.105648000000118,0.110052847158466,1.94078894588667
9.926,0.105692000000118,0.110023462778692,1.99477126420097
9.928,0.105736000000118,0.109995335116579,2.04656515226384
9.93,0.105780000000118,0.109967654133477,2.09753069674335
9.932,0.105832000000118,0.109941812129319,2.14463686750486
9.934,0.105884000000118,0.109915970125162,2.19174303826637
9.936,0.105936000000118,0.109890846993758,2.23712088836965
9.938,0.105988000000118,0.109867056453821,2.27929490949196
9.94,0.106040000000119,0.10984392274543,2.31963858863888
9.942,0.106099000000119,0.109821816778254,2.35711834034551
9.944,0.106158000000119,0.109800425952774,2.39241365355009
9.946,0.106217000000119,0.109779985428178,2.42480622195425
9.948,0.106276000000119,0.109760326788437,2.45468360159806
9.95,0.106335000000119,0.109741553783583,2.48171204651991
9.952,0.106400000000119,0.109723644542044,2.50594688363848
9.954,0.106465000000119,0.109706570582933,2.52748022664023
9.956,0.106530000000119,0.109690461141056,2.54601264593489
9.958,0.106595000000119,0.10967514766123,2.56206857096548
9.96,0.106660000000119,0.109660916752882,2.57498779771468
9.962,0.106730000000119,0.109647446379339,2.58570341179684
9.964,0.106800000000119,0.109635186764103,2.59319916911767
9.966,0.106870000000119,0.109623647877372,2.59877824121628
9.968,0.106940000000119,0.109613622431875,2.60067331702224
9.97,0.107010000000119,0.109604354807906,2.60072371485493
9.972,0.107084000000119,0.109595622301182,2.59955020784946
9.974,0.10715800000012,0.109588946462986,2.59367274747559
9.976,0.10723200000012,0.10958227062479,2.58779528710172
9.978,0.10730600000012,0.10957732265058,2.57809977294683
9.98,0.10738000000012,0.10957296115446,2.56710832062393
9.982,0.10745700000012,0.109570308387421,2.55237604722017
9.984,0.10753400000012,0.109567949195752,2.5370010663533
9.986,0.10761100000012,0.109567490390755,2.51746624454627
9.988,0.10768800000012,0.109567241540546,2.49747496239164
9.99,0.10776500000012,0.109568819742631,2.47352782263151
9.992,0.10784400000012,0.109570780309369,2.44879005641247
9.994,0.10792300000012,0.109574559096951,2.42029270234149
9.996,0.10800200000012,0.109578337884533,2.39179534827049
9.998,0.10808100000012,0.109583841927879,2.35998082335227
10,0.10816000000012,0.109589783913652,2.32732426104765
10.002,0.108240000000121,0.109597614505303,2.29144304150904
10.004,0.108320000000121,0.109605832561891,2.25497929686731
10.006,0.108400000000121,0.109615577020295,2.21622071909676
10.008,0.108480000000121,0.109626103068538,2.1764342925107
10.01,0.108560000000121,0.109637777842,2.13513720675598
10.012,0.108640000000121,0.109650624392025,2.09248010930372
10.014,0.108720000000121,0.109664228479161,2.04894378336732
10.016,0.108800000000121,0.109679376719557,2.00379180070265
10.018,0.108880000000121,0.109694910487357,1.95823829296348
10.02,0.108960000000121,0.109712286530733,1.91090665336385
10.022,0.109040000000121,0.10973005190517,1.86322594531341
10.024,0.109120000000121,0.10974924125178,1.81426852494719
10.026,0.109200000000121,0.10976916706261,1.76471614176512
10.028,0.109280000000121,0.109790121834951,1.71433249777896
10.03,0.109360000000121,0.109812152790449,1.66323510525944
10.032,0.109440000000121,0.109834844432034,1.61169953107714
10.034,0.109520000000121,0.109858965921096,1.55953420259718
10.036,0.109600000000121,0.109883440453448,1.50722620381171
10.038,0.109680000000121,0.109909647947052,1.45466518924163
10.04,0.109760000000121,0.109936273489789,1.40218199438426
10.042,0.109840000000122,0.10996432289336,1.34996385076589
10.044,0.109920000000122,0.109993196936006,1.2981690305118
10.046,0.110000000000122,0.110023166711277,1.24693669781697
10.048,0.110080000000122,0.110054395607939,1.19671597178613
10.05,0.110160000000122,0.110086358080873,1.14708461755748
10.052,0.110240000000122,0.110120023903521,1.09922746849328
10.054,0.110320000000122,0.110154103590945,1.05181540826916
10.056,0.110400000000122,0.110190163935405,1.00683335184972
10.058,0.110480000000122,0.11022671082478,0.962515740257792
10.06,0.110560000000122,0.110264805034114,0.920311209521049
10.062,0.110640000000122,0.110303773048391,0.879388546793016
10.064,0.110720000000122,0.110343845654683,0.840086315694432
10.066,0.110800000000122,0.110385140926507,0.802667401885862
10.068,0.110880000000122,0.110427111714564,0.766289010911331
10.07,0.110960000000123,0.110470609196916,0.732345131885738
10.072,0.111040000000123,0.110514466906688,0.698979330323265
10.074,0.111120000000123,0.11055994514577,0.66826843521448
10.076,0.111200000000123,0.110605828006754,0.638236897859502
10.078,0.111280000000123,0.110652915216854,0.610227455473784
10.08,0.111360000000123,0.110700694381957,0.583410158071857
10.082,0.111440000000123,0.110749305956914,0.558026990387145
10.084,0.111520000000123,0.110798871627923,0.534335810393681
10.086,0.111600000000123,0.110848936772468,0.511530393500447
10.088,0.111680000000123,0.110900201578905,0.490921086281655
10.09,0.111760000000123,0.110951746434622,0.470829475197158
10.092,0.111840000000123,0.111004560487279,0.453138402341987
10.094,0.111920000000123,0.111057721556378,0.436124319123653
10.096,0.112000000000123,0.111111851383505,0.421000172707429
10.098,0.112080000000123,0.111166580070218,0.407076307985942
10.1,0.112160000000123,0.111221994488622,0.394526840897882
10.102,0.112240000000124,0.111278248652445,0.383696985753926
10.104,0.112320000000124,0.111334918974827,0.373719330828682
10.106,0.112400000000124,0.111392659018214,0.365965344321933
10.108,0.112480000000124,0.111450660371755,0.358756162857877
10.11,0.112560000000124,0.11150995936549,0.35426471645925
10.112,0.112640000000124,0.111569258359224,0.349773270060619
10.114,0.112720000000124,0.111629577109137,0.347408421694164
10.116,0.112800000000124,0.111690432879426,0.346163474830515
10.118,0.112880000000124,0.111751605766714,0.3455681804619
10.12,0.112960000000124,0.111813802152665,0.347069646784357
10.122,0.113040000000124,0.111876360859512,0.349285079422745
10.124,0.113120000000124,0.111939681334544,0.353001603579388
10.126,0.113200000000124,0.112003432334734,0.357515889393506
10.128,0.113280000000124,0.112067807754191,0.363187221990747
10.13,0.113360000000124,0.112132662839138,0.369663526479887
10.132,0.113440000000124,0.112198009476452,0.376964751352238
10.134,0.113520000000124,0.112263864026259,0.384992885218099
10.136,0.113600000000124,0.11233008689048,0.393548139527556
10.138,0.113680000000125,0.112396826641013,0.402670936716726
10.14,0.113760000000125,0.11246382626762,0.412079078693655
10.142,0.113840000000125,0.112531396814605,0.421839233512426
10.144,0.113920000000125,0.112599156437133,0.431715966792095
10.146,0.114000000000125,0.112667161001616,0.441607181134038
10.148,0.114080000000125,0.112735660213796,0.451527639237257
10.15,0.114160000000125,0.112804159425975,0.461448097340475
10.152,0.114240000000125,0.112873191501011,0.471098634579461
10.154,0.114320000000125,0.112942297864662,0.480701556775428
10.156,0.114400000000125,0.113011858059692,0.489871689145153
10.158,0.114480000000125,0.113081504159594,0.498942170543071
10.16,0.114560000000125,0.113151534701914,0.507566692825202
10.162,0.114640000000125,0.113221717860283,0.516005386356642
10.164,0.114720000000126,0.113292227749531,0.524046244983741
10.166,0.114800000000126,0.113362963285318,0.531819711729474
10.168,0.114880000000126,0.113433970056348,0.539271763830488
10.17,0.114960000000126,0.113505339354353,0.546315842026874
10.172,0.115040000000126,0.113576960716306,0.553076257159112
10.174,0.115120000000126,0.113648607172961,0.559808842904259
10.176,0.115200000000126,0.113720877502839,0.565849569099181
10.178,0.115280000000126,0.113793178047166,0.57185484924044
10.18,0.115360000000126,0.113866022354912,0.577222213810542
10.182,0.115439000000126,0.113938904029613,0.58253864193867
10.184,0.115518000000126,0.114012309299556,0.587141335736461
10.186,0.115597000000126,0.114085756974752,0.591669792255347
10.188,0.115676000000126,0.114159688468527,0.595351245826384
10.19,0.115755000000126,0.114233663995745,0.598923469793052
10.192,0.115832000000127,0.114308061176559,0.601449737511014
10.194,0.115909000000126,0.114382499361211,0.603816524421436
10.196,0.115986000000127,0.114457274361198,0.604873297842004
10.198,0.116063000000127,0.114532079645412,0.605734447370877
10.2,0.116140000000127,0.114607101864601,0.605194284415275
10.202,0.116214000000127,0.11468219887057,0.603651450812291
10.204,0.116288000000127,0.114757349292438,0.601293017659675
10.206,0.116362000000127,0.114832535744596,0.597110183581545
10.208,0.116436000000127,0.114907684181591,0.591557147340654
10.21,0.116510000000127,0.114982800532151,0.584847601461438
10.212,0.116580000000127,0.115057781553868,0.576024704785122
10.214,0.116650000000127,0.115132696597451,0.566171466474447
10.216,0.116720000000127,0.115207348416353,0.553521641816338
10.218,0.116790000000127,0.115281935337812,0.54018232518418
10.22,0.116860000000127,0.11535611923289,0.523370053967584
10.222,0.116925000000127,0.115430242636552,0.506067767308392
10.224,0.116990000000127,0.115503895643538,0.485183602108982
10.226,0.117055000000128,0.115577447285875,0.463581105065101
10.228,0.117120000000128,0.115650572651332,0.438957749547566
10.23,0.117185000000128,0.115723533421062,0.413211048041396
10.232,0.117244000000128,0.115796147736122,0.385099835196313
10.234,0.117303000000128,0.115868552677179,0.355584993072597
10.236,0.117362000000128,0.115940703814179,0.324368665572351
10.238,0.117421000000128,0.116012619487154,0.291602878441698
10.24,0.117480000000128,0.116084366048372,0.257724259578052
10.242,0.117532000000128,0.116155856699758,0.222248525221875
10.244,0.117584000000128,0.116227243820256,0.18612666178141
10.246,0.117636000000128,0.116298337195364,0.148387125966057
10.248,0.117688000000128,0.116369375421085,0.1103438793689
10.25,0.117740000000128,0.116440038506105,0.0706070895593
10.252,0.117784000000129,0.11651064249302,0.0306463492980664
10.254,0.117828000000129,0.116580821039699,-0.0108572413628483
10.256,0.117872000000129,0.116650859272096,-0.0527839268096346
10.258,0.117916000000129,0.116720432558031,-0.0961125823349078
10.26,0.117960000000129,0.116789765474718,-0.140081913333701
10.262,0.117995000000129,0.116858674369894,-0.185181422944609
10.264,0.118030000000129,0.116926949192718,-0.231817732514515
10.266,0.118065000000129,0.116994798435333,-0.27942458574422
10.268,0.118100000000129,0.117062206207632,-0.328026533520022
10.27,0.118135000000129,0.117128625248453,-0.378679208604931
10.272,0.118160000000129,0.117194792958317,-0.429806121788166
10.274,0.118185000000129,0.117260020701276,-0.482700909864175
10.276,0.118210000000129,0.117324728898464,-0.536445577840039
10.278,0.118235000000129,0.11738871760987,-0.591367190256372
10.28,0.11826000000013,0.117451994305251,-0.647270385274447
10.282,0.11827400000013,0.117514636470444,-0.703982709384475
10.284,0.11828800000013,0.117576510772,-0.761526249090086
10.286,0.11830200000013,0.117637584976189,-0.819709869528826
10.288,0.11831600000013,0.117698080380932,-0.878246105182975
10.29,0.11833000000013,0.117757994812264,-0.937085619618251
10.292,0.11833200000013,0.117816925363335,-0.996197694296957
10.294,0.11833400000013,0.117875257460664,-1.05536511044922
10.296,0.11833600000013,0.117932962326156,-1.11456555901575
10.298,0.11833800000013,0.11798970452965,-1.17374233862724
10.3,0.11834000000013,0.118045882502791,-1.23288296761026
10.302,0.11833100000013,0.11810117811858,-1.29196737347016
10.304,0.11832200000013,0.118155650252917,-1.35100130036891
10.306,0.11831300000013,0.118209091534532,-1.40999031852519
10.308,0.11830400000013,0.118261536940319,-1.46895037633745
10.31,0.118295000000131,0.118312889098968,-1.52786738872742
10.312,0.118276000000131,0.118363683720621,-1.58675916325737
10.314,0.118257000000131,0.118412958011817,-1.64551493809683
10.316,0.118238000000131,0.118461256429129,-1.70407553499626
10.318,0.118219000000131,0.118508622578369,-1.7623743328735
10.32,0.118200000000131,0.118554963110313,-1.82029270673041
10.322,0.118172000000131,0.118599957729805,-1.87738312629149
10.324,0.118144000000131,0.11864406851027,-1.93367403157274
10.326,0.118116000000131,0.118687312950889,-1.98904287794261
10.328,0.118088000000131,0.118729513191919,-2.0430138935027
10.33,0.118060000000131,0.118770666534981,-2.09509624089644
10.332,0.118024000000131,0.118811064646386,-2.14553513655356
10.334,0.117988000000131,0.11885072565359,-2.19421192663164
10.336,0.117952000000131,0.11888940269265,-2.24013377352691
10.338,0.117916000000131,0.11892701462769,-2.28251372059244
10.34,0.117880000000132,0.11896427027977,-2.32370888332456
10.342,0.117837000000132,0.119000721719955,-2.36197289745745
10.344,0.117794000000132,0.119036222167259,-2.39677078347944
10.346,0.117751000000132,0.119071468445196,-2.43060518247726
10.348,0.117708000000132,0.119105447216653,-2.45963480873501
10.35,0.117665000000132,0.119138739017764,-2.48611265598176
10.352,0.117616000000132,0.119171400257186,-2.51024825644173
10.354,0.117567000000132,0.119203000086922,-2.53061001517034
10.356,0.117518000000132,0.119233782970754,-2.54820519685375
10.358,0.117469000000132,0.119263747984636,-2.56313980410445
10.36,0.117420000000132,0.119292874981998,-2.57545492439404
10.362,0.117366000000132,0.119320885498744,-2.58449383564541
10.364,0.117312000000132,0.119347718757502,-2.59036940302811
10.366,0.117258000000133,0.119374189755288,-2.59528363595238
10.368,0.117204000000133,0.119398924810891,-2.59593171161459
10.37,0.117150000000133,0.119423121511084,-2.59538538339088
10.372,0.117092000000133,0.119446002999265,-2.59192110485201
10.374,0.117034000000133,0.119467826701614,-2.5863220004097
10.376,0.116976000000133,0.119488790049661,-2.57898652685397
10.378,0.116918000000133,0.119508156480354,-2.568676656497
10.38,0.116860000000133,0.119527023481701,-2.55744940012712
10.382,0.116799000000133,0.119544240914217,-2.54331157082492
10.384,0.116738000000133,0.119560355019094,-2.5272862623059
10.386,0.116677000000133,0.119575485557036,-2.50958187363187
10.388,0.116616000000133,0.119589567418937,-2.49009070105359
10.39,0.116555000000133,0.119602180712908,-2.46805591901461
10.392,0.116492000000134,0.119613726216728,-2.44409833131176
10.394,0.116429000000134,0.119624557603137,-2.41885148779349
10.396,0.116366000000134,0.119633889941434,-2.39074247468871
10.398,0.116303000000134,0.119642803490284,-2.36182591568644
10.4,0.116240000000134,0.119649537919648,-2.32841418748836
10.402,0.116176000000134,0.119656272349011,-2.29500245929032
10.404,0.116112000000134,0.119662380187875,-2.26024461305526
10.406,0.116048000000134,0.119667006953781,-2.22230494547874
10.408,0.115984000000134,0.119670711082535,-2.18238728494545
10.41,0.115920000000134,0.119673770315409,-2.14108706627019
10.412,0.115856000000134,0.119675452571742,-2.09706289832708
10.414,0.115792000000134,0.11967667331385,-2.05220599347963
10.416,0.115728000000134,0.119676569682729,-2.00511764935662
10.418,0.115664000000134,0.119675698001057,-1.95702461315414
10.42,0.115600000000134,0.119673933694115,-1.90776392784988
10.422,0.115536000000134,0.119670856469665,-1.85731429258514
10.424,0.115472000000135,0.119667252417043,-1.8064308990045
10.426,0.115408000000135,0.11966157314369,-1.75458570988561
10.428,0.115344000000135,0.119655893870337,-1.70274052076676
10.43,0.115280000000135,0.119648338564532,-1.65071512646157
10.432,0.115216000000135,0.119640044844933,-1.59861880268238
10.434,0.115152000000135,0.119630869039546,-1.54669270505176
10.436,0.115088000000135,0.119620313762028,-1.49503281988097
10.438,0.115024000000135,0.119608286637371,-1.44397848577055
10.44,0.114960000000135,0.119595513687273,-1.39327813074363
10.442,0.114896000000135,0.119581276081598,-1.34336871000485
10.444,0.114832000000135,0.1195659544299,-1.29415180061479
10.446,0.114768000000136,0.119549907788216,-1.24539945218086
10.448,0.114704000000136,0.119532141159992,-1.19788297738486
10.45,0.114640000000136,0.119513677225143,-1.15091794662322
10.452,0.114576000000136,0.119494231648984,-1.10472921745581
10.454,0.114512000000136,0.119473308588597,-1.05983710880418
10.456,0.114448000000136,0.119452062039968,-1.01522888913474
10.458,0.114384000000136,0.119429154605401,-0.972253735848649
10.46,0.114320000000136,0.119405983884523,-0.929537458873299
10.462,0.114256000000136,0.119381109966098,-0.888739178762262
10.464,0.114192000000136,0.119356059246494,-0.848139997169558
10.466,0.114128000000136,0.119329244509702,-0.809819533158245
10.468,0.114064000000136,0.119302334472583,-0.771622175956766
10.47,0.114000000000136,0.11927379207402,-0.735785552802578
10.472,0.113936000000137,0.119244556795705,-0.701052125247093
10.474,0.113872000000137,0.119214563085934,-0.667528537337946
10.476,0.113808000000137,0.11918320428552,-0.636341755982071
10.478,0.113744000000137,0.119151083383082,-0.606536536997521
10.48,0.113680000000137,0.1191180559909,-0.578383466916528
10.482,0.113616000000137,0.119083980471397,-0.552245518473126
10.484,0.113552000000137,0.11904892625074,-0.527989213447946
10.486,0.113488000000137,0.119013872030082,-0.503732908422765
10.488,0.113424000000137,0.118976887977647,-0.483328484606461
10.49,0.113360000000137,0.118939850212866,-0.463031268879383
10.492,0.113296000000137,0.118901165976443,-0.446118962277839
10.494,0.113232000000137,0.118862445006557,-0.429283154678741
10.496,0.113168000000137,0.118822361203517,-0.415287173026501
10.498,0.113104000000137,0.118781707938723,-0.402485645809668
10.5,0.113040000000138,0.118740474025468,-0.390902037307931
10.502,0.112976000000138,0.118698152111046,-0.381600646736425
10.504,0.112912000000138,0.118655220338229,-0.373569689466603
10.506,0.112848000000138,0.118611690456479,-0.366784689478849
10.508,0.112784000000138,0.118567399791897,-0.361553712697391
10.51,0.112720000000138,0.118522349909481,-0.357873562359548
10.512,0.112656000000138,0.118477300027065,-0.354193412021705
10.514,0.112592000000138,0.118430962112848,-0.353046285767343
10.516,0.112528000000138,0.118384300658248,-0.352535429192855
10.518,0.112464000000138,0.118337496004242,-0.352287333717404
10.52,0.112400000000138,0.118289372790814,-0.354458704455848
10.522,0.112336000000138,0.118241249577385,-0.356630075194295
10.524,0.112272000000139,0.118192672295546,-0.359565983537418
10.526,0.112208000000139,0.118143404434132,-0.363664655114976
10.528,0.112144000000139,0.118093709805992,-0.368404634236637
10.53,0.112080000000139,0.118043568268917,-0.373816188847739
10.532,0.112016000000139,0.117992947956672,-0.379870318462276
10.534,0.111952000000139,0.117941981311036,-0.386389269970488
10.536,0.111888000000139,0.117890485212885,-0.393533351917263
10.538,0.111824000000139,0.117838730740309,-0.400982499405966
10.54,0.111760000000139,0.117786326419859,-0.409083138893775
10.542,0.111696000000139,0.117733721167421,-0.417385218731442
10.544,0.111632000000139,0.117680777302764,-0.425966996528528
10.546,0.11156800000014,0.117627291397085,-0.434996507040345
10.548,0.11150400000014,0.117573657928231,-0.444114807626424
10.55,0.11144000000014,0.117519357226638,-0.453634588084898
10.552,0.11137600000014,0.117465056525045,-0.463154368543381
10.554,0.11131200000014,0.117409998057004,-0.472922030606602
10.556,0.11124800000014,0.117354922311477,-0.482695344505243
10.558,0.11118400000014,0.117299286652257,-0.492448093309754
10.56,0.11112000000014,0.117243487794581,-0.502194847991167
10.562,0.11105600000014,0.117187311059431,-0.511749026980368
10.564,0.11099200000014,0.117130850320469,-0.521158470613758
10.566,0.11092800000014,0.117074169416584,-0.530329147403801
10.568,0.11086400000014,0.117017109617997,-0.539088916358462
10.57,0.11080000000014,0.116959960592665,-0.547696014547816
10.572,0.11073600000014,0.11690235712907,-0.555525549493828
10.574,0.11067200000014,0.116844753665476,-0.563355084439847
10.576,0.110608000000141,0.116786667802055,-0.570075446025266
10.578,0.110544000000141,0.11672856221737,-0.576750462858925
10.58,0.110480000000141,0.11667015363016,-0.5826029492867
10.582,0.110417000000141,0.116611563017982,-0.58793368124728
10.584,0.110354000000141,0.116552746041925,-0.592576287337374
10.586,0.110291000000141,0.116493689853995,-0.596434045219826
10.588,0.110228000000141,0.116434480592215,-0.59976195646149
10.59,0.110165000000141,0.11637506776937,-0.60235872087087
10.592,0.110104000000141,0.116315391722201,-0.603843812159068
10.594,0.110043000000141,0.116255657644035,-0.60508382161702
10.596,0.109982000000141,0.116195674919129,-0.604982811361881
10.598,0.109921000000141,0.116135617252036,-0.604477617449575
10.6,0.109860000000142,0.116075384396885,-0.602535094471168
10.602,0.109802000000142,0.116015082546355,-0.600026499453301
10.604,0.109744000000142,0.1159546861029,-0.595972750363714
10.606,0.109686000000142,0.115894242324485,-0.591145795415471
10.608,0.109628000000142,0.115833777251428,-0.584888797112325
10.61,0.109570000000142,0.115773300495843,-0.577669143705377
10.612,0.109516000000142,0.115712874707822,-0.568263672629352
10.614,0.109462000000142,0.115652503407981,-0.557773163483723
10.616,0.109408000000142,0.115592199781727,-0.54593505159427
10.618,0.109354000000142,0.115532085825675,-0.53156216065068
10.62,0.109300000000142,0.115472002416894,-0.516781031721979
10.622,0.109251000000143,0.1154121968905,-0.49908438127822
10.624,0.109202000000143,0.115352441300708,-0.480863799699044
10.626,0.109153000000143,0.115293027790934,-0.459686411059432
10.628,0.109104000000143,0.115233682342224,-0.437920728971549
10.63,0.109055000000143,0.115174735633246,-0.413204233938638
10.632,0.109012000000143,0.115115876192419,-0.387841924184327
10.634,0.108969000000143,0.115057466093109,-0.359576263089442
10.636,0.108926000000143,0.1149991635792,-0.330615455408614
10.638,0.108883000000143,0.11494135321152,-0.298844669174134
10.64,0.108840000000143,0.114883671148465,-0.266341309523172
10.642,0.108804000000143,0.114826512186505,-0.231178917723197
10.644,0.108768000000143,0.114769501117084,-0.195264757252896
10.646,0.108732000000143,0.114713028550723,-0.156910043187589
10.648,0.108696000000144,0.114656720509889,-0.117809681794569
10.65,0.108660000000144,0.114600950505935,-0.0765529207236511
10.652,0.108632000000144,0.114545357596985,-0.0345863800374248
10.654,0.108604000000144,0.114490291302499,0.00920645151472558
10.656,0.108576000000144,0.114435411243995,0.0536451465871612
10.658,0.108548000000144,0.114381113250724,0.0997220443339566
10.66,0.108520000000144,0.114327035898019,0.146419927403183
10.662,0.108501000000144,0.114273103327549,0.193446862514963
10.664,0.108482000000144,0.11421978971182,0.241880519399761
10.666,0.108463000000144,0.114166783262259,0.290843800391812
10.668,0.108444000000144,0.11411412567441,0.340408598062653
10.67,0.108425000000144,0.114062006105305,0.390728850582718
10.672,0.108416000000145,0.114010089666981,0.441330250592848
10.674,0.108407000000145,0.113958966893309,0.492890400410333
10.676,0.108398000000145,0.113908128620066,0.544766444608884
10.678,0.108389000000145,0.113857941172581,0.59736513165607
10.68,0.108380000000145,0.113808380546219,0.65063418923941
10.682,0.108382000000145,0.11375926859046,0.704383089543976
10.684,0.108384000000145,0.113711210756668,0.759235099598278
10.686,0.108386000000145,0.113663511541618,0.814456156858225
10.688,0.108388000000145,0.113616972832786,0.870853375428541
10.69,0.108390000000145,0.113571099260015,0.927884051731688
10.692,0.108404000000145,0.113526015491186,0.985666916112181
10.694,0.108418000000145,0.113482129924937,1.04447293212473
10.696,0.108432000000146,0.113438740704802,1.10368205993514
10.698,0.108446000000146,0.113396814552008,1.16393408709137
10.7,0.108460000000146,0.113355558648544,1.22453925371407
10.702,0.108485000000146,0.113315274228516,1.28565627335569
10.704,0.108510000000146,0.113276183858534,1.34712600201993
10.706,0.108535000000146,0.11323761469488,1.40873067928136
10.708,0.108560000000146,0.113200605696539,1.47036607046517
10.71,0.108585000000146,0.113164170710054,1.53183219121751
10.712,0.108620000000146,0.113128759039906,1.59299654608101
10.714,0.108655000000146,0.113094293755353,1.65359228277829
10.716,0.108690000000146,0.113060699439486,1.71353191885104
10.718,0.108725000000146,0.113027913897818,1.77272354422615
10.72,0.108760000000147,0.112996296336241,1.83051898857578
10.722,0.108804000000147,0.112965481319812,1.88714340399891
10.724,0.108848000000147,0.112935494308564,1.94243595934122
10.726,0.108892000000147,0.112906341558394,1.99628700243955
10.728,0.108936000000147,0.112878201805194,2.04814471009024
10.73,0.108980000000147,0.112850568998923,2.09898184291084
10.732,0.109032000000147,0.112824257839378,2.14690544170577
10.734,0.109084000000147,0.112798549418515,2.19337204659149
10.736,0.109136000000147,0.11277365624687,2.23786795807453
10.738,0.109188000000147,0.112749870955131,2.27946832666301
10.74,0.109240000000148,0.11272659093478,2.31971279526888
10.742,0.109299000000148,0.11270453213235,2.35654500622133
10.744,0.109358000000148,0.11268317471833,2.39130856420735
10.746,0.109417000000148,0.112662533978419,2.42395838606939
10.748,0.109476000000148,0.1126431060623,2.45289700524329
10.75,0.109535000000148,0.11262418975153,2.48025702102348
10.752,0.109600000000148,0.112606416204004,2.50407020005231
10.754,0.109665000000148,0.112589473793202,2.52533436486589
10.756,0.109730000000148,0.112573173488646,2.54462925326003
10.758,0.109795000000148,0.112558271100445,2.55979494474439
10.76,0.109860000000148,0.112544005643849,2.57318254671129
10.762,0.109930000000148,0.112531087013616,2.58286122207338
10.764,0.110000000000148,0.112518313668808,2.59217530068949
10.766,0.110070000000149,0.112508015337125,2.59527828325867
10.768,0.110140000000149,0.112497717005441,2.59838126582785
10.77,0.110210000000149,0.112487714360986,2.60080247716632
10.772,0.110284000000149,0.112480523692272,2.59674006669293
10.774,0.110358000000149,0.112473333023557,2.59267765621954
10.776,0.110432000000149,0.112466508804581,2.58781052834795
10.778,0.110506000000149,0.112462035609403,2.57778059216128
10.78,0.110580000000149,0.11245756566882,2.56774352429032
10.782,0.110657000000149,0.112455349616509,2.55276758849618
10.784,0.110734000000149,0.112453133564198,2.53779165270206
10.786,0.110811000000149,0.112452834230333,2.51851793334705
10.788,0.110888000000149,0.112452826291496,2.49859083020409
10.79,0.11096500000015,0.112454403447251,2.47505624981014
10.792,0.11104400000015,0.112456553195028,2.45021852151319
10.794,0.11112300000015,0.112459984374818,2.42253121164468
10.796,0.11120200000015,0.112464265511032,2.39295381308036
10.798,0.11128100000015,0.11246955028802,2.36132446259958
10.8,0.11136000000015,0.112475976818286,2.32736078804129
10.802,0.11144000000015,0.112483138330242,2.29210618997438
10.804,0.11152000000015,0.11249176274371,2.25428214836607
10.806,0.11160000000015,0.112500796094663,2.21586181478319
10.808,0.11168000000015,0.112511455055065,2.17507109964983
10.81,0.11176000000015,0.112523035284813,2.13319860690421
10.812,0.111840000000151,0.112535548505408,2.09023057286364
10.814,0.111920000000151,0.112549549750271,2.04582145144554
10.816,0.112000000000151,0.11256410608859,2.00089972268577
10.818,0.112080000000151,0.112580370745684,1.9545807298913
10.82,0.112160000000151,0.112597344287122,1.90775145476768
10.822,0.112240000000151,0.112615453235856,1.86010486962247
10.824,0.112320000000151,0.112634781977948,1.81165321517384
10.826,0.112400000000151,0.112654684188744,1.76282306870779
10.828,0.112480000000151,0.112676277532842,1.71295480097165
10.83,0.112560000000151,0.112698368302433,1.66281083893278
10.832,0.112640000000151,0.112721680013128,1.61199680414182
10.834,0.112720000000152,0.112746095562602,1.56074918209646
10.836,0.112800000000152,0.11277135155296,1.50917143534242
10.838,0.112880000000152,0.112797072000769,1.45751155456536
10.84,0.112960000000152,0.11282433143145,1.40557952215281
10.842,0.113040000000152,0.112852323194009,1.35376250910296
10.844,0.113120000000152,0.112881384543573,1.30211348439224
10.846,0.113200000000152,0.112911407538674,1.2508982134329
10.848,0.113280000000152,0.112942375909821,1.20018168590669
10.85,0.113360000000152,0.11297459504788,1.15038848031375
10.852,0.113440000000152,0.113007983323661,1.10172086525051
10.854,0.113520000000152,0.113042361089379,1.05413381308755
10.856,0.113600000000153,0.113077915620098,1.00792707285906
10.858,0.113680000000153,0.113114766176816,0.963478068109062
10.86,0.113760000000153,0.11315257109611,0.920323417764954
10.862,0.113840000000153,0.113191286364143,0.878537957744023
10.864,0.113920000000153,0.11323156194641,0.83909925458565
10.866,0.114000000000153,0.11327217925318,0.800210638067805
10.868,0.114080000000153,0.113314577155533,0.764188312485673
10.87,0.114160000000153,0.113357779621311,0.729518147117548
10.872,0.114240000000153,0.11340193866122,0.696455613220897
10.874,0.114320000000153,0.113447354026036,0.665554936783326
10.876,0.114400000000153,0.113493258526727,0.635498176464438
10.878,0.114480000000153,0.113540660051127,0.608061043759535
10.88,0.114560000000153,0.113588571461806,0.581528471422395
10.882,0.114640000000154,0.113637453800266,0.556718367069477
10.884,0.114720000000154,0.113687369139932,0.533771205542847
10.886,0.114800000000154,0.113737865147416,0.511871236355632
10.888,0.114880000000154,0.11378901385596,0.491171867489183
10.89,0.114960000000154,0.1138412477169,0.472468564501694
10.892,0.115040000000154,0.113893641458995,0.454066183891009
10.894,0.115120000000154,0.113947315678217,0.438073869804399
10.896,0.115200000000154,0.114001499828632,0.423065546341724
10.898,0.115280000000154,0.114056353359282,0.409348894942754
10.9,0.115360000000155,0.114112072789097,0.397337476055961
10.902,0.115440000000155,0.11416815948841,0.386052263542206
10.904,0.115520000000155,0.114225284853796,0.376848618829111
10.906,0.115600000000155,0.11428284661004,0.368531150616497
10.908,0.115680000000155,0.114341072342266,0.361562014758058
10.91,0.115760000000155,0.114400246892684,0.356534947267916
10.912,0.115840000000155,0.114459794129748,0.352270705526826
10.914,0.115920000000155,0.114519717966246,0.348776689354768
10.916,0.116000000000155,0.114580681609653,0.347409298446156
10.918,0.116080000000155,0.114641883256961,0.346522532606737
10.92,0.116160000000155,0.114704106624328,0.347699028218497
10.922,0.116240000000156,0.114766465987683,0.349142311104953
10.924,0.116320000000156,0.114829903789262,0.352701197560847
10.926,0.116400000000156,0.114893382004622,0.356335261018099
10.928,0.116480000000156,0.114957973410323,0.362040061537979
10.93,0.116560000000156,0.115022564816024,0.367744862057864
10.932,0.116640000000156,0.11508818368331,0.375194127436895
10.934,0.116720000000156,0.115153847503812,0.382719716163649
10.936,0.116800000000156,0.115220366649372,0.391487435250809
10.938,0.116880000000156,0.115287001181619,0.400422722570042
10.94,0.116960000000156,0.115354323209524,0.410112288295848
10.942,0.117040000000156,0.115421812642886,0.419985521103572
10.944,0.117120000000156,0.11548990547222,0.430181280829526
10.946,0.117200000000156,0.115558224622512,0.440498013522118
10.948,0.117280000000157,0.115626569281917,0.450810604715948
10.95,0.117360000000157,0.115695681165044,0.460998634303663
10.952,0.117440000000157,0.115764793048171,0.471186663891386
10.954,0.117520000000157,0.115834104426388,0.481196749899133
10.956,0.117600000000157,0.115903808061333,0.490856954782869
10.958,0.117680000000157,0.115973697228088,0.500246033732608
10.96,0.117760000000157,0.116043856517936,0.509240369720926
10.962,0.117840000000157,0.116114231349416,0.517874428176487
10.964,0.117920000000157,0.116184842294502,0.526113823073151
10.966,0.118000000000157,0.116255707510379,0.533925643165056
10.968,0.118080000000157,0.116326783067184,0.541383759710289
10.97,0.118160000000158,0.116398159507236,0.548367552846199
10.972,0.118240000000158,0.116469722461891,0.555057317508133
10.974,0.118320000000158,0.116541655714668,0.561214827406441
10.976,0.118400000000158,0.116613757382229,0.56713026324144
10.978,0.118480000000158,0.116686194603782,0.572594926117132
10.98,0.118560000000158,0.116758883277187,0.577721796275389
10.982,0.118639000000158,0.116831843840669,0.582479682077036
10.984,0.118718000000158,0.11690512889835,0.586797194020831
10.986,0.118797000000158,0.116978611128919,0.59080559450093
10.988,0.118876000000158,0.117052475836845,0.594214378389135
10.99,0.118955000000159,0.117126459113555,0.59737321101449
10.992,0.119032000000159,0.117200852157437,0.599668225877212
10.994,0.119109000000159,0.117275288397331,0.601831814503014
10.996,0.119186000000159,0.117350078900967,0.602917536245854
10.998,0.119263000000159,0.117425005000563,0.603341803052563
11,0.119340000000159,0.117500055513426,0.603159165576201
11.002,0.119414000000159,0.117575284253931,0.601482163613678
11.004,0.119488000000159,0.11765055800372,0.598960453210054
11.006,0.119562000000159,0.117725880808383,0.595518109053227
11.008,0.119636000000159,0.117801206781597,0.590114998626136
11.01,0.119710000000159,0.11787647953257,0.58342619641952
11.012,0.11978000000016,0.117951683107965,0.575185004798019
11.014,0.11985000000016,0.118026764580652,0.565410562740844
11.016,0.11992000000016,0.118101687487222,0.553644997242704
11.018,0.11999000000016,0.118176424365199,0.54018187538321
11.02,0.12006000000016,0.118250919223394,0.524510263894777
11.022,0.12012500000016,0.118325209659531,0.507258637999016
11.024,0.12019000000016,0.118399233664407,0.487947717562007
11.026,0.12025500000016,0.118472832972165,0.465686879248679
11.028,0.12032000000016,0.118546200054459,0.44189003965957
11.03,0.12038500000016,0.118619280330928,0.416214337000754
11.032,0.12044400000016,0.118691937682062,0.387868665109537
11.034,0.120503000000161,0.118764375846651,0.358161449579172
11.036,0.120562000000161,0.118836536191289,0.326737278032603
11.038,0.120621000000161,0.118908353986096,0.293222515517736
11.04,0.120680000000161,0.118979996653385,0.258649973496502
11.042,0.120732000000161,0.119051413084641,0.222717556925007
11.044,0.120784000000161,0.119122579388522,0.185336915179355
11.046,0.120836000000161,0.119193593741768,0.147137617719018
11.048,0.120888000000161,0.119264389657581,0.107805561747103
11.05,0.120940000000161,0.119335065255529,0.0679592054916533
11.052,0.120984000000161,0.119405480662444,0.0270006592592577
11.054,0.121028000000161,0.119475771471353,-0.0143816060651283
11.056,0.121072000000161,0.119545792395914,-0.0566816641798458
11.058,0.121116000000162,0.119615473944305,-0.0999276725714772
11.06,0.121160000000162,0.119684926666356,-0.143769189245778
11.062,0.121195000000162,0.119753966086104,-0.188631107500887
11.064,0.121230000000162,0.119822529130533,-0.234576147467877
11.066,0.121265000000162,0.119890756918202,-0.281264886259872
11.068,0.121300000000162,0.119958315079815,-0.329385913826128
11.07,0.121335000000162,0.120025280329444,-0.378706827348026
11.072,0.121360000000162,0.120091788766219,-0.428936029412408
11.074,0.121385000000162,0.120157238889639,-0.481158218530625
11.076,0.121410000000162,0.120222430496272,-0.533829221001436
11.078,0.121435000000162,0.120286641101094,-0.588203349667678
11.08,0.121460000000163,0.120350028082107,-0.643838634053711
11.082,0.121474000000163,0.12041282676139,-0.700311438162774
11.084,0.121488000000163,0.120474751484662,-0.757920137435278
11.086,0.121502000000163,0.120535821470831,-0.816402911171793
11.088,0.121516000000163,0.120596313229289,-0.875384014402489
11.09,0.121530000000163,0.120655990930715,-0.934943714425474
11.092,0.121532000000163,0.12071481309088,-0.994837758511816
11.094,0.121534000000163,0.120773073873752,-1.05485791389329
11.096,0.121536000000163,0.120830570287356,-1.11495686284171
11.098,0.121538000000163,0.120887248344299,-1.1749734434154
11.1,0.121540000000164,0.120943183651514,-1.23484467427771
11.102,0.121531000000164,0.120998372658331,-1.29452786078589
11.104,0.121522000000164,0.121052789773508,-1.35399562439197
11.106,0.121513000000164,0.121106314998352,-1.41320926778809
11.108,0.121504000000164,0.121158831768222,-1.47214990942507
11.11,0.121495000000164,0.121210453245916,-1.53086072873094
11.112,0.121476000000164,0.121261148143213,-1.58933537387022
11.114,0.121457000000164,0.121310808564957,-1.6475277882646
11.116,0.121438000000164,0.121359274938182,-1.70535878918462
11.118,0.121419000000164,0.121406941880928,-1.76285653075235
11.12,0.121400000000164,0.121453467307382,-1.81987840732522
11.122,0.121372000000165,0.121499038161224,-1.87632840899342
11.124,0.121344000000165,0.121543518609051,-1.9320161274657
11.126,0.121316000000165,0.121587045079783,-1.98686237138655
11.128,0.121288000000165,0.121629301810249,-2.04019401165766
11.13,0.121260000000165,0.121670667669053,-2.09211902493524
11.132,0.121224000000165,0.121711185457886,-2.14247599964995
11.134,0.121188000000165,0.121750883193162,-2.19108937139092
11.136,0.121152000000165,0.121789662792727,-2.23740792050323
11.138,0.121116000000165,0.121827526994945,-2.28101233202629
11.14,0.121080000000165,0.121864554206272,-2.32181150029519
11.142,0.121037000000165,0.121901098630905,-2.36095932163078
11.144,0.120994000000166,0.121936530375001,-2.39597348232836
11.146,0.120951000000166,0.121971660346561,-2.42985975423978
11.148,0.120908000000166,0.122005469886508,-2.4586677065688
11.15,0.120865000000166,0.122038912324394,-2.48609338031193
11.152,0.120816000000166,0.122071304458542,-2.50956426186263
11.154,0.120767000000166,0.122103067212207,-2.53078022305224
11.156,0.120718000000166,0.122134025654594,-2.54914406323886
11.158,0.120669000000166,0.122163907496798,-2.56390917368569
11.16,0.120620000000166,0.122192881968353,-2.57584751416549
11.162,0.120566000000166,0.122221059242082,-2.58540366324282
11.164,0.120512000000166,0.122248385269824,-2.59249840703793
11.166,0.120458000000167,0.122274397554374,-2.59607283110711
11.168,0.120404000000167,0.12229939281564,-2.59714274718254
11.17,0.120350000000167,0.122323715417999,-2.59656234331568
11.172,0.120292000000167,0.122346576179174,-2.59269016698304
11.174,0.120234000000167,0.122368945575533,-2.58771153586495
11.176,0.120176000000167,0.122389488447634,-2.57898700072586
11.178,0.120118000000167,0.122409712449927,-2.56962930661676
11.18,0.120060000000167,0.122427995545043,-2.55660905570212
11.182,0.119999000000167,0.122445874106957,-2.54287036442436
11.184,0.119938000000167,0.122462300323369,-2.52655234560369
11.186,0.119877000000168,0.122477436146558,-2.50803685243457
11.188,0.119816000000168,0.122491638748574,-2.48794891558389
11.19,0.119755000000168,0.122504824139564,-2.46615722959886
11.192,0.119692000000168,0.122516499443397,-2.44183082699217
11.194,0.119629000000168,0.122527272988094,-2.41596304563882
11.196,0.119566000000168,0.122537125883985,-2.38850563332671
11.198,0.119503000000168,0.122545386223224,-2.35820324977949
11.2,0.119440000000168,0.122553281114629,-2.327213915174
11.202,0.119376000000168,0.122559592827044,-2.29324859773509
11.204,0.119312000000168,0.122565330084068,-2.25814407821421
11.206,0.119248000000168,0.122569556238732,-2.22004289265977
11.208,0.119184000000169,0.122573782393397,-2.18194170710529
11.21,0.119120000000169,0.12257636977784,-2.14053765743791
11.212,0.119056000000169,0.122578331323724,-2.09790394489323
11.214,0.118992000000169,0.122579221934398,-2.05319772668121
11.216,0.118928000000169,0.122579137083771,-2.00680090553878
11.218,0.118864000000169,0.122578471570918,-1.95942313490471
11.22,0.118800000000169,0.122576380534045,-1.91000911092176
11.222,0.118736000000169,0.122573585702375,-1.85985004580565
11.224,0.118672000000169,0.122569924381232,-1.80877371005571
11.226,0.118608000000169,0.122564876806581,-1.75676805412364
11.228,0.118544000000169,0.12255916232312,-1.70446394410269
11.23,0.118480000000169,0.122552122175705,-1.65175757351627
11.232,0.11841600000017,0.122543816478954,-1.59911180415131
11.234,0.11835200000017,0.122534757773144,-1.54650209285792
11.236,0.11828800000017,0.122524202616205,-1.4943834559579
11.238,0.11822400000017,0.12251285051749,-1.44252634293361
11.24,0.11816000000017,0.122499924111778,-1.39155392721121
11.242,0.11809600000017,0.122486250210169,-1.3410015741614
11.244,0.11803200000017,0.122471143449781,-1.29147160626506
11.246,0.11796800000017,0.122455106841901,-1.24264034265032
11.248,0.11790400000017,0.122437670272954,-1.19495917576556
11.25,0.11784000000017,0.12241910646724,-1.1482793247891
11.252,0.11777600000017,0.122399741378512,-1.1023252641776
11.254,0.117712000000171,0.122379024712652,-1.05764550709824
11.256,0.117648000000171,0.122357311324027,-1.01395800061362
11.258,0.117584000000171,0.122334821723287,-0.971060360376321
11.26,0.117520000000171,0.122310813592861,-0.929788549152839
11.262,0.117456000000171,0.122286672169481,-0.888672714951263
11.264,0.117392000000171,0.122260716632146,-0.84967972433137
11.266,0.117328000000171,0.122234749073435,-0.810702545919516
11.268,0.117264000000171,0.122206893101363,-0.774209275025204
11.27,0.117200000000171,0.122179037129291,-0.737716004130924
11.272,0.117136000000171,0.122149612401664,-0.703517696735618
11.274,0.117072000000172,0.122119568880373,-0.670304653217556
11.276,0.117008000000172,0.122088614192123,-0.63856316191328
11.278,0.116944000000172,0.122056528787132,-0.60878675265829
11.28,0.116880000000172,0.122023839684088,-0.580091616497666
11.282,0.116816000000172,0.121990022786642,-0.55347745956736
11.284,0.116752000000172,0.12195531583969,-0.528584463789039
11.286,0.116688000000172,0.121920009563084,-0.50485636168717
11.288,0.116624000000172,0.121883283587056,-0.483978664539713
11.29,0.116560000000172,0.121846251353949,-0.463732223428449
11.292,0.116496000000173,0.121807953771341,-0.446093916348198
11.294,0.116432000000173,0.121769149203592,-0.429520098510031
11.296,0.116368000000173,0.121729344369138,-0.41504648649208
11.298,0.116304000000173,0.121688852874156,-0.40202812993501
11.3,0.116240000000173,0.121647611087679,-0.390599883414008
11.302,0.116176000000173,0.121605524320305,-0.380964184531262
11.304,0.116112000000173,0.121562918240299,-0.372430158644507
11.306,0.116048000000173,0.12151933002787,-0.365963831826767
11.308,0.115984000000173,0.121475433110878,-0.360147425654405
11.31,0.115920000000173,0.121430438532627,-0.356601815697607
11.312,0.115856000000173,0.121385269446973,-0.353413261226483
11.314,0.115792000000173,0.121338885218066,-0.352652214466183
11.316,0.115728000000174,0.12129250098916,-0.351891167705883
11.318,0.115664000000174,0.121245215441101,-0.352841417878435
11.32,0.115600000000174,0.121197587804797,-0.354441176681663
11.322,0.115536000000174,0.121149277997485,-0.357233624366324
11.324,0.115472000000174,0.121100574534779,-0.360714328234716
11.326,0.115408000000174,0.121051336216331,-0.365033678906542
11.328,0.115344000000174,0.121001648299897,-0.370057993337235
11.33,0.115280000000174,0.120951550268793,-0.375641122578583
11.332,0.115216000000174,0.120900956049435,-0.381900348931073
11.334,0.115152000000174,0.120850055830639,-0.388511560854232
11.336,0.115088000000174,0.120798615668054,-0.395743860266654
11.338,0.115024000000175,0.120746957620041,-0.403182985985599
11.34,0.114960000000175,0.120694713266944,-0.411178657943674
11.342,0.114896000000175,0.120642328766921,-0.419281980201484
11.344,0.114832000000175,0.12058930646554,-0.427875213362793
11.346,0.114768000000175,0.120536216165704,-0.43650922860329
11.348,0.114704000000175,0.120482432925377,-0.445558834960315
11.35,0.114640000000175,0.120428649685049,-0.454608441317348
11.352,0.114576000000175,0.120374150618173,-0.46396571220582
11.354,0.114512000000175,0.120319603380287,-0.473333943756786
11.356,0.114448000000175,0.120264434881332,-0.482840808661004
11.358,0.114384000000175,0.120209175196884,-0.492344000203735
11.36,0.114320000000176,0.120153366811196,-0.501825087594514
11.362,0.114256000000176,0.12009742956721,-0.511255645134327
11.364,0.114192000000176,0.120041020351908,-0.520501126192059
11.366,0.114128000000176,0.119984452395604,-0.52961236060415
11.368,0.114064000000176,0.119927488978984,-0.538389155773633
11.37,0.114000000000176,0.119870344184323,-0.54691406011944
11.372,0.113936000000176,0.119812874685991,-0.554988028543003
11.374,0.113872000000176,0.119755205756631,-0.562669082953872
11.376,0.113808000000176,0.119697272854779,-0.569830065375398
11.378,0.113744000000177,0.119639141898846,-0.576500977838054
11.38,0.113680000000177,0.119580814723167,-0.582686359265634
11.382,0.113617000000177,0.1195221779694,-0.587972078110825
11.384,0.113554000000177,0.119463405526949,-0.592826604854574
11.386,0.113491000000177,0.119404416321145,-0.596977011422795
11.388,0.113428000000177,0.119345195553904,-0.600286820549101
11.39,0.113365000000177,0.11928584942471,-0.6031161097776
11.392,0.113304000000177,0.119226260270007,-0.60493124115442
11.394,0.113243000000177,0.119166521066179,-0.605986542641725
11.396,0.113182000000177,0.119106671622843,-0.606483605135322
11.398,0.113121000000177,0.119046605074395,-0.605535690168439
11.4,0.113060000000177,0.118986469379906,-0.603913383122329
11.402,0.113002000000178,0.118926235361481,-0.601323478499035
11.404,0.112944000000178,0.118865918090033,-0.597233477769579
11.406,0.112886000000178,0.11880557561629,-0.592335485721194
11.408,0.112828000000178,0.118745210306156,-0.585879049924414
11.41,0.112770000000178,0.11868487373569,-0.577959930322056
11.412,0.112716000000178,0.118624560146571,-0.56909600897152
11.414,0.112662000000178,0.118564354341152,-0.557956789769407
11.416,0.112608000000178,0.118504245884083,-0.545447535849711
11.418,0.112554000000178,0.118444242771074,-0.53145571936016
11.42,0.112500000000178,0.118384405991664,-0.515604054857145
11.422,0.112451000000178,0.118324691837291,-0.49838126671057
11.424,0.112402000000179,0.118265211028316,-0.478954659431234
11.426,0.112353000000179,0.118205844638815,-0.458447423042777
11.428,0.112304000000179,0.118146781554573,-0.435430320677538
11.43,0.112255000000179,0.118087810948731,-0.411647954986893
11.432,0.112212000000179,0.118029220377427,-0.385082625470591
11.434,0.112169000000179,0.117970690802476,-0.358070624336256
11.436,0.112126000000179,0.117912630233952,-0.328024763725544
11.438,0.112083000000179,0.117854619287554,-0.297680050895945
11.44,0.112040000000179,0.117797125025544,-0.264393363621328
11.442,0.112004000000179,0.117739720029208,-0.230659583638803
11.444,0.11196800000018,0.117682829890241,-0.194347108369825
11.446,0.11193200000018,0.117626100300945,-0.157326383582714
11.448,0.11189600000018,0.117569870545834,-0.118100688089462
11.45,0.11186000000018,0.117513880021623,-0.0779462605063616
11.452,0.11183200000018,0.117458357066137,-0.0359766573821561
11.454,0.11180400000018,0.117403154548695,0.00707907213537262
11.456,0.11177600000018,0.117348370226633,0.0515522770411108
11.458,0.11174800000018,0.117293986312008,0.0971880447833088
11.46,0.11172000000018,0.117239958645682,0.143858161527604
11.462,0.11170100000018,0.117186469440405,0.191793678035523
11.464,0.111682000000181,0.117133303952669,0.240489940563796
11.466,0.111663000000181,0.117080438594643,0.289711256481493
11.468,0.111644000000181,0.117028398003656,0.340375437654648
11.47,0.111625000000181,0.116976357412669,0.391039618827804
11.472,0.111616000000181,0.116924664825414,0.442156440381324
11.474,0.111607000000181,0.116873779806661,0.494323647549972
11.476,0.111598000000181,0.11682310746026,0.546699656232394
11.478,0.111589000000181,0.116773320927563,0.599945355970008
11.48,0.111580000000181,0.116723631186669,0.653276295962285
11.482,0.111582000000181,0.116674969392002,0.707512502686755
11.484,0.111584000000182,0.116626767924363,0.762139214538439
11.486,0.111586000000182,0.116579250754836,0.817346430911706
11.488,0.111588000000182,0.116532655819188,0.873328147610184
11.49,0.111590000000182,0.116486492081024,0.929669010107051
11.492,0.111604000000182,0.1164422795898,0.987564906662931
11.494,0.111618000000182,0.116398067098577,1.04546080321886
11.496,0.111632000000182,0.116354006764784,1.10346694646478
11.498,0.111646000000182,0.116312158812914,1.16307608591092
11.5,0.111660000000182,0.116270310861043,1.22268522535711
11.502,0.111685000000182,0.116230327219751,1.28337850585906
11.504,0.111710000000182,0.116190934821595,1.34430067940643
11.506,0.111735000000183,0.116152641921209,1.40564851099011
11.508,0.111760000000183,0.116115525359693,1.46716773586901
11.51,0.111785000000183,0.116078995073111,1.52874761362155
11.512,0.111820000000183,0.11604402747814,1.59007534619859
11.514,0.111855000000183,0.116009691866006,1.65106796430685
11.516,0.111890000000183,0.115976309066473,1.71155534513503
11.518,0.111925000000183,0.1159439301213,1.77114448182042
11.52,0.111960000000183,0.11591244324435,1.82972166428184
11.522,0.112004000000183,0.115881783063555,1.88715266935924
11.524,0.112048000000183,0.115851935212104,1.94327788676749
11.526,0.112092000000183,0.115823282592834,1.99707425685969
11.528,0.112136000000184,0.115795171804817,2.04965638675971
11.53,0.112180000000184,0.115767840084732,2.100491863927
11.532,0.112232000000184,0.115741582372293,2.14863315541581
11.534,0.112284000000184,0.115715863265944,2.19536316585541
11.536,0.112336000000184,0.115691152781583,2.23936292984563
11.538,0.112388000000184,0.115667291852859,2.280942585748
11.54,0.112440000000184,0.11564397544785,2.32096404818112
11.542,0.112499000000184,0.115621927370671,2.35724699110098
11.544,0.112558000000184,0.11560050957443,2.39163126766826
11.546,0.112617000000184,0.115579820133048,2.42382143875232
11.548,0.112676000000184,0.115560338833948,2.4523345947372
11.55,0.112735000000185,0.115541432764698,2.47910072274051
11.552,0.112800000000185,0.115523532540359,2.5028147840539
11.554,0.112865000000185,0.115506637136735,2.52353765777767
11.556,0.112930000000185,0.115490339027945,2.54249967205114
11.558,0.112995000000185,0.115475366403863,2.55765861568822
11.56,0.113060000000185,0.115461304979023,2.57036122533106
11.562,0.113130000000185,0.115448089974858,2.58078212557075
11.564,0.113200000000185,0.115435875827165,2.58869829316654
11.566,0.113270000000185,0.115424711536259,2.59398710045764
11.568,0.113340000000186,0.115414522533686,2.59702848485527
11.57,0.113410000000186,0.115405489192406,2.59740680074863
11.572,0.113484000000186,0.115397390361216,2.59576675071199
11.574,0.113558000000186,0.115390544017606,2.59142156320683
11.576,0.113632000000186,0.115384573554025,2.58524505218992
11.578,0.113706000000186,0.115379933859344,2.57628611858807
11.58,0.113780000000186,0.115376095274197,2.5656421516744
11.582,0.113857000000186,0.115373641103517,2.55208624276651
11.584,0.113934000000186,0.115371902818321,2.53696579583887
11.586,0.114011000000186,0.115371578133923,2.51875598302622
11.588,0.114088000000186,0.115371882018486,2.4991004469353
11.59,0.114165000000187,0.115373612807739,2.47616299675272
11.592,0.114244000000187,0.115375891276312,2.45192158538098
11.594,0.114323000000187,0.115379610536081,2.42424981661982
11.596,0.114402000000187,0.115383808765768,2.39545397675102
11.598,0.114481000000187,0.115389482587023,2.36319514308902
11.6,0.114560000000187,0.115395579553682,2.33002831290073
11.602,0.114640000000187,0.115403224451501,2.29353989135093
11.604,0.114720000000187,0.115411204890405,2.25643296036865
11.606,0.114800000000187,0.115420670390514,2.21658858707382
11.608,0.114880000000187,0.115431092188427,2.17533224323596
11.61,0.114960000000187,0.115442239450637,2.13300475376664
11.612,0.115040000000188,0.115455051060126,2.0887553354966
11.614,0.115120000000188,0.115468551489656,2.0438779192525
11.616,0.115200000000188,0.115483243927714,1.99795298898926
11.618,0.115280000000188,0.115499446638873,1.95105345321524
11.62,0.115360000000188,0.115516232006752,1.90377791892143
11.622,0.115440000000188,0.115534302959544,1.8558498475821
11.624,0.115520000000188,0.115553313227017,1.80746442712049
11.626,0.115600000000188,0.115573806123125,1.75847554473696
11.628,0.115680000000188,0.115595271401259,1.70913391384514
11.63,0.115760000000188,0.115617516977117,1.65951319838997
11.632,0.115840000000188,0.115641206241357,1.60941434569521
11.634,0.115920000000189,0.11566574845775,1.55906833268838
11.636,0.116000000000189,0.115691033638258,1.50851538266819
11.638,0.116080000000189,0.115718012621182,1.45764730589844
11.64,0.116160000000189,0.115744991604106,1.40677922912869
11.642,0.116240000000189,0.115773818057371,1.3559073447752
11.644,0.116320000000189,0.115802854928382,1.30503502675669
11.646,0.116400000000189,0.115833261390478,1.25451405408865
11.648,0.116480000000189,0.115864328065146,1.20422607178287
11.65,0.11656000000019,0.115896814186966,1.15474498350528
11.652,0.11664000000019,0.11593014450432,1.10597633957884
11.654,0.11672000000019,0.115964315080074,1.05791681732685
11.656,0.11680000000019,0.116000014756662,1.01152944783684
11.658,0.11688000000019,0.116036380614996,0.965965154520656
11.66,0.11696000000019,0.116074083948202,0.922143847910135
11.662,0.11704000000019,0.116112922099024,0.879990246955391
11.664,0.11712000000019,0.116152439277003,0.838835316838263
11.666,0.11720000000019,0.116193808009518,0.80064116268184
11.668,0.11728000000019,0.116235678590098,0.763296571238066
11.67,0.11736000000019,0.116278922241088,0.728276407255055
11.672,0.117440000000191,0.116323125223321,0.694945340732782
11.674,0.117520000000191,0.116368171922064,0.663099808459115
11.676,0.117600000000191,0.116414582893034,0.633717795424126
11.678,0.117680000000191,0.116461440724049,0.605145526480385
11.68,0.117760000000191,0.116509814150478,0.579353725529934
11.682,0.117840000000191,0.116558679963708,0.554474336947868
11.684,0.117920000000191,0.116608567253307,0.531487784786969
11.686,0.118000000000191,0.116659291630565,0.510063601178551
11.688,0.118080000000191,0.116710598557775,0.48972670838674
11.69,0.118160000000191,0.116763180268065,0.471788160157218
11.692,0.118240000000191,0.116815979835441,0.454259482723638
11.694,0.118320000000191,0.116869851147936,0.438767319378679
11.696,0.118400000000192,0.116924213859309,0.424208904849144
11.698,0.118480000000192,0.11697926302936,0.410970520096809
11.7,0.118560000000192,0.117034952941943,0.398964254990252
11.702,0.118640000000192,0.117091556222501,0.388737154881921
11.704,0.118720000000192,0.117148489339099,0.37915498968593
11.706,0.118800000000192,0.117206390599614,0.371478096679931
11.708,0.118880000000192,0.117264726955893,0.364663824416671
11.71,0.118960000000192,0.117323691991983,0.359095972575645
11.712,0.119040000000192,0.117383392230396,0.354990363256769
11.714,0.119120000000192,0.117443402350713,0.351501048364335
11.716,0.119200000000192,0.117504574695889,0.350315076779891
11.718,0.119280000000193,0.117565747041065,0.349129105195447
11.72,0.119360000000193,0.117628109938934,0.350262043998189
11.722,0.119440000000193,0.117690768905307,0.351971653059626
11.724,0.119520000000193,0.117753427871679,0.353681262121065
11.726,0.119600000000193,0.117817369200801,0.357809681664516
11.728,0.119680000000193,0.117881485334536,0.362267820106389
11.73,0.119760000000193,0.117946337604583,0.368023354486205
11.732,0.119840000000193,0.118011662071167,0.374611106840265
11.734,0.119920000000194,0.1180773283632,0.381747440508749
11.736,0.120000000000194,0.118143662967379,0.389956320291782
11.738,0.120080000000194,0.118210459592704,0.398797198047535
11.74,0.120160000000194,0.118277604546392,0.408114553605018
11.742,0.120240000000194,0.118345336353706,0.418058607861611
11.744,0.120320000000194,0.118413234923753,0.42817192797943
11.746,0.120400000000194,0.118481759113445,0.438700161411699
11.748,0.120480000000194,0.118550457629475,0.449236272111202
11.75,0.120560000000194,0.118619638620803,0.459794184374865
11.752,0.120640000000194,0.118688819612131,0.470352096638527
11.754,0.120720000000194,0.118758489412203,0.480623670187274
11.756,0.120800000000195,0.11882825982647,0.490836305061391
11.758,0.120880000000195,0.118898458038387,0.500474312980074
11.76,0.120960000000195,0.118968708725695,0.5100273212954
11.762,0.121040000000195,0.119039352302833,0.51886273967736
11.764,0.121120000000195,0.119110075964609,0.527532852650314
11.766,0.121200000000195,0.1191811369186,0.535506749364794
11.768,0.121280000000195,0.119252331797887,0.543202610744388
11.77,0.121360000000195,0.119323820991313,0.550287461859843
11.772,0.121440000000195,0.119395505023331,0.556992800714595
11.774,0.121520000000195,0.119467443574859,0.563202379086488
11.776,0.121600000000196,0.119539645282361,0.5689458514541
11.778,0.121680000000196,0.119612058457717,0.574314768630975
11.78,0.121760000000196,0.119684807536173,0.579138321649858
11.782,0.121839000000196,0.119757718117168,0.583699663049483
11.784,0.121918000000196,0.119831034529423,0.58762182350953
11.786,0.121997000000196,0.119904454840638,0.591380343949768
11.788,0.122076000000196,0.119978336329644,0.59435448458613
11.79,0.122155000000196,0.120052277345947,0.597220209418129
11.792,0.122232000000196,0.120126670392188,0.599135013283185
11.794,0.122309000000196,0.120201128109539,0.600857559411152
11.796,0.122386000000196,0.120275928547469,0.601561247475796
11.798,0.122463000000196,0.120350810516204,0.60190103925013
11.8,0.122540000000197,0.120425902549195,0.601303251623108
11.802,0.122614000000197,0.120501145370803,0.599553954298767
11.804,0.122688000000197,0.120576459579836,0.596943111032634
11.806,0.122762000000197,0.120651837715479,0.593369658493206
11.808,0.122836000000197,0.120727237129202,0.587815636088341
11.81,0.122910000000197,0.120802611647911,0.581500604775205
11.812,0.122980000000197,0.120877899167087,0.572893086079815
11.814,0.123050000000197,0.120953177832677,0.56417146329848
11.816,0.123120000000197,0.121028170872885,0.551768731084179
11.818,0.123190000000197,0.121103163913094,0.539365998869866
11.82,0.123260000000198,0.121177825190492,0.523881733608806
11.822,0.123325000000198,0.121252349354597,0.507239633091827
11.824,0.123390000000198,0.121326492569869,0.487689618588117
11.826,0.123455000000198,0.121400387239606,0.466443760495012
11.828,0.123520000000198,0.121474011118968,0.443350280715169
11.83,0.123585000000198,0.121547186634556,0.417427976572877
11.832,0.123644000000198,0.121620180608326,0.390383856053516
11.834,0.123703000000198,0.121692680873423,0.360388934909256
11.836,0.123762000000198,0.12176494026791,0.3290070642745
11.838,0.123821000000198,0.121836904174755,0.295923755523415
11.84,0.123880000000199,0.121908495843149,0.260758086985968
11.842,0.123932000000199,0.121979938003639,0.22476359066516
11.844,0.123984000000199,0.122051004457265,0.186738287770172
11.846,0.124036000000199,0.122121921273415,0.1479545007775
11.848,0.124088000000199,0.122192631096845,0.108121506790884
11.85,0.124140000000199,0.122263066658658,0.0670965727302207
11.852,0.124184000000199,0.122333407398392,0.0256595422363189
11.854,0.124228000000199,0.12240351802803,-0.0165900842159053
11.856,0.124272000000199,0.12247347988621,-0.0593650726001089
11.858,0.1243160000002,0.122543065515156,-0.103167002241792
11.86,0.1243600000002,0.122612481487703,-0.147366785200557
11.862,0.1243950000002,0.122681556866584,-0.192351591443051
11.864,0.1244300000002,0.122750215069414,-0.23820543934586
11.866,0.1244650000002,0.122818649556884,-0.284524019943231
11.868,0.1245000000002,0.122886308581793,-0.332368265664958
11.87,0.1245350000002,0.122953619756513,-0.380869936779282
11.872,0.1245600000002,0.123020328431133,-0.430510313219483
11.874,0.1245850000002,0.12308624475069,-0.481586064988414
11.876,0.1246100000002,0.123151763937713,-0.533372416161306
11.878,0.1246350000002,0.123216137545026,-0.587115949573852
11.88,0.1246600000002,0.123279955557796,-0.641728487814063
11.882,0.124674000000201,0.12334301019226,-0.697535025238774
11.884,0.124688000000201,0.123405133153806,-0.754640881773994
11.886,0.124702000000201,0.123466453405873,-0.812749909771684
11.888,0.124716000000201,0.123527008340982,-0.871701311125848
11.89,0.124730000000201,0.123586761851206,-0.931404328120856
11.892,0.124732000000201,0.123645539818391,-0.991759062438944
11.894,0.124734000000201,0.123703592532847,-1.05240260820067
11.896,0.124736000000201,0.123760833428663,-1.11319087990454
11.898,0.124738000000201,0.123817370107511,-1.1740157298643
11.9,0.124740000000201,0.123873107443017,-1.23467460221808
11.902,0.124731000000202,0.123928203656895,-1.29520035050936
11.904,0.124722000000202,0.123982421690735,-1.35538433506073
11.906,0.124713000000202,0.124035840280685,-1.41522208873404
11.908,0.124704000000202,0.124088506112605,-1.47470182685333
11.91,0.124695000000202,0.124140076782804,-1.53364432740318
11.912,0.124676000000202,0.124190750215202,-1.59214661232274
11.914,0.124657000000202,0.124240569277331,-1.65022623667155
11.916,0.124638000000202,0.124289513822082,-1.70786709194181
11.918,0.124619000000202,0.12433725848609,-1.76487395465079
11.92,0.124600000000202,0.124383801942931,-1.82114059438553
11.922,0.124572000000203,0.12442982584819,-1.87705999629779
11.924,0.124544000000203,0.124474279911242,-1.9317672879032
11.926,0.124516000000203,0.124518007746455,-1.98572144006674
11.928,0.124488000000203,0.12456074409518,-2.03864736453108
11.93,0.124460000000203,0.124602247775765,-2.08983019525507
11.932,0.124424000000203,0.124643236348075,-2.1402445211206
11.934,0.124388000000203,0.124682941533453,-2.18830419377225
11.936,0.124352000000203,0.124721745241232,-2.23426582835078
11.938,0.124316000000203,0.124759754356158,-2.27812045116536
11.94,0.124280000000203,0.124796991929521,-2.31971554310237
11.942,0.124237000000204,0.124833475913153,-2.35889730200704
11.944,0.124194000000204,0.124868846787706,-2.39411171798814
11.946,0.124151000000204,0.124903737076861,-2.42751060700035
11.948,0.124108000000204,0.12493783597249,-2.45791981656134
11.95,0.124065000000204,0.124970985706865,-2.48469704865799
11.952,0.124016000000204,0.125003669188006,-2.50970647849167
11.954,0.123967000000204,0.125035142494241,-2.53024222191226
11.956,0.123918000000204,0.125065982144699,-2.54858496951095
11.958,0.123869000000204,0.125096054457299,-2.5642720659231
11.96,0.123820000000204,0.125124931502014,-2.57615102329726
11.962,0.123766000000205,0.125153267804437,-2.58637762922867
11.964,0.123712000000205,0.125180316172294,-2.5928483125984
11.966,0.123658000000205,0.1252065121912,-2.59704058861284
11.968,0.123604000000205,0.125231942448064,-2.59918591206449
11.97,0.123550000000205,0.125255886949501,-2.59767344708481
11.972,0.123492000000205,0.125279217420771,-2.59472628401453
11.974,0.123434000000205,0.12530123748444,-2.58879276445954
11.976,0.123376000000205,0.125322190437315,-2.58059796342804
11.978,0.123318000000205,0.12534243559447,-2.57090329437771
11.98,0.123260000000205,0.12536094443744,-2.55777106427294
11.982,0.123199000000205,0.125378797060866,-2.54340869236303
11.984,0.123138000000205,0.125395397295375,-2.52671523254896
11.986,0.123077000000206,0.125410748079873,-2.50781575729939
11.988,0.123016000000206,0.12542543654187,-2.4877512627892
11.99,0.122955000000206,0.125438337357665,-2.46465528735337
11.992,0.122892000000206,0.125450518156915,-2.44036755419294
11.994,0.122829000000206,0.125461582178615,-2.41423135202364
11.996,0.122766000000206,0.125471289925851,-2.38586309590345
11.998,0.122703000000206,0.125480385081041,-2.35648443871333
12,0.122640000000206,0.125488155821037,-2.32490768909201
12.002,0.122576000000206,0.125494239981865,-2.29044590466472
12.004,0.122512000000206,0.125500324142694,-2.25598412023739
12.006,0.122448000000207,0.125504543473077,-2.21823315505852
12.008,0.122384000000207,0.125508486893832,-2.17999554154001
12.01,0.122320000000207,0.125510912674416,-2.13901001514146
12.012,0.122256000000207,0.125512811390929,-2.09707016098208
12.014,0.122192000000207,0.125513498469282,-2.05298251096727
12.016,0.122128000000207,0.125513421724817,-2.00754087959442
12.018,0.122064000000207,0.125512397389557,-1.96059732618667
12.02,0.122000000000207,0.125510364669254,-1.91205549246634
12.022,0.121936000000207,0.125507620693542,-1.86264068034832
12.024,0.121872000000207,0.125503587672268,-1.81164372359654
12.026,0.121808000000208,0.125499077339749,-1.76028799744452
12.028,0.121744000000208,0.125492938741361,-1.70770839069727
12.03,0.121680000000208,0.1254866082937,-1.65506905600664
12.032,0.121616000000208,0.125478508124009,-1.6018787582845
12.034,0.121552000000208,0.125469543309085,-1.54876992948111
12.036,0.121488000000208,0.125459650609023,-1.49574852820989
12.038,0.121424000000208,0.125448141871244,-1.44335151499037
12.04,0.121360000000208,0.125435831510576,-1.39140657851943
12.042,0.121296000000208,0.125421873500053,-1.34052197113946
12.044,0.121232000000208,0.125407555061868,-1.28993584577711
12.046,0.121168000000209,0.125391101312441,-1.24111804197527
12.048,0.121104000000209,0.125374569089632,-1.19237548637072
12.05,0.121040000000209,0.125356014970856,-1.14557172865922
12.052,0.120976000000209,0.12533655286904,-1.09971807123919
12.054,0.120912000000209,0.125316248425436,-1.05474893160732
12.056,0.120848000000209,0.125294388940744,-1.0114820309217
12.058,0.120784000000209,0.125271692506909,-0.969164168658475
12.06,0.120720000000209,0.125248223495202,-0.927724846113931
12.062,0.120656000000209,0.125223339019266,-0.887947370803806
12.064,0.120592000000209,0.125197532154321,-0.849312729215289
12.066,0.120528000000209,0.125170949656524,-0.811639091466734
12.068,0.12046400000021,0.12514363101969,-0.774935414947857
12.07,0.12040000000021,0.125115313214022,-0.739548276451667
12.072,0.12033600000021,0.125085913968191,-0.705716395810391
12.074,0.12027200000021,0.125056072644032,-0.672522419315709
12.076,0.12020800000021,0.125024757444704,-0.641635739144154
12.078,0.12014400000021,0.124992989527383,-0.611517376838791
12.08,0.12008000000021,0.124960188889324,-0.583151668071461
12.082,0.12001600000021,0.124926501562993,-0.556400005036925
12.084,0.11995200000021,0.124892218887245,-0.5307320612928
12.086,0.11988800000021,0.12485662308215,-0.507593432211201
12.088,0.11982400000021,0.124820598928657,-0.485302613202158
12.09,0.119760000000211,0.124783392102917,-0.465389772822238
12.092,0.119696000000211,0.124745352846371,-0.447209971410371
12.094,0.119632000000211,0.124706407618229,-0.430916313652733
12.096,0.119568000000211,0.124667462390086,-0.414622655895095
12.098,0.119504000000211,0.124626910216458,-0.401735186112758
12.1,0.119440000000211,0.124585890970185,-0.389848587127935
12.102,0.119376000000211,0.124544045026686,-0.379735678405108
12.104,0.119312000000211,0.124501361257291,-0.371420772353604
12.106,0.119248000000211,0.124458244901129,-0.364033047108873
12.108,0.119184000000211,0.12441406534203,-0.358910822177101
12.11,0.119120000000212,0.124369416926896,-0.354772350235848
12.112,0.119056000000212,0.124324153578466,-0.351924130356234
12.114,0.118992000000212,0.124278072209016,-0.350748933486052
12.116,0.118928000000212,0.124231606330491,-0.350343921850386
12.118,0.118864000000212,0.1241842319562,-0.351713952795623
12.12,0.118800000000212,0.124136752464045,-0.353271039374485
12.122,0.118736000000212,0.124088002902998,-0.35708819414491
12.124,0.118672000000212,0.124039253341952,-0.360905348915335
12.126,0.118608000000212,0.123990503780905,-0.364722503685763
12.128,0.118544000000213,0.123940530623052,-0.370444340720836
12.13,0.118480000000213,0.12389045606864,-0.376324014249253
12.132,0.118416000000213,0.123839933277428,-0.382748541774649
12.134,0.118352000000213,0.123788838312819,-0.389868574358757
12.136,0.118288000000213,0.12373774334821,-0.396988606942859
12.138,0.118224000000213,0.123685871180776,-0.40483551449706
12.14,0.118160000000213,0.123633884983938,-0.41276950380676
12.142,0.118096000000213,0.123581324411084,-0.421095618776543
12.144,0.118032000000213,0.123528584292747,-0.429514092951725
12.146,0.117968000000213,0.123475388416736,-0.438167011435262
12.148,0.117904000000213,0.123421911833264,-0.446926853874827
12.15,0.117840000000213,0.123368087113379,-0.455819304555727
12.152,0.117776000000213,0.123313841292027,-0.464817526429765
12.154,0.117712000000214,0.123259326422067,-0.473883327247367
12.156,0.117648000000214,0.123204525376622,-0.482981690588556
12.158,0.117584000000214,0.123149297733873,-0.492128594372493
12.16,0.117520000000214,0.123093802801724,-0.50125166336032
12.162,0.117456000000214,0.123037912878437,-0.510339510101355
12.164,0.117392000000214,0.122981765854175,-0.519331563982559
12.166,0.117328000000214,0.122925242181964,-0.528183283178996
12.168,0.117264000000214,0.122868477294011,-0.536848808126683
12.17,0.117200000000214,0.12281136208199,-0.545243918190472
12.172,0.117136000000214,0.122754048193937,-0.553394785504589
12.174,0.117072000000215,0.12269644825172,-0.561193991601771
12.176,0.117008000000215,0.122638512397895,-0.568399262402846
12.178,0.116944000000215,0.122580388145415,-0.575192885357067
12.18,0.116880000000215,0.12252197886732,-0.581319118157274
12.182,0.116817000000215,0.122463483865868,-0.587202280141251
12.184,0.116754000000215,0.1224046672872,-0.592173601534034
12.186,0.116691000000215,0.122345667466206,-0.596517054587846
12.188,0.116628000000215,0.12228651868291,-0.600350097660058
12.19,0.116565000000215,0.12222709504762,-0.603073422397005
12.192,0.116504000000215,0.122167566310226,-0.605294583414526
12.194,0.116443000000216,0.122107801442785,-0.606307433160963
12.196,0.116382000000216,0.122048007492763,-0.607122817467903
12.198,0.116321000000216,0.121987984320282,-0.606381822973192
12.2,0.116260000000216,0.121927888716902,-0.604854568004971
12.202,0.116202000000216,0.121867703825999,-0.602358068559652
12.204,0.116144000000216,0.121807448550565,-0.598312453731292
12.206,0.116086000000216,0.121747172723545,-0.593575198928167
12.208,0.116028000000216,0.121686888968656,-0.586882705444916
12.21,0.115970000000216,0.121626639311475,-0.579076271709763
12.212,0.115916000000216,0.121566430701228,-0.569928873011944
12.214,0.115862000000217,0.12150637978432,-0.558253985803539
12.216,0.115808000000217,0.121446371025278,-0.545903397775963
12.218,0.115754000000217,0.121386526270181,-0.531632074111905
12.22,0.115700000000217,0.121326852715516,-0.51535573299234
12.222,0.115651000000217,0.121267258614288,-0.498319751925585
12.224,0.115602000000217,0.121208004389185,-0.478034276639331
12.226,0.115553000000217,0.121148750164082,-0.457748801353094
12.228,0.115504000000217,0.121089854993115,-0.434406645456504
12.23,0.115455000000217,0.121031073640434,-0.410150623879849
12.232,0.115412000000217,0.120972587266531,-0.383617881866189
12.234,0.115369000000217,0.120914288894379,-0.355759998514281
12.236,0.115326000000217,0.120856185581519,-0.326527228329175
12.238,0.115283000000218,0.120798407155425,-0.295237264620503
12.24,0.115240000000218,0.120740762830134,-0.263139115905033
12.242,0.115204000000218,0.120683597171054,-0.228414700711009
12.244,0.115168000000218,0.120626431511973,-0.193690285517015
12.246,0.115132000000218,0.120569822158212,-0.156311641705743
12.248,0.115096000000218,0.120513284636079,-0.118590276803518
12.25,0.115060000000218,0.120457390705622,-0.0782418120088932
12.252,0.115032000000218,0.120401549296063,-0.0376926908858278
12.254,0.115004000000218,0.120346431425347,0.00542290592789474
12.256,0.114976000000218,0.120291402113994,0.0488115651283257
12.258,0.114948000000218,0.120237099865363,0.0944420367809747
12.26,0.114920000000219,0.120182955381855,0.140490707981138
12.262,0.114901000000219,0.120129515752613,0.188407787922827
12.264,0.114882000000219,0.120076305323945,0.236833558372433
12.266,0.114863000000219,0.120023756823162,0.286728419519386
12.268,0.114844000000219,0.119971544770624,0.337207053612977
12.27,0.114825000000219,0.119920011152367,0.388862842250811
12.272,0.114816000000219,0.11986847753411,0.440518630888691
12.274,0.114807000000219,0.119818082209641,0.493638602171578
12.276,0.114798000000219,0.119767708543495,0.546786432465064
12.278,0.114789000000219,0.119718126528295,0.600653231430486
12.28,0.11478000000022,0.119669007177153,0.654940216798301
12.282,0.11478200000022,0.119620285227597,0.709505391702223
12.284,0.11478400000022,0.119572580339244,0.764782531013418
12.286,0.11478600000022,0.119524875450891,0.820059670324662
12.288,0.11478800000022,0.119478693336681,0.876297743831345
12.29,0.11479000000022,0.119432624485955,0.932607291335117
12.292,0.11480400000022,0.119387655594924,0.989604397200671
12.294,0.11481800000022,0.119343481320669,1.04709819890939
12.296,0.11483200000022,0.119299710867195,1.1048432081938
12.298,0.11484600000022,0.119257289308486,1.16342733374034
12.3,0.11486000000022,0.119215906211364,1.22262357224918
12.302,0.114885000000221,0.119175221240412,1.28221599405244
12.304,0.114910000000221,0.119135920416962,1.34252548707737
12.306,0.114935000000221,0.119097582960452,1.4032148111091
12.308,0.114960000000221,0.119059985678968,1.46418532846784
12.31,0.114985000000221,0.119023904815922,1.52548520014383
12.312,0.115020000000221,0.118988756735823,1.5867582681335
12.314,0.115055000000221,0.118954474418599,1.64790851637476
12.316,0.115090000000221,0.1189213008905,1.70868861609268
12.318,0.115125000000221,0.118889244422763,1.76868076868202
12.32,0.115160000000221,0.118857969441943,1.82789424807349
12.322,0.115204000000222,0.118827462865124,1.88623518620716
12.324,0.115248000000222,0.118798179653493,1.9426285650033
12.326,0.115292000000222,0.118769596276107,1.99758802019559
12.328,0.115336000000222,0.118741724615552,2.05098099717742
12.33,0.115380000000222,0.118714872357284,2.10182559715504
12.332,0.115432000000222,0.118688640620939,2.15090186073876
12.334,0.115484000000222,0.118663151896187,2.1978607221917
12.336,0.115536000000222,0.118638641905185,2.24178103830977
12.338,0.115588000000222,0.118614513247778,2.28451747840545
12.34,0.115640000000222,0.11859157845653,2.32340871415187
12.342,0.115699000000222,0.118569371158557,2.35993530289744
12.344,0.115758000000222,0.118547897826648,2.39408520947509
12.346,0.115817000000223,0.118527167602726,2.42583918956322
12.348,0.115876000000223,0.118507551354797,2.45406279339619
12.35,0.115935000000223,0.118488732680674,2.47982104620111
12.352,0.116000000000223,0.118470765330266,2.50300215073153
12.354,0.116065000000223,0.118453653283439,2.52363432332029
12.356,0.116130000000223,0.118437638165712,2.54114176502172
12.358,0.116195000000223,0.11842217687428,2.55709250968195
12.36,0.116260000000223,0.118408494025656,2.56832632339243
12.362,0.116330000000223,0.118394811177033,2.57956013710293
12.364,0.116400000000223,0.118383030565884,2.58614217178627
12.366,0.116470000000223,0.118371599038209,2.59187054902664
12.368,0.116540000000223,0.11836147563095,2.59465645189852
12.37,0.116610000000224,0.118352109655172,2.59573859517314
12.372,0.116684000000224,0.118344480898556,2.59319024477321
12.374,0.116758000000224,0.118337427633943,2.5894799482043
12.376,0.116832000000224,0.118331777354457,2.58295977456225
12.378,0.116906000000224,0.118327173415756,2.57437623669339
12.38,0.116980000000224,0.118323396513097,2.56416179940358
12.382,0.117057000000224,0.118321223619539,2.55073696708664
12.384,0.117134000000224,0.118319613185725,2.53615901612689
12.386,0.117211000000224,0.118319490147758,2.51847537288147
12.388,0.117288000000224,0.118320209139902,2.49892437422742
12.39,0.117365000000224,0.118321826693894,2.47738065072485
12.392,0.117444000000225,0.118324957840323,2.4522411983477
12.394,0.117523000000225,0.118328486084824,2.4261583896412
12.396,0.117602000000225,0.118333256316283,2.39701063882279
12.398,0.117681000000225,0.118338863631419,2.36579715535376
12.4,0.117760000000225,0.118345186035011,2.33284010185954
12.402,0.117840000000225,0.118352569607008,2.29729564619366
12.404,0.117920000000225,0.118361135387252,2.25912556325783
12.406,0.118000000000225,0.118370275795512,2.21975550116537
12.408,0.118080000000225,0.118380768281341,2.1778332735013
12.41,0.118160000000225,0.118392116021207,2.13463561370497
12.412,0.118240000000226,0.118404266854868,2.09024030784048
12.414,0.118320000000226,0.11841796483115,2.04414384347018
12.416,0.118400000000226,0.118432329883434,1.99747306249424
12.418,0.118480000000226,0.118448046548689,1.94977429663191
12.42,0.118560000000226,0.118464886966502,1.90150823605348
12.422,0.118640000000226,0.118482642729188,1.85282694338469
12.424,0.118720000000226,0.118501866096019,1.80367746563938
12.426,0.118800000000226,0.118522223997831,1.75429952106035
12.428,0.118880000000226,0.118543459586976,1.70476698424416
12.43,0.118960000000226,0.118566062800044,1.65505851434238
12.432,0.119040000000226,0.11858979992793,1.60525177466002
12.434,0.119120000000226,0.118614362801556,1.55538290392382
12.436,0.119200000000227,0.118640146157434,1.50544216428817
12.438,0.119280000000227,0.118667033275013,1.45547239604603
12.44,0.119360000000227,0.118694684989797,1.40550367242118
12.442,0.119440000000227,0.118723420766613,1.35556884457313
12.444,0.119520000000227,0.118753321749203,1.30579880951392
12.446,0.119600000000227,0.118783719463222,1.25612433974198
12.448,0.119680000000227,0.118815561754295,1.20689720631398
12.45,0.119760000000227,0.11884807872561,1.158035113422
12.452,0.119840000000227,0.11888153602474,1.10968179157146
12.454,0.119920000000227,0.118916093945545,1.06218102995535
12.456,0.120000000000227,0.118951589533272,1.0155372014152
12.458,0.120080000000227,0.118987992381538,0.96983044467492
12.46,0.120160000000228,0.119025685357292,0.925678041943115
12.462,0.120240000000228,0.119064433982511,0.882977225657842
12.464,0.120320000000228,0.119104200501124,0.841776421758279
12.466,0.120400000000228,0.11914490983323,0.802017785554508
12.468,0.120480000000228,0.119187202083362,0.764894422036459
12.47,0.120560000000228,0.11922989181782,0.728432798147895
12.472,0.120640000000228,0.119274191547522,0.694822785070019
12.474,0.120720000000228,0.119319058670217,0.662217733964158
12.476,0.120800000000228,0.119365342103113,0.632236587941076
12.478,0.120880000000228,0.119412293443448,0.60349283025397
12.48,0.120960000000229,0.119460308835932,0.576768660381962
12.482,0.121040000000229,0.119509120205421,0.551559022158405
12.484,0.121120000000229,0.119559157135812,0.528707722143184
12.486,0.121200000000229,0.119609955828039,0.50733038805499
12.488,0.121280000000229,0.119661375904985,0.48715580193539
12.49,0.121360000000229,0.119713926047378,0.469172887237294
12.492,0.121440000000229,0.119767120332025,0.452439771029454
12.494,0.121520000000229,0.119820880415621,0.436804402160449
12.496,0.121600000000229,0.119875895094983,0.423602266065295
12.498,0.121680000000229,0.119930909774346,0.410400129970117
12.5,0.121760000000229,0.119986850527351,0.398993502378915
12.502,0.121840000000229,0.120043848264418,0.389635603402893
12.504,0.12192000000023,0.120100846001486,0.380277704426863
12.506,0.12200000000023,0.120158923954522,0.373012992453539
12.508,0.12208000000023,0.120217489589645,0.366692369070689
12.51,0.12216000000023,0.120276539017034,0.361307916039338
12.512,0.12224000000023,0.120336364846092,0.357422934248665
12.514,0.12232000000023,0.120396734162639,0.354582887610367
12.516,0.12240000000023,0.120457581048161,0.352658046602984
12.518,0.12248000000023,0.120519157032512,0.352122989770994
12.52,0.12256000000023,0.120581162260993,0.352395278586113
12.522,0.12264000000023,0.120643718240792,0.35370345035524
12.524,0.12272000000023,0.120707023360237,0.356383546939758
12.526,0.12280000000023,0.120770686410437,0.35971913424053
12.528,0.12288000000023,0.120834786416263,0.363822111713342
12.53,0.122960000000231,0.120899671713309,0.369304233261522
12.532,0.123040000000231,0.120964601793608,0.374859266193285
12.534,0.123120000000231,0.121030655836885,0.382244217412687
12.536,0.123200000000231,0.121096709880162,0.389629168632095
12.538,0.123280000000231,0.121163477068829,0.398051977753761
12.54,0.123360000000231,0.121230522786305,0.406880136653433
12.542,0.123440000000231,0.121298269930866,0.416547874868681
12.544,0.123520000000231,0.121366135393061,0.426353729170765
12.546,0.123600000000231,0.121434720502995,0.436780099963239
12.548,0.123680000000231,0.121503409801806,0.447248586520728
12.55,0.123760000000231,0.12157263825554,0.457935013063695
12.552,0.123840000000231,0.12164203962334,0.468588977718317
12.554,0.123920000000232,0.121711826667315,0.479170537754927
12.556,0.124000000000232,0.121781880764352,0.489481777641866
12.558,0.124080000000232,0.121852251965234,0.49947203428184
12.56,0.124160000000232,0.121922623166116,0.509462290921814
12.562,0.124240000000232,0.121993384769608,0.518805715298213
12.564,0.124320000000232,0.122064275603459,0.527932150424804
12.566,0.124400000000232,0.122135536988021,0.536220166055208
12.568,0.124480000000232,0.12220689828633,0.544265039627809
12.57,0.124560000000232,0.122278533784543,0.551642642367543
12.572,0.124640000000232,0.122350370160596,0.558538158139651
12.574,0.124720000000233,0.122422390861643,0.564991312140135
12.576,0.124800000000233,0.122494724933814,0.570740925515786
12.578,0.124880000000233,0.122567162401239,0.576260828364102
12.58,0.124960000000233,0.122640012007123,0.580932816504318
12.582,0.125039000000233,0.122712987618751,0.585363309596348
12.584,0.125118000000233,0.122786279754016,0.589187172479207
12.586,0.125197000000233,0.122859814112755,0.59255180583923
12.588,0.125276000000233,0.122933555510673,0.595523915295401
12.59,0.125355000000233,0.123007632727022,0.597805177244641
12.592,0.125432000000233,0.123081864360041,0.599739206018525
12.594,0.125509000000233,0.123156407230434,0.600895740833821
12.596,0.125586000000234,0.123231135436087,0.601429043515706
12.598,0.125663000000234,0.123306008685881,0.601474602153739
12.6,0.125740000000234,0.123381131506363,0.600262678754421
12.602,0.125814000000234,0.123456329182962,0.598454412708358
12.604,0.125888000000234,0.123531650068015,0.595577081161149
12.606,0.125962000000234,0.123607037174975,0.59136437473108
12.608,0.126036000000234,0.123682450818854,0.586404404230687
12.61,0.126110000000234,0.123757862204864,0.579487196796738
12.612,0.126180000000234,0.123833225984113,0.571397530349266
12.614,0.126250000000234,0.123908538081836,0.562035051643833
12.616,0.126320000000234,0.123983672658075,0.550239446053124
12.618,0.126390000000234,0.124058740077959,0.537664475653089
12.62,0.126460000000234,0.124133531455632,0.522304192101263
12.622,0.126525000000234,0.124208164181093,0.505637666030511
12.624,0.126590000000234,0.124282542945759,0.486880186523124
12.626,0.126655000000235,0.124356601212938,0.465834129196717
12.628,0.126720000000235,0.12443048321224,0.443529395076674
12.63,0.126785000000235,0.124503914808201,0.418302123763976
12.632,0.126844000000235,0.124577048656796,0.391259450327546
12.634,0.126903000000235,0.124649886093659,0.362455107481732
12.636,0.126962000000235,0.124722325994516,0.331376251106051
12.638,0.127021000000235,0.124794357000249,0.298063927256437
12.64,0.127080000000235,0.124866209488082,0.263793011396982
12.642,0.127132000000235,0.124937609515978,0.227151965754018
12.644,0.127184000000235,0.125008743226794,0.189202589433108
12.646,0.127236000000235,0.125079593295609,0.149859770626784
12.648,0.127288000000236,0.125150343008492,0.110073788469082
12.65,0.127340000000236,0.125220638696922,0.0682828725194738
12.652,0.127384000000236,0.125290934385352,0.026491956569791
12.654,0.127428000000236,0.125360784622965,-0.0168697781972242
12.656,0.127472000000236,0.125430572847642,-0.0604501927413509
12.658,0.127516000000236,0.125500110127155,-0.104711518358902
12.66,0.127560000000236,0.12556942177633,-0.149561372046333
12.662,0.127595000000236,0.12563836639871,-0.195188745272548
12.664,0.127630000000236,0.125707002899062,-0.241395194066487
12.666,0.127665000000236,0.125775363547402,-0.288110248964146
12.668,0.127700000000236,0.125843203471031,-0.335745792249883
12.67,0.127735000000236,0.125910551207688,-0.384227038913345
12.672,0.127760000000237,0.125977487558148,-0.433410074581426
12.674,0.127785000000237,0.126043718997401,-0.48378283900119
12.676,0.127810000000237,0.126109121286554,-0.535516243243718
12.678,0.127835000000237,0.126174192177435,-0.587793473852159
12.68,0.127860000000237,0.126238207577972,-0.641736396050304
12.682,0.127874000000237,0.126301561108809,-0.696676520370706
12.684,0.127888000000237,0.126364130345447,-0.752768824133863
12.686,0.127902000000237,0.126425571827784,-0.810354834657833
12.688,0.127916000000237,0.126486330014268,-0.868739841690173
12.69,0.127930000000237,0.126546348685044,-0.927960157640108
12.692,0.127932000000237,0.126605287108436,-0.988168468982649
12.694,0.127934000000238,0.126663379572627,-1.04894715419859
12.696,0.127936000000238,0.126720647554871,-1.11010769471824
12.698,0.127938000000238,0.126776906240726,-1.17144091428017
12.7,0.127940000000238,0.12683262105093,-1.23281593172847
12.702,0.127931000000238,0.126887528315084,-1.29404800207466
12.704,0.127922000000238,0.126941698789001,-1.35510690282858
12.706,0.127913000000238,0.126994847861241,-1.41570441809893
12.708,0.127904000000238,0.127047172350216,-1.47580990498406
12.71,0.127895000000238,0.127098820943268,-1.53548808098296
12.712,0.127876000000238,0.127149508266372,-1.59451392478732
12.714,0.127857000000238,0.127199167796682,-1.65279700603046
12.716,0.127838000000238,0.127248086631783,-1.71052886553676
12.718,0.127819000000238,0.127296096297517,-1.76757205604528
12.72,0.127800000000239,0.127342851491702,-1.82360096042818
12.722,0.127772000000239,0.127388812012511,-1.87893166215043
12.724,0.127744000000239,0.127433955389859,-1.9335297792261
12.726,0.127716000000239,0.127477654717437,-1.98662946654249
12.728,0.127688000000239,0.127520554224747,-2.03873771133971
12.73,0.127660000000239,0.127562657013463,-2.08981924629364
12.732,0.127624000000239,0.127603466817668,-2.13892909045686
12.734,0.127588000000239,0.127643402688423,-2.18639613800155
12.736,0.127552000000239,0.127682597443713,-2.23236662239988
12.738,0.127516000000239,0.127720734888072,-2.27590861217231
12.74,0.127480000000239,0.127757951339214,-2.31692267613876
12.742,0.127437000000239,0.127794498126473,-2.3559507915061
12.744,0.127394000000239,0.127830200537277,-2.39230171226399
12.746,0.12735100000024,0.127864927597224,-2.4252300335553
12.748,0.12730800000024,0.127899020815151,-2.45584565464006
12.75,0.12726500000024,0.127932416962106,-2.4838784099129
12.752,0.12721600000024,0.127964717014109,-2.50781290398321
12.754,0.12716700000024,0.127996360319686,-2.5293555050412
12.756,0.12711800000024,0.128027342719045,-2.54850943892545
12.758,0.12706900000024,0.12805713564218,-2.56358348603424
12.76,0.12702000000024,0.128086152437598,-2.57618429561361
12.762,0.12696600000024,0.128114442997135,-2.58651975600507
12.764,0.12691200000024,0.128141570722056,-2.59343491493198
12.766,0.126858000000241,0.128167710261891,-2.59766359315647
12.768,0.126804000000241,0.128193057177593,-2.59980625355028
12.77,0.126750000000241,0.128217301515965,-2.59916035895925
12.772,0.126692000000241,0.128240344113404,-2.59566284014602
12.774,0.126634000000241,0.128262547095175,-2.59024212023294
12.776,0.126576000000241,0.128283750480572,-2.58257829831657
12.778,0.126518000000241,0.128303550621413,-2.57191779343886
12.78,0.126460000000241,0.128322484200492,-2.5594738663098
12.782,0.126399000000241,0.128340549465156,-2.54525787425668
12.784,0.126338000000241,0.128357027496418,-2.52793927447771
12.786,0.126277000000241,0.128372623361443,-2.50896830669326
12.788,0.126216000000241,0.128387320378055,-2.48832940783522
12.79,0.126155000000242,0.128400419532156,-2.46483459111107
12.792,0.126092000000242,0.128412867732801,-2.44022678699622
12.794,0.126029000000242,0.128424009251684,-2.41338484415745
12.796,0.125966000000242,0.128434056089272,-2.38474812040489
12.798,0.125903000000242,0.128443250896087,-2.35471445255794
12.8,0.125840000000242,0.128450923213305,-2.32225709469597
12.802,0.125776000000242,0.128458154706694,-2.28909889518672
12.804,0.125712000000242,0.128463544857029,-2.25305031680622
12.806,0.125648000000242,0.128468474222468,-2.21627869904889
12.808,0.125584000000242,0.128472033912865,-2.17735785939523
12.81,0.125520000000242,0.128474740952535,-2.13709145358885
12.812,0.125456000000242,0.128476529948384,-2.09537628493848
12.814,0.125392000000242,0.128477101538121,-2.05174407409213
12.816,0.125328000000242,0.128477179101436,-2.00733392276544
12.818,0.125264000000243,0.12847569135458,-1.96053335030502
12.82,0.125200000000243,0.128473776265981,-1.91313744637339
12.822,0.125136000000243,0.12847026339844,-1.86357930039196
12.824,0.125072000000243,0.1284667505309,-1.81402115441049
12.826,0.125008000000243,0.128461679205834,-1.7627684351326
12.828,0.124944000000243,0.128456174216124,-1.71104417491493
12.83,0.124880000000243,0.128449003514717,-1.65821867321075
12.832,0.124816000000243,0.128441584522965,-1.60527041588406
12.834,0.124752000000243,0.128432338128959,-1.55190588290982
12.836,0.124688000000243,0.128422759242841,-1.4985893083929
12.838,0.124624000000243,0.128411699545141,-1.4454863252268
12.84,0.124560000000244,0.128399441594541,-1.39294612970767
12.842,0.124496000000244,0.128386279956878,-1.34092968424349
12.844,0.124432000000244,0.128371817439374,-1.28982732232917
12.846,0.124368000000244,0.128355522952318,-1.24042451908446
12.848,0.124304000000244,0.128338707266156,-1.19150524377654
12.85,0.124240000000244,0.128321137105332,-1.14338639730441
12.852,0.124176000000244,0.128301803108072,-1.09713882049117
12.854,0.124112000000244,0.128281407127093,-1.05214747091519
12.856,0.124048000000244,0.128260037147644,-1.00830827026888
12.858,0.123984000000244,0.128237388409467,-0.966050347808788
12.86,0.123920000000244,0.128213743857575,-0.925043631528546
12.862,0.123856000000244,0.128189185102253,-0.885201396315934
12.864,0.123792000000245,0.128163336435285,-0.847031174693782
12.866,0.123728000000245,0.128136508448569,-0.810159700693398
12.868,0.123664000000245,0.128109154700014,-0.773989974870845
12.87,0.123600000000245,0.128080234863897,-0.739976000316885
12.872,0.123536000000245,0.128051281720283,-0.706011066203181
12.874,0.123472000000245,0.128020388557127,-0.674902528411764
12.876,0.123408000000245,0.127989495393971,-0.64379399062032
12.878,0.123344000000245,0.12795774139597,-0.614051167145858
12.88,0.123280000000245,0.127925029398787,-0.585828209190652
12.882,0.123216000000245,0.12789130115168,-0.559368167597853
12.884,0.123152000000245,0.127857106986549,-0.533716366663089
12.886,0.123088000000246,0.127821586056906,-0.51052693726023
12.888,0.123024000000246,0.127785752190782,-0.487935497071764
12.89,0.122960000000246,0.127748610529642,-0.467909884200549
12.892,0.122896000000246,0.12771099995406,-0.448843815462145
12.894,0.122832000000246,0.127672405356997,-0.43179135934767
12.896,0.122768000000246,0.127633049139149,-0.416343737458829
12.898,0.122704000000246,0.127593031210975,-0.402290425437865
12.9,0.122640000000246,0.127551837829275,-0.390760795185724
12.902,0.122576000000246,0.127510247301788,-0.380083831212752
12.904,0.122512000000246,0.127467980147181,-0.370868844650703
12.906,0.122448000000246,0.127424869732862,-0.363475875879706
12.908,0.122384000000246,0.127380944974224,-0.357835777141009
12.91,0.122320000000246,0.127336565221772,-0.353175049169082
12.912,0.122256000000246,0.127291175136301,-0.350656067165934
12.914,0.122192000000247,0.127245550646165,-0.348631688322133
12.916,0.122128000000247,0.127198828454356,-0.348869547831811
12.918,0.122064000000247,0.127151861605004,-0.349589225184302
12.92,0.122000000000247,0.127104078699428,-0.351916007894969
12.922,0.121936000000247,0.127055878372471,-0.355009636581954
12.924,0.121872000000247,0.127007117948409,-0.359132221213977
12.926,0.121808000000247,0.126957690534802,-0.364326613795044
12.928,0.121744000000247,0.126907860170019,-0.370168522184492
12.93,0.121680000000247,0.126858029805236,-0.376010430573935
12.932,0.121616000000247,0.126807091438865,-0.383300143496011
12.934,0.121552000000247,0.126756140354588,-0.390606474663823
12.936,0.121488000000247,0.126704844451703,-0.398218850125194
12.938,0.121424000000248,0.126652919069017,-0.406389921363789
12.94,0.121360000000248,0.126600993686331,-0.414560992602391
12.942,0.121296000000248,0.126548519252092,-0.423021196075415
12.944,0.121232000000248,0.126495830425728,-0.431594299100788
12.946,0.121168000000248,0.126442642592545,-0.440290617026278
12.948,0.121104000000248,0.126389345465035,-0.4490139219369
12.95,0.121040000000248,0.126335491741627,-0.457796934935229
12.952,0.120976000000248,0.126281576778552,-0.466585350442932
12.954,0.120912000000248,0.126227065328091,-0.475387357686435
12.956,0.120848000000248,0.12617247722394,-0.484185878548873
12.958,0.120784000000248,0.126117346508361,-0.492959720231311
12.96,0.120720000000249,0.126062044261618,-0.501702962397087
12.962,0.120656000000249,0.126006150957349,-0.510340765560818
12.964,0.120592000000249,0.12595025765308,-0.518978568724548
12.966,0.120528000000249,0.125894035590745,-0.527504428647429
12.968,0.120464000000249,0.125837425876597,-0.535898291808247
12.97,0.120400000000249,0.125780414589801,-0.544029995669248
12.972,0.120336000000249,0.125723242081641,-0.552040142866603
12.974,0.120272000000249,0.125665628419332,-0.559603584423746
12.976,0.120208000000249,0.125607830029436,-0.566895484009057
12.978,0.120144000000249,0.1255497661521,-0.573797127955388
12.98,0.120080000000249,0.125491401888367,-0.580094877222198
12.982,0.120017000000249,0.125432908259192,-0.586122320567543
12.984,0.119954000000249,0.125374054199997,-0.591205926998791
12.986,0.119891000000249,0.125315076059629,-0.595879195998123
12.988,0.11982800000025,0.125255878972059,-0.599828404844724
12.99,0.11976500000025,0.125196429583952,-0.602659910241482
12.992,0.11970400000025,0.125136860843366,-0.604962678444258
12.994,0.11964300000025,0.12507723731446,-0.60692009071194
12.996,0.11958200000025,0.125017306809064,-0.606942489216574
12.998,0.11952100000025,0.124957376303669,-0.606964887721209
13,0.11946000000025,0.124897333043547,-0.606003930444221
13.002,0.11940200000025,0.1248371403678,-0.602879100761971
13.004,0.11934400000025,0.124776947692054,-0.599754271079718
13.006,0.11928600000025,0.124716704188888,-0.594467830072787
13.008,0.11922800000025,0.124656476723497,-0.588116844118456
13.01,0.11917000000025,0.124596281250791,-0.580209466156486
13.012,0.119116000000251,0.124536161280171,-0.57085710067336
13.014,0.119062000000251,0.124476122261369,-0.559955448637547
13.016,0.119008000000251,0.124416234842533,-0.547141327640365
13.018,0.118954000000251,0.124356452490908,-0.533001759262731
13.02,0.118900000000251,0.124296912723999,-0.516424262498728
13.022,0.118851000000251,0.124237477560544,-0.498795521729443
13.024,0.118802000000251,0.124178324877224,-0.478679328462967
13.026,0.118753000000251,0.124119299653015,-0.457440760744108
13.028,0.118704000000251,0.124060568039662,-0.433831877401912
13.03,0.118655000000251,0.124001974949722,-0.409104696823975
13.032,0.118612000000252,0.123943672964898,-0.38218718330435
13.034,0.118569000000252,0.123885514484023,-0.35418991746189
13.036,0.118526000000252,0.123827644445904,-0.324198193932119
13.038,0.118483000000252,0.123769922883883,-0.29317982200346
13.04,0.118440000000252,0.123712499180685,-0.260335820145408
13.042,0.118404000000252,0.123655235482488,-0.226511119062747
13.044,0.118368000000252,0.123598298229196,-0.190976985502397
13.046,0.118332000000252,0.123541543880324,-0.154485070859396
13.048,0.118296000000252,0.123485164130128,-0.116344438720653
13.05,0.118260000000252,0.123429003184898,-0.0772407824159441
13.052,0.118232000000252,0.123373278744493,-0.0365119288637252
13.054,0.118204000000252,0.123317819985512,0.00520611128142074
13.056,0.118176000000253,0.12326286320524,0.0485298975455103
13.058,0.118148000000253,0.123208224669749,0.0928716957615199
13.06,0.118120000000253,0.123154145526763,0.138765914442167
13.062,0.118101000000253,0.123100435647183,0.185684909218836
13.064,0.118082000000253,0.123047325265354,0.234039385004226
13.066,0.118063000000253,0.12299462679785,0.283380178399548
13.068,0.118044000000253,0.122942547556677,0.333967229685532
13.07,0.118025000000253,0.122890911046682,0.385445323867538
13.072,0.118016000000253,0.12283989815043,0.437927000443325
13.074,0.118007000000253,0.122789349090018,0.491155128630437
13.076,0.117998000000253,0.12273942424438,0.545131594677673
13.078,0.117989000000253,0.122689982281356,0.599686962981302
13.08,0.117980000000254,0.122641174682267,0.654769701443862
13.082,0.117982000000254,0.122592877376381,0.710276665484483
13.084,0.117984000000254,0.122545243986488,0.766159248629286
13.086,0.117986000000254,0.122498165856854,0.822355977483855
13.088,0.117988000000254,0.122451804060103,0.878858844358323
13.09,0.117990000000254,0.122406065053996,0.935627872258044
13.092,0.118004000000254,0.122361114785817,0.992707062730085
13.094,0.118018000000254,0.12231687730195,1.05006654784551
13.096,0.118032000000254,0.122273348320204,1.10771501113253
13.098,0.118046000000254,0.122230719458251,1.16573702224349
13.1,0.118060000000254,0.122189055762061,1.22417908091871
13.102,0.118085000000254,0.122148516761438,1.28312238860067
13.104,0.118110000000254,0.122108892469839,1.34246217848514
13.106,0.118135000000255,0.122070244298562,1.40219872128971
13.108,0.118160000000255,0.122032804834418,1.46237863838034
13.11,0.118185000000255,0.121996386148502,1.52281933260397
13.112,0.118220000000255,0.121960922007009,1.58344367361912
13.114,0.118255000000255,0.121926693233505,1.64414518874753
13.116,0.118290000000255,0.121893656809015,1.70460792274845
13.118,0.118325000000255,0.121861483774753,1.76470786192356
13.12,0.118360000000255,0.121830210478256,1.82431445600944
13.122,0.118404000000255,0.121800252754025,1.88262900674205
13.124,0.118448000000255,0.121771047343541,1.93984722895295
13.126,0.118492000000255,0.121742579563521,1.99587471828511
13.128,0.118536000000256,0.121715135467672,2.04981639232958
13.13,0.118580000000256,0.121688511806662,2.10164433073954
13.132,0.118632000000256,0.121662625038188,2.15133769997887
13.134,0.118684000000256,0.121637668944375,2.19812498720323
13.136,0.118736000000256,0.121612929408686,2.24416684115518
13.138,0.118788000000256,0.121589426856358,2.28595076870115
13.14,0.118840000000256,0.121566494998412,2.3256649960447
13.142,0.118899000000256,0.121544285768797,2.362758514212
13.144,0.118958000000256,0.12152291038671,2.39683992904717
13.146,0.119017000000256,0.121502344024721,2.42805200913899
13.148,0.119076000000256,0.121482555393648,2.45657664107147
13.15,0.119135000000257,0.121463564111198,2.48242385588281
13.152,0.119200000000257,0.12144553982408,2.50515556455357
13.154,0.119265000000257,0.12142861023605,2.52456594872934
13.156,0.119330000000257,0.121412251695878,2.5423194621386
13.158,0.119395000000257,0.121396993669343,2.55694338155943
13.16,0.119460000000257,0.121383089864814,2.56808230286823
13.162,0.119530000000257,0.121369860176197,2.57748643278492
13.164,0.119600000000257,0.121357016842315,2.58597845150314
13.166,0.119670000000257,0.121346040505515,2.59006283963679
13.168,0.119740000000257,0.12133568551003,2.5928259002291
13.17,0.119810000000257,0.121326725352867,2.59262273558695
13.172,0.119884000000258,0.12131868744392,2.59059862886942
13.174,0.119958000000258,0.121311800232976,2.58630251514257
13.176,0.120032000000258,0.121306000895332,2.5799560423293
13.178,0.120106000000258,0.121301197735611,2.57173981245675
13.18,0.120180000000258,0.121297822315148,2.56088466180738
13.182,0.120257000000258,0.121295549722649,2.54796972923411
13.184,0.120334000000258,0.121294161028475,2.53338058186685
13.186,0.120411000000258,0.121294002763576,2.51641396708995
13.188,0.120488000000258,0.121295177558993,2.49671008632123
13.19,0.120565000000258,0.121296737715694,2.47621491627401
13.192,0.120644000000258,0.121300381976138,2.45105981358871
13.194,0.120723000000258,0.121304056031741,2.42583809069207
13.196,0.120802000000258,0.121308874112614,2.39787082524355
13.198,0.120881000000259,0.121314507957796,2.36794580966667
13.2,0.120960000000259,0.121321543471822,2.33448006800596
13.202,0.121040000000259,0.121329078566172,2.29976777991909
13.204,0.121120000000259,0.121337755906252,2.26221817068298
13.206,0.121200000000259,0.121347305442806,2.22268605470566
13.208,0.121280000000259,0.121357506008844,2.18167414560758
13.21,0.121360000000259,0.121368972028046,2.13818123429825
13.212,0.121440000000259,0.121381335624461,2.09322578192615
13.214,0.121520000000259,0.121394603660443,2.04698496008105
13.216,0.121600000000259,0.121408859992668,1.99955138336601
13.218,0.121680000000259,0.121424783679877,1.95077269497177
13.22,0.121760000000259,0.121440979568344,1.90184611659076
13.222,0.12184000000026,0.121459388678926,1.85193337210895
13.224,0.12192000000026,0.121477797789508,1.80202062762714
13.226,0.12200000000026,0.121497967487595,1.75179551714781
13.228,0.12208000000026,0.121518777434858,1.70145681272785
13.23,0.12216000000026,0.121541601126091,1.65116854204543
13.232,0.12224000000026,0.121564921861029,1.60093680045868
13.234,0.12232000000026,0.121589791055436,1.55089308715029
13.236,0.12240000000026,0.12161557767822,1.50101120517722
13.238,0.12248000000026,0.121642376863925,1.45130793595852
13.24,0.122560000000261,0.121670368606226,1.40185548861137
13.242,0.122640000000261,0.121699306341939,1.35262087188897
13.244,0.122720000000261,0.12172914433414,1.30361037581724
13.246,0.122800000000261,0.121760301438825,1.25500169145212
13.248,0.122880000000261,0.121792510449681,1.20684265627015
13.25,0.122960000000261,0.121825376153676,1.15896637124128
13.252,0.123040000000261,0.121859041119395,1.11154776353481
13.254,0.123120000000261,0.121893628254328,1.06465721306372
13.256,0.123200000000261,0.121929611459682,1.01887665552831
13.258,0.123280000000261,0.121966348218878,0.97384670634977
13.26,0.123360000000261,0.122003840039373,0.929582357623972
13.262,0.123440000000261,0.122042762935978,0.887042948180726
13.264,0.123520000000262,0.122082524602077,0.845671402773867
13.266,0.123600000000262,0.122123078551559,0.805422054093917
13.268,0.123680000000262,0.122165050973766,0.767375863037816
13.27,0.123760000000262,0.12220795004964,0.730890759412693
13.272,0.123840000000262,0.122251685488424,0.695839602662999
13.274,0.123920000000262,0.122296984564113,0.663601957699759
13.276,0.124000000000262,0.122342594924622,0.631949835738258
13.278,0.124080000000262,0.122389873425364,0.603435465493767
13.28,0.124160000000262,0.122437515150944,0.575627345258602
13.282,0.124240000000262,0.122486682419157,0.550785471784464
13.284,0.124320000000262,0.122536212964159,0.526662573120095
13.286,0.124400000000262,0.122586978068253,0.504983036976168
13.288,0.124480000000263,0.122638648417624,0.485111373382307
13.29,0.124560000000263,0.12269091302841,0.466427358865885
13.292,0.124640000000263,0.122744248510826,0.449887084612765
13.294,0.124720000000263,0.122798290769628,0.434760068615996
13.296,0.124800000000263,0.122852868448643,0.420703176669298
13.298,0.124880000000263,0.122908496291309,0.408738039381602
13.3,0.124960000000263,0.122964719896927,0.397951405534667
13.302,0.125040000000263,0.12302150541189,0.388276307901142
13.304,0.125120000000263,0.123079077366038,0.380142596567647
13.306,0.125200000000263,0.123137061013266,0.372815785611168
13.308,0.125280000000264,0.123195950637518,0.367242261049961
13.31,0.125360000000264,0.123255069375495,0.362112127400213
13.312,0.125440000000264,0.123315205471095,0.358920276873748
13.314,0.125520000000264,0.123375491468357,0.356010994448288
13.316,0.125600000000264,0.123436731592024,0.35488550220369
13.318,0.125680000000264,0.123498195990158,0.35416989978853
13.32,0.125760000000264,0.123560439792558,0.354878756814806
13.322,0.125840000000264,0.123623039597211,0.356220601001872
13.324,0.125920000000264,0.123686258164323,0.358662631178577
13.326,0.126000000000264,0.123749958398257,0.361932281427354
13.328,0.126080000000264,0.123814127026922,0.366006747087975
13.33,0.126160000000265,0.123878896881977,0.371069600645839
13.332,0.126240000000265,0.123943992255002,0.376667590430256
13.334,0.126320000000265,0.124009800005522,0.383368438639656
13.336,0.126400000000265,0.124075796532161,0.390361538265752
13.338,0.126480000000265,0.124142603148534,0.398504786430945
13.34,0.126560000000265,0.124209529757205,0.406807576363986
13.342,0.126640000000265,0.124277221029463,0.41606071161774
13.344,0.126720000000265,0.124345078281584,0.425479082028683
13.346,0.126800000000265,0.124413538634664,0.435497847452538
13.348,0.126880000000265,0.124482249027705,0.445679425450137
13.35,0.126960000000265,0.124551408632688,0.456153506100788
13.352,0.127040000000266,0.124620878421902,0.466684479053466
13.354,0.127120000000266,0.124690659204988,0.477272492807679
13.356,0.127200000000266,0.124760788411492,0.487714806166398
13.358,0.127280000000266,0.124831112659766,0.498075558810277
13.36,0.127360000000266,0.124901809560097,0.508019239669375
13.362,0.127440000000266,0.124972609809439,0.517847252426178
13.364,0.127520000000266,0.125043804557253,0.526959626997353
13.366,0.127600000000266,0.125115061179544,0.535943019083467
13.368,0.127680000000266,0.125186735657679,0.543933091978841
13.37,0.127760000000266,0.125258410135814,0.55192316487423
13.372,0.127840000000266,0.125330412207192,0.559057718549846
13.374,0.127920000000266,0.125402524151771,0.565905335187992
13.376,0.128000000000266,0.125475004110934,0.571796265465209
13.378,0.128080000000267,0.125547552763897,0.577514618518187
13.38,0.128160000000267,0.125620427717237,0.582432241131485
13.382,0.128239000000267,0.125693534759846,0.586818432352016
13.384,0.128318000000267,0.125766838501566,0.590762430726108
13.386,0.128397000000267,0.125840395781987,0.5941484789725
13.388,0.128476000000267,0.125914285971172,0.596786799753003
13.39,0.128555000000267,0.125988245730094,0.599266752583913
13.392,0.128632000000267,0.126062623369045,0.600694904426925
13.394,0.128709000000267,0.126137074696099,0.601885813151524
13.396,0.128786000000268,0.126211833872628,0.602085582661882
13.398,0.128863000000268,0.126286707195683,0.601745758491649
13.4,0.128940000000268,0.126361776583866,0.600479094872454
13.402,0.129014000000268,0.126436963130031,0.59825168293692
13.404,0.129088000000268,0.126512248361388,0.595215007894121
13.406,0.129162000000268,0.126587609510841,0.590860974687699
13.408,0.129236000000268,0.126663004421007,0.585421954885727
13.41,0.129310000000268,0.126738408070457,0.578709140764587
13.412,0.129380000000268,0.126813760314276,0.570162086106
13.414,0.129450000000268,0.126889032907461,0.560162817753166
13.416,0.129520000000268,0.126964228168451,0.548860191096471
13.418,0.129590000000269,0.127039240417294,0.53539206693312
13.42,0.129660000000269,0.127114176037027,0.521017226193171
13.422,0.129725000000269,0.127188785657148,0.503619403828216
13.424,0.129790000000269,0.1272633069592,0.485489991727428
13.426,0.129855000000269,0.127337449893012,0.464398560528757
13.428,0.129920000000269,0.127411411343086,0.442057713189588
13.43,0.129985000000269,0.127485042070487,0.417440021368174
13.432,0.130044000000269,0.127558384735081,0.391015407413293
13.434,0.130103000000269,0.127631430781146,0.362768014284457
13.436,0.130162000000269,0.127704084315344,0.33224399537062
13.438,0.130221000000269,0.127776366981237,0.299693726121102
13.44,0.13028000000027,0.12784834385891,0.265534985266243
13.442,0.13033200000027,0.127919985838584,0.229654092511594
13.444,0.13038400000027,0.127991260722688,0.191997925053191
13.446,0.13043600000027,0.12806234902171,0.153439431870654
13.448,0.13048800000027,0.128132846057644,0.112301209343945
13.45,0.13054000000027,0.128203318204171,0.0710543922902786
13.452,0.13058400000027,0.128273502201987,0.0287134958941281
13.454,0.13062800000027,0.128343360790617,-0.0148629551125701
13.456,0.13067200000027,0.128413020344113,-0.0590234421625201
13.458,0.13071600000027,0.12848234570797,-0.104164554049138
13.46,0.13076000000027,0.128551510487192,-0.149657197056629
13.462,0.130795000000271,0.128620255909521,-0.196067841949874
13.464,0.130830000000271,0.128688893939979,-0.242668370498412
13.466,0.130865000000271,0.128757044489393,-0.290130832829172
13.468,0.130900000000271,0.12882480624576,-0.33820561566982
13.47,0.130935000000271,0.128892284691909,-0.386724199260317
13.472,0.130960000000271,0.128959050485852,-0.436327227610678
13.474,0.130985000000271,0.129025366924599,-0.486605841293427
13.476,0.131010000000271,0.129091231702281,-0.53756350707566
13.478,0.131035000000271,0.129156115560214,-0.589977916030021
13.48,0.131060000000271,0.129220418508452,-0.643228492513711
13.482,0.131074000000271,0.129283870286174,-0.697699380263812
13.484,0.131088000000272,0.12934670603975,-0.752992624500532
13.486,0.131102000000272,0.129408468748526,-0.809718321270728
13.488,0.131116000000272,0.129469691185015,-0.867089074878626
13.49,0.131130000000272,0.129529918636368,-0.925647788668749
13.492,0.131132000000272,0.129588956812903,-0.985382261908568
13.494,0.131134000000272,0.129647270614725,-1.04569499979232
13.496,0.131136000000272,0.129704860980781,-1.10655201068958
13.498,0.131138000000272,0.129761186563393,-1.16802653584964
13.5,0.131140000000272,0.129817011988277,-1.229642047061
13.502,0.131131000000272,0.129871521293928,-1.29132675972521
13.504,0.131122000000273,0.129925515145963,-1.35288047925684
13.506,0.131113000000273,0.129978649923962,-1.41421588079509
13.508,0.131104000000273,0.130030757069868,-1.47500199761983
13.51,0.131095000000273,0.130082316362123,-1.53544687747705
13.512,0.131076000000273,0.130132438544921,-1.59478483267247
13.514,0.131057000000273,0.130182560727718,-1.65412278786784
13.516,0.131038000000273,0.130231053185561,-1.71197705686749
13.518,0.131019000000273,0.130279177876368,-1.76946899881869
13.52,0.131000000000273,0.130325897596967,-1.82551833839206
13.522,0.130972000000273,0.130372002641241,-1.88087431279825
13.524,0.130944000000273,0.130417027381132,-1.93501168580575
13.526,0.130916000000274,0.130461047751125,-1.98787411319451
13.528,0.130888000000274,0.130504344587762,-2.03981808844438
13.53,0.130860000000274,0.130546257385721,-2.08971403796328
13.532,0.130824000000274,0.130587792470137,-2.13904175904729
13.534,0.130788000000274,0.13062765919499,-2.18540703196612
13.536,0.130752000000274,0.130667136398088,-2.2309320975665
13.538,0.130716000000274,0.130705360440492,-2.27375406693153
13.54,0.130680000000274,0.130742867725447,-2.3147139531849
13.542,0.130637000000274,0.13077951905362,-2.35345012669868
13.544,0.130594000000274,0.130815153382525,-2.38909674376614
13.546,0.130551000000275,0.130850296627753,-2.42325149079639
13.548,0.130508000000275,0.130884130440058,-2.45296984145831
13.55,0.130465000000275,0.130917644461186,-2.48157581842456
13.552,0.130416000000275,0.130949862016656,-2.50555918987449
13.554,0.130367000000275,0.130981587602292,-2.52780027422347
13.556,0.130318000000275,0.131012315359896,-2.54650759940892
13.558,0.130269000000275,0.131042284103022,-2.56264545660247
13.56,0.130220000000275,0.131071453468317,-2.57611845975502
13.562,0.130166000000275,0.131099519645207,-2.58611625265072
13.564,0.130112000000275,0.131126618818303,-2.59328941045682
13.566,0.130058000000275,0.131152917616694,-2.59821783740068
13.568,0.130004000000275,0.131178266671089,-2.60057562543261
13.57,0.129950000000276,0.131202097455547,-2.59914127920699
13.572,0.129892000000276,0.131225754690998,-2.59727496339883
13.574,0.129834000000276,0.131247440019531,-2.5908020004422
13.576,0.129776000000276,0.131268909121457,-2.58385392522582
13.578,0.129718000000276,0.131288573593282,-2.57294055687262
13.58,0.129660000000276,0.131307855720351,-2.56122275367612
13.582,0.129599000000276,0.131325693530038,-2.54646617669555
13.584,0.129538000000276,0.131342380834071,-2.52937853068817
13.586,0.129477000000276,0.131358256005793,-2.51066891235269
13.588,0.129416000000276,0.1313728505873,-2.48945251052147
13.59,0.129355000000277,0.131386287307243,-2.46605847559077
13.592,0.129292000000277,0.131398860067078,-2.44107890186888
13.594,0.129229000000277,0.13140997022004,-2.41349399688845
13.596,0.129166000000277,0.131420468314925,-2.38488267213278
13.598,0.129103000000277,0.131429489850944,-2.35379516207359
13.6,0.129040000000277,0.13143773396562,-2.32149100687438
13.602,0.128975000000277,0.131444672287982,-2.2871433190589
13.604,0.128910000000277,0.131450673664455,-2.25142329728237
13.606,0.128845000000277,0.131455545145876,-2.21404833110683
13.608,0.128780000000277,0.131459327653146,-2.17517983513224
13.61,0.128715000000277,0.131462157799329,-2.13500517439359
13.612,0.128648000000278,0.131463751977521,-2.09326345737093
13.614,0.128581000000278,0.131464567836568,-2.05053492684104
13.616,0.128514000000278,0.131464189360191,-2.00642889383855
13.618,0.128447000000278,0.13146284367432,-1.96127743930183
13.62,0.128380000000278,0.131460492578379,-1.91512662926494
13.622,0.128311000000278,0.131456804548484,-1.86789365577295
13.624,0.128242000000278,0.131452206921224,-1.82010506486763
13.626,0.128173000000278,0.131446666413788,-1.7718403117192
13.628,0.128104000000278,0.131439642442327,-1.72316059917869
13.63,0.128035000000279,0.131431719947925,-1.67451817191531
13.632,0.127964000000279,0.13142271694981,-1.62592058143738
13.634,0.127893000000279,0.131412090071773,-1.57794704467713
13.636,0.127822000000279,0.131400783191884,-1.53029593442628
13.638,0.127751000000279,0.131387442845932,-1.48404877188279
13.64,0.127680000000279,0.131373031712603,-1.43883231824115
13.642,0.127607000000279,0.131357060869062,-1.39511719645309
13.644,0.127534000000279,0.131340218292084,-1.35239659508335
13.646,0.127461000000279,0.131321566807002,-1.31173969342688
13.648,0.127388000000279,0.131301306778187,-1.27313183599665
13.65,0.127315000000279,0.131280214971436,-1.2355867616665
13.652,0.127240000000279,0.131256840122141,-1.20108340587628
13.654,0.127165000000279,0.131232628098891,-1.16770682984517
13.656,0.12709000000028,0.13120700739738,-1.13622623987429
13.658,0.12701500000028,0.131179854963821,-1.10677151834196
13.66,0.12694000000028,0.131151971645131,-1.07827624411738
13.662,0.12686300000028,0.131122247816242,-1.05212094778001
13.664,0.12678600000028,0.131091750091189,-1.02689719176785
13.666,0.12670900000028,0.131060185112835,-1.00295809064086
13.668,0.12663200000028,0.131027300676752,-0.980515929776031
13.67,0.12655500000028,0.130993829550895,-0.958729301386782
13.672,0.12647600000028,0.130958936757081,-0.938480785675981
13.674,0.12639700000028,0.13092332132897,-0.919001022465347
13.676,0.126318000000281,0.130886884120783,-0.900395484975208
13.678,0.126239000000281,0.13084921169767,-0.883138202022353
13.68,0.126160000000281,0.130811011120944,-0.866475526512333
13.682,0.126079000000281,0.130771548808419,-0.851280907230206
13.684,0.125998000000281,0.130731291358165,-0.837092451981618
13.686,0.125917000000281,0.130690286498102,-0.823849766053583
13.688,0.125836000000281,0.130647908279359,-0.812497209446301
13.69,0.125755000000281,0.130604964799583,-0.801957929214075
13.692,0.125672000000281,0.130560733561544,-0.793320801905224
13.694,0.125589000000281,0.13051555634392,-0.786154756093891
13.696,0.125506000000282,0.130469644974788,-0.780130380484488
13.698,0.125423000000282,0.130421890560904,-0.777065790808195
13.7,0.125340000000282,0.130373958816026,-0.774285980859667
13.702,0.125255000000282,0.130324708647034,-0.773638881974649
13.704,0.125170000000282,0.130274737531898,-0.774157476864198
13.706,0.125085000000282,0.130223115207378,-0.777308873579405
13.708,0.125000000000282,0.130170944828182,-0.781307463852382
13.71,0.124915000000282,0.130117765032352,-0.786859621222251
13.712,0.124828000000282,0.130063416571135,-0.794129281090577
13.714,0.124741000000283,0.130008136611864,-0.802680570691995
13.716,0.124654000000282,0.129952036399731,-0.812295498169642
13.718,0.124567000000283,0.129895117457129,-0.822903854130022
13.72,0.124480000000283,0.129837175145248,-0.83462105119312
13.722,0.124391000000283,0.129778551333222,-0.846930462942629
13.724,0.124302000000283,0.129719342082628,-0.859748613128902
13.726,0.124213000000283,0.12965870511036,-0.873218292559736
13.728,0.124124000000283,0.129597929698902,-0.886751147595688
13.73,0.124035000000283,0.129537154287443,-0.90028400263164
13.732,0.123944000000283,0.129474798910606,-0.913906002641527
13.734,0.123853000000283,0.129412442261541,-0.927528074433212
13.736,0.123762000000283,0.129349079398753,-0.940663909871278
13.738,0.123671000000283,0.129285522641576,-0.953706049011685
13.74,0.123580000000283,0.129221289655883,-0.966230659295421
13.742,0.123487000000284,0.12915666854696,-0.978451799552046
13.744,0.123394000000284,0.129091264457168,-0.989997956246784
13.746,0.123301000000284,0.129025438803743,-1.00121042300305
13.748,0.123208000000284,0.128959154373531,-1.0120597436412
13.75,0.123115000000284,0.128892052561696,-1.02238409914925
13.752,0.123020000000284,0.128824561962641,-1.03250732777383
13.754,0.122925000000284,0.128756359895061,-1.04229848264594
13.756,0.122830000000284,0.128687444412683,-1.05187234657701
13.758,0.122735000000284,0.128618102590361,-1.06132793847089
13.76,0.122640000000284,0.128547724718194,-1.07059895468373
13.762,0.122543000000285,0.12847685977482,-1.07981852172358
13.764,0.122446000000285,0.128405287430873,-1.08896336627138
13.766,0.122349000000285,0.128332822750457,-1.09802326657466
13.768,0.122252000000285,0.12825996154984,-1.10704093731434
13.77,0.122155000000285,0.128185963469216,-1.11588116541915
13.772,0.122056000000285,0.128111559188743,-1.12461182988038
13.774,0.121957000000285,0.12803642289742,-1.13312933383262
13.776,0.121858000000285,0.127960497622981,-1.1412956112161
13.778,0.121759000000285,0.127883817669503,-1.14895412125888
13.78,0.121660000000285,0.127806680363964,-1.15621205738267
13.782,0.121560000000286,0.127728737259471,-1.16266787126618
13.784,0.121460000000286,0.127650536259106,-1.16876526937378
13.786,0.121360000000286,0.127571444559256,-1.17362480064775
13.788,0.121260000000286,0.127492157406287,-1.17811915619648
13.79,0.121160000000286,0.127412014195158,-1.18101409158462
13.792,0.121060000000286,0.127331728556339,-1.18357465313648
13.794,0.120960000000286,0.127250617930435,-1.18419841366721
13.796,0.120860000000286,0.127169410207842,-1.18454860931419
13.798,0.120760000000286,0.127087405273499,-1.18265270220783
13.8,0.120660000000286,0.127005342550315,-1.18056616131777
13.802,0.120561000000287,0.126922511099664,-1.17594374289882
13.804,0.120462000000287,0.126839658235146,-1.17124051800946
13.806,0.120363000000287,0.126756141876852,-1.16403356085942
13.808,0.120264000000287,0.126672390300108,-1.15581007026946
13.81,0.120165000000287,0.12658831948838,-1.14620695560085
13.812,0.120068000000287,0.126503831750275,-1.13457192870471
13.814,0.119971000000287,0.12641913544733,-1.12184209807046
13.816,0.119874000000287,0.126334005831976,-1.10670605192986
13.818,0.119777000000287,0.126248876216621,-1.09157000578924
13.82,0.119680000000287,0.126163189684154,-1.07302818458933
13.822,0.119586000000287,0.1260774996505,-1.05446495220652
13.824,0.119492000000287,0.125991335953128,-1.03283145071046
13.826,0.119398000000288,0.125905146842126,-1.01103321909785
13.828,0.119304000000288,0.125818520806928,-0.986448658772168
13.83,0.119210000000288,0.125731848589139,-0.96156958539931
13.832,0.119120000000288,0.125644764172747,-0.934234514213009
13.834,0.119030000000288,0.125557612504422,-0.906498736663915
13.836,0.118940000000288,0.125470075868149,-0.876629894290505
13.838,0.118850000000288,0.125382451879816,-0.846277043819141
13.84,0.118760000000288,0.125294486071655,-0.814056812731619
13.842,0.118675000000288,0.125206418382565,-0.781280000503422
13.844,0.118590000000288,0.125118074922383,-0.74681644738451
13.846,0.118505000000288,0.125029627231474,-0.711715371931917
13.848,0.118420000000289,0.124940982060449,-0.67483866403985
13.85,0.118335000000289,0.124852244399449,-0.63713033722906
13.852,0.118256000000289,0.124763483602731,-0.598874475206133
13.854,0.118177000000289,0.124674618576307,-0.558151889048486
13.856,0.118098000000289,0.124585753549884,-0.517429302890803
13.858,0.118019000000289,0.124496931410667,-0.47482904206104
13.86,0.117940000000289,0.124408129244697,-0.431354318570672
13.862,0.117868000000289,0.124319492056451,-0.385817103433269
13.864,0.117796000000289,0.124230892640047,-0.339853843562793
13.866,0.117724000000289,0.124142563344451,-0.291635780295751
13.868,0.11765200000029,0.124054307089907,-0.242946044047661
13.87,0.11758000000029,0.123966312628143,-0.192565743655062
13.872,0.11751600000029,0.123878457704149,-0.141455906308255
13.874,0.11745200000029,0.123790814928363,-0.0892369072026591
13.876,0.11738800000029,0.123703369117256,-0.0362041355760171
13.878,0.11732400000029,0.123616068653604,0.0174291486210883
13.88,0.11726000000029,0.12352899771729,0.0717540010884204
13.882,0.11720300000029,0.123442047180023,0.126385566266446
13.884,0.11714600000029,0.123355325594612,0.18142506100007
13.886,0.11708900000029,0.123268765356142,0.236574100770907
13.888,0.117032000000291,0.123182323070558,0.291803223581365
13.89,0.116975000000291,0.123096176024649,0.346969404231051
13.892,0.116924000000291,0.123010164012588,0.402022844864009
13.894,0.116873000000291,0.122924348753041,0.456909115180658
13.896,0.116822000000291,0.122838829354818,0.511407442230324
13.898,0.116771000000291,0.122753466929006,0.565662797655242
13.9,0.116720000000291,0.122668411044605,0.61938827006364
13.902,0.116674000000291,0.122583619281468,0.672522702979849
13.904,0.116628000000291,0.12249899824522,0.725259928854144
13.906,0.116582000000291,0.122414770292031,0.776821167286184
13.908,0.116536000000291,0.122330737098556,0.82751623285725
13.91,0.116490000000292,0.122246932076446,0.87719653084556
13.912,0.116448000000292,0.12216331736096,0.925508711240323
13.914,0.116406000000292,0.122079895364324,0.972435432516101
13.916,0.116364000000292,0.121996609762114,1.01744879342228
13.918,0.116322000000292,0.121913443567875,1.06078708233991
13.92,0.116280000000292,0.121830344249644,1.1016026244046
13.922,0.116241000000292,0.121747295473713,1.14051157199614
13.924,0.116202000000292,0.121664248695541,1.1762994425826
13.926,0.116163000000292,0.12158120321676,1.21005728805346
13.928,0.116124000000292,0.121498121635115,1.24018879165159
13.93,0.116085000000292,0.121415019943751,1.26830038019205
13.932,0.116048000000293,0.121331885060184,1.29287333622264
13.934,0.116011000000293,0.121248734154591,1.31507584293247
13.936,0.115974000000293,0.12116558156439,1.33340385098118
13.938,0.115937000000293,0.121082466085734,1.34894121832182
13.94,0.115900000000293,0.120999385896208,1.36238295737179
13.942,0.115865000000293,0.120916424828966,1.37195613578428
13.944,0.115830000000293,0.120833582638925,1.3791883605581
13.946,0.115795000000293,0.120750842082067,1.38449353284524
13.948,0.115760000000293,0.120668368510973,1.38609642162947
13.95,0.115725000000293,0.120586074066721,1.38579529049258
13.952,0.115692000000293,0.120503945625425,1.38372963911949
13.954,0.115659000000294,0.120422267538541,1.37788777868864
13.956,0.115626000000294,0.120340672084606,1.37147841221782
13.958,0.115593000000294,0.120259568343579,1.36172449347921
13.96,0.115560000000294,0.120178650022367,1.35096168150259
13.962,0.115529000000294,0.120098196859998,1.33766788000864
13.964,0.115498000000294,0.120018060430778,1.32301297870373
13.966,0.115467000000294,0.119938341629587,1.30656340124223
13.968,0.115436000000294,0.119859098651961,1.28853763751735
13.97,0.115405000000294,0.119780203643442,1.26935921097897
13.972,0.115376000000294,0.119701971091048,1.24853396828977
13.974,0.115347000000294,0.119623991206222,1.22708061300724
13.976,0.115318000000295,0.119546881839703,1.20403996588873
13.978,0.115289000000295,0.119469919981484,1.18073929848234
13.98,0.115260000000295,0.119394011004098,1.15605224449699
13.982,0.115233000000295,0.119318284225234,1.1311932889728
13.984,0.115206000000295,0.119243494483956,1.10545025270722
13.986,0.115179000000295,0.119169058662202,1.0794690704822
13.988,0.115152000000295,0.119095413976307,1.0529555474433
13.99,0.115125000000295,0.119022409839894,1.02616385325384
13.992,0.115100000000295,0.118950171774539,0.999039477712913
13.994,0.115075000000295,0.118877933709185,0.971915102172012
13.996,0.115050000000296,0.118807005905997,0.944502563444412
13.998,0.115025000000296,0.118736454226469,0.917007304636061
14,0.115000000000296,0.11866590254694,0.889512045827758
14.002,0.114977000000296,0.118597074415881,0.862129765480916
14.004,0.114954000000296,0.118528246284821,0.83474748513405
14.006,0.114931000000296,0.118459756716632,0.80749019447252
14.008,0.114908000000296,0.11839244656407,0.780668317143853
14.01,0.114885000000296,0.118325422647919,0.754051774937673
14.012,0.114864000000296,0.118259444972383,0.728185765981444
14.014,0.114843000000296,0.118193756401655,0.702611798606331
14.016,0.114822000000296,0.118129178104361,0.678159382997764
14.018,0.114801000000296,0.118064890349511,0.65407458951443
14.02,0.114780000000297,0.118001776663654,0.631475340559343
14.022,0.114761000000297,0.117938950433217,0.609297446324256
14.024,0.114742000000297,0.117877348437253,0.588914045901901
14.026,0.114723000000297,0.117816083150458,0.569078288807213
14.028,0.114704000000297,0.117756331866502,0.551704993763084
14.03,0.114685000000297,0.117696580582545,0.534331698718923
14.032,0.114668000000297,0.117637423232857,0.517975302125797
14.034,0.114651000000297,0.11757955365511,0.503823751023919
14.036,0.114634000000297,0.11752192896627,0.490105392435274
14.038,0.114617000000297,0.117465619107381,0.478712882336997
14.04,0.114600000000297,0.117409309248493,0.46732037223873
14.042,0.114585000000298,0.117354305840362,0.4582586153525
14.044,0.114570000000298,0.11729973543101,0.449970038264426
14.046,0.114555000000298,0.117245806143733,0.442826279247307
14.048,0.114540000000298,0.117192715658639,0.437175812840721
14.05,0.114525000000298,0.117140078931973,0.4323301072535
14.052,0.114512000000298,0.117088392647979,0.429164902094958
14.054,0.114499000000298,0.117036721587784,0.426026315671018
14.056,0.114486000000298,0.116986392860768,0.425234791851133
14.058,0.114473000000298,0.116936064133753,0.424443268031248
14.06,0.114460000000298,0.116886810312907,0.4254924632367
14.062,0.114449000000299,0.116837803130017,0.426964012681784
14.064,0.114438000000299,0.116789494374837,0.429598375660228
14.066,0.114427000000299,0.116741621871404,0.432959054946471
14.068,0.114416000000299,0.116694654408162,0.437766587600224
14.07,0.114405000000299,0.11664799850221,0.443053106336076
14.072,0.114396000000299,0.116602013045541,0.449362651194474
14.074,0.114387000000299,0.116556587817654,0.456480249075535
14.076,0.114378000000299,0.116511514744894,0.464105782329837
14.078,0.114369000000299,0.116467448485781,0.473075419918403
14.08,0.114360000000299,0.116423438730948,0.482120491176393
14.082,0.114353000000299,0.116380209932974,0.492122910744292
14.084,0.114346000000299,0.116337415634078,0.502657967873684
14.086,0.1143390000003,0.116295028390322,0.513640794063379
14.088,0.1143320000003,0.116253437744664,0.525499894608026
14.09,0.1143250000003,0.116211887644228,0.537398336266569
14.092,0.1143200000003,0.116171494987904,0.550419848375028
14.094,0.1143150000003,0.116131102331579,0.56344136048351
14.096,0.1143100000003,0.116091576985142,0.577174397631083
14.098,0.1143050000003,0.116052373229551,0.591171261979272
14.1,0.1143000000003,0.116013665195199,0.605478718342649
14.102,0.1142970000003,0.115975627384239,0.620206100297092
14.104,0.1142940000003,0.115937725267742,0.634983105572523
14.106,0.1142910000003,0.115900810491488,0.650121180130906
14.108,0.114288000000301,0.115863895715234,0.665259254689288
14.11,0.114285000000301,0.11582784902695,0.680421631516319
14.112,0.114284000000301,0.115791997445938,0.695589470404236
14.114,0.114283000000301,0.115756726934998,0.710515566060234
14.116,0.114282000000301,0.115722009921788,0.72521138943719
14.118,0.114281000000301,0.115687292908577,0.739907212814145
14.12,0.114280000000301,0.115653135927922,0.754171363372917
14.122,0.114281000000301,0.11561944072016,0.768079579611802
14.124,0.114282000000301,0.115586178809508,0.781518397034028
14.126,0.114283000000301,0.115553286661026,0.794556644221084
14.128,0.114284000000301,0.115520824211782,0.807080323501586
14.13,0.114285000000301,0.11548874123681,0.819149579631709
14.132,0.114288000000302,0.115457092097191,0.830691478194167
14.134,0.114291000000302,0.115425839410997,0.841751459567458
14.136,0.114294000000302,0.115395028360573,0.852290116717734
14.138,0.114297000000302,0.115364634907882,0.862335825089746
14.14,0.114300000000302,0.115334690734659,0.871872147420795
14.142,0.114305000000302,0.115305186126297,0.880910097979247
14.144,0.114310000000302,0.115276196386577,0.889380061224172
14.146,0.114315000000302,0.11524772785336,0.897275045422069
14.148,0.114320000000302,0.115219259320142,0.905170029619959
14.15,0.114325000000302,0.115191923531384,0.911813631415711
14.152,0.114332000000303,0.115164633834086,0.918406314364515
14.154,0.114339000000303,0.11513778073923,0.924507972691854
14.156,0.114346000000303,0.115111518679516,0.929944923774218
14.158,0.114353000000303,0.115085770285513,0.934791954453497
14.16,0.114360000000303,0.1150603776475,0.939230416461024
14.162,0.114368000000303,0.115035646658171,0.942899835407963
14.164,0.114376000000303,0.115011128331157,0.946322074120657
14.166,0.114384000000303,0.114987418608651,0.948788594414674
14.168,0.114392000000303,0.11496385379317,0.951079866763499
14.17,0.114400000000303,0.114941082235125,0.952392684053947
14.172,0.114408000000303,0.114918552903125,0.953371361937209
14.174,0.114416000000303,0.114896732653591,0.953371893992078
14.176,0.114424000000304,0.114874912404057,0.953372426046947
14.178,0.114432000000304,0.114853943763486,0.952000952908883
14.18,0.114440000000304,0.114833166049537,0.950252485448934
14.182,0.114447000000304,0.114812929912053,0.947392351306887
14.184,0.114454000000304,0.114792997021515,0.94371660674104
14.186,0.114461000000304,0.114773382320774,0.939185061591809
14.188,0.114468000000304,0.114754164494091,0.933189579933628
14.19,0.114475000000304,0.114735084230746,0.926677162372696
14.192,0.114480000000304,0.114716423794961,0.917950864951979
14.194,0.114485000000304,0.114697852826656,0.908523994455179
14.196,0.114490000000304,0.114679515200457,0.897269943849629
14.198,0.114495000000305,0.114661316626132,0.884255141153635
14.2,0.114500000000305,0.114643236402862,0.869741711623628
14.202,0.114502000000305,0.114625196259183,0.854450907093557
14.204,0.114504000000305,0.114607316768711,0.836044108039066
14.206,0.114506000000305,0.114589437278238,0.817637308984591
14.208,0.114508000000305,0.114571672836962,0.796316721848793
14.21,0.114510000000305,0.114553937085688,0.774288712044871
14.212,0.114508000000305,0.114536308837136,0.74974806296277
14.214,0.114506000000305,0.114518717989621,0.724512169852577
14.216,0.114504000000305,0.114501211036289,0.697716776385032
14.218,0.114502000000305,0.11448383222938,0.669080976967329
14.22,0.114500000000306,0.114466489480339,0.639977829867738
14.222,0.114495000000306,0.114449289239373,0.609129595465184
14.224,0.114490000000306,0.114432144153771,0.577664757057382
14.226,0.114485000000306,0.114415091477124,0.545166841796347
14.228,0.114480000000306,0.114398157742562,0.511374244266831
14.23,0.114475000000306,0.114381299610216,0.476772512737363
14.232,0.114468000000306,0.114364492879169,0.441620957095193
14.234,0.114461000000306,0.114347797001784,0.405404212982896
14.236,0.114454000000306,0.114331146853524,0.36882114137965
14.238,0.114447000000306,0.114314611180197,0.331461381545863
14.24,0.114440000000306,0.114298168868743,0.293795445506311
14.242,0.114431000000306,0.114281812520251,0.255847597667723
14.244,0.114422000000307,0.114265638214209,0.217760351072283
14.246,0.114413000000307,0.114249630273356,0.179776541197265
14.248,0.114404000000307,0.114233809042499,0.142036842724563
14.25,0.114395000000307,0.114218229629293,0.104755305077685
14.252,0.114384000000307,0.114203057961612,0.0685313691857476
14.254,0.114373000000307,0.114188062248264,0.0328276939594649
14.256,0.114362000000307,0.114173508750033,-0.00152702847523538
14.258,0.114351000000307,0.11415932003551,-0.0346354857292198
14.26,0.114340000000307,0.114145415751439,-0.0667722006576836
14.262,0.114327000000307,0.114132107543874,-0.0966930720415883
14.264,0.114314000000307,0.114119011864196,-0.125783245589024
14.266,0.114301000000308,0.114106435272187,-0.152786196196572
14.268,0.114288000000308,0.114094167717771,-0.17843100416926
14.27,0.114275000000308,0.114082177908253,-0.202855193046246
14.272,0.114260000000308,0.114070599785757,-0.22524488014681
14.274,0.114245000000308,0.114059152632786,-0.24694037298287
14.276,0.114230000000308,0.11404798565221,-0.267021771575401
14.278,0.114215000000308,0.114036988218053,-0.285857092294909
14.28,0.114200000000308,0.114026085140193,-0.303799353880864
14.282,0.114183000000308,0.114015250664933,-0.320892276167584
14.284,0.114166000000308,0.11400445195329,-0.336919987889406
14.286,0.114149000000308,0.113993634204114,-0.35239941968218
14.288,0.114132000000309,0.113982794474646,-0.367245820252836
14.29,0.114115000000309,0.113971866529004,-0.381274725230282
14.292,0.114096000000309,0.113960898194555,-0.394973406124588
14.294,0.114077000000309,0.113949794599583,-0.407782399735631
14.296,0.114058000000309,0.113938629120086,-0.420193164565822
14.298,0.114039000000309,0.113927368162166,-0.43197192644628
14.3,0.114020000000309,0.113916004326047,-0.442953961853443
14.302,0.113999000000309,0.113904564003294,-0.453124412741363
14.304,0.113978000000309,0.113893071327567,-0.462537791838211
14.306,0.113957000000309,0.113881536589314,-0.47114618704636
14.308,0.113936000000309,0.113869968825839,-0.478702140629199
14.31,0.113915000000309,0.113858390464515,-0.484872475001756
14.312,0.11389200000031,0.113846812170132,-0.490535679339314
14.314,0.11386900000031,0.113835244889854,-0.494524174302018
14.316,0.11384600000031,0.113823688762214,-0.497650077185305
14.318,0.11382300000031,0.113812147636451,-0.499615671675557
14.32,0.11380000000031,0.11380061934671,-0.500153306373644
14.322,0.11377500000031,0.113789096281143,-0.500109771079237
14.324,0.11375000000031,0.113777561646926,-0.498165416300129
14.326,0.11372500000031,0.113766009744249,-0.495727934101444
14.328,0.11370000000031,0.113754413448177,-0.492042851029746
14.33,0.11367500000031,0.113742744081486,-0.487522992714358
14.332,0.11364800000031,0.113731018158939,-0.482357027528435
14.334,0.113621000000311,0.113719111949439,-0.476198016099364
14.336,0.113594000000311,0.11370713290754,-0.469752763291529
14.338,0.113567000000311,0.113694888199374,-0.462597662178815
14.34,0.113540000000311,0.113682475078978,-0.455257064007818
14.342,0.113511000000311,0.11366982618201,-0.447656770557486
14.344,0.113482000000311,0.113656761838968,-0.44002994023362
14.346,0.113453000000311,0.11364352028511,-0.432391790459891
14.348,0.113424000000311,0.113629996107919,-0.424880533153878
14.35,0.113395000000311,0.113616105342468,-0.417533866961265
14.352,0.113364000000311,0.113601693601245,-0.410611142099828
14.354,0.113333000000311,0.113587007023052,-0.403943789386176
14.356,0.113302000000312,0.113571930215559,-0.397652019343465
14.358,0.113271000000312,0.113556363247383,-0.391859051851319
14.36,0.113240000000312,0.113540524508665,-0.386339068745177
14.362,0.113207000000312,0.113524260170187,-0.381242591579371
14.364,0.113174000000312,0.113507593113139,-0.376510842789469
14.366,0.113141000000312,0.113490680815251,-0.371987085296046
14.368,0.113108000000312,0.113473355155246,-0.367777386024817
14.37,0.113075000000312,0.113455698464449,-0.363750969556247
14.372,0.113040000000312,0.113437862511502,-0.359823805695105
14.374,0.113005000000312,0.113419564127852,-0.356040438753906
14.376,0.112970000000312,0.113401145570232,-0.35229444097238
14.378,0.112935000000313,0.113382518521582,-0.348577224029696
14.38,0.112900000000313,0.113363486570252,-0.344915901284609
14.382,0.112863000000313,0.113344454618921,-0.341254578539518
14.384,0.112826000000313,0.113324962646524,-0.337652006443457
14.386,0.112789000000313,0.113305375880637,-0.334069061137457
14.388,0.112752000000313,0.113285363540834,-0.330630263668954
14.39,0.112715000000313,0.113265232328501,-0.327263247298191
14.392,0.112676000000313,0.11324477724419,-0.324091800804148
14.394,0.112637000000313,0.113223955395301,-0.321246793335108
14.396,0.112598000000313,0.113202863746012,-0.318690274815555
14.398,0.112559000000313,0.113181495190656,-0.316448040803837
14.4,0.112520000000313,0.113159643891314,-0.314838131859144
14.402,0.112479000000313,0.113137369742685,-0.313851788735862
14.404,0.112438000000314,0.113114851492143,-0.313225416915538
14.406,0.112397000000314,0.113091838563527,-0.313377316314459
14.408,0.112356000000314,0.113068488807399,-0.314059142491662
14.41,0.112315000000314,0.113044661561815,-0.315515302810978
14.412,0.112272000000314,0.113020452754765,-0.317590232961084
14.414,0.112229000000314,0.112995864155544,-0.32027737980911
14.416,0.112186000000314,0.11297087100957,-0.323613895170719
14.418,0.112143000000314,0.112945329664391,-0.327803540080466
14.42,0.112100000000314,0.112919410957225,-0.332549813889818
14.422,0.112055000000314,0.112893167350494,-0.337762182861634
14.424,0.112010000000314,0.112866482652734,-0.343576997691981
14.426,0.111965000000315,0.11283937857355,-0.349906853879654
14.428,0.111920000000315,0.11281195499011,-0.356589821953632
14.43,0.111875000000315,0.11278415095769,-0.363665832162674
14.432,0.111828000000315,0.112756001995309,-0.371002544552139
14.434,0.111781000000315,0.112727492424542,-0.378611809062969
14.436,0.111734000000315,0.112698953077962,-0.386233174634846
14.438,0.111687000000315,0.112669705959629,-0.394142182710547
14.44,0.111640000000315,0.112640458841296,-0.402051190786254
14.442,0.111591000000315,0.1126108533111,-0.409976286799313
14.444,0.111542000000315,0.112581000617693,-0.417912477161271
14.446,0.111493000000315,0.112550788974634,-0.425762837221202
14.448,0.111444000000316,0.112520431562759,-0.433578341748136
14.45,0.111395000000316,0.112489697406246,-0.441264140199945
14.452,0.111344000000316,0.112458746759153,-0.448876851442986
14.454,0.111293000000316,0.112427520934016,-0.456397675002185
14.456,0.111242000000316,0.112395927906979,-0.463828409289001
14.458,0.111191000000316,0.112364105088423,-0.471222703867481
14.46,0.111140000000316,0.112331981152034,-0.478580359911751
14.462,0.111087000000316,0.112299364560343,-0.485950820604783
14.464,0.111034000000316,0.112266664262892,-0.49332345690184
14.466,0.110981000000316,0.112233378667724,-0.500779285726788
14.468,0.110928000000316,0.112199959079615,-0.508258879754595
14.47,0.110875000000317,0.11216592005327,-0.515881851235976
14.472,0.110820000000317,0.112131686532828,-0.523555652929906
14.474,0.110765000000317,0.112096950301994,-0.53136083586634
14.476,0.110710000000317,0.112061874168427,-0.539244764879316
14.478,0.110655000000317,0.112026428816997,-0.547214231474678
14.48,0.110600000000317,0.111990503317665,-0.555249372223011
14.482,0.110543000000317,0.111954351551724,-0.563315461493334
14.484,0.110486000000317,0.111917593204118,-0.571364181273634
14.486,0.110429000000317,0.111880699076749,-0.579396473536444
14.488,0.110372000000317,0.11184319769491,-0.587268014068855
14.49,0.110315000000317,0.111805520615065,-0.595041893965421
14.492,0.110256000000317,0.111767393524997,-0.602565638499261
14.494,0.110197000000318,0.111728980869388,-0.609843925285734
14.496,0.110138000000318,0.111690260292527,-0.616857538480893
14.498,0.110079000000318,0.111651163089343,-0.623453470500464
14.5,0.110020000000318,0.111611889896033,-0.629854228262361
14.502,0.109961000000318,0.111572092845459,-0.635586966387582
14.504,0.109902000000318,0.111532152811624,-0.641125152175447
14.506,0.109843000000318,0.111491868206036,-0.646191489780089
14.508,0.109784000000318,0.111451247190603,-0.650773915551004
14.51,0.109725000000318,0.111410298473166,-0.654847388370061
14.512,0.109668000000318,0.111369032124596,-0.658348778123998
14.514,0.109611000000318,0.111327610370009,-0.661552830225763
14.516,0.109554000000319,0.111285782841364,-0.663780966110875
14.518,0.109497000000319,0.111243823241259,-0.665559053748558
14.52,0.109440000000319,0.111201629804439,-0.666427118615806
14.522,0.109385000000319,0.111159275820279,-0.666346020069357
14.524,0.109330000000319,0.111116803495576,-0.665145570771067
14.526,0.109275000000319,0.111074264568467,-0.662461101464191
14.528,0.109220000000319,0.111031727013263,-0.658299259372048
14.53,0.109165000000319,0.110989254822013,-0.652268676553187
14.532,0.109112000000319,0.110946845189721,-0.645031245786114
14.534,0.109059000000319,0.11090459728284,-0.635405770820657
14.536,0.109006000000319,0.110862523171373,-0.62378097498231
14.538,0.10895300000032,0.110820577622073,-0.610715802188024
14.54,0.10890000000032,0.110778863747196,-0.595234541559951
14.542,0.10884900000032,0.110737367645815,-0.57751633617555
14.544,0.10879800000032,0.110696038362389,-0.557991286405599
14.546,0.10874700000032,0.110654850136747,-0.536783878942642
14.548,0.10869600000032,0.110613771366128,-0.514040680721233
14.55,0.10864500000032,0.110572765541852,-0.489927067339423
14.552,0.10859600000032,0.110531789106667,-0.464531783633094
14.554,0.10854700000032,0.110490777192273,-0.438092372070522
14.556,0.10849800000032,0.11044968371467,-0.410978046751609
14.558,0.10844900000032,0.110408452391927,-0.383359822742364
14.56,0.108400000000321,0.110367120067984,-0.355483204091726
14.562,0.108353000000321,0.110325481516577,-0.327409307836982
14.564,0.108306000000321,0.110283666106642,-0.299411191128565
14.566,0.108259000000321,0.110241641805606,-0.271509796610608
14.568,0.108212000000321,0.110199227849694,-0.24404036615571
14.57,0.108165000000321,0.110156608364307,-0.216870750988661
14.572,0.108120000000321,0.110113718070369,-0.190115218728248
14.574,0.108075000000321,0.110070456224143,-0.164038027469624
14.576,0.108030000000321,0.110027001316402,-0.138342735436902
14.578,0.107985000000321,0.109983274337287,-0.113205585891844
14.58,0.107940000000321,0.10993927054449,-0.0886892426477862
14.582,0.107897000000322,0.109895121247938,-0.0645135326339641
14.584,0.107854000000322,0.109850765042004,-0.0408424769267598
14.586,0.107811000000322,0.109806263235561,-0.0175671682618392
14.588,0.107768000000322,0.109761683441075,0.00547595756344662
14.59,0.107725000000322,0.109717006638195,0.028173144734696
14.592,0.107684000000322,0.109672327904263,0.0508391735762408
14.594,0.107643000000322,0.109627633220045,0.0732478378729437
14.596,0.107602000000322,0.109582939912607,0.0956542072680922
14.598,0.107561000000322,0.109538318542159,0.117940667660999
14.6,0.107520000000322,0.109493753204988,0.140193500886802
14.602,0.107481000000322,0.109449246503734,0.162411145027134
14.604,0.107442000000323,0.109404870719048,0.184519240392846
14.606,0.107403000000323,0.109360559893299,0.206525850648714
14.608,0.107364000000323,0.109316328182936,0.228403375369863
14.61,0.107325000000323,0.109272205066972,0.249921233159117
14.612,0.107288000000323,0.109228125897911,0.27116618739803
14.614,0.107251000000323,0.109184101048439,0.292012655492305
14.616,0.107214000000323,0.109140107160717,0.312101237246898
14.618,0.107177000000323,0.109096112737239,0.331672761065962
14.62,0.107140000000323,0.10905210365559,0.350411280754836
14.622,0.107105000000323,0.109007997353483,0.367556986759243
14.624,0.107070000000323,0.108963863270807,0.384247549139619
14.626,0.107035000000323,0.108919658888432,0.40006356244627
14.628,0.107000000000324,0.10887531809146,0.414182537770728
14.63,0.106965000000324,0.108830861625829,0.427009880988702
14.632,0.106932000000324,0.108786299312991,0.438655264876432
14.634,0.106899000000324,0.108741589610168,0.448525595221742
14.636,0.106866000000324,0.108696818012663,0.457650512800792
14.638,0.106833000000324,0.108651921680551,0.464893758850419
14.64,0.106800000000324,0.10860697963604,0.471044877246703
14.642,0.106769000000324,0.108562011657605,0.476188523651349
14.644,0.106738000000324,0.108517055714957,0.480103227144341
14.646,0.106707000000324,0.108472172416113,0.483100297725274
14.648,0.106676000000325,0.108427395664354,0.48541969774958
14.65,0.106645000000325,0.108382745731609,0.487131595919323
14.652,0.106616000000325,0.108338358653444,0.488297848750821
14.654,0.106587000000325,0.108294111127156,0.489174413532024
14.656,0.106558000000325,0.108250144946321,0.489817018903054
14.658,0.106529000000325,0.108206478479175,0.490210390327453
14.66,0.106500000000325,0.108163000928899,0.490556040950713
14.662,0.106473000000325,0.108119933852125,0.490798005098702
14.664,0.106446000000325,0.108077224786214,0.491032822986046
14.666,0.106419000000325,0.108034717030908,0.491263622509129
14.668,0.106392000000325,0.107992748741364,0.491481390865056
14.67,0.106365000000326,0.107950954685345,0.491669819808235
14.672,0.106340000000326,0.107909539492218,0.491787533937255
14.674,0.106315000000326,0.10786842469934,0.491751971956445
14.676,0.106290000000326,0.107827498138578,0.491620366491024
14.678,0.106265000000326,0.107786978326272,0.491081276095256
14.68,0.106240000000326,0.107746584185405,0.490352555565205
14.682,0.106217000000326,0.1077064667849,0.489169444072047
14.684,0.106194000000326,0.107666546044202,0.487526055624914
14.686,0.106171000000326,0.107626762262501,0.485562118354402
14.688,0.106148000000326,0.10758724404685,0.482837809310976
14.69,0.106125000000326,0.107547808846408,0.479872170539767
14.692,0.106104000000326,0.107508633567508,0.47613902330839
14.694,0.106083000000327,0.107469572404735,0.47210748371397
14.696,0.106062000000327,0.107430692362959,0.467612062651788
14.698,0.106041000000327,0.107392067478943,0.462609461295515
14.7,0.106020000000327,0.107353657031026,0.457318411286699
14.702,0.106001000000327,0.107315457876681,0.451817503512404
14.704,0.105982000000327,0.107277481983468,0.446153166106757
14.706,0.105963000000327,0.107239892471177,0.440408744929214
14.708,0.105944000000327,0.107202645997153,0.434767377199688
14.71,0.105925000000327,0.10716558060396,0.429180408660506
14.712,0.105908000000327,0.107129195170373,0.424106699689817
14.714,0.105891000000328,0.107092959453662,0.41914600275479
14.716,0.105874000000328,0.107057010525373,0.414498252080771
14.718,0.105857000000328,0.107021859115666,0.410720761291036
14.72,0.105840000000328,0.106986707705959,0.406943270501301
14.722,0.105825000000328,0.106952282569478,0.404108087623824
14.724,0.105810000000328,0.106918154898468,0.401658853252403
14.726,0.105795000000328,0.106884739431032,0.400187621144458
14.728,0.105780000000328,0.106851510344126,0.398972327910187
14.73,0.105765000000328,0.106818953168187,0.398661633923061
14.732,0.105752000000328,0.106786774030664,0.398832425983092
14.734,0.105739000000328,0.106754953563244,0.399448499230485
14.736,0.105726000000329,0.106723697052386,0.400690211777269
14.738,0.105713000000329,0.106692816973653,0.402269222789002
14.74,0.105700000000329,0.106662174902434,0.404061498196158
14.742,0.105688000000329,0.106632019679411,0.406165451079166
14.744,0.105676000000329,0.106602009844704,0.408362480744438
14.746,0.105664000000329,0.106572527988649,0.410725529011086
14.748,0.105652000000329,0.106543131148052,0.413099973064333
14.75,0.105640000000329,0.106514205791799,0.415457232272588
14.752,0.105628000000329,0.106485393793569,0.417767578088086
14.754,0.105616000000329,0.106456936402331,0.419931169252033
14.756,0.105604000000329,0.106428648248384,0.421951694813475
14.758,0.10559200000033,0.106400614337442,0.423757294757756
14.76,0.10558000000033,0.106372790715964,0.425270746229268
14.762,0.10556700000033,0.106345134322308,0.426551873397445
14.764,0.10555400000033,0.106317711700585,0.427331959509764
14.766,0.10554100000033,0.1062903825211,0.427911771805933
14.768,0.10552800000033,0.106263290041234,0.427715036618604
14.77,0.10551500000033,0.106236238511588,0.427372257519793
14.772,0.10550000000033,0.106209391321641,0.425970576997444
14.774,0.10548500000033,0.106182569385166,0.424358106884217
14.776,0.10547000000033,0.106155857511292,0.421826949200988
14.778,0.10545500000033,0.10612919981035,0.418435698531481
14.78,0.105440000000331,0.106102569091298,0.414354326341863
14.782,0.105424000000331,0.106075958136972,0.409447202297319
14.784,0.105408000000331,0.106049339380606,0.403303447010961
14.786,0.105392000000331,0.106022700082244,0.396342980273376
14.788,0.105376000000331,0.105996036097075,0.388556859892552
14.79,0.105360000000331,0.105969314380633,0.379401944724665
14.792,0.105344000000331,0.105942548446722,0.369318889788602
14.794,0.105328000000331,0.105915745039597,0.358420874975845
14.796,0.105312000000331,0.105888895656546,0.346455674957543
14.798,0.105296000000331,0.105862022975819,0.33352986866576
14.8,0.105280000000332,0.10583515150359,0.319989427526516
14.802,0.105264000000332,0.105808292470257,0.305826314099161
14.804,0.105248000000332,0.10578151581996,0.29100394986297
14.806,0.105232000000332,0.105754832374249,0.275958351839499
14.808,0.105216000000332,0.105728255615246,0.260744834730736
14.81,0.105200000000332,0.105701915749857,0.245551461121564
14.812,0.105184000000332,0.105675852931027,0.230698430870528
14.814,0.105168000000332,0.10564992504024,0.216011155659276
14.816,0.105152000000332,0.105624521578518,0.202281804807491
14.818,0.105136000000332,0.105599270855704,0.188868992923436
14.82,0.105120000000332,0.10557459974253,0.176729828759852
14.822,0.105104000000333,0.105550179017232,0.165188634526413
14.824,0.105088000000333,0.105526189491914,0.15468090083169
14.826,0.105072000000333,0.105502733111556,0.145503620491005
14.828,0.105056000000333,0.105479678923448,0.137345082970904
14.83,0.105040000000333,0.105456976327694,0.130076036691685
14.832,0.105024000000333,0.105434608864904,0.123652222926461
14.834,0.105008000000333,0.105412648281345,0.118235546814456
14.836,0.104992000000333,0.105390964818219,0.113472842051175
14.838,0.104976000000333,0.105369493049364,0.109183329537613
14.84,0.104960000000333,0.105348204032846,0.105276988055061
14.842,0.104944000000333,0.105327094592417,0.101680837002472
14.844,0.104928000000334,0.105306084770659,0.0981390487486917
14.846,0.104912000000334,0.105285103752011,0.0946129786087697
14.848,0.104896000000334,0.105264166522998,0.0908565508254978
14.85,0.104880000000334,0.105243225733314,0.087023744665365
14.852,0.104864000000334,0.105222258860825,0.08283168875313
14.854,0.104848000000334,0.105201246775259,0.0782950171156924
14.856,0.104832000000334,0.105180198857694,0.0734941013002261
14.858,0.104816000000334,0.105159107172178,0.0683795123914757
14.86,0.104800000000334,0.105137980504733,0.0629551518532039
14.862,0.104784000000334,0.1051168521915,0.0574108349098142
14.864,0.104768000000335,0.105095729578004,0.0517746882039254
14.866,0.104752000000335,0.105074675979879,0.0462041539434913
14.868,0.104736000000335,0.105053710532293,0.0408403361693648
14.87,0.104720000000335,0.105032842705405,0.0357230208402881
14.872,0.104704000000335,0.105012159526314,0.0311210199295176
14.874,0.104688000000335,0.104991764659272,0.0273888522551727
14.876,0.104672000000335,0.104971466110646,0.0239472758290772
14.878,0.104656000000335,0.104951467009726,0.0214366065599104
14.88,0.104640000000335,0.104931651776833,0.0194975364664991
14.882,0.104624000000335,0.1049122849974,0.018976034893051
14.884,0.104608000000336,0.1048930762544,0.0189548816523714
14.886,0.104592000000336,0.104874196383056,0.019975182308936
14.888,0.104576000000336,0.104855590692295,0.0218563450946983
14.89,0.104560000000336,0.104837143148225,0.0242340510583125
14.892,0.104544000000336,0.104819025154931,0.0276268858085041
14.894,0.104528000000336,0.10480107421655,0.0315156360056229
14.896,0.104512000000336,0.104783267744371,0.0358197505280926
14.898,0.104496000000336,0.104765584120396,0.0404615816525206
14.9,0.104480000000336,0.104748016979214,0.045369889135462
14.902,0.104464000000336,0.104730484761482,0.0502806759354423
14.904,0.104448000000336,0.104712968352496,0.0551925850440684
14.906,0.104432000000337,0.10469540986196,0.0597276465446517
14.908,0.104416000000337,0.104677850427043,0.0642542509560294
14.91,0.104400000000337,0.104660188775123,0.0682179641698589
14.912,0.104384000000337,0.10464244922503,0.0717895745964933
14.914,0.104368000000337,0.104624628410147,0.074960366705729
14.916,0.104352000000337,0.104606657501594,0.077397717177395
14.918,0.104336000000337,0.104588597959479,0.0793875695581523
14.92,0.104320000000337,0.104570459298372,0.0809678560929172
14.922,0.104304000000337,0.104552223242109,0.0820094189712387
14.924,0.104288000000337,0.104533932362186,0.0826689758622334
14.926,0.104272000000338,0.104515617924447,0.0830966861804592
14.928,0.104256000000338,0.104497292388275,0.0833054922736079
14.93,0.104240000000338,0.104479007577143,0.0834072184280995
14.932,0.104224000000338,0.104460795449856,0.0835660890482299
14.934,0.104208000000338,0.104442659997529,0.0838033023122411
14.936,0.104192000000338,0.104424626952248,0.0842235601860681
14.938,0.104176000000338,0.104406750363586,0.0849234720696429
14.94,0.104160000000338,0.104388979914879,0.085845991255349
14.942,0.104144000000338,0.104371433769738,0.0872389422588148
14.944,0.104128000000338,0.104353966973672,0.0888033000744246
14.946,0.104112000000339,0.104336742331305,0.0908907489716435
14.948,0.104096000000339,0.104319682870375,0.0933202344350365
14.95,0.104080000000339,0.104302733575421,0.0959778374967078
14.952,0.104064000000339,0.10428601288605,0.0990510956086119
14.954,0.104048000000339,0.104269359679693,0.102215420777322
14.956,0.104032000000339,0.104252833896125,0.105539719386484
14.958,0.104016000000339,0.104236382328754,0.108847167386418
14.96,0.104000000000339,0.104219969566538,0.112142192476944
14.962,0.103984000000339,0.104203591698521,0.115138800330091
14.964,0.103968000000339,0.104187194861113,0.117889992831585
14.966,0.10395200000034,0.104170765075833,0.120214924221791
14.968,0.10393600000034,0.104154306170536,0.122311378900471
14.97,0.10392000000034,0.104137768811434,0.123792282164598
14.972,0.10390400000034,0.104121129178938,0.124597572217375
14.974,0.10388800000034,0.104104417266824,0.124935789747768
14.976,0.10387200000034,0.104087622993539,0.124746825563999
14.978,0.10385600000034,0.10407071077453,0.123783201607005
14.98,0.10384000000034,0.104053739364244,0.122398259795142
14.982,0.10382500000034,0.104036711774172,0.12060269031062
14.984,0.10381000000034,0.104019617959521,0.118209734905403
14.986,0.10379500000034,0.104002509795559,0.115537476224055
14.988,0.103780000000341,0.103985397088672,0.112638582497043
14.99,0.103765000000341,0.103968310882011,0.10951464376127
14.992,0.103752000000341,0.103951305723775,0.106379815243593
14.994,0.103739000000341,0.103934333278956,0.103240591304793
14.996,0.103726000000341,0.103917573529284,0.100412585297927
14.998,0.103713000000341,0.103900878366273,0.0977132747886894
15,0.103700000000341,0.1038843951537,0.0954538896109442
15.002,0.103690000000341,0.103868338206256,0.094247938066577
15.004,0.103680000000341,0.103852281258811,0.0930419865222087
15.006,0.103670000000342,0.103836800633756,0.0933582719830131
15.008,0.103660000000342,0.103821415436488,0.0939266103072848
15.01,0.103650000000342,0.103806523893743,0.0958492741265887
15.012,0.103644000000342,0.103791925134901,0.0985790793750232
15.014,0.103638000000342,0.103777882843566,0.102857929401937
15.016,0.103632000000342,0.103764242880725,0.108255219676316
15.018,0.103626000000342,0.103750902823307,0.114485939285162
15.02,0.103620000000342,0.103738270017505,0.122661294067728
15.022,0.103617000000342,0.103725960631726,0.131708084562116
15.024,0.103614000000342,0.103714053962405,0.141839970217687
15.026,0.103611000000343,0.103702781675494,0.153629810311676
15.028,0.103608000000343,0.103691808701564,0.166179655645053
15.03,0.103605000000343,0.103681304987642,0.179906426851184
15.032,0.103604000000343,0.103671343186925,0.194916226557261
15.034,0.103603000000343,0.103661713461812,0.210667633534224
15.036,0.103602000000343,0.10365242810465,0.227172052369719
15.038,0.103601000000343,0.103643668559801,0.244695985053278
15.04,0.103600000000343,0.103635175833442,0.26264797293559
15.042,0.103600000000343,0.1036269421131,0.280992866366459
15.044,0.103600000000343,0.103619079076115,0.299721492071377
15.046,0.103600000000344,0.10361141350764,0.318469566632535
15.048,0.103600000000344,0.103603902815177,0.337157608548941
15.05,0.103600000000344,0.103596566630189,0.355531027417455
15.052,0.103600000000344,0.10358931149175,0.37312030296918
15.054,0.103600000000344,0.103582085055298,0.390431880428441
15.056,0.103600000000344,0.103574835621744,0.40633414857912
15.058,0.103600000000344,0.103567578378978,0.421757852342124
15.06,0.103600000000344,0.103560183380621,0.435272102470397
15.062,0.103600000000344,0.103552743568231,0.448165177681147
15.064,0.103600000000344,0.103545091352877,0.458796876892952
15.066,0.103600000000345,0.10353737300423,0.468724479332542
15.068,0.103600000000345,0.10352944374252,0.476506145357525
15.07,0.103600000000345,0.10352139869767,0.483068130084032
15.072,0.103600000000345,0.103513187377306,0.487807682690101
15.074,0.103600000000345,0.10350485421913,0.490930723065002
15.076,0.103600000000345,0.10349645326862,0.493025273514422
15.078,0.103600000000345,0.103487969328658,0.493446013732856
15.08,0.103600000000345,0.103479472950267,0.492701984879204
15.082,0.103600000000345,0.103470978819624,0.491158295895065
15.084,0.103600000000345,0.103462545696848,0.488324634822891
15.086,0.103600000000346,0.103454206776348,0.484793056249288
15.088,0.103600000000346,0.103445948192027,0.480729595858661
15.09,0.103600000000346,0.103437918788202,0.475832489502101
15.092,0.103600000000346,0.103430039668368,0.470633898428608
15.094,0.103600000000346,0.103422333961807,0.465087422986525
15.096,0.103600000000346,0.103414952590507,0.45916258252825
15.098,0.103600000000346,0.103407727876918,0.453096987788063
15.1,0.103600000000346,0.103400804869452,0.446801282591745
15.102,0.103600000000346,0.103394148099108,0.440333040640666
15.104,0.103600000000346,0.103387651860731,0.433758281846372
15.106,0.103600000000347,0.103381522479847,0.426896934797274
15.108,0.103600000000347,0.103375545106093,0.419855460513588
15.11,0.103600000000347,0.103369757773444,0.412588789038664
15.112,0.103600000000347,0.103364209373616,0.404856000812096
15.114,0.103600000000347,0.103358758376023,0.396863935137424
15.116,0.103600000000347,0.103353475411059,0.388320408105017
15.118,0.103600000000347,0.103348305443073,0.379072442891128
15.12,0.103600000000347,0.103343201135049,0.369415144761773
15.122,0.103600000000347,0.103338131301508,0.359383549730123
15.124,0.103600000000347,0.103333142749935,0.348469458864633
15.126,0.103600000000348,0.103328187906835,0.336801019220815
15.128,0.103600000000348,0.103323251096622,0.3247077365193
15.13,0.103600000000348,0.103318346809039,0.311616668221351
15.132,0.103600000000348,0.103313462455195,0.298077687080664
15.134,0.103600000000348,0.103308601431927,0.284014465889247
15.136,0.103600000000348,0.103303803865685,0.269285670980899
15.138,0.103600000000348,0.103299048028627,0.254315716715415
15.14,0.103600000000348,0.103294390554498,0.238950176804928
15.142,0.103600000000348,0.103289858715943,0.223468757501993
15.144,0.103600000000349,0.10328540592304,0.207919526760402
15.146,0.103600000000349,0.103281235937882,0.192554977499268
15.148,0.103600000000349,0.103277242543041,0.177473819486113
15.15,0.103600000000349,0.10327351519557,0.162819612946656
15.152,0.103600000000349,0.103269950669823,0.148504784938135
15.154,0.103600000000349,0.103266771832702,0.134993869547892
15.156,0.103600000000349,0.10326390876249,0.122244632391916
15.158,0.103600000000349,0.103261291785648,0.110089010203717
15.16,0.103600000000349,0.103259155833358,0.09917716377241
15.162,0.10360000000035,0.103257172239051,0.0886646423813452
15.164,0.10360000000035,0.103255698386486,0.0795230059521629
15.166,0.10360000000035,0.103254405407401,0.07087766733348
15.168,0.10360000000035,0.103253437523315,0.0631243552205224
15.17,0.10360000000035,0.103252733394178,0.056098374388842
15.172,0.10360000000035,0.103252189118368,0.0495132054798355
15.174,0.10360000000035,0.103251934323349,0.043717838517232
15.176,0.10360000000035,0.103251750592381,0.0381132510663851
15.178,0.10360000000035,0.103251757797366,0.0330123938310795
15.18,0.10360000000035,0.103251826106024,0.0280557018488982
15.182,0.103600000000351,0.103251979451494,0.0232996418897996
15.184,0.103600000000351,0.103252132796964,0.0185435819306925
15.186,0.103600000000351,0.103252327286303,0.0138545023348448
15.188,0.103600000000351,0.103252540017681,0.00919511995818509
15.19,0.103600000000351,0.103252748108537,0.00449446527545705
15.192,0.103600000000351,0.103252954533143,-0.000221008855535283
15.194,0.103600000000351,0.103253156717284,-0.00495005262655273
15.196,0.103600000000351,0.10325336398456,-0.0096536918370525
15.198,0.103600000000351,0.103253585754898,-0.0142898424175013
15.2,0.103600000000351,0.103253857602104,-0.0187179547293436
15.202,0.103600000000352,0.103254178417817,-0.0229494540284943
15.204,0.103600000000352,0.103254570680489,-0.026896817831505
15.206,0.103600000000352,0.103255129717551,-0.0301976858759516
15.208,0.103600000000352,0.103255713385559,-0.0334030976713317
15.21,0.103600000000352,0.103256586951973,-0.0355006745286344
15.212,0.103600000000352,0.103257465239304,-0.0375803713349029
15.214,0.103600000000352,0.10325869751237,-0.0383193783244575
15.216,0.103600000000352,0.103259939418303,-0.0390220904244151
15.218,0.103600000000352,0.103261560649014,-0.038295575701302
15.22,0.103600000000353,0.103263195803297,-0.0375167321577973
15.222,0.103599000000353,0.103265199857233,-0.0353514568160359
15.224,0.103598000000353,0.103267220094098,-0.0331253192079867
15.226,0.103597000000353,0.103269561463336,-0.0296914371026245
15.228,0.103596000000353,0.103271917710026,-0.0262011019738688
15.23,0.103595000000353,0.103274508782263,-0.0218197128904416
15.232,0.103592000000353,0.103277108553123,-0.0174040589887959
15.234,0.103589000000353,0.103279821821916,-0.0125413244429187
15.236,0.103586000000353,0.103282531171014,-0.00767353972056269
15.238,0.103583000000354,0.103285236507147,-0.00280058465376153
15.24,0.103580000000354,0.103287823888551,0.00168931946344587
15.242,0.103574000000354,0.103290313195504,0.00584910827156594
15.244,0.103568000000354,0.103292632826359,0.0094353183781497
15.246,0.103562000000354,0.103294589703369,0.011783499207311
15.248,0.103556000000354,0.103296433858651,0.0137469761904083
15.25,0.103550000000354,0.103297830572391,0.0141842836916624
15.252,0.103540000000354,0.103298955829527,0.0136956852495617
15.254,0.103530000000354,0.103299730400283,0.0120165273854015
15.256,0.103520000000354,0.103300127895575,0.00905722072566683
15.258,0.103510000000355,0.103299875378594,0.00391132643239629
15.26,0.103500000000355,0.103299223556904,-0.00255844661533013
15.262,0.103487000000355,0.103298141906611,-0.0104524621342457
15.264,0.103474000000355,0.10329664259359,-0.019700461700618
15.266,0.103461000000355,0.103294625027515,-0.0306285402361424
15.268,0.103448000000355,0.103292228916484,-0.0427399705191599
15.27,0.103435000000355,0.103289311675392,-0.0564804811928358
15.272,0.103420000000355,0.103286102656837,-0.0710898949771163
15.274,0.103405000000355,0.10328244721306,-0.0870287475029695
15.276,0.103390000000356,0.103278322358854,-0.104260508102841
15.278,0.103375000000356,0.103273975824027,-0.122063175837746
15.28,0.103360000000356,0.103269282269493,-0.140712549015826
15.282,0.103344000000356,0.103264333556298,-0.159843973114357
15.284,0.103328000000356,0.103259243634209,-0.179202948169693
15.286,0.103312000000356,0.10325394717385,-0.198707288780295
15.288,0.103296000000356,0.103248589780686,-0.217937861808556
15.29,0.103280000000356,0.103243187127349,-0.236965083497502
15.292,0.103264000000356,0.10323781843796,-0.255181175936669
15.294,0.103248000000357,0.103232467095019,-0.272982999372624
15.296,0.103232000000357,0.103227272512321,-0.28936272989333
15.298,0.103216000000357,0.103222130163788,-0.305268604074741
15.3,0.103200000000357,0.10321725557747,-0.319167636420916
15.302,0.103184000000357,0.103212432675333,-0.332679302778989
15.304,0.103168000000357,0.103207953062952,-0.343712084314104
15.306,0.103152000000357,0.103203505959826,-0.354508214238699
15.308,0.103136000000357,0.103199413638652,-0.36261296292608
15.31,0.103120000000357,0.103195348794715,-0.370484191804997
15.312,0.103104000000358,0.103191524228362,-0.376313382226666
15.314,0.103088000000358,0.103187813761566,-0.38092394168723
15.316,0.103072000000358,0.103184181245594,-0.384554659201292
15.318,0.103056000000358,0.103180617903152,-0.387079589131929
15.32,0.103040000000358,0.103177075622853,-0.388446055586055
15.322,0.103024000000358,0.103173506671566,-0.389101967097579
15.324,0.103008000000358,0.103169904380061,-0.389138112962842
15.326,0.102992000000358,0.103166145634286,-0.388337387033875
15.328,0.102976000000358,0.103162337387152,-0.387271878999988
15.33,0.102960000000358,0.103158398745256,-0.385870199563171
15.332,0.102944000000359,0.103154285911074,-0.384019434106088
15.334,0.102928000000359,0.103149951242402,-0.3818749878041
15.336,0.102912000000359,0.103145509212174,-0.379588408362688
15.338,0.102896000000359,0.103140744306261,-0.376982575136817
15.34,0.102880000000359,0.103135894894767,-0.374288581641695
15.342,0.102864000000359,0.103130761443499,-0.371290509159954
15.344,0.102848000000359,0.103125504295577,-0.368097469956759
15.346,0.102832000000359,0.103120069995865,-0.364625209752312
15.348,0.10281600000036,0.103114477523629,-0.360726598827911
15.35,0.10280000000036,0.103108802446168,-0.356605327251408
15.352,0.10278400000036,0.103102973232097,-0.351714658172687
15.354,0.10276800000036,0.103097112305217,-0.346585680649899
15.356,0.10275200000036,0.103091164782287,-0.340565496838202
15.358,0.10273600000036,0.103085200394936,-0.333987722652531
15.36,0.10272000000036,0.103079210092281,-0.32655310770406
15.362,0.10270400000036,0.103073219848594,-0.319040194439814
15.364,0.10268800000036,0.103067230668613,-0.310114868998994
15.366,0.102672000000361,0.103061247597975,-0.300782842429728
15.368,0.102656000000361,0.103055277290228,-0.290601185539514
15.37,0.102640000000361,0.103049310346328,-0.279739202803567
15.372,0.102624000000361,0.103043345692882,-0.268413984005009
15.374,0.102608000000361,0.103037352310611,-0.256276257926888
15.376,0.102592000000361,0.103031341265065,-0.243924275819742
15.378,0.102576000000361,0.103025247147878,-0.231015284500304
15.38,0.102560000000361,0.103019079867097,-0.217990464376789
15.382,0.102544000000361,0.103012806650979,-0.20479793292253
15.384,0.102528000000362,0.103006347903624,-0.191685075844
15.386,0.102512000000362,0.102999801729607,-0.178609763196585
15.388,0.102496000000362,0.10299286308446,-0.166110845534182
15.39,0.102480000000362,0.102985904175456,-0.153641687986734
15.392,0.102464000000362,0.102978473389917,-0.142115703115981
15.394,0.102448000000362,0.102970966062573,-0.130742707713886
15.396,0.102432000000362,0.102963050269666,-0.12030537204229
15.398,0.102416000000362,0.102954917006344,-0.110381973510997
15.4,0.102400000000362,0.10294641595634,-0.101361882828934
15.402,0.102384000000363,0.102937631958034,-0.0930565419268153
15.404,0.102368000000363,0.102928659281278,-0.0852285098139382
15.406,0.102352000000363,0.102919321442314,-0.0783310707595185
15.408,0.102336000000363,0.102909811008883,-0.0718693709411061
15.41,0.102320000000363,0.102900137519264,-0.0658193296170857
15.412,0.102304000000363,0.102890211003821,-0.0603879247282277
15.414,0.102288000000363,0.102880195942722,-0.0551606034536249
15.416,0.102272000000363,0.102870061265036,-0.0502060323462808
15.418,0.102256000000363,0.102859809758247,-0.0454691823519771
15.42,0.102240000000364,0.102849533020989,-0.0407793515144338
15.422,0.102224000000364,0.10283921172571,-0.0361267833571135
15.424,0.102208000000364,0.102828855081007,-0.0315037769779961
15.426,0.102192000000364,0.102818493334282,-0.0268589614755095
15.428,0.102176000000364,0.10280811926736,-0.0221614819895501
15.43,0.102160000000364,0.102797743181846,-0.0174246002857349
15.432,0.102144000000364,0.102787365711253,-0.0126606822610809
15.434,0.102128000000364,0.102776967183269,-0.00792490701805456
15.436,0.102112000000364,0.102766553423713,-0.00323159908069087
15.438,0.102096000000365,0.102756086663959,0.00129871713956535
15.44,0.102080000000365,0.102745559496209,0.00562195100700593
15.442,0.102064000000365,0.102734970382189,0.00973282922440484
15.444,0.102048000000365,0.102724235357602,0.013327699493458
15.446,0.102032000000365,0.102713435830918,0.0166932510859756
15.448,0.102016000000365,0.102702380079547,0.0191410387846715
15.45,0.102000000000365,0.102691324328176,0.0215888264833652
15.452,0.101984000000365,0.102679976094351,0.0229838528868333
15.454,0.101968000000366,0.102668526261084,0.0240125929588389
15.456,0.101952000000366,0.102656830167841,0.024152733146473
15.458,0.101936000000366,0.102644966881235,0.0236895275152993
15.46,0.101920000000366,0.102632955525137,0.0226919878176764
15.462,0.101905000000366,0.102620689065315,0.0207752927842341
15.464,0.101890000000366,0.102608332603273,0.0185348145866785
15.466,0.101875000000366,0.102595756377866,0.0155049555713112
15.468,0.101860000000366,0.102583078331415,0.012111024722925
15.47,0.101845000000366,0.102570294373521,0.00833839638797585
15.472,0.101832000000367,0.102557407319009,0.00419963620871289
15.474,0.101819000000367,0.102544492939814,-3.58097427323799e-05
15.476,0.101806000000367,0.102531557442474,-0.00434388758725866
15.478,0.101793000000367,0.10251866549113,-0.00849650167863381
15.48,0.101780000000367,0.102505826767131,-0.0124590885871368
15.482,0.101770000000367,0.102493163216778,-0.0158022693245911
15.484,0.101760000000367,0.102480584096776,-0.0188476369948304
15.486,0.101750000000367,0.102468329911112,-0.0207514335069995
15.488,0.101740000000367,0.10245627014046,-0.0219766105123775
15.49,0.101730000000368,0.102444490364708,-0.0222244452955269
15.492,0.101724000000368,0.10243312789413,-0.0210267044217067
15.494,0.101718000000368,0.102421952067876,-0.0191834947905022
15.496,0.101712000000368,0.102411390170096,-0.015234264154124
15.498,0.101706000000368,0.1024010612574,-0.0104948226219379
15.5,0.101700000000368,0.102391129681974,-0.00440774014253226
15.502,0.101697000000368,0.102381871004671,0.00392270777839529
15.504,0.101694000000368,0.102372810213229,0.0128992452250416
15.506,0.101691000000368,0.102364314939018,0.0237221741051454
15.508,0.101688000000369,0.102356209624143,0.0357796214717981
15.51,0.101685000000369,0.102348466541527,0.0489838099908825
15.512,0.101684000000369,0.102341277198927,0.0638659169583742
15.514,0.101683000000369,0.102334267308728,0.0792882678156954
15.516,0.101682000000369,0.102327809266036,0.0962907044757302
15.518,0.101681000000369,0.102321657503266,0.114093231469367
15.52,0.101680000000369,0.10231576667708,0.132528111170927
15.522,0.101680000000369,0.102310109033357,0.151477250084965
15.524,0.10168000000037,0.102304697097953,0.170825747860676
15.526,0.10168000000037,0.102299412314073,0.190200018588291
15.528,0.10168000000037,0.102294195190866,0.209348921169089
15.53,0.10168000000037,0.102289012178373,0.228190341390512
15.532,0.10168000000037,0.102283763859188,0.246165671678494
15.534,0.10168000000037,0.102278469739934,0.263533606664344
15.536,0.10168000000037,0.102273062885367,0.280026106554621
15.538,0.10168000000037,0.102267457302488,0.294975401078295
15.54,0.10168000000037,0.10226179187223,0.30951469200211
15.542,0.101680000000371,0.102255746634398,0.321451989758918
15.544,0.101680000000371,0.102249701396567,0.333389287515726
15.546,0.101680000000371,0.102243283058419,0.342781875144573
15.548,0.101680000000371,0.102236727007941,0.351188710363259
15.55,0.101680000000371,0.102229952795258,0.358007101123918
15.552,0.101680000000371,0.102222987548007,0.363249682881605
15.554,0.101680000000371,0.10221592471374,0.367635582827948
15.556,0.101680000000371,0.102208697845061,0.370317467915411
15.558,0.101680000000372,0.102201418538867,0.372106030330594
15.56,0.101680000000372,0.102194093556757,0.373116460317651
15.562,0.101680000000372,0.102186766668719,0.372849475027313
15.564,0.101680000000372,0.102179480976522,0.372104407449589
15.566,0.101680000000372,0.102172273193351,0.370610227533015
15.568,0.101680000000372,0.102165139478635,0.368855962481144
15.57,0.101680000000372,0.10215818384808,0.366476369923647
15.572,0.101680000000372,0.1021512980175,0.363979970448918
15.574,0.101680000000373,0.102144632074929,0.361115598921794
15.576,0.101680000000373,0.102138189061356,0.35804276858884
15.578,0.101680000000373,0.102131905342623,0.354838392053829
15.58,0.101680000000373,0.10212579821655,0.351497744118426
15.582,0.101680000000373,0.102119947111496,0.347928400035109
15.584,0.101680000000373,0.102114235188711,0.34418102267321
15.586,0.101680000000373,0.102108657499228,0.34024156816099
15.588,0.101680000000373,0.102103264263344,0.335894533089303
15.59,0.101680000000373,0.102097968137697,0.331166419660682
15.592,0.101680000000374,0.102092747094116,0.326041600880655
15.594,0.101680000000374,0.102087606864288,0.320225999489715
15.596,0.101680000000374,0.102082481693119,0.313998612178706
15.598,0.101680000000374,0.102077384712795,0.307000333210705
15.6,0.101680000000374,0.102072275741701,0.299304974123128
15.602,0.101680000000374,0.102067155805879,0.290972183630422
15.604,0.101680000000374,0.10206199185591,0.281660668643385
15.606,0.101680000000374,0.102056808728219,0.27192270654175
15.608,0.101680000000374,0.10205156309686,0.261000428973851
15.61,0.101680000000375,0.102046306145375,0.249853312362726
15.612,0.101680000000375,0.102041005816066,0.23766394572362
15.614,0.101680000000375,0.102035705709366,0.225020209485282
15.616,0.101680000000375,0.102030413538905,0.211990850977235
15.618,0.101680000000375,0.102025169138508,0.198512873380334
15.62,0.101680000000375,0.102020009620355,0.184875422748067
15.622,0.101680000000375,0.102014942678689,0.171195928280038
15.624,0.101680000000375,0.102010051291433,0.157615094293488
15.626,0.101680000000376,0.102005343838225,0.144340485461312
15.628,0.101680000000376,0.102000858138014,0.13143506519057
15.63,0.101680000000376,0.101996503749479,0.118822000752846
15.632,0.101680000000376,0.101992581803417,0.107171737825419
15.634,0.101680000000376,0.101988666487497,0.0955381716201049
15.636,0.101680000000376,0.101985276728322,0.0852281176627824
15.638,0.101680000000376,0.101982097814815,0.0754846716510102
15.64,0.101680000000376,0.101979150111605,0.0663625596827391
15.642,0.101680000000377,0.101976594292883,0.0583243152780685
15.644,0.101680000000377,0.10197421266674,0.050774656614683
15.646,0.101680000000377,0.101972050268733,0.0438412949776989
15.648,0.101680000000377,0.101970154629959,0.037662699497597
15.65,0.101680000000377,0.101968377446642,0.0318185317585983
15.652,0.101680000000377,0.101966756624261,0.026415322980582
15.654,0.101680000000377,0.101965272525069,0.0213905212694951
15.656,0.101680000000377,0.101963822712584,0.0164606144489202
15.658,0.101680000000378,0.101962465213813,0.0117736998082447
15.66,0.101680000000378,0.101961116477517,0.00710741746721007
15.662,0.101680000000378,0.101959785621134,0.00247397789402975
15.664,0.101680000000378,0.10195844548019,-0.00218921388513875
15.666,0.101680000000378,0.101957088121699,-0.00690757897114241
15.668,0.101680000000378,0.101955709004471,-0.0116811797350276
15.67,0.101680000000378,0.101954309210471,-0.0165035410226532
15.672,0.101680000000378,0.101952885658347,-0.0213585490158164
15.674,0.101680000000378,0.101951460587375,-0.0261673650444868
15.676,0.101680000000379,0.101950043396173,-0.0309022123951255
15.678,0.101680000000379,0.101948652360553,-0.0354770353015156
15.68,0.101680000000379,0.101947325628343,-0.0397423371154588
15.682,0.101680000000379,0.101946072001087,-0.0436812026919686
15.684,0.101680000000379,0.101944915095873,-0.0471968361513613
15.686,0.101680000000379,0.101943900234867,-0.0501194123899912
15.688,0.101680000000379,0.101943047247098,-0.0523661420491465
15.69,0.101680000000379,0.101942194259329,-0.0546128717083038
15.692,0.10168000000038,0.101941619020955,-0.0557228938223717
15.694,0.10168000000038,0.101941133786588,-0.056464568652956
15.696,0.10168000000038,0.101940923082654,-0.0560938073776369
15.698,0.10168000000038,0.101940775465731,-0.0554674086186293
15.7,0.10168000000038,0.101940913807864,-0.0536807337811408
15.702,0.10167900000038,0.101941094494149,-0.0517222479547144
15.704,0.10167800000038,0.101941541930007,-0.0486682924877213
15.706,0.10167700000038,0.101942009782875,-0.0455304897812084
15.708,0.101676000000381,0.101942686202353,-0.0415030394121714
15.71,0.101675000000381,0.101943369857046,-0.0374415026578534
15.712,0.101672000000381,0.10194414851598,-0.0329057543039433
15.714,0.101669000000381,0.101944922564014,-0.0283721419304399
15.716,0.101666000000381,0.10194565625779,-0.02385722350378
15.718,0.101663000000381,0.101946356112285,-0.0194400696366662
15.72,0.101660000000381,0.101946878870168,-0.01553456293687
15.722,0.101654000000381,0.101947318380111,-0.0118926729382045
15.724,0.101648000000382,0.10194745980047,-0.00919472693102407
15.726,0.101642000000382,0.101947452731064,-0.00697976651972192
15.728,0.101636000000382,0.101947056506946,-0.00603059112485851
15.73,0.101630000000382,0.10194643772986,-0.00581073289065977
15.732,0.101620000000382,0.101945375312022,-0.00704470748477398
15.734,0.101610000000382,0.101944055958269,-0.00911955465933163
15.736,0.101600000000382,0.101942338003207,-0.0124989018665921
15.738,0.101590000000382,0.101940043755174,-0.0177504552333567
15.74,0.101580000000383,0.101937354721241,-0.0242687355609226
15.742,0.101567000000383,0.101934319660994,-0.0318962189736977
15.744,0.101554000000383,0.101930706190697,-0.0413423243374141
15.746,0.101541000000383,0.101926861069813,-0.0515167794926363
15.748,0.101528000000383,0.101922278150934,-0.06394263073974
15.75,0.101515000000383,0.101917537829423,-0.0768372761953375
15.752,0.101500000000383,0.101912111687856,-0.0917346557536415
15.754,0.101485000000383,0.101906486608913,-0.107179647641365
15.756,0.101470000000384,0.101900425138963,-0.123825887375916
15.758,0.101455000000384,0.101893922952938,-0.141572096672871
15.76,0.101440000000384,0.101887174312351,-0.159858213821484
15.762,0.101424000000384,0.10188019673245,-0.178610443797055
15.764,0.101408000000384,0.10187294698483,-0.197759144699556
15.766,0.101392000000384,0.101865561584825,-0.216906994492003
15.768,0.101376000000384,0.101858092684203,-0.235886285925723
15.77,0.101360000000384,0.101850565144563,-0.254455412219965
15.772,0.101344000000385,0.101843072386099,-0.272320855233542
15.774,0.101328000000385,0.101835616398549,-0.2894423591386
15.776,0.101312000000385,0.101828233292362,-0.305877671127296
15.778,0.101296000000385,0.101821022368098,-0.320691857509274
15.78,0.101280000000385,0.101813850287066,-0.335197285518476
15.782,0.101264000000385,0.101806996704993,-0.347171018384631
15.784,0.101248000000385,0.10180014312292,-0.359144751250786
15.786,0.101232000000385,0.101793607832113,-0.368622523483341
15.788,0.101216000000386,0.101787168684229,-0.37730623964934
15.79,0.101200000000386,0.101780940519035,-0.384211828049176
15.792,0.101184000000386,0.101774841701164,-0.389849073249476
15.794,0.101168000000386,0.101768840458209,-0.394529526458003
15.796,0.101152000000386,0.101762974957052,-0.397415012882038
15.798,0.101136000000386,0.101757138831364,-0.399710974153038
15.8,0.101120000000386,0.101751350396095,-0.40066342917234
15.802,0.101104000000386,0.101745541964976,-0.400850608281852
15.804,0.101088000000387,0.101739716841029,-0.400398923886827
15.806,0.101072000000387,0.101733747278998,-0.398914498386333
15.808,0.101056000000387,0.101727756137415,-0.397275777770503
15.81,0.101040000000387,0.101721545057759,-0.394973278507525
15.812,0.101024000000387,0.101715248049347,-0.392411444090825
15.814,0.101008000000387,0.101708749729208,-0.389543824975391
15.816,0.100992000000387,0.101702098369306,-0.386443744398917
15.818,0.100976000000387,0.10169514389375,-0.383054893686863
15.82,0.100960000000388,0.101688084970784,-0.379568673342706
15.822,0.100944000000388,0.101680737941437,-0.375818483805584
15.824,0.100928000000388,0.101673242446249,-0.371883614181537
15.826,0.100912000000388,0.101665579079193,-0.367739924864539
15.828,0.100896000000388,0.101657712401148,-0.363181068725714
15.83,0.100880000000388,0.101649770988426,-0.358447047509313
15.832,0.100864000000388,0.101641645112875,-0.353037318351803
15.834,0.100848000000388,0.101633471732659,-0.347285238307665
15.836,0.100832000000389,0.101625217653565,-0.340951587336927
15.838,0.100816000000389,0.101616921274688,-0.333830092410506
15.84,0.100800000000389,0.101608604150569,-0.326322212207114
15.842,0.100784000000389,0.101600281755979,-0.317756495535349
15.844,0.100768000000389,0.101591957755239,-0.308868408550031
15.846,0.100752000000389,0.101583657801589,-0.298754255036776
15.848,0.100736000000389,0.101575361700261,-0.288443686769498
15.85,0.100720000000389,0.101567089025837,-0.276863234012031
15.852,0.10070400000039,0.101558816814172,-0.265173550971747
15.854,0.10068800000039,0.101550534228247,-0.252539597163012
15.856,0.10067200000039,0.101542215372598,-0.239552744526736
15.858,0.10065600000039,0.101533858255848,-0.226269149477293
15.86,0.10064000000039,0.101525382049288,-0.212675615147123
15.862,0.10062400000039,0.101516784066458,-0.199068981768727
15.864,0.10060800000039,0.101508066838055,-0.185496413402525
15.866,0.100592000000391,0.101499053950195,-0.172269369304822
15.868,0.100576000000391,0.101489959643293,-0.159187853460888
15.87,0.100560000000391,0.101480499188883,-0.146760789029628
15.872,0.100544000000391,0.101470837450177,-0.134772794073894
15.874,0.100528000000391,0.101460880817515,-0.123428063078304
15.876,0.100512000000391,0.101450595066087,-0.112871503114107
15.878,0.100496000000391,0.101440115544376,-0.102778982699711
15.88,0.100480000000391,0.101429199217124,-0.0937857637886567
15.882,0.100464000000392,0.101418171723421,-0.0850744795555543
15.884,0.100448000000392,0.101406712318585,-0.0774761419240708
15.886,0.100432000000392,0.101395132975833,-0.0701879922713845
15.888,0.100416000000392,0.101383274691201,-0.0636212526671845
15.89,0.100400000000392,0.101371251316645,-0.0574741647401164
15.892,0.100384000000392,0.101359078239988,-0.0517076132893069
15.894,0.100368000000392,0.101346736115672,-0.0463504821361667
15.896,0.100352000000392,0.101334337098566,-0.0411311409031403
15.898,0.100336000000393,0.101321785508511,-0.0362311706833625
15.9,0.100320000000393,0.101309229515278,-0.031340417346654
15.902,0.100304000000393,0.10129664255238,-0.0264924826998886
15.904,0.100288000000393,0.101284006619319,-0.0217122542483258
15.906,0.100272000000393,0.101271364995405,-0.0169216621284294
15.908,0.100256000000393,0.101258712514428,-0.0121112981036505
15.91,0.100240000000393,0.101246056926693,-0.00729932099752665
15.912,0.100224000000393,0.101233394103327,-0.0024835870294232
15.914,0.100208000000394,0.101220708689098,0.00226050642129023
15.916,0.100192000000394,0.101208001422207,0.00692823882756817
15.918,0.100176000000394,0.101195245481983,0.011418758551549
15.92,0.100160000000394,0.101182414505215,0.015629203821486
15.922,0.100144000000394,0.101169525807434,0.0196237646083192
15.924,0.100128000000394,0.101156510923699,0.0231452098973268
15.926,0.100112000000394,0.101143320905214,0.0260103062545542
15.928,0.100096000000395,0.101130032132602,0.0285053037907311
15.93,0.100080000000395,0.101116709423244,0.030873258418005
15.932,0.100064000000395,0.101103081398083,0.032098257063393
15.934,0.100048000000395,0.101089352943321,0.0329479131013907
15.936,0.100032000000395,0.101075411123589,0.0330001452315785
15.938,0.100016000000395,0.101061296807304,0.0324086387049834
15.94,0.100000000000395,0.101047035587295,0.031268903221648
15.942,0.0999850000003955,0.101032544134713,0.0292707124128543
15.944,0.0999700000003956,0.101017980008548,0.0270015476808942
15.946,0.0999550000003958,0.101003160414956,0.0237783417155162
15.948,0.0999400000003959,0.100988297707723,0.0203927542534608
15.95,0.099925000000396,0.100973283403704,0.0164355377808458
15.952,0.0999120000003961,0.100958231575933,0.0123294779149039
15.954,0.0998990000003963,0.100943127955995,0.00801797692340632
15.956,0.0998860000003964,0.100928046929384,0.00376381824111658
15.958,0.0998730000003965,0.10091297860386,-0.000458104833854651
15.96,0.0998600000003967,0.100898060495889,-0.00417966159469588
15.962,0.0998500000003968,0.100883192143613,-0.00773357183440605
15.964,0.0998400000003969,0.100868614452821,-0.0102973549060977
15.966,0.0998300000003971,0.100854170948488,-0.0124020791118164
15.968,0.0998200000003972,0.100840040271848,-0.0134366034768787
15.97,0.0998100000003973,0.10082620050343,-0.0134781111580654
15.972,0.0998040000003975,0.100812629051754,-0.0126037182861119
15.974,0.0997980000003976,0.10079953846555,-0.0100988136824521
15.976,0.0997920000003977,0.100786616644279,-0.00702166336442094
15.978,0.0997860000003979,0.100774385521292,-0.00162823774570335
15.98,0.099780000000398,0.100762321707167,0.00431892749391975
15.982,0.0997770000003982,0.100750888711666,0.0123481994435005
15.984,0.0997740000003983,0.100739775094496,0.0214089646102589
15.986,0.0997710000003984,0.100729140028289,0.0320153013662049
15.988,0.0997680000003985,0.100718999787855,0.0441728273878569
15.99,0.0997650000003987,0.100709162475257,0.0572799773580421
15.992,0.0997640000003988,0.100699964036272,0.0723053373158951
15.994,0.0997630000003989,0.10069092362455,0.0877990753214112
15.996,0.0997620000003991,0.100682453516149,0.104910137147512
15.998,0.0997610000003992,0.10067430688479,0.122854240538724
16,0.0997600000003994,0.100666381833483,0.141347033533764
16.002,0.0997600000003995,0.100658825170834,0.160572300605612
16.004,0.0997600000003996,0.100651373473408,0.179889411307824
16.006,0.0997600000003998,0.100644069339802,0.199335639030255
16.008,0.0997600000003999,0.100636854513973,0.218473063356826
16.01,0.0997600000004,0.10062964419067,0.237256190354178
16.012,0.0997600000004002,0.10062239233977,0.255150089493641
16.014,0.0997600000004003,0.100615111070253,0.272778674519156
16.016,0.0997600000004004,0.100607631321739,0.288617261119838
16.018,0.0997600000004006,0.100600147598912,0.304426295450482
16.02,0.0997600000004007,0.100592313186164,0.317627663241599
16.022,0.0997600000004009,0.100584478773415,0.330829031032716
16.024,0.099760000000401,0.100576316289618,0.341668149310839
16.026,0.0997600000004011,0.100568050286854,0.351743018977554
16.028,0.0997600000004012,0.100559525999419,0.359882388412752
16.03,0.0997600000004014,0.100550858804226,0.366839569499883
16.032,0.0997600000004015,0.100542051834829,0.372640484203577
16.034,0.0997600000004017,0.10053306961121,0.376692354769494
16.036,0.0997600000004018,0.100524031573447,0.380115898650684
16.038,0.0997600000004019,0.100514880069356,0.381872882513886
16.04,0.0997600000004021,0.100505716593941,0.382965520576532
16.042,0.0997600000004022,0.100496536846889,0.383155168003771
16.044,0.0997600000004024,0.100487412761386,0.382453028449075
16.046,0.0997600000004025,0.1004783158368,0.38138835834537
16.048,0.0997600000004026,0.100469394441384,0.379451448103441
16.05,0.0997600000004027,0.10046054057417,0.377361011370723
16.052,0.0997600000004029,0.100451894014868,0.374799256644533
16.054,0.0997600000004031,0.100443400190249,0.372053178642696
16.056,0.0997600000004032,0.100435089075724,0.369086602439679
16.058,0.0997600000004034,0.100427017070614,0.365918678743845
16.06,0.0997600000004035,0.100419065553573,0.362649295343088
16.062,0.0997600000004037,0.100411388828293,0.359137527492626
16.064,0.0997600000004038,0.100403866162873,0.355443531599507
16.066,0.0997600000004039,0.100396487533314,0.351556578597755
16.068,0.0997600000004041,0.100389308286735,0.347254342610389
16.07,0.0997600000004042,0.100382230499436,0.342587552218895
16.072,0.0997600000004043,0.100375236863425,0.337523130643495
16.074,0.0997600000004045,0.100368333268774,0.331793084760766
16.076,0.0997600000004046,0.100361452092302,0.32549462607225
16.078,0.0997600000004047,0.100354602560399,0.318393819484291
16.08,0.0997600000004049,0.100347752413619,0.31124436352142
16.082,0.099760000000405,0.100340883231513,0.302588822865082
16.084,0.0997600000004051,0.100334000289851,0.293611325870038
16.086,0.0997600000004053,0.100327070798146,0.283544616325459
16.088,0.0997600000004054,0.100320116808263,0.272913382369732
16.09,0.0997600000004056,0.100313129674637,0.261518399672842
16.092,0.0997600000004057,0.100306132634308,0.249435618156346
16.094,0.0997600000004058,0.100299129570019,0.236934607451266
16.096,0.099760000000406,0.100292176844193,0.223813675234376
16.098,0.0997600000004061,0.100285237822709,0.21055051625254
16.1,0.0997600000004062,0.100278460474618,0.196973573733962
16.102,0.0997600000004064,0.100271741865413,0.183429256295635
16.104,0.0997600000004065,0.100265241018165,0.170005889423324
16.106,0.0997600000004067,0.100258895876618,0.156826903365926
16.108,0.0997600000004068,0.100252775454338,0.144000615228237
16.11,0.099760000000407,0.100246930841066,0.131746446000918
16.112,0.0997600000004071,0.100241265435267,0.119864012214256
16.114,0.0997600000004072,0.100236015393984,0.10896087832665
16.116,0.0997600000004074,0.100230881378468,0.0983373604447887
16.118,0.0997600000004075,0.100226212574116,0.0888875516719718
16.12,0.0997600000004076,0.100221689351758,0.0798190842794261
16.122,0.0997600000004078,0.100217495419523,0.0716131682681934
16.124,0.0997600000004079,0.100213528201384,0.0640120200644784
16.126,0.0997600000004081,0.100209754075838,0.0569259531266434
16.128,0.0997600000004082,0.100206246881101,0.050553650916252
16.13,0.0997600000004084,0.100202819660144,0.0443951226082366
16.132,0.0997600000004085,0.100199650621376,0.0389165224387183
16.134,0.0997600000004087,0.100196523452407,0.0335435123903486
16.136,0.0997600000004088,0.10019352853502,0.0285040234166931
16.138,0.099760000000409,0.100190578477234,0.0235667272518948
16.14,0.0997600000004091,0.10018767821306,0.018742863866507
16.142,0.0997600000004093,0.100184811635822,0.013972532508454
16.144,0.0997600000004094,0.100181950163266,0.00920041838632667
16.146,0.0997600000004096,0.100179092234385,0.00441593439032562
16.148,0.0997600000004097,0.10017622897231,-0.000395069248847016
16.15,0.0997600000004099,0.100173364458038,-0.00520890884373364
16.152,0.09976000000041,0.100170500340994,-0.0100097639074969
16.154,0.0997600000004102,0.100167653112763,-0.014726584849709
16.156,0.0997600000004103,0.100164821242243,-0.0193712519521187
16.158,0.0997600000004104,0.100162044555433,-0.0237737469901749
16.16,0.0997600000004106,0.100159327617907,-0.0279274923041723
16.162,0.0997600000004107,0.100156658276214,-0.0318830854489928
16.164,0.0997600000004109,0.100154176517831,-0.0350820389645032
16.166,0.099760000000411,0.100151695325574,-0.0382787089414488
16.168,0.0997600000004111,0.100149441425883,-0.0405729793760478
16.17,0.0997600000004113,0.100147258891795,-0.0425860259407086
16.172,0.0997600000004114,0.100145298380922,-0.0437272348784192
16.174,0.0997600000004116,0.100143470510485,-0.0443506087674044
16.176,0.0997600000004117,0.100141804537436,-0.04434192698079
16.178,0.0997600000004118,0.100140355287958,-0.0434895520406524
16.18,0.099760000000412,0.100138989931381,-0.0423105865645127
16.182,0.0997590000004121,0.10013790792649,-0.0400275926616562
16.184,0.0997580000004123,0.100136892943577,-0.0374814384860304
16.186,0.0997570000004124,0.100136059811336,-0.0342210462143937
16.188,0.0997560000004126,0.10013532260163,-0.03057382170065
16.19,0.0997550000004127,0.100134669531413,-0.0265872830994334
16.192,0.0997520000004129,0.100134086345682,-0.0222867161608087
16.194,0.099749000000413,0.100133518197583,-0.017910731736104
16.196,0.0997460000004132,0.10013292407656,-0.0135531581670905
16.198,0.0997430000004133,0.100132276104726,-0.00935904360468866
16.2,0.0997400000004135,0.100131525671641,-0.00547594040083678
16.202,0.0997340000004136,0.100130598765611,-0.00216713084671786
16.204,0.0997280000004138,0.10012956143348,0.000782320455982301
16.206,0.0997220000004139,0.100128161358123,0.00252689522293176
16.208,0.0997160000004141,0.100126633616766,0.0038457987097321
16.21,0.0997100000004142,0.100124669418955,0.0037062378151175
16.212,0.0997000000004144,0.100122445841916,0.00270115364126783
16.214,0.0996900000004145,0.100119874047246,0.000534101061064259
16.216,0.0996800000004146,0.100116827188463,-0.00320727522359798
16.218,0.0996700000004148,0.100113574288471,-0.00763145526185155
16.22,0.0996600000004149,0.100109509973215,-0.0147060467564332
16.222,0.0996470000004151,0.100105418909005,-0.021868011187045
16.224,0.0996340000004152,0.100100655651832,-0.0311883374183683
16.226,0.0996210000004154,0.100095557936233,-0.0415686946870066
16.228,0.0996080000004155,0.100089903960488,-0.0536880899292263
16.23,0.0995950000004157,0.100083788593726,-0.0672030991941329
16.232,0.0995800000004159,0.100077376035265,-0.0816087760617646
16.234,0.099565000000416,0.100070369362731,-0.0977255903170089
16.236,0.0995500000004162,0.100063067781514,-0.114626549369022
16.238,0.0995350000004163,0.100055491626247,-0.132257584627314
16.24,0.0995200000004165,0.100047479684186,-0.150885309736012
16.242,0.0995040000004166,0.10003931885602,-0.169763743089894
16.244,0.0994880000004168,0.100030952359656,-0.188964688750689
16.246,0.0994720000004169,0.1000224297069,-0.208129693871196
16.248,0.099456000000417,0.100013855640196,-0.227144901089599
16.25,0.0994400000004172,0.100005235838664,-0.245707522348923
16.252,0.0994240000004174,0.0999966867325863,-0.263249770101324
16.254,0.0994080000004175,0.0999881727844996,-0.280284569621774
16.256,0.0993920000004177,0.0999797146237328,-0.296810214627073
16.258,0.0993760000004178,0.0999714382297137,-0.311676927806245
16.26,0.099360000000418,0.0999632898759135,-0.325547395364144
16.262,0.0993440000004181,0.0999553055042181,-0.338141963402869
16.264,0.0993280000004183,0.099947527126628,-0.34915686195139
16.266,0.0993120000004184,0.0999398635779253,-0.359291193118012
16.268,0.0992960000004185,0.0999324628702757,-0.367309906454637
16.27,0.0992800000004187,0.099925122122605,-0.374835962830152
16.272,0.0992640000004189,0.0999180127618697,-0.380306110472997
16.274,0.099248000000419,0.099911009959583,-0.384634254377645
16.276,0.0992320000004192,0.0999040915505802,-0.387949864114989
16.278,0.0992160000004194,0.0998972541154864,-0.390066953468397
16.28,0.0992000000004195,0.0998904518211057,-0.391017164369501
16.282,0.0991840000004196,0.0998836365498504,-0.391188346648845
16.284,0.0991680000004198,0.0998767968752718,-0.39065041564368
16.286,0.0991520000004199,0.0998698259557581,-0.389305129686499
16.288,0.09913600000042,0.099862785149421,-0.387529934011123
16.29,0.0991200000004202,0.0998556987177296,-0.385632534534358
16.292,0.0991040000004203,0.099848333635285,-0.382988791671957
16.294,0.0990880000004205,0.0998408876718161,-0.380244223575077
16.296,0.0990720000004207,0.0998331589701976,-0.377147197773338
16.298,0.0990560000004209,0.0998253260296719,-0.373956299134716
16.3,0.099040000000421,0.0998172546258156,-0.370550651225033
16.302,0.0990240000004212,0.0998089419708943,-0.366914593215988
16.304,0.0990080000004213,0.0998004862990948,-0.363104483088643
16.306,0.0989920000004215,0.0997918650701008,-0.359071126383758
16.308,0.0989760000004216,0.09978304824987,-0.354614568603471
16.31,0.0989600000004217,0.0997741376486202,-0.349843567722026
16.312,0.0989440000004219,0.0997651314470287,-0.344715531813916
16.314,0.0989280000004221,0.0997560127549874,-0.33871633781017
16.316,0.0989120000004223,0.0997468842246544,-0.332541283176706
16.318,0.0988960000004224,0.0997377074456989,-0.32497807552407
16.32,0.0988800000004226,0.0997285306667434,-0.317414867871448
16.322,0.0988640000004228,0.0997193632163984,-0.30911228563165
16.324,0.0988480000004229,0.0997102087053204,-0.299784152453187
16.326,0.0988320000004231,0.0997010728406343,-0.28989798520708
16.328,0.0988160000004232,0.0996919698615927,-0.279027643109103
16.33,0.0988000000004234,0.0996828743155761,-0.267796194516019
16.332,0.0987840000004235,0.0996737957267196,-0.2557409439325
16.334,0.0987680000004237,0.0996646951630618,-0.243056184562662
16.336,0.0987520000004239,0.0996555601338921,-0.230065374117324
16.338,0.098736000000424,0.0996463674022163,-0.216744366947031
16.34,0.0987200000004242,0.0996370386332392,-0.203253847421015
16.342,0.0987040000004244,0.0996276000886914,-0.189778036129225
16.344,0.0986880000004245,0.0996180163349625,-0.176373630359639
16.346,0.0986720000004247,0.0996080853010173,-0.163483955222115
16.348,0.0986560000004248,0.0995981125391846,-0.15065612818564
16.35,0.0986400000004249,0.0995877591019093,-0.13858241913456
16.352,0.0986240000004251,0.0995772348205057,-0.126847152271617
16.354,0.0986080000004252,0.0995664495389265,-0.115709552464656
16.356,0.0985920000004254,0.0995553901225214,-0.105199696887696
16.358,0.0985760000004255,0.0995439587801071,-0.095607831878926
16.36,0.0985600000004257,0.0995323868235083,-0.086366803619724
16.362,0.0985440000004258,0.0995204177998441,-0.0781399194187749
16.364,0.098528000000426,0.0995082897886065,-0.0703259083094636
16.366,0.0985120000004262,0.0994959287113631,-0.063117143762662
16.368,0.0984960000004264,0.0994833343387442,-0.0565151701469536
16.37,0.0984800000004265,0.0994706409093957,-0.0501706641851855
16.372,0.0984640000004267,0.0994576965874709,-0.0444688582272203
16.374,0.0984480000004268,0.0994446876645064,-0.0389247265928093
16.376,0.098432000000427,0.0994315435388638,-0.0337105895051077
16.378,0.0984160000004271,0.0994183932779217,-0.0285099226920617
16.38,0.0984000000004273,0.0994051178493072,-0.0235840660865367
16.382,0.0983840000004274,0.0993918424206927,-0.018658209481003
16.384,0.0983680000004276,0.0993785259605363,-0.0137999751957955
16.386,0.0983520000004278,0.0993651972532036,-0.00896192495532805
16.388,0.098336000000428,0.0993518589986992,-0.0041385152400652
16.39,0.0983200000004281,0.0993385109468529,0.000669870315601369
16.392,0.0983040000004283,0.0993251433727662,0.00540891336417159
16.394,0.0982880000004284,0.0993117599078744,0.0100854146999695
16.396,0.0982720000004286,0.0992983428092669,0.014627226131578
16.398,0.0982560000004288,0.0992848683887213,0.0189390025031751
16.4,0.0982400000004289,0.0992713572814294,0.0231040222747506
16.402,0.0982240000004291,0.0992577288732556,0.0268038138690386
16.404,0.0982080000004293,0.0992439991331083,0.030106859194416
16.406,0.0981920000004294,0.0992301572565698,0.0329708555874034
16.408,0.0981760000004296,0.0992162370721957,0.0355310472263906
16.41,0.0981600000004298,0.0992020856777124,0.0371942311793562
16.412,0.0981440000004299,0.0991879247102023,0.0388205172251777
16.414,0.0981280000004301,0.0991734675220879,0.0393050619513406
16.416,0.0981120000004303,0.0991588888007612,0.0393233004743938
16.418,0.0980960000004304,0.0991441589784471,0.0387617853128274
16.42,0.0980800000004306,0.0991291965580621,0.0373093326797906
16.422,0.0980650000004308,0.0991141216965278,0.0354255020099694
16.424,0.0980500000004309,0.0990988497378983,0.0327849035135615
16.426,0.0980350000004311,0.0990834932474387,0.0298158349485502
16.428,0.0980200000004312,0.0990679834806175,0.0262511718363263
16.43,0.0980050000004314,0.0990524130506879,0.0224389394645664
16.432,0.0979920000004316,0.0990367642164802,0.0183067352098174
16.434,0.0979790000004317,0.0990211105881106,0.0141211078119574
16.436,0.0979660000004319,0.09900545248024,0.00988556365662414
16.438,0.0979530000004321,0.0989898781798038,0.00590527967876238
16.44,0.0979400000004322,0.0989743602845365,0.00209679422409325
16.442,0.0979300000004324,0.098959042508746,-0.00105257761058765
16.444,0.0979200000004325,0.0989438195711853,-0.00388959019892315
16.446,0.0979100000004327,0.0989289320339333,-0.00560163878109483
16.448,0.0979000000004329,0.0989141508660128,-0.00695691467680612
16.45,0.0978900000004331,0.0988998504014429,-0.00669445315552742
16.452,0.0978840000004332,0.0988856415188654,-0.00612378572013155
16.454,0.0978780000004334,0.0988719843508267,-0.00370214339658795
16.456,0.0978720000004336,0.0988586256252819,-0.000285806582862077
16.458,0.0978660000004337,0.0988456080749011,0.00426622985107158
16.46,0.0978600000004339,0.0988332586309773,0.0110138961623183
16.462,0.097857000000434,0.0988210227407157,0.0181312216195085
16.464,0.0978540000004342,0.098809566901149,0.0277669690643575
16.466,0.0978510000004344,0.0987982974545984,0.0379885320522109
16.468,0.0978480000004346,0.0987876972556779,0.050313476764886
16.47,0.0978450000004347,0.0987773960377507,0.0635412516998135
16.472,0.0978440000004349,0.0987676187502545,0.0783511346556512
16.474,0.0978430000004351,0.0987581710538836,0.0941051552903224
16.476,0.0978420000004352,0.0987491249327292,0.11098905763098
16.478,0.0978410000004354,0.0987404587618513,0.128868131658059
16.48,0.0978400000004355,0.0987321148508944,0.147479827296499
16.482,0.0978400000004357,0.098723975231152,0.166464612581261
16.484,0.0978400000004359,0.0987160064336159,0.185685313420703
16.486,0.0978400000004361,0.0987081857421694,0.204955549620289
16.488,0.0978400000004362,0.0987004380537151,0.223837063495589
16.49,0.0978400000004364,0.0986926913807104,0.242448913102523
16.492,0.0978400000004365,0.0986848838839951,0.259841004259955
16.494,0.0978400000004367,0.0986770763872798,0.277233095417356
16.496,0.0978400000004369,0.0986691401902085,0.293373689347961
16.498,0.097840000000437,0.0986611207493221,0.308704810740665
16.5,0.0978400000004372,0.0986529420679532,0.322759695416449
16.502,0.0978400000004374,0.098644496990471,0.33477442830943
16.504,0.0978400000004375,0.0986360024106467,0.3464083544266
16.506,0.0978400000004377,0.0986272260957237,0.35587497632959
16.508,0.0978400000004379,0.0986183557834348,0.364574426905167
16.51,0.097840000000438,0.0986092649839275,0.371474343309903
16.512,0.0978400000004382,0.0986000674305616,0.377397966877339
16.514,0.0978400000004384,0.0985907333666397,0.382061323609082
16.516,0.0978400000004386,0.0985812532516614,0.385053546748168
16.518,0.0978400000004388,0.0985717183130916,0.387094082526815
16.52,0.097840000000439,0.0985621462145028,0.388282565728726
16.522,0.0978400000004392,0.0985525604502082,0.388434075959725
16.524,0.0978400000004393,0.0985430385042594,0.387644386980829
16.526,0.0978400000004394,0.0985335333840701,0.386606550056369
16.528,0.0978400000004396,0.0985242449746339,0.384594449703714
16.53,0.0978400000004397,0.0985149797959992,0.382477910969458
16.532,0.0978400000004399,0.0985058928561554,0.380000864325569
16.534,0.0978400000004401,0.0984969748693295,0.3771820912878
16.536,0.0978400000004403,0.0984882897093632,0.37412546986618
16.538,0.0978400000004405,0.0984797428120161,0.370927603828108
16.54,0.0978400000004407,0.0984714466170822,0.367522098836804
16.542,0.0978400000004409,0.0984633199067576,0.363961443082808
16.544,0.097840000000441,0.098455387883762,0.360204481386049
16.546,0.0978400000004412,0.0984476629569062,0.356130271714139
16.548,0.0978400000004413,0.098440054369845,0.351795386151371
16.55,0.0978400000004415,0.0984325628671588,0.3471608398595
16.552,0.0978400000004417,0.0984252098500084,0.341891419573607
16.554,0.0978400000004418,0.0984179105916443,0.336091481481013
16.556,0.097840000000442,0.0984106564430767,0.329819168741788
16.558,0.0978400000004422,0.0984034189878482,0.322642711219711
16.56,0.0978400000004424,0.0983961924627841,0.314874254040941
16.562,0.0978400000004426,0.0983889587668299,0.306769788362444
16.564,0.0978400000004427,0.0983816989945117,0.297443454832028
16.566,0.0978400000004429,0.0983744143501431,0.287457831362656
16.568,0.097840000000443,0.0983671056282558,0.276833978811928
16.57,0.0978400000004432,0.098359774774429,0.265284110916002
16.572,0.0978400000004434,0.0983524407642175,0.253419554807639
16.574,0.0978400000004435,0.0983451297529933,0.240735807118826
16.576,0.0978400000004437,0.0983378584265416,0.227835428712349
16.578,0.0978400000004439,0.0983306503823954,0.214589605683309
16.58,0.0978400000004441,0.0983235738270191,0.20122660245921
16.582,0.0978400000004442,0.0983165597636345,0.187807907606281
16.584,0.0978400000004444,0.0983098226148055,0.174601500416432
16.586,0.0978400000004446,0.0983032148030577,0.161602693030737
16.588,0.0978400000004447,0.0982969461680195,0.149168262777741
16.59,0.0978400000004449,0.0982906775329812,0.136733832524766
16.592,0.0978400000004451,0.098284909452821,0.12535573714365
16.594,0.0978400000004453,0.0982792671092192,0.114242987116462
16.596,0.0978400000004455,0.0982738152555171,0.103583401643735
16.598,0.0978400000004456,0.0982687402445891,0.0938203035341846
16.6,0.0978400000004458,0.098263933257956,0.0847366342728323
16.602,0.097840000000446,0.0982593159340929,0.0761337511187629
16.604,0.0978400000004462,0.0982550471141658,0.0684383252386771
16.606,0.0978400000004464,0.098250877466304,0.0610020450589807
16.608,0.0978400000004466,0.0982470352418606,0.0544281445381563
16.61,0.0978400000004468,0.0982432889827786,0.0481061357183811
16.612,0.0978400000004469,0.0982397331092965,0.0422838546325099
16.614,0.0978400000004471,0.098236299992489,0.0367767858278307
16.616,0.0978400000004472,0.0982329539688186,0.0314933531437265
16.618,0.0978400000004474,0.0982297195030516,0.0264827613685507
16.62,0.0978400000004476,0.0982265242653124,0.0215640861037596
16.622,0.0978400000004478,0.0982233850023539,0.0167691771860951
16.624,0.097840000000448,0.0982202685893154,0.0120164032772541
16.626,0.0978400000004481,0.0982171659179436,0.00728892896632227
16.628,0.0978400000004483,0.0982140793857116,0.00259008489446932
16.63,0.0978400000004485,0.0982109997963553,-0.0020852135214586
16.632,0.0978400000004487,0.0982079292670523,-0.00672978621106721
16.634,0.0978400000004488,0.0982048856678423,-0.0112619022621245
16.636,0.097840000000449,0.0982018619466951,-0.0157109868486948
16.638,0.0978400000004491,0.0981988858682673,-0.0199610452724871
16.64,0.0978400000004493,0.0981959737279592,-0.0239498169309028
16.642,0.0978400000004495,0.0981931042406571,-0.0277647743378104
16.644,0.0978400000004497,0.0981903995381757,-0.0309207305217198
16.646,0.0978400000004499,0.0981876948356942,-0.0340766867056348
16.648,0.0978400000004501,0.0981852703407623,-0.036130625502126
16.65,0.0978400000004503,0.0981828482980152,-0.03817492019655
16.652,0.0978400000004504,0.0981805952817,-0.0395615834442186
16.654,0.0978400000004506,0.0981784938349672,-0.040358534641285
16.656,0.0978400000004508,0.0981766139798084,-0.0403003169881227
16.658,0.0978400000004509,0.0981748145753651,-0.0399316229717776
16.66,0.0978400000004511,0.0981733017228205,-0.0384606524665385
16.662,0.0978390000004513,0.0981718482830334,-0.0367608535995446
16.664,0.0978380000004515,0.0981706345730602,-0.0341372226261108
16.666,0.0978370000004517,0.0981695008016529,-0.0312017825108618
16.668,0.0978360000004519,0.0981685136107453,-0.027694589083071
16.67,0.097835000000452,0.0981676056684805,-0.0238645136622633
16.672,0.0978320000004522,0.0981667601654286,-0.0197800427487379
16.674,0.0978290000004524,0.0981659384066553,-0.0155569187631632
16.676,0.0978260000004526,0.0981651239119982,-0.0112913764734913
16.678,0.0978230000004527,0.098164215247169,-0.00729176245171254
16.68,0.0978200000004529,0.0981632625435329,-0.00343347511356158
16.682,0.0978140000004531,0.0981621196722156,-0.000190241914858765
16.684,0.0978080000004533,0.0981608368917623,0.00258727399829872
16.686,0.0978020000004535,0.0981593306133464,0.00462082945677525
16.688,0.0977960000004537,0.0981575369284206,0.00568972705814037
16.69,0.0977900000004538,0.0981555446828885,0.00609217124796898
16.692,0.097780000000454,0.0981530770549823,0.00489984862969983
16.694,0.0977700000004542,0.0981504860282417,0.00329362183298589
16.696,0.0977600000004544,0.0981472066456257,-0.000607234391275456
16.698,0.0977500000004545,0.0981437652140025,-0.00504215051889559
16.7,0.0977400000004547,0.0981397166132933,-0.0114780950337599
16.702,0.0977270000004549,0.0981353249034274,-0.0190259443882014
16.704,0.0977140000004551,0.0981304536681727,-0.028127779085358
16.706,0.0977010000004553,0.0981250580382086,-0.0388887345282256
16.708,0.0976880000004555,0.0981193457587589,-0.0506515302289741
16.71,0.0976750000004556,0.0981129575891292,-0.0644783535351064
16.712,0.0976600000004558,0.0981064070998854,-0.0787975659902144
16.714,0.097645000000456,0.0980992252827242,-0.0949571880455689
16.716,0.0976300000004561,0.0980916988118457,-0.11204792166958
16.718,0.0976150000004563,0.0980838762519074,-0.129892616952788
16.72,0.0976000000004565,0.0980757862756057,-0.148371566029996
16.722,0.0975840000004567,0.0980674015892362,-0.167413020997047
16.724,0.0975680000004569,0.0980588567373717,-0.186605250131291
16.726,0.0975520000004571,0.0980502024599274,-0.205746092892002
16.728,0.0975360000004573,0.0980414737125226,-0.22473454239611
16.73,0.0975200000004575,0.0980327488436942,-0.242891551907045
16.732,0.0975040000004577,0.0980240251721698,-0.260791898554249
16.734,0.0974880000004578,0.0980153590095525,-0.278009108212725
16.736,0.097472000000458,0.0980067800792426,-0.294190102461179
16.738,0.0974560000004582,0.0979983530698647,-0.309093691846488
16.74,0.0974400000004584,0.0979900070932051,-0.323315929510346
16.742,0.0974240000004586,0.0979819235892012,-0.335502240140808
16.744,0.0974080000004587,0.0979739176175893,-0.347090481587755
16.746,0.0973920000004589,0.0979661738293559,-0.356662278952162
16.748,0.0973760000004591,0.0979585559062374,-0.365218771986944
16.75,0.0973600000004593,0.0979511142159391,-0.372353664242494
16.752,0.0973440000004595,0.0979438453537346,-0.37791844346601
16.754,0.0973280000004597,0.0979366610528526,-0.382714997851787
16.756,0.0973120000004598,0.097929645024258,-0.385547269004208
16.758,0.09729600000046,0.0979226572362044,-0.387895653311737
16.76,0.0972800000004602,0.0979157365912208,-0.388762976350086
16.762,0.0972640000004604,0.0979088026241451,-0.389001922839715
16.764,0.0972480000004605,0.0979018514204924,-0.388427854333585
16.766,0.0972320000004607,0.0978948018246751,-0.387117163670986
16.768,0.0972160000004609,0.0978877081846878,-0.38547673220436
16.77,0.097200000000461,0.097880387717232,-0.383144253803536
16.772,0.0971840000004612,0.097872991786138,-0.380676118340181
16.774,0.0971680000004614,0.0978653468697153,-0.377825626213475
16.776,0.0971520000004616,0.0978575427003813,-0.374824413106
16.778,0.0971360000004618,0.0978495479819445,-0.37164285951102
16.78,0.097120000000462,0.097841302686616,-0.36824918561149
16.782,0.0971040000004622,0.0978329550899384,-0.364768910776069
16.784,0.0970880000004624,0.0978242957463219,-0.360928411252464
16.786,0.0970720000004625,0.0978155664830495,-0.356957510405311
16.788,0.0970560000004627,0.0978066292012774,-0.352570102554809
16.79,0.0970400000004629,0.0977976005561899,-0.347827194786192
16.792,0.097024000000463,0.0977884707605265,-0.342690704305629
16.794,0.0970080000004633,0.0977792592894795,-0.336838951157611
16.796,0.0969920000004635,0.0977700175190772,-0.330721854930447
16.798,0.0969760000004637,0.0977607439092978,-0.323156861006045
16.8,0.0969600000004639,0.0977514697896175,-0.315568679306916
16.802,0.0969440000004641,0.0977422086941269,-0.307218440550822
16.804,0.0969280000004642,0.0977329613592812,-0.298063054082343
16.806,0.0969120000004644,0.0977237529773361,-0.287842213185446
16.808,0.0968960000004645,0.0977145577235279,-0.277191242738632
16.81,0.0968800000004647,0.0977053855580416,-0.265643958124765
16.812,0.0968640000004649,0.097696204514885,-0.253569391818575
16.814,0.0968480000004651,0.0976870168881147,-0.241103797352496
16.816,0.0968320000004653,0.097677752086866,-0.228056632019098
16.818,0.0968160000004655,0.0976684335107191,-0.214887361108341
16.82,0.0968000000004657,0.0976590013189081,-0.201524193227664
16.822,0.0967840000004659,0.0976494073997909,-0.188211599313641
16.824,0.0967680000004661,0.0976397215925745,-0.174937522591372
16.826,0.0967520000004662,0.0976296672471835,-0.162163903675722
16.828,0.0967360000004664,0.0976196129017926,-0.149390284760095
16.83,0.0967200000004666,0.0976091101544992,-0.137466536338069
16.832,0.0967040000004668,0.0975985471928191,-0.125656914172722
16.834,0.096688000000467,0.0975876224048268,-0.114649828976357
16.836,0.0966720000004672,0.0975765171066158,-0.10405362872434
16.838,0.0966560000004674,0.0975650325598192,-0.0943747350548519
16.84,0.0966400000004676,0.0975533376360872,-0.0852274269037101
16.842,0.0966240000004678,0.0975414358155281,-0.0766029106489426
16.844,0.0966080000004679,0.0975291925045873,-0.0688645753138414
16.846,0.0965920000004681,0.0975168146119795,-0.0614786052672529
16.848,0.0965760000004683,0.0975041902968361,-0.0547405534678171
16.85,0.0965600000004684,0.0974913839789864,-0.0484811325295335
16.852,0.0965440000004686,0.0974784725511953,-0.0424977376415414
16.854,0.0965280000004688,0.0974653366893931,-0.0370939354639864
16.856,0.096512000000469,0.0974522006000208,-0.0316906928047619
16.858,0.0964960000004691,0.0974388842229804,-0.0267307169115719
16.86,0.0964800000004693,0.0974255678459401,-0.0217707410183818
16.862,0.0964640000004695,0.09741220209443,-0.0169207182295232
16.864,0.0964480000004697,0.0973987928274164,-0.0121676010827067
16.866,0.0964320000004699,0.0973853633537369,-0.00745269255156488
16.868,0.0964160000004701,0.097371923643863,-0.00275713955467534
16.87,0.0964000000004703,0.0973584681371636,0.00189133448626633
16.872,0.0963840000004705,0.0973450085814621,0.00652774136867764
16.874,0.0963680000004707,0.0973315220226102,0.0110530702534106
16.876,0.0963520000004708,0.097318010951705,0.0154751970460847
16.878,0.096336000000471,0.0973044716321057,0.0197781349445839
16.88,0.0963200000004712,0.0972908534448819,0.0237554242990647
16.882,0.0963040000004714,0.0972771636966696,0.0274439713456417
16.884,0.0962880000004716,0.0972633976192072,0.0308249124986819
16.886,0.0962720000004718,0.0972495156972143,0.0337472697941442
16.888,0.096256000000472,0.0972355293247735,0.0362561480143678
16.89,0.0962400000004722,0.0972213816876153,0.0381356374257864
16.892,0.0962240000004723,0.0972071175431498,0.0395604186001898
16.894,0.0962080000004725,0.0971926750304728,0.0402951870775498
16.896,0.0961920000004727,0.0971780956290108,0.0405011566601344
16.898,0.0961760000004729,0.0971632900921839,0.0398372576681934
16.9,0.0961600000004731,0.0971483222112351,0.038549951350994
16.902,0.0961450000004732,0.0971332240204103,0.0367616705631393
16.904,0.0961300000004734,0.0971178859891192,0.0340483856312801
16.906,0.0961150000004736,0.0971025378988452,0.0312956173906327
16.908,0.0961000000004738,0.0970869554633431,0.027623002167441
16.91,0.096085000000474,0.097071373027841,0.0239503869442559
16.912,0.0960720000004742,0.0970556759552779,0.0197888936526836
16.914,0.0960590000004744,0.0970399735982879,0.0156048645391336
16.916,0.0960460000004746,0.0970242837183285,0.011402197496322
16.918,0.0960330000004748,0.097008633761942,0.00731343174144009
16.92,0.0960200000004749,0.096993073352214,0.00349908282768436
16.922,0.0960100000004751,0.0969776801522187,0.000231403550718894
16.924,0.0960000000004753,0.0969624008813871,-0.00266041987317232
16.926,0.0959900000004755,0.0969474016731311,-0.00461798331886129
16.928,0.0959800000004757,0.096932650045482,-0.00574415474277278
16.93,0.0959700000004759,0.0969180813559319,-0.00625600975879173
16.932,0.0959640000004761,0.0969040218873752,-0.00505807142084896
16.934,0.0959580000004762,0.0968902208224798,-0.00299658504905136
16.936,0.0959520000004764,0.0968767535276434,0.000180313065437362
16.938,0.0959460000004766,0.0968638554628594,0.00524316336762071
16.94,0.0959400000004768,0.0968512538927719,0.0112797903102671
16.942,0.095937000000477,0.0968391549347206,0.0189608590639465
16.944,0.0959340000004772,0.0968275867404485,0.028348713319673
16.946,0.0959310000004774,0.0968163466622159,0.0387809382420359
16.948,0.0959280000004776,0.0968058091303451,0.0514098314694317
16.95,0.0959250000004778,0.0967954133091216,0.064466931098996
16.952,0.095924000000478,0.0967856291414766,0.0793722614964511
16.954,0.0959230000004782,0.0967762768607294,0.0955071558946016
16.956,0.0959220000004783,0.0967672223101996,0.112451755854855
16.958,0.0959210000004785,0.0967584947357734,0.130249844307235
16.96,0.0959200000004787,0.0967501171749192,0.148825063202722
16.962,0.0959200000004789,0.0967419117681009,0.167687143750234
16.964,0.0959200000004791,0.0967338635410836,0.186774141488741
16.966,0.0959200000004793,0.0967259843893765,0.205843758513893
16.968,0.0959200000004795,0.0967181476420111,0.224544576785535
16.97,0.0959200000004797,0.0967103379744029,0.243009877176862
16.972,0.0959200000004799,0.0967024896650074,0.260618864958921
16.974,0.09592000000048,0.0966946216027277,0.277790123408856
16.976,0.0959200000004802,0.096686619080011,0.293624767161196
16.978,0.0959200000004804,0.0966785624853881,0.308921904819079
16.98,0.0959200000004806,0.0966702907717184,0.322449269964017
16.982,0.0959200000004808,0.0966619528493598,0.335431939883579
16.984,0.095920000000481,0.0966533431440444,0.346293844446558
16.986,0.0959200000004811,0.0966446722021489,0.356677910299652
16.988,0.0959200000004813,0.0966357073220197,0.364712634565638
16.99,0.0959200000004815,0.0966266975768624,0.372388768949908
16.992,0.0959200000004817,0.0966174416006682,0.377925059721721
16.994,0.0959200000004819,0.0966080829598353,0.382425763169256
16.996,0.0959200000004821,0.0965986280128436,0.385918984749097
16.998,0.0959200000004822,0.0965890616606957,0.38776651577816
17,0.0959200000004824,0.0965794724569038,0.389062711872091
17.002,0.0959200000004826,0.0965698877309572,0.388920898699856
17.004,0.0959200000004828,0.0965603237954489,0.38856008255737
17.006,0.095920000000483,0.0965508551481047,0.387195516967595
17.008,0.0959200000004832,0.0965414845741399,0.385498612502263
17.01,0.0959200000004834,0.096532289711808,0.383206278300339
17.012,0.0959200000004836,0.096523094849476,0.380913944098412
17.014,0.0959200000004838,0.0965142615097567,0.378015210583234
17.016,0.095920000000484,0.0965054809263158,0.375062057271756
17.018,0.0959200000004842,0.0964970225789072,0.371798915680462
17.02,0.0959200000004845,0.0964886523274863,0.36845635475386
17.022,0.0959200000004846,0.0964805184234265,0.364900724528168
17.024,0.0959200000004848,0.0964726075301583,0.361076208921098
17.026,0.095920000000485,0.0964648331773065,0.357018706228091
17.028,0.0959200000004852,0.0964571875676246,0.352705882093028
17.03,0.0959200000004853,0.0964497043753797,0.347885894918442
17.032,0.0959200000004855,0.0964423082182211,0.342543162552355
17.034,0.0959200000004857,0.0964349554824037,0.336939635393856
17.036,0.0959200000004859,0.0964276774470799,0.330198405242065
17.038,0.0959200000004861,0.096420402071498,0.32341666670527
17.04,0.0959200000004863,0.0964131341317595,0.315301222004952
17.042,0.0959200000004865,0.0964058670402566,0.307033636249185
17.044,0.0959200000004867,0.0963985693854384,0.297475653784987
17.046,0.0959200000004868,0.0963912654526568,0.287652612920572
17.048,0.095920000000487,0.0963839373630779,0.276858893273652
17.05,0.0959200000004872,0.0963766025093101,0.265529922248207
17.052,0.0959200000004874,0.0963692699933996,0.253523312586213
17.054,0.0959200000004876,0.09636197483318,0.240999478671776
17.056,0.0959200000004878,0.0963547185051928,0.228197320974139
17.058,0.095920000000488,0.0963475449858383,0.215067894804466
17.06,0.0959200000004883,0.0963404988482214,0.20182925997042
17.062,0.0959200000004884,0.0963335622059432,0.188593618779802
17.064,0.0959200000004886,0.0963268415476463,0.175503913463617
17.066,0.0959200000004888,0.0963202661806618,0.162640933485477
17.068,0.0959200000004889,0.096314029194108,0.150305992081967
17.07,0.0959200000004891,0.0963077922075542,0.137971050678479
17.072,0.0959200000004893,0.096301900829692,0.126333784733923
17.074,0.0959200000004895,0.0962962290650282,0.115139848898708
17.076,0.0959200000004897,0.0962908781292722,0.104698932223171
17.078,0.0959200000004899,0.0962857261590234,0.09472500850046
17.08,0.0959200000004901,0.0962808553294576,0.0854531591364456
17.082,0.0959200000004903,0.096276203482231,0.0767329067198442
17.084,0.0959200000004905,0.0962718663403367,0.0688291289764502
17.086,0.0959200000004907,0.0962677414859558,0.0614858112880201
17.088,0.0959200000004908,0.0962637775651898,0.0545681245377414
17.09,0.095920000000491,0.0962600522159316,0.0482843157939166
17.092,0.0959200000004912,0.0962564967364767,0.0424485489453826
17.094,0.0959200000004914,0.0962530255073407,0.0368349974162488
17.096,0.0959200000004916,0.0962497083305821,0.031617726906929
17.098,0.0959200000004918,0.0962464426601491,0.0265329501606558
17.1,0.0959200000004921,0.0962432793442873,0.0216960474843728
17.102,0.0959200000004923,0.0962401369328529,0.0169097694691703
17.104,0.0959200000004924,0.0962370501131229,0.0122437384166459
17.106,0.0959200000004926,0.0962339686994858,0.00758940094789361
17.108,0.0959200000004928,0.0962309112626751,0.00298284626377608
17.11,0.095920000000493,0.0962278610926553,-0.00160096141104147
17.112,0.0959200000004932,0.0962248186730267,-0.00615876074412342
17.114,0.0959200000004934,0.0962217968667803,-0.0106297195774746
17.116,0.0959200000004936,0.0962188003595616,-0.0149919826090681
17.118,0.0959200000004938,0.0962158323457729,-0.0192333492270864
17.12,0.095920000000494,0.0962129375569145,-0.0231696011293447
17.122,0.0959200000004942,0.0962100871574829,-0.0269259706786814
17.124,0.0959200000004944,0.0962073373503868,-0.0302747029291337
17.126,0.0959200000004946,0.0962046843555141,-0.0332398077119154
17.128,0.0959200000004947,0.096202138792006,-0.0357792056881335
17.13,0.0959200000004949,0.0961997852913399,-0.0375704674214306
17.132,0.0959200000004951,0.0961975389680537,-0.0389442445355218
17.134,0.0959200000004953,0.0961953997831351,-0.0399045250017474
17.136,0.0959200000004955,0.0961934911996466,-0.0399748076026042
17.138,0.0959200000004957,0.0961917452360707,-0.03942063195468
17.14,0.0959200000004959,0.0961901460138965,-0.0383029713239021
17.142,0.0959200000004961,0.096188761632019,-0.0363595796026948
17.144,0.0959200000004963,0.0961874550658817,-0.03411710583297
17.146,0.0959200000004965,0.0961863848810659,-0.0309602229416849
17.148,0.0959200000004967,0.0961853577333412,-0.0276352045178333
17.15,0.0959200000004969,0.0961844915636793,-0.0236781729327136
17.152,0.0959190000004971,0.0961836687662452,-0.0195407807521954
17.154,0.0959180000004973,0.0961829232659278,-0.0150819535272674
17.156,0.0959170000004975,0.0961821777656103,-0.0106231263023393
17.158,0.0959160000004976,0.096181435221849,-0.00612860592458007
17.16,0.0959150000004978,0.0961806964930435,-0.00158802932985344
17.162,0.095912000000498,0.096179921520744,0.00283088285028777
17.164,0.0959090000004982,0.0961790519213069,0.00693214476927081
17.166,0.0959060000004984,0.096178153250226,0.010931293930286
17.168,0.0959030000004986,0.0961770357386461,0.0141617763093131
17.17,0.0959000000004988,0.0961759182270662,0.017392258688346
17.172,0.095894000000499,0.0961744490922615,0.0193770767818262
17.174,0.0958880000004992,0.0961729643848436,0.0213067271650881
17.176,0.0958820000004994,0.0961710900284717,0.0218612167305295
17.178,0.0958760000004996,0.0961691169871229,0.0220674243049404
17.18,0.0958700000004998,0.096166803765591,0.02108340476534
17.182,0.0958620000005,0.0961642977265453,0.0194247526501341
17.184,0.0958540000005002,0.096161291238138,0.0160367709770726
17.186,0.0958460000005004,0.0961581233273127,0.0120968515657518
17.188,0.0958380000005006,0.0961544900676925,0.00657200880965817
17.19,0.0958300000005008,0.0961505705310796,9.0337123647242e-05
17.192,0.095821000000501,0.0961463464039347,-0.00740937317632758
17.194,0.0958120000005012,0.0961417346211466,-0.0161754085879459
17.196,0.0958030000005013,0.0961368359102718,-0.0258601522645986
17.198,0.0957940000005015,0.0961316790934283,-0.0363556877737085
17.2,0.0957850000005017,0.0961262051938688,-0.0478039155875723
17.202,0.0957760000005019,0.0961205335463945,-0.0597953673747059
17.204,0.0957670000005021,0.0961147165820581,-0.0721484975925514
17.206,0.0957580000005023,0.0961087801960291,-0.0847618227203094
17.208,0.0957490000005026,0.0961027493351859,-0.0974421879663957
17.21,0.0957400000005028,0.0960967273825851,-0.109830468860382
17.212,0.0957320000005029,0.0960907093559108,-0.122090026077785
17.214,0.0957240000005031,0.0960848709938122,-0.133235088753823
17.216,0.0957160000005033,0.0960790663731323,-0.144170846802902
17.218,0.0957080000005035,0.0960734551056987,-0.154122875205572
17.22,0.0957000000005037,0.0960681159660118,-0.162690390354564
17.222,0.0956930000005039,0.0960627768263248,-0.171257905503572
17.224,0.0956860000005041,0.0960579684112338,-0.177296843143171
17.226,0.0956790000005043,0.0960533389214439,-0.182502793510271
17.228,0.0956720000005045,0.0960490446547645,-0.186149371572013
17.23,0.0956650000005048,0.0960451111565587,-0.188114415032894
17.232,0.095659000000505,0.0960413577328001,-0.189238681207131
17.234,0.0956530000005052,0.0960380322601098,-0.188336135562663
17.236,0.0956470000005054,0.0960349669167809,-0.186158236185454
17.238,0.0956410000005056,0.0960321210990959,-0.182868268637193
17.24,0.0956350000005058,0.0960294702713126,-0.178552422358139
17.242,0.095630000000506,0.0960270125740938,-0.173135196292365
17.244,0.0956250000005062,0.0960246751705505,-0.166895835333346
17.246,0.0956200000005064,0.0960223958027827,-0.160074564185888
17.248,0.0956150000005066,0.0960201464429962,-0.152881023197548
17.25,0.0956100000005068,0.0960178720219158,-0.145344863626563
17.252,0.095606000000507,0.0960155848249589,-0.137664568208651
17.254,0.0956020000005072,0.0960131700414291,-0.129888192047108
17.256,0.0955980000005074,0.096010693659555,-0.12215820966709
17.258,0.0955940000005076,0.0960080921588336,-0.114522462554797
17.26,0.0955900000005078,0.0960053590845405,-0.107047703469419
17.262,0.0955870000005079,0.096002552519008,-0.0996628652509393
17.264,0.0955840000005081,0.095999583898442,-0.0924878525842892
17.266,0.0955810000005083,0.0959965329276591,-0.0853983758658441
17.268,0.0955780000005085,0.0959934162944578,-0.0783515783488565
17.27,0.0955750000005087,0.0959902503251111,-0.0713035926616409
17.272,0.0955730000005089,0.0959870651788637,-0.0641080691286912
17.274,0.0955710000005091,0.0959839190111323,-0.0566383714786126
17.276,0.0955690000005093,0.0959807899711801,-0.0490481973661614
17.278,0.0955670000005095,0.0959778369269156,-0.0406744476708492
17.28,0.0955650000005098,0.0959748902993978,-0.0322721290598274
17.282,0.09556400000051,0.0959721944308433,-0.0229203535794558
17.284,0.0955630000005101,0.0959695635823395,-0.013322390553603
17.286,0.0955620000005103,0.0959671512987502,-0.00296754738735303
17.288,0.0955610000005105,0.095964871068612,0.00784459074282293
17.29,0.0955600000005107,0.0959628833579783,0.0195946062623418
17.292,0.095560000000511,0.0959609800005178,0.0316014578525484
17.294,0.0955600000005112,0.0959593292516361,0.044348806963232
17.296,0.0955600000005114,0.0959577775058863,0.0573497546970378
17.298,0.0955600000005116,0.0959563661248748,0.0707025310002086
17.3,0.0955600000005119,0.0959550930488395,0.0843160446596797
17.302,0.0955610000005121,0.0959538903003084,0.0979681006590195
17.304,0.0955620000005122,0.0959527307462984,0.11155390553453
17.306,0.0955630000005124,0.0959515989055707,0.124995086129395
17.308,0.0955640000005126,0.0959504389178429,0.137913804655117
17.31,0.0955650000005128,0.0959492676494418,0.150623132344885
17.312,0.095567000000513,0.0959480567737874,0.162952532409249
17.314,0.0955690000005132,0.0959467800774739,0.174650556028128
17.316,0.0955710000005135,0.0959453862933584,0.185430706537392
17.318,0.0955730000005137,0.0959439163433913,0.195627300359874
17.32,0.0955750000005139,0.0959423605692171,0.205169488643397
17.322,0.0955780000005141,0.0959406626265322,0.213586899707466
17.324,0.0955810000005143,0.0959388945057813,0.221390712450415
17.326,0.0955840000005145,0.0959370565971758,0.22857704999698
17.328,0.0955870000005147,0.095935123257809,0.234683287001989
17.33,0.0955900000005149,0.095933166916733,0.240295606557327
17.332,0.0955940000005151,0.0959311911283713,0.245420033485305
17.334,0.0955980000005153,0.0959292463563841,0.249762663332079
17.336,0.0956020000005156,0.0959273295402247,0.253975419064922
17.338,0.0956060000005158,0.0959255172563399,0.257702550238423
17.34,0.095610000000516,0.0959238142599758,0.261311813430555
17.342,0.0956150000005162,0.0959222910772256,0.26472714535264
17.344,0.0956200000005164,0.0959207678944753,0.268142477274731
17.346,0.0956250000005166,0.0959196024411232,0.271525305914148
17.348,0.0956300000005168,0.0959184898516551,0.274914796493685
17.35,0.095635000000517,0.095917743975286,0.278433321104737
17.352,0.0956410000005172,0.0959170714676464,0.281981147214039
17.354,0.0956470000005174,0.095916688765643,0.285644713903902
17.356,0.0956530000005176,0.0959165358704144,0.28936513536659
17.358,0.0956590000005178,0.095916543342553,0.293099092881763
17.36,0.095665000000518,0.095916755570798,0.296817235065491
17.362,0.0956720000005182,0.0959171731994722,0.300405872663656
17.364,0.0956790000005184,0.0959177101164006,0.303851503432694
17.366,0.0956860000005186,0.095918378803635,0.307094810726911
17.368,0.0956930000005188,0.0959192138584836,0.309760377881191
17.37,0.0957000000005191,0.0959200668697264,0.312363588369849
17.372,0.0957080000005193,0.0959210330042346,0.314163239152632
17.374,0.0957160000005195,0.0959220302158249,0.3157421370166
17.376,0.0957240000005197,0.0959230766640374,0.316586779771709
17.378,0.0957320000005199,0.0959241488038597,0.317037280904576
17.38,0.0957400000005201,0.0959252609056144,0.316469968156734
17.382,0.0957490000005203,0.0959263908916956,0.315509394610023
17.384,0.0957580000005205,0.0959275495103621,0.313919215397459
17.386,0.0957670000005208,0.0959287639868098,0.311646033860384
17.388,0.095776000000521,0.0959300103577387,0.309060876874222
17.39,0.0957850000005212,0.0959313672169415,0.305807476268566
17.392,0.0957950000005214,0.0959328090348971,0.302312616655056
17.394,0.0958050000005216,0.0959343499521574,0.298536109548251
17.396,0.0958150000005218,0.0959360963424431,0.294529376627287
17.398,0.095825000000522,0.0959379602580904,0.290473638686259
17.4,0.0958350000005222,0.0959401557168636,0.28642391970383
17.402,0.0958460000005225,0.0959423511756368,0.282374200721395
17.404,0.0958570000005227,0.0959449906101972,0.278605644590542
17.406,0.0958680000005229,0.0959477605209552,0.274919716974229
17.408,0.0958790000005231,0.095950738774553,0.271443408643946
17.41,0.0958900000005233,0.0959540778163126,0.268330098902633
17.412,0.0959020000005235,0.0959577015716294,0.265555968603888
17.414,0.0959140000005237,0.0959615597537257,0.263061111077193
17.416,0.0959260000005239,0.0959657962726432,0.261028862411108
17.418,0.0959380000005241,0.0959701721615269,0.259167027454743
17.42,0.0959500000005244,0.0959749362283746,0.25775973946374
17.422,0.0959640000005246,0.0959799451326022,0.256611559066057
17.424,0.0959780000005248,0.0959851817630554,0.255681587640283
17.426,0.095992000000525,0.0959906348013105,0.254935712096316
17.428,0.0960060000005253,0.0959963384477014,0.254359396272677
17.43,0.0960200000005255,0.0960022562634251,0.253886738245361
17.432,0.0960350000005257,0.0960083605347358,0.25348087886074
17.434,0.0960500000005259,0.0960146463488101,0.253126349551446
17.436,0.0960650000005261,0.0960211109927684,0.252814874998799
17.438,0.0960800000005263,0.0960277538342238,0.25254498581559
17.44,0.0960950000005265,0.0960346086022452,0.252332696107763
17.442,0.0961100000005267,0.0960416886044563,0.252200037682965
17.444,0.096125000000527,0.0960489096044624,0.252125059680142
17.446,0.0961400000005272,0.0960563254961569,0.252133617977139
17.448,0.0961550000005274,0.0960640307488527,0.252274296344457
17.45,0.0961700000005277,0.0960717922225607,0.252440644805724
17.452,0.0961840000005279,0.0960798897793875,0.252725981158402
17.454,0.0961980000005281,0.0960880273150202,0.253025471729322
17.456,0.0962120000005283,0.0960964839895708,0.253321894879697
17.458,0.0962260000005285,0.0961049590231006,0.253616935050707
17.46,0.0962400000005287,0.0961136786118989,0.253723561848208
17.462,0.0962530000005289,0.0961224670844264,0.253648693611117
17.464,0.0962660000005292,0.0961313367074391,0.253360009857881
17.466,0.0962790000005294,0.0961402776022238,0.252494843102996
17.468,0.0962920000005296,0.0961492267072974,0.25125517441856
17.47,0.0963050000005299,0.0961581781067618,0.249459734503597
17.472,0.0963170000005301,0.0961670755404034,0.246769030996452
17.474,0.0963290000005303,0.0961759275329435,0.243535140317543
17.476,0.0963410000005304,0.0961846892368512,0.23937345359068
17.478,0.0963530000005307,0.0961933328376591,0.234214936403122
17.48,0.0963650000005308,0.0962018992453035,0.228426613165342
17.482,0.0963760000005311,0.0962103157729452,0.221475564823824
17.484,0.0963870000005313,0.0962186211213951,0.213673051524507
17.486,0.0963980000005315,0.0962268484291004,0.20526733103299
17.488,0.0964090000005317,0.096234937096209,0.19573666913946
17.49,0.096420000000532,0.0962429690171276,0.185659806560926
17.492,0.0964300000005322,0.0962509512619238,0.175104795016773
17.494,0.0964400000005324,0.0962588848750499,0.163783211886923
17.496,0.0964500000005326,0.0962668240312436,0.152229099853517
17.498,0.0964600000005328,0.0962747711739726,0.140391361033249
17.5,0.096470000000533,0.0962827640719006,0.128352818369484
17.502,0.0964790000005333,0.0962908886751226,0.116303340905873
17.504,0.0964880000005335,0.0962990132783447,0.104253863442241
17.506,0.0964970000005337,0.0963073289456768,0.092419939313636
17.508,0.096506000000534,0.0963157329465961,0.0807473941114336
17.51,0.0965150000005342,0.0963242771513655,0.0693432292601924
17.512,0.0965230000005344,0.0963330018936788,0.0583527683282725
17.514,0.0965310000005347,0.0963418220230026,0.047591129484122
17.516,0.0965390000005349,0.0963508334802478,0.0373163104318719
17.518,0.0965470000005352,0.0963599662375362,0.0273738820566948
17.52,0.0965550000005354,0.0963691859294494,0.0176696750215892
17.522,0.0965620000005356,0.0963785709372113,0.00845013259472465
17.524,0.0965690000005358,0.0963880021608307,-0.000621206429286212
17.526,0.096576000000536,0.0963975007994976,-0.00947569192686869
17.528,0.0965830000005362,0.0964070390954674,-0.0181665042729918
17.53,0.0965900000005365,0.0964165837533588,-0.0268092594019375
17.532,0.0965960000005367,0.0964261167160143,-0.0354201484833544
17.534,0.096602000000537,0.0964355930193969,-0.0441146009777459
17.536,0.0966080000005372,0.096445034846473,-0.0528599005389669
17.538,0.0966140000005375,0.0964543819589975,-0.0617676855289703
17.54,0.0966200000005377,0.096463659290688,-0.0707951814665036
17.542,0.0966250000005379,0.0964728294135844,-0.0799929767105716
17.544,0.0966300000005381,0.0964819044163907,-0.0893418685644941
17.546,0.0966350000005383,0.0964908940091144,-0.0987975011041025
17.548,0.0966400000005385,0.0964997894099609,-0.108368648127487
17.55,0.0966450000005387,0.0965085583061651,-0.118008643276257
17.552,0.0966490000005389,0.0965172700637597,-0.127609025101595
17.554,0.0966530000005392,0.0965259308843463,-0.137154167861736
17.556,0.0966570000005395,0.0965345333166888,-0.146487700247776
17.558,0.0966610000005397,0.0965431193718941,-0.155554919549407
17.56,0.09666500000054,0.0965517006163121,-0.164342112550439
17.562,0.0966680000005402,0.0965603005413202,-0.172541184871143
17.564,0.0966710000005404,0.0965689158583063,-0.18052475170527
17.566,0.0966740000005406,0.0965775911050001,-0.187669233351263
17.568,0.0966770000005408,0.0965862908251688,-0.194538012445015
17.57,0.096680000000541,0.0965950752361734,-0.200452718619191
17.572,0.0966820000005412,0.0966038865751696,-0.206053648838836
17.574,0.0966840000005415,0.0966127813337737,-0.210682539718457
17.576,0.0966860000005417,0.0966216962507483,-0.21499106124937
17.578,0.096688000000542,0.0966306674049427,-0.218405825934963
17.58,0.0966900000005422,0.096639643903147,-0.22155427405286
17.582,0.0966910000005424,0.0966486338936642,-0.224030338204146
17.584,0.0966920000005426,0.0966575934386541,-0.226019614953263
17.586,0.0966930000005428,0.0966665215680711,-0.227744307714566
17.588,0.0966940000005431,0.0966753752981512,-0.229103025056453
17.59,0.0966950000005433,0.0966841246178962,-0.230254766373012
17.592,0.0966950000005435,0.0966927895392534,-0.231291772334003
17.594,0.0966950000005438,0.0967012591467068,-0.232209072061336
17.596,0.096695000000544,0.0967096661860627,-0.233127555571931
17.598,0.0966950000005443,0.0967178202601552,-0.234050825164519
17.6,0.0966950000005445,0.0967258925511981,-0.235001584577962
17.602,0.0966940000005448,0.0967336946054944,-0.236043178947865
17.604,0.096693000000545,0.0967414098337891,-0.237119994647307
17.606,0.0966920000005453,0.0967488859122324,-0.23829382248111
17.608,0.0966910000005455,0.0967561637015965,-0.23952821447799
17.61,0.0966900000005458,0.0967633208014189,-0.240790569702945
17.612,0.096688000000546,0.0967702523563743,-0.242068294607515
17.614,0.0966860000005462,0.0967770463121313,-0.243302162682135
17.616,0.0966840000005464,0.0967837370221175,-0.244500935928302
17.618,0.0966820000005467,0.0967902249100583,-0.245520868626833
17.62,0.0966800000005469,0.096796624627963,-0.24638912683509
17.622,0.0966770000005471,0.0968029195433721,-0.247077098567044
17.624,0.0966740000005474,0.0968091172339477,-0.247503895857566
17.626,0.0966710000005476,0.0968152331058495,-0.247710904173517
17.628,0.0966680000005479,0.0968212504945845,-0.247567616027154
17.63,0.0966650000005481,0.0968272098309181,-0.247217840299781
17.632,0.0966610000005483,0.096833058979074,-0.246466283983305
17.634,0.0966570000005486,0.0968388642623759,-0.245554782677606
17.636,0.0966530000005488,0.0968445313734332,-0.244248136475241
17.638,0.096649000000549,0.0968501642389047,-0.242843554768895
17.64,0.0966450000005492,0.0968556120443321,-0.241117920284759
17.642,0.0966400000005495,0.0968610363912489,-0.239351588630988
17.644,0.0966350000005497,0.096866241518083,-0.23740386213756
17.646,0.09663000000055,0.0968713327466422,-0.235438637762176
17.648,0.0966250000005502,0.0968762947245974,-0.233458349052528
17.65,0.0966200000005505,0.0968810028590033,-0.231566673757956
17.652,0.0966140000005507,0.0968855372948059,-0.229796471933202
17.654,0.0966080000005509,0.0968898539066531,-0.228186974735811
17.656,0.0966020000005512,0.0968940554704626,-0.226690330491967
17.658,0.0965960000005514,0.0968978907445956,-0.225552987220591
17.66,0.0965900000005516,0.0969016955030107,-0.224450191946962
17.662,0.0965830000005519,0.0969050214582506,-0.223889467846707
17.664,0.0965760000005521,0.0969083474134905,-0.223328743746451
17.666,0.0965690000005524,0.0969112795402025,-0.223226055609208
17.668,0.0965620000005526,0.0969140593813204,-0.223293950993441
17.67,0.0965550000005529,0.0969165696127195,-0.223657627831016
17.672,0.0965470000005531,0.0969188516730473,-0.224239793063153
17.674,0.0965390000005533,0.0969210001096041,-0.224946959277169
17.676,0.0965310000005536,0.0969228418038648,-0.225883815082195
17.678,0.0965230000005538,0.0969245572082355,-0.22688148166031
17.68,0.0965150000005541,0.09692610644684,-0.227959159937671
17.682,0.0965060000005543,0.0969274012406482,-0.22907222369338
17.684,0.0964970000005546,0.0969286400213883,-0.230193077151358
17.686,0.0964880000005548,0.0969296715320855,-0.231281381446207
17.688,0.0964790000005551,0.0969305801930603,-0.232350393731464
17.69,0.0964700000005553,0.0969313594385826,-0.233374255515948
17.692,0.0964600000005555,0.0969319713752909,-0.234339746552639
17.694,0.0964500000005558,0.0969324402708248,-0.235258303436453
17.696,0.096440000000556,0.096932770529119,-0.236131371170527
17.698,0.0964300000005563,0.0969329571426752,-0.236978055511778
17.7,0.0964200000005565,0.0969329819933874,-0.237806953531386
17.702,0.0964100000005567,0.096932849815989,-0.238639561603753
17.704,0.096400000000557,0.0969325004467992,-0.239513321204527
17.706,0.0963900000005573,0.0969319880111406,-0.240436733908261
17.708,0.0963800000005575,0.0969312986735321,-0.241420144802571
17.71,0.0963700000005578,0.0969304245043199,-0.242470826295415
17.712,0.096360000000558,0.0969293493123395,-0.243583431153894
17.714,0.0963500000005582,0.0969281669355017,-0.244729053402275
17.716,0.0963400000005585,0.0969267025858824,-0.245902511565795
17.718,0.0963300000005587,0.0969251549398693,-0.247052435882251
17.72,0.0963200000005589,0.0969234232058606,-0.248142287374569
17.722,0.0963100000005592,0.0969215601646709,-0.249091072511297
17.724,0.0963000000005595,0.0969196120809478,-0.249948494478335
17.726,0.0962900000005597,0.0969175083131215,-0.250438232710276
17.728,0.09628000000056,0.0969153626123621,-0.250762253965729
17.73,0.0962700000005603,0.0969131257079631,-0.250663574152234
17.732,0.0962600000005605,0.0969108443393666,-0.25017452178139
17.734,0.0962500000005607,0.0969085282622804,-0.249380746902074
17.736,0.096240000000561,0.0969061686283164,-0.247893510602386
17.738,0.0962300000005612,0.0969037960354985,-0.246148252962165
17.74,0.0962200000005615,0.09690139505998,-0.243741777240061
17.742,0.0962100000005617,0.0968989741315064,-0.240923302528673
17.744,0.096200000000562,0.0968965345099122,-0.237718842547054
17.746,0.0961900000005622,0.0968940458286202,-0.233921605134205
17.748,0.0961800000005625,0.0968915331880341,-0.229919618370334
17.75,0.0961700000005627,0.0968889416146938,-0.225433924333526
17.752,0.096160000000563,0.0968862853286871,-0.220762062766125
17.754,0.0961500000005632,0.0968835563579349,-0.215881099327628
17.756,0.0961400000005635,0.0968806805784584,-0.210840195570757
17.758,0.0961300000005637,0.0968777405396926,-0.205755086257781
17.76,0.0961200000005639,0.0968745924141495,-0.200657605122682
17.762,0.0961100000005642,0.0968713280531672,-0.195624414818922
17.764,0.0961000000005644,0.0968679068682801,-0.190677965179403
17.766,0.0960900000005647,0.0968642618627171,-0.185935875350242
17.768,0.0960800000005649,0.09686052035338,-0.181285561427661
17.77,0.0960700000005651,0.0968564852345272,-0.176958614511962
17.772,0.0960600000005654,0.0968523329170227,-0.172767023432398
17.774,0.0960500000005657,0.0968479896787617,-0.168795931806304
17.776,0.0960400000005659,0.0968434460035471,-0.165041942006569
17.778,0.0960300000005662,0.0968388116000439,-0.161385330182727
17.78,0.0960200000005665,0.0968339287710194,-0.157945581369522
17.782,0.0960100000005667,0.0968289754153501,-0.154540249383538
17.784,0.0960000000005669,0.0968238820948234,-0.151203219899625
17.786,0.0959900000005671,0.096818680074453,-0.147851798742215
17.788,0.0959800000005674,0.0968134203647501,-0.144492739615794
17.79,0.0959700000005676,0.0968080379356041,-0.141004313115269
17.792,0.0959600000005679,0.096802624322071,-0.137450196766095
17.794,0.0959500000005682,0.0967971430860599,-0.13374435264571
17.796,0.0959400000005685,0.0967916154220469,-0.129885301627914
17.798,0.0959300000005688,0.0967860578211861,-0.125927462564202
17.8,0.0959200000005691,0.0967804342497283,-0.121744288347484
17.802,0.0959100000005693,0.0967747859970793,-0.117497039100378
17.804,0.0959000000005695,0.0967690777004183,-0.113107224853064
17.806,0.0958900000005697,0.0967633135593931,-0.108664131661981
17.808,0.0958800000005699,0.0967575060130481,-0.104179627137223
17.81,0.0958700000005702,0.0967515861696802,-0.0997196375762922
17.812,0.0958600000005705,0.0967456192612854,-0.0952957449247319
17.814,0.0958500000005707,0.096739524126481,-0.0910037016447905
17.816,0.095840000000571,0.0967333294023517,-0.0868665938962999
17.818,0.0958300000005713,0.0967270417703748,-0.082874027008687
17.82,0.0958200000005716,0.0967205703052465,-0.0792291699325425
17.822,0.0958100000005719,0.0967140259545526,-0.0757297588030144
17.824,0.0958000000005721,0.0967072796314864,-0.0726541060398141
17.826,0.0957900000005723,0.0967004172168161,-0.069835392615319
17.828,0.0957800000005726,0.0966934249599253,-0.0673040520331706
17.83,0.0957700000005728,0.0966862423528852,-0.0652022454377574
17.832,0.0957600000005731,0.0966789848896233,-0.0632688187901841
17.834,0.0957500000005734,0.0966715274395148,-0.0617822628738024
17.836,0.0957400000005736,0.0966639852495772,-0.0604771969257718
17.838,0.0957300000005739,0.0966563292215548,-0.0594159415990464
17.84,0.0957200000005742,0.0966485489399061,-0.0585980451777529
17.842,0.0957100000005744,0.0966407177461616,-0.0578772242282964
17.844,0.0957000000005747,0.0966327624103466,-0.057360418467903
17.846,0.0956900000005749,0.0966247692246394,-0.0568858957213342
17.848,0.0956800000005752,0.0966167146553788,-0.0564799460004428
17.85,0.0956700000005754,0.096608607636324,-0.0560815517623303
17.852,0.0956600000005756,0.0966004781015724,-0.0556864009489595
17.854,0.0956500000005759,0.0965923123075327,-0.0552412160368423
17.856,0.0956400000005761,0.0965841281093689,-0.0547706353208646
17.858,0.0956300000005763,0.0965759192700295,-0.0542238387809398
17.86,0.0956200000005766,0.0965676957708542,-0.0536316989707894
17.862,0.0956100000005769,0.0965594478176451,-0.0529753317850432
17.864,0.0956000000005771,0.0965511829167368,-0.0522744522601815
17.866,0.0955900000005774,0.0965428850096733,-0.0515503697194789
17.868,0.0955800000005777,0.0965345605651593,-0.0508076316014064
17.87,0.095570000000578,0.0965261900420017,-0.050097332227805
17.872,0.0955600000005782,0.0965177766401199,-0.0494172188984941
17.874,0.0955500000005785,0.0965093042867931,-0.0488236610826146
17.876,0.0955400000005787,0.0965007684907241,-0.0483232531313587
17.878,0.095530000000579,0.0964921650401347,-0.0479484354625614
17.88,0.0955200000005792,0.0964834773203297,-0.047730050719654
17.882,0.0955100000005795,0.0964747196932396,-0.0476534750618101
17.884,0.0955000000005798,0.0964658610449582,-0.0477818240078251
17.886,0.0954900000005801,0.0964569369864827,-0.0480444840618672
17.888,0.0954800000005804,0.0964479028120991,-0.0485332524444045
17.89,0.0954700000005806,0.0964388131416859,-0.04912986758849
17.892,0.0954600000005809,0.0964296139571449,-0.0499393041565681
17.894,0.0954500000005812,0.0964203723538531,-0.0508191207476248
17.896,0.0954400000005814,0.096411031766644,-0.0518631687280536
17.898,0.0954300000005816,0.0964016625408525,-0.0529378233973444
17.9,0.0954200000005819,0.0963922133310378,-0.0540979587677821
17.902,0.0954100000005822,0.0963827477983629,-0.0552542856943936
17.904,0.0954000000005824,0.0963732267825125,-0.0563976673065535
17.906,0.0953900000005827,0.0963636987309692,-0.0575137045244552
17.908,0.095380000000583,0.0963541408762167,-0.0585139108333652
17.91,0.0953700000005833,0.0963445815282613,-0.0594766339313563
17.912,0.0953600000005835,0.0963350140182674,-0.0602344689847947
17.914,0.0953500000005838,0.0963254471012428,-0.0609570701864966
17.916,0.095340000000584,0.096315884602878,-0.0614171175128322
17.918,0.0953300000005843,0.0963063225182274,-0.0618524087545927
17.92,0.0953200000005845,0.0962967650660601,-0.0620104985484761
17.922,0.0953100000005848,0.0962872072348389,-0.0621567631772385
17.924,0.095300000000585,0.096277641479546,-0.0620558242997719
17.926,0.0952900000005853,0.0962680754365471,-0.0619531780332737
17.928,0.0952800000005855,0.0962584788068508,-0.061669015191706
17.93,0.0952700000005858,0.0962488821771545,-0.0613848523501383
17.932,0.0952600000005861,0.0962392300687319,-0.0610092455415259
17.934,0.0952500000005863,0.0962295764199517,-0.0606310998062644
17.936,0.0952400000005866,0.0962198466517361,-0.0602433450881905
17.938,0.0952300000005869,0.0962101117353703,-0.0598549404902637
17.94,0.0952200000005872,0.0962002872473405,-0.0595147097020045
17.942,0.0952100000005874,0.0961904528421113,-0.0591798126237165
17.944,0.0952000000005877,0.0961805240781713,-0.0589214485344394
17.946,0.0951900000005879,0.096170580459592,-0.0586751328287959
17.948,0.0951800000005882,0.0961605463251447,-0.0585042309798492
17.95,0.0951700000005885,0.0961504933418888,-0.0583490331326667
17.952,0.0951600000005888,0.0961403612246836,-0.0582423763001545
17.954,0.095150000000589,0.0961302082387627,-0.0581485204038417
17.956,0.0951400000005893,0.0961199929917335,-0.0580576916063799
17.958,0.0951300000005896,0.0961097575391346,-0.0579678451919658
17.96,0.0951200000005898,0.0960994791919882,-0.0578272534509163
17.962,0.0951100000005901,0.0960891840518538,-0.0576667951832692
17.964,0.0951000000005904,0.0960788643165268,-0.0574058252372725
17.966,0.0950900000005906,0.0960685331298842,-0.0570980578959757
17.968,0.0950800000005909,0.0960581913281537,-0.0566551580863115
17.97,0.0950700000005912,0.0960478437091035,-0.0561382024829143
17.972,0.0950600000005914,0.0960374931515785,-0.05547338362573
17.974,0.0950500000005917,0.0960271407126035,-0.0547138907140813
17.976,0.095040000000592,0.0960167864940988,-0.053816336951774
17.978,0.0950300000005923,0.0960064309512111,-0.0528160338821883
17.98,0.0950200000005925,0.0959960696290911,-0.0517052200225077
17.982,0.0950100000005928,0.0959857033238285,-0.0504991182431229
17.984,0.0950000000005931,0.0959753242995703,-0.0492200256976217
17.986,0.0949900000005933,0.0959649325894184,-0.0478681323493537
17.988,0.0949800000005936,0.0959545205554225,-0.0464827238677963
17.99,0.0949700000005939,0.0959440850738929,-0.0450586491174356
17.992,0.0949600000005942,0.095933622817985,-0.0436360234599336
17.994,0.0949500000005944,0.0959231247772696,-0.0422153345611121
17.996,0.0949400000005947,0.0959125959031275,-0.0408221142960367
17.998,0.0949300000005949,0.0959020191357002,-0.0394715608135397
18,0.0949200000005952,0.0958914242713151,-0.0381427526188436
18.002,0.0949100000005955,0.0958807476367408,-0.0369255164646508
18.004,0.0949000000005957,0.0958700509493389,-0.0357388112753425
18.006,0.094890000000596,0.0958592845567321,-0.0346582341195906
18.008,0.0948800000005963,0.0958485144030277,-0.0335832424297035
18.01,0.0948700000005966,0.0958376566783109,-0.0326382991893037
18.012,0.0948600000005969,0.0958267989535941,-0.0316933559489057
18.014,0.0948500000005972,0.0958158770455829,-0.0308262959416883
18.016,0.0948400000005974,0.0958049445979893,-0.029972025192992
18.018,0.0948300000005977,0.095793976119317,-0.0291372003706813
18.02,0.094820000000598,0.0957829904281521,-0.0283116651082082
18.022,0.0948100000005982,0.0957719885635749,-0.0274711708664237
18.024,0.0948000000005985,0.0957609701653026,-0.0266153844156441
18.026,0.0947900000005988,0.0957499461014928,-0.0257380469151631
18.028,0.094780000000599,0.0957389095597347,-0.0248132447416878
18.03,0.0947700000005993,0.0957278714456995,-0.0238781984304093
18.032,0.0947600000005996,0.0957168228126192,-0.0228746155053404
18.034,0.0947500000005999,0.0957057741795389,-0.0218710325802715
18.036,0.0947400000006001,0.095694711946454,-0.0208104186339601
18.038,0.0947300000006004,0.0956836489644124,-0.0197466639710865
18.04,0.0947200000006007,0.0956725655572628,-0.0186706532526054
18.042,0.094710000000601,0.0956614758957775,-0.0175908896293642
18.044,0.0947000000006012,0.0956503797348476,-0.0165186864605478
18.046,0.0946900000006015,0.0956392442547863,-0.0154922211218792
18.048,0.0946800000006017,0.0956281087747251,-0.0144657557832089
18.05,0.0946700000006019,0.0956169398459315,-0.0135072878619386
18.052,0.0946600000006023,0.0956057398090729,-0.012612059051092
18.054,0.0946500000006026,0.0955945397722144,-0.0117168302402455
18.056,0.0946400000006028,0.0955832698123796,-0.010991553149718
18.058,0.0946300000006031,0.095571991597383,-0.0102863406939291
18.06,0.0946200000006034,0.0955606914473985,-0.00963800416993154
18.062,0.0946100000006037,0.0955493321966225,-0.00914291197916977
18.064,0.0946000000006039,0.0955379729458465,-0.00864781978840887
18.066,0.0945900000006042,0.0955265678149034,-0.00827177935366453
18.068,0.0945800000006044,0.095515137647557,-0.00796070441389262
18.07,0.0945700000006047,0.0955037062939952,-0.00765248513634
18.072,0.094560000000605,0.0954922250775637,-0.00746430435427134
18.074,0.0945500000006052,0.0954807438611321,-0.00727612357220235
18.076,0.0945400000006055,0.0954692512346852,-0.0071084570678049
18.078,0.0945300000006058,0.0954577414584983,-0.00697162439796025
18.08,0.0945200000006061,0.0954462316823113,-0.0068347917281156
18.082,0.0945100000006064,0.0954347138416481,-0.00669291158245656
18.084,0.0945000000006066,0.095423193670292,-0.00654957267921686
18.086,0.0944900000006069,0.0954116734471003,-0.00640056461619786
18.088,0.0944800000006071,0.0954001529348724,-0.00621994523183291
18.09,0.0944700000006074,0.0953886324226445,-0.00603932584746828
18.092,0.0944600000006077,0.0953771123459265,-0.00583863108151449
18.094,0.094450000000608,0.0953655926579897,-0.00562001495256905
18.096,0.0944400000006083,0.095354072970053,-0.005401398823624
18.098,0.0944300000006086,0.0953425476693839,-0.00517279782251767
18.1,0.0944200000006089,0.0953310217769399,-0.00494314407281736
18.102,0.0944100000006092,0.0953194904352192,-0.00472371084317906
18.104,0.0944000000006094,0.0953079451433436,-0.0045304421565225
18.106,0.0943900000006097,0.0952963998514679,-0.00433717346986561
18.108,0.09438000000061,0.095284831996938,-0.00420228336362232
18.11,0.0943700000006103,0.095273252372309,-0.00409784719518027
18.112,0.0943600000006106,0.0952616712562429,-0.00399756708412303
18.114,0.0943500000006108,0.09525004704828,-0.00401736739199938
18.116,0.0943400000006111,0.0952384228403171,-0.00403716769987569
18.118,0.0943300000006114,0.0952267802809983,-0.00410791535983969
18.12,0.0943200000006116,0.0952151112841138,-0.00425205944787219
18.122,0.0943100000006119,0.0952034422872292,-0.00439620353590444
18.124,0.0943000000006122,0.0951917465303898,-0.00460813191501567
18.126,0.0942900000006125,0.0951800434880559,-0.00483851481265647
18.128,0.0942800000006128,0.0951683377878704,-0.0050727802736674
18.13,0.0942700000006131,0.0951566183677376,-0.00532708769849824
18.132,0.0942600000006133,0.0951448989476048,-0.00558139512332952
18.134,0.0942500000006136,0.0951331806607743,-0.00581344013430346
18.136,0.0942400000006138,0.0951214633449578,-0.00602641069732904
18.138,0.0942300000006141,0.0951097460291413,-0.00623938126035461
18.14,0.0942200000006143,0.0950980436852027,-0.00636833926846946
18.142,0.0942100000006146,0.0950863427349951,-0.00648947655413403
18.144,0.0942000000006149,0.0950746485768781,-0.0065766647605705
18.146,0.0941900000006152,0.0950629709579819,-0.00658118455769338
18.148,0.0941800000006155,0.0950512933390858,-0.00658570435481625
18.15,0.0941700000006158,0.095039629964367,-0.00651689939201162
18.152,0.094160000000616,0.0950279736885211,-0.00641155155631755
18.154,0.0941500000006163,0.0950163178707547,-0.00630305713899284
18.156,0.0941400000006166,0.0950046720847572,-0.00612565374976012
18.158,0.0941300000006168,0.0949930262987598,-0.00594825036052708
18.16,0.0941200000006171,0.0949813767273807,-0.00576732222247745
18.162,0.0941100000006174,0.0949697219274075,-0.00558152549167561
18.164,0.0941000000006177,0.0949580671274343,-0.00539572876087345
18.166,0.094090000000618,0.0949464084798407,-0.00521753954007978
18.168,0.0940800000006183,0.0949347275054248,-0.00508349488264486
18.17,0.0940700000006185,0.0949230465310088,-0.00494945022520971
18.172,0.0940600000006189,0.0949113485344082,-0.00485660244481044
18.174,0.0940500000006191,0.0948996353659185,-0.00480047347915917
18.176,0.0940400000006194,0.0948879221974288,-0.0047443445135079
18.178,0.0940300000006197,0.0948761828160856,-0.00474952364375878
18.18,0.09402000000062,0.0948644408572599,-0.00476073113484219
18.182,0.0940100000006203,0.0948526939342613,-0.00478008370625043
18.184,0.0940000000006205,0.0948409349871482,-0.00481916511902753
18.186,0.0939900000006208,0.094829176040035,-0.00485824653180456
18.188,0.0939800000006211,0.0948174164161106,-0.00487991410150517
18.19,0.0939700000006213,0.0948056564647504,-0.00489315699472744
18.192,0.0939600000006216,0.0947938973445226,-0.00490200668952661
18.194,0.0939500000006219,0.094782152318394,-0.00483635781918386
18.196,0.0939400000006222,0.0947704072922654,-0.004770708948841
18.198,0.0939300000006225,0.0947586740798704,-0.00465349644269879
18.2,0.0939200000006228,0.094746956061262,-0.00446996731679931
18.202,0.0939100000006231,0.0947352380426536,-0.00428643819089982
18.204,0.0939000000006233,0.0947235459678423,-0.0039961094942207
18.206,0.0938900000006236,0.094711859620404,-0.0036822036406769
18.208,0.0938800000006239,0.0947001785983909,-0.00334655199213657
18.21,0.0938700000006241,0.0946885187589566,-0.00292440358484886
18.212,0.0938600000006244,0.0946768589195223,-0.0025022551775619
18.214,0.0938500000006247,0.0946652062049831,-0.00204851500117402
18.216,0.093840000000625,0.0946535585942686,-0.00157214447673697
18.218,0.0938300000006253,0.0946419109835541,-0.00109577395230076
18.22,0.0938200000006256,0.0946302547491991,-0.000642160565602251
18.222,0.0938100000006258,0.0946185981962657,-0.000189387883460626
18.224,0.0938000000006261,0.0946069416433322,0.000263384798680194
18.226,0.0937900000006264,0.0945952612186755,0.000634950827888731
18.228,0.0937800000006267,0.0945835751786665,0.000987414592975844
18.23,0.0937700000006269,0.0945718891386575,0.00133987835806233
18.232,0.0937600000006272,0.0945601781292501,0.0016027909966747
18.234,0.0937500000006275,0.0945484539539103,0.00181848487309843
18.236,0.0937400000006278,0.0945367297785704,0.00203417874952177
18.238,0.0937300000006281,0.0945249910251173,0.00219500135228327
18.24,0.0937200000006284,0.0945132376906112,0.00230094161655353
18.242,0.0937100000006287,0.0945014832930095,0.00240224880692968
18.244,0.0937000000006289,0.094489717427672,0.00245357848649699
18.246,0.0936900000006292,0.0944779515623344,0.00250490816606431
18.248,0.0936800000006295,0.0944661895860872,0.00255898531644092
18.25,0.0936700000006298,0.0944544295277267,0.0026144173691663
18.252,0.0936600000006301,0.0944426694693662,0.00266984942189168
18.254,0.0936500000006303,0.0944309291730693,0.00277742810638158
18.256,0.0936400000006306,0.0944191951249519,0.00290149401254275
18.258,0.0936300000006309,0.0944074610768346,0.00302555991870392
18.26,0.0936200000006312,0.0943957520813282,0.00321994287378966
18.262,0.0936110000006315,0.094384052617002,0.0034410634945956
18.264,0.0936020000006317,0.0943723722522294,0.00371573908093279
18.266,0.093593000000632,0.094360707479048,0.00403404476698504
18.268,0.0935840000006323,0.0943490543749118,0.00438500405486297
18.27,0.0935750000006326,0.0943374429273992,0.00485619693016504
18.272,0.0935670000006329,0.0943258344712382,0.00533602374868781
18.274,0.0935590000006331,0.0943142768226627,0.00596682100005921
18.276,0.0935510000006334,0.0943027565946873,0.00671062382210326
18.278,0.0935430000006337,0.0942912889522749,0.00761435849892789
18.28,0.093535000000634,0.0942799119550693,0.00879663240382858
18.282,0.0935280000006343,0.0942686166089275,0.0102302228400177
18.284,0.0935210000006346,0.0942574370198206,0.0120202562457244
18.286,0.0935140000006348,0.094246303921269,0.013952092445506
18.288,0.0935070000006351,0.0942354325206854,0.0166821446022849
18.29,0.0935000000006354,0.0942245611201018,0.0194121967590637
18.292,0.0934940000006357,0.0942138442647065,0.022602598369383
18.294,0.093488000000636,0.0942033751863154,0.0265310624819897
18.296,0.0934820000006363,0.0941929061079243,0.0304595265945965
18.298,0.0934760000006366,0.0941826667399541,0.0350470246811447
18.3,0.0934700000006369,0.0941725697136015,0.0400428976319099
18.302,0.0934650000006372,0.0941626554718098,0.045529880864755
18.304,0.0934600000006374,0.0941528657674684,0.0513514745381721
18.306,0.0934550000006377,0.0941432360507661,0.0575621468762481
18.308,0.093450000000638,0.0941337259881686,0.0640638095656882
18.31,0.0934450000006382,0.0941243461654102,0.0708284184658338
18.312,0.0934410000006385,0.0941150731321027,0.0778086286876541
18.314,0.0934370000006388,0.0941058975937264,0.0849160699941724
18.316,0.0934330000006391,0.0940968096241586,0.0921377887750546
18.318,0.0934290000006394,0.0940877925124267,0.0993458868664898
18.32,0.0934250000006398,0.0940788450866881,0.106540589526581
18.322,0.09342200000064,0.0940699032458461,0.113718132250999
18.324,0.0934190000006403,0.0940610542686006,0.120610345902343
18.326,0.0934160000006406,0.0940522052913551,0.127502559553675
18.328,0.0934130000006409,0.0940433925460365,0.134130059111536
18.33,0.0934100000006412,0.0940346030346765,0.140587809036012
18.332,0.0934080000006415,0.0940258509476478,0.146730842959848
18.334,0.0934060000006417,0.0940171135914008,0.152749999915021
18.336,0.093404000000642,0.0940084376537331,0.158427337485283
18.338,0.0934020000006423,0.0939997746696782,0.164032582929575
18.34,0.0934000000006426,0.0939912161242267,0.169324528835846
18.342,0.0933990000006429,0.0939826716534762,0.17458487456935
18.344,0.0933980000006432,0.0939742787714447,0.179630574954234
18.346,0.0933970000006435,0.0939659213948514,0.184660700076469
18.348,0.0933960000006437,0.0939577642193657,0.189603002459442
18.35,0.093395000000644,0.0939496070438801,0.194545304842423
18.352,0.0933950000006443,0.0939417529547974,0.199514596926057
18.354,0.0933950000006445,0.0939339614786654,0.204489464663305
18.356,0.0933950000006448,0.0939261700025334,0.209464332400561
18.358,0.093395000000645,0.0939187248980837,0.214535771325396
18.36,0.0933950000006453,0.0939113296630154,0.219621114231482
18.362,0.0933960000006456,0.0939041902949773,0.224766233649149
18.364,0.0933970000006459,0.0938971433223748,0.229932938797568
18.366,0.0933980000006462,0.0938902958509901,0.2350903423523
18.368,0.0933990000006465,0.093883584034796,0.240241421086175
18.37,0.0934000000006469,0.0938770109143359,0.245314423456066
18.372,0.0934020000006471,0.0938706033887511,0.250294207055856
18.374,0.0934040000006474,0.0938642793351033,0.25516108641434
18.376,0.0934060000006477,0.0938581356669821,0.259783976094856
18.378,0.0934080000006479,0.0938520362149998,0.264296328386607
18.38,0.0934100000006482,0.0938461424904034,0.268294375978924
18.382,0.0934130000006485,0.0938402487658069,0.272292423571249
18.384,0.0934160000006488,0.0938344718690614,0.275877615757577
18.386,0.0934190000006492,0.0938288234115524,0.27900891931452
18.388,0.0934220000006495,0.0938231749540434,0.282140222871463
18.39,0.0934250000006498,0.0938176862536846,0.28463721680274
18.392,0.0934290000006501,0.093812243734161,0.286950851502423
18.394,0.0934330000006503,0.0938069502152063,0.288740645718969
18.396,0.0934370000006506,0.0938016980342501,0.290385108160779
18.398,0.0934410000006509,0.0937966188333743,0.291564210849468
18.4,0.0934450000006512,0.0937915856468404,0.292619523430573
18.402,0.0934500000006515,0.0937867569188276,0.29329684132328
18.404,0.0934550000006518,0.0937819802840594,0.293877851321058
18.406,0.0934600000006521,0.0937774440288238,0.294186286521146
18.408,0.0934650000006524,0.093772966368622,0.294428278753695
18.41,0.0934700000006527,0.0937688633370753,0.294499043180428
18.412,0.093476000000653,0.0937648475665452,0.294529924079308
18.414,0.0934820000006532,0.093760831796015,0.294560804978188
18.416,0.0934880000006535,0.0937571368107648,0.294562696391377
18.418,0.0934940000006538,0.0937536627642424,0.294544621489113
18.42,0.093500000000654,0.0937503325866818,0.294552178348155
18.422,0.0935070000006543,0.0937473484782209,0.294621391039362
18.424,0.0935140000006546,0.09374436436976,0.294690603730568
18.426,0.0935210000006549,0.0937418750674957,0.294870050655824
18.428,0.0935280000006551,0.0937393881826347,0.295050036136585
18.43,0.0935350000006554,0.0937372382301519,0.295274536793794
18.432,0.0935430000006557,0.0937352350063302,0.295518423098271
18.434,0.093551000000656,0.093733413242499,0.295749912167978
18.436,0.0935590000006563,0.0937318658107611,0.295962659038076
18.438,0.0935670000006566,0.0937303605245986,0.296161277497238
18.44,0.0935750000006569,0.0937292361942524,0.296232188592775
18.442,0.0935840000006572,0.0937281118639063,0.296303099688311
18.444,0.0935930000006575,0.0937272846282596,0.296198657235214
18.446,0.0936020000006577,0.0937265311554289,0.29605067791809
18.448,0.093611000000658,0.0937260384933625,0.295699306132036
18.45,0.0936200000006583,0.0937256147095372,0.295294219862384
18.452,0.0936300000006586,0.093725444310977,0.294677488018464
18.454,0.0936400000006589,0.0937253449390489,0.294001429629537
18.456,0.0936500000006592,0.093725499931038,0.29313514518368
18.458,0.0936600000006595,0.0937257304564983,0.292212373031047
18.46,0.0936700000006599,0.0937262245313234,0.291149584767355
18.462,0.0936810000006601,0.0937268013680861,0.290042827493691
18.464,0.0936920000006604,0.0937276576950137,0.288869757855265
18.466,0.0937030000006607,0.0937286066901957,0.287674701571656
18.468,0.0937140000006609,0.0937299109626794,0.286520780384671
18.47,0.0937250000006612,0.0937313394292956,0.285381238775581
18.472,0.0937370000006615,0.0937327927387553,0.284251564144897
18.474,0.0937490000006618,0.0937348184240336,0.283349223386738
18.476,0.0937610000006621,0.0937368441093119,0.282446882628579
18.478,0.0937730000006625,0.0937390877500354,0.281675736928158
18.48,0.0937850000006628,0.0937417503257026,0.281156762923091
18.482,0.093798000000663,0.0937444129013697,0.280637788918025
18.484,0.0938110000006633,0.0937474451076653,0.28037077462904
18.486,0.0938240000006636,0.0937506826807923,0.280243749195271
18.488,0.0938370000006639,0.0937542111339097,0.280312246915214
18.49,0.0938500000006641,0.0937579430959564,0.280517538876506
18.492,0.0938640000006645,0.0937619324416237,0.280877542279344
18.494,0.0938780000006647,0.0937661464978036,0.281372617553566
18.496,0.093892000000665,0.0937705831430531,0.281976145309393
18.498,0.0939060000006653,0.0937752614965663,0.282697441026844
18.5,0.0939200000006656,0.093780055774666,0.283465437694937
18.502,0.0939350000006659,0.0937852735247892,0.284358464937077
18.504,0.0939500000006662,0.0937904912749124,0.285251492179217
18.506,0.0939650000006665,0.0937960860344415,0.286190214652828
18.508,0.0939800000006668,0.0938017344914473,0.287135445501539
18.51,0.0939950000006671,0.0938076913845013,0.28806326944804
18.512,0.0940110000006673,0.0938137507311678,0.288985311320681
18.514,0.0940270000006676,0.0938200593558846,0.289860579103732
18.516,0.0940430000006679,0.0938265169221979,0.290707899750793
18.518,0.0940590000006682,0.0938331728745415,0.291509213251372
18.52,0.0940750000006685,0.0938400261773568,0.292264759758932
18.522,0.0940920000006688,0.0938470317431504,0.292993416150652
18.524,0.0941090000006691,0.0938542893174199,0.29367756706121
18.526,0.0941260000006694,0.0938616531698837,0.294356560000063
18.528,0.0941430000006697,0.0938693325456356,0.295020239730025
18.53,0.09416000000067,0.0938770683929205,0.295689646835952
18.532,0.0941780000006703,0.0938851914144486,0.296398321380395
18.534,0.0941960000006705,0.0938933156506043,0.297107272456879
18.536,0.0942140000006709,0.093901902839487,0.297921623136437
18.538,0.0942320000006711,0.0939104900283698,0.298735973815993
18.54,0.0942500000006714,0.0939194250197322,0.299655839958123
18.542,0.0942700000006717,0.0939285632971648,0.300646014519126
18.544,0.094290000000672,0.0939378964089406,0.30170758854852
18.546,0.0943100000006723,0.0939475307520323,0.302892791351259
18.548,0.0943300000006726,0.0939574372227768,0.304215161163832
18.55,0.0943500000006728,0.0939674670008103,0.305599684498682
18.552,0.0943710000006732,0.0939778389004062,0.307190849319817
18.554,0.0943920000006734,0.0939884652419083,0.308960415715303
18.556,0.0944130000006738,0.0939993431646699,0.310922596533532
18.558,0.0944340000006741,0.0940104847088057,0.313101071275341
18.56,0.0944550000006744,0.094022100486219,0.315696833069614
18.562,0.0944760000006747,0.0940337232583657,0.318298749665421
18.564,0.0944970000006749,0.0940459251441211,0.321396507355645
18.566,0.0945180000006752,0.0940581353358257,0.324501376657198
18.568,0.0945390000006755,0.094070899430583,0.327990192326388
18.57,0.0945600000006757,0.0940836712444257,0.331484358597604
18.572,0.094580000000676,0.0940968843624742,0.335139986060418
18.574,0.0946000000006764,0.0941102546854669,0.338753980693042
18.576,0.0946200000006766,0.0941237956366567,0.342318539019554
18.578,0.0946400000006769,0.0941375725679007,0.345541494754655
18.58,0.0946600000006772,0.0941514311403939,0.348457785585025
18.582,0.0946790000006775,0.094165380183017,0.350999608972836
18.584,0.0946980000006778,0.0941793898248923,0.352629533855846
18.586,0.0947170000006781,0.094193393000256,0.35364976666925
18.588,0.0947360000006783,0.0942073787232427,0.353884224743163
18.59,0.0947550000006786,0.0942212237939877,0.352343304276345
18.592,0.0947730000006789,0.0942350507634948,0.350573901497609
18.594,0.0947910000006792,0.09424870919739,0.347206149344213
18.596,0.0948090000006795,0.094262235676987,0.342679852284019
18.598,0.0948270000006798,0.0942755958978896,0.33680415656099
18.6,0.0948450000006802,0.094288749291993,0.329304592295602
18.602,0.0948620000006805,0.0943017741276831,0.320774118388922
18.604,0.0948790000006808,0.094314670118809,0.311202370701656
18.606,0.0948960000006811,0.0943273908189952,0.300048447559416
18.608,0.0949130000006814,0.0943400473378564,0.288136897899705
18.61,0.0949300000006817,0.0943526500351423,0.275509689599974
18.612,0.094946000000682,0.0943652252880058,0.261993638786765
18.614,0.0949620000006823,0.0943778395576332,0.248033999584203
18.616,0.0949780000006825,0.0943905168588381,0.233798108111865
18.618,0.0949940000006828,0.0944033304706365,0.2193505872441
18.62,0.0950100000006831,0.0944162499133301,0.204945801255074
18.622,0.0950250000006834,0.0944293543765758,0.190615727200106
18.624,0.0950400000006837,0.0944427128464568,0.176624235984173
18.626,0.095055000000684,0.0944562014376175,0.162820434505817
18.628,0.0950700000006843,0.0944700446570974,0.149636886013369
18.63,0.0950850000006846,0.0944840643933572,0.136800561036504
18.632,0.0950990000006849,0.0944982997739942,0.124388426886587
18.634,0.0951130000006851,0.094512828794431,0.112581773369793
18.636,0.0951270000006854,0.0945274783923762,0.101023178545632
18.638,0.0951410000006856,0.0945423775813304,0.0899765347257302
18.64,0.0951550000006859,0.094557395871196,0.079155837911661
18.642,0.0951680000006862,0.0945725171142367,0.0685304541427344
18.644,0.0951810000006865,0.0945877551885428,0.0580675067110945
18.646,0.0951940000006868,0.0946030158594122,0.047605378381565
18.648,0.0952070000006871,0.0946183031836245,0.0370934578142775
18.65,0.0952200000006874,0.0946335606762928,0.0264067904874197
18.652,0.0952320000006877,0.0946487948420549,0.0155941524386919
18.654,0.095244000000688,0.0946639208334016,0.00436800057050602
18.656,0.0952560000006882,0.0946789730149336,-0.00710016458428934
18.658,0.0952680000006885,0.0946939419218802,-0.0188413768421866
18.66,0.0952800000006888,0.0947087539168778,-0.0310385342426028
18.662,0.0952910000006891,0.0947234939285901,-0.0434219503732175
18.664,0.0953020000006894,0.0947381192153553,-0.0560894067397267
18.666,0.0953130000006897,0.0947526433680847,-0.068934726025966
18.668,0.09532400000069,0.0947671179225017,-0.0818424710714492
18.67,0.0953350000006903,0.0947815202679733,-0.0947511532216579
18.672,0.0953450000006907,0.0947959079324747,-0.107497833317026
18.674,0.095355000000691,0.0948102857774994,-0.120124462103124
18.676,0.0953650000006913,0.0948247030320359,-0.132195822366335
18.678,0.0953750000006916,0.0948391874406541,-0.143744251446781
18.68,0.0953850000006919,0.0948537589635673,-0.154614318463873
18.682,0.0953940000006922,0.0948683304864804,-0.165484385480964
18.684,0.0954030000006924,0.0948830982535461,-0.175007342826652
18.686,0.0954120000006927,0.0948979106407616,-0.184224007044645
18.688,0.095421000000693,0.0949129365207546,-0.192033728794595
18.69,0.0954300000006932,0.0949280029764012,-0.199576052223673
18.692,0.0954380000006936,0.0949432608770445,-0.205817672445178
18.694,0.0954460000006939,0.094958619901032,-0.21132551020267
18.696,0.0954540000006942,0.0949740724902093,-0.216136348826198
18.698,0.0954620000006945,0.0949896532783669,-0.219818549255266
18.7,0.0954700000006948,0.0950052780974102,-0.222945148396128
18.702,0.0954770000006951,0.095020938564605,-0.225542706866594
18.704,0.0954840000006953,0.0950366128479208,-0.227460208718558
18.706,0.0954910000006956,0.0950522352115285,-0.228938294561048
18.708,0.0954980000006958,0.0950678356218547,-0.230230581528415
18.71,0.0955050000006961,0.0950832889327331,-0.231224348680762
18.712,0.0955110000006964,0.0950987011722134,-0.232134766600048
18.714,0.0955170000006967,0.0951138633187922,-0.233002161442241
18.716,0.0955230000006971,0.0951289849698256,-0.233862589901283
18.718,0.0955290000006974,0.0951438120746317,-0.234860294515678
18.72,0.0955350000006977,0.0951584727968406,-0.235973772349122
18.722,0.095540000000698,0.0951729678006235,-0.237207853893752
18.724,0.0955450000006982,0.0951871743082275,-0.238658870551367
18.726,0.0955500000006985,0.0952012035342727,-0.240223416033801
18.728,0.0955550000006987,0.0952150736244199,-0.241878852600774
18.73,0.095560000000699,0.0952287163750902,-0.243621690300573
18.732,0.0955640000006993,0.0952421893658903,-0.245355521939032
18.734,0.0955680000006996,0.0952555338752921,-0.247030647756268
18.736,0.0955720000006999,0.0952687139453138,-0.248556067347486
18.738,0.0955760000007002,0.095281831351396,-0.249933177616215
18.74,0.0955800000007005,0.0952948174552004,-0.25099952938458
18.742,0.0955830000007008,0.0953077556765514,-0.251805590616675
18.744,0.0955860000007011,0.0953206148034872,-0.252181692099259
18.746,0.0955890000007013,0.0953334402398009,-0.25218902477987
18.748,0.0955920000007016,0.0953462212209941,-0.251709763254194
18.75,0.0955950000007019,0.0953589774867928,-0.250827435906583
18.752,0.0955970000007022,0.0953717075247029,-0.24951737654482
18.754,0.0955990000007025,0.095384390923839,-0.247542550033573
18.756,0.0956010000007028,0.0953970427268489,-0.245284394790882
18.758,0.0956030000007031,0.0954096478980912,-0.242638535883175
18.76,0.0956050000007034,0.0954221585818806,-0.239603491504333
18.762,0.0956060000007037,0.0954346043577398,-0.236407357209482
18.764,0.095607000000704,0.0954469283681749,-0.233001047807942
18.766,0.0956080000007043,0.0954590938378838,-0.22953656709911
18.768,0.0956090000007047,0.0954711397111594,-0.226079574686841
18.77,0.095610000000705,0.0954828893484397,-0.22278707744692
18.772,0.0956100000007052,0.09549463898572,-0.219494580206998
18.774,0.0956100000007055,0.0955060176223564,-0.216571590400281
18.776,0.0956100000007058,0.0955172100734616,-0.213885465502065
18.778,0.095610000000706,0.0955281858326017,-0.211487901445205
18.78,0.0956100000007063,0.0955388029952948,-0.209622814629511
18.782,0.0956090000007066,0.0955492194189481,-0.208069443571988
18.784,0.0956080000007069,0.0955593938618767,-0.206895358130325
18.786,0.0956070000007072,0.0955691995454764,-0.206307568406837
18.788,0.0956060000007075,0.0955788064016046,-0.206030194230824
18.79,0.0956050000007078,0.0955881728299608,-0.206126434258254
18.792,0.0956030000007081,0.0955972017719914,-0.206713356156692
18.794,0.0956010000007084,0.0956060392656812,-0.207546853915344
18.796,0.0955990000007086,0.0956146394890945,-0.208675439036614
18.798,0.0955970000007089,0.0956230612203492,-0.209966982759256
18.8,0.0955950000007092,0.0956312823691942,-0.211441652895948
18.802,0.0955920000007095,0.0956393302228934,-0.212980871675392
18.804,0.0955890000007098,0.095647237777532,-0.214572348779235
18.806,0.0955860000007101,0.0956549828153797,-0.216108802160792
18.808,0.0955830000007104,0.095662634178294,-0.21761353978247
18.81,0.0955800000007107,0.0956701300448359,-0.218954437576727
18.812,0.095576000000711,0.0956775642652025,-0.220230381452337
18.814,0.0955720000007113,0.095684853992008,-0.221298034888934
18.816,0.0955680000007116,0.0956920629968163,-0.222252446186782
18.818,0.0955640000007118,0.0956991516384468,-0.223041865476604
18.82,0.0955600000007121,0.0957061070097829,-0.223700722935344
18.822,0.0955550000007124,0.0957129724594616,-0.224292468192542
18.824,0.0955500000007127,0.0957196760386727,-0.224805094134773
18.826,0.0955450000007129,0.0957262206674561,-0.225314095714295
18.828,0.0955400000007132,0.0957326513433431,-0.225835572169092
18.83,0.0955350000007135,0.0957388609216645,-0.226437697811395
18.832,0.0955280000007138,0.0957448743061848,-0.227174054103432
18.834,0.0955210000007141,0.0957507270768457,-0.228038529926647
18.836,0.0955140000007144,0.0957563311460675,-0.229137498741974
18.838,0.0955070000007147,0.0957616676795759,-0.230546666194085
18.84,0.095500000000715,0.0957668042334211,-0.232208315628074
18.842,0.0954900000007153,0.095771664826565,-0.23423990541221
18.844,0.0954800000007156,0.0957761720830591,-0.236797806229115
18.846,0.0954700000007159,0.0957804172886116,-0.239770671708124
18.848,0.0954600000007162,0.0957843321148214,-0.243278826108073
18.85,0.0954500000007164,0.0957878848946818,-0.247410227807094
18.852,0.0954360000007167,0.0957911797145755,-0.251985696550899
18.854,0.095422000000717,0.0957939294194319,-0.257546942180589
18.856,0.0954080000007173,0.0957965280493627,-0.263382681093741
18.858,0.0953940000007176,0.0957984065984097,-0.270570269248661
18.86,0.0953800000007179,0.0958000873605107,-0.278139507197816
18.862,0.0953630000007182,0.0958011620885644,-0.286878148761697
18.864,0.0953460000007184,0.0958018921507798,-0.296291677017556
18.866,0.0953290000007188,0.0958021057732907,-0.306717047738798
18.868,0.095312000000719,0.0958017897293716,-0.318182173851051
18.87,0.0952950000007193,0.0958007667304609,-0.331010928253352
18.872,0.0952760000007196,0.0957994923252937,-0.344313144583338
18.874,0.0952570000007199,0.0957976162945416,-0.358737689937198
18.876,0.0952380000007201,0.0957951105568862,-0.374258382137101
18.878,0.0952190000007204,0.0957921510482183,-0.390494361259212
18.88,0.0952000000007207,0.0957887596106687,-0.407346283015228
18.882,0.095180000000721,0.0957849606931913,-0.42470567103015
18.884,0.0951600000007213,0.0957807065847943,-0.442474936809205
18.886,0.0951400000007217,0.0957760993623199,-0.460346864423605
18.888,0.095120000000722,0.0957712324121031,-0.478112301140622
18.89,0.0951000000007223,0.0957661403181067,-0.495575081493942
18.892,0.0950800000007226,0.0957608509880617,-0.512488356318838
18.894,0.0950600000007228,0.0957554531597634,-0.528541443459517
18.896,0.0950400000007231,0.0957499932281547,-0.544079027963105
18.898,0.0950200000007233,0.0957444952418293,-0.557767017242129
18.9,0.0950000000007236,0.095739024792843,-0.570546728859688
18.902,0.0949800000007239,0.0957335971704725,-0.58191386905138
18.904,0.0949600000007242,0.095728283141447,-0.591248732737105
18.906,0.0949400000007245,0.0957230304786325,-0.599560615286387
18.908,0.0949200000007248,0.0957179378109672,-0.605453161762896
18.91,0.0949000000007251,0.0957129323920671,-0.610021314291807
18.912,0.0948800000007254,0.095708039818879,-0.612797255324765
18.914,0.0948600000007256,0.0957032378692613,-0.61396968032076
18.916,0.0948400000007259,0.0956985164760447,-0.613150231837566
18.918,0.0948200000007262,0.0956938157365064,-0.610933923839693
18.92,0.0948000000007264,0.0956891022750177,-0.607461168157916
18.922,0.0947800000007267,0.0956843424181493,-0.602849918305647
18.924,0.094760000000727,0.0956795009771582,-0.597224529637816
18.926,0.0947400000007273,0.0956744769249256,-0.590504189790157
18.928,0.0947200000007275,0.0956692347241375,-0.583109677720251
18.93,0.0947000000007278,0.0956638386470433,-0.575354649315564
18.932,0.0946800000007281,0.0956581130002505,-0.567056083140942
18.934,0.0946600000007284,0.0956520745814595,-0.558516109939372
18.936,0.0946400000007287,0.0956458134780584,-0.549827791620287
18.938,0.094620000000729,0.0956390644447305,-0.540995675891829
18.94,0.0946000000007293,0.0956320132949938,-0.532143520101868
18.942,0.0945800000007296,0.0956247050047538,-0.523274307603482
18.944,0.0945600000007299,0.0956168515308473,-0.514390717602112
18.946,0.0945400000007301,0.095608766307943,-0.505470290919835
18.948,0.0945200000007304,0.0956003906471758,-0.496502627849605
18.95,0.0945000000007307,0.0955916099709426,-0.487332205837907
18.952,0.094480000000731,0.0955826490011143,-0.47799356684226
18.954,0.0944600000007313,0.0955734328509668,-0.468371642902944
18.956,0.0944400000007316,0.0955639805764547,-0.458247337110343
18.958,0.094420000000732,0.0955544058635533,-0.447752819967124
18.96,0.0944000000007323,0.0955446419985968,-0.436490037337861
18.962,0.0943800000007325,0.0955348377275572,-0.424941026680044
18.964,0.0943600000007328,0.0955248856863374,-0.412345243754279
18.966,0.094340000000733,0.0955149111806169,-0.399505301612716
18.968,0.0943200000007332,0.095504846104971,-0.385680984956901
18.97,0.0943000000007335,0.0954947187918946,-0.371128978457741
18.972,0.0942800000007338,0.0954845407643151,-0.356083079481222
18.974,0.0942600000007341,0.0954742870768946,-0.340416938907603
18.976,0.0942400000007345,0.095463915647574,-0.324233611648694
18.978,0.0942200000007348,0.0954534455836352,-0.307802886558052
18.98,0.0942000000007351,0.0954428417031191,-0.291135029937761
18.982,0.0941800000007354,0.0954319940816269,-0.274426974105779
18.984,0.0941600000007356,0.0954209663395578,-0.257834706813586
18.986,0.0941400000007359,0.0954097345262141,-0.241409497655481
18.988,0.0941200000007362,0.0953980953847069,-0.225570123824818
18.99,0.0941000000007365,0.0953861558824909,-0.210288115420341
18.992,0.0940800000007367,0.0953739274945939,-0.195549968910792
18.994,0.0940600000007371,0.0953612811870067,-0.181713935143524
18.996,0.0940400000007374,0.0953483446733996,-0.16850433404894
18.998,0.0940200000007377,0.095334961458783,-0.156338933336654
19,0.094000000000738,0.0953212974516249,-0.144836163660281
19.002,0.0939800000007382,0.0953071187476528,-0.134592966857665
19.004,0.0939600000007385,0.0952925880558556,-0.125224397572799
19.006,0.0939400000007387,0.0952777269883618,-0.116677695584857
19.008,0.093920000000739,0.0952625610184544,-0.108885786242008
19.01,0.0939000000007392,0.095247118557899,-0.101770453957414
19.012,0.0938800000007395,0.0952314253471246,-0.0952557830969055
19.014,0.0938600000007398,0.0952154951353532,-0.0892897224524052
19.016,0.0938400000007401,0.0951993896603201,-0.0837024343252055
19.018,0.0938200000007403,0.0951831622793446,-0.0783661613498081
19.02,0.0938000000007405,0.0951667737076822,-0.0733319287045872
19.022,0.0937800000007409,0.0951503252158817,-0.0683859776741505
19.024,0.0937600000007411,0.0951337781945509,-0.0635851922973835
19.026,0.0937400000007415,0.0951171710106831,-0.058844933129656
19.028,0.0937200000007418,0.0951005135124923,-0.0541552924260164
19.03,0.0937000000007421,0.0950837890047609,-0.049531938776954
19.032,0.0936800000007423,0.0950670372567157,-0.0449355317410934
19.034,0.0936600000007426,0.0950502037110994,-0.0404630901998095
19.036,0.0936400000007428,0.095033312374693,-0.0361081452787463
19.038,0.0936200000007431,0.0950163602196609,-0.0318846156224497
19.04,0.0936000000007434,0.0949992688532189,-0.028020267080831
19.042,0.0935800000007437,0.0949820775488058,-0.0244397000154523
19.044,0.093560000000744,0.0949647817339404,-0.0211598617366813
19.046,0.0935400000007443,0.0949472852011017,-0.0184829610668173
19.048,0.0935200000007447,0.0949296181821463,-0.0163343333306773
19.05,0.093500000000745,0.0949117924514805,-0.014681309956824
19.052,0.0934800000007452,0.0948937076190386,-0.0138456449710619
19.054,0.0934600000007454,0.0948754564844539,-0.0135381781147315
19.056,0.0934400000007457,0.0948569885505593,-0.0139192952297158
19.058,0.0934200000007459,0.094838266810005,-0.0151048300998673
19.06,0.0934000000007462,0.0948194142231621,-0.0167050707070146
19.062,0.0933800000007464,0.0948002785313526,-0.0191934486504709
19.064,0.0933600000007468,0.0947809678923471,-0.022221423025846
19.066,0.0933400000007471,0.0947614985863336,-0.0257314118703031
19.068,0.0933200000007474,0.0947418672114967,-0.0297226852473442
19.07,0.0933000000007477,0.0947220753893286,-0.0341636132069496
19.072,0.093280000000748,0.0947021897743871,-0.0388440658898051
19.074,0.0932600000007483,0.0946822232726896,-0.0437075465978573
19.076,0.0932400000007485,0.0946621849616504,-0.0486978407639288
19.078,0.0932200000007488,0.0946421213540007,-0.0536697233157818
19.08,0.0932000000007491,0.094622032001944,-0.0586228683338757
19.082,0.0931800000007494,0.094601949569901,-0.0633790069576799
19.084,0.0931600000007497,0.0945818698314594,-0.0680584612367063
19.086,0.09314000000075,0.0945618398563094,-0.0723130556541554
19.088,0.0931200000007502,0.094541825127379,-0.0764502969277643
19.09,0.0931000000007505,0.094521871194289,-0.0801318451788413
19.092,0.0930800000007508,0.0945019440975552,-0.0835942004620341
19.094,0.0930600000007511,0.0944820585520793,-0.0867171749645843
19.096,0.0930400000007513,0.0944621978761457,-0.0895393098592414
19.098,0.0930200000007516,0.094442352662973,-0.0921743962386228
19.1,0.0930000000007519,0.0944225080050981,-0.0945287583872161
19.102,0.0929800000007521,0.0944026470634371,-0.0967495050021981
19.104,0.0929600000007524,0.0943827622917544,-0.0988656555045079
19.106,0.0929400000007526,0.0943628103671284,-0.100905876047203
19.108,0.0929200000007529,0.0943427801007145,-0.10296120409769
19.11,0.0929000000007532,0.0943227075595137,-0.10502468445986
19.112,0.0928800000007535,0.0943025006112218,-0.107180748194902
19.114,0.0928600000007538,0.0942822590965068,-0.109360622251304
19.116,0.0928400000007541,0.0942618409267919,-0.111692257323944
19.118,0.0928200000007544,0.0942413954546498,-0.114045544134521
19.12,0.0928000000007547,0.0942207795511205,-0.116526387143349
19.122,0.0927800000007549,0.0942001285680244,-0.11902241205323
19.124,0.0927600000007552,0.0941793622366813,-0.121568357923614
19.126,0.0927400000007554,0.0941585035300624,-0.124095281909563
19.128,0.0927200000007557,0.0941375882873779,-0.12656881336392
19.13,0.0927000000007559,0.0941166218722735,-0.128968684212966
19.132,0.0926800000007562,0.0940955990947513,-0.131180017254917
19.134,0.0926600000007565,0.0940745525193479,-0.133184252523307
19.136,0.0926400000007568,0.0940534928694422,-0.134952558332495
19.138,0.0926200000007571,0.0940324278939701,-0.136392641613816
19.14,0.0926000000007574,0.0940113724751205,-0.137540102854722
19.142,0.0925810000007577,0.0939903285939981,-0.138334280989619
19.144,0.092562000000758,0.0939693118552065,-0.138687055862392
19.146,0.0925430000007582,0.0939483129301742,-0.138750133750126
19.148,0.0925240000007585,0.0939273588732729,-0.138224990716455
19.15,0.0925050000007588,0.0939064194185861,-0.13750841273944
19.152,0.0924880000007591,0.0938855445353682,-0.136055549765051
19.154,0.0924710000007593,0.0938646814234834,-0.134477375207702
19.156,0.0924540000007596,0.0938439028980625,-0.132085267854946
19.158,0.0924370000007599,0.0938231496539346,-0.129496420183436
19.16,0.0924200000007601,0.0938024935010225,-0.126152003690159
19.162,0.0924060000007604,0.0937818905502229,-0.122463898933021
19.164,0.0923920000007607,0.0937613832964043,-0.118157586969255
19.166,0.092378000000761,0.0937410370104377,-0.112965586196459
19.168,0.0923640000007613,0.0937208240084617,-0.107115251535921
19.17,0.0923500000007615,0.093700752875971,-0.100575970424854
19.172,0.0923400000007618,0.0936809798384672,-0.0927393162980975
19.174,0.0923300000007621,0.0936613317031288,-0.0843590612852657
19.176,0.0923200000007623,0.09364191718428,-0.0750363183286235
19.178,0.0923100000007626,0.0936227784845847,-0.0646008276070751
19.18,0.0923000000007629,0.0936040617286753,-0.0525764580319331
19.182,0.0922930000007632,0.0935855226529107,-0.0398946257141529
19.184,0.0922860000007634,0.0935674156452366,-0.0256540628410687
19.186,0.0922790000007637,0.0935497508311553,-0.00988002831700291
19.188,0.092272000000764,0.0935325494223194,0.007441711329968
19.19,0.0922650000007643,0.0935155813882494,0.0255269390633076
19.192,0.0922600000007645,0.0934991789375369,0.0454198658241705
19.194,0.0922550000007648,0.0934830900243809,0.0662651228683509
19.196,0.0922500000007651,0.0934674120305055,0.0883299863883037
19.198,0.0922450000007654,0.0934520918689183,0.111403612254107
19.2,0.0922400000007656,0.0934371724493866,0.135518117419943
19.202,0.0922360000007659,0.0934225543546213,0.160309228967962
19.204,0.0922320000007661,0.0934081704036828,0.185527452865565
19.206,0.0922280000007664,0.0933939770044018,0.21098194482888
19.208,0.0922240000007667,0.093379927752083,0.236463875250365
19.21,0.0922200000007669,0.0933659748466855,0.261613362793239
19.212,0.0922160000007672,0.0933520152571759,0.286169647199746
19.214,0.0922120000007675,0.0933380243936395,0.310106114184612
19.216,0.0922080000007678,0.0933238632685725,0.33240348159637
19.218,0.0922040000007681,0.0933096529443151,0.354342964942701
19.22,0.0922000000007684,0.0932950844428133,0.373677000367633
19.222,0.0921960000007686,0.0932804680888121,0.392696646218059
19.224,0.0921920000007689,0.0932654376672587,0.408995879895037
19.226,0.0921880000007691,0.0932501066384339,0.423376791865466
19.228,0.0921840000007694,0.0932345186521538,0.436104642596405
19.23,0.0921800000007696,0.093218615725634,0.446788848372032
19.232,0.0921760000007699,0.093202355944881,0.455035651897338
19.234,0.0921720000007702,0.0931858823377402,0.461708942643675
19.236,0.0921680000007705,0.0931692068453279,0.466842623873767
19.238,0.0921640000007708,0.0931522801509563,0.469719002465898
19.24,0.0921600000007711,0.0931352510605961,0.471291422847721
19.242,0.0921560000007714,0.0931181532328916,0.47174531124898
19.244,0.0921520000007716,0.0931010189071576,0.470909139377942
19.246,0.0921480000007719,0.0930839541995691,0.468937569465372
19.248,0.0921440000007721,0.0930669273604136,0.466607739264356
19.25,0.0921400000007724,0.0930501069857667,0.463317192078503
19.252,0.0921360000007727,0.0930334175628648,0.459780809713251
19.254,0.0921320000007729,0.0930169438020649,0.455839565759111
19.256,0.0921280000007732,0.093000713996641,0.451670505972541
19.258,0.0921240000007735,0.0929847259115538,0.447319250325449
19.26,0.0921200000007738,0.092968972372167,0.442837672627242
19.262,0.0921160000007741,0.0929535661037269,0.438172575491132
19.264,0.0921120000007744,0.0929383778868987,0.433346799137037
19.266,0.0921080000007747,0.0929233940874588,0.4283221207465
19.268,0.092104000000775,0.0929086009837527,0.423059740067513
19.27,0.0921000000007753,0.0928940374064983,0.417298894931247
19.272,0.0920960000007755,0.0928795913182574,0.411070253803838
19.274,0.0920920000007758,0.0928652379219676,0.40431705428734
19.276,0.092088000000776,0.0928509555310237,0.396971497303005
19.278,0.0920840000007763,0.0928367179093033,0.38842975624395
19.28,0.0920800000007765,0.0928224744499218,0.379443547250301
19.282,0.0920760000007768,0.0928082160299882,0.369318271478404
19.284,0.0920720000007771,0.0927939174809558,0.358286340948717
19.286,0.0920680000007774,0.0927795841129633,0.346467730013745
19.288,0.0920640000007777,0.0927651875766854,0.33350259749328
19.29,0.092060000000778,0.092750744086347,0.319637798462259
19.292,0.0920560000007782,0.0927362654975645,0.304978113835107
19.294,0.0920520000007785,0.092721764563878,0.289590599781445
19.296,0.0920480000007787,0.0927072739305782,0.273406296639065
19.298,0.0920440000007789,0.0926928290921882,0.256804296650597
19.3,0.0920400000007791,0.0926784583366345,0.239907711619637
19.302,0.0920360000007795,0.0926641997504608,0.222852192175244
19.304,0.0920320000007798,0.0926501211248093,0.205807010042663
19.306,0.0920280000007801,0.0926362818227694,0.189087891623851
19.308,0.0920240000007804,0.0926226484425515,0.172649329033159
19.31,0.0920200000007807,0.0926091701187693,0.156529051050891
19.312,0.092016000000781,0.0925962003900409,0.141452766998107
19.314,0.0920120000007812,0.0925832306613125,0.126376482945351
19.316,0.0920080000007814,0.0925708577927355,0.112748537876821
19.318,0.0920040000007816,0.0925587423257994,0.0997923750952304
19.32,0.0920000000007819,0.0925469609075457,0.0877210311126549
19.322,0.0919960000007822,0.0925356333815332,0.0769010401513388
19.324,0.0919920000007824,0.0925245394750346,0.0667358245991715
19.326,0.0919880000007827,0.092513789657014,0.0575434791707255
19.328,0.091984000000783,0.0925033699359812,0.0492981694600568
19.33,0.0919800000007833,0.0924931296936723,0.0415690896361468
19.332,0.0919760000007836,0.0924831602319901,0.0346214172766552
19.334,0.0919720000007838,0.0924733666137076,0.0281798239947312
19.336,0.0919680000007841,0.0924636784236293,0.0220407898748431
19.338,0.0919640000007843,0.0924541340491311,0.0163104180720972
19.34,0.0919600000007846,0.0924446428539851,0.0107270849696967
19.342,0.0919560000007849,0.0924351882065834,0.00524464568721474
19.344,0.0919520000007852,0.0924257601046875,-0.00016805577514731
19.346,0.0919480000007855,0.0924163271827071,-0.00559155561085142
19.348,0.0919440000007857,0.0924068891005874,-0.0110266156404621
19.35,0.091940000000786,0.0923974309830995,-0.0164904734957107
19.352,0.0919360000007863,0.0923879672991824,-0.0219476370104414
19.354,0.0919320000007866,0.0923784985437277,-0.0273726807823686
19.356,0.0919280000007869,0.0923690401885186,-0.0326996930948609
19.358,0.0919240000007872,0.0923596196605457,-0.0378161901675378
19.36,0.0919200000007875,0.0923502555867352,-0.0426614626585734
19.362,0.0919160000007878,0.0923409816066372,-0.0471037760926453
19.364,0.091912000000788,0.0923317813456276,-0.0512235467382147
19.366,0.0919080000007882,0.0923227693973273,-0.0545551584864008
19.368,0.0919040000007885,0.0923138776335239,-0.0573961283649808
19.37,0.0919000000007887,0.0923052748238222,-0.0590681795219837
19.372,0.091896000000789,0.0922966720141205,-0.0607402306789836
19.374,0.0918920000007893,0.0922883768470911,-0.061185966244939
19.376,0.0918880000007896,0.0922802304087308,-0.0610388442451145
19.378,0.0918840000007899,0.0922724089294558,-0.0596068303062662
19.38,0.0918800000007902,0.0922646699108309,-0.0578487660137452
19.382,0.0918760000007904,0.0922572475124162,-0.0548372036906766
19.384,0.0918720000007907,0.0922499733343635,-0.0512349983954723
19.386,0.0918680000007909,0.0922428408512414,-0.0470673047697469
19.388,0.0918640000007911,0.0922359216280199,-0.0420360330464919
19.39,0.0918600000007914,0.0922290877443196,-0.0366499976205531
19.392,0.0918560000007916,0.0922223339237587,-0.030929271815695
19.394,0.0918520000007919,0.0922156697787291,-0.0248152318868563
19.396,0.0918480000007922,0.0922090303144503,-0.0185726120544071
19.398,0.0918440000007925,0.0922024030749428,-0.0122539053139966
19.4,0.0918400000007928,0.0921957622414881,-0.00594288273116338
19.402,0.0918360000007931,0.0921890818870461,0.000244201538694369
19.404,0.0918320000007933,0.0921823725310468,0.00633980386550326
19.406,0.0918280000007936,0.0921755580149579,0.0120645865839133
19.408,0.0918240000007938,0.0921686867075667,0.0175771176128728
19.41,0.0918200000007941,0.092161742277947,0.0228163617844761
19.412,0.0918160000007944,0.0921546811783165,0.0275960754755578
19.414,0.0918120000007946,0.0921475662875831,0.0321540419104686
19.416,0.0918080000007949,0.0921403638603886,0.0363425405595685
19.418,0.0918040000007952,0.0921330955838775,0.0402171658335679
19.42,0.0918000000007955,0.0921257937724181,0.0439206774527745
19.422,0.0917960000007958,0.0921184491114095,0.0473474209863652
19.424,0.0917920000007961,0.0921111052792958,0.0506791842385602
19.426,0.0917880000007963,0.0921037621016141,0.0539359583309946
19.428,0.0917840000007966,0.092096505452171,0.0572218735836867
19.43,0.0917800000007969,0.0920892502865946,0.060508288576091
19.432,0.0917760000007972,0.0920820731279253,0.063904088912336
19.434,0.0917720000007974,0.092075009101227,0.0674585287844332
19.436,0.0917680000007977,0.0920679450745288,0.0710129686565241
19.438,0.0917640000007979,0.0920610552840359,0.0748538343216657
19.44,0.0917600000007982,0.0920542047664087,0.0787586231441176
19.442,0.0917560000007984,0.0920475276005561,0.0829230769349118
19.444,0.0917520000007987,0.0920408809410147,0.0871217579823791
19.446,0.091748000000799,0.0920343449866961,0.0914446472981959
19.448,0.0917440000007993,0.0920278895133853,0.0957940721933455
19.45,0.0917400000007996,0.0920214807024746,0.10011243277148
19.452,0.0917360000007999,0.0920151119698701,0.104373708426401
19.454,0.0917320000008001,0.092008776896628,0.10843212791787
19.456,0.0917280000008004,0.0920024383206001,0.112206961659276
19.458,0.0917240000008006,0.0919960978923457,0.115831839020291
19.46,0.0917200000008009,0.0919897157144053,0.118942388571367
19.462,0.0917150000008011,0.0919833189771433,0.121873577155349
19.464,0.0917100000008014,0.0919768480066635,0.12416848454131
19.466,0.0917050000008017,0.0919703260862722,0.126069556646831
19.468,0.091700000000802,0.0919637348181502,0.127459715237809
19.47,0.0916950000008022,0.0919570403675725,0.128140348737982
19.472,0.0916880000008025,0.0919502794130783,0.12837872799708
19.474,0.0916810000008028,0.0919434327760698,0.128054641129405
19.476,0.091674000000803,0.0919364593511823,0.126932521631951
19.478,0.0916670000008033,0.0919294061378767,0.125326811281896
19.48,0.0916600000008036,0.091922254006723,0.123128681659395
19.482,0.0916500000008038,0.091914941050061,0.120025778461918
19.484,0.0916400000008041,0.0919075244340307,0.116372968574099
19.486,0.0916300000008043,0.0918999828455429,0.112066469737738
19.488,0.0916200000008046,0.0918921673141351,0.106450809637994
19.49,0.0916100000008049,0.0918843256768435,0.100710390658589
19.492,0.0915960000008051,0.0918761385619911,0.0934389145227736
19.494,0.0915820000008054,0.0918678249169589,0.0856359123653287
19.496,0.0915680000008057,0.091859175346949,0.0764527564607318
19.498,0.091554000000806,0.0918502808515984,0.0663187405238348
19.5,0.0915400000008063,0.0918411591626643,0.0553027035698169
19.502,0.0915230000008065,0.0918315857625505,0.0426100386628455
19.504,0.0915060000008068,0.0918216643685568,0.02867481864137
19.506,0.091489000000807,0.0918113789063728,0.0134714207438539
19.508,0.0914720000008073,0.0918006880115489,-0.00310432829501258
19.51,0.0914550000008076,0.0917896506840238,-0.0208309778998906
19.512,0.0914360000008078,0.0917781005530636,-0.0401890936979324
19.514,0.0914170000008081,0.0917662859129888,-0.0603628092575294
19.516,0.0913980000008084,0.0917539944636782,-0.0819644932584881
19.518,0.0913790000008086,0.0917413783291124,-0.104469684054491
19.52,0.0913600000008089,0.0917284140144744,-0.127891816551294
19.522,0.0913400000008092,0.0917151605056719,-0.151997833999034
19.524,0.0913200000008094,0.0917016556278269,-0.176614575430879
19.526,0.0913000000008097,0.0916879201765362,-0.201553378524338
19.528,0.09128000000081,0.0916740372438626,-0.226497288755997
19.53,0.0912600000008102,0.0916600735424107,-0.251152898614819
19.532,0.0912400000008105,0.0916460885124829,-0.275424538259095
19.534,0.0912200000008108,0.0916321270479246,-0.298832959288362
19.536,0.091200000000811,0.0916182469663348,-0.321420282575301
19.538,0.0911800000008113,0.0916044724112678,-0.342942916393192
19.54,0.0911600000008116,0.0915909136433297,-0.36282769432761
19.542,0.0911400000008118,0.0915774718478947,-0.381824633847242
19.544,0.0911200000008121,0.0915644102036885,-0.39821676201788
19.546,0.0911000000008124,0.0915514470588456,-0.413941174481779
19.548,0.0910800000008128,0.0915389478839782,-0.426575827208938
19.55,0.091060000000813,0.0915265942499162,-0.438219268481744
19.552,0.0910400000008133,0.0915146010072616,-0.447408249715434
19.554,0.0910200000008135,0.0915028078340875,-0.455151735529892
19.556,0.0910000000008137,0.0914912786876405,-0.460929711827169
19.558,0.090980000000814,0.0914799607423672,-0.46499221919682
19.56,0.0909600000008143,0.0914688451310484,-0.467087612579143
19.562,0.0909400000008145,0.0914578276408991,-0.467870135933113
19.564,0.0909200000008148,0.0914468683571704,-0.467471668313756
19.566,0.0909000000008152,0.0914359239559498,-0.46600751568081
19.568,0.0908800000008154,0.0914249289860327,-0.463448969369126
19.57,0.0908600000008158,0.0914138300365332,-0.460275799009116
19.572,0.090840000000816,0.0914026530531833,-0.456641370008249
19.574,0.0908200000008162,0.0913911969195289,-0.452323047709673
19.576,0.0908000000008165,0.0913795994535173,-0.447822331404599
19.578,0.0907800000008168,0.0913677728940097,-0.443044077699029
19.58,0.090760000000817,0.0913556815151993,-0.438067822006979
19.582,0.0907400000008173,0.0913433381535474,-0.432924299074545
19.584,0.0907200000008176,0.0913307584372227,-0.427620327377304
19.586,0.0907000000008179,0.0913179525239473,-0.422132587763754
19.588,0.0906800000008182,0.0913049275896804,-0.416407254303001
19.59,0.0906600000008185,0.0912916847130317,-0.410310988670821
19.592,0.0906400000008187,0.0912782937329044,-0.403813425614045
19.594,0.0906200000008189,0.0912647741581916,-0.396753121577922
19.596,0.0906000000008192,0.0912511886748847,-0.389350830475186
19.598,0.0905800000008195,0.0912375081272801,-0.380755692774726
19.6,0.0905600000008197,0.0912238200742671,-0.372066378805251
19.602,0.09054000000082,0.0912101208990747,-0.361917051772817
19.604,0.0905200000008202,0.0911964199303481,-0.351532286757638
19.606,0.0905000000008204,0.0911827671628873,-0.339685078127727
19.608,0.0904800000008207,0.0911691267907871,-0.327461789834157
19.61,0.090460000000821,0.0911555380904553,-0.314080112554643
19.612,0.0904400000008213,0.0911419743920555,-0.300082019230121
19.614,0.0904200000008215,0.0911284425984193,-0.285064578282844
19.616,0.0904000000008218,0.0911149079654374,-0.269538264963428
19.618,0.0903800000008221,0.0911013527188568,-0.253444321440882
19.62,0.0903600000008224,0.0910877504105101,-0.236952466648461
19.622,0.0903400000008227,0.091074064256373,-0.220177089828527
19.624,0.0903200000008229,0.0910602383373848,-0.203299457069787
19.626,0.0903000000008231,0.091046234449727,-0.186531491509295
19.628,0.0902800000008234,0.0910321063298262,-0.169895468939864
19.63,0.0902600000008237,0.0910177090732637,-0.153655396482907
19.632,0.090240000000824,0.0910030621126854,-0.137914157557222
19.634,0.0902200000008243,0.0909882313601797,-0.12255384725074
19.636,0.0902000000008246,0.0909729985389411,-0.10813269554918
19.638,0.0901800000008249,0.0909575355681694,-0.0942977730363106
19.64,0.0901600000008252,0.0909417491424864,-0.0813076849432709
19.642,0.0901400000008255,0.0909256584797614,-0.0691464232755
19.644,0.0901200000008257,0.0909092516318927,-0.0578729071453451
19.646,0.090100000000826,0.090892492961796,-0.0476166037707873
19.648,0.0900800000008262,0.0908754579525362,-0.038177498797127
19.65,0.0900600000008265,0.0908581481719251,-0.0295646119772768
19.652,0.0900400000008268,0.0908406592403134,-0.021495890032731
19.654,0.090020000000827,0.090822885669949,-0.0143057443647297
19.656,0.0900000000008273,0.0908049191332997,-0.00773114047777264
19.658,0.0899800000008276,0.0907868453763552,-0.00149855784827732
19.66,0.0899600000008279,0.0907687084012279,0.00452005901687178
19.662,0.0899400000008282,0.0907504044112182,0.00997340390819231
19.664,0.0899200000008284,0.0907321004212085,0.0154267487995225
19.666,0.0899000000008287,0.0907137173228429,0.0205616073148606
19.668,0.0898800000008289,0.0906953216246698,0.0256195904013476
19.67,0.0898600000008292,0.090676917470932,0.0305935687646937
19.672,0.0898400000008294,0.0906585176849298,0.0354939747066846
19.674,0.0898200000008297,0.0906401197740743,0.0403453993295977
19.676,0.0898000000008299,0.0906217241906428,0.0450952169036665
19.678,0.0897800000008301,0.0906033168407536,0.0496971718719413
19.68,0.0897600000008304,0.0905848983822512,0.0541873398753101
19.682,0.0897400000008307,0.0905664316427729,0.0583438640250414
19.684,0.089720000000831,0.0905479129346159,0.0622145611244098
19.686,0.0897000000008313,0.090529348074189,0.0658314213447544
19.688,0.0896800000008316,0.0905106403470317,0.0687479050623578
19.69,0.0896600000008319,0.090491850031924,0.0712835646173566
19.692,0.0896400000008321,0.0904729451378488,0.0732929883296205
19.694,0.0896200000008324,0.0904538334000312,0.0743899787125349
19.696,0.0896000000008326,0.0904345956009152,0.0749419147602895
19.698,0.0895800000008328,0.0904152016818556,0.074821825526324
19.7,0.0895600000008331,0.0903955612411096,0.0736550220394673
19.702,0.0895400000008334,0.0903757845041623,0.0719115850074553
19.704,0.0895200000008337,0.0903558414800447,0.0694653055693286
19.706,0.089500000000834,0.0903356719804174,0.0660572678332347
19.708,0.0894800000008344,0.0903153897128113,0.0621645594335315
19.71,0.0894600000008346,0.0902949732527899,0.0576928239465446
19.712,0.0894400000008349,0.0902744052715018,0.0525455605380433
19.714,0.0894200000008351,0.0902537727519738,0.0470972401137193
19.716,0.0894000000008353,0.0902330677336455,0.0413040903332509
19.718,0.0893800000008356,0.0902123075118869,0.0351876593409831
19.72,0.0893600000008358,0.0901915396651931,0.0290265753568097
19.722,0.0893400000008361,0.0901707778241757,0.0227839331075785
19.724,0.0893200000008364,0.0901500178383288,0.0165160972801081
19.726,0.0893000000008367,0.0901293129749254,0.0103859792718708
19.728,0.089280000000837,0.0901086378765933,0.00433022626732897
19.73,0.0892600000008373,0.0900880248628094,-0.00152691279411842
19.732,0.0892400000008376,0.0900674658714154,-0.00721122946778471
19.734,0.0892200000008378,0.0900470244626061,-0.0124803464242835
19.736,0.0892000000008381,0.0900266385809917,-0.0175415758343507
19.738,0.0891800000008384,0.0900063249362088,-0.0223316258359207
19.74,0.0891600000008387,0.0899861137089806,-0.0267115544015854
19.742,0.0891400000008389,0.0899659488306944,-0.030894263301361
19.744,0.0891200000008392,0.0899458517461282,-0.0347798370413096
19.746,0.0891000000008395,0.0899258060151989,-0.0383995052945967
19.748,0.0890800000008397,0.0899057821021767,-0.0418802896763207
19.75,0.08906000000084,0.0898857791123893,-0.0451491862901129
19.752,0.0890400000008403,0.0898657751753127,-0.0484123268227697
19.754,0.0890200000008405,0.089845751253101,-0.0515540302630264
19.756,0.0890000000008408,0.089825695389798,-0.0547038067814066
19.758,0.0889800000008411,0.0898056094263845,-0.0578632389009204
19.76,0.0889600000008413,0.0897854411745032,-0.06110422104378
19.762,0.0889400000008416,0.0897652199594956,-0.0644079874268033
19.764,0.0889200000008419,0.089744948964877,-0.0677706287739648
19.766,0.0889000000008421,0.0897245745272836,-0.0712492462563731
19.768,0.0888800000008423,0.0897041483452827,-0.0747712787270751
19.77,0.0888600000008426,0.0896836725238489,-0.078334593596839
19.772,0.0888400000008429,0.0896631094313287,-0.0819214194581011
19.774,0.0888200000008432,0.0896425118057965,-0.0854793301428324
19.776,0.0888000000008435,0.0896218797844021,-0.0890084404892061
19.778,0.0887800000008438,0.0896012024289603,-0.0923789876509784
19.78,0.088760000000844,0.089580517462323,-0.0956287681066902
19.782,0.0887410000008443,0.0895598227816659,-0.0987204565245177
19.784,0.0887220000008446,0.089539142820373,-0.101457931474813
19.786,0.0887030000008448,0.08951848191149,-0.103974031820856
19.788,0.0886840000008451,0.0894978593741397,-0.106107850053822
19.79,0.0886650000008453,0.0894773088186811,-0.107722193945716
19.792,0.0886480000008456,0.089456808579039,-0.109002865612987
19.794,0.0886310000008459,0.0894364247042075,-0.10957970957809
19.796,0.0886140000008462,0.0894161559206677,-0.109535062328151
19.798,0.0885970000008464,0.0893959712490197,-0.109041229673838
19.8,0.0885800000008467,0.089376007644095,-0.107446301365482
19.802,0.088566000000847,0.0893561800600361,-0.1052152027816
19.804,0.0885520000008472,0.0893364951644673,-0.102316749409967
19.806,0.0885380000008475,0.0893171552138587,-0.0978989428107648
19.808,0.0885240000008478,0.0892978433490388,-0.0933574288415004
19.81,0.088510000000848,0.0892789842087778,-0.0869232550520478
19.812,0.0885000000008483,0.0892601953142113,-0.0802070802179244
19.814,0.0884900000008486,0.0892418855188909,-0.0715928773801932
19.816,0.0884800000008489,0.0892236931786869,-0.0625320725128321
19.818,0.0884700000008491,0.0892058804492585,-0.0520278657059363
19.82,0.0884600000008494,0.0891885031466023,-0.0399320549207329
19.822,0.0884530000008497,0.0891714791587405,-0.0265838977673454
19.824,0.0884460000008499,0.0891548200204295,-0.0119696680671324
19.826,0.0884390000008502,0.0891385347207405,0.00391436048346094
19.828,0.0884320000008505,0.0891226296850835,0.0210618517430211
19.83,0.0884250000008508,0.0891072300400623,0.0398278670475313
19.832,0.0884200000008511,0.0890922006015602,0.0597282836041683
19.834,0.0884150000008513,0.0890775273307554,0.0806802288359223
19.836,0.0884100000008516,0.0890631926769612,0.10258794668801
19.838,0.0884050000008518,0.0890491755918231,0.125342853071603
19.84,0.0884000000008521,0.0890355234703978,0.148958823523748
19.842,0.0883960000008523,0.0890221041747208,0.173013292881522
19.844,0.0883920000008526,0.089008877146878,0.197332208234863
19.846,0.0883880000008529,0.0889958045735405,0.22174654716453
19.848,0.0883840000008532,0.0889828474033219,0.246082974827693
19.85,0.0883800000008535,0.0889699652487524,0.269987536413661
19.852,0.0883760000008538,0.0889570827925564,0.293286375489411
19.854,0.088372000000854,0.08894416219052,0.315827735823747
19.856,0.0883680000008543,0.0889311636849047,0.337408396133324
19.858,0.0883640000008546,0.0889180526073206,0.357858634301541
19.86,0.0883600000008549,0.0889047595076467,0.376750561362341
19.862,0.0883560000008551,0.0888913384091059,0.394590009266428
19.864,0.0883520000008554,0.0888776981185016,0.410685893805846
19.866,0.0883480000008557,0.0888638265128313,0.42497087815685
19.868,0.0883440000008559,0.0888498013335151,0.438039779569693
19.87,0.0883400000008562,0.0888355247960704,0.449089442048991
19.872,0.0883360000008565,0.0888210659029548,0.458593045601386
19.874,0.0883320000008568,0.0888064142922207,0.466370015780466
19.876,0.088328000000857,0.088791603477636,0.472574441451023
19.878,0.0883240000008573,0.0887766589341644,0.477277561018069
19.88,0.0883200000008576,0.0887616091263254,0.480533364137033
19.882,0.0883160000008578,0.0887464860363906,0.482413859998948
19.884,0.0883120000008581,0.0887313370578048,0.48301444056794
19.886,0.0883080000008583,0.0887162056010983,0.482640598446724
19.888,0.0883040000008585,0.0887011228773953,0.481153948796773
19.89,0.0883000000008588,0.0886860890294701,0.479307792821997
19.892,0.0882960000008591,0.0886712223908157,0.476231727202267
19.894,0.0882920000008594,0.0886563925780555,0.473029520702887
19.896,0.0882880000008597,0.0886418633473579,0.468797721127091
19.898,0.08828400000086,0.0886273341166602,0.464565921551304
19.9,0.0882800000008602,0.0886131589916077,0.459548263235945
19.902,0.0882760000008605,0.088599106523796,0.454299414368954
19.904,0.0882720000008607,0.0885852577155039,0.448668300478497
19.906,0.088268000000861,0.0885716147896466,0.44261729424345
19.908,0.0882640000008612,0.0885581435416921,0.43616097891579
19.91,0.0882600000008615,0.0885448225391799,0.429284398922985
19.912,0.0882560000008618,0.0885316477455963,0.421902087647806
19.914,0.0882520000008621,0.0885186116448005,0.413845419858106
19.916,0.0882480000008624,0.0885056612840994,0.405206802516324
19.918,0.0882440000008627,0.0884927874100426,0.395874948609468
19.92,0.0882400000008629,0.0884799728511707,0.385880693253538
19.922,0.0882360000008632,0.0884672011235445,0.375153903445495
19.924,0.0882320000008635,0.0884544644161181,0.36382816998058
19.926,0.0882280000008638,0.0884417613854531,0.351695143353089
19.928,0.0882240000008641,0.0884290876089346,0.338857048983414
19.93,0.0882200000008644,0.0884164413831051,0.325397322267019
19.932,0.0882160000008646,0.0884038340055349,0.311255503483922
19.934,0.0882120000008649,0.0883912820655268,0.296516165328956
19.936,0.0882080000008651,0.088378791580474,0.281366391522263
19.938,0.0882040000008654,0.088366376324337,0.265876656685711
19.94,0.0882000000008656,0.088354051134029,0.250121260238859
19.942,0.0881960000008659,0.0883418856093266,0.234182367300445
19.944,0.0881920000008662,0.088329871461168,0.218250326728465
19.946,0.0881880000008665,0.0883180481428662,0.202449918979711
19.948,0.0881840000008668,0.0883063877356543,0.186802513443833
19.95,0.0881800000008671,0.0882950018021057,0.17156644453673
19.952,0.0881760000008673,0.0882837451985606,0.156524194471724
19.954,0.0881720000008675,0.0882728925332018,0.142256980574715
19.956,0.0881680000008678,0.0882621415897777,0.128200741368197
19.958,0.088164000000868,0.0882517999024964,0.115041967622131
19.96,0.0881600000008682,0.0882416177214949,0.102263685510564
19.962,0.0881560000008685,0.0882317380134721,0.0902069325962984
19.964,0.0881520000008688,0.0882220777697914,0.0787029568155767
19.966,0.0881480000008691,0.0882126594997432,0.0678170043706261
19.968,0.0881440000008695,0.0882034761186229,0.0575496557242558
19.97,0.0881400000008698,0.0881945553034335,0.047997541438278
19.972,0.08813600000087,0.0881858136856949,0.0389474472155466
19.974,0.0881320000008702,0.088177242455021,0.0303825629349788
19.976,0.0881280000008705,0.0881688464212848,0.0223269549225032
19.978,0.0881240000008707,0.0881606708432587,0.0149376576322208
19.98,0.0881200000008709,0.0881525685668842,0.00777905593060453
19.982,0.0881160000008712,0.0881446562321807,0.00122450996762348
19.984,0.0881120000008715,0.0881367678544911,-0.00524896600559489
19.986,0.0881080000008718,0.0881290561099568,-0.011124719404346
19.988,0.0881040000008721,0.0881214129669721,-0.0167470935273699
19.99,0.0881000000008724,0.0881138427206725,-0.022100224326677
19.992,0.0880960000008726,0.0881063664203798,-0.027080289056786
19.994,0.0880920000008729,0.0880989620910999,-0.0317605212826497
19.996,0.0880880000008731,0.0880916277122619,-0.0361402636206392
19.998,0.0880840000008734,0.088084364468984,-0.0402083012033557
20,0.0880800000008736,0.0880771842117057,-0.0439077541545541
